start_utc,tour,category,tournament,surface,best_of,player_a,player_b,market,selection,line,model_probability,fair_odds,bookmaker_odds,implied_fair,edge_pp,ev,low_confidence,data_quality,match_id
2026-09-28 19:35,atp,ATP Challenger,"Columbus, USA",Hard,3,Daniel Milavsky,Blaise Bicknell,winner,player_a,,0.6074,1.65,,,,,0,94,1899561
2026-09-28 19:35,atp,ATP Challenger,"Columbus, USA",Hard,3,Daniel Milavsky,Blaise Bicknell,winner,player_b,,0.3926,2.55,,,,,0,94,1899561
2026-09-28 19:35,atp,ATP Challenger,"Columbus, USA",Hard,3,Daniel Milavsky,Blaise Bicknell,total_games,over,23.5,0.4398,2.27,,,,,0,94,1899561
2026-09-28 19:35,atp,ATP Challenger,"Columbus, USA",Hard,3,Daniel Milavsky,Blaise Bicknell,total_games,under,23.5,0.5602,1.78,,,,,0,94,1899561
2026-09-28 19:35,atp,ATP Challenger,"Columbus, USA",Hard,3,Daniel Milavsky,Blaise Bicknell,p1_games,over,13.5,0.3513,2.85,,,,,0,94,1899561
2026-09-28 19:35,atp,ATP Challenger,"Columbus, USA",Hard,3,Daniel Milavsky,Blaise Bicknell,p1_games,under,13.5,0.6487,1.54,,,,,0,94,1899561
2026-09-28 19:35,atp,ATP Challenger,"Columbus, USA",Hard,3,Daniel Milavsky,Blaise Bicknell,p2_games,over,12.5,0.4492,2.23,,,,,0,94,1899561
2026-09-28 19:35,atp,ATP Challenger,"Columbus, USA",Hard,3,Daniel Milavsky,Blaise Bicknell,p2_games,under,12.5,0.5508,1.82,,,,,0,94,1899561
2026-09-28 19:35,atp,ATP Challenger,"Columbus, USA",Hard,3,Daniel Milavsky,Blaise Bicknell,game_handicap,player_a,-1.5,0.5528,1.81,,,,,0,94,1899561
2026-09-28 19:35,atp,ATP Challenger,"Columbus, USA",Hard,3,Daniel Milavsky,Blaise Bicknell,game_handicap,player_b,1.5,0.4472,2.24,,,,,0,94,1899561
2026-09-28 20:35,atp,ATP Challenger,"Columbus, USA",Hard,3,Braden Shick,Ozan Baris,winner,player_a,,0.7077,1.41,1.81,0.516,19.2,0.2809,0,94,1899564
2026-09-28 20:35,atp,ATP Challenger,"Columbus, USA",Hard,3,Braden Shick,Ozan Baris,winner,player_b,,0.2923,3.42,1.93,0.484,-19.2,-0.4358,0,94,1899564
2026-09-28 20:35,atp,ATP Challenger,"Columbus, USA",Hard,3,Braden Shick,Ozan Baris,total_games,over,22.5,0.4284,2.33,1.97,0.4704,-4.2,-0.1561,1,94,1899564
2026-09-28 20:35,atp,ATP Challenger,"Columbus, USA",Hard,3,Braden Shick,Ozan Baris,total_games,under,22.5,0.5716,1.75,1.75,0.5296,4.2,0.0003,1,94,1899564
2026-09-28 20:35,atp,ATP Challenger,"Columbus, USA",Hard,3,Braden Shick,Ozan Baris,p1_games,over,12.5,0.488,2.05,2.0,0.4624,2.6,-0.0239,1,94,1899564
2026-09-28 20:35,atp,ATP Challenger,"Columbus, USA",Hard,3,Braden Shick,Ozan Baris,p1_games,under,12.5,0.512,1.95,1.72,0.5376,-2.6,-0.1194,1,94,1899564
2026-09-28 20:35,atp,ATP Challenger,"Columbus, USA",Hard,3,Braden Shick,Ozan Baris,p2_games,over,12.5,0.3453,2.9,2.06,0.4492,-10.4,-0.2887,1,94,1899564
2026-09-28 20:35,atp,ATP Challenger,"Columbus, USA",Hard,3,Braden Shick,Ozan Baris,p2_games,under,12.5,0.6547,1.53,1.68,0.5508,10.4,0.0999,1,94,1899564
2026-09-28 20:35,atp,ATP Challenger,"Columbus, USA",Hard,3,Braden Shick,Ozan Baris,game_handicap,player_a,-3.5,0.5396,1.85,,,,,1,94,1899564
2026-09-28 20:35,atp,ATP Challenger,"Columbus, USA",Hard,3,Braden Shick,Ozan Baris,game_handicap,player_b,3.5,0.4604,2.17,,,,,1,94,1899564
2026-09-28 21:10,atp,ATP Challenger,"Columbus, USA",Hard,3,Mees Rottgering,Edward Winter,winner,player_a,,0.5975,1.67,1.29,0.722,-12.4,-0.2292,0,100,1899567
2026-09-28 21:10,atp,ATP Challenger,"Columbus, USA",Hard,3,Mees Rottgering,Edward Winter,winner,player_b,,0.4025,2.48,3.35,0.278,12.4,0.3482,0,100,1899567
2026-09-28 21:10,atp,ATP Challenger,"Columbus, USA",Hard,3,Mees Rottgering,Edward Winter,total_games,over,20.5,0.5945,1.68,1.82,0.5081,8.6,0.082,0,100,1899567
2026-09-28 21:10,atp,ATP Challenger,"Columbus, USA",Hard,3,Mees Rottgering,Edward Winter,total_games,under,20.5,0.4055,2.47,1.88,0.4919,-8.6,-0.2377,0,100,1899567
2026-09-28 21:10,atp,ATP Challenger,"Columbus, USA",Hard,3,Mees Rottgering,Edward Winter,p1_games,over,12.5,0.4884,2.05,1.96,0.4717,1.7,-0.0427,0,100,1899567
2026-09-28 21:10,atp,ATP Challenger,"Columbus, USA",Hard,3,Mees Rottgering,Edward Winter,p1_games,under,12.5,0.5116,1.95,1.75,0.5283,-1.7,-0.1047,0,100,1899567
2026-09-28 21:10,atp,ATP Challenger,"Columbus, USA",Hard,3,Mees Rottgering,Edward Winter,p2_games,over,9.5,0.6552,1.53,1.86,0.4973,15.8,0.2187,0,100,1899567
2026-09-28 21:10,atp,ATP Challenger,"Columbus, USA",Hard,3,Mees Rottgering,Edward Winter,p2_games,under,9.5,0.3448,2.9,1.84,0.5027,-15.8,-0.3656,0,100,1899567
2026-09-28 21:10,atp,ATP Challenger,"Columbus, USA",Hard,3,Mees Rottgering,Edward Winter,game_handicap,player_a,-1.5,0.5478,1.83,,,,,0,100,1899567
2026-09-28 21:10,atp,ATP Challenger,"Columbus, USA",Hard,3,Mees Rottgering,Edward Winter,game_handicap,player_b,1.5,0.4522,2.21,,,,,0,100,1899567
2026-09-28 21:00,atp,ATP Challenger,"Curitiba, Brazil",Clay,3,Guido Justo,Franco Roncadelli,winner,player_a,,0.4964,2.01,,,,,0,88,1899553
2026-09-28 21:00,atp,ATP Challenger,"Curitiba, Brazil",Clay,3,Guido Justo,Franco Roncadelli,winner,player_b,,0.5036,1.99,,,,,0,88,1899553
2026-09-28 21:00,atp,ATP Challenger,"Curitiba, Brazil",Clay,3,Guido Justo,Franco Roncadelli,total_games,over,21.5,0.4972,2.01,,,,,0,88,1899553
2026-09-28 21:00,atp,ATP Challenger,"Curitiba, Brazil",Clay,3,Guido Justo,Franco Roncadelli,total_games,under,21.5,0.5028,1.99,,,,,0,88,1899553
2026-09-28 21:00,atp,ATP Challenger,"Curitiba, Brazil",Clay,3,Guido Justo,Franco Roncadelli,p1_games,over,12.5,0.4123,2.43,,,,,0,88,1899553
2026-09-28 21:00,atp,ATP Challenger,"Curitiba, Brazil",Clay,3,Guido Justo,Franco Roncadelli,p1_games,under,12.5,0.5877,1.7,,,,,0,88,1899553
2026-09-28 21:00,atp,ATP Challenger,"Curitiba, Brazil",Clay,3,Guido Justo,Franco Roncadelli,p2_games,over,12.5,0.4143,2.41,,,,,0,88,1899553
2026-09-28 21:00,atp,ATP Challenger,"Curitiba, Brazil",Clay,3,Guido Justo,Franco Roncadelli,p2_games,under,12.5,0.5857,1.71,,,,,0,88,1899553
2026-09-28 21:00,atp,ATP Challenger,"Curitiba, Brazil",Clay,3,Guido Justo,Franco Roncadelli,game_handicap,player_a,-0.5,0.4827,2.07,,,,,0,88,1899553
2026-09-28 21:00,atp,ATP Challenger,"Curitiba, Brazil",Clay,3,Guido Justo,Franco Roncadelli,game_handicap,player_b,0.5,0.5173,1.93,,,,,0,88,1899553
2026-09-28 21:10,atp,ATP Challenger,"Curitiba, Brazil",Clay,3,Gonzalo Villanueva,Juan Carlos Prado Angelo,winner,player_a,,0.3587,2.79,2.8,0.3333,2.5,0.0045,0,100,1899558
2026-09-28 21:10,atp,ATP Challenger,"Curitiba, Brazil",Clay,3,Gonzalo Villanueva,Juan Carlos Prado Angelo,winner,player_b,,0.6413,1.56,1.4,0.6667,-2.5,-0.1022,0,100,1899558
2026-09-28 21:10,atp,ATP Challenger,"Curitiba, Brazil",Clay,3,Gonzalo Villanueva,Juan Carlos Prado Angelo,total_games,over,21.5,0.4894,2.04,1.8,0.5135,-2.4,-0.1191,0,100,1899558
2026-09-28 21:10,atp,ATP Challenger,"Curitiba, Brazil",Clay,3,Gonzalo Villanueva,Juan Carlos Prado Angelo,total_games,under,21.5,0.5106,1.96,1.9,0.4865,2.4,-0.0299,0,100,1899558
2026-09-28 21:10,atp,ATP Challenger,"Curitiba, Brazil",Clay,3,Gonzalo Villanueva,Juan Carlos Prado Angelo,p1_games,over,11.5,0.5184,1.93,1.88,0.4933,2.5,-0.0254,0,100,1899558
2026-09-28 21:10,atp,ATP Challenger,"Curitiba, Brazil",Clay,3,Gonzalo Villanueva,Juan Carlos Prado Angelo,p1_games,under,11.5,0.4816,2.08,1.83,0.5067,-2.5,-0.1187,0,100,1899558
2026-09-28 21:10,atp,ATP Challenger,"Curitiba, Brazil",Clay,3,Gonzalo Villanueva,Juan Carlos Prado Angelo,p2_games,over,12.5,0.4566,2.19,1.88,0.4919,-3.5,-0.1417,0,100,1899558
2026-09-28 21:10,atp,ATP Challenger,"Curitiba, Brazil",Clay,3,Gonzalo Villanueva,Juan Carlos Prado Angelo,p2_games,under,12.5,0.5434,1.84,1.82,0.5081,3.5,-0.0109,0,100,1899558
2026-09-28 21:10,atp,ATP Challenger,"Curitiba, Brazil",Clay,3,Gonzalo Villanueva,Juan Carlos Prado Angelo,game_handicap,player_a,2.5,0.445,2.25,,,,,0,100,1899558
2026-09-28 21:10,atp,ATP Challenger,"Curitiba, Brazil",Clay,3,Gonzalo Villanueva,Juan Carlos Prado Angelo,game_handicap,player_b,-2.5,0.555,1.8,,,,,0,100,1899558
2026-09-28 21:30,atp,ATP Challenger,"Curitiba, Brazil",Clay,3,Felipe Meligeni Rodrigues Alves,Carlos Maria Zarate,winner,player_a,,0.7491,1.33,1.27,0.7365,1.3,-0.0486,0,94,1899550
2026-09-28 21:30,atp,ATP Challenger,"Curitiba, Brazil",Clay,3,Felipe Meligeni Rodrigues Alves,Carlos Maria Zarate,winner,player_b,,0.2509,3.99,3.55,0.2635,-1.3,-0.1094,0,94,1899550
2026-09-28 21:30,atp,ATP Challenger,"Curitiba, Brazil",Clay,3,Felipe Meligeni Rodrigues Alves,Carlos Maria Zarate,total_games,over,20.5,0.5194,1.93,1.8,0.5135,0.6,-0.0651,0,94,1899550
2026-09-28 21:30,atp,ATP Challenger,"Curitiba, Brazil",Clay,3,Felipe Meligeni Rodrigues Alves,Carlos Maria Zarate,total_games,under,20.5,0.4806,2.08,1.9,0.4865,-0.6,-0.0868,0,94,1899550
2026-09-28 21:30,atp,ATP Challenger,"Curitiba, Brazil",Clay,3,Felipe Meligeni Rodrigues Alves,Carlos Maria Zarate,p1_games,over,12.5,0.4772,2.1,1.93,0.4798,-0.3,-0.079,0,94,1899550
2026-09-28 21:30,atp,ATP Challenger,"Curitiba, Brazil",Clay,3,Felipe Meligeni Rodrigues Alves,Carlos Maria Zarate,p1_games,under,12.5,0.5228,1.91,1.78,0.5202,0.3,-0.0694,0,94,1899550
2026-09-28 21:30,atp,ATP Challenger,"Curitiba, Brazil",Clay,3,Felipe Meligeni Rodrigues Alves,Carlos Maria Zarate,p2_games,over,9.5,0.4986,2.01,1.88,0.4933,0.5,-0.0626,0,94,1899550
2026-09-28 21:30,atp,ATP Challenger,"Curitiba, Brazil",Clay,3,Felipe Meligeni Rodrigues Alves,Carlos Maria Zarate,p2_games,under,9.5,0.5014,1.99,1.83,0.5067,-0.5,-0.0825,0,94,1899550
2026-09-28 21:30,atp,ATP Challenger,"Curitiba, Brazil",Clay,3,Felipe Meligeni Rodrigues Alves,Carlos Maria Zarate,game_handicap,player_a,-3.5,0.589,1.7,,,,,0,94,1899550
2026-09-28 21:30,atp,ATP Challenger,"Curitiba, Brazil",Clay,3,Felipe Meligeni Rodrigues Alves,Carlos Maria Zarate,game_handicap,player_b,3.5,0.411,2.43,,,,,0,94,1899550
2026-09-28 23:00,atp,ATP Challenger,"Curitiba, Brazil",Clay,3,Gustavo Heide,Hernan Casanova,winner,player_a,,0.7675,1.3,1.14,0.8202,-5.3,-0.1251,0,100,1899549
2026-09-28 23:00,atp,ATP Challenger,"Curitiba, Brazil",Clay,3,Gustavo Heide,Hernan Casanova,winner,player_b,,0.2325,4.3,5.2,0.1798,5.3,0.2092,0,100,1899549
2026-09-28 23:00,atp,ATP Challenger,"Curitiba, Brazil",Clay,3,Gustavo Heide,Hernan Casanova,total_games,over,19.5,0.5549,1.8,1.91,0.4852,7.0,0.0599,0,100,1899549
2026-09-28 23:00,atp,ATP Challenger,"Curitiba, Brazil",Clay,3,Gustavo Heide,Hernan Casanova,total_games,under,19.5,0.4451,2.25,1.8,0.5148,-7.0,-0.1988,0,100,1899549
2026-09-28 23:00,atp,ATP Challenger,"Curitiba, Brazil",Clay,3,Gustavo Heide,Hernan Casanova,p1_games,over,12.5,0.4533,2.21,2.15,0.4312,2.2,-0.0255,0,100,1899549
2026-09-28 23:00,atp,ATP Challenger,"Curitiba, Brazil",Clay,3,Gustavo Heide,Hernan Casanova,p1_games,under,12.5,0.5467,1.83,1.63,0.5688,-2.2,-0.1088,0,100,1899549
2026-09-28 23:00,atp,ATP Challenger,"Curitiba, Brazil",Clay,3,Gustavo Heide,Hernan Casanova,p2_games,over,7.5,0.5827,1.72,1.91,0.4852,9.7,0.1129,0,100,1899549
2026-09-28 23:00,atp,ATP Challenger,"Curitiba, Brazil",Clay,3,Gustavo Heide,Hernan Casanova,p2_games,under,7.5,0.4173,2.4,1.8,0.5148,-9.7,-0.2488,0,100,1899549
2026-09-28 23:00,atp,ATP Challenger,"Curitiba, Brazil",Clay,3,Gustavo Heide,Hernan Casanova,game_handicap,player_a,-4.5,0.522,1.92,,,,,0,100,1899549
2026-09-28 23:00,atp,ATP Challenger,"Curitiba, Brazil",Clay,3,Gustavo Heide,Hernan Casanova,game_handicap,player_b,4.5,0.478,2.09,,,,,0,100,1899549
2026-09-28 19:30,atp,ATP Challenger,"Mouilleron-Le-Captif, France",Hard,3,Clement Tabur,Matteo Martineau,winner,player_a,,0.6684,1.5,,,,,0,94,1899540
2026-09-28 19:30,atp,ATP Challenger,"Mouilleron-Le-Captif, France",Hard,3,Clement Tabur,Matteo Martineau,winner,player_b,,0.3316,3.02,,,,,0,94,1899540
2026-09-28 19:30,atp,ATP Challenger,"Mouilleron-Le-Captif, France",Hard,3,Clement Tabur,Matteo Martineau,total_games,over,22.5,0.4819,2.08,,,,,0,94,1899540
2026-09-28 19:30,atp,ATP Challenger,"Mouilleron-Le-Captif, France",Hard,3,Clement Tabur,Matteo Martineau,total_games,under,22.5,0.5181,1.93,,,,,0,94,1899540
2026-09-28 19:30,atp,ATP Challenger,"Mouilleron-Le-Captif, France",Hard,3,Clement Tabur,Matteo Martineau,p1_games,over,13.5,0.3442,2.91,,,,,0,94,1899540
2026-09-28 19:30,atp,ATP Challenger,"Mouilleron-Le-Captif, France",Hard,3,Clement Tabur,Matteo Martineau,p1_games,under,13.5,0.6558,1.52,,,,,0,94,1899540
2026-09-28 19:30,atp,ATP Challenger,"Mouilleron-Le-Captif, France",Hard,3,Clement Tabur,Matteo Martineau,p2_games,over,12.5,0.4082,2.45,,,,,0,94,1899540
2026-09-28 19:30,atp,ATP Challenger,"Mouilleron-Le-Captif, France",Hard,3,Clement Tabur,Matteo Martineau,p2_games,under,12.5,0.5918,1.69,,,,,0,94,1899540
2026-09-28 19:30,atp,ATP Challenger,"Mouilleron-Le-Captif, France",Hard,3,Clement Tabur,Matteo Martineau,game_handicap,player_a,-2.5,0.5571,1.79,,,,,0,94,1899540
2026-09-28 19:30,atp,ATP Challenger,"Mouilleron-Le-Captif, France",Hard,3,Clement Tabur,Matteo Martineau,game_handicap,player_b,2.5,0.4429,2.26,,,,,0,94,1899540
2026-09-29 03:00,atp,ATP 500,"China Open, Qualification",Hard,3,Marco Trungelliti,Alex Molcan,winner,player_a,,0.3781,2.64,2.18,0.441,-6.3,-0.1757,0,100,1899984
2026-09-29 03:00,atp,ATP 500,"China Open, Qualification",Hard,3,Marco Trungelliti,Alex Molcan,winner,player_b,,0.6219,1.61,1.72,0.559,6.3,0.0696,0,100,1899984
2026-09-29 03:00,atp,ATP 500,"China Open, Qualification",Hard,3,Marco Trungelliti,Alex Molcan,total_games,over,19.5,0.6479,1.54,1.34,0.7112,-6.3,-0.1318,0,100,1899984
2026-09-29 03:00,atp,ATP 500,"China Open, Qualification",Hard,3,Marco Trungelliti,Alex Molcan,total_games,under,19.5,0.3521,2.84,3.3,0.2888,6.3,0.1618,0,100,1899984
2026-09-29 03:00,atp,ATP 500,"China Open, Qualification",Hard,3,Marco Trungelliti,Alex Molcan,total_games,over,20.5,0.574,1.74,1.5,0.6341,-6.0,-0.139,0,100,1899984
2026-09-29 03:00,atp,ATP 500,"China Open, Qualification",Hard,3,Marco Trungelliti,Alex Molcan,total_games,under,20.5,0.426,2.35,2.6,0.3659,6.0,0.1075,0,100,1899984
2026-09-29 03:00,atp,ATP 500,"China Open, Qualification",Hard,3,Marco Trungelliti,Alex Molcan,total_games,over,21.5,0.5216,1.92,1.63,0.5842,-6.3,-0.1498,0,100,1899984
2026-09-29 03:00,atp,ATP 500,"China Open, Qualification",Hard,3,Marco Trungelliti,Alex Molcan,total_games,under,21.5,0.4784,2.09,2.29,0.4158,6.3,0.0955,0,100,1899984
2026-09-29 03:00,atp,ATP 500,"China Open, Qualification",Hard,3,Marco Trungelliti,Alex Molcan,total_games,over,22.5,0.4544,2.2,1.88,0.5066,-5.2,-0.1458,0,100,1899984
2026-09-29 03:00,atp,ATP 500,"China Open, Qualification",Hard,3,Marco Trungelliti,Alex Molcan,total_games,under,22.5,0.5456,1.83,1.93,0.4934,5.2,0.053,0,100,1899984
2026-09-29 03:00,atp,ATP 500,"China Open, Qualification",Hard,3,Marco Trungelliti,Alex Molcan,total_games,over,23.5,0.4087,2.45,2.12,0.4494,-4.1,-0.1336,0,100,1899984
2026-09-29 03:00,atp,ATP 500,"China Open, Qualification",Hard,3,Marco Trungelliti,Alex Molcan,total_games,under,23.5,0.5913,1.69,1.73,0.5506,4.1,0.023,0,100,1899984
2026-09-29 03:00,atp,ATP 500,"China Open, Qualification",Hard,3,Marco Trungelliti,Alex Molcan,total_games,over,24.5,0.3922,2.55,2.18,0.4367,-4.5,-0.1451,0,100,1899984
2026-09-29 03:00,atp,ATP 500,"China Open, Qualification",Hard,3,Marco Trungelliti,Alex Molcan,total_games,under,24.5,0.6078,1.65,1.69,0.5633,4.5,0.0272,0,100,1899984
2026-09-29 03:00,atp,ATP 500,"China Open, Qualification",Hard,3,Marco Trungelliti,Alex Molcan,total_games,over,25.5,0.3567,2.8,2.38,0.4005,-4.4,-0.1511,0,100,1899984
2026-09-29 03:00,atp,ATP 500,"China Open, Qualification",Hard,3,Marco Trungelliti,Alex Molcan,total_games,under,25.5,0.6433,1.55,1.59,0.5995,4.4,0.0229,0,100,1899984
2026-09-29 03:00,atp,ATP 500,"China Open, Qualification",Hard,3,Marco Trungelliti,Alex Molcan,p1_games,over,11.5,0.5518,1.81,1.5,0.6231,-7.1,-0.1722,0,100,1899984
2026-09-29 03:00,atp,ATP 500,"China Open, Qualification",Hard,3,Marco Trungelliti,Alex Molcan,p1_games,under,11.5,0.4482,2.23,2.48,0.3769,7.1,0.1114,0,100,1899984
2026-09-29 03:00,atp,ATP 500,"China Open, Qualification",Hard,3,Marco Trungelliti,Alex Molcan,p1_games,over,12.5,0.3948,2.53,2.0,0.4667,-7.2,-0.2104,0,100,1899984
2026-09-29 03:00,atp,ATP 500,"China Open, Qualification",Hard,3,Marco Trungelliti,Alex Molcan,p1_games,under,12.5,0.6052,1.65,1.75,0.5333,7.2,0.0591,0,100,1899984
2026-09-29 03:00,atp,ATP 500,"China Open, Qualification",Hard,3,Marco Trungelliti,Alex Molcan,p1_games,over,13.5,0.2716,3.68,2.85,0.3278,-5.6,-0.2261,0,100,1899984
2026-09-29 03:00,atp,ATP 500,"China Open, Qualification",Hard,3,Marco Trungelliti,Alex Molcan,p1_games,under,13.5,0.7284,1.37,1.39,0.6722,5.6,0.0125,0,100,1899984
2026-09-29 03:00,atp,ATP 500,"China Open, Qualification",Hard,3,Marco Trungelliti,Alex Molcan,p2_games,over,11.5,0.7625,1.31,1.31,0.7127,5.0,-0.0011,0,100,1899984
2026-09-29 03:00,atp,ATP 500,"China Open, Qualification",Hard,3,Marco Trungelliti,Alex Molcan,p2_games,under,11.5,0.2375,4.21,3.25,0.2873,-5.0,-0.2282,0,100,1899984
2026-09-29 03:00,atp,ATP 500,"China Open, Qualification",Hard,3,Marco Trungelliti,Alex Molcan,p2_games,over,12.5,0.4795,2.09,1.82,0.5134,-3.4,-0.1272,0,100,1899984
2026-09-29 03:00,atp,ATP 500,"China Open, Qualification",Hard,3,Marco Trungelliti,Alex Molcan,p2_games,under,12.5,0.5205,1.92,1.92,0.4866,3.4,-0.0007,0,100,1899984
2026-09-29 03:00,atp,ATP 500,"China Open, Qualification",Hard,3,Marco Trungelliti,Alex Molcan,p2_games,over,13.5,0.3132,3.19,2.65,0.3521,-3.9,-0.17,0,100,1899984
2026-09-29 03:00,atp,ATP 500,"China Open, Qualification",Hard,3,Marco Trungelliti,Alex Molcan,p2_games,under,13.5,0.6868,1.46,1.44,0.6479,3.9,-0.011,0,100,1899984
2026-09-29 03:00,atp,ATP 500,"China Open, Qualification",Hard,3,Marco Trungelliti,Alex Molcan,game_handicap,player_a,2.5,0.4736,2.11,,,,,0,100,1899984
2026-09-29 03:00,atp,ATP 500,"China Open, Qualification",Hard,3,Marco Trungelliti,Alex Molcan,game_handicap,player_b,-2.5,0.5264,1.9,,,,,0,100,1899984
2026-09-29 03:00,atp,ATP 500,"China Open, Qualification",Hard,3,Tomas Machac,Arthur Gea,winner,player_a,,0.6245,1.6,2.24,0.4286,19.6,0.399,0,100,1899840
2026-09-29 03:00,atp,ATP 500,"China Open, Qualification",Hard,3,Tomas Machac,Arthur Gea,winner,player_b,,0.3755,2.66,1.68,0.5714,-19.6,-0.3692,0,100,1899840
2026-09-29 03:00,atp,ATP 500,"China Open, Qualification",Hard,3,Tomas Machac,Arthur Gea,total_games,over,19.5,0.6674,1.5,1.34,0.7112,-4.4,-0.1056,0,100,1899840
2026-09-29 03:00,atp,ATP 500,"China Open, Qualification",Hard,3,Tomas Machac,Arthur Gea,total_games,under,19.5,0.3326,3.01,3.3,0.2888,4.4,0.0974,0,100,1899840
2026-09-29 03:00,atp,ATP 500,"China Open, Qualification",Hard,3,Tomas Machac,Arthur Gea,total_games,over,20.5,0.591,1.69,1.5,0.6341,-4.3,-0.1136,0,100,1899840
2026-09-29 03:00,atp,ATP 500,"China Open, Qualification",Hard,3,Tomas Machac,Arthur Gea,total_games,under,20.5,0.409,2.44,2.6,0.3659,4.3,0.0635,0,100,1899840
2026-09-29 03:00,atp,ATP 500,"China Open, Qualification",Hard,3,Tomas Machac,Arthur Gea,total_games,over,21.5,0.5377,1.86,1.63,0.5831,-4.5,-0.1235,0,100,1899840
2026-09-29 03:00,atp,ATP 500,"China Open, Qualification",Hard,3,Tomas Machac,Arthur Gea,total_games,under,21.5,0.4623,2.16,2.28,0.4169,4.5,0.054,0,100,1899840
2026-09-29 03:00,atp,ATP 500,"China Open, Qualification",Hard,3,Tomas Machac,Arthur Gea,total_games,over,22.5,0.466,2.15,1.89,0.5039,-3.8,-0.1193,0,100,1899840
2026-09-29 03:00,atp,ATP 500,"China Open, Qualification",Hard,3,Tomas Machac,Arthur Gea,total_games,under,22.5,0.534,1.87,1.92,0.4961,3.8,0.0253,0,100,1899840
2026-09-29 03:00,atp,ATP 500,"China Open, Qualification",Hard,3,Tomas Machac,Arthur Gea,total_games,over,23.5,0.4158,2.4,2.13,0.4482,-3.2,-0.1143,0,100,1899840
2026-09-29 03:00,atp,ATP 500,"China Open, Qualification",Hard,3,Tomas Machac,Arthur Gea,total_games,under,23.5,0.5842,1.71,1.73,0.5518,3.2,0.0106,0,100,1899840
2026-09-29 03:00,atp,ATP 500,"China Open, Qualification",Hard,3,Tomas Machac,Arthur Gea,total_games,over,24.5,0.4015,2.49,2.19,0.4341,-3.3,-0.1206,0,100,1899840
2026-09-29 03:00,atp,ATP 500,"China Open, Qualification",Hard,3,Tomas Machac,Arthur Gea,total_games,under,24.5,0.5985,1.67,1.68,0.5659,3.3,0.0054,0,100,1899840
2026-09-29 03:00,atp,ATP 500,"China Open, Qualification",Hard,3,Tomas Machac,Arthur Gea,total_games,over,25.5,0.3672,2.72,2.38,0.4005,-3.3,-0.126,0,100,1899840
2026-09-29 03:00,atp,ATP 500,"China Open, Qualification",Hard,3,Tomas Machac,Arthur Gea,total_games,under,25.5,0.6328,1.58,1.59,0.5995,3.3,0.0061,0,100,1899840
2026-09-29 03:00,atp,ATP 500,"China Open, Qualification",Hard,3,Tomas Machac,Arthur Gea,p1_games,over,11.5,0.7701,1.3,1.53,0.6117,15.8,0.1782,0,100,1899840
2026-09-29 03:00,atp,ATP 500,"China Open, Qualification",Hard,3,Tomas Machac,Arthur Gea,p1_games,under,11.5,0.2299,4.35,2.41,0.3883,-15.8,-0.4459,0,100,1899840
2026-09-29 03:00,atp,ATP 500,"China Open, Qualification",Hard,3,Tomas Machac,Arthur Gea,p1_games,over,12.5,0.495,2.02,2.03,0.4601,3.5,0.0048,0,100,1899840
2026-09-29 03:00,atp,ATP 500,"China Open, Qualification",Hard,3,Tomas Machac,Arthur Gea,p1_games,under,12.5,0.505,1.98,1.73,0.5399,-3.5,-0.1263,0,100,1899840
2026-09-29 03:00,atp,ATP 500,"China Open, Qualification",Hard,3,Tomas Machac,Arthur Gea,p1_games,over,13.5,0.3236,3.09,2.85,0.3262,-0.3,-0.0777,0,100,1899840
2026-09-29 03:00,atp,ATP 500,"China Open, Qualification",Hard,3,Tomas Machac,Arthur Gea,p1_games,under,13.5,0.6764,1.48,1.38,0.6738,0.3,-0.0666,0,100,1899840
2026-09-29 03:00,atp,ATP 500,"China Open, Qualification",Hard,3,Tomas Machac,Arthur Gea,p2_games,over,11.5,0.5575,1.79,1.3,0.7204,-16.3,-0.2753,0,100,1899840
2026-09-29 03:00,atp,ATP 500,"China Open, Qualification",Hard,3,Tomas Machac,Arthur Gea,p2_games,under,11.5,0.4425,2.26,3.35,0.2796,16.3,0.4824,0,100,1899840
2026-09-29 03:00,atp,ATP 500,"China Open, Qualification",Hard,3,Tomas Machac,Arthur Gea,p2_games,over,12.5,0.4066,2.46,1.81,0.5173,-11.1,-0.264,0,100,1899840
2026-09-29 03:00,atp,ATP 500,"China Open, Qualification",Hard,3,Tomas Machac,Arthur Gea,p2_games,under,12.5,0.5934,1.69,1.94,0.4827,11.1,0.1511,0,100,1899840
2026-09-29 03:00,atp,ATP 500,"China Open, Qualification",Hard,3,Tomas Machac,Arthur Gea,p2_games,over,13.5,0.2816,3.55,2.65,0.3537,-7.2,-0.2537,0,100,1899840
2026-09-29 03:00,atp,ATP 500,"China Open, Qualification",Hard,3,Tomas Machac,Arthur Gea,p2_games,under,13.5,0.7184,1.39,1.45,0.6463,7.2,0.0417,0,100,1899840
2026-09-29 03:00,atp,ATP 500,"China Open, Qualification",Hard,3,Tomas Machac,Arthur Gea,game_handicap,player_a,-2.5,0.5238,1.91,,,,,0,100,1899840
2026-09-29 03:00,atp,ATP 500,"China Open, Qualification",Hard,3,Tomas Machac,Arthur Gea,game_handicap,player_b,2.5,0.4762,2.1,,,,,0,100,1899840
2026-09-29 04:30,atp,ATP 500,"China Open, Qualification",Hard,3,Adrian Mannarino,Pablo Carreno Busta,winner,player_a,,0.3865,2.59,2.6,0.3689,1.8,0.0049,0,100,1900365
2026-09-29 04:30,atp,ATP 500,"China Open, Qualification",Hard,3,Adrian Mannarino,Pablo Carreno Busta,winner,player_b,,0.6135,1.63,1.52,0.6311,-1.8,-0.0675,0,100,1900365
2026-09-29 04:30,atp,ATP 500,"China Open, Qualification",Hard,3,Adrian Mannarino,Pablo Carreno Busta,total_games,over,19.5,0.6739,1.48,1.42,0.6713,0.3,-0.043,0,100,1900365
2026-09-29 04:30,atp,ATP 500,"China Open, Qualification",Hard,3,Adrian Mannarino,Pablo Carreno Busta,total_games,under,19.5,0.3261,3.07,2.9,0.3287,-0.3,-0.0544,0,100,1900365
2026-09-29 04:30,atp,ATP 500,"China Open, Qualification",Hard,3,Adrian Mannarino,Pablo Carreno Busta,total_games,over,20.5,0.597,1.67,1.6,0.596,0.1,-0.0447,0,100,1900365
2026-09-29 04:30,atp,ATP 500,"China Open, Qualification",Hard,3,Adrian Mannarino,Pablo Carreno Busta,total_games,under,20.5,0.403,2.48,2.36,0.404,-0.1,-0.049,0,100,1900365
2026-09-29 04:30,atp,ATP 500,"China Open, Qualification",Hard,3,Adrian Mannarino,Pablo Carreno Busta,total_games,over,21.5,0.5437,1.84,1.75,0.5443,-0.1,-0.0485,0,100,1900365
2026-09-29 04:30,atp,ATP 500,"China Open, Qualification",Hard,3,Adrian Mannarino,Pablo Carreno Busta,total_games,under,21.5,0.4563,2.19,2.09,0.4557,0.1,-0.0464,0,100,1900365
2026-09-29 04:30,atp,ATP 500,"China Open, Qualification",Hard,3,Adrian Mannarino,Pablo Carreno Busta,total_games,over,22.5,0.4709,2.12,2.01,0.4738,-0.3,-0.0535,0,100,1900365
2026-09-29 04:30,atp,ATP 500,"China Open, Qualification",Hard,3,Adrian Mannarino,Pablo Carreno Busta,total_games,under,22.5,0.5291,1.89,1.81,0.5262,0.3,-0.0424,0,100,1900365
2026-09-29 04:30,atp,ATP 500,"China Open, Qualification",Hard,3,Adrian Mannarino,Pablo Carreno Busta,total_games,over,23.5,0.4197,2.38,2.25,0.4231,-0.3,-0.0557,0,100,1900365
2026-09-29 04:30,atp,ATP 500,"China Open, Qualification",Hard,3,Adrian Mannarino,Pablo Carreno Busta,total_games,under,23.5,0.5803,1.72,1.65,0.5769,0.3,-0.0425,0,100,1900365
2026-09-29 04:30,atp,ATP 500,"China Open, Qualification",Hard,3,Adrian Mannarino,Pablo Carreno Busta,total_games,over,24.5,0.4057,2.46,2.34,0.4076,-0.2,-0.0506,0,100,1900365
2026-09-29 04:30,atp,ATP 500,"China Open, Qualification",Hard,3,Adrian Mannarino,Pablo Carreno Busta,total_games,under,24.5,0.5943,1.68,1.61,0.5924,0.2,-0.0432,0,100,1900365
2026-09-29 04:30,atp,ATP 500,"China Open, Qualification",Hard,3,Adrian Mannarino,Pablo Carreno Busta,total_games,over,25.5,0.3715,2.69,2.55,0.3719,-0.0,-0.0527,0,100,1900365
2026-09-29 04:30,atp,ATP 500,"China Open, Qualification",Hard,3,Adrian Mannarino,Pablo Carreno Busta,total_games,under,25.5,0.6285,1.59,1.51,0.6281,0.0,-0.051,0,100,1900365
2026-09-29 04:30,atp,ATP 500,"China Open, Qualification",Hard,3,Adrian Mannarino,Pablo Carreno Busta,p1_games,over,10.5,0.6021,1.66,1.6,0.5833,1.9,-0.0366,0,100,1900365
2026-09-29 04:30,atp,ATP 500,"China Open, Qualification",Hard,3,Adrian Mannarino,Pablo Carreno Busta,p1_games,under,10.5,0.3979,2.51,2.24,0.4167,-1.9,-0.1088,0,100,1900365
2026-09-29 04:30,atp,ATP 500,"China Open, Qualification",Hard,3,Adrian Mannarino,Pablo Carreno Busta,p1_games,over,11.5,0.5688,1.76,1.71,0.5476,2.1,-0.0274,0,100,1900365
2026-09-29 04:30,atp,ATP 500,"China Open, Qualification",Hard,3,Adrian Mannarino,Pablo Carreno Busta,p1_games,under,11.5,0.4312,2.32,2.07,0.4524,-2.1,-0.1074,0,100,1900365
2026-09-29 04:30,atp,ATP 500,"China Open, Qualification",Hard,3,Adrian Mannarino,Pablo Carreno Busta,p1_games,over,12.5,0.4148,2.41,2.29,0.4083,0.7,-0.0501,0,100,1900365
2026-09-29 04:30,atp,ATP 500,"China Open, Qualification",Hard,3,Adrian Mannarino,Pablo Carreno Busta,p1_games,under,12.5,0.5852,1.71,1.58,0.5917,-0.7,-0.0754,0,100,1900365
2026-09-29 04:30,atp,ATP 500,"China Open, Qualification",Hard,3,Adrian Mannarino,Pablo Carreno Busta,p2_games,over,11.5,0.7636,1.31,1.24,0.754,1.0,-0.0532,0,100,1900365
2026-09-29 04:30,atp,ATP 500,"China Open, Qualification",Hard,3,Adrian Mannarino,Pablo Carreno Busta,p2_games,under,11.5,0.2364,4.23,3.8,0.246,-1.0,-0.1015,0,100,1900365
2026-09-29 04:30,atp,ATP 500,"China Open, Qualification",Hard,3,Adrian Mannarino,Pablo Carreno Busta,p2_games,over,12.5,0.4965,2.01,1.84,0.508,-1.1,-0.0864,0,100,1900365
2026-09-29 04:30,atp,ATP 500,"China Open, Qualification",Hard,3,Adrian Mannarino,Pablo Carreno Busta,p2_games,under,12.5,0.5035,1.99,1.9,0.492,1.1,-0.0434,0,100,1900365
2026-09-29 04:30,atp,ATP 500,"China Open, Qualification",Hard,3,Adrian Mannarino,Pablo Carreno Busta,p2_games,over,13.5,0.3259,3.07,2.75,0.3405,-1.5,-0.1038,0,100,1900365
2026-09-29 04:30,atp,ATP 500,"China Open, Qualification",Hard,3,Adrian Mannarino,Pablo Carreno Busta,p2_games,under,13.5,0.6741,1.48,1.42,0.6595,1.5,-0.0427,0,100,1900365
2026-09-29 04:30,atp,ATP 500,"China Open, Qualification",Hard,3,Adrian Mannarino,Pablo Carreno Busta,game_handicap,player_a,2.5,0.4876,2.05,,,,,0,100,1900365
2026-09-29 04:30,atp,ATP 500,"China Open, Qualification",Hard,3,Adrian Mannarino,Pablo Carreno Busta,game_handicap,player_b,-2.5,0.5124,1.95,,,,,0,100,1900365
2026-09-29 04:30,atp,ATP 500,"China Open, Qualification",Hard,3,Botic van de Zandschulp,Jie Cui,winner,player_a,,0.8679,1.15,1.2,0.8,6.8,0.0415,0,100,1900364
2026-09-29 04:30,atp,ATP 500,"China Open, Qualification",Hard,3,Botic van de Zandschulp,Jie Cui,winner,player_b,,0.1321,7.57,4.8,0.2,-6.8,-0.3658,0,100,1900364
2026-09-29 04:30,atp,ATP 500,"China Open, Qualification",Hard,3,Botic van de Zandschulp,Jie Cui,total_games,over,18.5,0.5794,1.73,1.37,0.6935,-11.4,-0.2062,0,100,1900364
2026-09-29 04:30,atp,ATP 500,"China Open, Qualification",Hard,3,Botic van de Zandschulp,Jie Cui,total_games,under,18.5,0.4206,2.38,3.1,0.3065,11.4,0.3039,0,100,1900364
2026-09-29 04:30,atp,ATP 500,"China Open, Qualification",Hard,3,Botic van de Zandschulp,Jie Cui,total_games,over,19.5,0.493,2.03,1.56,0.609,-11.6,-0.2309,0,100,1900364
2026-09-29 04:30,atp,ATP 500,"China Open, Qualification",Hard,3,Botic van de Zandschulp,Jie Cui,total_games,under,19.5,0.507,1.97,2.43,0.391,11.6,0.232,0,100,1900364
2026-09-29 04:30,atp,ATP 500,"China Open, Qualification",Hard,3,Botic van de Zandschulp,Jie Cui,total_games,over,20.5,0.419,2.39,1.8,0.53,-11.1,-0.2458,0,100,1900364
2026-09-29 04:30,atp,ATP 500,"China Open, Qualification",Hard,3,Botic van de Zandschulp,Jie Cui,total_games,under,20.5,0.581,1.72,2.03,0.47,11.1,0.1794,0,100,1900364
2026-09-29 04:30,atp,ATP 500,"China Open, Qualification",Hard,3,Botic van de Zandschulp,Jie Cui,total_games,over,21.5,0.369,2.71,2.0,0.4764,-10.7,-0.262,0,100,1900364
2026-09-29 04:30,atp,ATP 500,"China Open, Qualification",Hard,3,Botic van de Zandschulp,Jie Cui,total_games,under,21.5,0.631,1.58,1.82,0.5236,10.7,0.1484,0,100,1900364
2026-09-29 04:30,atp,ATP 500,"China Open, Qualification",Hard,3,Botic van de Zandschulp,Jie Cui,total_games,over,22.5,0.3111,3.21,2.35,0.4051,-9.4,-0.2688,0,100,1900364
2026-09-29 04:30,atp,ATP 500,"China Open, Qualification",Hard,3,Botic van de Zandschulp,Jie Cui,total_games,under,22.5,0.6889,1.45,1.6,0.5949,9.4,0.1022,0,100,1900364
2026-09-29 04:30,atp,ATP 500,"China Open, Qualification",Hard,3,Botic van de Zandschulp,Jie Cui,total_games,over,23.5,0.2742,3.65,2.65,0.3584,-8.4,-0.2733,0,100,1900364
2026-09-29 04:30,atp,ATP 500,"China Open, Qualification",Hard,3,Botic van de Zandschulp,Jie Cui,total_games,under,23.5,0.7258,1.38,1.48,0.6416,8.4,0.0742,0,100,1900364
2026-09-29 04:30,atp,ATP 500,"China Open, Qualification",Hard,3,Botic van de Zandschulp,Jie Cui,total_games,over,24.5,0.2623,3.81,2.75,0.3452,-8.3,-0.2788,0,100,1900364
2026-09-29 04:30,atp,ATP 500,"China Open, Qualification",Hard,3,Botic van de Zandschulp,Jie Cui,total_games,under,24.5,0.7377,1.36,1.45,0.6548,8.3,0.0697,0,100,1900364
2026-09-29 04:30,atp,ATP 500,"China Open, Qualification",Hard,3,Botic van de Zandschulp,Jie Cui,p1_games,over,11.5,0.9326,1.07,1.07,0.8706,6.2,-0.0021,0,100,1900364
2026-09-29 04:30,atp,ATP 500,"China Open, Qualification",Hard,3,Botic van de Zandschulp,Jie Cui,p1_games,under,11.5,0.0674,14.85,7.2,0.1294,-6.2,-0.515,0,100,1900364
2026-09-29 04:30,atp,ATP 500,"China Open, Qualification",Hard,3,Botic van de Zandschulp,Jie Cui,p1_games,over,12.5,0.4274,2.34,1.8,0.5187,-9.1,-0.2308,0,100,1900364
2026-09-29 04:30,atp,ATP 500,"China Open, Qualification",Hard,3,Botic van de Zandschulp,Jie Cui,p1_games,under,12.5,0.5726,1.75,1.94,0.4813,9.1,0.1109,0,100,1900364
2026-09-29 04:30,atp,ATP 500,"China Open, Qualification",Hard,3,Botic van de Zandschulp,Jie Cui,p1_games,over,13.5,0.2409,4.15,2.95,0.3171,-7.6,-0.2893,0,100,1900364
2026-09-29 04:30,atp,ATP 500,"China Open, Qualification",Hard,3,Botic van de Zandschulp,Jie Cui,p1_games,under,13.5,0.7591,1.32,1.37,0.6829,7.6,0.04,0,100,1900364
2026-09-29 04:30,atp,ATP 500,"China Open, Qualification",Hard,3,Botic van de Zandschulp,Jie Cui,p2_games,over,7.5,0.4831,2.07,1.54,0.6071,-12.4,-0.2561,0,100,1900364
2026-09-29 04:30,atp,ATP 500,"China Open, Qualification",Hard,3,Botic van de Zandschulp,Jie Cui,p2_games,under,7.5,0.5169,1.93,2.38,0.3929,12.4,0.2303,0,100,1900364
2026-09-29 04:30,atp,ATP 500,"China Open, Qualification",Hard,3,Botic van de Zandschulp,Jie Cui,p2_games,over,8.5,0.4031,2.48,1.78,0.5253,-12.2,-0.2824,0,100,1900364
2026-09-29 04:30,atp,ATP 500,"China Open, Qualification",Hard,3,Botic van de Zandschulp,Jie Cui,p2_games,under,8.5,0.5969,1.68,1.97,0.4747,12.2,0.1758,0,100,1900364
2026-09-29 04:30,atp,ATP 500,"China Open, Qualification",Hard,3,Botic van de Zandschulp,Jie Cui,p2_games,over,9.5,0.3466,2.88,2.02,0.4628,-11.6,-0.2998,0,100,1900364
2026-09-29 04:30,atp,ATP 500,"China Open, Qualification",Hard,3,Botic van de Zandschulp,Jie Cui,p2_games,under,9.5,0.6534,1.53,1.74,0.5372,11.6,0.1369,0,100,1900364
2026-09-29 04:30,atp,ATP 500,"China Open, Qualification",Hard,3,Botic van de Zandschulp,Jie Cui,game_handicap,player_a,-4.5,0.622,1.61,,,,,0,100,1900364
2026-09-29 04:30,atp,ATP 500,"China Open, Qualification",Hard,3,Botic van de Zandschulp,Jie Cui,game_handicap,player_b,4.5,0.378,2.65,,,,,0,100,1900364
2026-09-29 02:00,atp,ATP 500,Japan Open (Tokyo): Qualification,Hard,3,Stefanos Tsitsipas,Rinky Hijikata,winner,player_a,,0.648,1.54,1.31,0.7332,-8.5,-0.1511,0,100,1899838
2026-09-29 02:00,atp,ATP 500,Japan Open (Tokyo): Qualification,Hard,3,Stefanos Tsitsipas,Rinky Hijikata,winner,player_b,,0.352,2.84,3.6,0.2668,8.5,0.2671,0,100,1899838
2026-09-29 02:00,atp,ATP 500,Japan Open (Tokyo): Qualification,Hard,3,Stefanos Tsitsipas,Rinky Hijikata,total_games,over,19.5,0.7032,1.42,1.42,0.6713,3.2,-0.0014,0,100,1899838
2026-09-29 02:00,atp,ATP 500,Japan Open (Tokyo): Qualification,Hard,3,Stefanos Tsitsipas,Rinky Hijikata,total_games,under,19.5,0.2968,3.37,2.9,0.3287,-3.2,-0.1393,0,100,1899838
2026-09-29 02:00,atp,ATP 500,Japan Open (Tokyo): Qualification,Hard,3,Stefanos Tsitsipas,Rinky Hijikata,total_games,over,20.5,0.6225,1.61,1.6,0.5949,2.8,-0.004,0,100,1899838
2026-09-29 02:00,atp,ATP 500,Japan Open (Tokyo): Qualification,Hard,3,Stefanos Tsitsipas,Rinky Hijikata,total_games,under,20.5,0.3775,2.65,2.35,0.4051,-2.8,-0.1129,0,100,1899838
2026-09-29 02:00,atp,ATP 500,Japan Open (Tokyo): Qualification,Hard,3,Stefanos Tsitsipas,Rinky Hijikata,total_games,over,21.5,0.5685,1.76,1.76,0.5405,2.8,0.0006,0,100,1899838
2026-09-29 02:00,atp,ATP 500,Japan Open (Tokyo): Qualification,Hard,3,Stefanos Tsitsipas,Rinky Hijikata,total_games,under,21.5,0.4315,2.32,2.07,0.4595,-2.8,-0.1068,0,100,1899838
2026-09-29 02:00,atp,ATP 500,Japan Open (Tokyo): Qualification,Hard,3,Stefanos Tsitsipas,Rinky Hijikata,total_games,over,22.5,0.4868,2.05,2.06,0.4621,2.5,0.0029,0,100,1899838
2026-09-29 02:00,atp,ATP 500,Japan Open (Tokyo): Qualification,Hard,3,Stefanos Tsitsipas,Rinky Hijikata,total_games,under,22.5,0.5132,1.95,1.77,0.5379,-2.5,-0.0917,0,100,1899838
2026-09-29 02:00,atp,ATP 500,Japan Open (Tokyo): Qualification,Hard,3,Stefanos Tsitsipas,Rinky Hijikata,total_games,over,23.5,0.426,2.35,2.33,0.4086,1.7,-0.0075,0,100,1899838
2026-09-29 02:00,atp,ATP 500,Japan Open (Tokyo): Qualification,Hard,3,Stefanos Tsitsipas,Rinky Hijikata,total_games,under,23.5,0.574,1.74,1.61,0.5914,-1.7,-0.0758,0,100,1899838
2026-09-29 02:00,atp,ATP 500,Japan Open (Tokyo): Qualification,Hard,3,Stefanos Tsitsipas,Rinky Hijikata,total_games,over,24.5,0.4156,2.41,2.41,0.396,2.0,0.0015,0,100,1899838
2026-09-29 02:00,atp,ATP 500,Japan Open (Tokyo): Qualification,Hard,3,Stefanos Tsitsipas,Rinky Hijikata,total_games,under,24.5,0.5844,1.71,1.58,0.604,-2.0,-0.0766,0,100,1899838
2026-09-29 02:00,atp,ATP 500,Japan Open (Tokyo): Qualification,Hard,3,Stefanos Tsitsipas,Rinky Hijikata,total_games,over,25.5,0.3834,2.61,2.65,0.3599,2.3,0.0159,0,100,1899838
2026-09-29 02:00,atp,ATP 500,Japan Open (Tokyo): Qualification,Hard,3,Stefanos Tsitsipas,Rinky Hijikata,total_games,under,25.5,0.6166,1.62,1.49,0.6401,-2.3,-0.0812,0,100,1899838
2026-09-29 02:00,atp,ATP 500,Japan Open (Tokyo): Qualification,Hard,3,Stefanos Tsitsipas,Rinky Hijikata,p1_games,over,11.5,0.7991,1.25,1.13,0.827,-2.8,-0.097,0,100,1899838
2026-09-29 02:00,atp,ATP 500,Japan Open (Tokyo): Qualification,Hard,3,Stefanos Tsitsipas,Rinky Hijikata,p1_games,under,11.5,0.2009,4.98,5.4,0.173,2.8,0.0847,0,100,1899838
2026-09-29 02:00,atp,ATP 500,Japan Open (Tokyo): Qualification,Hard,3,Stefanos Tsitsipas,Rinky Hijikata,p1_games,over,12.5,0.5302,1.89,1.71,0.5464,-1.6,-0.0934,0,100,1899838
2026-09-29 02:00,atp,ATP 500,Japan Open (Tokyo): Qualification,Hard,3,Stefanos Tsitsipas,Rinky Hijikata,p1_games,under,12.5,0.4698,2.13,2.06,0.4536,1.6,-0.0321,0,100,1899838
2026-09-29 02:00,atp,ATP 500,Japan Open (Tokyo): Qualification,Hard,3,Stefanos Tsitsipas,Rinky Hijikata,p1_games,over,13.5,0.3448,2.9,2.65,0.3521,-0.7,-0.0864,0,100,1899838
2026-09-29 02:00,atp,ATP 500,Japan Open (Tokyo): Qualification,Hard,3,Stefanos Tsitsipas,Rinky Hijikata,p1_games,under,13.5,0.6552,1.53,1.44,0.6479,0.7,-0.0565,0,100,1899838
2026-09-29 02:00,atp,ATP 500,Japan Open (Tokyo): Qualification,Hard,3,Stefanos Tsitsipas,Rinky Hijikata,p2_games,over,9.5,0.6318,1.58,1.69,0.5541,7.8,0.0678,0,100,1899838
2026-09-29 02:00,atp,ATP 500,Japan Open (Tokyo): Qualification,Hard,3,Stefanos Tsitsipas,Rinky Hijikata,p2_games,under,9.5,0.3682,2.72,2.1,0.4459,-7.8,-0.2268,0,100,1899838
2026-09-29 02:00,atp,ATP 500,Japan Open (Tokyo): Qualification,Hard,3,Stefanos Tsitsipas,Rinky Hijikata,p2_games,over,10.5,0.584,1.71,1.86,0.5027,8.1,0.0862,0,100,1899838
2026-09-29 02:00,atp,ATP 500,Japan Open (Tokyo): Qualification,Hard,3,Stefanos Tsitsipas,Rinky Hijikata,p2_games,under,10.5,0.416,2.4,1.88,0.4973,-8.1,-0.2178,0,100,1899838
2026-09-29 02:00,atp,ATP 500,Japan Open (Tokyo): Qualification,Hard,3,Stefanos Tsitsipas,Rinky Hijikata,p2_games,over,11.5,0.5511,1.81,2.0,0.4667,8.4,0.1022,0,100,1899838
2026-09-29 02:00,atp,ATP 500,Japan Open (Tokyo): Qualification,Hard,3,Stefanos Tsitsipas,Rinky Hijikata,p2_games,under,11.5,0.4489,2.23,1.75,0.5333,-8.4,-0.2145,0,100,1899838
2026-09-29 02:00,atp,ATP 500,Japan Open (Tokyo): Qualification,Hard,3,Stefanos Tsitsipas,Rinky Hijikata,game_handicap,player_a,-2.5,0.5366,1.86,,,,,0,100,1899838
2026-09-29 02:00,atp,ATP 500,Japan Open (Tokyo): Qualification,Hard,3,Stefanos Tsitsipas,Rinky Hijikata,game_handicap,player_b,2.5,0.4634,2.16,,,,,0,100,1899838
2026-09-29 03:00,atp,ATP 500,Japan Open (Tokyo): Qualification,Hard,3,Jaume Munar,Aleksandar Kovacevic,winner,player_a,,0.6321,1.58,1.63,0.5894,4.3,0.0304,0,100,1899860
2026-09-29 03:00,atp,ATP 500,Japan Open (Tokyo): Qualification,Hard,3,Jaume Munar,Aleksandar Kovacevic,winner,player_b,,0.3679,2.72,2.34,0.4106,-4.3,-0.1392,0,100,1899860
2026-09-29 03:00,atp,ATP 500,Japan Open (Tokyo): Qualification,Hard,3,Jaume Munar,Aleksandar Kovacevic,total_games,over,19.5,0.72,1.39,1.29,0.7415,-2.1,-0.0712,0,100,1899860
2026-09-29 03:00,atp,ATP 500,Japan Open (Tokyo): Qualification,Hard,3,Jaume Munar,Aleksandar Kovacevic,total_games,under,19.5,0.28,3.57,3.7,0.2585,2.1,0.036,0,100,1899860
2026-09-29 03:00,atp,ATP 500,Japan Open (Tokyo): Qualification,Hard,3,Jaume Munar,Aleksandar Kovacevic,total_games,over,20.5,0.6388,1.57,1.43,0.6659,-2.7,-0.0865,0,100,1899860
2026-09-29 03:00,atp,ATP 500,Japan Open (Tokyo): Qualification,Hard,3,Jaume Munar,Aleksandar Kovacevic,total_games,under,20.5,0.3612,2.77,2.85,0.3341,2.7,0.0293,0,100,1899860
2026-09-29 03:00,atp,ATP 500,Japan Open (Tokyo): Qualification,Hard,3,Jaume Munar,Aleksandar Kovacevic,total_games,over,21.5,0.585,1.71,1.56,0.6119,-2.7,-0.0874,0,100,1899860
2026-09-29 03:00,atp,ATP 500,Japan Open (Tokyo): Qualification,Hard,3,Jaume Munar,Aleksandar Kovacevic,total_games,under,21.5,0.415,2.41,2.46,0.3881,2.7,0.0209,0,100,1899860
2026-09-29 03:00,atp,ATP 500,Japan Open (Tokyo): Qualification,Hard,3,Jaume Munar,Aleksandar Kovacevic,total_games,over,22.5,0.5002,2.0,1.8,0.5288,-2.9,-0.0996,0,100,1899860
2026-09-29 03:00,atp,ATP 500,Japan Open (Tokyo): Qualification,Hard,3,Jaume Munar,Aleksandar Kovacevic,total_games,under,22.5,0.4998,2.0,2.02,0.4712,2.9,0.0096,0,100,1899860
2026-09-29 03:00,atp,ATP 500,Japan Open (Tokyo): Qualification,Hard,3,Jaume Munar,Aleksandar Kovacevic,total_games,over,23.5,0.4356,2.3,2.06,0.4621,-2.7,-0.1028,0,100,1899860
2026-09-29 03:00,atp,ATP 500,Japan Open (Tokyo): Qualification,Hard,3,Jaume Munar,Aleksandar Kovacevic,total_games,under,23.5,0.5644,1.77,1.77,0.5379,2.7,-0.0009,0,100,1899860
2026-09-29 03:00,atp,ATP 500,Japan Open (Tokyo): Qualification,Hard,3,Jaume Munar,Aleksandar Kovacevic,total_games,over,24.5,0.4259,2.35,2.11,0.4519,-2.6,-0.1013,0,100,1899860
2026-09-29 03:00,atp,ATP 500,Japan Open (Tokyo): Qualification,Hard,3,Jaume Munar,Aleksandar Kovacevic,total_games,under,24.5,0.5741,1.74,1.74,0.5481,2.6,-0.0011,0,100,1899860
2026-09-29 03:00,atp,ATP 500,Japan Open (Tokyo): Qualification,Hard,3,Jaume Munar,Aleksandar Kovacevic,total_games,over,25.5,0.3938,2.54,2.28,0.4184,-2.5,-0.1022,0,100,1899860
2026-09-29 03:00,atp,ATP 500,Japan Open (Tokyo): Qualification,Hard,3,Jaume Munar,Aleksandar Kovacevic,total_games,under,25.5,0.6062,1.65,1.64,0.5816,2.5,-0.0058,0,100,1899860
2026-09-29 03:00,atp,ATP 500,Japan Open (Tokyo): Qualification,Hard,3,Jaume Munar,Aleksandar Kovacevic,p1_games,over,11.5,0.7906,1.26,1.25,0.7449,4.6,-0.0117,0,100,1899860
2026-09-29 03:00,atp,ATP 500,Japan Open (Tokyo): Qualification,Hard,3,Jaume Munar,Aleksandar Kovacevic,p1_games,under,11.5,0.2094,4.78,3.65,0.2551,-4.6,-0.2358,0,100,1899860
2026-09-29 03:00,atp,ATP 500,Japan Open (Tokyo): Qualification,Hard,3,Jaume Munar,Aleksandar Kovacevic,p1_games,over,12.5,0.5377,1.86,1.69,0.5529,-1.5,-0.0913,0,100,1899860
2026-09-29 03:00,atp,ATP 500,Japan Open (Tokyo): Qualification,Hard,3,Jaume Munar,Aleksandar Kovacevic,p1_games,under,12.5,0.4623,2.16,2.09,0.4471,1.5,-0.0338,0,100,1899860
2026-09-29 03:00,atp,ATP 500,Japan Open (Tokyo): Qualification,Hard,3,Jaume Munar,Aleksandar Kovacevic,p1_games,over,13.5,0.3526,2.84,2.45,0.3813,-2.9,-0.1362,0,100,1899860
2026-09-29 03:00,atp,ATP 500,Japan Open (Tokyo): Qualification,Hard,3,Jaume Munar,Aleksandar Kovacevic,p1_games,under,13.5,0.6474,1.54,1.51,0.6187,2.9,-0.0224,0,100,1899860
2026-09-29 03:00,atp,ATP 500,Japan Open (Tokyo): Qualification,Hard,3,Jaume Munar,Aleksandar Kovacevic,p2_games,over,11.5,0.5719,1.75,1.51,0.6177,-4.6,-0.1364,0,100,1899860
2026-09-29 03:00,atp,ATP 500,Japan Open (Tokyo): Qualification,Hard,3,Jaume Munar,Aleksandar Kovacevic,p2_games,under,11.5,0.4281,2.34,2.44,0.3823,4.6,0.0446,0,100,1899860
2026-09-29 03:00,atp,ATP 500,Japan Open (Tokyo): Qualification,Hard,3,Jaume Munar,Aleksandar Kovacevic,p2_games,over,12.5,0.4374,2.29,1.93,0.484,-4.7,-0.1559,0,100,1899860
2026-09-29 03:00,atp,ATP 500,Japan Open (Tokyo): Qualification,Hard,3,Jaume Munar,Aleksandar Kovacevic,p2_games,under,12.5,0.5626,1.78,1.81,0.516,4.7,0.0184,0,100,1899860
2026-09-29 03:00,atp,ATP 500,Japan Open (Tokyo): Qualification,Hard,3,Jaume Munar,Aleksandar Kovacevic,p2_games,over,13.5,0.3095,3.23,2.7,0.3462,-3.7,-0.1645,0,100,1899860
2026-09-29 03:00,atp,ATP 500,Japan Open (Tokyo): Qualification,Hard,3,Jaume Munar,Aleksandar Kovacevic,p2_games,under,13.5,0.6905,1.45,1.43,0.6538,3.7,-0.0125,0,100,1899860
2026-09-29 03:00,atp,ATP 500,Japan Open (Tokyo): Qualification,Hard,3,Jaume Munar,Aleksandar Kovacevic,game_handicap,player_a,-2.5,0.5159,1.94,,,,,0,100,1899860
2026-09-29 03:00,atp,ATP 500,Japan Open (Tokyo): Qualification,Hard,3,Jaume Munar,Aleksandar Kovacevic,game_handicap,player_b,2.5,0.4841,2.07,,,,,0,100,1899860
2026-09-29 03:30,atp,ATP 500,Japan Open (Tokyo): Qualification,Hard,3,Arthur Fils,Kamil Majchrzak,winner,player_a,,0.8356,1.2,1.25,0.7664,6.9,0.0445,0,100,1900284
2026-09-29 03:30,atp,ATP 500,Japan Open (Tokyo): Qualification,Hard,3,Arthur Fils,Kamil Majchrzak,winner,player_b,,0.1644,6.08,4.1,0.2336,-6.9,-0.326,0,100,1900284
2026-09-29 03:30,atp,ATP 500,Japan Open (Tokyo): Qualification,Hard,3,Arthur Fils,Kamil Majchrzak,total_games,over,18.5,0.6622,1.51,1.29,0.7362,-7.4,-0.1458,0,100,1900284
2026-09-29 03:30,atp,ATP 500,Japan Open (Tokyo): Qualification,Hard,3,Arthur Fils,Kamil Majchrzak,total_games,under,18.5,0.3378,2.96,3.6,0.2638,7.4,0.2161,0,100,1900284
2026-09-29 03:30,atp,ATP 500,Japan Open (Tokyo): Qualification,Hard,3,Arthur Fils,Kamil Majchrzak,total_games,over,19.5,0.5706,1.75,1.46,0.6532,-8.3,-0.1669,0,100,1900284
2026-09-29 03:30,atp,ATP 500,Japan Open (Tokyo): Qualification,Hard,3,Arthur Fils,Kamil Majchrzak,total_games,under,19.5,0.4294,2.33,2.75,0.3468,8.3,0.1808,0,100,1900284
2026-09-29 03:30,atp,ATP 500,Japan Open (Tokyo): Qualification,Hard,3,Arthur Fils,Kamil Majchrzak,total_games,over,20.5,0.4892,2.04,1.66,0.5733,-8.4,-0.188,0,100,1900284
2026-09-29 03:30,atp,ATP 500,Japan Open (Tokyo): Qualification,Hard,3,Arthur Fils,Kamil Majchrzak,total_games,under,20.5,0.5108,1.96,2.23,0.4267,8.4,0.1391,0,100,1900284
2026-09-29 03:30,atp,ATP 500,Japan Open (Tokyo): Qualification,Hard,3,Arthur Fils,Kamil Majchrzak,total_games,over,21.5,0.435,2.3,1.84,0.5171,-8.2,-0.1995,0,100,1900284
2026-09-29 03:30,atp,ATP 500,Japan Open (Tokyo): Qualification,Hard,3,Arthur Fils,Kamil Majchrzak,total_games,under,21.5,0.565,1.77,1.97,0.4829,8.2,0.113,0,100,1900284
2026-09-29 03:30,atp,ATP 500,Japan Open (Tokyo): Qualification,Hard,3,Arthur Fils,Kamil Majchrzak,total_games,over,22.5,0.3645,2.74,2.15,0.443,-7.8,-0.2163,0,100,1900284
2026-09-29 03:30,atp,ATP 500,Japan Open (Tokyo): Qualification,Hard,3,Arthur Fils,Kamil Majchrzak,total_games,under,22.5,0.6355,1.57,1.71,0.557,7.8,0.0867,0,100,1900284
2026-09-29 03:30,atp,ATP 500,Japan Open (Tokyo): Qualification,Hard,3,Arthur Fils,Kamil Majchrzak,total_games,over,23.5,0.3165,3.16,2.45,0.389,-7.3,-0.2246,0,100,1900284
2026-09-29 03:30,atp,ATP 500,Japan Open (Tokyo): Qualification,Hard,3,Arthur Fils,Kamil Majchrzak,total_games,under,23.5,0.6835,1.46,1.56,0.611,7.3,0.0663,0,100,1900284
2026-09-29 03:30,atp,ATP 500,Japan Open (Tokyo): Qualification,Hard,3,Arthur Fils,Kamil Majchrzak,total_games,over,24.5,0.3064,3.26,2.55,0.375,-6.9,-0.2186,0,100,1900284
2026-09-29 03:30,atp,ATP 500,Japan Open (Tokyo): Qualification,Hard,3,Arthur Fils,Kamil Majchrzak,total_games,under,24.5,0.6936,1.44,1.53,0.625,6.9,0.0612,0,100,1900284
2026-09-29 03:30,atp,ATP 500,Japan Open (Tokyo): Qualification,Hard,3,Arthur Fils,Kamil Majchrzak,p1_games,over,11.5,0.918,1.09,1.1,0.8493,6.9,0.0098,0,100,1900284
2026-09-29 03:30,atp,ATP 500,Japan Open (Tokyo): Qualification,Hard,3,Arthur Fils,Kamil Majchrzak,p1_games,under,11.5,0.082,12.19,6.2,0.1507,-6.9,-0.4915,0,100,1900284
2026-09-29 03:30,atp,ATP 500,Japan Open (Tokyo): Qualification,Hard,3,Arthur Fils,Kamil Majchrzak,p1_games,over,12.5,0.4804,2.08,1.73,0.5399,-6.0,-0.1689,0,100,1900284
2026-09-29 03:30,atp,ATP 500,Japan Open (Tokyo): Qualification,Hard,3,Arthur Fils,Kamil Majchrzak,p1_games,under,12.5,0.5196,1.92,2.03,0.4601,6.0,0.0548,0,100,1900284
2026-09-29 03:30,atp,ATP 500,Japan Open (Tokyo): Qualification,Hard,3,Arthur Fils,Kamil Majchrzak,p1_games,over,13.5,0.2769,3.61,2.75,0.3405,-6.4,-0.2386,0,100,1900284
2026-09-29 03:30,atp,ATP 500,Japan Open (Tokyo): Qualification,Hard,3,Arthur Fils,Kamil Majchrzak,p1_games,under,13.5,0.7231,1.38,1.42,0.6595,6.4,0.0268,0,100,1900284
2026-09-29 03:30,atp,ATP 500,Japan Open (Tokyo): Qualification,Hard,3,Arthur Fils,Kamil Majchrzak,p2_games,over,8.5,0.4779,2.09,1.61,0.5796,-10.2,-0.2305,0,100,1900284
2026-09-29 03:30,atp,ATP 500,Japan Open (Tokyo): Qualification,Hard,3,Arthur Fils,Kamil Majchrzak,p2_games,under,8.5,0.5221,1.92,2.22,0.4204,10.2,0.159,0,100,1900284
2026-09-29 03:30,atp,ATP 500,Japan Open (Tokyo): Qualification,Hard,3,Arthur Fils,Kamil Majchrzak,p2_games,over,9.5,0.4141,2.42,1.81,0.516,-10.2,-0.2505,0,100,1900284
2026-09-29 03:30,atp,ATP 500,Japan Open (Tokyo): Qualification,Hard,3,Arthur Fils,Kamil Majchrzak,p2_games,under,9.5,0.5859,1.71,1.93,0.484,10.2,0.1308,0,100,1900284
2026-09-29 03:30,atp,ATP 500,Japan Open (Tokyo): Qualification,Hard,3,Arthur Fils,Kamil Majchrzak,p2_games,over,10.5,0.364,2.75,2.01,0.4654,-10.1,-0.2683,0,100,1900284
2026-09-29 03:30,atp,ATP 500,Japan Open (Tokyo): Qualification,Hard,3,Arthur Fils,Kamil Majchrzak,p2_games,under,10.5,0.636,1.57,1.75,0.5346,10.1,0.1129,0,100,1900284
2026-09-29 03:30,atp,ATP 500,Japan Open (Tokyo): Qualification,Hard,3,Arthur Fils,Kamil Majchrzak,game_handicap,player_a,-4.5,0.5371,1.86,,,,,0,100,1900284
2026-09-29 03:30,atp,ATP 500,Japan Open (Tokyo): Qualification,Hard,3,Arthur Fils,Kamil Majchrzak,game_handicap,player_b,4.5,0.4629,2.16,,,,,0,100,1900284
2026-09-29 05:00,atp,ATP 500,Japan Open (Tokyo): Qualification,Hard,3,Adolfo Vallejo,Jaime Faria,winner,player_a,,0.3569,2.8,2.45,0.3921,-3.5,-0.1257,0,94,1900017
2026-09-29 05:00,atp,ATP 500,Japan Open (Tokyo): Qualification,Hard,3,Adolfo Vallejo,Jaime Faria,winner,player_b,,0.6431,1.55,1.58,0.6079,3.5,0.0162,0,94,1900017
2026-09-29 05:00,atp,ATP 500,Japan Open (Tokyo): Qualification,Hard,3,Adolfo Vallejo,Jaime Faria,total_games,over,19.5,0.6491,1.54,1.33,0.7158,-6.7,-0.1367,0,94,1900017
2026-09-29 05:00,atp,ATP 500,Japan Open (Tokyo): Qualification,Hard,3,Adolfo Vallejo,Jaime Faria,total_games,under,19.5,0.3509,2.85,3.35,0.2842,6.7,0.1754,0,94,1900017
2026-09-29 05:00,atp,ATP 500,Japan Open (Tokyo): Qualification,Hard,3,Adolfo Vallejo,Jaime Faria,total_games,over,20.5,0.5742,1.74,1.49,0.6401,-6.6,-0.1445,0,94,1900017
2026-09-29 05:00,atp,ATP 500,Japan Open (Tokyo): Qualification,Hard,3,Adolfo Vallejo,Jaime Faria,total_games,under,20.5,0.4258,2.35,2.65,0.3599,6.6,0.1284,0,94,1900017
2026-09-29 05:00,atp,ATP 500,Japan Open (Tokyo): Qualification,Hard,3,Adolfo Vallejo,Jaime Faria,total_games,over,21.5,0.5215,1.92,1.62,0.5878,-6.6,-0.1552,0,94,1900017
2026-09-29 05:00,atp,ATP 500,Japan Open (Tokyo): Qualification,Hard,3,Adolfo Vallejo,Jaime Faria,total_games,under,21.5,0.4785,2.09,2.31,0.4122,6.6,0.1054,0,94,1900017
2026-09-29 05:00,atp,ATP 500,Japan Open (Tokyo): Qualification,Hard,3,Adolfo Vallejo,Jaime Faria,total_games,over,22.5,0.453,2.21,1.88,0.5066,-5.4,-0.1484,0,94,1900017
2026-09-29 05:00,atp,ATP 500,Japan Open (Tokyo): Qualification,Hard,3,Adolfo Vallejo,Jaime Faria,total_games,under,22.5,0.547,1.83,1.93,0.4934,5.4,0.0558,0,94,1900017
2026-09-29 05:00,atp,ATP 500,Japan Open (Tokyo): Qualification,Hard,3,Adolfo Vallejo,Jaime Faria,total_games,over,23.5,0.4061,2.46,2.12,0.4494,-4.3,-0.1392,0,94,1900017
2026-09-29 05:00,atp,ATP 500,Japan Open (Tokyo): Qualification,Hard,3,Adolfo Vallejo,Jaime Faria,total_games,under,23.5,0.5939,1.68,1.73,0.5506,4.3,0.0275,0,94,1900017
2026-09-29 05:00,atp,ATP 500,Japan Open (Tokyo): Qualification,Hard,3,Adolfo Vallejo,Jaime Faria,total_games,over,24.5,0.3905,2.56,2.18,0.4367,-4.6,-0.1487,0,94,1900017
2026-09-29 05:00,atp,ATP 500,Japan Open (Tokyo): Qualification,Hard,3,Adolfo Vallejo,Jaime Faria,total_games,under,24.5,0.6095,1.64,1.69,0.5633,4.6,0.03,0,94,1900017
2026-09-29 05:00,atp,ATP 500,Japan Open (Tokyo): Qualification,Hard,3,Adolfo Vallejo,Jaime Faria,total_games,over,25.5,0.3558,2.81,2.37,0.4015,-4.6,-0.1568,0,94,1900017
2026-09-29 05:00,atp,ATP 500,Japan Open (Tokyo): Qualification,Hard,3,Adolfo Vallejo,Jaime Faria,total_games,under,25.5,0.6442,1.55,1.59,0.5985,4.6,0.0243,0,94,1900017
2026-09-29 05:00,atp,ATP 500,Japan Open (Tokyo): Qualification,Hard,3,Adolfo Vallejo,Jaime Faria,p1_games,over,11.5,0.5341,1.87,1.59,0.587,-5.3,-0.1509,0,94,1900017
2026-09-29 05:00,atp,ATP 500,Japan Open (Tokyo): Qualification,Hard,3,Adolfo Vallejo,Jaime Faria,p1_games,under,11.5,0.4659,2.15,2.26,0.413,5.3,0.053,0,94,1900017
2026-09-29 05:00,atp,ATP 500,Japan Open (Tokyo): Qualification,Hard,3,Adolfo Vallejo,Jaime Faria,p1_games,over,12.5,0.3876,2.58,2.08,0.4497,-6.2,-0.1938,0,94,1900017
2026-09-29 05:00,atp,ATP 500,Japan Open (Tokyo): Qualification,Hard,3,Adolfo Vallejo,Jaime Faria,p1_games,under,12.5,0.6124,1.63,1.7,0.5503,6.2,0.0411,0,94,1900017
2026-09-29 05:00,atp,ATP 500,Japan Open (Tokyo): Qualification,Hard,3,Adolfo Vallejo,Jaime Faria,p1_games,over,13.5,0.268,3.73,2.9,0.3208,-5.3,-0.2229,0,94,1900017
2026-09-29 05:00,atp,ATP 500,Japan Open (Tokyo): Qualification,Hard,3,Adolfo Vallejo,Jaime Faria,p1_games,under,13.5,0.732,1.37,1.37,0.6792,5.3,0.0029,0,94,1900017
2026-09-29 05:00,atp,ATP 500,Japan Open (Tokyo): Qualification,Hard,3,Adolfo Vallejo,Jaime Faria,p2_games,over,11.5,0.7805,1.28,1.25,0.75,3.1,-0.0244,0,94,1900017
2026-09-29 05:00,atp,ATP 500,Japan Open (Tokyo): Qualification,Hard,3,Adolfo Vallejo,Jaime Faria,p2_games,under,11.5,0.2195,4.56,3.75,0.25,-3.1,-0.1769,0,94,1900017
2026-09-29 05:00,atp,ATP 500,Japan Open (Tokyo): Qualification,Hard,3,Adolfo Vallejo,Jaime Faria,p2_games,over,12.5,0.4872,2.05,1.75,0.5346,-4.7,-0.1474,0,94,1900017
2026-09-29 05:00,atp,ATP 500,Japan Open (Tokyo): Qualification,Hard,3,Adolfo Vallejo,Jaime Faria,p2_games,under,12.5,0.5128,1.95,2.01,0.4654,4.7,0.0307,0,94,1900017
2026-09-29 05:00,atp,ATP 500,Japan Open (Tokyo): Qualification,Hard,3,Adolfo Vallejo,Jaime Faria,p2_games,over,13.5,0.3162,3.16,2.55,0.3657,-5.0,-0.1938,0,94,1900017
2026-09-29 05:00,atp,ATP 500,Japan Open (Tokyo): Qualification,Hard,3,Adolfo Vallejo,Jaime Faria,p2_games,under,13.5,0.6838,1.46,1.47,0.6343,5.0,0.0052,0,94,1900017
2026-09-29 05:00,atp,ATP 500,Japan Open (Tokyo): Qualification,Hard,3,Adolfo Vallejo,Jaime Faria,game_handicap,player_a,2.5,0.4537,2.2,,,,,0,94,1900017
2026-09-29 05:00,atp,ATP 500,Japan Open (Tokyo): Qualification,Hard,3,Adolfo Vallejo,Jaime Faria,game_handicap,player_b,-2.5,0.5463,1.83,,,,,0,94,1900017
2026-09-29 11:00,atp,ATP 250,Chengdu Open,Hard,3,Hubert Hurkacz,Alejandro Davidovich Fokina,winner,player_a,,0.5002,2.0,1.68,0.5725,-7.2,-0.1597,0,100,1900374
2026-09-29 11:00,atp,ATP 250,Chengdu Open,Hard,3,Hubert Hurkacz,Alejandro Davidovich Fokina,winner,player_b,,0.4998,2.0,2.25,0.4275,7.2,0.1246,0,100,1900374
2026-09-29 11:00,atp,ATP 250,Chengdu Open,Hard,3,Hubert Hurkacz,Alejandro Davidovich Fokina,total_games,over,22.5,0.5169,1.93,1.65,0.5669,-5.0,-0.1471,0,100,1900374
2026-09-29 11:00,atp,ATP 250,Chengdu Open,Hard,3,Hubert Hurkacz,Alejandro Davidovich Fokina,total_games,under,22.5,0.4831,2.07,2.16,0.4331,5.0,0.0435,0,100,1900374
2026-09-29 11:00,atp,ATP 250,Chengdu Open,Hard,3,Hubert Hurkacz,Alejandro Davidovich Fokina,total_games,over,23.5,0.4517,2.21,1.91,0.4893,-3.8,-0.1372,0,100,1900374
2026-09-29 11:00,atp,ATP 250,Chengdu Open,Hard,3,Hubert Hurkacz,Alejandro Davidovich Fokina,total_games,under,23.5,0.5483,1.82,1.83,0.5107,3.8,0.0033,0,100,1900374
2026-09-29 11:00,atp,ATP 250,Chengdu Open,Hard,3,Hubert Hurkacz,Alejandro Davidovich Fokina,total_games,over,24.5,0.4418,2.26,1.94,0.4827,-4.1,-0.1429,0,100,1900374
2026-09-29 11:00,atp,ATP 250,Chengdu Open,Hard,3,Hubert Hurkacz,Alejandro Davidovich Fokina,total_games,under,24.5,0.5582,1.79,1.81,0.5173,4.1,0.0104,0,100,1900374
2026-09-29 11:00,atp,ATP 250,Chengdu Open,Hard,3,Hubert Hurkacz,Alejandro Davidovich Fokina,p1_games,over,11.5,0.6893,1.45,1.25,0.7475,-5.8,-0.1384,0,100,1900374
2026-09-29 11:00,atp,ATP 250,Chengdu Open,Hard,3,Hubert Hurkacz,Alejandro Davidovich Fokina,p1_games,under,11.5,0.3107,3.22,3.7,0.2525,5.8,0.1496,0,100,1900374
2026-09-29 11:00,atp,ATP 250,Chengdu Open,Hard,3,Hubert Hurkacz,Alejandro Davidovich Fokina,p1_games,over,12.5,0.5018,1.99,1.62,0.577,-7.5,-0.1871,0,100,1900374
2026-09-29 11:00,atp,ATP 250,Chengdu Open,Hard,3,Hubert Hurkacz,Alejandro Davidovich Fokina,p1_games,under,12.5,0.4982,2.01,2.21,0.423,7.5,0.1011,0,100,1900374
2026-09-29 11:00,atp,ATP 250,Chengdu Open,Hard,3,Hubert Hurkacz,Alejandro Davidovich Fokina,p1_games,over,13.5,0.344,2.91,2.3,0.4057,-6.2,-0.2089,0,100,1900374
2026-09-29 11:00,atp,ATP 250,Chengdu Open,Hard,3,Hubert Hurkacz,Alejandro Davidovich Fokina,p1_games,under,13.5,0.656,1.52,1.57,0.5943,6.2,0.03,0,100,1900374
2026-09-29 11:00,atp,ATP 250,Chengdu Open,Hard,3,Hubert Hurkacz,Alejandro Davidovich Fokina,p2_games,over,11.5,0.6878,1.45,1.45,0.6463,4.1,-0.0028,0,100,1900374
2026-09-29 11:00,atp,ATP 250,Chengdu Open,Hard,3,Hubert Hurkacz,Alejandro Davidovich Fokina,p2_games,under,11.5,0.3122,3.2,2.65,0.3537,-4.1,-0.1726,0,100,1900374
2026-09-29 11:00,atp,ATP 250,Chengdu Open,Hard,3,Hubert Hurkacz,Alejandro Davidovich Fokina,p2_games,over,12.5,0.501,2.0,1.81,0.516,-1.5,-0.0932,0,100,1900374
2026-09-29 11:00,atp,ATP 250,Chengdu Open,Hard,3,Hubert Hurkacz,Alejandro Davidovich Fokina,p2_games,under,12.5,0.499,2.0,1.93,0.484,1.5,-0.037,0,100,1900374
2026-09-29 11:00,atp,ATP 250,Chengdu Open,Hard,3,Hubert Hurkacz,Alejandro Davidovich Fokina,p2_games,over,13.5,0.3436,2.91,2.5,0.3734,-3.0,-0.141,0,100,1900374
2026-09-29 11:00,atp,ATP 250,Chengdu Open,Hard,3,Hubert Hurkacz,Alejandro Davidovich Fokina,p2_games,under,13.5,0.6564,1.52,1.49,0.6266,3.0,-0.022,0,100,1900374
2026-09-29 11:00,atp,ATP 250,Chengdu Open,Hard,3,Hubert Hurkacz,Alejandro Davidovich Fokina,game_handicap,player_a,-0.5,0.4824,2.07,,,,,0,100,1900374
2026-09-29 11:00,atp,ATP 250,Chengdu Open,Hard,3,Hubert Hurkacz,Alejandro Davidovich Fokina,game_handicap,player_b,0.5,0.5176,1.93,,,,,0,100,1900374
2026-09-29 11:30,atp,ATP 250,Hangzhou Open,Hard,3,Daniil Medvedev,Andrey Rublev,winner,player_a,,0.6131,1.63,1.51,0.637,-2.4,-0.0742,0,100,1900366
2026-09-29 11:30,atp,ATP 250,Hangzhou Open,Hard,3,Daniil Medvedev,Andrey Rublev,winner,player_b,,0.3869,2.58,2.65,0.363,2.4,0.0252,0,100,1900366
2026-09-29 11:30,atp,ATP 250,Hangzhou Open,Hard,3,Daniil Medvedev,Andrey Rublev,total_games,over,21.5,0.5525,1.81,1.53,0.6107,-5.8,-0.1547,0,100,1900366
2026-09-29 11:30,atp,ATP 250,Hangzhou Open,Hard,3,Daniil Medvedev,Andrey Rublev,total_games,under,21.5,0.4475,2.23,2.4,0.3893,5.8,0.074,0,100,1900366
2026-09-29 11:30,atp,ATP 250,Hangzhou Open,Hard,3,Daniil Medvedev,Andrey Rublev,total_games,over,22.5,0.4773,2.1,1.78,0.5253,-4.8,-0.1504,0,100,1900366
2026-09-29 11:30,atp,ATP 250,Hangzhou Open,Hard,3,Daniil Medvedev,Andrey Rublev,total_games,under,22.5,0.5227,1.91,1.97,0.4747,4.8,0.0297,0,100,1900366
2026-09-29 11:30,atp,ATP 250,Hangzhou Open,Hard,3,Daniil Medvedev,Andrey Rublev,total_games,over,23.5,0.4236,2.36,2.03,0.4601,-3.6,-0.1401,0,100,1900366
2026-09-29 11:30,atp,ATP 250,Hangzhou Open,Hard,3,Daniil Medvedev,Andrey Rublev,total_games,under,23.5,0.5764,1.73,1.73,0.5399,3.6,-0.0029,0,100,1900366
2026-09-29 11:30,atp,ATP 250,Hangzhou Open,Hard,3,Daniil Medvedev,Andrey Rublev,p1_games,over,11.5,0.7661,1.31,1.21,0.7721,-0.6,-0.073,0,100,1900366
2026-09-29 11:30,atp,ATP 250,Hangzhou Open,Hard,3,Daniil Medvedev,Andrey Rublev,p1_games,under,11.5,0.2339,4.28,4.1,0.2279,0.6,-0.041,0,100,1900366
2026-09-29 11:30,atp,ATP 250,Hangzhou Open,Hard,3,Daniil Medvedev,Andrey Rublev,p1_games,over,12.5,0.504,1.98,1.72,0.5438,-4.0,-0.1332,0,100,1900366
2026-09-29 11:30,atp,ATP 250,Hangzhou Open,Hard,3,Daniil Medvedev,Andrey Rublev,p1_games,under,12.5,0.496,2.02,2.05,0.4562,4.0,0.0169,0,100,1900366
2026-09-29 11:30,atp,ATP 250,Hangzhou Open,Hard,3,Daniil Medvedev,Andrey Rublev,p1_games,over,13.5,0.3312,3.02,2.55,0.3657,-3.5,-0.1555,0,100,1900366
2026-09-29 11:30,atp,ATP 250,Hangzhou Open,Hard,3,Daniil Medvedev,Andrey Rublev,p1_games,under,13.5,0.6688,1.5,1.47,0.6343,3.5,-0.0168,0,100,1900366
2026-09-29 11:30,atp,ATP 250,Hangzhou Open,Hard,3,Daniil Medvedev,Andrey Rublev,p2_games,over,10.5,0.606,1.65,1.57,0.5943,1.2,-0.0485,0,100,1900366
2026-09-29 11:30,atp,ATP 250,Hangzhou Open,Hard,3,Daniil Medvedev,Andrey Rublev,p2_games,under,10.5,0.394,2.54,2.3,0.4057,-1.2,-0.0939,0,100,1900366
2026-09-29 11:30,atp,ATP 250,Hangzhou Open,Hard,3,Daniil Medvedev,Andrey Rublev,p2_games,over,11.5,0.5731,1.74,1.67,0.5605,1.3,-0.043,0,100,1900366
2026-09-29 11:30,atp,ATP 250,Hangzhou Open,Hard,3,Daniil Medvedev,Andrey Rublev,p2_games,under,11.5,0.4269,2.34,2.13,0.4395,-1.3,-0.0907,0,100,1900366
2026-09-29 11:30,atp,ATP 250,Hangzhou Open,Hard,3,Daniil Medvedev,Andrey Rublev,p2_games,over,12.5,0.4216,2.37,2.15,0.4342,-1.3,-0.0936,0,100,1900366
2026-09-29 11:30,atp,ATP 250,Hangzhou Open,Hard,3,Daniil Medvedev,Andrey Rublev,p2_games,under,12.5,0.5784,1.73,1.65,0.5658,1.3,-0.0456,0,100,1900366
2026-09-29 11:30,atp,ATP 250,Hangzhou Open,Hard,3,Daniil Medvedev,Andrey Rublev,game_handicap,player_a,-2.5,0.5094,1.96,,,,,0,100,1900366
2026-09-29 11:30,atp,ATP 250,Hangzhou Open,Hard,3,Daniil Medvedev,Andrey Rublev,game_handicap,player_b,2.5,0.4906,2.04,,,,,0,100,1900366
2026-09-29 03:00,wta,WTA 1000,China Open: Qualification,Hard,3,Elsa Jacquemot,Vivian Wolff,winner,player_a,,0.5698,1.75,1.36,0.7082,-13.8,-0.225,0,81,1899900
2026-09-29 03:00,wta,WTA 1000,China Open: Qualification,Hard,3,Elsa Jacquemot,Vivian Wolff,winner,player_b,,0.4302,2.32,3.3,0.2918,13.8,0.4195,0,81,1899900
2026-09-29 03:00,wta,WTA 1000,China Open: Qualification,Hard,3,Elsa Jacquemot,Vivian Wolff,total_games,over,17.5,0.7264,1.38,1.31,0.7277,-0.1,-0.0484,1,81,1899900
2026-09-29 03:00,wta,WTA 1000,China Open: Qualification,Hard,3,Elsa Jacquemot,Vivian Wolff,total_games,under,17.5,0.2736,3.66,3.5,0.2723,0.1,-0.0424,1,81,1899900
2026-09-29 03:00,wta,WTA 1000,China Open: Qualification,Hard,3,Elsa Jacquemot,Vivian Wolff,total_games,over,18.5,0.642,1.56,1.48,0.6416,0.0,-0.0499,1,81,1899900
2026-09-29 03:00,wta,WTA 1000,China Open: Qualification,Hard,3,Elsa Jacquemot,Vivian Wolff,total_games,under,18.5,0.358,2.79,2.65,0.3584,-0.0,-0.0512,1,81,1899900
2026-09-29 03:00,wta,WTA 1000,China Open: Qualification,Hard,3,Elsa Jacquemot,Vivian Wolff,total_games,over,19.5,0.5658,1.77,1.69,0.5633,0.3,-0.0437,1,81,1899900
2026-09-29 03:00,wta,WTA 1000,China Open: Qualification,Hard,3,Elsa Jacquemot,Vivian Wolff,total_games,under,19.5,0.4342,2.3,2.18,0.4367,-0.3,-0.0535,1,81,1899900
2026-09-29 03:00,wta,WTA 1000,China Open: Qualification,Hard,3,Elsa Jacquemot,Vivian Wolff,total_games,over,20.5,0.5008,2.0,1.93,0.4934,0.7,-0.0334,1,81,1899900
2026-09-29 03:00,wta,WTA 1000,China Open: Qualification,Hard,3,Elsa Jacquemot,Vivian Wolff,total_games,under,20.5,0.4992,2.0,1.88,0.5066,-0.7,-0.0616,1,81,1899900
2026-09-29 03:00,wta,WTA 1000,China Open: Qualification,Hard,3,Elsa Jacquemot,Vivian Wolff,total_games,over,21.5,0.4532,2.21,2.14,0.4456,0.8,-0.0302,1,81,1899900
2026-09-29 03:00,wta,WTA 1000,China Open: Qualification,Hard,3,Elsa Jacquemot,Vivian Wolff,total_games,under,21.5,0.5468,1.83,1.72,0.5544,-0.8,-0.0595,1,81,1899900
2026-09-29 03:00,wta,WTA 1000,China Open: Qualification,Hard,3,Elsa Jacquemot,Vivian Wolff,total_games,over,22.5,0.3984,2.51,2.45,0.389,0.9,-0.0238,1,81,1899900
2026-09-29 03:00,wta,WTA 1000,China Open: Qualification,Hard,3,Elsa Jacquemot,Vivian Wolff,total_games,under,22.5,0.6016,1.66,1.56,0.611,-0.9,-0.0616,1,81,1899900
2026-09-29 03:00,wta,WTA 1000,China Open: Qualification,Hard,3,Elsa Jacquemot,Vivian Wolff,total_games,over,23.5,0.363,2.75,2.7,0.3525,1.0,-0.0199,1,81,1899900
2026-09-29 03:00,wta,WTA 1000,China Open: Qualification,Hard,3,Elsa Jacquemot,Vivian Wolff,total_games,under,23.5,0.637,1.57,1.47,0.6475,-1.0,-0.0636,1,81,1899900
2026-09-29 03:00,wta,WTA 1000,China Open: Qualification,Hard,3,Elsa Jacquemot,Vivian Wolff,p1_games,over,11.5,0.6922,1.44,1.18,0.7885,-9.6,-0.1832,1,81,1899900
2026-09-29 03:00,wta,WTA 1000,China Open: Qualification,Hard,3,Elsa Jacquemot,Vivian Wolff,p1_games,under,11.5,0.3078,3.25,4.4,0.2115,9.6,0.3541,1,81,1899900
2026-09-29 03:00,wta,WTA 1000,China Open: Qualification,Hard,3,Elsa Jacquemot,Vivian Wolff,p1_games,over,12.5,0.4005,2.5,2.08,0.4497,-4.9,-0.1669,1,81,1899900
2026-09-29 03:00,wta,WTA 1000,China Open: Qualification,Hard,3,Elsa Jacquemot,Vivian Wolff,p1_games,under,12.5,0.5995,1.67,1.7,0.5503,4.9,0.0191,1,81,1899900
2026-09-29 03:00,wta,WTA 1000,China Open: Qualification,Hard,3,Elsa Jacquemot,Vivian Wolff,p1_games,over,13.5,0.2606,3.84,3.25,0.2873,-2.7,-0.1532,1,81,1899900
2026-09-29 03:00,wta,WTA 1000,China Open: Qualification,Hard,3,Elsa Jacquemot,Vivian Wolff,p1_games,under,13.5,0.7394,1.35,1.31,0.7127,2.7,-0.0313,1,81,1899900
2026-09-29 03:00,wta,WTA 1000,China Open: Qualification,Hard,3,Elsa Jacquemot,Vivian Wolff,p2_games,over,8.5,0.6701,1.49,1.68,0.5556,11.5,0.1258,1,81,1899900
2026-09-29 03:00,wta,WTA 1000,China Open: Qualification,Hard,3,Elsa Jacquemot,Vivian Wolff,p2_games,under,8.5,0.3299,3.03,2.1,0.4444,-11.5,-0.3073,1,81,1899900
2026-09-29 03:00,wta,WTA 1000,China Open: Qualification,Hard,3,Elsa Jacquemot,Vivian Wolff,p2_games,over,9.5,0.6325,1.58,1.84,0.508,12.4,0.1638,1,81,1899900
2026-09-29 03:00,wta,WTA 1000,China Open: Qualification,Hard,3,Elsa Jacquemot,Vivian Wolff,p2_games,under,9.5,0.3675,2.72,1.9,0.492,-12.4,-0.3017,1,81,1899900
2026-09-29 03:00,wta,WTA 1000,China Open: Qualification,Hard,3,Elsa Jacquemot,Vivian Wolff,p2_games,over,10.5,0.5993,1.67,2.0,0.4681,13.1,0.1986,1,81,1899900
2026-09-29 03:00,wta,WTA 1000,China Open: Qualification,Hard,3,Elsa Jacquemot,Vivian Wolff,p2_games,under,10.5,0.4007,2.5,1.76,0.5319,-13.1,-0.2948,1,81,1899900
2026-09-29 03:00,wta,WTA 1000,China Open: Qualification,Hard,3,Elsa Jacquemot,Vivian Wolff,game_handicap,player_a,-1.5,0.5288,1.89,,,,,1,81,1899900
2026-09-29 03:00,wta,WTA 1000,China Open: Qualification,Hard,3,Elsa Jacquemot,Vivian Wolff,game_handicap,player_b,1.5,0.4712,2.12,,,,,1,81,1899900
2026-09-29 03:00,wta,WTA 1000,China Open: Qualification,Hard,3,Harriet Dart,Yexin Ma,winner,player_a,,0.5185,1.93,1.51,0.637,-11.8,-0.217,0,88,1899899
2026-09-29 03:00,wta,WTA 1000,China Open: Qualification,Hard,3,Harriet Dart,Yexin Ma,winner,player_b,,0.4815,2.08,2.65,0.363,11.8,0.2759,0,88,1899899
2026-09-29 03:00,wta,WTA 1000,China Open: Qualification,Hard,3,Harriet Dart,Yexin Ma,total_games,over,17.5,0.7236,1.38,1.27,0.752,-2.8,-0.081,1,88,1899899
2026-09-29 03:00,wta,WTA 1000,China Open: Qualification,Hard,3,Harriet Dart,Yexin Ma,total_games,under,17.5,0.2764,3.62,3.85,0.248,2.8,0.0642,1,88,1899899
2026-09-29 03:00,wta,WTA 1000,China Open: Qualification,Hard,3,Harriet Dart,Yexin Ma,total_games,over,18.5,0.6398,1.56,1.43,0.6659,-2.6,-0.085,1,88,1899899
2026-09-29 03:00,wta,WTA 1000,China Open: Qualification,Hard,3,Harriet Dart,Yexin Ma,total_games,under,18.5,0.3602,2.78,2.85,0.3341,2.6,0.0264,1,88,1899899
2026-09-29 03:00,wta,WTA 1000,China Open: Qualification,Hard,3,Harriet Dart,Yexin Ma,total_games,over,19.5,0.5645,1.77,1.62,0.5878,-2.3,-0.0855,1,88,1899899
2026-09-29 03:00,wta,WTA 1000,China Open: Qualification,Hard,3,Harriet Dart,Yexin Ma,total_games,under,19.5,0.4355,2.3,2.31,0.4122,2.3,0.006,1,88,1899899
2026-09-29 03:00,wta,WTA 1000,China Open: Qualification,Hard,3,Harriet Dart,Yexin Ma,total_games,over,20.5,0.5005,2.0,1.83,0.5197,-1.9,-0.0841,1,88,1899899
2026-09-29 03:00,wta,WTA 1000,China Open: Qualification,Hard,3,Harriet Dart,Yexin Ma,total_games,under,20.5,0.4995,2.0,1.98,0.4803,1.9,-0.011,1,88,1899899
2026-09-29 03:00,wta,WTA 1000,China Open: Qualification,Hard,3,Harriet Dart,Yexin Ma,total_games,over,21.5,0.4533,2.21,2.03,0.4686,-1.5,-0.0798,1,88,1899899
2026-09-29 03:00,wta,WTA 1000,China Open: Qualification,Hard,3,Harriet Dart,Yexin Ma,total_games,under,21.5,0.5467,1.83,1.79,0.5314,1.5,-0.0214,1,88,1899899
2026-09-29 03:00,wta,WTA 1000,China Open: Qualification,Hard,3,Harriet Dart,Yexin Ma,total_games,over,22.5,0.3993,2.5,2.32,0.4112,-1.2,-0.0735,1,88,1899899
2026-09-29 03:00,wta,WTA 1000,China Open: Qualification,Hard,3,Harriet Dart,Yexin Ma,total_games,under,22.5,0.6007,1.66,1.62,0.5888,1.2,-0.0269,1,88,1899899
2026-09-29 03:00,wta,WTA 1000,China Open: Qualification,Hard,3,Harriet Dart,Yexin Ma,total_games,over,23.5,0.3645,2.74,2.55,0.3735,-0.9,-0.0707,1,88,1899899
2026-09-29 03:00,wta,WTA 1000,China Open: Qualification,Hard,3,Harriet Dart,Yexin Ma,total_games,under,23.5,0.6355,1.57,1.52,0.6265,0.9,-0.034,1,88,1899899
2026-09-29 03:00,wta,WTA 1000,China Open: Qualification,Hard,3,Harriet Dart,Yexin Ma,p1_games,over,11.5,0.6468,1.55,1.27,0.7365,-9.0,-0.1785,1,88,1899899
2026-09-29 03:00,wta,WTA 1000,China Open: Qualification,Hard,3,Harriet Dart,Yexin Ma,p1_games,under,11.5,0.3532,2.83,3.55,0.2635,9.0,0.2537,1,88,1899899
2026-09-29 03:00,wta,WTA 1000,China Open: Qualification,Hard,3,Harriet Dart,Yexin Ma,p1_games,over,12.5,0.385,2.6,2.1,0.4459,-6.1,-0.1914,1,88,1899899
2026-09-29 03:00,wta,WTA 1000,China Open: Qualification,Hard,3,Harriet Dart,Yexin Ma,p1_games,under,12.5,0.615,1.63,1.69,0.5541,6.1,0.0393,1,88,1899899
2026-09-29 03:00,wta,WTA 1000,China Open: Qualification,Hard,3,Harriet Dart,Yexin Ma,p1_games,over,13.5,0.2527,3.96,3.25,0.2888,-3.6,-0.1786,1,88,1899899
2026-09-29 03:00,wta,WTA 1000,China Open: Qualification,Hard,3,Harriet Dart,Yexin Ma,p1_games,under,13.5,0.7473,1.34,1.32,0.7112,3.6,-0.0136,1,88,1899899
2026-09-29 03:00,wta,WTA 1000,China Open: Qualification,Hard,3,Harriet Dart,Yexin Ma,p2_games,over,10.5,0.6425,1.56,1.74,0.5372,10.5,0.1179,1,88,1899899
2026-09-29 03:00,wta,WTA 1000,China Open: Qualification,Hard,3,Harriet Dart,Yexin Ma,p2_games,under,10.5,0.3575,2.8,2.02,0.4628,-10.5,-0.2778,1,88,1899899
2026-09-29 03:00,wta,WTA 1000,China Open: Qualification,Hard,3,Harriet Dart,Yexin Ma,p2_games,over,11.5,0.6139,1.63,1.86,0.5027,11.1,0.1419,1,88,1899899
2026-09-29 03:00,wta,WTA 1000,China Open: Qualification,Hard,3,Harriet Dart,Yexin Ma,p2_games,under,11.5,0.3861,2.59,1.88,0.4973,-11.1,-0.2742,1,88,1899899
2026-09-29 03:00,wta,WTA 1000,China Open: Qualification,Hard,3,Harriet Dart,Yexin Ma,p2_games,over,12.5,0.3741,2.67,2.65,0.3521,2.2,-0.0086,1,88,1899899
2026-09-29 03:00,wta,WTA 1000,China Open: Qualification,Hard,3,Harriet Dart,Yexin Ma,p2_games,under,12.5,0.6259,1.6,1.44,0.6479,-2.2,-0.0987,1,88,1899899
2026-09-29 03:00,wta,WTA 1000,China Open: Qualification,Hard,3,Harriet Dart,Yexin Ma,game_handicap,player_a,-0.5,0.5057,1.98,,,,,1,88,1899899
2026-09-29 03:00,wta,WTA 1000,China Open: Qualification,Hard,3,Harriet Dart,Yexin Ma,game_handicap,player_b,0.5,0.4943,2.02,,,,,1,88,1899899
2026-09-29 03:00,wta,WTA 1000,China Open: Qualification,Hard,3,Jiaqi Wang,Zhuoxuan Bai,winner,player_a,,0.4912,2.04,4.5,0.2133,27.8,1.2106,0,66,1899898
2026-09-29 03:00,wta,WTA 1000,China Open: Qualification,Hard,3,Jiaqi Wang,Zhuoxuan Bai,winner,player_b,,0.5088,1.97,1.22,0.7867,-27.8,-0.3793,0,66,1899898
2026-09-29 03:00,wta,WTA 1000,China Open: Qualification,Hard,3,Jiaqi Wang,Zhuoxuan Bai,total_games,over,18.5,0.6515,1.53,1.59,0.587,6.4,0.0359,1,66,1899898
2026-09-29 03:00,wta,WTA 1000,China Open: Qualification,Hard,3,Jiaqi Wang,Zhuoxuan Bai,total_games,under,18.5,0.3485,2.87,2.26,0.413,-6.4,-0.2124,1,66,1899898
2026-09-29 03:00,wta,WTA 1000,China Open: Qualification,Hard,3,Jiaqi Wang,Zhuoxuan Bai,total_games,over,19.5,0.5749,1.74,1.84,0.508,6.7,0.0578,1,66,1899898
2026-09-29 03:00,wta,WTA 1000,China Open: Qualification,Hard,3,Jiaqi Wang,Zhuoxuan Bai,total_games,under,19.5,0.4251,2.35,1.9,0.492,-6.7,-0.1923,1,66,1899898
2026-09-29 03:00,wta,WTA 1000,China Open: Qualification,Hard,3,Jiaqi Wang,Zhuoxuan Bai,total_games,over,20.5,0.5091,1.96,2.1,0.4444,6.5,0.069,1,66,1899898
2026-09-29 03:00,wta,WTA 1000,China Open: Qualification,Hard,3,Jiaqi Wang,Zhuoxuan Bai,total_games,under,20.5,0.4909,2.04,1.68,0.5556,-6.5,-0.1752,1,66,1899898
2026-09-29 03:00,wta,WTA 1000,China Open: Qualification,Hard,3,Jiaqi Wang,Zhuoxuan Bai,p1_games,over,6.5,0.811,1.23,1.54,0.6061,20.5,0.2489,1,66,1899898
2026-09-29 03:00,wta,WTA 1000,China Open: Qualification,Hard,3,Jiaqi Wang,Zhuoxuan Bai,p1_games,under,6.5,0.189,5.29,2.37,0.3939,-20.5,-0.5521,1,66,1899898
2026-09-29 03:00,wta,WTA 1000,China Open: Qualification,Hard,3,Jiaqi Wang,Zhuoxuan Bai,p1_games,over,7.5,0.7627,1.31,1.76,0.5307,23.2,0.3423,1,66,1899898
2026-09-29 03:00,wta,WTA 1000,China Open: Qualification,Hard,3,Jiaqi Wang,Zhuoxuan Bai,p1_games,under,7.5,0.2373,4.21,1.99,0.4693,-23.2,-0.5277,1,66,1899898
2026-09-29 03:00,wta,WTA 1000,China Open: Qualification,Hard,3,Jiaqi Wang,Zhuoxuan Bai,p1_games,over,8.5,0.7199,1.39,2.0,0.4681,25.2,0.4397,1,66,1899898
2026-09-29 03:00,wta,WTA 1000,China Open: Qualification,Hard,3,Jiaqi Wang,Zhuoxuan Bai,p1_games,under,8.5,0.2801,3.57,1.76,0.5319,-25.2,-0.507,1,66,1899898
2026-09-29 03:00,wta,WTA 1000,China Open: Qualification,Hard,3,Jiaqi Wang,Zhuoxuan Bai,p2_games,over,11.5,0.6415,1.56,1.11,0.8439,-20.2,-0.288,1,66,1899898
2026-09-29 03:00,wta,WTA 1000,China Open: Qualification,Hard,3,Jiaqi Wang,Zhuoxuan Bai,p2_games,under,11.5,0.3585,2.79,6.0,0.1561,20.2,1.1512,1,66,1899898
2026-09-29 03:00,wta,WTA 1000,China Open: Qualification,Hard,3,Jiaqi Wang,Zhuoxuan Bai,p2_games,over,12.5,0.3893,2.57,2.15,0.4342,-4.5,-0.1631,1,66,1899898
2026-09-29 03:00,wta,WTA 1000,China Open: Qualification,Hard,3,Jiaqi Wang,Zhuoxuan Bai,p2_games,under,12.5,0.6107,1.64,1.65,0.5658,4.5,0.0077,1,66,1899898
2026-09-29 03:00,wta,WTA 1000,China Open: Qualification,Hard,3,Jiaqi Wang,Zhuoxuan Bai,p2_games,over,13.5,0.2563,3.9,3.5,0.2678,-1.1,-0.103,1,66,1899898
2026-09-29 03:00,wta,WTA 1000,China Open: Qualification,Hard,3,Jiaqi Wang,Zhuoxuan Bai,p2_games,under,13.5,0.7437,1.34,1.28,0.7322,1.1,-0.0481,1,66,1899898
2026-09-29 03:00,wta,WTA 1000,China Open: Qualification,Hard,3,Jiaqi Wang,Zhuoxuan Bai,game_handicap,player_a,-0.5,0.4781,2.09,,,,,1,66,1899898
2026-09-29 03:00,wta,WTA 1000,China Open: Qualification,Hard,3,Jiaqi Wang,Zhuoxuan Bai,game_handicap,player_b,0.5,0.5219,1.92,,,,,1,66,1899898
2026-09-29 03:00,wta,WTA 1000,China Open: Qualification,Hard,3,Katarzyna Kawa,Valeria Savinykh,winner,player_a,,0.4146,2.41,1.33,0.7218,-30.7,-0.4485,0,66,1899902
2026-09-29 03:00,wta,WTA 1000,China Open: Qualification,Hard,3,Katarzyna Kawa,Valeria Savinykh,winner,player_b,,0.5854,1.71,3.45,0.2782,30.7,1.0195,0,66,1899902
2026-09-29 03:00,wta,WTA 1000,China Open: Qualification,Hard,3,Katarzyna Kawa,Valeria Savinykh,total_games,over,17.5,0.7179,1.39,1.35,0.7065,1.1,-0.0308,1,66,1899902
2026-09-29 03:00,wta,WTA 1000,China Open: Qualification,Hard,3,Katarzyna Kawa,Valeria Savinykh,total_games,under,17.5,0.2821,3.55,3.25,0.2935,-1.1,-0.0833,1,66,1899902
2026-09-29 03:00,wta,WTA 1000,China Open: Qualification,Hard,3,Katarzyna Kawa,Valeria Savinykh,total_games,over,18.5,0.6338,1.58,1.53,0.6203,1.3,-0.0303,1,66,1899902
2026-09-29 03:00,wta,WTA 1000,China Open: Qualification,Hard,3,Katarzyna Kawa,Valeria Savinykh,total_games,under,18.5,0.3662,2.73,2.5,0.3797,-1.3,-0.0845,1,66,1899902
2026-09-29 03:00,wta,WTA 1000,China Open: Qualification,Hard,3,Katarzyna Kawa,Valeria Savinykh,total_games,over,19.5,0.5583,1.79,1.75,0.5431,1.5,-0.023,1,66,1899902
2026-09-29 03:00,wta,WTA 1000,China Open: Qualification,Hard,3,Katarzyna Kawa,Valeria Savinykh,total_games,under,19.5,0.4417,2.26,2.08,0.4569,-1.5,-0.0813,1,66,1899902
2026-09-29 03:00,wta,WTA 1000,China Open: Qualification,Hard,3,Katarzyna Kawa,Valeria Savinykh,total_games,over,20.5,0.4942,2.02,2.0,0.4764,1.8,-0.0116,1,66,1899902
2026-09-29 03:00,wta,WTA 1000,China Open: Qualification,Hard,3,Katarzyna Kawa,Valeria Savinykh,total_games,under,20.5,0.5058,1.98,1.82,0.5236,-1.8,-0.0795,1,66,1899902
2026-09-29 03:00,wta,WTA 1000,China Open: Qualification,Hard,3,Katarzyna Kawa,Valeria Savinykh,total_games,over,21.5,0.4471,2.24,2.22,0.4293,1.8,-0.0075,1,66,1899902
2026-09-29 03:00,wta,WTA 1000,China Open: Qualification,Hard,3,Katarzyna Kawa,Valeria Savinykh,total_games,under,21.5,0.5529,1.81,1.67,0.5707,-1.8,-0.0766,1,66,1899902
2026-09-29 03:00,wta,WTA 1000,China Open: Qualification,Hard,3,Katarzyna Kawa,Valeria Savinykh,total_games,over,22.5,0.3933,2.54,2.55,0.3735,2.0,0.003,1,66,1899902
2026-09-29 03:00,wta,WTA 1000,China Open: Qualification,Hard,3,Katarzyna Kawa,Valeria Savinykh,total_games,under,22.5,0.6067,1.65,1.52,0.6265,-2.0,-0.0778,1,66,1899902
2026-09-29 03:00,wta,WTA 1000,China Open: Qualification,Hard,3,Katarzyna Kawa,Valeria Savinykh,total_games,over,23.5,0.3586,2.79,2.8,0.3412,1.7,0.0042,1,66,1899902
2026-09-29 03:00,wta,WTA 1000,China Open: Qualification,Hard,3,Katarzyna Kawa,Valeria Savinykh,total_games,under,23.5,0.6414,1.56,1.45,0.6588,-1.7,-0.07,1,66,1899902
2026-09-29 03:00,wta,WTA 1000,China Open: Qualification,Hard,3,Katarzyna Kawa,Valeria Savinykh,p1_games,over,11.5,0.552,1.81,1.17,0.7972,-24.5,-0.3541,1,66,1899902
2026-09-29 03:00,wta,WTA 1000,China Open: Qualification,Hard,3,Katarzyna Kawa,Valeria Savinykh,p1_games,under,11.5,0.448,2.23,4.6,0.2028,24.5,1.0606,1,66,1899902
2026-09-29 03:00,wta,WTA 1000,China Open: Qualification,Hard,3,Katarzyna Kawa,Valeria Savinykh,p1_games,over,12.5,0.3494,2.86,2.12,0.4406,-9.1,-0.2592,1,66,1899902
2026-09-29 03:00,wta,WTA 1000,China Open: Qualification,Hard,3,Katarzyna Kawa,Valeria Savinykh,p1_games,under,12.5,0.6506,1.54,1.67,0.5594,9.1,0.0864,1,66,1899902
2026-09-29 03:00,wta,WTA 1000,China Open: Qualification,Hard,3,Katarzyna Kawa,Valeria Savinykh,p1_games,over,13.5,0.2322,4.31,3.35,0.2796,-4.7,-0.2222,1,66,1899902
2026-09-29 03:00,wta,WTA 1000,China Open: Qualification,Hard,3,Katarzyna Kawa,Valeria Savinykh,p1_games,under,13.5,0.7678,1.3,1.3,0.7204,4.7,-0.0019,1,66,1899902
2026-09-29 03:00,wta,WTA 1000,China Open: Qualification,Hard,3,Katarzyna Kawa,Valeria Savinykh,p2_games,over,8.5,0.7833,1.28,1.75,0.5333,25.0,0.3708,1,66,1899902
2026-09-29 03:00,wta,WTA 1000,China Open: Qualification,Hard,3,Katarzyna Kawa,Valeria Savinykh,p2_games,under,8.5,0.2167,4.62,2.0,0.4667,-25.0,-0.5667,1,66,1899902
2026-09-29 03:00,wta,WTA 1000,China Open: Qualification,Hard,3,Katarzyna Kawa,Valeria Savinykh,p2_games,over,9.5,0.7544,1.33,1.92,0.4866,26.8,0.4484,1,66,1899902
2026-09-29 03:00,wta,WTA 1000,China Open: Qualification,Hard,3,Katarzyna Kawa,Valeria Savinykh,p2_games,under,9.5,0.2456,4.07,1.82,0.5134,-26.8,-0.553,1,66,1899902
2026-09-29 03:00,wta,WTA 1000,China Open: Qualification,Hard,3,Katarzyna Kawa,Valeria Savinykh,p2_games,over,10.5,0.7282,1.37,2.09,0.4471,28.1,0.5219,1,66,1899902
2026-09-29 03:00,wta,WTA 1000,China Open: Qualification,Hard,3,Katarzyna Kawa,Valeria Savinykh,p2_games,under,10.5,0.2718,3.68,1.69,0.5529,-28.1,-0.5406,1,66,1899902
2026-09-29 03:00,wta,WTA 1000,China Open: Qualification,Hard,3,Katarzyna Kawa,Valeria Savinykh,game_handicap,player_a,2.5,0.4908,2.04,,,,,1,66,1899902
2026-09-29 03:00,wta,WTA 1000,China Open: Qualification,Hard,3,Katarzyna Kawa,Valeria Savinykh,game_handicap,player_b,-2.5,0.5092,1.96,,,,,1,66,1899902
2026-09-29 04:30,wta,WTA 1000,China Open: Qualification,Hard,3,Aliaksandra Sasnovich,Varvara Lepchenko,winner,player_a,,0.6884,1.45,1.26,0.7605,-7.2,-0.1326,0,100,1900285
2026-09-29 04:30,wta,WTA 1000,China Open: Qualification,Hard,3,Aliaksandra Sasnovich,Varvara Lepchenko,winner,player_b,,0.3116,3.21,4.0,0.2395,7.2,0.2465,0,100,1900285
2026-09-29 04:30,wta,WTA 1000,China Open: Qualification,Hard,3,Aliaksandra Sasnovich,Varvara Lepchenko,total_games,over,16.5,0.7871,1.27,1.2,0.7931,-0.6,-0.0554,0,100,1900285
2026-09-29 04:30,wta,WTA 1000,China Open: Qualification,Hard,3,Aliaksandra Sasnovich,Varvara Lepchenko,total_games,under,16.5,0.2129,4.7,4.6,0.2069,0.6,-0.0209,0,100,1900285
2026-09-29 04:30,wta,WTA 1000,China Open: Qualification,Hard,3,Aliaksandra Sasnovich,Varvara Lepchenko,total_games,over,17.5,0.6948,1.44,1.36,0.6984,-0.4,-0.0551,0,100,1900285
2026-09-29 04:30,wta,WTA 1000,China Open: Qualification,Hard,3,Aliaksandra Sasnovich,Varvara Lepchenko,total_games,under,17.5,0.3052,3.28,3.15,0.3016,0.4,-0.0385,0,100,1900285
2026-09-29 04:30,wta,WTA 1000,China Open: Qualification,Hard,3,Aliaksandra Sasnovich,Varvara Lepchenko,total_games,over,18.5,0.6088,1.64,1.56,0.611,-0.2,-0.0503,0,100,1900285
2026-09-29 04:30,wta,WTA 1000,China Open: Qualification,Hard,3,Aliaksandra Sasnovich,Varvara Lepchenko,total_games,under,18.5,0.3912,2.56,2.45,0.389,0.2,-0.0415,0,100,1900285
2026-09-29 04:30,wta,WTA 1000,China Open: Qualification,Hard,3,Aliaksandra Sasnovich,Varvara Lepchenko,total_games,over,19.5,0.5327,1.88,1.79,0.5314,0.1,-0.0464,0,100,1900285
2026-09-29 04:30,wta,WTA 1000,China Open: Qualification,Hard,3,Aliaksandra Sasnovich,Varvara Lepchenko,total_games,under,19.5,0.4673,2.14,2.03,0.4686,-0.1,-0.0514,0,100,1900285
2026-09-29 04:30,wta,WTA 1000,China Open: Qualification,Hard,3,Aliaksandra Sasnovich,Varvara Lepchenko,total_games,over,20.5,0.4682,2.14,2.05,0.4648,0.3,-0.0401,0,100,1900285
2026-09-29 04:30,wta,WTA 1000,China Open: Qualification,Hard,3,Aliaksandra Sasnovich,Varvara Lepchenko,total_games,under,20.5,0.5318,1.88,1.78,0.5352,-0.3,-0.0535,0,100,1900285
2026-09-29 04:30,wta,WTA 1000,China Open: Qualification,Hard,3,Aliaksandra Sasnovich,Varvara Lepchenko,total_games,over,21.5,0.4214,2.37,2.29,0.4158,0.6,-0.0351,0,100,1900285
2026-09-29 04:30,wta,WTA 1000,China Open: Qualification,Hard,3,Aliaksandra Sasnovich,Varvara Lepchenko,total_games,under,21.5,0.5786,1.73,1.63,0.5842,-0.6,-0.0568,0,100,1900285
2026-09-29 04:30,wta,WTA 1000,China Open: Qualification,Hard,3,Aliaksandra Sasnovich,Varvara Lepchenko,total_games,over,22.5,0.3684,2.71,2.65,0.3599,0.8,-0.0237,0,100,1900285
2026-09-29 04:30,wta,WTA 1000,China Open: Qualification,Hard,3,Aliaksandra Sasnovich,Varvara Lepchenko,total_games,under,22.5,0.6316,1.58,1.49,0.6401,-0.8,-0.0589,0,100,1900285
2026-09-29 04:30,wta,WTA 1000,China Open: Qualification,Hard,3,Aliaksandra Sasnovich,Varvara Lepchenko,p1_games,over,11.5,0.7897,1.27,1.13,0.827,-3.7,-0.1077,0,100,1900285
2026-09-29 04:30,wta,WTA 1000,China Open: Qualification,Hard,3,Aliaksandra Sasnovich,Varvara Lepchenko,p1_games,under,11.5,0.2103,4.75,5.4,0.173,3.7,0.1358,0,100,1900285
2026-09-29 04:30,wta,WTA 1000,China Open: Qualification,Hard,3,Aliaksandra Sasnovich,Varvara Lepchenko,p1_games,over,12.5,0.4084,2.45,2.1,0.4444,-3.6,-0.1423,0,100,1900285
2026-09-29 04:30,wta,WTA 1000,China Open: Qualification,Hard,3,Aliaksandra Sasnovich,Varvara Lepchenko,p1_games,under,12.5,0.5916,1.69,1.68,0.5556,3.6,-0.0061,0,100,1900285
2026-09-29 04:30,wta,WTA 1000,China Open: Qualification,Hard,3,Aliaksandra Sasnovich,Varvara Lepchenko,p1_games,over,13.5,0.2562,3.9,3.35,0.278,-2.2,-0.1418,0,100,1900285
2026-09-29 04:30,wta,WTA 1000,China Open: Qualification,Hard,3,Aliaksandra Sasnovich,Varvara Lepchenko,p1_games,under,13.5,0.7438,1.34,1.29,0.722,2.2,-0.0405,0,100,1900285
2026-09-29 04:30,wta,WTA 1000,China Open: Qualification,Hard,3,Aliaksandra Sasnovich,Varvara Lepchenko,p2_games,over,7.5,0.6147,1.63,1.66,0.562,5.3,0.0205,0,100,1900285
2026-09-29 04:30,wta,WTA 1000,China Open: Qualification,Hard,3,Aliaksandra Sasnovich,Varvara Lepchenko,p2_games,under,7.5,0.3853,2.6,2.13,0.438,-5.3,-0.1794,0,100,1900285
2026-09-29 04:30,wta,WTA 1000,China Open: Qualification,Hard,3,Aliaksandra Sasnovich,Varvara Lepchenko,p2_games,over,8.5,0.5602,1.79,1.87,0.5,6.0,0.0476,0,100,1900285
2026-09-29 04:30,wta,WTA 1000,China Open: Qualification,Hard,3,Aliaksandra Sasnovich,Varvara Lepchenko,p2_games,under,8.5,0.4398,2.27,1.87,0.5,-6.0,-0.1776,0,100,1900285
2026-09-29 04:30,wta,WTA 1000,China Open: Qualification,Hard,3,Aliaksandra Sasnovich,Varvara Lepchenko,p2_games,over,9.5,0.5173,1.93,2.07,0.4509,6.6,0.0709,0,100,1900285
2026-09-29 04:30,wta,WTA 1000,China Open: Qualification,Hard,3,Aliaksandra Sasnovich,Varvara Lepchenko,p2_games,under,9.5,0.4827,2.07,1.7,0.5491,-6.6,-0.1795,0,100,1900285
2026-09-29 04:30,wta,WTA 1000,China Open: Qualification,Hard,3,Aliaksandra Sasnovich,Varvara Lepchenko,game_handicap,player_a,-3.5,0.5617,1.78,,,,,0,100,1900285
2026-09-29 04:30,wta,WTA 1000,China Open: Qualification,Hard,3,Aliaksandra Sasnovich,Varvara Lepchenko,game_handicap,player_b,3.5,0.4383,2.28,,,,,0,100,1900285
2026-09-29 04:30,wta,WTA 1000,China Open: Qualification,Hard,3,Andrea Lazaro Garcia,Linda Fruhvirtova,winner,player_a,,0.6195,1.61,2.2,0.4373,18.2,0.363,0,91,1899903
2026-09-29 04:30,wta,WTA 1000,China Open: Qualification,Hard,3,Andrea Lazaro Garcia,Linda Fruhvirtova,winner,player_b,,0.3805,2.63,1.71,0.5627,-18.2,-0.3494,0,91,1899903
2026-09-29 04:30,wta,WTA 1000,China Open: Qualification,Hard,3,Andrea Lazaro Garcia,Linda Fruhvirtova,total_games,over,18.5,0.6207,1.61,1.36,0.7018,-8.1,-0.1559,1,91,1899903
2026-09-29 04:30,wta,WTA 1000,China Open: Qualification,Hard,3,Andrea Lazaro Garcia,Linda Fruhvirtova,total_games,under,18.5,0.3793,2.64,3.2,0.2982,8.1,0.2139,1,91,1899903
2026-09-29 04:30,wta,WTA 1000,China Open: Qualification,Hard,3,Andrea Lazaro Garcia,Linda Fruhvirtova,total_games,over,19.5,0.5459,1.83,1.53,0.6203,-7.4,-0.1648,1,91,1899903
2026-09-29 04:30,wta,WTA 1000,China Open: Qualification,Hard,3,Andrea Lazaro Garcia,Linda Fruhvirtova,total_games,under,19.5,0.4541,2.2,2.5,0.3797,7.4,0.1353,1,91,1899903
2026-09-29 04:30,wta,WTA 1000,China Open: Qualification,Hard,3,Andrea Lazaro Garcia,Linda Fruhvirtova,total_games,over,20.5,0.4829,2.07,1.73,0.5506,-6.8,-0.1646,1,91,1899903
2026-09-29 04:30,wta,WTA 1000,China Open: Qualification,Hard,3,Andrea Lazaro Garcia,Linda Fruhvirtova,total_games,under,20.5,0.5171,1.93,2.12,0.4494,6.8,0.0963,1,91,1899903
2026-09-29 04:30,wta,WTA 1000,China Open: Qualification,Hard,3,Andrea Lazaro Garcia,Linda Fruhvirtova,total_games,over,21.5,0.4364,2.29,1.91,0.4987,-6.2,-0.1665,1,91,1899903
2026-09-29 04:30,wta,WTA 1000,China Open: Qualification,Hard,3,Andrea Lazaro Garcia,Linda Fruhvirtova,total_games,under,21.5,0.5636,1.77,1.9,0.5013,6.2,0.0709,1,91,1899903
2026-09-29 04:30,wta,WTA 1000,China Open: Qualification,Hard,3,Andrea Lazaro Garcia,Linda Fruhvirtova,total_games,over,22.5,0.3839,2.6,2.18,0.4367,-5.3,-0.1631,1,91,1899903
2026-09-29 04:30,wta,WTA 1000,China Open: Qualification,Hard,3,Andrea Lazaro Garcia,Linda Fruhvirtova,total_games,under,22.5,0.6161,1.62,1.69,0.5633,5.3,0.0412,1,91,1899903
2026-09-29 04:30,wta,WTA 1000,China Open: Qualification,Hard,3,Andrea Lazaro Garcia,Linda Fruhvirtova,total_games,over,23.5,0.3502,2.86,2.41,0.3945,-4.4,-0.1561,1,91,1899903
2026-09-29 04:30,wta,WTA 1000,China Open: Qualification,Hard,3,Andrea Lazaro Garcia,Linda Fruhvirtova,total_games,under,23.5,0.6498,1.54,1.57,0.6055,4.4,0.0202,1,91,1899903
2026-09-29 04:30,wta,WTA 1000,China Open: Qualification,Hard,3,Andrea Lazaro Garcia,Linda Fruhvirtova,total_games,over,24.5,0.328,3.05,2.55,0.3735,-4.5,-0.1636,1,91,1899903
2026-09-29 04:30,wta,WTA 1000,China Open: Qualification,Hard,3,Andrea Lazaro Garcia,Linda Fruhvirtova,total_games,under,24.5,0.672,1.49,1.52,0.6265,4.5,0.0214,1,91,1899903
2026-09-29 04:30,wta,WTA 1000,China Open: Qualification,Hard,3,Andrea Lazaro Garcia,Linda Fruhvirtova,p1_games,over,10.5,0.7532,1.33,1.53,0.6107,14.2,0.1524,1,91,1899903
2026-09-29 04:30,wta,WTA 1000,China Open: Qualification,Hard,3,Andrea Lazaro Garcia,Linda Fruhvirtova,p1_games,under,10.5,0.2468,4.05,2.4,0.3893,-14.2,-0.4076,1,91,1899903
2026-09-29 04:30,wta,WTA 1000,China Open: Qualification,Hard,3,Andrea Lazaro Garcia,Linda Fruhvirtova,p1_games,over,11.5,0.7304,1.37,1.61,0.5796,15.1,0.176,1,91,1899903
2026-09-29 04:30,wta,WTA 1000,China Open: Qualification,Hard,3,Andrea Lazaro Garcia,Linda Fruhvirtova,p1_games,under,11.5,0.2696,3.71,2.22,0.4204,-15.1,-0.4016,1,91,1899903
2026-09-29 04:30,wta,WTA 1000,China Open: Qualification,Hard,3,Andrea Lazaro Garcia,Linda Fruhvirtova,p1_games,over,12.5,0.3999,2.5,2.35,0.3974,0.2,-0.0602,1,91,1899903
2026-09-29 04:30,wta,WTA 1000,China Open: Qualification,Hard,3,Andrea Lazaro Garcia,Linda Fruhvirtova,p1_games,under,12.5,0.6001,1.67,1.55,0.6026,-0.2,-0.0699,1,91,1899903
2026-09-29 04:30,wta,WTA 1000,China Open: Qualification,Hard,3,Andrea Lazaro Garcia,Linda Fruhvirtova,p2_games,over,11.5,0.5167,1.94,1.37,0.6829,-16.6,-0.2921,1,91,1899903
2026-09-29 04:30,wta,WTA 1000,China Open: Qualification,Hard,3,Andrea Lazaro Garcia,Linda Fruhvirtova,p2_games,under,11.5,0.4833,2.07,2.95,0.3171,16.6,0.4257,1,91,1899903
2026-09-29 04:30,wta,WTA 1000,China Open: Qualification,Hard,3,Andrea Lazaro Garcia,Linda Fruhvirtova,p2_games,over,12.5,0.3307,3.02,2.11,0.4433,-11.3,-0.3023,1,91,1899903
2026-09-29 04:30,wta,WTA 1000,China Open: Qualification,Hard,3,Andrea Lazaro Garcia,Linda Fruhvirtova,p2_games,under,12.5,0.6693,1.49,1.68,0.5567,11.3,0.1245,1,91,1899903
2026-09-29 04:30,wta,WTA 1000,China Open: Qualification,Hard,3,Andrea Lazaro Garcia,Linda Fruhvirtova,p2_games,over,13.5,0.22,4.55,3.15,0.2969,-7.7,-0.3071,1,91,1899903
2026-09-29 04:30,wta,WTA 1000,China Open: Qualification,Hard,3,Andrea Lazaro Garcia,Linda Fruhvirtova,p2_games,under,13.5,0.78,1.28,1.33,0.7031,7.7,0.0375,1,91,1899903
2026-09-29 04:30,wta,WTA 1000,China Open: Qualification,Hard,3,Andrea Lazaro Garcia,Linda Fruhvirtova,game_handicap,player_a,-2.5,0.5451,1.83,,,,,1,91,1899903
2026-09-29 04:30,wta,WTA 1000,China Open: Qualification,Hard,3,Andrea Lazaro Garcia,Linda Fruhvirtova,game_handicap,player_b,2.5,0.4549,2.2,,,,,1,91,1899903
2026-09-29 04:30,wta,WTA 1000,China Open: Qualification,Hard,3,Elvina Kalieva,Han Shi,winner,player_a,,0.3887,2.57,1.76,0.5464,-15.8,-0.3159,0,91,1900006
2026-09-29 04:30,wta,WTA 1000,China Open: Qualification,Hard,3,Elvina Kalieva,Han Shi,winner,player_b,,0.6113,1.64,2.12,0.4536,15.8,0.296,0,91,1900006
2026-09-29 04:30,wta,WTA 1000,China Open: Qualification,Hard,3,Elvina Kalieva,Han Shi,total_games,over,18.5,0.6429,1.56,1.35,0.7033,-6.0,-0.1321,1,91,1900006
2026-09-29 04:30,wta,WTA 1000,China Open: Qualification,Hard,3,Elvina Kalieva,Han Shi,total_games,under,18.5,0.3571,2.8,3.2,0.2967,6.0,0.1427,1,91,1900006
2026-09-29 04:30,wta,WTA 1000,China Open: Qualification,Hard,3,Elvina Kalieva,Han Shi,total_games,over,19.5,0.5658,1.77,1.53,0.625,-5.9,-0.1344,1,91,1900006
2026-09-29 04:30,wta,WTA 1000,China Open: Qualification,Hard,3,Elvina Kalieva,Han Shi,total_games,under,19.5,0.4342,2.3,2.55,0.375,5.9,0.1073,1,91,1900006
2026-09-29 04:30,wta,WTA 1000,China Open: Qualification,Hard,3,Elvina Kalieva,Han Shi,total_games,over,20.5,0.4995,2.0,1.72,0.5532,-5.4,-0.1409,1,91,1900006
2026-09-29 04:30,wta,WTA 1000,China Open: Qualification,Hard,3,Elvina Kalieva,Han Shi,total_games,under,20.5,0.5005,2.0,2.13,0.4468,5.4,0.0661,1,91,1900006
2026-09-29 04:30,wta,WTA 1000,China Open: Qualification,Hard,3,Elvina Kalieva,Han Shi,total_games,over,21.5,0.4513,2.22,1.9,0.5013,-5.0,-0.1426,1,91,1900006
2026-09-29 04:30,wta,WTA 1000,China Open: Qualification,Hard,3,Elvina Kalieva,Han Shi,total_games,under,21.5,0.5487,1.82,1.91,0.4987,5.0,0.048,1,91,1900006
2026-09-29 04:30,wta,WTA 1000,China Open: Qualification,Hard,3,Elvina Kalieva,Han Shi,total_games,over,22.5,0.3955,2.53,2.18,0.4367,-4.1,-0.1377,1,91,1900006
2026-09-29 04:30,wta,WTA 1000,China Open: Qualification,Hard,3,Elvina Kalieva,Han Shi,total_games,under,22.5,0.6045,1.65,1.69,0.5633,4.1,0.0215,1,91,1900006
2026-09-29 04:30,wta,WTA 1000,China Open: Qualification,Hard,3,Elvina Kalieva,Han Shi,total_games,over,23.5,0.3594,2.78,2.4,0.397,-3.8,-0.1374,1,91,1900006
2026-09-29 04:30,wta,WTA 1000,China Open: Qualification,Hard,3,Elvina Kalieva,Han Shi,total_games,under,23.5,0.6406,1.56,1.58,0.603,3.8,0.0121,1,91,1900006
2026-09-29 04:30,wta,WTA 1000,China Open: Qualification,Hard,3,Elvina Kalieva,Han Shi,total_games,over,24.5,0.3394,2.95,2.55,0.3735,-3.4,-0.1345,1,91,1900006
2026-09-29 04:30,wta,WTA 1000,China Open: Qualification,Hard,3,Elvina Kalieva,Han Shi,total_games,under,24.5,0.6606,1.51,1.52,0.6265,3.4,0.0041,1,91,1900006
2026-09-29 04:30,wta,WTA 1000,China Open: Qualification,Hard,3,Elvina Kalieva,Han Shi,p1_games,over,11.5,0.5315,1.88,1.39,0.6722,-14.1,-0.2612,1,91,1900006
2026-09-29 04:30,wta,WTA 1000,China Open: Qualification,Hard,3,Elvina Kalieva,Han Shi,p1_games,under,11.5,0.4685,2.13,2.85,0.3278,14.1,0.3352,1,91,1900006
2026-09-29 04:30,wta,WTA 1000,China Open: Qualification,Hard,3,Elvina Kalieva,Han Shi,p1_games,over,12.5,0.3461,2.89,2.13,0.438,-9.2,-0.2628,1,91,1900006
2026-09-29 04:30,wta,WTA 1000,China Open: Qualification,Hard,3,Elvina Kalieva,Han Shi,p1_games,under,12.5,0.6539,1.53,1.66,0.562,9.2,0.0855,1,91,1900006
2026-09-29 04:30,wta,WTA 1000,China Open: Qualification,Hard,3,Elvina Kalieva,Han Shi,p1_games,over,13.5,0.2312,4.33,3.2,0.292,-6.1,-0.2602,1,91,1900006
2026-09-29 04:30,wta,WTA 1000,China Open: Qualification,Hard,3,Elvina Kalieva,Han Shi,p1_games,under,13.5,0.7688,1.3,1.32,0.708,6.1,0.0148,1,91,1900006
2026-09-29 04:30,wta,WTA 1000,China Open: Qualification,Hard,3,Elvina Kalieva,Han Shi,p2_games,over,11.5,0.7288,1.37,1.57,0.5954,13.3,0.1443,1,91,1900006
2026-09-29 04:30,wta,WTA 1000,China Open: Qualification,Hard,3,Elvina Kalieva,Han Shi,p2_games,under,11.5,0.2712,3.69,2.31,0.4046,-13.3,-0.3736,1,91,1900006
2026-09-29 04:30,wta,WTA 1000,China Open: Qualification,Hard,3,Elvina Kalieva,Han Shi,p2_games,over,12.5,0.4119,2.43,2.3,0.4057,0.6,-0.0526,1,91,1900006
2026-09-29 04:30,wta,WTA 1000,China Open: Qualification,Hard,3,Elvina Kalieva,Han Shi,p2_games,under,12.5,0.5881,1.7,1.57,0.5943,-0.6,-0.0767,1,91,1900006
2026-09-29 04:30,wta,WTA 1000,China Open: Qualification,Hard,3,Elvina Kalieva,Han Shi,p2_games,over,13.5,0.2653,3.77,3.4,0.2751,-1.0,-0.0979,1,91,1900006
2026-09-29 04:30,wta,WTA 1000,China Open: Qualification,Hard,3,Elvina Kalieva,Han Shi,p2_games,under,13.5,0.7347,1.36,1.29,0.7249,1.0,-0.0523,1,91,1900006
2026-09-29 04:30,wta,WTA 1000,China Open: Qualification,Hard,3,Elvina Kalieva,Han Shi,game_handicap,player_a,2.5,0.4669,2.14,,,,,1,91,1900006
2026-09-29 04:30,wta,WTA 1000,China Open: Qualification,Hard,3,Elvina Kalieva,Han Shi,game_handicap,player_b,-2.5,0.5331,1.88,,,,,1,91,1900006
2026-09-29 04:30,wta,WTA 1000,China Open: Qualification,Hard,3,Marina Bassols Ribera,Xiaodi You,winner,player_a,,0.475,2.11,1.62,0.593,-11.8,-0.2305,0,94,1899901
2026-09-29 04:30,wta,WTA 1000,China Open: Qualification,Hard,3,Marina Bassols Ribera,Xiaodi You,winner,player_b,,0.525,1.9,2.36,0.407,11.8,0.239,0,94,1899901
2026-09-29 04:30,wta,WTA 1000,China Open: Qualification,Hard,3,Marina Bassols Ribera,Xiaodi You,total_games,over,18.5,0.6361,1.57,1.4,0.6782,-4.2,-0.1095,1,94,1899901
2026-09-29 04:30,wta,WTA 1000,China Open: Qualification,Hard,3,Marina Bassols Ribera,Xiaodi You,total_games,under,18.5,0.3639,2.75,2.95,0.3218,4.2,0.0736,1,94,1899901
2026-09-29 04:30,wta,WTA 1000,China Open: Qualification,Hard,3,Marina Bassols Ribera,Xiaodi You,total_games,over,19.5,0.5611,1.78,1.59,0.5995,-3.8,-0.1079,1,94,1899901
2026-09-29 04:30,wta,WTA 1000,China Open: Qualification,Hard,3,Marina Bassols Ribera,Xiaodi You,total_games,under,19.5,0.4389,2.28,2.38,0.4005,3.8,0.0446,1,94,1899901
2026-09-29 04:30,wta,WTA 1000,China Open: Qualification,Hard,3,Marina Bassols Ribera,Xiaodi You,total_games,over,20.5,0.4976,2.01,1.8,0.53,-3.2,-0.1043,1,94,1899901
2026-09-29 04:30,wta,WTA 1000,China Open: Qualification,Hard,3,Marina Bassols Ribera,Xiaodi You,total_games,under,20.5,0.5024,1.99,2.03,0.47,3.2,0.0198,1,94,1899901
2026-09-29 04:30,wta,WTA 1000,China Open: Qualification,Hard,3,Marina Bassols Ribera,Xiaodi You,total_games,over,21.5,0.4507,2.22,1.99,0.4791,-2.8,-0.1031,1,94,1899901
2026-09-29 04:30,wta,WTA 1000,China Open: Qualification,Hard,3,Marina Bassols Ribera,Xiaodi You,total_games,under,21.5,0.5493,1.82,1.83,0.5209,2.8,0.0052,1,94,1899901
2026-09-29 04:30,wta,WTA 1000,China Open: Qualification,Hard,3,Marina Bassols Ribera,Xiaodi You,total_games,over,22.5,0.3973,2.52,2.27,0.4194,-2.2,-0.0981,1,94,1899901
2026-09-29 04:30,wta,WTA 1000,China Open: Qualification,Hard,3,Marina Bassols Ribera,Xiaodi You,total_games,under,22.5,0.6027,1.66,1.64,0.5806,2.2,-0.0116,1,94,1899901
2026-09-29 04:30,wta,WTA 1000,China Open: Qualification,Hard,3,Marina Bassols Ribera,Xiaodi You,total_games,over,23.5,0.3628,2.76,2.49,0.3821,-1.9,-0.0966,1,94,1899901
2026-09-29 04:30,wta,WTA 1000,China Open: Qualification,Hard,3,Marina Bassols Ribera,Xiaodi You,total_games,under,23.5,0.6372,1.57,1.54,0.6179,1.9,-0.0187,1,94,1899901
2026-09-29 04:30,wta,WTA 1000,China Open: Qualification,Hard,3,Marina Bassols Ribera,Xiaodi You,total_games,over,24.5,0.3402,2.94,2.65,0.3599,-2.0,-0.0984,1,94,1899901
2026-09-29 04:30,wta,WTA 1000,China Open: Qualification,Hard,3,Marina Bassols Ribera,Xiaodi You,total_games,under,24.5,0.6598,1.52,1.49,0.6401,2.0,-0.017,1,94,1899901
2026-09-29 04:30,wta,WTA 1000,China Open: Qualification,Hard,3,Marina Bassols Ribera,Xiaodi You,p1_games,over,11.5,0.6069,1.65,1.33,0.7031,-9.6,-0.1928,1,94,1899901
2026-09-29 04:30,wta,WTA 1000,China Open: Qualification,Hard,3,Marina Bassols Ribera,Xiaodi You,p1_games,under,11.5,0.3931,2.54,3.15,0.2969,9.6,0.2382,1,94,1899901
2026-09-29 04:30,wta,WTA 1000,China Open: Qualification,Hard,3,Marina Bassols Ribera,Xiaodi You,p1_games,over,12.5,0.3698,2.7,2.13,0.438,-6.8,-0.2123,1,94,1899901
2026-09-29 04:30,wta,WTA 1000,China Open: Qualification,Hard,3,Marina Bassols Ribera,Xiaodi You,p1_games,under,12.5,0.6302,1.59,1.66,0.562,6.8,0.0461,1,94,1899901
2026-09-29 04:30,wta,WTA 1000,China Open: Qualification,Hard,3,Marina Bassols Ribera,Xiaodi You,p1_games,over,13.5,0.2441,4.1,3.25,0.2873,-4.3,-0.2068,1,94,1899901
2026-09-29 04:30,wta,WTA 1000,China Open: Qualification,Hard,3,Marina Bassols Ribera,Xiaodi You,p1_games,under,13.5,0.7559,1.32,1.31,0.7127,4.3,-0.0097,1,94,1899901
2026-09-29 04:30,wta,WTA 1000,China Open: Qualification,Hard,3,Marina Bassols Ribera,Xiaodi You,p2_games,over,10.5,0.6784,1.47,1.62,0.577,10.1,0.0989,1,94,1899901
2026-09-29 04:30,wta,WTA 1000,China Open: Qualification,Hard,3,Marina Bassols Ribera,Xiaodi You,p2_games,under,10.5,0.3216,3.11,2.21,0.423,-10.1,-0.2892,1,94,1899901
2026-09-29 04:30,wta,WTA 1000,China Open: Qualification,Hard,3,Marina Bassols Ribera,Xiaodi You,p2_games,over,11.5,0.6516,1.53,1.71,0.5464,10.5,0.1142,1,94,1899901
2026-09-29 04:30,wta,WTA 1000,China Open: Qualification,Hard,3,Marina Bassols Ribera,Xiaodi You,p2_games,under,11.5,0.3484,2.87,2.06,0.4536,-10.5,-0.2822,1,94,1899901
2026-09-29 04:30,wta,WTA 1000,China Open: Qualification,Hard,3,Marina Bassols Ribera,Xiaodi You,p2_games,over,12.5,0.3846,2.6,2.5,0.3734,1.1,-0.0385,1,94,1899901
2026-09-29 04:30,wta,WTA 1000,China Open: Qualification,Hard,3,Marina Bassols Ribera,Xiaodi You,p2_games,under,12.5,0.6154,1.63,1.49,0.6266,-1.1,-0.0831,1,94,1899901
2026-09-29 04:30,wta,WTA 1000,China Open: Qualification,Hard,3,Marina Bassols Ribera,Xiaodi You,game_handicap,player_a,0.5,0.4876,2.05,,,,,1,94,1899901
2026-09-29 04:30,wta,WTA 1000,China Open: Qualification,Hard,3,Marina Bassols Ribera,Xiaodi You,game_handicap,player_b,-0.5,0.5124,1.95,,,,,1,94,1899901
2026-09-29 06:00,wta,WTA 1000,China Open: Qualification,Hard,3,Jodie Burrage,Mai Hontama,winner,player_a,,0.5473,1.83,1.99,0.4831,6.4,0.0892,0,94,1900328
2026-09-29 06:00,wta,WTA 1000,China Open: Qualification,Hard,3,Jodie Burrage,Mai Hontama,winner,player_b,,0.4527,2.21,1.86,0.5169,-6.4,-0.1581,0,94,1900328
2026-09-29 06:00,wta,WTA 1000,China Open: Qualification,Hard,3,Jodie Burrage,Mai Hontama,total_games,over,18.5,0.6477,1.54,1.39,0.6869,-3.9,-0.0997,1,94,1900328
2026-09-29 06:00,wta,WTA 1000,China Open: Qualification,Hard,3,Jodie Burrage,Mai Hontama,total_games,under,18.5,0.3523,2.84,3.05,0.3131,3.9,0.0746,1,94,1900328
2026-09-29 06:00,wta,WTA 1000,China Open: Qualification,Hard,3,Jodie Burrage,Mai Hontama,total_games,over,19.5,0.5712,1.75,1.57,0.6075,-3.6,-0.1032,1,94,1900328
2026-09-29 06:00,wta,WTA 1000,China Open: Qualification,Hard,3,Jodie Burrage,Mai Hontama,total_games,under,19.5,0.4288,2.33,2.43,0.3925,3.6,0.042,1,94,1900328
2026-09-29 06:00,wta,WTA 1000,China Open: Qualification,Hard,3,Jodie Burrage,Mai Hontama,total_games,over,20.5,0.5057,1.98,1.77,0.5379,-3.2,-0.105,1,94,1900328
2026-09-29 06:00,wta,WTA 1000,China Open: Qualification,Hard,3,Jodie Burrage,Mai Hontama,total_games,under,20.5,0.4943,2.02,2.06,0.4621,3.2,0.0183,1,94,1900328
2026-09-29 06:00,wta,WTA 1000,China Open: Qualification,Hard,3,Jodie Burrage,Mai Hontama,total_games,over,21.5,0.4577,2.18,1.95,0.4882,-3.0,-0.1075,1,94,1900328
2026-09-29 06:00,wta,WTA 1000,China Open: Qualification,Hard,3,Jodie Burrage,Mai Hontama,total_games,under,21.5,0.5423,1.84,1.86,0.5118,3.0,0.0086,1,94,1900328
2026-09-29 06:00,wta,WTA 1000,China Open: Qualification,Hard,3,Jodie Burrage,Mai Hontama,total_games,over,22.5,0.4024,2.49,2.23,0.4267,-2.4,-0.1027,1,94,1900328
2026-09-29 06:00,wta,WTA 1000,China Open: Qualification,Hard,3,Jodie Burrage,Mai Hontama,total_games,under,22.5,0.5976,1.67,1.66,0.5733,2.4,-0.0079,1,94,1900328
2026-09-29 06:00,wta,WTA 1000,China Open: Qualification,Hard,3,Jodie Burrage,Mai Hontama,total_games,over,23.5,0.3664,2.73,2.45,0.389,-2.3,-0.1022,1,94,1900328
2026-09-29 06:00,wta,WTA 1000,China Open: Qualification,Hard,3,Jodie Burrage,Mai Hontama,total_games,under,23.5,0.6336,1.58,1.56,0.611,2.3,-0.0116,1,94,1900328
2026-09-29 06:00,wta,WTA 1000,China Open: Qualification,Hard,3,Jodie Burrage,Mai Hontama,total_games,over,24.5,0.3454,2.89,2.6,0.3659,-2.0,-0.1019,1,94,1900328
2026-09-29 06:00,wta,WTA 1000,China Open: Qualification,Hard,3,Jodie Burrage,Mai Hontama,total_games,under,24.5,0.6546,1.53,1.5,0.6341,2.0,-0.0181,1,94,1900328
2026-09-29 06:00,wta,WTA 1000,China Open: Qualification,Hard,3,Jodie Burrage,Mai Hontama,p1_games,over,11.5,0.6744,1.48,1.52,0.6142,6.0,0.025,1,94,1900328
2026-09-29 06:00,wta,WTA 1000,China Open: Qualification,Hard,3,Jodie Burrage,Mai Hontama,p1_games,under,11.5,0.3256,3.07,2.42,0.3858,-6.0,-0.2119,1,94,1900328
2026-09-29 06:00,wta,WTA 1000,China Open: Qualification,Hard,3,Jodie Burrage,Mai Hontama,p1_games,over,12.5,0.398,2.51,2.3,0.4057,-0.8,-0.0845,1,94,1900328
2026-09-29 06:00,wta,WTA 1000,China Open: Qualification,Hard,3,Jodie Burrage,Mai Hontama,p1_games,under,12.5,0.602,1.66,1.57,0.5943,0.8,-0.0549,1,94,1900328
2026-09-29 06:00,wta,WTA 1000,China Open: Qualification,Hard,3,Jodie Burrage,Mai Hontama,p1_games,over,13.5,0.2602,3.84,3.45,0.2722,-1.2,-0.1023,1,94,1900328
2026-09-29 06:00,wta,WTA 1000,China Open: Qualification,Hard,3,Jodie Burrage,Mai Hontama,p1_games,under,13.5,0.7398,1.35,1.29,0.7278,1.2,-0.0457,1,94,1900328
2026-09-29 06:00,wta,WTA 1000,China Open: Qualification,Hard,3,Jodie Burrage,Mai Hontama,p2_games,over,11.5,0.5907,1.69,1.46,0.6404,-5.0,-0.1376,1,94,1900328
2026-09-29 06:00,wta,WTA 1000,China Open: Qualification,Hard,3,Jodie Burrage,Mai Hontama,p2_games,under,11.5,0.4093,2.44,2.6,0.3596,5.0,0.0643,1,94,1900328
2026-09-29 06:00,wta,WTA 1000,China Open: Qualification,Hard,3,Jodie Burrage,Mai Hontama,p2_games,over,12.5,0.3699,2.7,2.24,0.4167,-4.7,-0.1715,1,94,1900328
2026-09-29 06:00,wta,WTA 1000,China Open: Qualification,Hard,3,Jodie Burrage,Mai Hontama,p2_games,under,12.5,0.6301,1.59,1.6,0.5833,4.7,0.0082,1,94,1900328
2026-09-29 06:00,wta,WTA 1000,China Open: Qualification,Hard,3,Jodie Burrage,Mai Hontama,p2_games,over,13.5,0.2453,4.08,3.35,0.2796,-3.4,-0.1783,1,94,1900328
2026-09-29 06:00,wta,WTA 1000,China Open: Qualification,Hard,3,Jodie Burrage,Mai Hontama,p2_games,under,13.5,0.7547,1.33,1.3,0.7204,3.4,-0.0189,1,94,1900328
2026-09-29 06:00,wta,WTA 1000,China Open: Qualification,Hard,3,Jodie Burrage,Mai Hontama,game_handicap,player_a,-1.5,0.5061,1.98,,,,,1,94,1900328
2026-09-29 06:00,wta,WTA 1000,China Open: Qualification,Hard,3,Jodie Burrage,Mai Hontama,game_handicap,player_b,1.5,0.4939,2.02,,,,,1,94,1900328
2026-09-29 06:00,wta,WTA 1000,China Open: Qualification,Hard,3,Ksenia Zaytseva,Storm Hunter,winner,player_a,,0.4307,2.32,,,,,0,59,1900043
2026-09-29 06:00,wta,WTA 1000,China Open: Qualification,Hard,3,Ksenia Zaytseva,Storm Hunter,winner,player_b,,0.5693,1.76,,,,,0,59,1900043
2026-09-29 06:00,wta,WTA 1000,China Open: Qualification,Hard,3,Ksenia Zaytseva,Storm Hunter,total_games,over,20.5,0.4991,2.0,,,,,1,59,1900043
2026-09-29 06:00,wta,WTA 1000,China Open: Qualification,Hard,3,Ksenia Zaytseva,Storm Hunter,total_games,under,20.5,0.5009,2.0,,,,,1,59,1900043
2026-09-29 06:00,wta,WTA 1000,China Open: Qualification,Hard,3,Ksenia Zaytseva,Storm Hunter,p1_games,over,12.5,0.358,2.79,,,,,1,59,1900043
2026-09-29 06:00,wta,WTA 1000,China Open: Qualification,Hard,3,Ksenia Zaytseva,Storm Hunter,p1_games,under,12.5,0.642,1.56,,,,,1,59,1900043
2026-09-29 06:00,wta,WTA 1000,China Open: Qualification,Hard,3,Ksenia Zaytseva,Storm Hunter,p2_games,over,12.5,0.3991,2.51,,,,,1,59,1900043
2026-09-29 06:00,wta,WTA 1000,China Open: Qualification,Hard,3,Ksenia Zaytseva,Storm Hunter,p2_games,under,12.5,0.6009,1.66,,,,,1,59,1900043
2026-09-29 06:00,wta,WTA 1000,China Open: Qualification,Hard,3,Ksenia Zaytseva,Storm Hunter,game_handicap,player_a,1.5,0.471,2.12,,,,,1,59,1900043
2026-09-29 06:00,wta,WTA 1000,China Open: Qualification,Hard,3,Ksenia Zaytseva,Storm Hunter,game_handicap,player_b,-1.5,0.529,1.89,,,,,1,59,1900043
2026-09-29 06:00,wta,WTA 1000,China Open: Qualification,Hard,3,Maddison Inglis,Darya Astakhova,winner,player_a,,0.4511,2.22,1.92,0.5,-4.9,-0.1338,0,78,1900361
2026-09-29 06:00,wta,WTA 1000,China Open: Qualification,Hard,3,Maddison Inglis,Darya Astakhova,winner,player_b,,0.5489,1.82,1.92,0.5,4.9,0.0538,0,78,1900361
2026-09-29 06:00,wta,WTA 1000,China Open: Qualification,Hard,3,Maddison Inglis,Darya Astakhova,total_games,over,18.5,0.6638,1.51,1.39,0.6869,-2.3,-0.0774,1,78,1900361
2026-09-29 06:00,wta,WTA 1000,China Open: Qualification,Hard,3,Maddison Inglis,Darya Astakhova,total_games,under,18.5,0.3362,2.97,3.05,0.3131,2.3,0.0256,1,78,1900361
2026-09-29 06:00,wta,WTA 1000,China Open: Qualification,Hard,3,Maddison Inglis,Darya Astakhova,total_games,over,19.5,0.5855,1.71,1.57,0.6075,-2.2,-0.0808,1,78,1900361
2026-09-29 06:00,wta,WTA 1000,China Open: Qualification,Hard,3,Maddison Inglis,Darya Astakhova,total_games,under,19.5,0.4145,2.41,2.43,0.3925,2.2,0.0072,1,78,1900361
2026-09-29 06:00,wta,WTA 1000,China Open: Qualification,Hard,3,Maddison Inglis,Darya Astakhova,total_games,over,20.5,0.5174,1.93,1.77,0.5379,-2.0,-0.0841,1,78,1900361
2026-09-29 06:00,wta,WTA 1000,China Open: Qualification,Hard,3,Maddison Inglis,Darya Astakhova,total_games,under,20.5,0.4826,2.07,2.06,0.4621,2.0,-0.0059,1,78,1900361
2026-09-29 06:00,wta,WTA 1000,China Open: Qualification,Hard,3,Maddison Inglis,Darya Astakhova,total_games,over,21.5,0.4683,2.14,1.95,0.4882,-2.0,-0.0868,1,78,1900361
2026-09-29 06:00,wta,WTA 1000,China Open: Qualification,Hard,3,Maddison Inglis,Darya Astakhova,total_games,under,21.5,0.5317,1.88,1.86,0.5118,2.0,-0.011,1,78,1900361
2026-09-29 06:00,wta,WTA 1000,China Open: Qualification,Hard,3,Maddison Inglis,Darya Astakhova,total_games,over,22.5,0.4103,2.44,2.23,0.4267,-1.6,-0.0851,1,78,1900361
2026-09-29 06:00,wta,WTA 1000,China Open: Qualification,Hard,3,Maddison Inglis,Darya Astakhova,total_games,under,22.5,0.5897,1.7,1.66,0.5733,1.6,-0.021,1,78,1900361
2026-09-29 06:00,wta,WTA 1000,China Open: Qualification,Hard,3,Maddison Inglis,Darya Astakhova,total_games,over,23.5,0.3722,2.69,2.45,0.389,-1.7,-0.088,1,78,1900361
2026-09-29 06:00,wta,WTA 1000,China Open: Qualification,Hard,3,Maddison Inglis,Darya Astakhova,total_games,under,23.5,0.6278,1.59,1.56,0.611,1.7,-0.0207,1,78,1900361
2026-09-29 06:00,wta,WTA 1000,China Open: Qualification,Hard,3,Maddison Inglis,Darya Astakhova,total_games,over,24.5,0.353,2.83,2.6,0.3659,-1.3,-0.0821,1,78,1900361
2026-09-29 06:00,wta,WTA 1000,China Open: Qualification,Hard,3,Maddison Inglis,Darya Astakhova,total_games,under,24.5,0.647,1.55,1.5,0.6341,1.3,-0.0295,1,78,1900361
2026-09-29 06:00,wta,WTA 1000,China Open: Qualification,Hard,3,Maddison Inglis,Darya Astakhova,p1_games,over,11.5,0.5944,1.68,1.49,0.6266,-3.2,-0.1144,1,78,1900361
2026-09-29 06:00,wta,WTA 1000,China Open: Qualification,Hard,3,Maddison Inglis,Darya Astakhova,p1_games,under,11.5,0.4056,2.47,2.5,0.3734,3.2,0.0141,1,78,1900361
2026-09-29 06:00,wta,WTA 1000,China Open: Qualification,Hard,3,Maddison Inglis,Darya Astakhova,p1_games,over,12.5,0.379,2.64,2.27,0.4119,-3.3,-0.1397,1,78,1900361
2026-09-29 06:00,wta,WTA 1000,China Open: Qualification,Hard,3,Maddison Inglis,Darya Astakhova,p1_games,under,12.5,0.621,1.61,1.59,0.5881,3.3,-0.0126,1,78,1900361
2026-09-29 06:00,wta,WTA 1000,China Open: Qualification,Hard,3,Maddison Inglis,Darya Astakhova,p1_games,over,13.5,0.2521,3.97,3.4,0.2751,-2.3,-0.1428,1,78,1900361
2026-09-29 06:00,wta,WTA 1000,China Open: Qualification,Hard,3,Maddison Inglis,Darya Astakhova,p1_games,under,13.5,0.7479,1.34,1.29,0.7249,2.3,-0.0352,1,78,1900361
2026-09-29 06:00,wta,WTA 1000,China Open: Qualification,Hard,3,Maddison Inglis,Darya Astakhova,p2_games,over,11.5,0.68,1.47,1.49,0.6266,5.3,0.0132,1,78,1900361
2026-09-29 06:00,wta,WTA 1000,China Open: Qualification,Hard,3,Maddison Inglis,Darya Astakhova,p2_games,under,11.5,0.32,3.12,2.5,0.3734,-5.3,-0.2,1,78,1900361
2026-09-29 06:00,wta,WTA 1000,China Open: Qualification,Hard,3,Maddison Inglis,Darya Astakhova,p2_games,over,12.5,0.4084,2.45,2.27,0.4119,-0.4,-0.073,1,78,1900361
2026-09-29 06:00,wta,WTA 1000,China Open: Qualification,Hard,3,Maddison Inglis,Darya Astakhova,p2_games,under,12.5,0.5916,1.69,1.59,0.5881,0.4,-0.0593,1,78,1900361
2026-09-29 06:00,wta,WTA 1000,China Open: Qualification,Hard,3,Maddison Inglis,Darya Astakhova,p2_games,over,13.5,0.2673,3.74,3.4,0.2751,-0.8,-0.0911,1,78,1900361
2026-09-29 06:00,wta,WTA 1000,China Open: Qualification,Hard,3,Maddison Inglis,Darya Astakhova,p2_games,under,13.5,0.7327,1.36,1.29,0.7249,0.8,-0.0548,1,78,1900361
2026-09-29 06:00,wta,WTA 1000,China Open: Qualification,Hard,3,Maddison Inglis,Darya Astakhova,game_handicap,player_a,1.5,0.4936,2.03,,,,,1,78,1900361
2026-09-29 06:00,wta,WTA 1000,China Open: Qualification,Hard,3,Maddison Inglis,Darya Astakhova,game_handicap,player_b,-1.5,0.5064,1.97,,,,,1,78,1900361
2026-09-29 06:00,wta,WTA 1000,China Open: Qualification,Hard,3,Robin Montgomery,Anna-Lena Friedsam,winner,player_a,,0.4732,2.11,,,,,0,88,1900360
2026-09-29 06:00,wta,WTA 1000,China Open: Qualification,Hard,3,Robin Montgomery,Anna-Lena Friedsam,winner,player_b,,0.5268,1.9,,,,,0,88,1900360
2026-09-29 06:00,wta,WTA 1000,China Open: Qualification,Hard,3,Robin Montgomery,Anna-Lena Friedsam,total_games,over,21.5,0.4755,2.1,,,,,1,88,1900360
2026-09-29 06:00,wta,WTA 1000,China Open: Qualification,Hard,3,Robin Montgomery,Anna-Lena Friedsam,total_games,under,21.5,0.5245,1.91,,,,,1,88,1900360
2026-09-29 06:00,wta,WTA 1000,China Open: Qualification,Hard,3,Robin Montgomery,Anna-Lena Friedsam,p1_games,over,12.5,0.3921,2.55,,,,,1,88,1900360
2026-09-29 06:00,wta,WTA 1000,China Open: Qualification,Hard,3,Robin Montgomery,Anna-Lena Friedsam,p1_games,under,12.5,0.6079,1.65,,,,,1,88,1900360
2026-09-29 06:00,wta,WTA 1000,China Open: Qualification,Hard,3,Robin Montgomery,Anna-Lena Friedsam,p2_games,over,12.5,0.408,2.45,,,,,1,88,1900360
2026-09-29 06:00,wta,WTA 1000,China Open: Qualification,Hard,3,Robin Montgomery,Anna-Lena Friedsam,p2_games,under,12.5,0.592,1.69,,,,,1,88,1900360
2026-09-29 06:00,wta,WTA 1000,China Open: Qualification,Hard,3,Robin Montgomery,Anna-Lena Friedsam,game_handicap,player_a,0.5,0.4875,2.05,,,,,1,88,1900360
2026-09-29 06:00,wta,WTA 1000,China Open: Qualification,Hard,3,Robin Montgomery,Anna-Lena Friedsam,game_handicap,player_b,-0.5,0.5125,1.95,,,,,1,88,1900360
2026-09-29 08:00,atp,ATP Challenger,"Bari, Italy",N/A,3,Geoffrey Blancaneaux,Dimitar Kuzmanov,winner,player_a,,0.3838,2.61,2.28,0.4093,-2.6,-0.125,0,88,1900015
2026-09-29 08:00,atp,ATP Challenger,"Bari, Italy",N/A,3,Geoffrey Blancaneaux,Dimitar Kuzmanov,winner,player_b,,0.6162,1.62,1.58,0.5907,2.6,-0.0264,0,88,1900015
2026-09-29 08:00,atp,ATP Challenger,"Bari, Italy",N/A,3,Geoffrey Blancaneaux,Dimitar Kuzmanov,total_games,over,21.5,0.5177,1.93,1.76,0.5269,-0.9,-0.0889,0,88,1900015
2026-09-29 08:00,atp,ATP Challenger,"Bari, Italy",N/A,3,Geoffrey Blancaneaux,Dimitar Kuzmanov,total_games,under,21.5,0.4823,2.07,1.96,0.4731,0.9,-0.0547,0,88,1900015
2026-09-29 08:00,atp,ATP Challenger,"Bari, Italy",N/A,3,Geoffrey Blancaneaux,Dimitar Kuzmanov,p1_games,over,11.5,0.5539,1.81,1.63,0.5676,-1.4,-0.0972,0,88,1900015
2026-09-29 08:00,atp,ATP Challenger,"Bari, Italy",N/A,3,Geoffrey Blancaneaux,Dimitar Kuzmanov,p1_games,under,11.5,0.4461,2.24,2.14,0.4324,1.4,-0.0452,0,88,1900015
2026-09-29 08:00,atp,ATP Challenger,"Bari, Italy",N/A,3,Geoffrey Blancaneaux,Dimitar Kuzmanov,p2_games,over,12.5,0.4743,2.11,1.93,0.4798,-0.6,-0.0847,0,88,1900015
2026-09-29 08:00,atp,ATP Challenger,"Bari, Italy",N/A,3,Geoffrey Blancaneaux,Dimitar Kuzmanov,p2_games,under,12.5,0.5257,1.9,1.78,0.5202,0.6,-0.0642,0,88,1900015
2026-09-29 08:00,atp,ATP Challenger,"Bari, Italy",N/A,3,Geoffrey Blancaneaux,Dimitar Kuzmanov,game_handicap,player_a,2.5,0.4769,2.1,,,,,0,88,1900015
2026-09-29 08:00,atp,ATP Challenger,"Bari, Italy",N/A,3,Geoffrey Blancaneaux,Dimitar Kuzmanov,game_handicap,player_b,-2.5,0.5231,1.91,,,,,0,88,1900015
2026-09-29 08:00,atp,ATP Challenger,"Bari, Italy",N/A,3,Gianluca Cadenasso,Benito Sanchez Martinez,winner,player_a,,0.6909,1.45,1.66,0.562,12.9,0.1469,0,81,1900010
2026-09-29 08:00,atp,ATP Challenger,"Bari, Italy",N/A,3,Gianluca Cadenasso,Benito Sanchez Martinez,winner,player_b,,0.3091,3.24,2.13,0.438,-12.9,-0.3416,0,81,1900010
2026-09-29 08:00,atp,ATP Challenger,"Bari, Italy",N/A,3,Gianluca Cadenasso,Benito Sanchez Martinez,total_games,over,21.5,0.4776,2.09,1.79,0.5162,-3.9,-0.1451,1,81,1900010
2026-09-29 08:00,atp,ATP Challenger,"Bari, Italy",N/A,3,Gianluca Cadenasso,Benito Sanchez Martinez,total_games,under,21.5,0.5224,1.91,1.91,0.4838,3.9,-0.0022,1,81,1900010
2026-09-29 08:00,atp,ATP Challenger,"Bari, Italy",N/A,3,Gianluca Cadenasso,Benito Sanchez Martinez,p1_games,over,12.5,0.4639,2.16,2.01,0.4597,0.4,-0.0675,1,81,1900010
2026-09-29 08:00,atp,ATP Challenger,"Bari, Italy",N/A,3,Gianluca Cadenasso,Benito Sanchez Martinez,p1_games,under,12.5,0.5361,1.87,1.71,0.5403,-0.4,-0.0833,1,81,1900010
2026-09-29 08:00,atp,ATP Challenger,"Bari, Italy",N/A,3,Gianluca Cadenasso,Benito Sanchez Martinez,p2_games,over,12.5,0.3371,2.97,2.23,0.4147,-7.8,-0.2483,1,81,1900010
2026-09-29 08:00,atp,ATP Challenger,"Bari, Italy",N/A,3,Gianluca Cadenasso,Benito Sanchez Martinez,p2_games,under,12.5,0.6629,1.51,1.58,0.5853,7.8,0.0474,1,81,1900010
2026-09-29 08:00,atp,ATP Challenger,"Bari, Italy",N/A,3,Gianluca Cadenasso,Benito Sanchez Martinez,game_handicap,player_a,-3.5,0.5379,1.86,,,,,1,81,1900010
2026-09-29 08:00,atp,ATP Challenger,"Bari, Italy",N/A,3,Gianluca Cadenasso,Benito Sanchez Martinez,game_handicap,player_b,3.5,0.4621,2.16,,,,,1,81,1900010
2026-09-29 08:00,atp,ATP Challenger,"Bari, Italy",N/A,3,Olle Wallin,Matthew Donald,winner,player_a,,0.5307,1.88,1.71,0.5464,-1.6,-0.0926,0,81,1900382
2026-09-29 08:00,atp,ATP Challenger,"Bari, Italy",N/A,3,Olle Wallin,Matthew Donald,winner,player_b,,0.4693,2.13,2.06,0.4536,1.6,-0.0332,0,81,1900382
2026-09-29 08:00,atp,ATP Challenger,"Bari, Italy",N/A,3,Olle Wallin,Matthew Donald,total_games,over,22.5,0.4586,2.18,,,,,0,81,1900382
2026-09-29 08:00,atp,ATP Challenger,"Bari, Italy",N/A,3,Olle Wallin,Matthew Donald,total_games,under,22.5,0.5414,1.85,,,,,0,81,1900382
2026-09-29 08:00,atp,ATP Challenger,"Bari, Italy",N/A,3,Olle Wallin,Matthew Donald,p1_games,over,12.5,0.4481,2.23,,,,,0,81,1900382
2026-09-29 08:00,atp,ATP Challenger,"Bari, Italy",N/A,3,Olle Wallin,Matthew Donald,p1_games,under,12.5,0.5519,1.81,,,,,0,81,1900382
2026-09-29 08:00,atp,ATP Challenger,"Bari, Italy",N/A,3,Olle Wallin,Matthew Donald,p2_games,over,12.5,0.4268,2.34,,,,,0,81,1900382
2026-09-29 08:00,atp,ATP Challenger,"Bari, Italy",N/A,3,Olle Wallin,Matthew Donald,p2_games,under,12.5,0.5732,1.74,,,,,0,81,1900382
2026-09-29 08:00,atp,ATP Challenger,"Bari, Italy",N/A,3,Olle Wallin,Matthew Donald,game_handicap,player_a,-0.5,0.5155,1.94,,,,,0,81,1900382
2026-09-29 08:00,atp,ATP Challenger,"Bari, Italy",N/A,3,Olle Wallin,Matthew Donald,game_handicap,player_b,0.5,0.4845,2.06,,,,,0,81,1900382
2026-09-29 09:30,atp,ATP Challenger,"Bari, Italy",N/A,3,Fabrizio Andaloro,Jay Clarke,winner,player_a,,0.2158,4.63,5.2,0.1798,3.6,0.1223,0,88,1900386
2026-09-29 09:30,atp,ATP Challenger,"Bari, Italy",N/A,3,Fabrizio Andaloro,Jay Clarke,winner,player_b,,0.7842,1.28,1.14,0.8202,-3.6,-0.106,0,88,1900386
2026-09-29 09:30,atp,ATP Challenger,"Bari, Italy",N/A,3,Fabrizio Andaloro,Jay Clarke,total_games,over,20.5,0.4774,2.09,,,,,0,88,1900386
2026-09-29 09:30,atp,ATP Challenger,"Bari, Italy",N/A,3,Fabrizio Andaloro,Jay Clarke,total_games,under,20.5,0.5226,1.91,,,,,0,88,1900386
2026-09-29 09:30,atp,ATP Challenger,"Bari, Italy",N/A,3,Fabrizio Andaloro,Jay Clarke,p1_games,over,8.5,0.4987,2.01,,,,,0,88,1900386
2026-09-29 09:30,atp,ATP Challenger,"Bari, Italy",N/A,3,Fabrizio Andaloro,Jay Clarke,p1_games,under,8.5,0.5013,1.99,,,,,0,88,1900386
2026-09-29 09:30,atp,ATP Challenger,"Bari, Italy",N/A,3,Fabrizio Andaloro,Jay Clarke,p2_games,over,12.5,0.4522,2.21,,,,,0,88,1900386
2026-09-29 09:30,atp,ATP Challenger,"Bari, Italy",N/A,3,Fabrizio Andaloro,Jay Clarke,p2_games,under,12.5,0.5478,1.83,,,,,0,88,1900386
2026-09-29 09:30,atp,ATP Challenger,"Bari, Italy",N/A,3,Fabrizio Andaloro,Jay Clarke,game_handicap,player_a,4.5,0.4631,2.16,,,,,0,88,1900386
2026-09-29 09:30,atp,ATP Challenger,"Bari, Italy",N/A,3,Fabrizio Andaloro,Jay Clarke,game_handicap,player_b,-4.5,0.5369,1.86,,,,,0,88,1900386
2026-09-29 09:30,atp,ATP Challenger,"Bari, Italy",N/A,3,Lorenzo Giustino,John Sperle,winner,player_a,,0.7558,1.32,1.41,0.6611,9.5,0.0657,0,88,1900387
2026-09-29 09:30,atp,ATP Challenger,"Bari, Italy",N/A,3,Lorenzo Giustino,John Sperle,winner,player_b,,0.2442,4.1,2.75,0.3389,-9.5,-0.3286,0,88,1900387
2026-09-29 09:30,atp,ATP Challenger,"Bari, Italy",N/A,3,Lorenzo Giustino,John Sperle,total_games,over,21.5,0.4548,2.2,,,,,0,88,1900387
2026-09-29 09:30,atp,ATP Challenger,"Bari, Italy",N/A,3,Lorenzo Giustino,John Sperle,total_games,under,21.5,0.5452,1.83,,,,,0,88,1900387
2026-09-29 09:30,atp,ATP Challenger,"Bari, Italy",N/A,3,Lorenzo Giustino,John Sperle,p1_games,over,12.5,0.4678,2.14,,,,,0,88,1900387
2026-09-29 09:30,atp,ATP Challenger,"Bari, Italy",N/A,3,Lorenzo Giustino,John Sperle,p1_games,under,12.5,0.5322,1.88,,,,,0,88,1900387
2026-09-29 09:30,atp,ATP Challenger,"Bari, Italy",N/A,3,Lorenzo Giustino,John Sperle,p2_games,over,9.5,0.4851,2.06,,,,,0,88,1900387
2026-09-29 09:30,atp,ATP Challenger,"Bari, Italy",N/A,3,Lorenzo Giustino,John Sperle,p2_games,under,9.5,0.5149,1.94,,,,,0,88,1900387
2026-09-29 09:30,atp,ATP Challenger,"Bari, Italy",N/A,3,Lorenzo Giustino,John Sperle,game_handicap,player_a,-3.5,0.6031,1.66,,,,,0,88,1900387
2026-09-29 09:30,atp,ATP Challenger,"Bari, Italy",N/A,3,Lorenzo Giustino,John Sperle,game_handicap,player_b,3.5,0.3969,2.52,,,,,0,88,1900387
2026-09-29 09:30,atp,ATP Challenger,"Bari, Italy",N/A,3,Max Wiskandt,Pierluigi Basile,winner,player_a,,0.4839,2.07,2.45,0.3813,10.3,0.1855,0,88,1900385
2026-09-29 09:30,atp,ATP Challenger,"Bari, Italy",N/A,3,Max Wiskandt,Pierluigi Basile,winner,player_b,,0.5161,1.94,1.51,0.6187,-10.3,-0.2207,0,88,1900385
2026-09-29 09:30,atp,ATP Challenger,"Bari, Italy",N/A,3,Max Wiskandt,Pierluigi Basile,total_games,over,22.5,0.4933,2.03,,,,,0,88,1900385
2026-09-29 09:30,atp,ATP Challenger,"Bari, Italy",N/A,3,Max Wiskandt,Pierluigi Basile,total_games,under,22.5,0.5067,1.97,,,,,0,88,1900385
2026-09-29 09:30,atp,ATP Challenger,"Bari, Italy",N/A,3,Max Wiskandt,Pierluigi Basile,p1_games,over,12.5,0.471,2.12,,,,,0,88,1900385
2026-09-29 09:30,atp,ATP Challenger,"Bari, Italy",N/A,3,Max Wiskandt,Pierluigi Basile,p1_games,under,12.5,0.529,1.89,,,,,0,88,1900385
2026-09-29 09:30,atp,ATP Challenger,"Bari, Italy",N/A,3,Max Wiskandt,Pierluigi Basile,p2_games,over,12.5,0.483,2.07,,,,,0,88,1900385
2026-09-29 09:30,atp,ATP Challenger,"Bari, Italy",N/A,3,Max Wiskandt,Pierluigi Basile,p2_games,under,12.5,0.517,1.93,,,,,0,88,1900385
2026-09-29 09:30,atp,ATP Challenger,"Bari, Italy",N/A,3,Max Wiskandt,Pierluigi Basile,game_handicap,player_a,-0.5,0.4661,2.15,,,,,0,88,1900385
2026-09-29 09:30,atp,ATP Challenger,"Bari, Italy",N/A,3,Max Wiskandt,Pierluigi Basile,game_handicap,player_b,0.5,0.5339,1.87,,,,,0,88,1900385
2026-09-29 11:00,atp,ATP Challenger,"Bari, Italy",N/A,3,Imanol Lopez Morillo,Martin Krumich,winner,player_a,,0.2516,3.97,2.9,0.3224,-7.1,-0.2704,0,88,1900383
2026-09-29 11:00,atp,ATP Challenger,"Bari, Italy",N/A,3,Imanol Lopez Morillo,Martin Krumich,winner,player_b,,0.7484,1.34,1.38,0.6776,7.1,0.0328,0,88,1900383
2026-09-29 11:00,atp,ATP Challenger,"Bari, Italy",N/A,3,Imanol Lopez Morillo,Martin Krumich,total_games,over,21.5,0.4573,2.19,,,,,0,88,1900383
2026-09-29 11:00,atp,ATP Challenger,"Bari, Italy",N/A,3,Imanol Lopez Morillo,Martin Krumich,total_games,under,21.5,0.5427,1.84,,,,,0,88,1900383
2026-09-29 11:00,atp,ATP Challenger,"Bari, Italy",N/A,3,Imanol Lopez Morillo,Martin Krumich,p1_games,over,9.5,0.4926,2.03,,,,,0,88,1900383
2026-09-29 11:00,atp,ATP Challenger,"Bari, Italy",N/A,3,Imanol Lopez Morillo,Martin Krumich,p1_games,under,9.5,0.5074,1.97,,,,,0,88,1900383
2026-09-29 11:00,atp,ATP Challenger,"Bari, Italy",N/A,3,Imanol Lopez Morillo,Martin Krumich,p2_games,over,12.5,0.467,2.14,,,,,0,88,1900383
2026-09-29 11:00,atp,ATP Challenger,"Bari, Italy",N/A,3,Imanol Lopez Morillo,Martin Krumich,p2_games,under,12.5,0.533,1.88,,,,,0,88,1900383
2026-09-29 11:00,atp,ATP Challenger,"Bari, Italy",N/A,3,Imanol Lopez Morillo,Martin Krumich,game_handicap,player_a,3.5,0.4045,2.47,,,,,0,88,1900383
2026-09-29 11:00,atp,ATP Challenger,"Bari, Italy",N/A,3,Imanol Lopez Morillo,Martin Krumich,game_handicap,player_b,-3.5,0.5955,1.68,,,,,0,88,1900383
2026-09-29 11:00,atp,ATP Challenger,"Bari, Italy",N/A,3,Massimo Giunta,Federico Arnaboldi,winner,player_a,,0.3212,3.11,1.75,0.5346,-21.3,-0.4379,0,88,1900384
2026-09-29 11:00,atp,ATP Challenger,"Bari, Italy",N/A,3,Massimo Giunta,Federico Arnaboldi,winner,player_b,,0.6788,1.47,2.01,0.4654,21.3,0.3644,0,88,1900384
2026-09-29 11:00,atp,ATP Challenger,"Bari, Italy",N/A,3,Massimo Giunta,Federico Arnaboldi,total_games,over,22.5,0.4578,2.18,,,,,0,88,1900384
2026-09-29 11:00,atp,ATP Challenger,"Bari, Italy",N/A,3,Massimo Giunta,Federico Arnaboldi,total_games,under,22.5,0.5422,1.84,,,,,0,88,1900384
2026-09-29 11:00,atp,ATP Challenger,"Bari, Italy",N/A,3,Massimo Giunta,Federico Arnaboldi,p1_games,over,12.5,0.3823,2.62,,,,,0,88,1900384
2026-09-29 11:00,atp,ATP Challenger,"Bari, Italy",N/A,3,Massimo Giunta,Federico Arnaboldi,p1_games,under,12.5,0.6177,1.62,,,,,0,88,1900384
2026-09-29 11:00,atp,ATP Challenger,"Bari, Italy",N/A,3,Massimo Giunta,Federico Arnaboldi,p2_games,over,13.5,0.327,3.06,,,,,0,88,1900384
2026-09-29 11:00,atp,ATP Challenger,"Bari, Italy",N/A,3,Massimo Giunta,Federico Arnaboldi,p2_games,under,13.5,0.673,1.49,,,,,0,88,1900384
2026-09-29 11:00,atp,ATP Challenger,"Bari, Italy",N/A,3,Massimo Giunta,Federico Arnaboldi,game_handicap,player_a,2.5,0.4223,2.37,,,,,0,88,1900384
2026-09-29 11:00,atp,ATP Challenger,"Bari, Italy",N/A,3,Massimo Giunta,Federico Arnaboldi,game_handicap,player_b,-2.5,0.5777,1.73,,,,,0,88,1900384
2026-09-29 11:00,atp,ATP Challenger,"Bari, Italy",N/A,3,Samuele Pieri,Andrej Martin,winner,player_a,,0.3481,2.87,1.67,0.5594,-21.1,-0.4186,0,88,1900013
2026-09-29 11:00,atp,ATP Challenger,"Bari, Italy",N/A,3,Samuele Pieri,Andrej Martin,winner,player_b,,0.6519,1.53,2.12,0.4406,21.1,0.3819,0,88,1900013
2026-09-29 11:00,atp,ATP Challenger,"Bari, Italy",N/A,3,Samuele Pieri,Andrej Martin,total_games,over,21.5,0.5234,1.91,1.79,0.5162,0.7,-0.063,0,88,1900013
2026-09-29 11:00,atp,ATP Challenger,"Bari, Italy",N/A,3,Samuele Pieri,Andrej Martin,total_games,under,21.5,0.4766,2.1,1.91,0.4838,-0.7,-0.0898,0,88,1900013
2026-09-29 11:00,atp,ATP Challenger,"Bari, Italy",N/A,3,Samuele Pieri,Andrej Martin,p1_games,over,12.5,0.3858,2.59,2.02,0.4584,-7.3,-0.2207,0,88,1900013
2026-09-29 11:00,atp,ATP Challenger,"Bari, Italy",N/A,3,Samuele Pieri,Andrej Martin,p1_games,under,12.5,0.6142,1.63,1.71,0.5416,7.3,0.0503,0,88,1900013
2026-09-29 11:00,atp,ATP Challenger,"Bari, Italy",N/A,3,Samuele Pieri,Andrej Martin,p2_games,over,12.5,0.4926,2.03,2.23,0.4147,7.8,0.0984,0,88,1900013
2026-09-29 11:00,atp,ATP Challenger,"Bari, Italy",N/A,3,Samuele Pieri,Andrej Martin,p2_games,under,12.5,0.5074,1.97,1.58,0.5853,-7.8,-0.1983,0,88,1900013
2026-09-29 11:00,atp,ATP Challenger,"Bari, Italy",N/A,3,Samuele Pieri,Andrej Martin,game_handicap,player_a,2.5,0.4452,2.25,,,,,0,88,1900013
2026-09-29 11:00,atp,ATP Challenger,"Bari, Italy",N/A,3,Samuele Pieri,Andrej Martin,game_handicap,player_b,-2.5,0.5548,1.8,,,,,0,88,1900013
2026-09-29 12:30,atp,ATP Challenger,"Bari, Italy",N/A,3,Carlos Taberner,Elmer Moller,winner,player_a,,0.5683,1.76,,,,,0,75,1900014
2026-09-29 12:30,atp,ATP Challenger,"Bari, Italy",N/A,3,Carlos Taberner,Elmer Moller,winner,player_b,,0.4317,2.32,,,,,0,75,1900014
2026-09-29 12:30,atp,ATP Challenger,"Bari, Italy",N/A,3,Carlos Taberner,Elmer Moller,total_games,over,21.5,0.4963,2.01,,,,,1,75,1900014
2026-09-29 12:30,atp,ATP Challenger,"Bari, Italy",N/A,3,Carlos Taberner,Elmer Moller,total_games,under,21.5,0.5037,1.99,,,,,1,75,1900014
2026-09-29 12:30,atp,ATP Challenger,"Bari, Italy",N/A,3,Carlos Taberner,Elmer Moller,p1_games,over,12.5,0.4363,2.29,,,,,1,75,1900014
2026-09-29 12:30,atp,ATP Challenger,"Bari, Italy",N/A,3,Carlos Taberner,Elmer Moller,p1_games,under,12.5,0.5637,1.77,,,,,1,75,1900014
2026-09-29 12:30,atp,ATP Challenger,"Bari, Italy",N/A,3,Carlos Taberner,Elmer Moller,p2_games,over,12.5,0.3903,2.56,,,,,1,75,1900014
2026-09-29 12:30,atp,ATP Challenger,"Bari, Italy",N/A,3,Carlos Taberner,Elmer Moller,p2_games,under,12.5,0.6097,1.64,,,,,1,75,1900014
2026-09-29 12:30,atp,ATP Challenger,"Bari, Italy",N/A,3,Carlos Taberner,Elmer Moller,game_handicap,player_a,-1.5,0.5232,1.91,,,,,1,75,1900014
2026-09-29 12:30,atp,ATP Challenger,"Bari, Italy",N/A,3,Carlos Taberner,Elmer Moller,game_handicap,player_b,1.5,0.4768,2.1,,,,,1,75,1900014
2026-09-29 12:30,atp,ATP Challenger,"Bari, Italy",N/A,3,Pol Martin Tiffon,Laurent Lokoli,winner,player_a,,0.6748,1.48,1.65,0.5658,10.9,0.1135,0,88,1900016
2026-09-29 12:30,atp,ATP Challenger,"Bari, Italy",N/A,3,Pol Martin Tiffon,Laurent Lokoli,winner,player_b,,0.3252,3.08,2.15,0.4342,-10.9,-0.3009,0,88,1900016
2026-09-29 12:30,atp,ATP Challenger,"Bari, Italy",N/A,3,Pol Martin Tiffon,Laurent Lokoli,total_games,over,21.5,0.5016,1.99,1.77,0.5229,-2.1,-0.1121,0,88,1900016
2026-09-29 12:30,atp,ATP Challenger,"Bari, Italy",N/A,3,Pol Martin Tiffon,Laurent Lokoli,total_games,under,21.5,0.4984,2.01,1.94,0.4771,2.1,-0.0332,0,88,1900016
2026-09-29 12:30,atp,ATP Challenger,"Bari, Italy",N/A,3,Pol Martin Tiffon,Laurent Lokoli,p1_games,over,12.5,0.4812,2.08,1.98,0.4677,1.3,-0.0472,0,88,1900016
2026-09-29 12:30,atp,ATP Challenger,"Bari, Italy",N/A,3,Pol Martin Tiffon,Laurent Lokoli,p1_games,under,12.5,0.5188,1.93,1.74,0.5323,-1.3,-0.0973,0,88,1900016
2026-09-29 12:30,atp,ATP Challenger,"Bari, Italy",N/A,3,Pol Martin Tiffon,Laurent Lokoli,p2_games,over,12.5,0.361,2.77,2.21,0.4184,-5.7,-0.2022,0,88,1900016
2026-09-29 12:30,atp,ATP Challenger,"Bari, Italy",N/A,3,Pol Martin Tiffon,Laurent Lokoli,p2_games,under,12.5,0.639,1.56,1.59,0.5816,5.7,0.016,0,88,1900016
2026-09-29 12:30,atp,ATP Challenger,"Bari, Italy",N/A,3,Pol Martin Tiffon,Laurent Lokoli,game_handicap,player_a,-3.5,0.5099,1.96,,,,,0,88,1900016
2026-09-29 12:30,atp,ATP Challenger,"Bari, Italy",N/A,3,Pol Martin Tiffon,Laurent Lokoli,game_handicap,player_b,3.5,0.4901,2.04,,,,,0,88,1900016
2026-09-29 14:00,atp,ATP Challenger,"Columbus, USA",Hard,3,Bryce Nakashima,Jack Kennedy,winner,player_a,,0.4997,2.0,1.61,0.5796,-8.0,-0.1955,0,69,1899570
2026-09-29 14:00,atp,ATP Challenger,"Columbus, USA",Hard,3,Bryce Nakashima,Jack Kennedy,winner,player_b,,0.5003,2.0,2.22,0.4204,8.0,0.1106,0,69,1899570
2026-09-29 14:00,atp,ATP Challenger,"Columbus, USA",Hard,3,Bryce Nakashima,Jack Kennedy,total_games,over,22.5,0.5039,1.98,1.93,0.4798,2.4,-0.0275,1,69,1899570
2026-09-29 14:00,atp,ATP Challenger,"Columbus, USA",Hard,3,Bryce Nakashima,Jack Kennedy,total_games,under,22.5,0.4961,2.02,1.78,0.5202,-2.4,-0.1169,1,69,1899570
2026-09-29 14:00,atp,ATP Challenger,"Columbus, USA",Hard,3,Bryce Nakashima,Jack Kennedy,p1_games,over,12.5,0.4879,2.05,1.87,0.496,-0.8,-0.0875,1,69,1899570
2026-09-29 14:00,atp,ATP Challenger,"Columbus, USA",Hard,3,Bryce Nakashima,Jack Kennedy,p1_games,under,12.5,0.5121,1.95,1.84,0.504,0.8,-0.0578,1,69,1899570
2026-09-29 14:00,atp,ATP Challenger,"Columbus, USA",Hard,3,Bryce Nakashima,Jack Kennedy,p2_games,over,12.5,0.4885,2.05,2.13,0.435,5.3,0.0405,1,69,1899570
2026-09-29 14:00,atp,ATP Challenger,"Columbus, USA",Hard,3,Bryce Nakashima,Jack Kennedy,p2_games,under,12.5,0.5115,1.95,1.64,0.565,-5.3,-0.1611,1,69,1899570
2026-09-29 14:00,atp,ATP Challenger,"Columbus, USA",Hard,3,Bryce Nakashima,Jack Kennedy,game_handicap,player_a,-0.5,0.4814,2.08,,,,,1,69,1899570
2026-09-29 14:00,atp,ATP Challenger,"Columbus, USA",Hard,3,Bryce Nakashima,Jack Kennedy,game_handicap,player_b,0.5,0.5186,1.93,,,,,1,69,1899570
2026-09-29 14:00,atp,ATP Challenger,"Columbus, USA",Hard,3,Darwin Blanch,Patrick Maloney,winner,player_a,,0.6991,1.43,1.14,0.8202,-12.1,-0.203,0,94,1899560
2026-09-29 14:00,atp,ATP Challenger,"Columbus, USA",Hard,3,Darwin Blanch,Patrick Maloney,winner,player_b,,0.3009,3.32,5.2,0.1798,12.1,0.5646,0,94,1899560
2026-09-29 14:00,atp,ATP Challenger,"Columbus, USA",Hard,3,Darwin Blanch,Patrick Maloney,total_games,over,20.5,0.5859,1.71,1.91,0.4838,10.2,0.119,1,94,1899560
2026-09-29 14:00,atp,ATP Challenger,"Columbus, USA",Hard,3,Darwin Blanch,Patrick Maloney,total_games,under,20.5,0.4141,2.41,1.79,0.5162,-10.2,-0.2587,1,94,1899560
2026-09-29 14:00,atp,ATP Challenger,"Columbus, USA",Hard,3,Darwin Blanch,Patrick Maloney,p1_games,over,12.5,0.5175,1.93,1.9,0.4865,3.1,-0.0168,1,94,1899560
2026-09-29 14:00,atp,ATP Challenger,"Columbus, USA",Hard,3,Darwin Blanch,Patrick Maloney,p1_games,under,12.5,0.4825,2.07,1.8,0.5135,-3.1,-0.1314,1,94,1899560
2026-09-29 14:00,atp,ATP Challenger,"Columbus, USA",Hard,3,Darwin Blanch,Patrick Maloney,p2_games,over,8.5,0.6323,1.58,1.97,0.4704,16.2,0.2456,1,94,1899560
2026-09-29 14:00,atp,ATP Challenger,"Columbus, USA",Hard,3,Darwin Blanch,Patrick Maloney,p2_games,under,8.5,0.3677,2.72,1.75,0.5296,-16.2,-0.3565,1,94,1899560
2026-09-29 14:00,atp,ATP Challenger,"Columbus, USA",Hard,3,Darwin Blanch,Patrick Maloney,game_handicap,player_a,-3.5,0.5076,1.97,,,,,1,94,1899560
2026-09-29 14:00,atp,ATP Challenger,"Columbus, USA",Hard,3,Darwin Blanch,Patrick Maloney,game_handicap,player_b,3.5,0.4924,2.03,,,,,1,94,1899560
2026-09-29 14:00,atp,ATP Challenger,"Columbus, USA",Hard,3,Dylan Dietrich,Jeffrey John Wolf,winner,player_a,,0.4067,2.46,2.26,0.413,-0.6,-0.0808,0,94,1899563
2026-09-29 14:00,atp,ATP Challenger,"Columbus, USA",Hard,3,Dylan Dietrich,Jeffrey John Wolf,winner,player_b,,0.5933,1.69,1.59,0.587,0.6,-0.0567,0,94,1899563
2026-09-29 14:00,atp,ATP Challenger,"Columbus, USA",Hard,3,Dylan Dietrich,Jeffrey John Wolf,total_games,over,22.5,0.4929,2.03,1.94,0.4785,1.4,-0.0438,0,94,1899563
2026-09-29 14:00,atp,ATP Challenger,"Columbus, USA",Hard,3,Dylan Dietrich,Jeffrey John Wolf,total_games,under,22.5,0.5071,1.97,1.78,0.5215,-1.4,-0.0973,0,94,1899563
2026-09-29 14:00,atp,ATP Challenger,"Columbus, USA",Hard,3,Dylan Dietrich,Jeffrey John Wolf,p1_games,over,12.5,0.4439,2.25,2.14,0.4324,1.2,-0.05,0,94,1899563
2026-09-29 14:00,atp,ATP Challenger,"Columbus, USA",Hard,3,Dylan Dietrich,Jeffrey John Wolf,p1_games,under,12.5,0.5561,1.8,1.63,0.5676,-1.2,-0.0936,0,94,1899563
2026-09-29 14:00,atp,ATP Challenger,"Columbus, USA",Hard,3,Dylan Dietrich,Jeffrey John Wolf,p2_games,over,12.5,0.5131,1.95,1.86,0.4987,1.4,-0.0457,0,94,1899563
2026-09-29 14:00,atp,ATP Challenger,"Columbus, USA",Hard,3,Dylan Dietrich,Jeffrey John Wolf,p2_games,under,12.5,0.4869,2.05,1.85,0.5013,-1.4,-0.0992,0,94,1899563
2026-09-29 14:00,atp,ATP Challenger,"Columbus, USA",Hard,3,Dylan Dietrich,Jeffrey John Wolf,game_handicap,player_a,1.5,0.4598,2.18,,,,,0,94,1899563
2026-09-29 14:00,atp,ATP Challenger,"Columbus, USA",Hard,3,Dylan Dietrich,Jeffrey John Wolf,game_handicap,player_b,-1.5,0.5402,1.85,,,,,0,94,1899563
2026-09-29 14:00,atp,ATP Challenger,"Columbus, USA",Hard,3,Igor Ribeiro Marcondes,Andrew Fenty,winner,player_a,,0.7447,1.34,1.65,0.5669,17.8,0.2287,0,100,1899562
2026-09-29 14:00,atp,ATP Challenger,"Columbus, USA",Hard,3,Igor Ribeiro Marcondes,Andrew Fenty,winner,player_b,,0.2553,3.92,2.16,0.4331,-17.8,-0.4485,0,100,1899562
2026-09-29 14:00,atp,ATP Challenger,"Columbus, USA",Hard,3,Igor Ribeiro Marcondes,Andrew Fenty,total_games,over,22.5,0.4371,2.29,1.98,0.4677,-3.1,-0.1346,0,100,1899562
2026-09-29 14:00,atp,ATP Challenger,"Columbus, USA",Hard,3,Igor Ribeiro Marcondes,Andrew Fenty,total_games,under,22.5,0.5629,1.78,1.74,0.5323,3.1,-0.0205,0,100,1899562
2026-09-29 14:00,atp,ATP Challenger,"Columbus, USA",Hard,3,Igor Ribeiro Marcondes,Andrew Fenty,p1_games,over,12.5,0.5186,1.93,1.93,0.4798,3.9,0.0008,0,100,1899562
2026-09-29 14:00,atp,ATP Challenger,"Columbus, USA",Hard,3,Igor Ribeiro Marcondes,Andrew Fenty,p1_games,under,12.5,0.4814,2.08,1.78,0.5202,-3.9,-0.143,0,100,1899562
2026-09-29 14:00,atp,ATP Challenger,"Columbus, USA",Hard,3,Igor Ribeiro Marcondes,Andrew Fenty,p2_games,over,12.5,0.3442,2.91,2.17,0.4274,-8.3,-0.2532,0,100,1899562
2026-09-29 14:00,atp,ATP Challenger,"Columbus, USA",Hard,3,Igor Ribeiro Marcondes,Andrew Fenty,p2_games,under,12.5,0.6558,1.52,1.62,0.5726,8.3,0.0625,0,100,1899562
2026-09-29 14:00,atp,ATP Challenger,"Columbus, USA",Hard,3,Igor Ribeiro Marcondes,Andrew Fenty,game_handicap,player_a,-3.5,0.5529,1.81,,,,,0,100,1899562
2026-09-29 14:00,atp,ATP Challenger,"Columbus, USA",Hard,3,Igor Ribeiro Marcondes,Andrew Fenty,game_handicap,player_b,3.5,0.4471,2.24,,,,,0,100,1899562
2026-09-29 14:00,atp,ATP Challenger,"Columbus, USA",Hard,3,Nikita Samuel Filin,Aidan Mayo,winner,player_a,,0.3213,3.11,3.25,0.2873,3.4,0.0443,0,72,1899565
2026-09-29 14:00,atp,ATP Challenger,"Columbus, USA",Hard,3,Nikita Samuel Filin,Aidan Mayo,winner,player_b,,0.6787,1.47,1.31,0.7127,-3.4,-0.1109,0,72,1899565
2026-09-29 14:00,atp,ATP Challenger,"Columbus, USA",Hard,3,Nikita Samuel Filin,Aidan Mayo,total_games,over,21.5,0.5475,1.83,1.86,0.4973,5.0,0.0184,1,72,1899565
2026-09-29 14:00,atp,ATP Challenger,"Columbus, USA",Hard,3,Nikita Samuel Filin,Aidan Mayo,total_games,under,21.5,0.4525,2.21,1.84,0.5027,-5.0,-0.1675,1,72,1899565
2026-09-29 14:00,atp,ATP Challenger,"Columbus, USA",Hard,3,Nikita Samuel Filin,Aidan Mayo,p1_games,over,10.5,0.5503,1.82,1.9,0.4879,6.2,0.0456,1,72,1899565
2026-09-29 14:00,atp,ATP Challenger,"Columbus, USA",Hard,3,Nikita Samuel Filin,Aidan Mayo,p1_games,under,10.5,0.4497,2.22,1.81,0.5121,-6.2,-0.1861,1,72,1899565
2026-09-29 14:00,atp,ATP Challenger,"Columbus, USA",Hard,3,Nikita Samuel Filin,Aidan Mayo,p2_games,over,12.5,0.5236,1.91,1.84,0.5027,2.1,-0.0365,1,72,1899565
2026-09-29 14:00,atp,ATP Challenger,"Columbus, USA",Hard,3,Nikita Samuel Filin,Aidan Mayo,p2_games,under,12.5,0.4764,2.1,1.86,0.4973,-2.1,-0.1139,1,72,1899565
2026-09-29 14:00,atp,ATP Challenger,"Columbus, USA",Hard,3,Nikita Samuel Filin,Aidan Mayo,game_handicap,player_a,2.5,0.4282,2.34,,,,,1,72,1899565
2026-09-29 14:00,atp,ATP Challenger,"Columbus, USA",Hard,3,Nikita Samuel Filin,Aidan Mayo,game_handicap,player_b,-2.5,0.5718,1.75,,,,,1,72,1899565
2026-09-29 14:00,atp,ATP Challenger,"Columbus, USA",Hard,3,Stefan Kozlov,Aidan Kim,winner,player_a,,0.6893,1.45,1.93,0.484,20.5,0.3304,0,94,1899569
2026-09-29 14:00,atp,ATP Challenger,"Columbus, USA",Hard,3,Stefan Kozlov,Aidan Kim,winner,player_b,,0.3107,3.22,1.81,0.516,-20.5,-0.4376,0,94,1899569
2026-09-29 14:00,atp,ATP Challenger,"Columbus, USA",Hard,3,Stefan Kozlov,Aidan Kim,total_games,over,22.5,0.4316,2.32,1.97,0.4704,-3.9,-0.1497,1,94,1899569
2026-09-29 14:00,atp,ATP Challenger,"Columbus, USA",Hard,3,Stefan Kozlov,Aidan Kim,total_games,under,22.5,0.5684,1.76,1.75,0.5296,3.9,-0.0053,1,94,1899569
2026-09-29 14:00,atp,ATP Challenger,"Columbus, USA",Hard,3,Stefan Kozlov,Aidan Kim,p1_games,over,12.5,0.4824,2.07,2.06,0.4492,3.3,-0.0062,1,94,1899569
2026-09-29 14:00,atp,ATP Challenger,"Columbus, USA",Hard,3,Stefan Kozlov,Aidan Kim,p1_games,under,12.5,0.5176,1.93,1.68,0.5508,-3.3,-0.1305,1,94,1899569
2026-09-29 14:00,atp,ATP Challenger,"Columbus, USA",Hard,3,Stefan Kozlov,Aidan Kim,p2_games,over,12.5,0.353,2.83,2.0,0.4624,-10.9,-0.2939,1,94,1899569
2026-09-29 14:00,atp,ATP Challenger,"Columbus, USA",Hard,3,Stefan Kozlov,Aidan Kim,p2_games,under,12.5,0.647,1.55,1.72,0.5376,10.9,0.1128,1,94,1899569
2026-09-29 14:00,atp,ATP Challenger,"Columbus, USA",Hard,3,Stefan Kozlov,Aidan Kim,game_handicap,player_a,-3.5,0.5237,1.91,,,,,1,94,1899569
2026-09-29 14:00,atp,ATP Challenger,"Columbus, USA",Hard,3,Stefan Kozlov,Aidan Kim,game_handicap,player_b,3.5,0.4763,2.1,,,,,1,94,1899569
2026-09-29 14:00,atp,ATP Challenger,"Columbus, USA",Hard,3,Trevor Svajda,Andres Andrade,winner,player_a,,0.5003,2.0,1.58,0.5907,-9.0,-0.2095,0,100,1899568
2026-09-29 14:00,atp,ATP Challenger,"Columbus, USA",Hard,3,Trevor Svajda,Andres Andrade,winner,player_b,,0.4997,2.0,2.28,0.4093,9.0,0.1392,0,100,1899568
2026-09-29 14:00,atp,ATP Challenger,"Columbus, USA",Hard,3,Trevor Svajda,Andres Andrade,total_games,over,21.5,0.5223,1.91,1.85,0.5,2.2,-0.0337,0,100,1899568
2026-09-29 14:00,atp,ATP Challenger,"Columbus, USA",Hard,3,Trevor Svajda,Andres Andrade,total_games,under,21.5,0.4777,2.09,1.85,0.5,-2.2,-0.1163,0,100,1899568
2026-09-29 14:00,atp,ATP Challenger,"Columbus, USA",Hard,3,Trevor Svajda,Andres Andrade,p1_games,over,12.5,0.4368,2.29,2.02,0.4584,-2.2,-0.1176,0,100,1899568
2026-09-29 14:00,atp,ATP Challenger,"Columbus, USA",Hard,3,Trevor Svajda,Andres Andrade,p1_games,under,12.5,0.5632,1.78,1.71,0.5416,2.2,-0.037,0,100,1899568
2026-09-29 14:00,atp,ATP Challenger,"Columbus, USA",Hard,3,Trevor Svajda,Andres Andrade,p2_games,over,11.5,0.6562,1.52,1.67,0.5547,10.1,0.0958,0,100,1899568
2026-09-29 14:00,atp,ATP Challenger,"Columbus, USA",Hard,3,Trevor Svajda,Andres Andrade,p2_games,under,11.5,0.3438,2.91,2.08,0.4453,-10.1,-0.2848,0,100,1899568
2026-09-29 14:00,atp,ATP Challenger,"Columbus, USA",Hard,3,Trevor Svajda,Andres Andrade,game_handicap,player_a,-0.5,0.4852,2.06,,,,,0,100,1899568
2026-09-29 14:00,atp,ATP Challenger,"Columbus, USA",Hard,3,Trevor Svajda,Andres Andrade,game_handicap,player_b,0.5,0.5148,1.94,,,,,0,100,1899568
2026-09-29 13:00,atp,ATP Challenger,"Curitiba, Brazil",Clay,3,Alex Barrena,Marcelo Barrios,winner,player_a,,0.8663,1.15,,,,,0,62,1899554
2026-09-29 13:00,atp,ATP Challenger,"Curitiba, Brazil",Clay,3,Alex Barrena,Marcelo Barrios,winner,player_b,,0.1337,7.48,,,,,0,62,1899554
2026-09-29 13:00,atp,ATP Challenger,"Curitiba, Brazil",Clay,3,Alex Barrena,Marcelo Barrios,total_games,over,19.5,0.4473,2.24,,,,,1,62,1899554
2026-09-29 13:00,atp,ATP Challenger,"Curitiba, Brazil",Clay,3,Alex Barrena,Marcelo Barrios,total_games,under,19.5,0.5527,1.81,,,,,1,62,1899554
2026-09-29 13:00,atp,ATP Challenger,"Curitiba, Brazil",Clay,3,Alex Barrena,Marcelo Barrios,p1_games,over,12.5,0.3937,2.54,,,,,1,62,1899554
2026-09-29 13:00,atp,ATP Challenger,"Curitiba, Brazil",Clay,3,Alex Barrena,Marcelo Barrios,p1_games,under,12.5,0.6063,1.65,,,,,1,62,1899554
2026-09-29 13:00,atp,ATP Challenger,"Curitiba, Brazil",Clay,3,Alex Barrena,Marcelo Barrios,p2_games,over,7.5,0.4419,2.26,,,,,1,62,1899554
2026-09-29 13:00,atp,ATP Challenger,"Curitiba, Brazil",Clay,3,Alex Barrena,Marcelo Barrios,p2_games,under,7.5,0.5581,1.79,,,,,1,62,1899554
2026-09-29 13:00,atp,ATP Challenger,"Curitiba, Brazil",Clay,3,Alex Barrena,Marcelo Barrios,game_handicap,player_a,-5.5,0.549,1.82,,,,,1,62,1899554
2026-09-29 13:00,atp,ATP Challenger,"Curitiba, Brazil",Clay,3,Alex Barrena,Marcelo Barrios,game_handicap,player_b,5.5,0.451,2.22,,,,,1,62,1899554
2026-09-29 13:00,atp,ATP Challenger,"Curitiba, Brazil",Clay,3,Joao Lucas Da Silva,Murkel Dellien,winner,player_a,,0.7371,1.36,1.17,0.7972,-6.0,-0.1376,0,69,1899559
2026-09-29 13:00,atp,ATP Challenger,"Curitiba, Brazil",Clay,3,Joao Lucas Da Silva,Murkel Dellien,winner,player_b,,0.2629,3.8,4.6,0.2028,6.0,0.2093,0,69,1899559
2026-09-29 13:00,atp,ATP Challenger,"Curitiba, Brazil",Clay,3,Joao Lucas Da Silva,Murkel Dellien,total_games,over,19.5,0.587,1.7,1.82,0.5081,7.9,0.0683,1,69,1899559
2026-09-29 13:00,atp,ATP Challenger,"Curitiba, Brazil",Clay,3,Joao Lucas Da Silva,Murkel Dellien,total_games,under,19.5,0.413,2.42,1.88,0.4919,-7.9,-0.2235,1,69,1899559
2026-09-29 13:00,atp,ATP Challenger,"Curitiba, Brazil",Clay,3,Joao Lucas Da Silva,Murkel Dellien,p1_games,over,12.5,0.469,2.13,2.1,0.4415,2.7,-0.0151,1,69,1899559
2026-09-29 13:00,atp,ATP Challenger,"Curitiba, Brazil",Clay,3,Joao Lucas Da Silva,Murkel Dellien,p1_games,under,12.5,0.531,1.88,1.66,0.5585,-2.7,-0.1185,1,69,1899559
2026-09-29 13:00,atp,ATP Challenger,"Curitiba, Brazil",Clay,3,Joao Lucas Da Silva,Murkel Dellien,p2_games,over,7.5,0.6251,1.6,1.8,0.5148,11.0,0.1252,1,69,1899559
2026-09-29 13:00,atp,ATP Challenger,"Curitiba, Brazil",Clay,3,Joao Lucas Da Silva,Murkel Dellien,p2_games,under,7.5,0.3749,2.67,1.91,0.4852,-11.0,-0.2839,1,69,1899559
2026-09-29 13:00,atp,ATP Challenger,"Curitiba, Brazil",Clay,3,Joao Lucas Da Silva,Murkel Dellien,game_handicap,player_a,-3.5,0.5828,1.72,,,,,1,69,1899559
2026-09-29 13:00,atp,ATP Challenger,"Curitiba, Brazil",Clay,3,Joao Lucas Da Silva,Murkel Dellien,game_handicap,player_b,3.5,0.4172,2.4,,,,,1,69,1899559
2026-09-29 13:00,atp,ATP Challenger,"Curitiba, Brazil",Clay,3,Lucas Da Silva,Genaro Alberto Olivieri,winner,player_a,,0.3322,3.01,2.13,0.4395,-10.7,-0.2924,0,69,1899552
2026-09-29 13:00,atp,ATP Challenger,"Curitiba, Brazil",Clay,3,Lucas Da Silva,Genaro Alberto Olivieri,winner,player_b,,0.6678,1.5,1.67,0.5605,10.7,0.1152,0,69,1899552
2026-09-29 13:00,atp,ATP Challenger,"Curitiba, Brazil",Clay,3,Lucas Da Silva,Genaro Alberto Olivieri,total_games,over,21.5,0.4838,2.07,1.79,0.5162,-3.2,-0.134,1,69,1899552
2026-09-29 13:00,atp,ATP Challenger,"Curitiba, Brazil",Clay,3,Lucas Da Silva,Genaro Alberto Olivieri,total_games,under,21.5,0.5162,1.94,1.91,0.4838,3.2,-0.014,1,69,1899552
2026-09-29 13:00,atp,ATP Challenger,"Curitiba, Brazil",Clay,3,Lucas Da Silva,Genaro Alberto Olivieri,p1_games,over,12.5,0.3487,2.87,2.23,0.4147,-6.6,-0.2224,1,69,1899552
2026-09-29 13:00,atp,ATP Challenger,"Curitiba, Brazil",Clay,3,Lucas Da Silva,Genaro Alberto Olivieri,p1_games,under,12.5,0.6513,1.54,1.58,0.5853,6.6,0.029,1,69,1899552
2026-09-29 13:00,atp,ATP Challenger,"Curitiba, Brazil",Clay,3,Lucas Da Silva,Genaro Alberto Olivieri,p2_games,over,12.5,0.4615,2.17,2.01,0.4597,0.2,-0.0723,1,69,1899552
2026-09-29 13:00,atp,ATP Challenger,"Curitiba, Brazil",Clay,3,Lucas Da Silva,Genaro Alberto Olivieri,p2_games,under,12.5,0.5385,1.86,1.71,0.5403,-0.2,-0.0792,1,69,1899552
2026-09-29 13:00,atp,ATP Challenger,"Curitiba, Brazil",Clay,3,Lucas Da Silva,Genaro Alberto Olivieri,game_handicap,player_a,3.5,0.4836,2.07,,,,,1,69,1899552
2026-09-29 13:00,atp,ATP Challenger,"Curitiba, Brazil",Clay,3,Lucas Da Silva,Genaro Alberto Olivieri,game_handicap,player_b,-3.5,0.5164,1.94,,,,,1,69,1899552
2026-09-29 13:00,atp,ATP Challenger,"Curitiba, Brazil",Clay,3,Luis Miguel,Facundo Mena,winner,player_a,,0.2446,4.09,2.31,0.4046,-16.0,-0.4349,0,66,1899556
2026-09-29 13:00,atp,ATP Challenger,"Curitiba, Brazil",Clay,3,Luis Miguel,Facundo Mena,winner,player_b,,0.7554,1.32,1.57,0.5954,16.0,0.1859,0,66,1899556
2026-09-29 13:00,atp,ATP Challenger,"Curitiba, Brazil",Clay,3,Luis Miguel,Facundo Mena,total_games,over,21.5,0.4581,2.18,1.81,0.5121,-5.4,-0.1709,1,66,1899556
2026-09-29 13:00,atp,ATP Challenger,"Curitiba, Brazil",Clay,3,Luis Miguel,Facundo Mena,total_games,under,21.5,0.5419,1.85,1.9,0.4879,5.4,0.0297,1,66,1899556
2026-09-29 13:00,atp,ATP Challenger,"Curitiba, Brazil",Clay,3,Luis Miguel,Facundo Mena,p1_games,over,11.5,0.4074,2.45,1.67,0.5547,-14.7,-0.3196,1,66,1899556
2026-09-29 13:00,atp,ATP Challenger,"Curitiba, Brazil",Clay,3,Luis Miguel,Facundo Mena,p1_games,under,11.5,0.5926,1.69,2.08,0.4453,14.7,0.2326,1,66,1899556
2026-09-29 13:00,atp,ATP Challenger,"Curitiba, Brazil",Clay,3,Luis Miguel,Facundo Mena,p2_games,over,12.5,0.4704,2.13,1.97,0.469,0.1,-0.0734,1,66,1899556
2026-09-29 13:00,atp,ATP Challenger,"Curitiba, Brazil",Clay,3,Luis Miguel,Facundo Mena,p2_games,under,12.5,0.5296,1.89,1.74,0.531,-0.1,-0.0785,1,66,1899556
2026-09-29 13:00,atp,ATP Challenger,"Curitiba, Brazil",Clay,3,Luis Miguel,Facundo Mena,game_handicap,player_a,3.5,0.4002,2.5,,,,,1,66,1899556
2026-09-29 13:00,atp,ATP Challenger,"Curitiba, Brazil",Clay,3,Luis Miguel,Facundo Mena,game_handicap,player_b,-3.5,0.5998,1.67,,,,,1,66,1899556
2026-09-29 13:00,atp,ATP Challenger,"Curitiba, Brazil",Clay,3,Matias Soto,Lautaro Midon,winner,player_a,,0.3727,2.68,2.39,0.3903,-1.8,-0.1094,0,100,1899551
2026-09-29 13:00,atp,ATP Challenger,"Curitiba, Brazil",Clay,3,Matias Soto,Lautaro Midon,winner,player_b,,0.6273,1.59,1.53,0.6097,1.8,-0.0402,0,100,1899551
2026-09-29 13:00,atp,ATP Challenger,"Curitiba, Brazil",Clay,3,Matias Soto,Lautaro Midon,total_games,over,21.5,0.5009,2.0,1.83,0.5067,-0.6,-0.0834,0,100,1899551
2026-09-29 13:00,atp,ATP Challenger,"Curitiba, Brazil",Clay,3,Matias Soto,Lautaro Midon,total_games,under,21.5,0.4991,2.0,1.88,0.4933,0.6,-0.0616,0,100,1899551
2026-09-29 13:00,atp,ATP Challenger,"Curitiba, Brazil",Clay,3,Matias Soto,Lautaro Midon,p1_games,over,11.5,0.5361,1.87,1.71,0.5416,-0.5,-0.0832,0,100,1899551
2026-09-29 13:00,atp,ATP Challenger,"Curitiba, Brazil",Clay,3,Matias Soto,Lautaro Midon,p1_games,under,11.5,0.4639,2.16,2.02,0.4584,0.5,-0.063,0,100,1899551
2026-09-29 13:00,atp,ATP Challenger,"Curitiba, Brazil",Clay,3,Matias Soto,Lautaro Midon,p2_games,over,12.5,0.4625,2.16,1.97,0.4704,-0.8,-0.089,0,100,1899551
2026-09-29 13:00,atp,ATP Challenger,"Curitiba, Brazil",Clay,3,Matias Soto,Lautaro Midon,p2_games,under,12.5,0.5375,1.86,1.75,0.5296,0.8,-0.0593,0,100,1899551
2026-09-29 13:00,atp,ATP Challenger,"Curitiba, Brazil",Clay,3,Matias Soto,Lautaro Midon,game_handicap,player_a,2.5,0.4615,2.17,,,,,0,100,1899551
2026-09-29 13:00,atp,ATP Challenger,"Curitiba, Brazil",Clay,3,Matias Soto,Lautaro Midon,game_handicap,player_b,-2.5,0.5385,1.86,,,,,0,100,1899551
2026-09-29 13:00,atp,ATP Challenger,"Curitiba, Brazil",Clay,3,Miguel Tobon,Juan Bautista Torres,winner,player_a,,0.3761,2.66,2.8,0.3333,4.3,0.0532,0,100,1899555
2026-09-29 13:00,atp,ATP Challenger,"Curitiba, Brazil",Clay,3,Miguel Tobon,Juan Bautista Torres,winner,player_b,,0.6239,1.6,1.4,0.6667,-4.3,-0.1266,0,100,1899555
2026-09-29 13:00,atp,ATP Challenger,"Curitiba, Brazil",Clay,3,Miguel Tobon,Juan Bautista Torres,total_games,over,21.5,0.4918,2.03,1.89,0.4906,0.1,-0.0705,0,100,1899555
2026-09-29 13:00,atp,ATP Challenger,"Curitiba, Brazil",Clay,3,Miguel Tobon,Juan Bautista Torres,total_games,under,21.5,0.5082,1.97,1.82,0.5094,-0.1,-0.0751,0,100,1899555
2026-09-29 13:00,atp,ATP Challenger,"Curitiba, Brazil",Clay,3,Miguel Tobon,Juan Bautista Torres,p1_games,over,11.5,0.5351,1.87,1.9,0.4865,4.9,0.0166,0,100,1899555
2026-09-29 13:00,atp,ATP Challenger,"Curitiba, Brazil",Clay,3,Miguel Tobon,Juan Bautista Torres,p1_games,under,11.5,0.4649,2.15,1.8,0.5135,-4.9,-0.1631,0,100,1899555
2026-09-29 13:00,atp,ATP Challenger,"Curitiba, Brazil",Clay,3,Miguel Tobon,Juan Bautista Torres,p2_games,over,12.5,0.4521,2.21,1.94,0.4771,-2.5,-0.123,0,100,1899555
2026-09-29 13:00,atp,ATP Challenger,"Curitiba, Brazil",Clay,3,Miguel Tobon,Juan Bautista Torres,p2_games,under,12.5,0.5479,1.83,1.77,0.5229,2.5,-0.0302,0,100,1899555
2026-09-29 13:00,atp,ATP Challenger,"Curitiba, Brazil",Clay,3,Miguel Tobon,Juan Bautista Torres,game_handicap,player_a,2.5,0.4631,2.16,,,,,0,100,1899555
2026-09-29 13:00,atp,ATP Challenger,"Curitiba, Brazil",Clay,3,Miguel Tobon,Juan Bautista Torres,game_handicap,player_b,-2.5,0.5369,1.86,,,,,0,100,1899555
2026-09-29 13:00,atp,ATP Challenger,"Curitiba, Brazil",Clay,3,Thiago Seyboth Wild,Pedro Boscardin Dias,winner,player_a,,0.6765,1.48,1.24,0.7515,-7.5,-0.1612,0,100,1899557
2026-09-29 13:00,atp,ATP Challenger,"Curitiba, Brazil",Clay,3,Thiago Seyboth Wild,Pedro Boscardin Dias,winner,player_b,,0.3235,3.09,3.75,0.2485,7.5,0.2132,0,100,1899557
2026-09-29 13:00,atp,ATP Challenger,"Curitiba, Brazil",Clay,3,Thiago Seyboth Wild,Pedro Boscardin Dias,total_games,over,20.5,0.5547,1.8,1.83,0.5054,4.9,0.015,0,100,1899557
2026-09-29 13:00,atp,ATP Challenger,"Curitiba, Brazil",Clay,3,Thiago Seyboth Wild,Pedro Boscardin Dias,total_games,under,20.5,0.4453,2.25,1.87,0.4946,-4.9,-0.1672,0,100,1899557
2026-09-29 13:00,atp,ATP Challenger,"Curitiba, Brazil",Clay,3,Thiago Seyboth Wild,Pedro Boscardin Dias,p1_games,over,12.5,0.4825,2.07,1.93,0.4798,0.3,-0.0687,0,100,1899557
2026-09-29 13:00,atp,ATP Challenger,"Curitiba, Brazil",Clay,3,Thiago Seyboth Wild,Pedro Boscardin Dias,p1_games,under,12.5,0.5175,1.93,1.78,0.5202,-0.3,-0.0789,0,100,1899557
2026-09-29 13:00,atp,ATP Challenger,"Curitiba, Brazil",Clay,3,Thiago Seyboth Wild,Pedro Boscardin Dias,p2_games,over,9.5,0.574,1.74,1.94,0.4771,9.7,0.1135,0,100,1899557
2026-09-29 13:00,atp,ATP Challenger,"Curitiba, Brazil",Clay,3,Thiago Seyboth Wild,Pedro Boscardin Dias,p2_games,under,9.5,0.426,2.35,1.77,0.5229,-9.7,-0.246,0,100,1899557
2026-09-29 13:00,atp,ATP Challenger,"Curitiba, Brazil",Clay,3,Thiago Seyboth Wild,Pedro Boscardin Dias,game_handicap,player_a,-3.5,0.5106,1.96,,,,,0,100,1899557
2026-09-29 13:00,atp,ATP Challenger,"Curitiba, Brazil",Clay,3,Thiago Seyboth Wild,Pedro Boscardin Dias,game_handicap,player_b,3.5,0.4894,2.04,,,,,0,100,1899557
2026-09-29 06:00,atp,ATP Challenger,"Jingshan, China",Hard,3,Akira Santillan,Luka Pavlovic,winner,player_a,,0.3458,2.89,2.25,0.4156,-7.0,-0.222,0,100,1899761
2026-09-29 06:00,atp,ATP Challenger,"Jingshan, China",Hard,3,Akira Santillan,Luka Pavlovic,winner,player_b,,0.6542,1.53,1.6,0.5844,7.0,0.0468,0,100,1899761
2026-09-29 06:00,atp,ATP Challenger,"Jingshan, China",Hard,3,Akira Santillan,Luka Pavlovic,total_games,over,22.5,0.4917,2.03,1.81,0.5108,-1.9,-0.11,0,100,1899761
2026-09-29 06:00,atp,ATP Challenger,"Jingshan, China",Hard,3,Akira Santillan,Luka Pavlovic,total_games,under,22.5,0.5083,1.97,1.89,0.4892,1.9,-0.0394,0,100,1899761
2026-09-29 06:00,atp,ATP Challenger,"Jingshan, China",Hard,3,Akira Santillan,Luka Pavlovic,p1_games,over,12.5,0.422,2.37,2.03,0.4558,-3.4,-0.1433,0,100,1899761
2026-09-29 06:00,atp,ATP Challenger,"Jingshan, China",Hard,3,Akira Santillan,Luka Pavlovic,p1_games,under,12.5,0.578,1.73,1.7,0.5442,3.4,-0.0174,0,100,1899761
2026-09-29 06:00,atp,ATP Challenger,"Jingshan, China",Hard,3,Akira Santillan,Luka Pavlovic,p2_games,over,12.5,0.5383,1.86,1.77,0.5229,1.5,-0.0473,0,100,1899761
2026-09-29 06:00,atp,ATP Challenger,"Jingshan, China",Hard,3,Akira Santillan,Luka Pavlovic,p2_games,under,12.5,0.4617,2.17,1.94,0.4771,-1.5,-0.1042,0,100,1899761
2026-09-29 06:00,atp,ATP Challenger,"Jingshan, China",Hard,3,Akira Santillan,Luka Pavlovic,game_handicap,player_a,2.5,0.4604,2.17,,,,,0,100,1899761
2026-09-29 06:00,atp,ATP Challenger,"Jingshan, China",Hard,3,Akira Santillan,Luka Pavlovic,game_handicap,player_b,-2.5,0.5396,1.85,,,,,0,100,1899761
2026-09-29 06:00,atp,ATP Challenger,"Jingshan, China",Hard,3,Arthur Weber,Yanki Erel,winner,player_a,,0.3141,3.18,2.5,0.3719,-5.8,-0.2147,0,100,1899754
2026-09-29 06:00,atp,ATP Challenger,"Jingshan, China",Hard,3,Arthur Weber,Yanki Erel,winner,player_b,,0.6859,1.46,1.48,0.6281,5.8,0.0151,0,100,1899754
2026-09-29 06:00,atp,ATP Challenger,"Jingshan, China",Hard,3,Arthur Weber,Yanki Erel,total_games,over,21.5,0.5202,1.92,1.86,0.4973,2.3,-0.0324,0,100,1899754
2026-09-29 06:00,atp,ATP Challenger,"Jingshan, China",Hard,3,Arthur Weber,Yanki Erel,total_games,under,21.5,0.4798,2.08,1.84,0.5027,-2.3,-0.1172,0,100,1899754
2026-09-29 06:00,atp,ATP Challenger,"Jingshan, China",Hard,3,Arthur Weber,Yanki Erel,p1_games,over,11.5,0.4969,2.01,1.78,0.5202,-2.3,-0.1156,0,100,1899754
2026-09-29 06:00,atp,ATP Challenger,"Jingshan, China",Hard,3,Arthur Weber,Yanki Erel,p1_games,under,11.5,0.5031,1.99,1.93,0.4798,2.3,-0.0289,0,100,1899754
2026-09-29 06:00,atp,ATP Challenger,"Jingshan, China",Hard,3,Arthur Weber,Yanki Erel,p2_games,over,12.5,0.5023,1.99,1.97,0.4704,3.2,-0.0104,0,100,1899754
2026-09-29 06:00,atp,ATP Challenger,"Jingshan, China",Hard,3,Arthur Weber,Yanki Erel,p2_games,under,12.5,0.4977,2.01,1.75,0.5296,-3.2,-0.1291,0,100,1899754
2026-09-29 06:00,atp,ATP Challenger,"Jingshan, China",Hard,3,Arthur Weber,Yanki Erel,game_handicap,player_a,3.5,0.4941,2.02,,,,,0,100,1899754
2026-09-29 06:00,atp,ATP Challenger,"Jingshan, China",Hard,3,Arthur Weber,Yanki Erel,game_handicap,player_b,-3.5,0.5059,1.98,,,,,0,100,1899754
2026-09-29 06:00,atp,ATP Challenger,"Jingshan, China",Hard,3,Michael Zheng,Yaojie Zeng,winner,player_a,,0.95,1.05,1.01,0.9279,2.2,-0.0405,0,100,1899753
2026-09-29 06:00,atp,ATP Challenger,"Jingshan, China",Hard,3,Michael Zheng,Yaojie Zeng,winner,player_b,,0.05,20.01,13.0,0.0721,-2.2,-0.3502,0,100,1899753
2026-09-29 06:00,atp,ATP Challenger,"Jingshan, China",Hard,3,Michael Zheng,Yaojie Zeng,total_games,over,17.5,0.5478,1.83,2.01,0.4611,8.7,0.1011,0,100,1899753
2026-09-29 06:00,atp,ATP Challenger,"Jingshan, China",Hard,3,Michael Zheng,Yaojie Zeng,total_games,under,17.5,0.4522,2.21,1.72,0.5389,-8.7,-0.2223,0,100,1899753
2026-09-29 06:00,atp,ATP Challenger,"Jingshan, China",Hard,3,Michael Zheng,Yaojie Zeng,p1_games,over,12.5,0.3245,3.08,3.15,0.2937,3.1,0.022,0,100,1899753
2026-09-29 06:00,atp,ATP Challenger,"Jingshan, China",Hard,3,Michael Zheng,Yaojie Zeng,p1_games,under,12.5,0.6755,1.48,1.31,0.7063,-3.1,-0.115,0,100,1899753
2026-09-29 06:00,atp,ATP Challenger,"Jingshan, China",Hard,3,Michael Zheng,Yaojie Zeng,p2_games,over,5.5,0.5455,1.83,2.03,0.4558,9.0,0.1073,0,100,1899753
2026-09-29 06:00,atp,ATP Challenger,"Jingshan, China",Hard,3,Michael Zheng,Yaojie Zeng,p2_games,under,5.5,0.4545,2.2,1.7,0.5442,-9.0,-0.2273,0,100,1899753
2026-09-29 06:00,atp,ATP Challenger,"Jingshan, China",Hard,3,Michael Zheng,Yaojie Zeng,game_handicap,player_a,-5.5,0.6412,1.56,,,,,0,100,1899753
2026-09-29 06:00,atp,ATP Challenger,"Jingshan, China",Hard,3,Michael Zheng,Yaojie Zeng,game_handicap,player_b,5.5,0.3588,2.79,,,,,0,100,1899753
2026-09-29 06:00,atp,ATP Challenger,"Jingshan, China",Hard,3,Stefanos Sakellaridis,Yuta Shimizu,winner,player_a,,0.7287,1.37,1.44,0.6479,8.1,0.0493,0,100,1899755
2026-09-29 06:00,atp,ATP Challenger,"Jingshan, China",Hard,3,Stefanos Sakellaridis,Yuta Shimizu,winner,player_b,,0.2713,3.69,2.65,0.3521,-8.1,-0.281,0,100,1899755
2026-09-29 06:00,atp,ATP Challenger,"Jingshan, China",Hard,3,Stefanos Sakellaridis,Yuta Shimizu,total_games,over,22.5,0.4361,2.29,1.91,0.4852,-4.9,-0.1671,0,100,1899755
2026-09-29 06:00,atp,ATP Challenger,"Jingshan, China",Hard,3,Stefanos Sakellaridis,Yuta Shimizu,total_games,under,22.5,0.5639,1.77,1.8,0.5148,4.9,0.0151,0,100,1899755
2026-09-29 06:00,atp,ATP Challenger,"Jingshan, China",Hard,3,Stefanos Sakellaridis,Yuta Shimizu,p1_games,over,12.5,0.5086,1.97,1.81,0.5121,-0.4,-0.0794,0,100,1899755
2026-09-29 06:00,atp,ATP Challenger,"Jingshan, China",Hard,3,Stefanos Sakellaridis,Yuta Shimizu,p1_games,under,12.5,0.4914,2.04,1.9,0.4879,0.4,-0.0664,0,100,1899755
2026-09-29 06:00,atp,ATP Challenger,"Jingshan, China",Hard,3,Stefanos Sakellaridis,Yuta Shimizu,p2_games,over,11.5,0.4561,2.19,1.79,0.5175,-6.1,-0.1836,0,100,1899755
2026-09-29 06:00,atp,ATP Challenger,"Jingshan, China",Hard,3,Stefanos Sakellaridis,Yuta Shimizu,p2_games,under,11.5,0.5439,1.84,1.92,0.4825,6.1,0.0444,0,100,1899755
2026-09-29 06:00,atp,ATP Challenger,"Jingshan, China",Hard,3,Stefanos Sakellaridis,Yuta Shimizu,game_handicap,player_a,-3.5,0.5448,1.84,,,,,0,100,1899755
2026-09-29 06:00,atp,ATP Challenger,"Jingshan, China",Hard,3,Stefanos Sakellaridis,Yuta Shimizu,game_handicap,player_b,3.5,0.4552,2.2,,,,,0,100,1899755
2026-09-29 07:30,atp,ATP Challenger,"Jingshan, China",Hard,3,Alex Bolt,Semen Pankin,winner,player_a,,0.771,1.3,,,,,0,94,1899759
2026-09-29 07:30,atp,ATP Challenger,"Jingshan, China",Hard,3,Alex Bolt,Semen Pankin,winner,player_b,,0.229,4.37,,,,,0,94,1899759
2026-09-29 07:30,atp,ATP Challenger,"Jingshan, China",Hard,3,Alex Bolt,Semen Pankin,total_games,over,22.5,0.4343,2.3,,,,,0,94,1899759
2026-09-29 07:30,atp,ATP Challenger,"Jingshan, China",Hard,3,Alex Bolt,Semen Pankin,total_games,under,22.5,0.5657,1.77,,,,,0,94,1899759
2026-09-29 07:30,atp,ATP Challenger,"Jingshan, China",Hard,3,Alex Bolt,Semen Pankin,p1_games,over,13.5,0.3216,3.11,,,,,0,94,1899759
2026-09-29 07:30,atp,ATP Challenger,"Jingshan, China",Hard,3,Alex Bolt,Semen Pankin,p1_games,under,13.5,0.6784,1.47,,,,,0,94,1899759
2026-09-29 07:30,atp,ATP Challenger,"Jingshan, China",Hard,3,Alex Bolt,Semen Pankin,p2_games,over,10.5,0.4582,2.18,,,,,0,94,1899759
2026-09-29 07:30,atp,ATP Challenger,"Jingshan, China",Hard,3,Alex Bolt,Semen Pankin,p2_games,under,10.5,0.5418,1.85,,,,,0,94,1899759
2026-09-29 07:30,atp,ATP Challenger,"Jingshan, China",Hard,3,Alex Bolt,Semen Pankin,game_handicap,player_a,-3.5,0.5696,1.76,,,,,0,94,1899759
2026-09-29 07:30,atp,ATP Challenger,"Jingshan, China",Hard,3,Alex Bolt,Semen Pankin,game_handicap,player_b,3.5,0.4304,2.32,,,,,0,94,1899759
2026-09-29 07:30,atp,ATP Challenger,"Jingshan, China",Hard,3,Bernard Tomic,Fajing Sun,winner,player_a,,0.5926,1.69,,,,,0,94,1899758
2026-09-29 07:30,atp,ATP Challenger,"Jingshan, China",Hard,3,Bernard Tomic,Fajing Sun,winner,player_b,,0.4074,2.45,,,,,0,94,1899758
2026-09-29 07:30,atp,ATP Challenger,"Jingshan, China",Hard,3,Bernard Tomic,Fajing Sun,total_games,over,22.5,0.495,2.02,,,,,0,94,1899758
2026-09-29 07:30,atp,ATP Challenger,"Jingshan, China",Hard,3,Bernard Tomic,Fajing Sun,total_games,under,22.5,0.505,1.98,,,,,0,94,1899758
2026-09-29 07:30,atp,ATP Challenger,"Jingshan, China",Hard,3,Bernard Tomic,Fajing Sun,p1_games,over,13.5,0.342,2.92,,,,,0,94,1899758
2026-09-29 07:30,atp,ATP Challenger,"Jingshan, China",Hard,3,Bernard Tomic,Fajing Sun,p1_games,under,13.5,0.658,1.52,,,,,0,94,1899758
2026-09-29 07:30,atp,ATP Challenger,"Jingshan, China",Hard,3,Bernard Tomic,Fajing Sun,p2_games,over,12.5,0.4461,2.24,,,,,0,94,1899758
2026-09-29 07:30,atp,ATP Challenger,"Jingshan, China",Hard,3,Bernard Tomic,Fajing Sun,p2_games,under,12.5,0.5539,1.81,,,,,0,94,1899758
2026-09-29 07:30,atp,ATP Challenger,"Jingshan, China",Hard,3,Bernard Tomic,Fajing Sun,game_handicap,player_a,-1.5,0.5398,1.85,,,,,0,94,1899758
2026-09-29 07:30,atp,ATP Challenger,"Jingshan, China",Hard,3,Bernard Tomic,Fajing Sun,game_handicap,player_b,1.5,0.4602,2.17,,,,,0,94,1899758
2026-09-29 07:30,atp,ATP Challenger,"Jingshan, China",Hard,3,Matthew Dellavedova,Andre Ilagan,winner,player_a,,0.1787,5.6,,,,,0,94,1899757
2026-09-29 07:30,atp,ATP Challenger,"Jingshan, China",Hard,3,Matthew Dellavedova,Andre Ilagan,winner,player_b,,0.8213,1.22,,,,,0,94,1899757
2026-09-29 07:30,atp,ATP Challenger,"Jingshan, China",Hard,3,Matthew Dellavedova,Andre Ilagan,total_games,over,20.5,0.4592,2.18,,,,,0,94,1899757
2026-09-29 07:30,atp,ATP Challenger,"Jingshan, China",Hard,3,Matthew Dellavedova,Andre Ilagan,total_games,under,20.5,0.5408,1.85,,,,,0,94,1899757
2026-09-29 07:30,atp,ATP Challenger,"Jingshan, China",Hard,3,Matthew Dellavedova,Andre Ilagan,p1_games,over,8.5,0.462,2.16,,,,,0,94,1899757
2026-09-29 07:30,atp,ATP Challenger,"Jingshan, China",Hard,3,Matthew Dellavedova,Andre Ilagan,p1_games,under,8.5,0.538,1.86,,,,,0,94,1899757
2026-09-29 07:30,atp,ATP Challenger,"Jingshan, China",Hard,3,Matthew Dellavedova,Andre Ilagan,p2_games,over,12.5,0.4486,2.23,,,,,0,94,1899757
2026-09-29 07:30,atp,ATP Challenger,"Jingshan, China",Hard,3,Matthew Dellavedova,Andre Ilagan,p2_games,under,12.5,0.5514,1.81,,,,,0,94,1899757
2026-09-29 07:30,atp,ATP Challenger,"Jingshan, China",Hard,3,Matthew Dellavedova,Andre Ilagan,game_handicap,player_a,4.5,0.4314,2.32,,,,,0,94,1899757
2026-09-29 07:30,atp,ATP Challenger,"Jingshan, China",Hard,3,Matthew Dellavedova,Andre Ilagan,game_handicap,player_b,-4.5,0.5686,1.76,,,,,0,94,1899757
2026-09-29 09:00,atp,ATP Challenger,"Mouilleron-Le-Captif, France",Hard,3,Billy Harris,Felix Balshaw,winner,player_a,,0.3783,2.64,2.17,0.4304,-5.2,-0.179,0,100,1899546
2026-09-29 09:00,atp,ATP Challenger,"Mouilleron-Le-Captif, France",Hard,3,Billy Harris,Felix Balshaw,winner,player_b,,0.6217,1.61,1.64,0.5696,5.2,0.0195,0,100,1899546
2026-09-29 09:00,atp,ATP Challenger,"Mouilleron-Le-Captif, France",Hard,3,Billy Harris,Felix Balshaw,total_games,over,22.5,0.5005,2.0,1.76,0.5269,-2.6,-0.1192,0,100,1899546
2026-09-29 09:00,atp,ATP Challenger,"Mouilleron-Le-Captif, France",Hard,3,Billy Harris,Felix Balshaw,total_games,under,22.5,0.4995,2.0,1.96,0.4731,2.6,-0.0209,0,100,1899546
2026-09-29 09:00,atp,ATP Challenger,"Mouilleron-Le-Captif, France",Hard,3,Billy Harris,Felix Balshaw,p1_games,over,12.5,0.4411,2.27,1.91,0.4838,-4.3,-0.1575,0,100,1899546
2026-09-29 09:00,atp,ATP Challenger,"Mouilleron-Le-Captif, France",Hard,3,Billy Harris,Felix Balshaw,p1_games,under,12.5,0.5589,1.79,1.79,0.5162,4.3,0.0005,0,100,1899546
2026-09-29 09:00,atp,ATP Challenger,"Mouilleron-Le-Captif, France",Hard,3,Billy Harris,Felix Balshaw,p2_games,over,12.5,0.5337,1.87,1.71,0.5416,-0.8,-0.0874,0,100,1899546
2026-09-29 09:00,atp,ATP Challenger,"Mouilleron-Le-Captif, France",Hard,3,Billy Harris,Felix Balshaw,p2_games,under,12.5,0.4663,2.14,2.02,0.4584,0.8,-0.0581,0,100,1899546
2026-09-29 09:00,atp,ATP Challenger,"Mouilleron-Le-Captif, France",Hard,3,Billy Harris,Felix Balshaw,game_handicap,player_a,2.5,0.4931,2.03,,,,,0,100,1899546
2026-09-29 09:00,atp,ATP Challenger,"Mouilleron-Le-Captif, France",Hard,3,Billy Harris,Felix Balshaw,game_handicap,player_b,-2.5,0.5069,1.97,,,,,0,100,1899546
2026-09-29 10:30,atp,ATP Challenger,"Mouilleron-Le-Captif, France",Hard,3,Filippo Romano,Harry Wendelken,winner,player_a,,0.3596,2.78,2.11,0.4433,-8.4,-0.2413,0,100,1900376
2026-09-29 10:30,atp,ATP Challenger,"Mouilleron-Le-Captif, France",Hard,3,Filippo Romano,Harry Wendelken,winner,player_b,,0.6404,1.56,1.68,0.5567,8.4,0.0759,0,100,1900376
2026-09-29 10:30,atp,ATP Challenger,"Mouilleron-Le-Captif, France",Hard,3,Filippo Romano,Harry Wendelken,total_games,over,22.5,0.4644,2.15,,,,,0,100,1900376
2026-09-29 10:30,atp,ATP Challenger,"Mouilleron-Le-Captif, France",Hard,3,Filippo Romano,Harry Wendelken,total_games,under,22.5,0.5356,1.87,,,,,0,100,1900376
2026-09-29 10:30,atp,ATP Challenger,"Mouilleron-Le-Captif, France",Hard,3,Filippo Romano,Harry Wendelken,p1_games,over,12.5,0.4003,2.5,,,,,0,100,1900376
2026-09-29 10:30,atp,ATP Challenger,"Mouilleron-Le-Captif, France",Hard,3,Filippo Romano,Harry Wendelken,p1_games,under,12.5,0.5997,1.67,,,,,0,100,1900376
2026-09-29 10:30,atp,ATP Challenger,"Mouilleron-Le-Captif, France",Hard,3,Filippo Romano,Harry Wendelken,p2_games,over,13.5,0.3254,3.07,,,,,0,100,1900376
2026-09-29 10:30,atp,ATP Challenger,"Mouilleron-Le-Captif, France",Hard,3,Filippo Romano,Harry Wendelken,p2_games,under,13.5,0.6746,1.48,,,,,0,100,1900376
2026-09-29 10:30,atp,ATP Challenger,"Mouilleron-Le-Captif, France",Hard,3,Filippo Romano,Harry Wendelken,game_handicap,player_a,2.5,0.4606,2.17,,,,,0,100,1900376
2026-09-29 10:30,atp,ATP Challenger,"Mouilleron-Le-Captif, France",Hard,3,Filippo Romano,Harry Wendelken,game_handicap,player_b,-2.5,0.5394,1.85,,,,,0,100,1900376
2026-09-29 10:30,atp,ATP Challenger,"Mouilleron-Le-Captif, France",Hard,3,Yanis Durand,Nicolai Budkov Kjaer,winner,player_a,,0.2128,4.7,4.3,0.2168,-0.4,-0.0851,0,88,1900380
2026-09-29 10:30,atp,ATP Challenger,"Mouilleron-Le-Captif, France",Hard,3,Yanis Durand,Nicolai Budkov Kjaer,winner,player_b,,0.7872,1.27,1.19,0.7832,0.4,-0.0632,0,88,1900380
2026-09-29 10:30,atp,ATP Challenger,"Mouilleron-Le-Captif, France",Hard,3,Yanis Durand,Nicolai Budkov Kjaer,total_games,over,21.5,0.4504,2.22,,,,,1,88,1900380
2026-09-29 10:30,atp,ATP Challenger,"Mouilleron-Le-Captif, France",Hard,3,Yanis Durand,Nicolai Budkov Kjaer,total_games,under,21.5,0.5496,1.82,,,,,1,88,1900380
2026-09-29 10:30,atp,ATP Challenger,"Mouilleron-Le-Captif, France",Hard,3,Yanis Durand,Nicolai Budkov Kjaer,p1_games,over,9.5,0.4593,2.18,,,,,1,88,1900380
2026-09-29 10:30,atp,ATP Challenger,"Mouilleron-Le-Captif, France",Hard,3,Yanis Durand,Nicolai Budkov Kjaer,p1_games,under,9.5,0.5407,1.85,,,,,1,88,1900380
2026-09-29 10:30,atp,ATP Challenger,"Mouilleron-Le-Captif, France",Hard,3,Yanis Durand,Nicolai Budkov Kjaer,p2_games,over,12.5,0.476,2.1,,,,,1,88,1900380
2026-09-29 10:30,atp,ATP Challenger,"Mouilleron-Le-Captif, France",Hard,3,Yanis Durand,Nicolai Budkov Kjaer,p2_games,under,12.5,0.524,1.91,,,,,1,88,1900380
2026-09-29 10:30,atp,ATP Challenger,"Mouilleron-Le-Captif, France",Hard,3,Yanis Durand,Nicolai Budkov Kjaer,game_handicap,player_a,4.5,0.4901,2.04,,,,,1,88,1900380
2026-09-29 10:30,atp,ATP Challenger,"Mouilleron-Le-Captif, France",Hard,3,Yanis Durand,Nicolai Budkov Kjaer,game_handicap,player_b,-4.5,0.5099,1.96,,,,,1,88,1900380
2026-09-29 12:00,atp,ATP Challenger,"Mouilleron-Le-Captif, France",Hard,3,Alberto Barroso Campos,Joel Schwaerzler,winner,player_a,,0.3139,3.19,3.4,0.2751,3.9,0.0673,0,100,1900378
2026-09-29 12:00,atp,ATP Challenger,"Mouilleron-Le-Captif, France",Hard,3,Alberto Barroso Campos,Joel Schwaerzler,winner,player_b,,0.6861,1.46,1.29,0.7249,-3.9,-0.1149,0,100,1900378
2026-09-29 12:00,atp,ATP Challenger,"Mouilleron-Le-Captif, France",Hard,3,Alberto Barroso Campos,Joel Schwaerzler,total_games,over,22.5,0.4579,2.18,,,,,0,100,1900378
2026-09-29 12:00,atp,ATP Challenger,"Mouilleron-Le-Captif, France",Hard,3,Alberto Barroso Campos,Joel Schwaerzler,total_games,under,22.5,0.5421,1.84,,,,,0,100,1900378
2026-09-29 12:00,atp,ATP Challenger,"Mouilleron-Le-Captif, France",Hard,3,Alberto Barroso Campos,Joel Schwaerzler,p1_games,over,12.5,0.3807,2.63,,,,,0,100,1900378
2026-09-29 12:00,atp,ATP Challenger,"Mouilleron-Le-Captif, France",Hard,3,Alberto Barroso Campos,Joel Schwaerzler,p1_games,under,12.5,0.6193,1.61,,,,,0,100,1900378
2026-09-29 12:00,atp,ATP Challenger,"Mouilleron-Le-Captif, France",Hard,3,Alberto Barroso Campos,Joel Schwaerzler,p2_games,over,13.5,0.3282,3.05,,,,,0,100,1900378
2026-09-29 12:00,atp,ATP Challenger,"Mouilleron-Le-Captif, France",Hard,3,Alberto Barroso Campos,Joel Schwaerzler,p2_games,under,13.5,0.6718,1.49,,,,,0,100,1900378
2026-09-29 12:00,atp,ATP Challenger,"Mouilleron-Le-Captif, France",Hard,3,Alberto Barroso Campos,Joel Schwaerzler,game_handicap,player_a,2.5,0.417,2.4,,,,,0,100,1900378
2026-09-29 12:00,atp,ATP Challenger,"Mouilleron-Le-Captif, France",Hard,3,Alberto Barroso Campos,Joel Schwaerzler,game_handicap,player_b,-2.5,0.583,1.72,,,,,0,100,1900378
2026-09-29 12:00,atp,ATP Challenger,"Mouilleron-Le-Captif, France",Hard,3,Alexandre Reco,Remy Bertola,winner,player_a,,0.2807,3.56,3.4,0.2751,0.6,-0.0458,0,91,1900375
2026-09-29 12:00,atp,ATP Challenger,"Mouilleron-Le-Captif, France",Hard,3,Alexandre Reco,Remy Bertola,winner,player_b,,0.7193,1.39,1.29,0.7249,-0.6,-0.0721,0,91,1900375
2026-09-29 12:00,atp,ATP Challenger,"Mouilleron-Le-Captif, France",Hard,3,Alexandre Reco,Remy Bertola,total_games,over,22.5,0.4421,2.26,,,,,1,91,1900375
2026-09-29 12:00,atp,ATP Challenger,"Mouilleron-Le-Captif, France",Hard,3,Alexandre Reco,Remy Bertola,total_games,under,22.5,0.5579,1.79,,,,,1,91,1900375
2026-09-29 12:00,atp,ATP Challenger,"Mouilleron-Le-Captif, France",Hard,3,Alexandre Reco,Remy Bertola,p1_games,over,11.5,0.4667,2.14,,,,,1,91,1900375
2026-09-29 12:00,atp,ATP Challenger,"Mouilleron-Le-Captif, France",Hard,3,Alexandre Reco,Remy Bertola,p1_games,under,11.5,0.5333,1.88,,,,,1,91,1900375
2026-09-29 12:00,atp,ATP Challenger,"Mouilleron-Le-Captif, France",Hard,3,Alexandre Reco,Remy Bertola,p2_games,over,13.5,0.3213,3.11,,,,,1,91,1900375
2026-09-29 12:00,atp,ATP Challenger,"Mouilleron-Le-Captif, France",Hard,3,Alexandre Reco,Remy Bertola,p2_games,under,13.5,0.6787,1.47,,,,,1,91,1900375
2026-09-29 12:00,atp,ATP Challenger,"Mouilleron-Le-Captif, France",Hard,3,Alexandre Reco,Remy Bertola,game_handicap,player_a,3.5,0.4663,2.14,,,,,1,91,1900375
2026-09-29 12:00,atp,ATP Challenger,"Mouilleron-Le-Captif, France",Hard,3,Alexandre Reco,Remy Bertola,game_handicap,player_b,-3.5,0.5337,1.87,,,,,1,91,1900375
2026-09-29 13:30,atp,ATP Challenger,"Mouilleron-Le-Captif, France",Hard,3,Mark Lajal,Lucas Poullain,winner,player_a,,0.7101,1.41,1.22,0.764,-5.4,-0.1337,0,100,1899539
2026-09-29 13:30,atp,ATP Challenger,"Mouilleron-Le-Captif, France",Hard,3,Mark Lajal,Lucas Poullain,winner,player_b,,0.2899,3.45,3.95,0.236,5.4,0.145,0,100,1899539
2026-09-29 13:30,atp,ATP Challenger,"Mouilleron-Le-Captif, France",Hard,3,Mark Lajal,Lucas Poullain,total_games,over,21.5,0.4951,2.02,1.95,0.4744,2.1,-0.0346,0,100,1899539
2026-09-29 13:30,atp,ATP Challenger,"Mouilleron-Le-Captif, France",Hard,3,Mark Lajal,Lucas Poullain,total_games,under,21.5,0.5049,1.98,1.76,0.5256,-2.1,-0.1114,0,100,1899539
2026-09-29 13:30,atp,ATP Challenger,"Mouilleron-Le-Captif, France",Hard,3,Mark Lajal,Lucas Poullain,p1_games,over,12.5,0.4882,2.05,1.84,0.5027,-1.4,-0.1016,0,100,1899539
2026-09-29 13:30,atp,ATP Challenger,"Mouilleron-Le-Captif, France",Hard,3,Mark Lajal,Lucas Poullain,p1_games,under,12.5,0.5118,1.95,1.86,0.4973,1.4,-0.0481,0,100,1899539
2026-09-29 13:30,atp,ATP Challenger,"Mouilleron-Le-Captif, France",Hard,3,Mark Lajal,Lucas Poullain,p2_games,over,9.5,0.5448,1.84,1.93,0.4798,6.5,0.0516,0,100,1899539
2026-09-29 13:30,atp,ATP Challenger,"Mouilleron-Le-Captif, France",Hard,3,Mark Lajal,Lucas Poullain,p2_games,under,9.5,0.4552,2.2,1.78,0.5202,-6.5,-0.1898,0,100,1899539
2026-09-29 13:30,atp,ATP Challenger,"Mouilleron-Le-Captif, France",Hard,3,Mark Lajal,Lucas Poullain,game_handicap,player_a,-3.5,0.541,1.85,,,,,0,100,1899539
2026-09-29 13:30,atp,ATP Challenger,"Mouilleron-Le-Captif, France",Hard,3,Mark Lajal,Lucas Poullain,game_handicap,player_b,3.5,0.459,2.18,,,,,0,100,1899539
2026-09-29 17:00,atp,ATP Challenger,"Mouilleron-Le-Captif, France",Hard,3,Clement Chidekh,David Goffin,winner,player_a,,0.4319,2.32,1.32,0.708,-27.6,-0.43,0,100,1899544
2026-09-29 17:00,atp,ATP Challenger,"Mouilleron-Le-Captif, France",Hard,3,Clement Chidekh,David Goffin,winner,player_b,,0.5681,1.76,3.2,0.292,27.6,0.8181,0,100,1899544
2026-09-29 17:00,atp,ATP Challenger,"Mouilleron-Le-Captif, France",Hard,3,Clement Chidekh,David Goffin,total_games,over,21.5,0.5254,1.9,1.89,0.4892,3.6,-0.0071,0,100,1899544
2026-09-29 17:00,atp,ATP Challenger,"Mouilleron-Le-Captif, France",Hard,3,Clement Chidekh,David Goffin,total_games,under,21.5,0.4746,2.11,1.81,0.5108,-3.6,-0.1409,0,100,1899544
2026-09-29 17:00,atp,ATP Challenger,"Mouilleron-Le-Captif, France",Hard,3,Clement Chidekh,David Goffin,p1_games,over,12.5,0.4162,2.4,1.87,0.4946,-7.8,-0.2217,0,100,1899544
2026-09-29 17:00,atp,ATP Challenger,"Mouilleron-Le-Captif, France",Hard,3,Clement Chidekh,David Goffin,p1_games,under,12.5,0.5838,1.71,1.83,0.5054,7.8,0.0684,0,100,1899544
2026-09-29 17:00,atp,ATP Challenger,"Mouilleron-Le-Captif, France",Hard,3,Clement Chidekh,David Goffin,p2_games,over,10.5,0.7433,1.35,1.9,0.4865,25.7,0.4124,0,100,1899544
2026-09-29 17:00,atp,ATP Challenger,"Mouilleron-Le-Captif, France",Hard,3,Clement Chidekh,David Goffin,p2_games,under,10.5,0.2567,3.9,1.8,0.5135,-25.7,-0.538,0,100,1899544
2026-09-29 17:00,atp,ATP Challenger,"Mouilleron-Le-Captif, France",Hard,3,Clement Chidekh,David Goffin,game_handicap,player_a,1.5,0.4807,2.08,,,,,0,100,1899544
2026-09-29 17:00,atp,ATP Challenger,"Mouilleron-Le-Captif, France",Hard,3,Clement Chidekh,David Goffin,game_handicap,player_b,-1.5,0.5193,1.93,,,,,0,100,1899544
2026-09-29 18:30,atp,ATP Challenger,"Mouilleron-Le-Captif, France",Hard,3,Viktor Durasovic,Ugo Blanchet,winner,player_a,,0.307,3.26,3.25,0.2873,2.0,-0.0021,0,100,1900379
2026-09-29 18:30,atp,ATP Challenger,"Mouilleron-Le-Captif, France",Hard,3,Viktor Durasovic,Ugo Blanchet,winner,player_b,,0.693,1.44,1.31,0.7127,-2.0,-0.0922,0,100,1900379
2026-09-29 18:30,atp,ATP Challenger,"Mouilleron-Le-Captif, France",Hard,3,Viktor Durasovic,Ugo Blanchet,total_games,over,22.5,0.4648,2.15,,,,,0,100,1900379
2026-09-29 18:30,atp,ATP Challenger,"Mouilleron-Le-Captif, France",Hard,3,Viktor Durasovic,Ugo Blanchet,total_games,under,22.5,0.5352,1.87,,,,,0,100,1900379
2026-09-29 18:30,atp,ATP Challenger,"Mouilleron-Le-Captif, France",Hard,3,Viktor Durasovic,Ugo Blanchet,p1_games,over,12.5,0.3846,2.6,,,,,0,100,1900379
2026-09-29 18:30,atp,ATP Challenger,"Mouilleron-Le-Captif, France",Hard,3,Viktor Durasovic,Ugo Blanchet,p1_games,under,12.5,0.6154,1.63,,,,,0,100,1900379
2026-09-29 18:30,atp,ATP Challenger,"Mouilleron-Le-Captif, France",Hard,3,Viktor Durasovic,Ugo Blanchet,p2_games,over,13.5,0.3348,2.99,,,,,0,100,1900379
2026-09-29 18:30,atp,ATP Challenger,"Mouilleron-Le-Captif, France",Hard,3,Viktor Durasovic,Ugo Blanchet,p2_games,under,13.5,0.6652,1.5,,,,,0,100,1900379
2026-09-29 18:30,atp,ATP Challenger,"Mouilleron-Le-Captif, France",Hard,3,Viktor Durasovic,Ugo Blanchet,game_handicap,player_a,2.5,0.4129,2.42,,,,,0,100,1900379
2026-09-29 18:30,atp,ATP Challenger,"Mouilleron-Le-Captif, France",Hard,3,Viktor Durasovic,Ugo Blanchet,game_handicap,player_b,-2.5,0.5871,1.7,,,,,0,100,1900379
2026-09-29 10:00,atp,ATP Challenger,"Porto 2, Portugal",Clay,3,David Jorda Sanchis,Jesper de Jong,winner,player_a,,0.2675,3.74,4.3,0.2182,4.9,0.1503,0,100,1899399
2026-09-29 10:00,atp,ATP Challenger,"Porto 2, Portugal",Clay,3,David Jorda Sanchis,Jesper de Jong,winner,player_b,,0.7325,1.37,1.2,0.7818,-4.9,-0.121,0,100,1899399
2026-09-29 10:00,atp,ATP Challenger,"Porto 2, Portugal",Clay,3,David Jorda Sanchis,Jesper de Jong,total_games,over,20.5,0.5268,1.9,1.81,0.5121,1.5,-0.0466,0,100,1899399
2026-09-29 10:00,atp,ATP Challenger,"Porto 2, Portugal",Clay,3,David Jorda Sanchis,Jesper de Jong,total_games,under,20.5,0.4732,2.11,1.9,0.4879,-1.5,-0.1008,0,100,1899399
2026-09-29 10:00,atp,ATP Challenger,"Porto 2, Portugal",Clay,3,David Jorda Sanchis,Jesper de Jong,p1_games,over,8.5,0.5688,1.76,1.89,0.4906,7.8,0.0751,0,100,1899399
2026-09-29 10:00,atp,ATP Challenger,"Porto 2, Portugal",Clay,3,David Jorda Sanchis,Jesper de Jong,p1_games,under,8.5,0.4312,2.32,1.82,0.5094,-7.8,-0.2153,0,100,1899399
2026-09-29 10:00,atp,ATP Challenger,"Porto 2, Portugal",Clay,3,David Jorda Sanchis,Jesper de Jong,p2_games,over,12.5,0.4778,2.09,1.95,0.4744,0.3,-0.0683,0,100,1899399
2026-09-29 10:00,atp,ATP Challenger,"Porto 2, Portugal",Clay,3,David Jorda Sanchis,Jesper de Jong,p2_games,under,12.5,0.5222,1.91,1.76,0.5256,-0.3,-0.0809,0,100,1899399
2026-09-29 10:00,atp,ATP Challenger,"Porto 2, Portugal",Clay,3,David Jorda Sanchis,Jesper de Jong,game_handicap,player_a,3.5,0.4284,2.33,,,,,0,100,1899399
2026-09-29 10:00,atp,ATP Challenger,"Porto 2, Portugal",Clay,3,David Jorda Sanchis,Jesper de Jong,game_handicap,player_b,-3.5,0.5716,1.75,,,,,0,100,1899399
2026-09-29 10:00,atp,ATP Challenger,"Porto 2, Portugal",Clay,3,Fausto Tabacco,Daniel Rincon,winner,player_a,,0.1578,6.34,3.45,0.2706,-11.3,-0.4556,0,94,1900407
2026-09-29 10:00,atp,ATP Challenger,"Porto 2, Portugal",Clay,3,Fausto Tabacco,Daniel Rincon,winner,player_b,,0.8422,1.19,1.28,0.7294,11.3,0.078,0,94,1900407
2026-09-29 10:00,atp,ATP Challenger,"Porto 2, Portugal",Clay,3,Fausto Tabacco,Daniel Rincon,total_games,over,19.5,0.4573,2.19,,,,,1,94,1900407
2026-09-29 10:00,atp,ATP Challenger,"Porto 2, Portugal",Clay,3,Fausto Tabacco,Daniel Rincon,total_games,under,19.5,0.5427,1.84,,,,,1,94,1900407
2026-09-29 10:00,atp,ATP Challenger,"Porto 2, Portugal",Clay,3,Fausto Tabacco,Daniel Rincon,p1_games,over,7.5,0.4621,2.16,,,,,1,94,1900407
2026-09-29 10:00,atp,ATP Challenger,"Porto 2, Portugal",Clay,3,Fausto Tabacco,Daniel Rincon,p1_games,under,7.5,0.5379,1.86,,,,,1,94,1900407
2026-09-29 10:00,atp,ATP Challenger,"Porto 2, Portugal",Clay,3,Fausto Tabacco,Daniel Rincon,p2_games,over,12.5,0.3972,2.52,,,,,1,94,1900407
2026-09-29 10:00,atp,ATP Challenger,"Porto 2, Portugal",Clay,3,Fausto Tabacco,Daniel Rincon,p2_games,under,12.5,0.6028,1.66,,,,,1,94,1900407
2026-09-29 10:00,atp,ATP Challenger,"Porto 2, Portugal",Clay,3,Fausto Tabacco,Daniel Rincon,game_handicap,player_a,5.5,0.4634,2.16,,,,,1,94,1900407
2026-09-29 10:00,atp,ATP Challenger,"Porto 2, Portugal",Clay,3,Fausto Tabacco,Daniel Rincon,game_handicap,player_b,-5.5,0.5366,1.86,,,,,1,94,1900407
2026-09-29 10:00,atp,ATP Challenger,"Porto 2, Portugal",Clay,3,Goncalo Marques,Petr Nesterov,winner,player_a,,0.3116,3.21,2.3,0.4057,-9.4,-0.2833,0,78,1900406
2026-09-29 10:00,atp,ATP Challenger,"Porto 2, Portugal",Clay,3,Goncalo Marques,Petr Nesterov,winner,player_b,,0.6884,1.45,1.57,0.5943,9.4,0.0808,0,78,1900406
2026-09-29 10:00,atp,ATP Challenger,"Porto 2, Portugal",Clay,3,Goncalo Marques,Petr Nesterov,total_games,over,21.5,0.4794,2.09,,,,,1,78,1900406
2026-09-29 10:00,atp,ATP Challenger,"Porto 2, Portugal",Clay,3,Goncalo Marques,Petr Nesterov,total_games,under,21.5,0.5206,1.92,,,,,1,78,1900406
2026-09-29 10:00,atp,ATP Challenger,"Porto 2, Portugal",Clay,3,Goncalo Marques,Petr Nesterov,p1_games,over,11.5,0.4733,2.11,,,,,1,78,1900406
2026-09-29 10:00,atp,ATP Challenger,"Porto 2, Portugal",Clay,3,Goncalo Marques,Petr Nesterov,p1_games,under,11.5,0.5267,1.9,,,,,1,78,1900406
2026-09-29 10:00,atp,ATP Challenger,"Porto 2, Portugal",Clay,3,Goncalo Marques,Petr Nesterov,p2_games,over,12.5,0.4651,2.15,,,,,1,78,1900406
2026-09-29 10:00,atp,ATP Challenger,"Porto 2, Portugal",Clay,3,Goncalo Marques,Petr Nesterov,p2_games,under,12.5,0.5349,1.87,,,,,1,78,1900406
2026-09-29 10:00,atp,ATP Challenger,"Porto 2, Portugal",Clay,3,Goncalo Marques,Petr Nesterov,game_handicap,player_a,3.5,0.4647,2.15,,,,,1,78,1900406
2026-09-29 10:00,atp,ATP Challenger,"Porto 2, Portugal",Clay,3,Goncalo Marques,Petr Nesterov,game_handicap,player_b,-3.5,0.5353,1.87,,,,,1,78,1900406
2026-09-29 11:30,atp,ATP Challenger,"Porto 2, Portugal",Clay,3,Anton Matusevich,Andrea Guerrieri,winner,player_a,,0.3134,3.19,2.33,0.401,-8.8,-0.2698,0,100,1900405
2026-09-29 11:30,atp,ATP Challenger,"Porto 2, Portugal",Clay,3,Anton Matusevich,Andrea Guerrieri,winner,player_b,,0.6866,1.46,1.56,0.599,8.8,0.0711,0,100,1900405
2026-09-29 11:30,atp,ATP Challenger,"Porto 2, Portugal",Clay,3,Anton Matusevich,Andrea Guerrieri,total_games,over,21.5,0.4756,2.1,,,,,0,100,1900405
2026-09-29 11:30,atp,ATP Challenger,"Porto 2, Portugal",Clay,3,Anton Matusevich,Andrea Guerrieri,total_games,under,21.5,0.5244,1.91,,,,,0,100,1900405
2026-09-29 11:30,atp,ATP Challenger,"Porto 2, Portugal",Clay,3,Anton Matusevich,Andrea Guerrieri,p1_games,over,11.5,0.4733,2.11,,,,,0,100,1900405
2026-09-29 11:30,atp,ATP Challenger,"Porto 2, Portugal",Clay,3,Anton Matusevich,Andrea Guerrieri,p1_games,under,11.5,0.5267,1.9,,,,,0,100,1900405
2026-09-29 11:30,atp,ATP Challenger,"Porto 2, Portugal",Clay,3,Anton Matusevich,Andrea Guerrieri,p2_games,over,12.5,0.4603,2.17,,,,,0,100,1900405
2026-09-29 11:30,atp,ATP Challenger,"Porto 2, Portugal",Clay,3,Anton Matusevich,Andrea Guerrieri,p2_games,under,12.5,0.5397,1.85,,,,,0,100,1900405
2026-09-29 11:30,atp,ATP Challenger,"Porto 2, Portugal",Clay,3,Anton Matusevich,Andrea Guerrieri,game_handicap,player_a,3.5,0.4642,2.15,,,,,0,100,1900405
2026-09-29 11:30,atp,ATP Challenger,"Porto 2, Portugal",Clay,3,Anton Matusevich,Andrea Guerrieri,game_handicap,player_b,-3.5,0.5358,1.87,,,,,0,100,1900405
2026-09-29 11:30,atp,ATP Challenger,"Porto 2, Portugal",Clay,3,Toby Samuel,Mackenzie McDonald,winner,player_a,,0.5723,1.75,1.33,0.7031,-13.1,-0.2389,0,97,1899393
2026-09-29 11:30,atp,ATP Challenger,"Porto 2, Portugal",Clay,3,Toby Samuel,Mackenzie McDonald,winner,player_b,,0.4277,2.34,3.15,0.2969,13.1,0.3474,0,97,1899393
2026-09-29 11:30,atp,ATP Challenger,"Porto 2, Portugal",Clay,3,Toby Samuel,Mackenzie McDonald,total_games,over,21.5,0.524,1.91,1.88,0.4919,3.2,-0.0148,0,97,1899393
2026-09-29 11:30,atp,ATP Challenger,"Porto 2, Portugal",Clay,3,Toby Samuel,Mackenzie McDonald,total_games,under,21.5,0.476,2.1,1.82,0.5081,-3.2,-0.1337,0,97,1899393
2026-09-29 11:30,atp,ATP Challenger,"Porto 2, Portugal",Clay,3,Toby Samuel,Mackenzie McDonald,p1_games,over,12.5,0.4639,2.16,1.92,0.4811,-1.7,-0.1093,0,97,1899393
2026-09-29 11:30,atp,ATP Challenger,"Porto 2, Portugal",Clay,3,Toby Samuel,Mackenzie McDonald,p1_games,under,12.5,0.5361,1.87,1.78,0.5189,1.7,-0.0457,0,97,1899393
2026-09-29 11:30,atp,ATP Challenger,"Porto 2, Portugal",Clay,3,Toby Samuel,Mackenzie McDonald,p2_games,over,10.5,0.6276,1.59,1.93,0.4798,14.8,0.2113,0,97,1899393
2026-09-29 11:30,atp,ATP Challenger,"Porto 2, Portugal",Clay,3,Toby Samuel,Mackenzie McDonald,p2_games,under,10.5,0.3724,2.69,1.78,0.5202,-14.8,-0.3372,0,97,1899393
2026-09-29 11:30,atp,ATP Challenger,"Porto 2, Portugal",Clay,3,Toby Samuel,Mackenzie McDonald,game_handicap,player_a,-1.5,0.5247,1.91,,,,,0,97,1899393
2026-09-29 11:30,atp,ATP Challenger,"Porto 2, Portugal",Clay,3,Toby Samuel,Mackenzie McDonald,game_handicap,player_b,1.5,0.4753,2.1,,,,,0,97,1899393
2026-09-29 12:00,atp,ATP Challenger,"Porto 2, Portugal",Clay,3,Cezar Cretu,Henrique Rocha,winner,player_a,,0.3422,2.92,3.7,0.2525,9.0,0.2662,0,100,1899390
2026-09-29 12:00,atp,ATP Challenger,"Porto 2, Portugal",Clay,3,Cezar Cretu,Henrique Rocha,winner,player_b,,0.6578,1.52,1.25,0.7475,-9.0,-0.1778,0,100,1899390
2026-09-29 12:00,atp,ATP Challenger,"Porto 2, Portugal",Clay,3,Cezar Cretu,Henrique Rocha,total_games,over,20.5,0.5317,1.88,1.79,0.5175,1.4,-0.0482,0,100,1899390
2026-09-29 12:00,atp,ATP Challenger,"Porto 2, Portugal",Clay,3,Cezar Cretu,Henrique Rocha,total_games,under,20.5,0.4683,2.14,1.92,0.4825,-1.4,-0.1009,0,100,1899390
2026-09-29 12:00,atp,ATP Challenger,"Porto 2, Portugal",Clay,3,Cezar Cretu,Henrique Rocha,p1_games,over,9.5,0.5761,1.74,1.91,0.4852,9.1,0.1003,0,100,1899390
2026-09-29 12:00,atp,ATP Challenger,"Porto 2, Portugal",Clay,3,Cezar Cretu,Henrique Rocha,p1_games,under,9.5,0.4239,2.36,1.8,0.5148,-9.1,-0.2369,0,100,1899390
2026-09-29 12:00,atp,ATP Challenger,"Porto 2, Portugal",Clay,3,Cezar Cretu,Henrique Rocha,p2_games,over,12.5,0.4553,2.2,1.89,0.4892,-3.4,-0.1394,0,100,1899390
2026-09-29 12:00,atp,ATP Challenger,"Porto 2, Portugal",Clay,3,Cezar Cretu,Henrique Rocha,p2_games,under,12.5,0.5447,1.84,1.81,0.5108,3.4,-0.0142,0,100,1899390
2026-09-29 12:00,atp,ATP Challenger,"Porto 2, Portugal",Clay,3,Cezar Cretu,Henrique Rocha,game_handicap,player_a,3.5,0.4911,2.04,,,,,0,100,1899390
2026-09-29 12:00,atp,ATP Challenger,"Porto 2, Portugal",Clay,3,Cezar Cretu,Henrique Rocha,game_handicap,player_b,-3.5,0.5089,1.97,,,,,0,100,1899390
2026-09-29 13:00,atp,ATP Challenger,"Porto 2, Portugal",Clay,3,Alejo Sanchez Quilez,Jacob Fearnley,winner,player_a,,0.2168,4.61,4.1,0.2279,-1.1,-0.111,0,100,1900410
2026-09-29 13:00,atp,ATP Challenger,"Porto 2, Portugal",Clay,3,Alejo Sanchez Quilez,Jacob Fearnley,winner,player_b,,0.7832,1.28,1.21,0.7721,1.1,-0.0524,0,100,1900410
2026-09-29 13:00,atp,ATP Challenger,"Porto 2, Portugal",Clay,3,Alejo Sanchez Quilez,Jacob Fearnley,total_games,over,20.5,0.449,2.23,,,,,0,100,1900410
2026-09-29 13:00,atp,ATP Challenger,"Porto 2, Portugal",Clay,3,Alejo Sanchez Quilez,Jacob Fearnley,total_games,under,20.5,0.551,1.81,,,,,0,100,1900410
2026-09-29 13:00,atp,ATP Challenger,"Porto 2, Portugal",Clay,3,Alejo Sanchez Quilez,Jacob Fearnley,p1_games,over,8.5,0.4778,2.09,,,,,0,100,1900410
2026-09-29 13:00,atp,ATP Challenger,"Porto 2, Portugal",Clay,3,Alejo Sanchez Quilez,Jacob Fearnley,p1_games,under,8.5,0.5222,1.92,,,,,0,100,1900410
2026-09-29 13:00,atp,ATP Challenger,"Porto 2, Portugal",Clay,3,Alejo Sanchez Quilez,Jacob Fearnley,p2_games,over,12.5,0.4256,2.35,,,,,0,100,1900410
2026-09-29 13:00,atp,ATP Challenger,"Porto 2, Portugal",Clay,3,Alejo Sanchez Quilez,Jacob Fearnley,p2_games,under,12.5,0.5744,1.74,,,,,0,100,1900410
2026-09-29 13:00,atp,ATP Challenger,"Porto 2, Portugal",Clay,3,Alejo Sanchez Quilez,Jacob Fearnley,game_handicap,player_a,4.5,0.4329,2.31,,,,,0,100,1900410
2026-09-29 13:00,atp,ATP Challenger,"Porto 2, Portugal",Clay,3,Alejo Sanchez Quilez,Jacob Fearnley,game_handicap,player_b,-4.5,0.5671,1.76,,,,,0,100,1900410
2026-09-29 13:00,atp,ATP Challenger,"Porto 2, Portugal",Clay,3,Hugo Grenier,Carl Overbeck,winner,player_a,,0.6059,1.65,1.74,0.5372,6.9,0.0542,0,91,1899795
2026-09-29 13:00,atp,ATP Challenger,"Porto 2, Portugal",Clay,3,Hugo Grenier,Carl Overbeck,winner,player_b,,0.3941,2.54,2.02,0.4628,-6.9,-0.2039,0,91,1899795
2026-09-29 13:00,atp,ATP Challenger,"Porto 2, Portugal",Clay,3,Hugo Grenier,Carl Overbeck,total_games,over,22.5,0.4666,2.14,1.94,0.4771,-1.0,-0.0948,0,91,1899795
2026-09-29 13:00,atp,ATP Challenger,"Porto 2, Portugal",Clay,3,Hugo Grenier,Carl Overbeck,total_games,under,22.5,0.5334,1.87,1.77,0.5229,1.0,-0.0559,0,91,1899795
2026-09-29 13:00,atp,ATP Challenger,"Porto 2, Portugal",Clay,3,Hugo Grenier,Carl Overbeck,p1_games,over,12.5,0.4878,2.05,2.01,0.4597,2.8,-0.0195,0,91,1899795
2026-09-29 13:00,atp,ATP Challenger,"Porto 2, Portugal",Clay,3,Hugo Grenier,Carl Overbeck,p1_games,under,12.5,0.5122,1.95,1.71,0.5403,-2.8,-0.1242,0,91,1899795
2026-09-29 13:00,atp,ATP Challenger,"Porto 2, Portugal",Clay,3,Hugo Grenier,Carl Overbeck,p2_games,over,12.5,0.4126,2.42,2.14,0.4324,-2.0,-0.1169,0,91,1899795
2026-09-29 13:00,atp,ATP Challenger,"Porto 2, Portugal",Clay,3,Hugo Grenier,Carl Overbeck,p2_games,under,12.5,0.5874,1.7,1.63,0.5676,2.0,-0.0426,0,91,1899795
2026-09-29 13:00,atp,ATP Challenger,"Porto 2, Portugal",Clay,3,Hugo Grenier,Carl Overbeck,game_handicap,player_a,-2.5,0.5067,1.97,,,,,0,91,1899795
2026-09-29 13:00,atp,ATP Challenger,"Porto 2, Portugal",Clay,3,Hugo Grenier,Carl Overbeck,game_handicap,player_b,2.5,0.4933,2.03,,,,,0,91,1899795
2026-09-29 13:30,atp,ATP Challenger,"Porto 2, Portugal",Clay,3,Otto Virtanen,Tiago Pereira,winner,player_a,,0.7816,1.28,,,,,0,94,1899397
2026-09-29 13:30,atp,ATP Challenger,"Porto 2, Portugal",Clay,3,Otto Virtanen,Tiago Pereira,winner,player_b,,0.2184,4.58,,,,,0,94,1899397
2026-09-29 13:30,atp,ATP Challenger,"Porto 2, Portugal",Clay,3,Otto Virtanen,Tiago Pereira,total_games,over,20.5,0.4903,2.04,,,,,0,94,1899397
2026-09-29 13:30,atp,ATP Challenger,"Porto 2, Portugal",Clay,3,Otto Virtanen,Tiago Pereira,total_games,under,20.5,0.5097,1.96,,,,,0,94,1899397
2026-09-29 13:30,atp,ATP Challenger,"Porto 2, Portugal",Clay,3,Otto Virtanen,Tiago Pereira,p1_games,over,12.5,0.4626,2.16,,,,,0,94,1899397
2026-09-29 13:30,atp,ATP Challenger,"Porto 2, Portugal",Clay,3,Otto Virtanen,Tiago Pereira,p1_games,under,12.5,0.5374,1.86,,,,,0,94,1899397
2026-09-29 13:30,atp,ATP Challenger,"Porto 2, Portugal",Clay,3,Otto Virtanen,Tiago Pereira,p2_games,over,9.5,0.4567,2.19,,,,,0,94,1899397
2026-09-29 13:30,atp,ATP Challenger,"Porto 2, Portugal",Clay,3,Otto Virtanen,Tiago Pereira,p2_games,under,9.5,0.5433,1.84,,,,,0,94,1899397
2026-09-29 13:30,atp,ATP Challenger,"Porto 2, Portugal",Clay,3,Otto Virtanen,Tiago Pereira,game_handicap,player_a,-4.5,0.5215,1.92,,,,,0,94,1899397
2026-09-29 13:30,atp,ATP Challenger,"Porto 2, Portugal",Clay,3,Otto Virtanen,Tiago Pereira,game_handicap,player_b,4.5,0.4785,2.09,,,,,0,94,1899397
2026-09-29 14:30,atp,ATP Challenger,"Porto 2, Portugal",Clay,3,Edas Butvilas,Michael Geerts,winner,player_a,,0.6996,1.43,1.31,0.7127,-1.3,-0.0835,0,100,1900409
2026-09-29 14:30,atp,ATP Challenger,"Porto 2, Portugal",Clay,3,Edas Butvilas,Michael Geerts,winner,player_b,,0.3004,3.33,3.25,0.2873,1.3,-0.0237,0,100,1900409
2026-09-29 14:30,atp,ATP Challenger,"Porto 2, Portugal",Clay,3,Edas Butvilas,Michael Geerts,total_games,over,22.5,0.4426,2.26,,,,,0,100,1900409
2026-09-29 14:30,atp,ATP Challenger,"Porto 2, Portugal",Clay,3,Edas Butvilas,Michael Geerts,total_games,under,22.5,0.5574,1.79,,,,,0,100,1900409
2026-09-29 14:30,atp,ATP Challenger,"Porto 2, Portugal",Clay,3,Edas Butvilas,Michael Geerts,p1_games,over,13.5,0.3184,3.14,,,,,0,100,1900409
2026-09-29 14:30,atp,ATP Challenger,"Porto 2, Portugal",Clay,3,Edas Butvilas,Michael Geerts,p1_games,under,13.5,0.6816,1.47,,,,,0,100,1900409
2026-09-29 14:30,atp,ATP Challenger,"Porto 2, Portugal",Clay,3,Edas Butvilas,Michael Geerts,p2_games,over,11.5,0.4822,2.07,,,,,0,100,1900409
2026-09-29 14:30,atp,ATP Challenger,"Porto 2, Portugal",Clay,3,Edas Butvilas,Michael Geerts,p2_games,under,11.5,0.5178,1.93,,,,,0,100,1900409
2026-09-29 14:30,atp,ATP Challenger,"Porto 2, Portugal",Clay,3,Edas Butvilas,Michael Geerts,game_handicap,player_a,-3.5,0.5206,1.92,,,,,0,100,1900409
2026-09-29 14:30,atp,ATP Challenger,"Porto 2, Portugal",Clay,3,Edas Butvilas,Michael Geerts,game_handicap,player_b,3.5,0.4794,2.09,,,,,0,100,1900409
2026-09-29 14:30,atp,ATP Challenger,"Porto 2, Portugal",Clay,3,Luca Potenza,Inaki Montes,winner,player_a,,0.3993,2.5,,,,,0,72,1900408
2026-09-29 14:30,atp,ATP Challenger,"Porto 2, Portugal",Clay,3,Luca Potenza,Inaki Montes,winner,player_b,,0.6007,1.66,,,,,0,72,1900408
2026-09-29 14:30,atp,ATP Challenger,"Porto 2, Portugal",Clay,3,Luca Potenza,Inaki Montes,total_games,over,22.5,0.4497,2.22,,,,,1,72,1900408
2026-09-29 14:30,atp,ATP Challenger,"Porto 2, Portugal",Clay,3,Luca Potenza,Inaki Montes,total_games,under,22.5,0.5503,1.82,,,,,1,72,1900408
2026-09-29 14:30,atp,ATP Challenger,"Porto 2, Portugal",Clay,3,Luca Potenza,Inaki Montes,p1_games,over,12.5,0.3956,2.53,,,,,1,72,1900408
2026-09-29 14:30,atp,ATP Challenger,"Porto 2, Portugal",Clay,3,Luca Potenza,Inaki Montes,p1_games,under,12.5,0.6044,1.65,,,,,1,72,1900408
2026-09-29 14:30,atp,ATP Challenger,"Porto 2, Portugal",Clay,3,Luca Potenza,Inaki Montes,p2_games,over,12.5,0.4644,2.15,,,,,1,72,1900408
2026-09-29 14:30,atp,ATP Challenger,"Porto 2, Portugal",Clay,3,Luca Potenza,Inaki Montes,p2_games,under,12.5,0.5356,1.87,,,,,1,72,1900408
2026-09-29 14:30,atp,ATP Challenger,"Porto 2, Portugal",Clay,3,Luca Potenza,Inaki Montes,game_handicap,player_a,2.5,0.4918,2.03,,,,,1,72,1900408
2026-09-29 14:30,atp,ATP Challenger,"Porto 2, Portugal",Clay,3,Luca Potenza,Inaki Montes,game_handicap,player_b,-2.5,0.5082,1.97,,,,,1,72,1900408
2026-09-29 15:00,atp,ATP Challenger,"Porto 2, Portugal",Clay,3,Moez Echargui,Damir Dzumhur,winner,player_a,,0.2487,4.02,,,,,0,94,1899394
2026-09-29 15:00,atp,ATP Challenger,"Porto 2, Portugal",Clay,3,Moez Echargui,Damir Dzumhur,winner,player_b,,0.7513,1.33,,,,,0,94,1899394
2026-09-29 15:00,atp,ATP Challenger,"Porto 2, Portugal",Clay,3,Moez Echargui,Damir Dzumhur,total_games,over,20.5,0.4819,2.08,,,,,0,94,1899394
2026-09-29 15:00,atp,ATP Challenger,"Porto 2, Portugal",Clay,3,Moez Echargui,Damir Dzumhur,total_games,under,20.5,0.5181,1.93,,,,,0,94,1899394
2026-09-29 15:00,atp,ATP Challenger,"Porto 2, Portugal",Clay,3,Moez Echargui,Damir Dzumhur,p1_games,over,9.5,0.4742,2.11,,,,,0,94,1899394
2026-09-29 15:00,atp,ATP Challenger,"Porto 2, Portugal",Clay,3,Moez Echargui,Damir Dzumhur,p1_games,under,9.5,0.5258,1.9,,,,,0,94,1899394
2026-09-29 15:00,atp,ATP Challenger,"Porto 2, Portugal",Clay,3,Moez Echargui,Damir Dzumhur,p2_games,over,12.5,0.4444,2.25,,,,,0,94,1899394
2026-09-29 15:00,atp,ATP Challenger,"Porto 2, Portugal",Clay,3,Moez Echargui,Damir Dzumhur,p2_games,under,12.5,0.5556,1.8,,,,,0,94,1899394
2026-09-29 15:00,atp,ATP Challenger,"Porto 2, Portugal",Clay,3,Moez Echargui,Damir Dzumhur,game_handicap,player_a,4.5,0.4817,2.08,,,,,0,94,1899394
2026-09-29 15:00,atp,ATP Challenger,"Porto 2, Portugal",Clay,3,Moez Echargui,Damir Dzumhur,game_handicap,player_b,-4.5,0.5183,1.93,,,,,0,94,1899394
2026-09-29 09:00,wta,WTA,"Adana, Turkiye",N/A,3,Anastasia Tikhonova,Simona Waltert,winner,player_a,,0.2112,4.73,3.15,0.2953,-8.4,-0.3347,0,81,1900040
2026-09-29 09:00,wta,WTA,"Adana, Turkiye",N/A,3,Anastasia Tikhonova,Simona Waltert,winner,player_b,,0.7888,1.27,1.32,0.7047,8.4,0.0412,0,81,1900040
2026-09-29 09:00,wta,WTA,"Adana, Turkiye",N/A,3,Anastasia Tikhonova,Simona Waltert,total_games,over,20.5,0.3975,2.52,1.91,0.4852,-8.8,-0.2407,1,81,1900040
2026-09-29 09:00,wta,WTA,"Adana, Turkiye",N/A,3,Anastasia Tikhonova,Simona Waltert,total_games,under,20.5,0.6025,1.66,1.8,0.5148,8.8,0.0845,1,81,1900040
2026-09-29 09:00,wta,WTA,"Adana, Turkiye",N/A,3,Anastasia Tikhonova,Simona Waltert,p1_games,over,9.5,0.3936,2.54,1.9,0.4879,-9.4,-0.2522,1,81,1900040
2026-09-29 09:00,wta,WTA,"Adana, Turkiye",N/A,3,Anastasia Tikhonova,Simona Waltert,p1_games,under,9.5,0.6064,1.65,1.81,0.5121,9.4,0.0976,1,81,1900040
2026-09-29 09:00,wta,WTA,"Adana, Turkiye",N/A,3,Anastasia Tikhonova,Simona Waltert,p2_games,over,12.5,0.3758,2.66,2.16,0.4286,-5.3,-0.1883,1,81,1900040
2026-09-29 09:00,wta,WTA,"Adana, Turkiye",N/A,3,Anastasia Tikhonova,Simona Waltert,p2_games,under,12.5,0.6242,1.6,1.62,0.5714,5.3,0.0112,1,81,1900040
2026-09-29 09:00,wta,WTA,"Adana, Turkiye",N/A,3,Anastasia Tikhonova,Simona Waltert,game_handicap,player_a,5.5,0.4925,2.03,,,,,1,81,1900040
2026-09-29 09:00,wta,WTA,"Adana, Turkiye",N/A,3,Anastasia Tikhonova,Simona Waltert,game_handicap,player_b,-5.5,0.5075,1.97,,,,,1,81,1900040
2026-09-29 09:00,wta,WTA,"Adana, Turkiye",N/A,3,Dalma Galfi,Julia Grabher,winner,player_a,,0.3514,2.85,,,,,0,81,1900027
2026-09-29 09:00,wta,WTA,"Adana, Turkiye",N/A,3,Dalma Galfi,Julia Grabher,winner,player_b,,0.6486,1.54,,,,,0,81,1900027
2026-09-29 09:00,wta,WTA,"Adana, Turkiye",N/A,3,Dalma Galfi,Julia Grabher,total_games,over,20.5,0.4922,2.03,,,,,0,81,1900027
2026-09-29 09:00,wta,WTA,"Adana, Turkiye",N/A,3,Dalma Galfi,Julia Grabher,total_games,under,20.5,0.5078,1.97,,,,,0,81,1900027
2026-09-29 09:00,wta,WTA,"Adana, Turkiye",N/A,3,Dalma Galfi,Julia Grabher,p1_games,over,11.5,0.4938,2.02,,,,,0,81,1900027
2026-09-29 09:00,wta,WTA,"Adana, Turkiye",N/A,3,Dalma Galfi,Julia Grabher,p1_games,under,11.5,0.5062,1.98,,,,,0,81,1900027
2026-09-29 09:00,wta,WTA,"Adana, Turkiye",N/A,3,Dalma Galfi,Julia Grabher,p2_games,over,12.5,0.4174,2.4,,,,,0,81,1900027
2026-09-29 09:00,wta,WTA,"Adana, Turkiye",N/A,3,Dalma Galfi,Julia Grabher,p2_games,under,12.5,0.5826,1.72,,,,,0,81,1900027
2026-09-29 09:00,wta,WTA,"Adana, Turkiye",N/A,3,Dalma Galfi,Julia Grabher,game_handicap,player_a,3.5,0.4857,2.06,,,,,0,81,1900027
2026-09-29 09:00,wta,WTA,"Adana, Turkiye",N/A,3,Dalma Galfi,Julia Grabher,game_handicap,player_b,-3.5,0.5143,1.94,,,,,0,81,1900027
2026-09-29 09:00,wta,WTA,"Adana, Turkiye",N/A,3,Elena Pridankina,Ayla Aksu,winner,player_a,,0.5995,1.67,1.4,0.6706,-7.1,-0.1607,0,81,1900028
2026-09-29 09:00,wta,WTA,"Adana, Turkiye",N/A,3,Elena Pridankina,Ayla Aksu,winner,player_b,,0.4005,2.5,2.85,0.3294,7.1,0.1414,0,81,1900028
2026-09-29 09:00,wta,WTA,"Adana, Turkiye",N/A,3,Elena Pridankina,Ayla Aksu,total_games,over,20.5,0.4881,2.05,1.91,0.4852,0.3,-0.0676,1,81,1900028
2026-09-29 09:00,wta,WTA,"Adana, Turkiye",N/A,3,Elena Pridankina,Ayla Aksu,total_games,under,20.5,0.5119,1.95,1.8,0.5148,-0.3,-0.0787,1,81,1900028
2026-09-29 09:00,wta,WTA,"Adana, Turkiye",N/A,3,Elena Pridankina,Ayla Aksu,p1_games,over,12.5,0.3986,2.51,2.16,0.4286,-3.0,-0.1391,1,81,1900028
2026-09-29 09:00,wta,WTA,"Adana, Turkiye",N/A,3,Elena Pridankina,Ayla Aksu,p1_games,under,12.5,0.6014,1.66,1.62,0.5714,3.0,-0.0257,1,81,1900028
2026-09-29 09:00,wta,WTA,"Adana, Turkiye",N/A,3,Elena Pridankina,Ayla Aksu,p2_games,over,10.5,0.5679,1.76,1.89,0.4906,7.7,0.0733,1,81,1900028
2026-09-29 09:00,wta,WTA,"Adana, Turkiye",N/A,3,Elena Pridankina,Ayla Aksu,p2_games,under,10.5,0.4321,2.31,1.82,0.5094,-7.7,-0.2136,1,81,1900028
2026-09-29 09:00,wta,WTA,"Adana, Turkiye",N/A,3,Elena Pridankina,Ayla Aksu,game_handicap,player_a,-2.5,0.5245,1.91,,,,,1,81,1900028
2026-09-29 09:00,wta,WTA,"Adana, Turkiye",N/A,3,Elena Pridankina,Ayla Aksu,game_handicap,player_b,2.5,0.4755,2.1,,,,,1,81,1900028
2026-09-29 10:30,wta,WTA,"Adana, Turkiye",N/A,3,Lola Radivojevic,Melisa Ercan,winner,player_a,,0.3568,2.8,1.17,0.7972,-44.0,-0.5825,0,69,1900036
2026-09-29 10:30,wta,WTA,"Adana, Turkiye",N/A,3,Lola Radivojevic,Melisa Ercan,winner,player_b,,0.6432,1.55,4.6,0.2028,44.0,1.9586,0,69,1900036
2026-09-29 10:30,wta,WTA,"Adana, Turkiye",N/A,3,Lola Radivojevic,Melisa Ercan,total_games,over,19.5,0.5405,1.85,1.96,0.4731,6.7,0.0593,1,69,1900036
2026-09-29 10:30,wta,WTA,"Adana, Turkiye",N/A,3,Lola Radivojevic,Melisa Ercan,total_games,under,19.5,0.4595,2.18,1.76,0.5269,-6.7,-0.1912,1,69,1900036
2026-09-29 10:30,wta,WTA,"Adana, Turkiye",N/A,3,Lola Radivojevic,Melisa Ercan,p1_games,over,12.5,0.3195,3.13,2.28,0.4063,-8.7,-0.2715,1,69,1900036
2026-09-29 10:30,wta,WTA,"Adana, Turkiye",N/A,3,Lola Radivojevic,Melisa Ercan,p1_games,under,12.5,0.6805,1.47,1.56,0.5938,8.7,0.0616,1,69,1900036
2026-09-29 10:30,wta,WTA,"Adana, Turkiye",N/A,3,Lola Radivojevic,Melisa Ercan,p2_games,over,7.5,0.8509,1.18,1.88,0.4919,35.9,0.5996,1,69,1900036
2026-09-29 10:30,wta,WTA,"Adana, Turkiye",N/A,3,Lola Radivojevic,Melisa Ercan,p2_games,under,7.5,0.1491,6.71,1.82,0.5081,-35.9,-0.7286,1,69,1900036
2026-09-29 10:30,wta,WTA,"Adana, Turkiye",N/A,3,Lola Radivojevic,Melisa Ercan,game_handicap,player_a,3.5,0.4837,2.07,,,,,1,69,1900036
2026-09-29 10:30,wta,WTA,"Adana, Turkiye",N/A,3,Lola Radivojevic,Melisa Ercan,game_handicap,player_b,-3.5,0.5163,1.94,,,,,1,69,1900036
2026-09-29 10:30,wta,WTA,"Adana, Turkiye",N/A,3,Lucia Bronzetti,Lois Boisson,winner,player_a,,0.4865,2.06,2.18,0.4278,5.9,0.0605,0,88,1900041
2026-09-29 10:30,wta,WTA,"Adana, Turkiye",N/A,3,Lucia Bronzetti,Lois Boisson,winner,player_b,,0.5135,1.95,1.63,0.5722,-5.9,-0.163,0,88,1900041
2026-09-29 10:30,wta,WTA,"Adana, Turkiye",N/A,3,Lucia Bronzetti,Lois Boisson,total_games,over,20.5,0.5176,1.93,1.78,0.5189,-0.1,-0.0787,0,88,1900041
2026-09-29 10:30,wta,WTA,"Adana, Turkiye",N/A,3,Lucia Bronzetti,Lois Boisson,total_games,under,20.5,0.4824,2.07,1.92,0.4811,0.1,-0.0738,0,88,1900041
2026-09-29 10:30,wta,WTA,"Adana, Turkiye",N/A,3,Lucia Bronzetti,Lois Boisson,p1_games,over,11.5,0.6252,1.6,1.64,0.565,6.0,0.0253,0,88,1900041
2026-09-29 10:30,wta,WTA,"Adana, Turkiye",N/A,3,Lucia Bronzetti,Lois Boisson,p1_games,under,11.5,0.3748,2.67,2.13,0.435,-6.0,-0.2016,0,88,1900041
2026-09-29 10:30,wta,WTA,"Adana, Turkiye",N/A,3,Lucia Bronzetti,Lois Boisson,p2_games,over,12.5,0.398,2.51,2.13,0.435,-3.7,-0.1523,0,88,1900041
2026-09-29 10:30,wta,WTA,"Adana, Turkiye",N/A,3,Lucia Bronzetti,Lois Boisson,p2_games,under,12.5,0.602,1.66,1.64,0.565,3.7,-0.0127,0,88,1900041
2026-09-29 10:30,wta,WTA,"Adana, Turkiye",N/A,3,Lucia Bronzetti,Lois Boisson,game_handicap,player_a,0.5,0.4997,2.0,,,,,0,88,1900041
2026-09-29 10:30,wta,WTA,"Adana, Turkiye",N/A,3,Lucia Bronzetti,Lois Boisson,game_handicap,player_b,-0.5,0.5003,2.0,,,,,0,88,1900041
2026-09-29 10:30,wta,WTA,"Adana, Turkiye",N/A,3,Polina Iatcenko,Erika Andreeva,winner,player_a,,0.597,1.68,1.6,0.5844,1.3,-0.0448,0,81,1900042
2026-09-29 10:30,wta,WTA,"Adana, Turkiye",N/A,3,Polina Iatcenko,Erika Andreeva,winner,player_b,,0.403,2.48,2.25,0.4156,-1.3,-0.0933,0,81,1900042
2026-09-29 10:30,wta,WTA,"Adana, Turkiye",N/A,3,Polina Iatcenko,Erika Andreeva,total_games,over,20.5,0.496,2.02,1.84,0.5027,-0.7,-0.0873,1,81,1900042
2026-09-29 10:30,wta,WTA,"Adana, Turkiye",N/A,3,Polina Iatcenko,Erika Andreeva,total_games,under,20.5,0.504,1.98,1.86,0.4973,0.7,-0.0626,1,81,1900042
2026-09-29 10:30,wta,WTA,"Adana, Turkiye",N/A,3,Polina Iatcenko,Erika Andreeva,p1_games,over,12.5,0.4048,2.47,2.23,0.4147,-1.0,-0.0972,1,81,1900042
2026-09-29 10:30,wta,WTA,"Adana, Turkiye",N/A,3,Polina Iatcenko,Erika Andreeva,p1_games,under,12.5,0.5952,1.68,1.58,0.5853,1.0,-0.0596,1,81,1900042
2026-09-29 10:30,wta,WTA,"Adana, Turkiye",N/A,3,Polina Iatcenko,Erika Andreeva,p2_games,over,11.5,0.5419,1.85,1.72,0.5389,0.3,-0.0679,1,81,1900042
2026-09-29 10:30,wta,WTA,"Adana, Turkiye",N/A,3,Polina Iatcenko,Erika Andreeva,p2_games,under,11.5,0.4581,2.18,2.01,0.4611,-0.3,-0.0793,1,81,1900042
2026-09-29 10:30,wta,WTA,"Adana, Turkiye",N/A,3,Polina Iatcenko,Erika Andreeva,game_handicap,player_a,-2.5,0.5208,1.92,,,,,1,81,1900042
2026-09-29 10:30,wta,WTA,"Adana, Turkiye",N/A,3,Polina Iatcenko,Erika Andreeva,game_handicap,player_b,2.5,0.4792,2.09,,,,,1,81,1900042
2026-09-29 12:00,wta,WTA,"Adana, Turkiye",N/A,3,Ksenia Efremova,Martyna Kubka,winner,player_a,,0.5365,1.86,,,,,0,62,1900035
2026-09-29 12:00,wta,WTA,"Adana, Turkiye",N/A,3,Ksenia Efremova,Martyna Kubka,winner,player_b,,0.4635,2.16,,,,,0,62,1900035
2026-09-29 12:00,wta,WTA,"Adana, Turkiye",N/A,3,Ksenia Efremova,Martyna Kubka,total_games,over,21.5,0.455,2.2,,,,,1,62,1900035
2026-09-29 12:00,wta,WTA,"Adana, Turkiye",N/A,3,Ksenia Efremova,Martyna Kubka,total_games,under,21.5,0.545,1.83,,,,,1,62,1900035
2026-09-29 12:00,wta,WTA,"Adana, Turkiye",N/A,3,Ksenia Efremova,Martyna Kubka,p1_games,over,12.5,0.392,2.55,,,,,1,62,1900035
2026-09-29 12:00,wta,WTA,"Adana, Turkiye",N/A,3,Ksenia Efremova,Martyna Kubka,p1_games,under,12.5,0.608,1.64,,,,,1,62,1900035
2026-09-29 12:00,wta,WTA,"Adana, Turkiye",N/A,3,Ksenia Efremova,Martyna Kubka,p2_games,over,12.5,0.3705,2.7,,,,,1,62,1900035
2026-09-29 12:00,wta,WTA,"Adana, Turkiye",N/A,3,Ksenia Efremova,Martyna Kubka,p2_games,under,12.5,0.6295,1.59,,,,,1,62,1900035
2026-09-29 12:00,wta,WTA,"Adana, Turkiye",N/A,3,Ksenia Efremova,Martyna Kubka,game_handicap,player_a,-0.5,0.5234,1.91,,,,,1,62,1900035
2026-09-29 12:00,wta,WTA,"Adana, Turkiye",N/A,3,Ksenia Efremova,Martyna Kubka,game_handicap,player_b,0.5,0.4766,2.1,,,,,1,62,1900035
2026-09-29 13:30,wta,WTA,"Adana, Turkiye",N/A,3,Carole Monnet,Cagla Buyukakcay,winner,player_a,,0.5096,1.96,1.22,0.7663,-25.7,-0.3783,0,81,1900026
2026-09-29 13:30,wta,WTA,"Adana, Turkiye",N/A,3,Carole Monnet,Cagla Buyukakcay,winner,player_b,,0.4904,2.04,4.0,0.2337,25.7,0.9615,0,81,1900026
2026-09-29 13:30,wta,WTA,"Adana, Turkiye",N/A,3,Carole Monnet,Cagla Buyukakcay,total_games,over,19.5,0.5676,1.76,1.91,0.4838,8.4,0.0841,1,81,1900026
2026-09-29 13:30,wta,WTA,"Adana, Turkiye",N/A,3,Carole Monnet,Cagla Buyukakcay,total_games,under,19.5,0.4324,2.31,1.79,0.5162,-8.4,-0.226,1,81,1900026
2026-09-29 13:30,wta,WTA,"Adana, Turkiye",N/A,3,Carole Monnet,Cagla Buyukakcay,p1_games,over,12.5,0.3844,2.6,2.28,0.4063,-2.2,-0.1235,1,81,1900026
2026-09-29 13:30,wta,WTA,"Adana, Turkiye",N/A,3,Carole Monnet,Cagla Buyukakcay,p1_games,under,12.5,0.6156,1.62,1.56,0.5938,2.2,-0.0397,1,81,1900026
2026-09-29 13:30,wta,WTA,"Adana, Turkiye",N/A,3,Carole Monnet,Cagla Buyukakcay,p2_games,over,7.5,0.7587,1.32,1.79,0.5175,24.1,0.358,1,81,1900026
2026-09-29 13:30,wta,WTA,"Adana, Turkiye",N/A,3,Carole Monnet,Cagla Buyukakcay,p2_games,under,7.5,0.2413,4.14,1.92,0.4825,-24.1,-0.5367,1,81,1900026
2026-09-29 13:30,wta,WTA,"Adana, Turkiye",N/A,3,Carole Monnet,Cagla Buyukakcay,game_handicap,player_a,-0.5,0.4959,2.02,,,,,1,81,1900026
2026-09-29 13:30,wta,WTA,"Adana, Turkiye",N/A,3,Carole Monnet,Cagla Buyukakcay,game_handicap,player_b,0.5,0.5041,1.98,,,,,1,81,1900026
2026-09-29 15:00,wta,WTA,"Adana, Turkiye",N/A,3,Teodora Kostovic,Berfu Cengiz,winner,player_a,,0.5292,1.89,1.46,0.6404,-11.1,-0.2274,0,81,1900033
2026-09-29 15:00,wta,WTA,"Adana, Turkiye",N/A,3,Teodora Kostovic,Berfu Cengiz,winner,player_b,,0.4708,2.12,2.6,0.3596,11.1,0.2242,0,81,1900033
2026-09-29 15:00,wta,WTA,"Adana, Turkiye",N/A,3,Teodora Kostovic,Berfu Cengiz,total_games,over,20.5,0.5075,1.97,1.78,0.5202,-1.3,-0.0967,1,81,1900033
2026-09-29 15:00,wta,WTA,"Adana, Turkiye",N/A,3,Teodora Kostovic,Berfu Cengiz,total_games,under,20.5,0.4925,2.03,1.93,0.4798,1.3,-0.0494,1,81,1900033
2026-09-29 15:00,wta,WTA,"Adana, Turkiye",N/A,3,Teodora Kostovic,Berfu Cengiz,p1_games,over,12.5,0.3943,2.54,2.07,0.448,-5.4,-0.1839,1,81,1900033
2026-09-29 15:00,wta,WTA,"Adana, Turkiye",N/A,3,Teodora Kostovic,Berfu Cengiz,p1_games,under,12.5,0.6057,1.65,1.68,0.552,5.4,0.0177,1,81,1900033
2026-09-29 15:00,wta,WTA,"Adana, Turkiye",N/A,3,Teodora Kostovic,Berfu Cengiz,p2_games,over,11.5,0.607,1.65,1.86,0.4973,11.0,0.129,1,81,1900033
2026-09-29 15:00,wta,WTA,"Adana, Turkiye",N/A,3,Teodora Kostovic,Berfu Cengiz,p2_games,under,11.5,0.393,2.54,1.84,0.5027,-11.0,-0.2769,1,81,1900033
2026-09-29 15:00,wta,WTA,"Adana, Turkiye",N/A,3,Teodora Kostovic,Berfu Cengiz,game_handicap,player_a,-0.5,0.5166,1.94,,,,,1,81,1900033
2026-09-29 15:00,wta,WTA,"Adana, Turkiye",N/A,3,Teodora Kostovic,Berfu Cengiz,game_handicap,player_b,0.5,0.4834,2.07,,,,,1,81,1900033
2026-09-29 03:00,wta,WTA Challenger,"Jingshan, China",Hard,3,Alexandra Shubladze,Rina Saigo,winner,player_a,,0.6025,1.66,1.04,0.8964,-29.4,-0.3734,0,66,1899580
2026-09-29 03:00,wta,WTA Challenger,"Jingshan, China",Hard,3,Alexandra Shubladze,Rina Saigo,winner,player_b,,0.3975,2.52,9.0,0.1036,29.4,2.5776,0,66,1899580
2026-09-29 03:00,wta,WTA Challenger,"Jingshan, China",Hard,3,Alexandra Shubladze,Rina Saigo,total_games,over,17.5,0.7249,1.38,1.9,0.4865,23.8,0.3773,1,66,1899580
2026-09-29 03:00,wta,WTA Challenger,"Jingshan, China",Hard,3,Alexandra Shubladze,Rina Saigo,total_games,under,17.5,0.2751,3.63,1.8,0.5135,-23.8,-0.5048,1,66,1899580
2026-09-29 03:00,wta,WTA Challenger,"Jingshan, China",Hard,3,Alexandra Shubladze,Rina Saigo,p1_games,over,12.5,0.4078,2.45,2.9,0.3192,8.9,0.1826,1,66,1899580
2026-09-29 03:00,wta,WTA Challenger,"Jingshan, China",Hard,3,Alexandra Shubladze,Rina Saigo,p1_games,under,12.5,0.5922,1.69,1.36,0.6808,-8.9,-0.1946,1,66,1899580
2026-09-29 03:00,wta,WTA Challenger,"Jingshan, China",Hard,3,Alexandra Shubladze,Rina Saigo,p2_games,over,5.5,0.8119,1.23,1.91,0.4852,32.7,0.5506,1,66,1899580
2026-09-29 03:00,wta,WTA Challenger,"Jingshan, China",Hard,3,Alexandra Shubladze,Rina Saigo,p2_games,under,5.5,0.1881,5.32,1.8,0.5148,-32.7,-0.6613,1,66,1899580
2026-09-29 03:00,wta,WTA Challenger,"Jingshan, China",Hard,3,Alexandra Shubladze,Rina Saigo,game_handicap,player_a,-2.5,0.5249,1.91,,,,,1,66,1899580
2026-09-29 03:00,wta,WTA Challenger,"Jingshan, China",Hard,3,Alexandra Shubladze,Rina Saigo,game_handicap,player_b,2.5,0.4751,2.1,,,,,1,66,1899580
2026-09-29 03:00,wta,WTA Challenger,"Jingshan, China",Hard,3,Kristina Mladenovic,Sofia Costoulas,winner,player_a,,0.6258,1.6,4.7,0.198,42.8,1.9414,0,91,1899585
2026-09-29 03:00,wta,WTA Challenger,"Jingshan, China",Hard,3,Kristina Mladenovic,Sofia Costoulas,winner,player_b,,0.3742,2.67,1.16,0.802,-42.8,-0.566,0,91,1899585
2026-09-29 03:00,wta,WTA Challenger,"Jingshan, China",Hard,3,Kristina Mladenovic,Sofia Costoulas,total_games,over,18.5,0.6249,1.6,1.77,0.5229,10.2,0.1061,1,91,1899585
2026-09-29 03:00,wta,WTA Challenger,"Jingshan, China",Hard,3,Kristina Mladenovic,Sofia Costoulas,total_games,under,18.5,0.3751,2.67,1.94,0.4771,-10.2,-0.2723,1,91,1899585
2026-09-29 03:00,wta,WTA Challenger,"Jingshan, China",Hard,3,Kristina Mladenovic,Sofia Costoulas,p1_games,over,7.5,0.843,1.19,1.98,0.4677,37.5,0.6691,1,91,1899585
2026-09-29 03:00,wta,WTA Challenger,"Jingshan, China",Hard,3,Kristina Mladenovic,Sofia Costoulas,p1_games,under,7.5,0.157,6.37,1.74,0.5323,-37.5,-0.7268,1,91,1899585
2026-09-29 03:00,wta,WTA Challenger,"Jingshan, China",Hard,3,Kristina Mladenovic,Sofia Costoulas,p2_games,over,12.5,0.3305,3.03,2.38,0.3897,-5.9,-0.2133,1,91,1899585
2026-09-29 03:00,wta,WTA Challenger,"Jingshan, China",Hard,3,Kristina Mladenovic,Sofia Costoulas,p2_games,under,12.5,0.6695,1.49,1.52,0.6103,5.9,0.0176,1,91,1899585
2026-09-29 03:00,wta,WTA Challenger,"Jingshan, China",Hard,3,Kristina Mladenovic,Sofia Costoulas,game_handicap,player_a,-2.5,0.5518,1.81,,,,,1,91,1899585
2026-09-29 03:00,wta,WTA Challenger,"Jingshan, China",Hard,3,Kristina Mladenovic,Sofia Costoulas,game_handicap,player_b,2.5,0.4482,2.23,,,,,1,91,1899585
2026-09-29 03:00,wta,WTA Challenger,"Jingshan, China",Hard,3,Tyra Caterina Grant,Aliona Falei,winner,player_a,,0.4808,2.08,1.48,0.6328,-15.2,-0.2884,0,81,1899575
2026-09-29 03:00,wta,WTA Challenger,"Jingshan, China",Hard,3,Tyra Caterina Grant,Aliona Falei,winner,player_b,,0.5192,1.93,2.55,0.3672,15.2,0.3239,0,81,1899575
2026-09-29 03:00,wta,WTA Challenger,"Jingshan, China",Hard,3,Tyra Caterina Grant,Aliona Falei,total_games,over,21.5,0.4649,2.15,1.95,0.4744,-1.0,-0.0935,1,81,1899575
2026-09-29 03:00,wta,WTA Challenger,"Jingshan, China",Hard,3,Tyra Caterina Grant,Aliona Falei,total_games,under,21.5,0.5351,1.87,1.76,0.5256,1.0,-0.0581,1,81,1899575
2026-09-29 03:00,wta,WTA Challenger,"Jingshan, China",Hard,3,Tyra Caterina Grant,Aliona Falei,p1_games,over,12.5,0.3843,2.6,2.06,0.4492,-6.5,-0.2083,1,81,1899575
2026-09-29 03:00,wta,WTA Challenger,"Jingshan, China",Hard,3,Tyra Caterina Grant,Aliona Falei,p1_games,under,12.5,0.6157,1.62,1.68,0.5508,6.5,0.0343,1,81,1899575
2026-09-29 03:00,wta,WTA Challenger,"Jingshan, China",Hard,3,Tyra Caterina Grant,Aliona Falei,p2_games,over,11.5,0.6532,1.53,1.82,0.5081,14.5,0.1889,1,81,1899575
2026-09-29 03:00,wta,WTA Challenger,"Jingshan, China",Hard,3,Tyra Caterina Grant,Aliona Falei,p2_games,under,11.5,0.3468,2.88,1.88,0.4919,-14.5,-0.3481,1,81,1899575
2026-09-29 03:00,wta,WTA Challenger,"Jingshan, China",Hard,3,Tyra Caterina Grant,Aliona Falei,game_handicap,player_a,0.5,0.4933,2.03,,,,,1,81,1899575
2026-09-29 03:00,wta,WTA Challenger,"Jingshan, China",Hard,3,Tyra Caterina Grant,Aliona Falei,game_handicap,player_b,-0.5,0.5067,1.97,,,,,1,81,1899575
2026-09-29 04:30,wta,WTA Challenger,"Jingshan, China",Hard,3,Kristiana Sidorova,Daria Egorova,winner,player_a,,0.5072,1.97,1.97,0.4747,3.3,-0.0008,0,62,1899581
2026-09-29 04:30,wta,WTA Challenger,"Jingshan, China",Hard,3,Kristiana Sidorova,Daria Egorova,winner,player_b,,0.4928,2.03,1.78,0.5253,-3.3,-0.1228,0,62,1899581
2026-09-29 04:30,wta,WTA Challenger,"Jingshan, China",Hard,3,Kristiana Sidorova,Daria Egorova,total_games,over,20.5,0.5119,1.95,1.83,0.5054,0.7,-0.0632,1,62,1899581
2026-09-29 04:30,wta,WTA Challenger,"Jingshan, China",Hard,3,Kristiana Sidorova,Daria Egorova,total_games,under,20.5,0.4881,2.05,1.87,0.4946,-0.7,-0.0873,1,62,1899581
2026-09-29 04:30,wta,WTA Challenger,"Jingshan, China",Hard,3,Kristiana Sidorova,Daria Egorova,p1_games,over,11.5,0.6414,1.56,1.57,0.589,5.2,0.0069,1,62,1899581
2026-09-29 04:30,wta,WTA Challenger,"Jingshan, China",Hard,3,Kristiana Sidorova,Daria Egorova,p1_games,under,11.5,0.3586,2.79,2.25,0.411,-5.2,-0.1931,1,62,1899581
2026-09-29 04:30,wta,WTA Challenger,"Jingshan, China",Hard,3,Kristiana Sidorova,Daria Egorova,p2_games,over,12.5,0.3869,2.58,2.38,0.3897,-0.3,-0.0791,1,62,1899581
2026-09-29 04:30,wta,WTA Challenger,"Jingshan, China",Hard,3,Kristiana Sidorova,Daria Egorova,p2_games,under,12.5,0.6131,1.63,1.52,0.6103,0.3,-0.0681,1,62,1899581
2026-09-29 04:30,wta,WTA Challenger,"Jingshan, China",Hard,3,Kristiana Sidorova,Daria Egorova,game_handicap,player_a,-0.5,0.4939,2.02,,,,,1,62,1899581
2026-09-29 04:30,wta,WTA Challenger,"Jingshan, China",Hard,3,Kristiana Sidorova,Daria Egorova,game_handicap,player_b,0.5,0.5061,1.98,,,,,1,62,1899581
2026-09-29 04:30,wta,WTA Challenger,"Jingshan, China",Hard,3,Kyoka Okamura,Xi Wu Ru,winner,player_a,,0.4599,2.17,1.17,0.8007,-34.1,-0.4619,0,53,1899576
2026-09-29 04:30,wta,WTA Challenger,"Jingshan, China",Hard,3,Kyoka Okamura,Xi Wu Ru,winner,player_b,,0.5401,1.85,4.7,0.1993,34.1,1.5383,0,53,1899576
2026-09-29 04:30,wta,WTA Challenger,"Jingshan, China",Hard,3,Kyoka Okamura,Xi Wu Ru,total_games,over,19.5,0.5784,1.73,1.94,0.4771,10.1,0.1221,1,53,1899576
2026-09-29 04:30,wta,WTA Challenger,"Jingshan, China",Hard,3,Kyoka Okamura,Xi Wu Ru,total_games,under,19.5,0.4216,2.37,1.77,0.5229,-10.1,-0.2538,1,53,1899576
2026-09-29 04:30,wta,WTA Challenger,"Jingshan, China",Hard,3,Kyoka Okamura,Xi Wu Ru,p1_games,over,12.5,0.3767,2.65,2.25,0.411,-3.4,-0.1523,1,53,1899576
2026-09-29 04:30,wta,WTA Challenger,"Jingshan, China",Hard,3,Kyoka Okamura,Xi Wu Ru,p1_games,under,12.5,0.6233,1.6,1.57,0.589,3.4,-0.0215,1,53,1899576
2026-09-29 04:30,wta,WTA Challenger,"Jingshan, China",Hard,3,Kyoka Okamura,Xi Wu Ru,p2_games,over,7.5,0.7976,1.25,1.88,0.4933,30.4,0.4994,1,53,1899576
2026-09-29 04:30,wta,WTA Challenger,"Jingshan, China",Hard,3,Kyoka Okamura,Xi Wu Ru,p2_games,under,7.5,0.2024,4.94,1.83,0.5067,-30.4,-0.6295,1,53,1899576
2026-09-29 04:30,wta,WTA Challenger,"Jingshan, China",Hard,3,Kyoka Okamura,Xi Wu Ru,game_handicap,player_a,0.5,0.4724,2.12,,,,,1,53,1899576
2026-09-29 04:30,wta,WTA Challenger,"Jingshan, China",Hard,3,Kyoka Okamura,Xi Wu Ru,game_handicap,player_b,-0.5,0.5276,1.9,,,,,1,53,1899576
2026-09-29 04:30,wta,WTA Challenger,"Jingshan, China",Hard,3,Viktoria Morvayova,Sara Sorribes Tormo,winner,player_a,,0.3539,2.83,4.4,0.2129,14.1,0.5571,0,91,1899574
2026-09-29 04:30,wta,WTA Challenger,"Jingshan, China",Hard,3,Viktoria Morvayova,Sara Sorribes Tormo,winner,player_b,,0.6461,1.55,1.19,0.7871,-14.1,-0.2311,0,91,1899574
2026-09-29 04:30,wta,WTA Challenger,"Jingshan, China",Hard,3,Viktoria Morvayova,Sara Sorribes Tormo,total_games,over,19.5,0.5295,1.89,1.93,0.4798,5.0,0.022,1,91,1899574
2026-09-29 04:30,wta,WTA Challenger,"Jingshan, China",Hard,3,Viktoria Morvayova,Sara Sorribes Tormo,total_games,under,19.5,0.4705,2.13,1.78,0.5202,-5.0,-0.1625,1,91,1899574
2026-09-29 04:30,wta,WTA Challenger,"Jingshan, China",Hard,3,Viktoria Morvayova,Sara Sorribes Tormo,p1_games,over,7.5,0.6416,1.56,1.84,0.5027,13.9,0.1806,1,91,1899574
2026-09-29 04:30,wta,WTA Challenger,"Jingshan, China",Hard,3,Viktoria Morvayova,Sara Sorribes Tormo,p1_games,under,7.5,0.3584,2.79,1.86,0.4973,-13.9,-0.3334,1,91,1899574
2026-09-29 04:30,wta,WTA Challenger,"Jingshan, China",Hard,3,Viktoria Morvayova,Sara Sorribes Tormo,p2_games,over,12.5,0.3952,2.53,2.26,0.4099,-1.5,-0.1068,1,91,1899574
2026-09-29 04:30,wta,WTA Challenger,"Jingshan, China",Hard,3,Viktoria Morvayova,Sara Sorribes Tormo,p2_games,under,12.5,0.6048,1.65,1.57,0.5901,1.5,-0.0505,1,91,1899574
2026-09-29 04:30,wta,WTA Challenger,"Jingshan, China",Hard,3,Viktoria Morvayova,Sara Sorribes Tormo,game_handicap,player_a,3.5,0.4762,2.1,,,,,1,91,1899574
2026-09-29 04:30,wta,WTA Challenger,"Jingshan, China",Hard,3,Viktoria Morvayova,Sara Sorribes Tormo,game_handicap,player_b,-3.5,0.5238,1.91,,,,,1,91,1899574
2026-09-29 06:00,wta,WTA Challenger,"Jingshan, China",Hard,3,Alevtina Ibragimova,Daria Khomutsianskaya,winner,player_a,,0.616,1.62,1.33,0.7031,-8.7,-0.1807,0,66,1899579
2026-09-29 06:00,wta,WTA Challenger,"Jingshan, China",Hard,3,Alevtina Ibragimova,Daria Khomutsianskaya,winner,player_b,,0.384,2.6,3.15,0.2969,8.7,0.2095,0,66,1899579
2026-09-29 06:00,wta,WTA Challenger,"Jingshan, China",Hard,3,Alevtina Ibragimova,Daria Khomutsianskaya,total_games,over,20.5,0.4922,2.03,1.82,0.5094,-1.7,-0.1041,1,66,1899579
2026-09-29 06:00,wta,WTA Challenger,"Jingshan, China",Hard,3,Alevtina Ibragimova,Daria Khomutsianskaya,total_games,under,20.5,0.5078,1.97,1.89,0.4906,1.7,-0.0403,1,66,1899579
2026-09-29 06:00,wta,WTA Challenger,"Jingshan, China",Hard,3,Alevtina Ibragimova,Daria Khomutsianskaya,p1_games,over,12.5,0.4071,2.46,2.01,0.4611,-5.4,-0.1816,1,66,1899579
2026-09-29 06:00,wta,WTA Challenger,"Jingshan, China",Hard,3,Alevtina Ibragimova,Daria Khomutsianskaya,p1_games,under,12.5,0.5929,1.69,1.72,0.5389,5.4,0.0197,1,66,1899579
2026-09-29 06:00,wta,WTA Challenger,"Jingshan, China",Hard,3,Alevtina Ibragimova,Daria Khomutsianskaya,p2_games,over,9.5,0.5905,1.69,1.8,0.5148,7.6,0.0628,1,66,1899579
2026-09-29 06:00,wta,WTA Challenger,"Jingshan, China",Hard,3,Alevtina Ibragimova,Daria Khomutsianskaya,p2_games,under,9.5,0.4095,2.44,1.91,0.4852,-7.6,-0.2178,1,66,1899579
2026-09-29 06:00,wta,WTA Challenger,"Jingshan, China",Hard,3,Alevtina Ibragimova,Daria Khomutsianskaya,game_handicap,player_a,-2.5,0.5397,1.85,,,,,1,66,1899579
2026-09-29 06:00,wta,WTA Challenger,"Jingshan, China",Hard,3,Alevtina Ibragimova,Daria Khomutsianskaya,game_handicap,player_b,2.5,0.4603,2.17,,,,,1,66,1899579
2026-09-29 07:30,wta,WTA Challenger,"Jingshan, China",Hard,3,Amelia Rajecki,Yuhan Wang,winner,player_a,,0.5135,1.95,1.8,0.5187,-0.5,-0.0758,0,75,1899572
2026-09-29 07:30,wta,WTA Challenger,"Jingshan, China",Hard,3,Amelia Rajecki,Yuhan Wang,winner,player_b,,0.4865,2.06,1.94,0.4813,0.5,-0.0561,0,75,1899572
2026-09-29 07:30,wta,WTA Challenger,"Jingshan, China",Hard,3,Amelia Rajecki,Yuhan Wang,total_games,over,21.5,0.4625,2.16,1.87,0.496,-3.3,-0.1352,1,75,1899572
2026-09-29 07:30,wta,WTA Challenger,"Jingshan, China",Hard,3,Amelia Rajecki,Yuhan Wang,total_games,under,21.5,0.5375,1.86,1.84,0.504,3.3,-0.011,1,75,1899572
2026-09-29 07:30,wta,WTA Challenger,"Jingshan, China",Hard,3,Amelia Rajecki,Yuhan Wang,p1_games,over,12.5,0.3922,2.55,2.27,0.4089,-1.7,-0.1097,1,75,1899572
2026-09-29 07:30,wta,WTA Challenger,"Jingshan, China",Hard,3,Amelia Rajecki,Yuhan Wang,p1_games,under,12.5,0.6078,1.65,1.57,0.5911,1.7,-0.0457,1,75,1899572
2026-09-29 07:30,wta,WTA Challenger,"Jingshan, China",Hard,3,Amelia Rajecki,Yuhan Wang,p2_games,over,12.5,0.3841,2.6,2.34,0.3953,-1.1,-0.1011,1,75,1899572
2026-09-29 07:30,wta,WTA Challenger,"Jingshan, China",Hard,3,Amelia Rajecki,Yuhan Wang,p2_games,under,12.5,0.6159,1.62,1.53,0.6047,1.1,-0.0577,1,75,1899572
2026-09-29 07:30,wta,WTA Challenger,"Jingshan, China",Hard,3,Amelia Rajecki,Yuhan Wang,game_handicap,player_a,-0.5,0.5003,2.0,,,,,1,75,1899572
2026-09-29 07:30,wta,WTA Challenger,"Jingshan, China",Hard,3,Amelia Rajecki,Yuhan Wang,game_handicap,player_b,0.5,0.4997,2.0,,,,,1,75,1899572
2026-09-29 07:30,wta,WTA Challenger,"Jingshan, China",Hard,3,Katarina Zavatska,Sofya Lansere,winner,player_a,,0.4963,2.02,1.87,0.4987,-0.2,-0.072,0,91,1899573
2026-09-29 07:30,wta,WTA Challenger,"Jingshan, China",Hard,3,Katarina Zavatska,Sofya Lansere,winner,player_b,,0.5037,1.99,1.86,0.5013,0.2,-0.0631,0,91,1899573
2026-09-29 07:30,wta,WTA Challenger,"Jingshan, China",Hard,3,Katarina Zavatska,Sofya Lansere,total_games,over,20.5,0.4933,2.03,1.77,0.5242,-3.1,-0.1269,1,91,1899573
2026-09-29 07:30,wta,WTA Challenger,"Jingshan, China",Hard,3,Katarina Zavatska,Sofya Lansere,total_games,under,20.5,0.5067,1.97,1.95,0.4758,3.1,-0.0119,1,91,1899573
2026-09-29 07:30,wta,WTA Challenger,"Jingshan, China",Hard,3,Katarina Zavatska,Sofya Lansere,p1_games,over,12.5,0.3722,2.69,2.36,0.3918,-2.0,-0.1216,1,91,1899573
2026-09-29 07:30,wta,WTA Challenger,"Jingshan, China",Hard,3,Katarina Zavatska,Sofya Lansere,p1_games,under,12.5,0.6278,1.59,1.52,0.6082,2.0,-0.0458,1,91,1899573
2026-09-29 07:30,wta,WTA Challenger,"Jingshan, China",Hard,3,Katarina Zavatska,Sofya Lansere,p2_games,over,12.5,0.3748,2.67,2.35,0.3943,-2.0,-0.1193,1,91,1899573
2026-09-29 07:30,wta,WTA Challenger,"Jingshan, China",Hard,3,Katarina Zavatska,Sofya Lansere,p2_games,under,12.5,0.6252,1.6,1.53,0.6057,2.0,-0.0434,1,91,1899573
2026-09-29 07:30,wta,WTA Challenger,"Jingshan, China",Hard,3,Katarina Zavatska,Sofya Lansere,game_handicap,player_a,-0.5,0.483,2.07,,,,,1,91,1899573
2026-09-29 07:30,wta,WTA Challenger,"Jingshan, China",Hard,3,Katarina Zavatska,Sofya Lansere,game_handicap,player_b,0.5,0.517,1.93,,,,,1,91,1899573
2026-09-29 09:00,wta,WTA Challenger,"Jingshan, China",Hard,3,Jessica Bouzas Maneiro,Fangran Tian,winner,player_a,,0.6402,1.56,1.16,0.8054,-16.5,-0.2573,0,81,1899571
2026-09-29 09:00,wta,WTA Challenger,"Jingshan, China",Hard,3,Jessica Bouzas Maneiro,Fangran Tian,winner,player_b,,0.3598,2.78,4.8,0.1946,16.5,0.7268,0,81,1899571
2026-09-29 09:00,wta,WTA Challenger,"Jingshan, China",Hard,3,Jessica Bouzas Maneiro,Fangran Tian,total_games,over,18.5,0.6176,1.62,1.78,0.5202,9.7,0.0993,1,81,1899571
2026-09-29 09:00,wta,WTA Challenger,"Jingshan, China",Hard,3,Jessica Bouzas Maneiro,Fangran Tian,total_games,under,18.5,0.3824,2.61,1.93,0.4798,-9.7,-0.2619,1,81,1899571
2026-09-29 09:00,wta,WTA Challenger,"Jingshan, China",Hard,3,Jessica Bouzas Maneiro,Fangran Tian,p1_games,over,12.5,0.403,2.48,2.38,0.3882,1.5,-0.0409,1,81,1899571
2026-09-29 09:00,wta,WTA Challenger,"Jingshan, China",Hard,3,Jessica Bouzas Maneiro,Fangran Tian,p1_games,under,12.5,0.597,1.67,1.51,0.6118,-1.5,-0.0985,1,81,1899571
2026-09-29 09:00,wta,WTA Challenger,"Jingshan, China",Hard,3,Jessica Bouzas Maneiro,Fangran Tian,p2_games,over,7.5,0.6544,1.53,1.99,0.4651,18.9,0.3022,1,81,1899571
2026-09-29 09:00,wta,WTA Challenger,"Jingshan, China",Hard,3,Jessica Bouzas Maneiro,Fangran Tian,p2_games,under,7.5,0.3456,2.89,1.73,0.5349,-18.9,-0.4021,1,81,1899571
2026-09-29 09:00,wta,WTA Challenger,"Jingshan, China",Hard,3,Jessica Bouzas Maneiro,Fangran Tian,game_handicap,player_a,-3.5,0.5127,1.95,,,,,1,81,1899571
2026-09-29 09:00,wta,WTA Challenger,"Jingshan, China",Hard,3,Jessica Bouzas Maneiro,Fangran Tian,game_handicap,player_b,3.5,0.4873,2.05,,,,,1,81,1899571
