start_utc,tour,category,tournament,surface,best_of,player_a,player_b,market,selection,line,model_probability,fair_odds,bookmaker_odds,implied_fair,edge_pp,ev,low_confidence,data_quality,match_id
2026-10-05 17:00,atp,ATP Challenger,"Antofagasta, Chile",Clay,3,Gonzalo Villanueva,Nick Hardt,winner,player_a,,0.5828,1.72,1.71,0.5464,3.6,-0.0035,0,100,1902831
2026-10-05 17:00,atp,ATP Challenger,"Antofagasta, Chile",Clay,3,Gonzalo Villanueva,Nick Hardt,winner,player_b,,0.4172,2.4,2.06,0.4536,-3.6,-0.1405,0,100,1902831
2026-10-05 17:00,atp,ATP Challenger,"Antofagasta, Chile",Clay,3,Gonzalo Villanueva,Nick Hardt,total_games,over,21.5,0.4987,2.01,1.84,0.504,-0.5,-0.0824,0,100,1902831
2026-10-05 17:00,atp,ATP Challenger,"Antofagasta, Chile",Clay,3,Gonzalo Villanueva,Nick Hardt,total_games,under,21.5,0.5013,1.99,1.87,0.496,0.5,-0.0625,0,100,1902831
2026-10-05 17:00,atp,ATP Challenger,"Antofagasta, Chile",Clay,3,Gonzalo Villanueva,Nick Hardt,p1_games,over,12.5,0.4435,2.25,2.13,0.435,0.9,-0.0553,0,100,1902831
2026-10-05 17:00,atp,ATP Challenger,"Antofagasta, Chile",Clay,3,Gonzalo Villanueva,Nick Hardt,p1_games,under,12.5,0.5565,1.8,1.64,0.565,-0.9,-0.0874,0,100,1902831
2026-10-05 17:00,atp,ATP Challenger,"Antofagasta, Chile",Clay,3,Gonzalo Villanueva,Nick Hardt,p2_games,over,11.5,0.5739,1.74,1.57,0.589,-1.5,-0.0989,0,100,1902831
2026-10-05 17:00,atp,ATP Challenger,"Antofagasta, Chile",Clay,3,Gonzalo Villanueva,Nick Hardt,p2_games,under,11.5,0.4261,2.35,2.25,0.411,1.5,-0.0413,0,100,1902831
2026-10-05 17:00,atp,ATP Challenger,"Antofagasta, Chile",Clay,3,Gonzalo Villanueva,Nick Hardt,game_handicap,player_a,-1.5,0.5368,1.86,,,,,0,100,1902831
2026-10-05 17:00,atp,ATP Challenger,"Antofagasta, Chile",Clay,3,Gonzalo Villanueva,Nick Hardt,game_handicap,player_b,1.5,0.4632,2.16,,,,,0,100,1902831
2026-10-05 17:00,atp,ATP Challenger,"Antofagasta, Chile",Clay,3,Murkel Dellien,Juan Estevez,winner,player_a,,0.4242,2.36,2.06,0.4536,-2.9,-0.1261,0,69,1902830
2026-10-05 17:00,atp,ATP Challenger,"Antofagasta, Chile",Clay,3,Murkel Dellien,Juan Estevez,winner,player_b,,0.5758,1.74,1.71,0.5464,2.9,-0.0154,0,69,1902830
2026-10-05 17:00,atp,ATP Challenger,"Antofagasta, Chile",Clay,3,Murkel Dellien,Juan Estevez,total_games,over,21.5,0.5077,1.97,1.9,0.4865,2.1,-0.0353,1,69,1902830
2026-10-05 17:00,atp,ATP Challenger,"Antofagasta, Chile",Clay,3,Murkel Dellien,Juan Estevez,total_games,under,21.5,0.4923,2.03,1.8,0.5135,-2.1,-0.1139,1,69,1902830
2026-10-05 17:00,atp,ATP Challenger,"Antofagasta, Chile",Clay,3,Murkel Dellien,Juan Estevez,p1_games,over,11.5,0.5847,1.71,1.58,0.5853,-0.1,-0.0762,1,69,1902830
2026-10-05 17:00,atp,ATP Challenger,"Antofagasta, Chile",Clay,3,Murkel Dellien,Juan Estevez,p1_games,under,11.5,0.4153,2.41,2.23,0.4147,0.1,-0.0739,1,69,1902830
2026-10-05 17:00,atp,ATP Challenger,"Antofagasta, Chile",Clay,3,Murkel Dellien,Juan Estevez,p2_games,over,12.5,0.4496,2.22,2.16,0.4286,2.1,-0.0289,1,69,1902830
2026-10-05 17:00,atp,ATP Challenger,"Antofagasta, Chile",Clay,3,Murkel Dellien,Juan Estevez,p2_games,under,12.5,0.5504,1.82,1.62,0.5714,-2.1,-0.1084,1,69,1902830
2026-10-05 17:00,atp,ATP Challenger,"Antofagasta, Chile",Clay,3,Murkel Dellien,Juan Estevez,game_handicap,player_a,1.5,0.4713,2.12,,,,,1,69,1902830
2026-10-05 17:00,atp,ATP Challenger,"Antofagasta, Chile",Clay,3,Murkel Dellien,Juan Estevez,game_handicap,player_b,-1.5,0.5287,1.89,,,,,1,69,1902830
2026-10-05 19:00,atp,ATP Challenger,"Antofagasta, Chile",Clay,3,Genaro Alberto Olivieri,Valerio Aboian,winner,player_a,,0.5533,1.81,1.54,0.6081,-5.5,-0.148,0,100,1902837
2026-10-05 19:00,atp,ATP Challenger,"Antofagasta, Chile",Clay,3,Genaro Alberto Olivieri,Valerio Aboian,winner,player_b,,0.4467,2.24,2.39,0.3919,5.5,0.0677,0,100,1902837
2026-10-05 19:00,atp,ATP Challenger,"Antofagasta, Chile",Clay,3,Genaro Alberto Olivieri,Valerio Aboian,total_games,over,21.5,0.5058,1.98,1.83,0.5067,-0.1,-0.0744,0,100,1902837
2026-10-05 19:00,atp,ATP Challenger,"Antofagasta, Chile",Clay,3,Genaro Alberto Olivieri,Valerio Aboian,total_games,under,21.5,0.4942,2.02,1.88,0.4933,0.1,-0.0709,0,100,1902837
2026-10-05 19:00,atp,ATP Challenger,"Antofagasta, Chile",Clay,3,Genaro Alberto Olivieri,Valerio Aboian,p1_games,over,12.5,0.4396,2.27,1.97,0.4704,-3.1,-0.134,0,100,1902837
2026-10-05 19:00,atp,ATP Challenger,"Antofagasta, Chile",Clay,3,Genaro Alberto Olivieri,Valerio Aboian,p1_games,under,12.5,0.5604,1.78,1.75,0.5296,3.1,-0.0193,0,100,1902837
2026-10-05 19:00,atp,ATP Challenger,"Antofagasta, Chile",Clay,3,Genaro Alberto Olivieri,Valerio Aboian,p2_games,over,11.5,0.6035,1.66,1.71,0.5416,6.2,0.0319,0,100,1902837
2026-10-05 19:00,atp,ATP Challenger,"Antofagasta, Chile",Clay,3,Genaro Alberto Olivieri,Valerio Aboian,p2_games,under,11.5,0.3965,2.52,2.02,0.4584,-6.2,-0.199,0,100,1902837
2026-10-05 19:00,atp,ATP Challenger,"Antofagasta, Chile",Clay,3,Genaro Alberto Olivieri,Valerio Aboian,game_handicap,player_a,-1.5,0.5061,1.98,,,,,0,100,1902837
2026-10-05 19:00,atp,ATP Challenger,"Antofagasta, Chile",Clay,3,Genaro Alberto Olivieri,Valerio Aboian,game_handicap,player_b,1.5,0.4939,2.02,,,,,0,100,1902837
2026-10-05 16:10,atp,ATP Challenger,"Villena, Spain",Hard,3,Pablo Llamas Ruiz,Luca Nardi,winner,player_a,,0.4598,2.18,,,,,0,94,1902811
2026-10-05 16:10,atp,ATP Challenger,"Villena, Spain",Hard,3,Pablo Llamas Ruiz,Luca Nardi,winner,player_b,,0.5402,1.85,,,,,0,94,1902811
2026-10-05 16:10,atp,ATP Challenger,"Villena, Spain",Hard,3,Pablo Llamas Ruiz,Luca Nardi,total_games,over,22.5,0.4762,2.1,,,,,0,94,1902811
2026-10-05 16:10,atp,ATP Challenger,"Villena, Spain",Hard,3,Pablo Llamas Ruiz,Luca Nardi,total_games,under,22.5,0.5238,1.91,,,,,0,94,1902811
2026-10-05 16:10,atp,ATP Challenger,"Villena, Spain",Hard,3,Pablo Llamas Ruiz,Luca Nardi,p1_games,over,12.5,0.4443,2.25,,,,,0,94,1902811
2026-10-05 16:10,atp,ATP Challenger,"Villena, Spain",Hard,3,Pablo Llamas Ruiz,Luca Nardi,p1_games,under,12.5,0.5557,1.8,,,,,0,94,1902811
2026-10-05 16:10,atp,ATP Challenger,"Villena, Spain",Hard,3,Pablo Llamas Ruiz,Luca Nardi,p2_games,over,12.5,0.4724,2.12,,,,,0,94,1902811
2026-10-05 16:10,atp,ATP Challenger,"Villena, Spain",Hard,3,Pablo Llamas Ruiz,Luca Nardi,p2_games,under,12.5,0.5276,1.9,,,,,0,94,1902811
2026-10-05 16:10,atp,ATP Challenger,"Villena, Spain",Hard,3,Pablo Llamas Ruiz,Luca Nardi,game_handicap,player_a,0.5,0.4768,2.1,,,,,0,94,1902811
2026-10-05 16:10,atp,ATP Challenger,"Villena, Spain",Hard,3,Pablo Llamas Ruiz,Luca Nardi,game_handicap,player_b,-0.5,0.5232,1.91,,,,,0,94,1902811
2026-10-05 16:10,atp,ATP Challenger,"Palermo, Italy",Clay,3,Louis Wessels,Andrej Martin,winner,player_a,,0.3496,2.86,,,,,0,94,1903402
2026-10-05 16:10,atp,ATP Challenger,"Palermo, Italy",Clay,3,Louis Wessels,Andrej Martin,winner,player_b,,0.6504,1.54,,,,,0,94,1903402
2026-10-05 16:10,atp,ATP Challenger,"Palermo, Italy",Clay,3,Louis Wessels,Andrej Martin,total_games,over,22.5,0.4435,2.25,,,,,0,94,1903402
2026-10-05 16:10,atp,ATP Challenger,"Palermo, Italy",Clay,3,Louis Wessels,Andrej Martin,total_games,under,22.5,0.5565,1.8,,,,,0,94,1903402
2026-10-05 16:10,atp,ATP Challenger,"Palermo, Italy",Clay,3,Louis Wessels,Andrej Martin,p1_games,over,12.5,0.3753,2.66,,,,,0,94,1903402
2026-10-05 16:10,atp,ATP Challenger,"Palermo, Italy",Clay,3,Louis Wessels,Andrej Martin,p1_games,under,12.5,0.6247,1.6,,,,,0,94,1903402
2026-10-05 16:10,atp,ATP Challenger,"Palermo, Italy",Clay,3,Louis Wessels,Andrej Martin,p2_games,over,12.5,0.4785,2.09,,,,,0,94,1903402
2026-10-05 16:10,atp,ATP Challenger,"Palermo, Italy",Clay,3,Louis Wessels,Andrej Martin,p2_games,under,12.5,0.5215,1.92,,,,,0,94,1903402
2026-10-05 16:10,atp,ATP Challenger,"Palermo, Italy",Clay,3,Louis Wessels,Andrej Martin,game_handicap,player_a,2.5,0.443,2.26,,,,,0,94,1903402
2026-10-05 16:10,atp,ATP Challenger,"Palermo, Italy",Clay,3,Louis Wessels,Andrej Martin,game_handicap,player_b,-2.5,0.557,1.8,,,,,0,94,1903402
2026-10-05 18:00,atp,ATP Challenger,"Palermo, Italy",Clay,3,Jonas Forejtek,Sandro Kopp,winner,player_a,,0.568,1.76,1.58,0.5928,-2.5,-0.1025,0,100,1903393
2026-10-05 18:00,atp,ATP Challenger,"Palermo, Italy",Clay,3,Jonas Forejtek,Sandro Kopp,winner,player_b,,0.432,2.31,2.3,0.4072,2.5,-0.0065,0,100,1903393
2026-10-05 18:00,atp,ATP Challenger,"Palermo, Italy",Clay,3,Jonas Forejtek,Sandro Kopp,total_games,over,22.5,0.4686,2.13,1.98,0.4677,0.1,-0.0721,0,100,1903393
2026-10-05 18:00,atp,ATP Challenger,"Palermo, Italy",Clay,3,Jonas Forejtek,Sandro Kopp,total_games,under,22.5,0.5314,1.88,1.74,0.5323,-0.1,-0.0754,0,100,1903393
2026-10-05 18:00,atp,ATP Challenger,"Palermo, Italy",Clay,3,Jonas Forejtek,Sandro Kopp,p1_games,over,12.5,0.4748,2.11,1.85,0.5013,-2.7,-0.1217,0,100,1903393
2026-10-05 18:00,atp,ATP Challenger,"Palermo, Italy",Clay,3,Jonas Forejtek,Sandro Kopp,p1_games,under,12.5,0.5252,1.9,1.86,0.4987,2.7,-0.0231,0,100,1903393
2026-10-05 18:00,atp,ATP Challenger,"Palermo, Italy",Clay,3,Jonas Forejtek,Sandro Kopp,p2_games,over,12.5,0.4263,2.35,2.15,0.4312,-0.5,-0.0834,0,100,1903393
2026-10-05 18:00,atp,ATP Challenger,"Palermo, Italy",Clay,3,Jonas Forejtek,Sandro Kopp,p2_games,under,12.5,0.5737,1.74,1.63,0.5688,0.5,-0.0649,0,100,1903393
2026-10-05 18:00,atp,ATP Challenger,"Palermo, Italy",Clay,3,Jonas Forejtek,Sandro Kopp,game_handicap,player_a,-1.5,0.5191,1.93,,,,,0,100,1903393
2026-10-05 18:00,atp,ATP Challenger,"Palermo, Italy",Clay,3,Jonas Forejtek,Sandro Kopp,game_handicap,player_b,1.5,0.4809,2.08,,,,,0,100,1903393
2026-10-06 04:00,atp,ATP 1000,"Shanghai Rolex Masters, Qualification",Hard,3,Aziz Dougaz,Federico Cina,winner,player_a,,0.392,2.55,3.2,0.3013,9.1,0.2543,0,100,1903304
2026-10-06 04:00,atp,ATP 1000,"Shanghai Rolex Masters, Qualification",Hard,3,Aziz Dougaz,Federico Cina,winner,player_b,,0.608,1.64,1.38,0.6987,-9.1,-0.1609,0,100,1903304
2026-10-06 04:00,atp,ATP 1000,"Shanghai Rolex Masters, Qualification",Hard,3,Aziz Dougaz,Federico Cina,total_games,over,18.5,0.7923,1.26,1.29,0.7389,5.3,0.0221,0,100,1903304
2026-10-06 04:00,atp,ATP 1000,"Shanghai Rolex Masters, Qualification",Hard,3,Aziz Dougaz,Federico Cina,total_games,under,18.5,0.2077,4.82,3.65,0.2611,-5.3,-0.242,0,100,1903304
2026-10-06 04:00,atp,ATP 1000,"Shanghai Rolex Masters, Qualification",Hard,3,Aziz Dougaz,Federico Cina,total_games,over,19.5,0.7074,1.41,1.45,0.6588,4.9,0.0257,0,100,1903304
2026-10-06 04:00,atp,ATP 1000,"Shanghai Rolex Masters, Qualification",Hard,3,Aziz Dougaz,Federico Cina,total_games,under,19.5,0.2926,3.42,2.8,0.3412,-4.9,-0.1807,0,100,1903304
2026-10-06 04:00,atp,ATP 1000,"Shanghai Rolex Masters, Qualification",Hard,3,Aziz Dougaz,Federico Cina,total_games,over,20.5,0.6276,1.59,1.64,0.5816,4.6,0.0293,0,100,1903304
2026-10-06 04:00,atp,ATP 1000,"Shanghai Rolex Masters, Qualification",Hard,3,Aziz Dougaz,Federico Cina,total_games,under,20.5,0.3724,2.69,2.28,0.4184,-4.6,-0.1509,0,100,1903304
2026-10-06 04:00,atp,ATP 1000,"Shanghai Rolex Masters, Qualification",Hard,3,Aziz Dougaz,Federico Cina,total_games,over,21.5,0.5739,1.74,1.8,0.5288,4.5,0.0329,0,100,1903304
2026-10-06 04:00,atp,ATP 1000,"Shanghai Rolex Masters, Qualification",Hard,3,Aziz Dougaz,Federico Cina,total_games,under,21.5,0.4261,2.35,2.02,0.4712,-4.5,-0.1392,0,100,1903304
2026-10-06 04:00,atp,ATP 1000,"Shanghai Rolex Masters, Qualification",Hard,3,Aziz Dougaz,Federico Cina,total_games,over,22.5,0.4933,2.03,2.08,0.4583,3.5,0.0261,0,100,1903304
2026-10-06 04:00,atp,ATP 1000,"Shanghai Rolex Masters, Qualification",Hard,3,Aziz Dougaz,Federico Cina,total_games,under,22.5,0.5067,1.97,1.76,0.5417,-3.5,-0.1083,0,100,1903304
2026-10-06 04:00,atp,ATP 1000,"Shanghai Rolex Masters, Qualification",Hard,3,Aziz Dougaz,Federico Cina,total_games,over,23.5,0.4337,2.31,2.34,0.4076,2.6,0.0148,0,100,1903304
2026-10-06 04:00,atp,ATP 1000,"Shanghai Rolex Masters, Qualification",Hard,3,Aziz Dougaz,Federico Cina,total_games,under,23.5,0.5663,1.77,1.61,0.5924,-2.6,-0.0882,0,100,1903304
2026-10-06 04:00,atp,ATP 1000,"Shanghai Rolex Masters, Qualification",Hard,3,Aziz Dougaz,Federico Cina,total_games,over,24.5,0.4226,2.37,2.42,0.3935,2.9,0.0227,0,100,1903304
2026-10-06 04:00,atp,ATP 1000,"Shanghai Rolex Masters, Qualification",Hard,3,Aziz Dougaz,Federico Cina,total_games,under,24.5,0.5774,1.73,1.57,0.6065,-2.9,-0.0935,0,100,1903304
2026-10-06 04:00,atp,ATP 1000,"Shanghai Rolex Masters, Qualification",Hard,3,Aziz Dougaz,Federico Cina,p1_games,over,10.5,0.6191,1.62,1.75,0.5346,8.5,0.0834,0,100,1903304
2026-10-06 04:00,atp,ATP 1000,"Shanghai Rolex Masters, Qualification",Hard,3,Aziz Dougaz,Federico Cina,p1_games,under,10.5,0.3809,2.63,2.01,0.4654,-8.5,-0.2344,0,100,1903304
2026-10-06 04:00,atp,ATP 1000,"Shanghai Rolex Masters, Qualification",Hard,3,Aziz Dougaz,Federico Cina,p1_games,over,11.5,0.5873,1.7,1.87,0.4987,8.9,0.0983,0,100,1903304
2026-10-06 04:00,atp,ATP 1000,"Shanghai Rolex Masters, Qualification",Hard,3,Aziz Dougaz,Federico Cina,p1_games,under,11.5,0.4127,2.42,1.86,0.5013,-8.9,-0.2324,0,100,1903304
2026-10-06 04:00,atp,ATP 1000,"Shanghai Rolex Masters, Qualification",Hard,3,Aziz Dougaz,Federico Cina,p1_games,over,12.5,0.4394,2.28,2.43,0.3848,5.5,0.0677,0,100,1903304
2026-10-06 04:00,atp,ATP 1000,"Shanghai Rolex Masters, Qualification",Hard,3,Aziz Dougaz,Federico Cina,p1_games,under,12.5,0.5606,1.78,1.52,0.6152,-5.5,-0.1478,0,100,1903304
2026-10-06 04:00,atp,ATP 1000,"Shanghai Rolex Masters, Qualification",Hard,3,Aziz Dougaz,Federico Cina,p2_games,over,11.5,0.768,1.3,1.16,0.8054,-3.7,-0.1091,0,100,1903304
2026-10-06 04:00,atp,ATP 1000,"Shanghai Rolex Masters, Qualification",Hard,3,Aziz Dougaz,Federico Cina,p2_games,under,11.5,0.232,4.31,4.8,0.1946,3.7,0.1136,0,100,1903304
2026-10-06 04:00,atp,ATP 1000,"Shanghai Rolex Masters, Qualification",Hard,3,Aziz Dougaz,Federico Cina,p2_games,over,12.5,0.5197,1.92,1.74,0.536,-1.6,-0.0957,0,100,1903304
2026-10-06 04:00,atp,ATP 1000,"Shanghai Rolex Masters, Qualification",Hard,3,Aziz Dougaz,Federico Cina,p2_games,under,12.5,0.4803,2.08,2.01,0.464,1.6,-0.0347,0,100,1903304
2026-10-06 04:00,atp,ATP 1000,"Shanghai Rolex Masters, Qualification",Hard,3,Aziz Dougaz,Federico Cina,p2_games,over,13.5,0.3432,2.91,2.65,0.3521,-0.9,-0.0905,0,100,1903304
2026-10-06 04:00,atp,ATP 1000,"Shanghai Rolex Masters, Qualification",Hard,3,Aziz Dougaz,Federico Cina,p2_games,under,13.5,0.6568,1.52,1.44,0.6479,0.9,-0.0542,0,100,1903304
2026-10-06 04:00,atp,ATP 1000,"Shanghai Rolex Masters, Qualification",Hard,3,Aziz Dougaz,Federico Cina,game_handicap,player_a,1.5,0.4452,2.25,,,,,0,100,1903304
2026-10-06 04:00,atp,ATP 1000,"Shanghai Rolex Masters, Qualification",Hard,3,Aziz Dougaz,Federico Cina,game_handicap,player_b,-1.5,0.5548,1.8,,,,,0,100,1903304
2026-10-06 04:00,atp,ATP 1000,"Shanghai Rolex Masters, Qualification",Hard,3,Bernard Tomic,Timofey Skatov,winner,player_a,,0.5906,1.69,1.75,0.5501,4.0,0.0335,0,100,1903305
2026-10-06 04:00,atp,ATP 1000,"Shanghai Rolex Masters, Qualification",Hard,3,Bernard Tomic,Timofey Skatov,winner,player_b,,0.4094,2.44,2.14,0.4499,-4.0,-0.1238,0,100,1903305
2026-10-06 04:00,atp,ATP 1000,"Shanghai Rolex Masters, Qualification",Hard,3,Bernard Tomic,Timofey Skatov,total_games,over,19.5,0.6935,1.44,1.33,0.7158,-2.2,-0.0777,0,100,1903305
2026-10-06 04:00,atp,ATP 1000,"Shanghai Rolex Masters, Qualification",Hard,3,Bernard Tomic,Timofey Skatov,total_games,under,19.5,0.3065,3.26,3.35,0.2842,2.2,0.0269,0,100,1903305
2026-10-06 04:00,atp,ATP 1000,"Shanghai Rolex Masters, Qualification",Hard,3,Bernard Tomic,Timofey Skatov,total_games,over,20.5,0.6152,1.63,1.49,0.6401,-2.5,-0.0833,0,100,1903305
2026-10-06 04:00,atp,ATP 1000,"Shanghai Rolex Masters, Qualification",Hard,3,Bernard Tomic,Timofey Skatov,total_games,under,20.5,0.3848,2.6,2.65,0.3599,2.5,0.0196,0,100,1903305
2026-10-06 04:00,atp,ATP 1000,"Shanghai Rolex Masters, Qualification",Hard,3,Bernard Tomic,Timofey Skatov,total_games,over,21.5,0.5617,1.78,1.63,0.5852,-2.4,-0.0845,0,100,1903305
2026-10-06 04:00,atp,ATP 1000,"Shanghai Rolex Masters, Qualification",Hard,3,Bernard Tomic,Timofey Skatov,total_games,under,21.5,0.4383,2.28,2.3,0.4148,2.4,0.0081,0,100,1903305
2026-10-06 04:00,atp,ATP 1000,"Shanghai Rolex Masters, Qualification",Hard,3,Bernard Tomic,Timofey Skatov,total_games,over,22.5,0.4852,2.06,1.88,0.5066,-2.1,-0.0878,0,100,1903305
2026-10-06 04:00,atp,ATP 1000,"Shanghai Rolex Masters, Qualification",Hard,3,Bernard Tomic,Timofey Skatov,total_games,under,22.5,0.5148,1.94,1.93,0.4934,2.1,-0.0065,0,100,1903305
2026-10-06 04:00,atp,ATP 1000,"Shanghai Rolex Masters, Qualification",Hard,3,Bernard Tomic,Timofey Skatov,total_games,over,23.5,0.4301,2.33,2.12,0.4494,-1.9,-0.0882,0,100,1903305
2026-10-06 04:00,atp,ATP 1000,"Shanghai Rolex Masters, Qualification",Hard,3,Bernard Tomic,Timofey Skatov,total_games,under,23.5,0.5699,1.75,1.73,0.5506,1.9,-0.014,0,100,1903305
2026-10-06 04:00,atp,ATP 1000,"Shanghai Rolex Masters, Qualification",Hard,3,Bernard Tomic,Timofey Skatov,total_games,over,24.5,0.4174,2.4,2.18,0.4367,-1.9,-0.09,0,100,1903305
2026-10-06 04:00,atp,ATP 1000,"Shanghai Rolex Masters, Qualification",Hard,3,Bernard Tomic,Timofey Skatov,total_games,under,24.5,0.5826,1.72,1.69,0.5633,1.9,-0.0155,0,100,1903305
2026-10-06 04:00,atp,ATP 1000,"Shanghai Rolex Masters, Qualification",Hard,3,Bernard Tomic,Timofey Skatov,total_games,over,25.5,0.3836,2.61,2.37,0.4015,-1.8,-0.0908,0,100,1903305
2026-10-06 04:00,atp,ATP 1000,"Shanghai Rolex Masters, Qualification",Hard,3,Bernard Tomic,Timofey Skatov,total_games,under,25.5,0.6164,1.62,1.59,0.5985,1.8,-0.0199,0,100,1903305
2026-10-06 04:00,atp,ATP 1000,"Shanghai Rolex Masters, Qualification",Hard,3,Bernard Tomic,Timofey Skatov,p1_games,over,11.5,0.7493,1.33,1.32,0.708,4.1,-0.0109,0,100,1903305
2026-10-06 04:00,atp,ATP 1000,"Shanghai Rolex Masters, Qualification",Hard,3,Bernard Tomic,Timofey Skatov,p1_games,under,11.5,0.2507,3.99,3.2,0.292,-4.1,-0.1979,0,100,1903305
2026-10-06 04:00,atp,ATP 1000,"Shanghai Rolex Masters, Qualification",Hard,3,Bernard Tomic,Timofey Skatov,p1_games,over,12.5,0.503,1.99,1.83,0.5107,-0.8,-0.0794,0,100,1903305
2026-10-06 04:00,atp,ATP 1000,"Shanghai Rolex Masters, Qualification",Hard,3,Bernard Tomic,Timofey Skatov,p1_games,under,12.5,0.497,2.01,1.91,0.4893,0.8,-0.0508,0,100,1903305
2026-10-06 04:00,atp,ATP 1000,"Shanghai Rolex Masters, Qualification",Hard,3,Bernard Tomic,Timofey Skatov,p1_games,over,13.5,0.3334,3.0,2.65,0.3521,-1.9,-0.1165,0,100,1903305
2026-10-06 04:00,atp,ATP 1000,"Shanghai Rolex Masters, Qualification",Hard,3,Bernard Tomic,Timofey Skatov,p1_games,under,13.5,0.6666,1.5,1.44,0.6479,1.9,-0.0401,0,100,1903305
2026-10-06 04:00,atp,ATP 1000,"Shanghai Rolex Masters, Qualification",Hard,3,Bernard Tomic,Timofey Skatov,p2_games,over,11.5,0.5971,1.67,1.48,0.6328,-3.6,-0.1162,0,100,1903305
2026-10-06 04:00,atp,ATP 1000,"Shanghai Rolex Masters, Qualification",Hard,3,Bernard Tomic,Timofey Skatov,p2_games,under,11.5,0.4029,2.48,2.55,0.3672,3.6,0.0273,0,100,1903305
2026-10-06 04:00,atp,ATP 1000,"Shanghai Rolex Masters, Qualification",Hard,3,Bernard Tomic,Timofey Skatov,p2_games,over,12.5,0.4373,2.29,1.98,0.472,-3.5,-0.1342,0,100,1903305
2026-10-06 04:00,atp,ATP 1000,"Shanghai Rolex Masters, Qualification",Hard,3,Bernard Tomic,Timofey Skatov,p2_games,under,12.5,0.5627,1.78,1.77,0.528,3.5,-0.004,0,100,1903305
2026-10-06 04:00,atp,ATP 1000,"Shanghai Rolex Masters, Qualification",Hard,3,Bernard Tomic,Timofey Skatov,p2_games,over,13.5,0.303,3.3,2.8,0.3333,-3.0,-0.1517,0,100,1903305
2026-10-06 04:00,atp,ATP 1000,"Shanghai Rolex Masters, Qualification",Hard,3,Bernard Tomic,Timofey Skatov,p2_games,under,13.5,0.697,1.43,1.4,0.6667,3.0,-0.0241,0,100,1903305
2026-10-06 04:00,atp,ATP 1000,"Shanghai Rolex Masters, Qualification",Hard,3,Bernard Tomic,Timofey Skatov,game_handicap,player_a,-1.5,0.5381,1.86,,,,,0,100,1903305
2026-10-06 04:00,atp,ATP 1000,"Shanghai Rolex Masters, Qualification",Hard,3,Bernard Tomic,Timofey Skatov,game_handicap,player_b,1.5,0.4619,2.16,,,,,0,100,1903305
2026-10-06 04:00,atp,ATP 1000,"Shanghai Rolex Masters, Qualification",Hard,3,Liam Draxl,Nikoloz Basilashvili,winner,player_a,,0.443,2.26,2.21,0.4348,0.8,-0.021,0,100,1903303
2026-10-06 04:00,atp,ATP 1000,"Shanghai Rolex Masters, Qualification",Hard,3,Liam Draxl,Nikoloz Basilashvili,winner,player_b,,0.557,1.8,1.7,0.5652,-0.8,-0.0531,0,100,1903303
2026-10-06 04:00,atp,ATP 1000,"Shanghai Rolex Masters, Qualification",Hard,3,Liam Draxl,Nikoloz Basilashvili,total_games,over,19.5,0.6852,1.46,1.32,0.7233,-3.8,-0.0955,0,100,1903303
2026-10-06 04:00,atp,ATP 1000,"Shanghai Rolex Masters, Qualification",Hard,3,Liam Draxl,Nikoloz Basilashvili,total_games,under,19.5,0.3148,3.18,3.45,0.2767,3.8,0.0859,0,100,1903303
2026-10-06 04:00,atp,ATP 1000,"Shanghai Rolex Masters, Qualification",Hard,3,Liam Draxl,Nikoloz Basilashvili,total_games,over,20.5,0.6085,1.64,1.47,0.6475,-3.9,-0.1055,0,100,1903303
2026-10-06 04:00,atp,ATP 1000,"Shanghai Rolex Masters, Qualification",Hard,3,Liam Draxl,Nikoloz Basilashvili,total_games,under,20.5,0.3915,2.55,2.7,0.3525,3.9,0.0571,0,100,1903303
2026-10-06 04:00,atp,ATP 1000,"Shanghai Rolex Masters, Qualification",Hard,3,Liam Draxl,Nikoloz Basilashvili,total_games,over,21.5,0.5552,1.8,1.6,0.5949,-4.0,-0.1117,0,100,1903303
2026-10-06 04:00,atp,ATP 1000,"Shanghai Rolex Masters, Qualification",Hard,3,Liam Draxl,Nikoloz Basilashvili,total_games,under,21.5,0.4448,2.25,2.35,0.4051,4.0,0.0453,0,100,1903303
2026-10-06 04:00,atp,ATP 1000,"Shanghai Rolex Masters, Qualification",Hard,3,Liam Draxl,Nikoloz Basilashvili,total_games,over,22.5,0.4816,2.08,1.85,0.5144,-3.3,-0.109,0,100,1903303
2026-10-06 04:00,atp,ATP 1000,"Shanghai Rolex Masters, Qualification",Hard,3,Liam Draxl,Nikoloz Basilashvili,total_games,under,22.5,0.5184,1.93,1.96,0.4856,3.3,0.016,0,100,1903303
2026-10-06 04:00,atp,ATP 1000,"Shanghai Rolex Masters, Qualification",Hard,3,Liam Draxl,Nikoloz Basilashvili,total_games,over,23.5,0.4295,2.33,2.09,0.4557,-2.6,-0.1023,0,100,1903303
2026-10-06 04:00,atp,ATP 1000,"Shanghai Rolex Masters, Qualification",Hard,3,Liam Draxl,Nikoloz Basilashvili,total_games,under,23.5,0.5705,1.75,1.75,0.5443,2.6,-0.0017,0,100,1903303
2026-10-06 04:00,atp,ATP 1000,"Shanghai Rolex Masters, Qualification",Hard,3,Liam Draxl,Nikoloz Basilashvili,total_games,over,24.5,0.4155,2.41,2.15,0.443,-2.7,-0.1067,0,100,1903303
2026-10-06 04:00,atp,ATP 1000,"Shanghai Rolex Masters, Qualification",Hard,3,Liam Draxl,Nikoloz Basilashvili,total_games,under,24.5,0.5845,1.71,1.71,0.557,2.7,-0.0005,0,100,1903303
2026-10-06 04:00,atp,ATP 1000,"Shanghai Rolex Masters, Qualification",Hard,3,Liam Draxl,Nikoloz Basilashvili,total_games,over,25.5,0.3808,2.63,2.34,0.4076,-2.7,-0.109,0,100,1903303
2026-10-06 04:00,atp,ATP 1000,"Shanghai Rolex Masters, Qualification",Hard,3,Liam Draxl,Nikoloz Basilashvili,total_games,under,25.5,0.6192,1.61,1.61,0.5924,2.7,-0.003,0,100,1903303
2026-10-06 04:00,atp,ATP 1000,"Shanghai Rolex Masters, Qualification",Hard,3,Liam Draxl,Nikoloz Basilashvili,p1_games,over,11.5,0.6228,1.61,1.5,0.6231,-0.0,-0.0658,0,100,1903303
2026-10-06 04:00,atp,ATP 1000,"Shanghai Rolex Masters, Qualification",Hard,3,Liam Draxl,Nikoloz Basilashvili,p1_games,under,11.5,0.3772,2.65,2.48,0.3769,0.0,-0.0646,0,100,1903303
2026-10-06 04:00,atp,ATP 1000,"Shanghai Rolex Masters, Qualification",Hard,3,Liam Draxl,Nikoloz Basilashvili,p1_games,over,12.5,0.4446,2.25,1.98,0.472,-2.7,-0.1198,0,100,1903303
2026-10-06 04:00,atp,ATP 1000,"Shanghai Rolex Masters, Qualification",Hard,3,Liam Draxl,Nikoloz Basilashvili,p1_games,under,12.5,0.5554,1.8,1.77,0.528,2.7,-0.0169,0,100,1903303
2026-10-06 04:00,atp,ATP 1000,"Shanghai Rolex Masters, Qualification",Hard,3,Liam Draxl,Nikoloz Basilashvili,p1_games,over,13.5,0.3048,3.28,2.8,0.3333,-2.9,-0.1465,0,100,1903303
2026-10-06 04:00,atp,ATP 1000,"Shanghai Rolex Masters, Qualification",Hard,3,Liam Draxl,Nikoloz Basilashvili,p1_games,under,13.5,0.6952,1.44,1.4,0.6667,2.9,-0.0267,0,100,1903303
2026-10-06 04:00,atp,ATP 1000,"Shanghai Rolex Masters, Qualification",Hard,3,Liam Draxl,Nikoloz Basilashvili,p2_games,over,11.5,0.7188,1.39,1.3,0.7204,-0.2,-0.0656,0,100,1903303
2026-10-06 04:00,atp,ATP 1000,"Shanghai Rolex Masters, Qualification",Hard,3,Liam Draxl,Nikoloz Basilashvili,p2_games,under,11.5,0.2812,3.56,3.35,0.2796,0.2,-0.0578,0,100,1903303
2026-10-06 04:00,atp,ATP 1000,"Shanghai Rolex Masters, Qualification",Hard,3,Liam Draxl,Nikoloz Basilashvili,p2_games,over,12.5,0.4853,2.06,1.78,0.5241,-3.9,-0.1362,0,100,1903303
2026-10-06 04:00,atp,ATP 1000,"Shanghai Rolex Masters, Qualification",Hard,3,Liam Draxl,Nikoloz Basilashvili,p2_games,under,12.5,0.5147,1.94,1.96,0.4759,3.9,0.0088,0,100,1903303
2026-10-06 04:00,atp,ATP 1000,"Shanghai Rolex Masters, Qualification",Hard,3,Liam Draxl,Nikoloz Basilashvili,p2_games,over,13.5,0.3242,3.08,2.6,0.3596,-3.5,-0.1571,0,100,1903303
2026-10-06 04:00,atp,ATP 1000,"Shanghai Rolex Masters, Qualification",Hard,3,Liam Draxl,Nikoloz Basilashvili,p2_games,under,13.5,0.6758,1.48,1.46,0.6404,3.5,-0.0133,0,100,1903303
2026-10-06 04:00,atp,ATP 1000,"Shanghai Rolex Masters, Qualification",Hard,3,Liam Draxl,Nikoloz Basilashvili,game_handicap,player_a,1.5,0.4949,2.02,,,,,0,100,1903303
2026-10-06 04:00,atp,ATP 1000,"Shanghai Rolex Masters, Qualification",Hard,3,Liam Draxl,Nikoloz Basilashvili,game_handicap,player_b,-1.5,0.5051,1.98,,,,,0,100,1903303
2026-10-06 04:00,atp,ATP 1000,"Shanghai Rolex Masters, Qualification",Hard,3,Roman Safiullin,Shintaro Mochizuki,winner,player_a,,0.7876,1.27,1.19,0.8078,-2.0,-0.0627,0,100,1903302
2026-10-06 04:00,atp,ATP 1000,"Shanghai Rolex Masters, Qualification",Hard,3,Roman Safiullin,Shintaro Mochizuki,winner,player_b,,0.2124,4.71,5.0,0.1922,2.0,0.0619,0,100,1903302
2026-10-06 04:00,atp,ATP 1000,"Shanghai Rolex Masters, Qualification",Hard,3,Roman Safiullin,Shintaro Mochizuki,total_games,over,17.5,0.7277,1.37,1.28,0.743,-1.5,-0.0686,0,100,1903302
2026-10-06 04:00,atp,ATP 1000,"Shanghai Rolex Masters, Qualification",Hard,3,Roman Safiullin,Shintaro Mochizuki,total_games,under,17.5,0.2723,3.67,3.7,0.257,1.5,0.0076,0,100,1903302
2026-10-06 04:00,atp,ATP 1000,"Shanghai Rolex Masters, Qualification",Hard,3,Roman Safiullin,Shintaro Mochizuki,total_games,over,18.5,0.6358,1.57,1.45,0.6548,-1.9,-0.0781,0,100,1903302
2026-10-06 04:00,atp,ATP 1000,"Shanghai Rolex Masters, Qualification",Hard,3,Roman Safiullin,Shintaro Mochizuki,total_games,under,18.5,0.3642,2.75,2.75,0.3452,1.9,0.0016,0,100,1903302
2026-10-06 04:00,atp,ATP 1000,"Shanghai Rolex Masters, Qualification",Hard,3,Roman Safiullin,Shintaro Mochizuki,total_games,over,19.5,0.5531,1.81,1.66,0.5733,-2.0,-0.0819,0,100,1903302
2026-10-06 04:00,atp,ATP 1000,"Shanghai Rolex Masters, Qualification",Hard,3,Roman Safiullin,Shintaro Mochizuki,total_games,under,19.5,0.4469,2.24,2.23,0.4267,2.0,-0.0034,0,100,1903302
2026-10-06 04:00,atp,ATP 1000,"Shanghai Rolex Masters, Qualification",Hard,3,Roman Safiullin,Shintaro Mochizuki,total_games,over,20.5,0.4812,2.08,1.91,0.4987,-1.7,-0.0808,0,100,1903302
2026-10-06 04:00,atp,ATP 1000,"Shanghai Rolex Masters, Qualification",Hard,3,Roman Safiullin,Shintaro Mochizuki,total_games,under,20.5,0.5188,1.93,1.9,0.5013,1.7,-0.0144,0,100,1903302
2026-10-06 04:00,atp,ATP 1000,"Shanghai Rolex Masters, Qualification",Hard,3,Roman Safiullin,Shintaro Mochizuki,total_games,over,21.5,0.4309,2.32,2.14,0.4456,-1.5,-0.078,0,100,1903302
2026-10-06 04:00,atp,ATP 1000,"Shanghai Rolex Masters, Qualification",Hard,3,Roman Safiullin,Shintaro Mochizuki,total_games,under,21.5,0.5691,1.76,1.72,0.5544,1.5,-0.0211,0,100,1903302
2026-10-06 04:00,atp,ATP 1000,"Shanghai Rolex Masters, Qualification",Hard,3,Roman Safiullin,Shintaro Mochizuki,total_games,over,22.5,0.3714,2.69,2.49,0.3821,-1.1,-0.0751,0,100,1903302
2026-10-06 04:00,atp,ATP 1000,"Shanghai Rolex Masters, Qualification",Hard,3,Roman Safiullin,Shintaro Mochizuki,total_games,under,22.5,0.6286,1.59,1.54,0.6179,1.1,-0.032,0,100,1903302
2026-10-06 04:00,atp,ATP 1000,"Shanghai Rolex Masters, Qualification",Hard,3,Roman Safiullin,Shintaro Mochizuki,total_games,over,23.5,0.3329,3.0,2.8,0.3396,-0.7,-0.0679,0,100,1903302
2026-10-06 04:00,atp,ATP 1000,"Shanghai Rolex Masters, Qualification",Hard,3,Roman Safiullin,Shintaro Mochizuki,total_games,under,23.5,0.6671,1.5,1.44,0.6604,0.7,-0.0394,0,100,1903302
2026-10-06 04:00,atp,ATP 1000,"Shanghai Rolex Masters, Qualification",Hard,3,Roman Safiullin,Shintaro Mochizuki,p1_games,over,11.5,0.8797,1.14,1.07,0.8706,0.9,-0.0587,0,100,1903302
2026-10-06 04:00,atp,ATP 1000,"Shanghai Rolex Masters, Qualification",Hard,3,Roman Safiullin,Shintaro Mochizuki,p1_games,under,11.5,0.1203,8.31,7.2,0.1294,-0.9,-0.1337,0,100,1903302
2026-10-06 04:00,atp,ATP 1000,"Shanghai Rolex Masters, Qualification",Hard,3,Roman Safiullin,Shintaro Mochizuki,p1_games,over,12.5,0.4568,2.19,1.99,0.4707,-1.4,-0.091,0,100,1903302
2026-10-06 04:00,atp,ATP 1000,"Shanghai Rolex Masters, Qualification",Hard,3,Roman Safiullin,Shintaro Mochizuki,p1_games,under,12.5,0.5432,1.84,1.77,0.5293,1.4,-0.0385,0,100,1903302
2026-10-06 04:00,atp,ATP 1000,"Shanghai Rolex Masters, Qualification",Hard,3,Roman Safiullin,Shintaro Mochizuki,p1_games,over,13.5,0.2769,3.61,3.25,0.2873,-1.0,-0.0999,0,100,1903302
2026-10-06 04:00,atp,ATP 1000,"Shanghai Rolex Masters, Qualification",Hard,3,Roman Safiullin,Shintaro Mochizuki,p1_games,under,13.5,0.7231,1.38,1.31,0.7127,1.0,-0.0528,0,100,1903302
2026-10-06 04:00,atp,ATP 1000,"Shanghai Rolex Masters, Qualification",Hard,3,Roman Safiullin,Shintaro Mochizuki,p2_games,over,7.5,0.5713,1.75,1.72,0.5426,2.9,-0.0174,0,100,1903302
2026-10-06 04:00,atp,ATP 1000,"Shanghai Rolex Masters, Qualification",Hard,3,Roman Safiullin,Shintaro Mochizuki,p2_games,under,7.5,0.4287,2.33,2.04,0.4574,-2.9,-0.1254,0,100,1903302
2026-10-06 04:00,atp,ATP 1000,"Shanghai Rolex Masters, Qualification",Hard,3,Roman Safiullin,Shintaro Mochizuki,p2_games,over,8.5,0.4996,2.0,1.98,0.472,2.8,-0.0107,0,100,1903302
2026-10-06 04:00,atp,ATP 1000,"Shanghai Rolex Masters, Qualification",Hard,3,Roman Safiullin,Shintaro Mochizuki,p2_games,under,8.5,0.5004,2.0,1.77,0.528,-2.8,-0.1144,0,100,1903302
2026-10-06 04:00,atp,ATP 1000,"Shanghai Rolex Masters, Qualification",Hard,3,Roman Safiullin,Shintaro Mochizuki,p2_games,over,9.5,0.4461,2.24,2.25,0.4156,3.0,0.0037,0,100,1903302
2026-10-06 04:00,atp,ATP 1000,"Shanghai Rolex Masters, Qualification",Hard,3,Roman Safiullin,Shintaro Mochizuki,p2_games,under,9.5,0.5539,1.81,1.6,0.5844,-3.0,-0.1137,0,100,1903302
2026-10-06 04:00,atp,ATP 1000,"Shanghai Rolex Masters, Qualification",Hard,3,Roman Safiullin,Shintaro Mochizuki,game_handicap,player_a,-4.5,0.5339,1.87,,,,,0,100,1903302
2026-10-06 04:00,atp,ATP 1000,"Shanghai Rolex Masters, Qualification",Hard,3,Roman Safiullin,Shintaro Mochizuki,game_handicap,player_b,4.5,0.4661,2.15,,,,,0,100,1903302
2026-10-06 05:30,atp,ATP 1000,"Shanghai Rolex Masters, Qualification",Hard,3,Kyrian Jacquet,Rei Sakamoto,winner,player_a,,0.643,1.56,1.81,0.5323,11.1,0.1638,0,100,1903308
2026-10-06 05:30,atp,ATP 1000,"Shanghai Rolex Masters, Qualification",Hard,3,Kyrian Jacquet,Rei Sakamoto,winner,player_b,,0.357,2.8,2.06,0.4677,-11.1,-0.2645,0,100,1903308
2026-10-06 05:30,atp,ATP 1000,"Shanghai Rolex Masters, Qualification",Hard,3,Kyrian Jacquet,Rei Sakamoto,total_games,over,22.5,0.4821,2.07,1.75,0.5333,-5.1,-0.1564,0,100,1903308
2026-10-06 05:30,atp,ATP 1000,"Shanghai Rolex Masters, Qualification",Hard,3,Kyrian Jacquet,Rei Sakamoto,total_games,under,22.5,0.5179,1.93,2.0,0.4667,5.1,0.0359,0,100,1903308
2026-10-06 05:30,atp,ATP 1000,"Shanghai Rolex Masters, Qualification",Hard,3,Kyrian Jacquet,Rei Sakamoto,total_games,over,23.5,0.4238,2.36,1.99,0.4693,-4.6,-0.1566,0,100,1903308
2026-10-06 05:30,atp,ATP 1000,"Shanghai Rolex Masters, Qualification",Hard,3,Kyrian Jacquet,Rei Sakamoto,total_games,under,23.5,0.5762,1.74,1.76,0.5307,4.6,0.0141,0,100,1903308
2026-10-06 05:30,atp,ATP 1000,"Shanghai Rolex Masters, Qualification",Hard,3,Kyrian Jacquet,Rei Sakamoto,total_games,over,24.5,0.4126,2.42,2.04,0.4589,-4.6,-0.1582,0,100,1903308
2026-10-06 05:30,atp,ATP 1000,"Shanghai Rolex Masters, Qualification",Hard,3,Kyrian Jacquet,Rei Sakamoto,total_games,under,24.5,0.5874,1.7,1.73,0.5411,4.6,0.0162,0,100,1903308
2026-10-06 05:30,atp,ATP 1000,"Shanghai Rolex Masters, Qualification",Hard,3,Kyrian Jacquet,Rei Sakamoto,p1_games,over,11.5,0.7925,1.26,1.33,0.7031,8.9,0.0541,0,100,1903308
2026-10-06 05:30,atp,ATP 1000,"Shanghai Rolex Masters, Qualification",Hard,3,Kyrian Jacquet,Rei Sakamoto,p1_games,under,11.5,0.2075,4.82,3.15,0.2969,-8.9,-0.3464,0,100,1903308
2026-10-06 05:30,atp,ATP 1000,"Shanghai Rolex Masters, Qualification",Hard,3,Kyrian Jacquet,Rei Sakamoto,p1_games,over,12.5,0.5221,1.92,1.77,0.5293,-0.7,-0.0759,0,100,1903308
2026-10-06 05:30,atp,ATP 1000,"Shanghai Rolex Masters, Qualification",Hard,3,Kyrian Jacquet,Rei Sakamoto,p1_games,under,12.5,0.4779,2.09,1.99,0.4707,0.7,-0.049,0,100,1903308
2026-10-06 05:30,atp,ATP 1000,"Shanghai Rolex Masters, Qualification",Hard,3,Kyrian Jacquet,Rei Sakamoto,p1_games,over,13.5,0.3401,2.94,2.55,0.3672,-2.7,-0.1328,0,100,1903308
2026-10-06 05:30,atp,ATP 1000,"Shanghai Rolex Masters, Qualification",Hard,3,Kyrian Jacquet,Rei Sakamoto,p1_games,under,13.5,0.6599,1.52,1.48,0.6328,2.7,-0.0233,0,100,1903308
2026-10-06 05:30,atp,ATP 1000,"Shanghai Rolex Masters, Qualification",Hard,3,Kyrian Jacquet,Rei Sakamoto,p2_games,over,11.5,0.5528,1.81,1.42,0.6595,-10.7,-0.215,0,100,1903308
2026-10-06 05:30,atp,ATP 1000,"Shanghai Rolex Masters, Qualification",Hard,3,Kyrian Jacquet,Rei Sakamoto,p2_games,under,11.5,0.4472,2.24,2.75,0.3405,10.7,0.2298,0,100,1903308
2026-10-06 05:30,atp,ATP 1000,"Shanghai Rolex Masters, Qualification",Hard,3,Kyrian Jacquet,Rei Sakamoto,p2_games,over,12.5,0.417,2.4,1.86,0.5027,-8.6,-0.2243,0,100,1903308
2026-10-06 05:30,atp,ATP 1000,"Shanghai Rolex Masters, Qualification",Hard,3,Kyrian Jacquet,Rei Sakamoto,p2_games,under,12.5,0.583,1.72,1.88,0.4973,8.6,0.0959,0,100,1903308
2026-10-06 05:30,atp,ATP 1000,"Shanghai Rolex Masters, Qualification",Hard,3,Kyrian Jacquet,Rei Sakamoto,p2_games,over,13.5,0.2931,3.41,2.6,0.358,-6.5,-0.2379,0,100,1903308
2026-10-06 05:30,atp,ATP 1000,"Shanghai Rolex Masters, Qualification",Hard,3,Kyrian Jacquet,Rei Sakamoto,p2_games,under,13.5,0.7069,1.41,1.45,0.642,6.5,0.025,0,100,1903308
2026-10-06 05:30,atp,ATP 1000,"Shanghai Rolex Masters, Qualification",Hard,3,Kyrian Jacquet,Rei Sakamoto,game_handicap,player_a,-2.5,0.5336,1.87,,,,,0,100,1903308
2026-10-06 05:30,atp,ATP 1000,"Shanghai Rolex Masters, Qualification",Hard,3,Kyrian Jacquet,Rei Sakamoto,game_handicap,player_b,2.5,0.4664,2.14,,,,,0,100,1903308
2026-10-06 05:30,atp,ATP 1000,"Shanghai Rolex Masters, Qualification",Hard,3,Michael Zheng,Nicolas Mejia,winner,player_a,,0.6837,1.46,1.2,0.8,-11.6,-0.1795,0,100,1903306
2026-10-06 05:30,atp,ATP 1000,"Shanghai Rolex Masters, Qualification",Hard,3,Michael Zheng,Nicolas Mejia,winner,player_b,,0.3163,3.16,4.8,0.2,11.6,0.5182,0,100,1903306
2026-10-06 05:30,atp,ATP 1000,"Shanghai Rolex Masters, Qualification",Hard,3,Michael Zheng,Nicolas Mejia,total_games,over,19.5,0.6471,1.55,1.62,0.5781,6.9,0.0482,0,100,1903306
2026-10-06 05:30,atp,ATP 1000,"Shanghai Rolex Masters, Qualification",Hard,3,Michael Zheng,Nicolas Mejia,total_games,under,19.5,0.3529,2.83,2.22,0.4219,-6.9,-0.2165,0,100,1903306
2026-10-06 05:30,atp,ATP 1000,"Shanghai Rolex Masters, Qualification",Hard,3,Michael Zheng,Nicolas Mejia,total_games,over,20.5,0.5703,1.75,1.85,0.5053,6.5,0.055,0,100,1903306
2026-10-06 05:30,atp,ATP 1000,"Shanghai Rolex Masters, Qualification",Hard,3,Michael Zheng,Nicolas Mejia,total_games,under,20.5,0.4297,2.33,1.89,0.4947,-6.5,-0.1878,0,100,1903306
2026-10-06 05:30,atp,ATP 1000,"Shanghai Rolex Masters, Qualification",Hard,3,Michael Zheng,Nicolas Mejia,total_games,over,21.5,0.5171,1.93,2.06,0.4536,6.3,0.0651,0,100,1903306
2026-10-06 05:30,atp,ATP 1000,"Shanghai Rolex Masters, Qualification",Hard,3,Michael Zheng,Nicolas Mejia,total_games,under,21.5,0.4829,2.07,1.71,0.5464,-6.3,-0.1742,0,100,1903306
2026-10-06 05:30,atp,ATP 1000,"Shanghai Rolex Masters, Qualification",Hard,3,Michael Zheng,Nicolas Mejia,p1_games,over,11.5,0.8137,1.23,1.08,0.8629,-4.9,-0.1212,0,100,1903306
2026-10-06 05:30,atp,ATP 1000,"Shanghai Rolex Masters, Qualification",Hard,3,Michael Zheng,Nicolas Mejia,p1_games,under,11.5,0.1863,5.37,6.8,0.1371,4.9,0.267,0,100,1903306
2026-10-06 05:30,atp,ATP 1000,"Shanghai Rolex Masters, Qualification",Hard,3,Michael Zheng,Nicolas Mejia,p1_games,over,12.5,0.4985,2.01,1.86,0.5027,-0.4,-0.0728,0,100,1903306
2026-10-06 05:30,atp,ATP 1000,"Shanghai Rolex Masters, Qualification",Hard,3,Michael Zheng,Nicolas Mejia,p1_games,under,12.5,0.5015,1.99,1.88,0.4973,0.4,-0.0572,0,100,1903306
2026-10-06 05:30,atp,ATP 1000,"Shanghai Rolex Masters, Qualification",Hard,3,Michael Zheng,Nicolas Mejia,p1_games,over,13.5,0.3186,3.14,3.0,0.3119,0.7,-0.0443,0,100,1903306
2026-10-06 05:30,atp,ATP 1000,"Shanghai Rolex Masters, Qualification",Hard,3,Michael Zheng,Nicolas Mejia,p1_games,under,13.5,0.6814,1.47,1.36,0.6881,-0.7,-0.0733,0,100,1903306
2026-10-06 05:30,atp,ATP 1000,"Shanghai Rolex Masters, Qualification",Hard,3,Michael Zheng,Nicolas Mejia,p2_games,over,7.5,0.7003,1.43,1.57,0.5943,10.6,0.0995,0,100,1903306
2026-10-06 05:30,atp,ATP 1000,"Shanghai Rolex Masters, Qualification",Hard,3,Michael Zheng,Nicolas Mejia,p2_games,under,7.5,0.2997,3.34,2.3,0.4057,-10.6,-0.3108,0,100,1903306
2026-10-06 05:30,atp,ATP 1000,"Shanghai Rolex Masters, Qualification",Hard,3,Michael Zheng,Nicolas Mejia,p2_games,over,8.5,0.6309,1.59,1.81,0.516,11.5,0.1419,0,100,1903306
2026-10-06 05:30,atp,ATP 1000,"Shanghai Rolex Masters, Qualification",Hard,3,Michael Zheng,Nicolas Mejia,p2_games,under,8.5,0.3691,2.71,1.93,0.484,-11.5,-0.2877,0,100,1903306
2026-10-06 05:30,atp,ATP 1000,"Shanghai Rolex Masters, Qualification",Hard,3,Michael Zheng,Nicolas Mejia,p2_games,over,9.5,0.5775,1.73,2.04,0.4574,12.0,0.1781,0,100,1903306
2026-10-06 05:30,atp,ATP 1000,"Shanghai Rolex Masters, Qualification",Hard,3,Michael Zheng,Nicolas Mejia,p2_games,under,9.5,0.4225,2.37,1.72,0.5426,-12.0,-0.2733,0,100,1903306
2026-10-06 05:30,atp,ATP 1000,"Shanghai Rolex Masters, Qualification",Hard,3,Michael Zheng,Nicolas Mejia,game_handicap,player_a,-3.5,0.506,1.98,,,,,0,100,1903306
2026-10-06 05:30,atp,ATP 1000,"Shanghai Rolex Masters, Qualification",Hard,3,Michael Zheng,Nicolas Mejia,game_handicap,player_b,3.5,0.494,2.02,,,,,0,100,1903306
2026-10-06 05:30,atp,ATP 1000,"Shanghai Rolex Masters, Qualification",Hard,3,Rigele Te,Ilia Simakin,winner,player_a,,0.0728,13.74,6.2,0.1553,-8.3,-0.5487,0,100,1903307
2026-10-06 05:30,atp,ATP 1000,"Shanghai Rolex Masters, Qualification",Hard,3,Rigele Te,Ilia Simakin,winner,player_b,,0.9272,1.08,1.14,0.8447,8.3,0.057,0,100,1903307
2026-10-06 05:30,atp,ATP 1000,"Shanghai Rolex Masters, Qualification",Hard,3,Rigele Te,Ilia Simakin,total_games,over,20.5,0.3594,2.78,1.71,0.5464,-18.7,-0.3854,0,100,1903307
2026-10-06 05:30,atp,ATP 1000,"Shanghai Rolex Masters, Qualification",Hard,3,Rigele Te,Ilia Simakin,total_games,under,20.5,0.6406,1.56,2.06,0.4536,18.7,0.3196,0,100,1903307
2026-10-06 05:30,atp,ATP 1000,"Shanghai Rolex Masters, Qualification",Hard,3,Rigele Te,Ilia Simakin,total_games,over,21.5,0.3084,3.24,1.91,0.4893,-18.1,-0.4109,0,100,1903307
2026-10-06 05:30,atp,ATP 1000,"Shanghai Rolex Masters, Qualification",Hard,3,Rigele Te,Ilia Simakin,total_games,under,21.5,0.6916,1.45,1.83,0.5107,18.1,0.2656,0,100,1903307
2026-10-06 05:30,atp,ATP 1000,"Shanghai Rolex Masters, Qualification",Hard,3,Rigele Te,Ilia Simakin,total_games,over,22.5,0.249,4.02,2.28,0.4093,-16.0,-0.4322,0,100,1903307
2026-10-06 05:30,atp,ATP 1000,"Shanghai Rolex Masters, Qualification",Hard,3,Rigele Te,Ilia Simakin,total_games,under,22.5,0.751,1.33,1.58,0.5907,16.0,0.1865,0,100,1903307
2026-10-06 05:30,atp,ATP 1000,"Shanghai Rolex Masters, Qualification",Hard,3,Rigele Te,Ilia Simakin,p1_games,over,7.5,0.4121,2.43,1.52,0.6142,-20.2,-0.3735,0,100,1903307
2026-10-06 05:30,atp,ATP 1000,"Shanghai Rolex Masters, Qualification",Hard,3,Rigele Te,Ilia Simakin,p1_games,under,7.5,0.5879,1.7,2.42,0.3858,20.2,0.4226,0,100,1903307
2026-10-06 05:30,atp,ATP 1000,"Shanghai Rolex Masters, Qualification",Hard,3,Rigele Te,Ilia Simakin,p1_games,over,8.5,0.3219,3.11,1.8,0.5187,-19.7,-0.4206,0,100,1903307
2026-10-06 05:30,atp,ATP 1000,"Shanghai Rolex Masters, Qualification",Hard,3,Rigele Te,Ilia Simakin,p1_games,under,8.5,0.6781,1.47,1.94,0.4813,19.7,0.3155,0,100,1903307
2026-10-06 05:30,atp,ATP 1000,"Shanghai Rolex Masters, Qualification",Hard,3,Rigele Te,Ilia Simakin,p1_games,over,9.5,0.2619,3.82,2.1,0.4444,-18.3,-0.4499,0,100,1903307
2026-10-06 05:30,atp,ATP 1000,"Shanghai Rolex Masters, Qualification",Hard,3,Rigele Te,Ilia Simakin,p1_games,under,9.5,0.7381,1.35,1.68,0.5556,18.3,0.24,0,100,1903307
2026-10-06 05:30,atp,ATP 1000,"Shanghai Rolex Masters, Qualification",Hard,3,Rigele Te,Ilia Simakin,p2_games,over,11.5,0.9679,1.03,1.04,0.8984,6.9,0.0066,0,100,1903307
2026-10-06 05:30,atp,ATP 1000,"Shanghai Rolex Masters, Qualification",Hard,3,Rigele Te,Ilia Simakin,p2_games,under,11.5,0.0321,31.14,9.2,0.1016,-6.9,-0.7046,0,100,1903307
2026-10-06 05:30,atp,ATP 1000,"Shanghai Rolex Masters, Qualification",Hard,3,Rigele Te,Ilia Simakin,p2_games,over,12.5,0.3903,2.56,1.71,0.5464,-15.6,-0.3326,0,100,1903307
2026-10-06 05:30,atp,ATP 1000,"Shanghai Rolex Masters, Qualification",Hard,3,Rigele Te,Ilia Simakin,p2_games,under,12.5,0.6097,1.64,2.06,0.4536,15.6,0.256,0,100,1903307
2026-10-06 05:30,atp,ATP 1000,"Shanghai Rolex Masters, Qualification",Hard,3,Rigele Te,Ilia Simakin,p2_games,over,13.5,0.1951,5.13,2.9,0.3224,-12.7,-0.4343,0,100,1903307
2026-10-06 05:30,atp,ATP 1000,"Shanghai Rolex Masters, Qualification",Hard,3,Rigele Te,Ilia Simakin,p2_games,under,13.5,0.8049,1.24,1.38,0.6776,12.7,0.1108,0,100,1903307
2026-10-06 05:30,atp,ATP 1000,"Shanghai Rolex Masters, Qualification",Hard,3,Rigele Te,Ilia Simakin,game_handicap,player_a,5.5,0.4561,2.19,,,,,0,100,1903307
2026-10-06 05:30,atp,ATP 1000,"Shanghai Rolex Masters, Qualification",Hard,3,Rigele Te,Ilia Simakin,game_handicap,player_b,-5.5,0.5439,1.84,,,,,0,100,1903307
2026-10-06 05:30,atp,ATP 1000,"Shanghai Rolex Masters, Qualification",Hard,3,Yoshihito Nishioka,Dalibor Svrcina,winner,player_a,,0.5723,1.75,2.49,0.3867,18.6,0.4251,0,100,1903309
2026-10-06 05:30,atp,ATP 1000,"Shanghai Rolex Masters, Qualification",Hard,3,Yoshihito Nishioka,Dalibor Svrcina,winner,player_b,,0.4277,2.34,1.57,0.6133,-18.6,-0.3285,0,100,1903309
2026-10-06 05:30,atp,ATP 1000,"Shanghai Rolex Masters, Qualification",Hard,3,Yoshihito Nishioka,Dalibor Svrcina,total_games,over,20.5,0.555,1.8,1.67,0.5594,-0.4,-0.0732,0,100,1903309
2026-10-06 05:30,atp,ATP 1000,"Shanghai Rolex Masters, Qualification",Hard,3,Yoshihito Nishioka,Dalibor Svrcina,total_games,under,20.5,0.445,2.25,2.12,0.4406,0.4,-0.0566,0,100,1903309
2026-10-06 05:30,atp,ATP 1000,"Shanghai Rolex Masters, Qualification",Hard,3,Yoshihito Nishioka,Dalibor Svrcina,total_games,over,21.5,0.5044,1.98,1.84,0.508,-0.4,-0.0719,0,100,1903309
2026-10-06 05:30,atp,ATP 1000,"Shanghai Rolex Masters, Qualification",Hard,3,Yoshihito Nishioka,Dalibor Svrcina,total_games,under,21.5,0.4956,2.02,1.9,0.492,0.4,-0.0584,0,100,1903309
2026-10-06 05:30,atp,ATP 1000,"Shanghai Rolex Masters, Qualification",Hard,3,Yoshihito Nishioka,Dalibor Svrcina,total_games,over,22.5,0.4437,2.25,2.09,0.4471,-0.3,-0.0726,0,100,1903309
2026-10-06 05:30,atp,ATP 1000,"Shanghai Rolex Masters, Qualification",Hard,3,Yoshihito Nishioka,Dalibor Svrcina,total_games,under,22.5,0.5563,1.8,1.69,0.5529,0.3,-0.0599,0,100,1903309
2026-10-06 05:30,atp,ATP 1000,"Shanghai Rolex Masters, Qualification",Hard,3,Yoshihito Nishioka,Dalibor Svrcina,p1_games,over,10.5,0.7387,1.35,1.61,0.5796,15.9,0.1893,0,100,1903309
2026-10-06 05:30,atp,ATP 1000,"Shanghai Rolex Masters, Qualification",Hard,3,Yoshihito Nishioka,Dalibor Svrcina,p1_games,under,10.5,0.2613,3.83,2.22,0.4204,-15.9,-0.4199,0,100,1903309
2026-10-06 05:30,atp,ATP 1000,"Shanghai Rolex Masters, Qualification",Hard,3,Yoshihito Nishioka,Dalibor Svrcina,p1_games,over,11.5,0.7119,1.4,1.71,0.5452,16.7,0.2173,0,100,1903309
2026-10-06 05:30,atp,ATP 1000,"Shanghai Rolex Masters, Qualification",Hard,3,Yoshihito Nishioka,Dalibor Svrcina,p1_games,under,11.5,0.2881,3.47,2.05,0.4548,-16.7,-0.4093,0,100,1903309
2026-10-06 05:30,atp,ATP 1000,"Shanghai Rolex Masters, Qualification",Hard,3,Yoshihito Nishioka,Dalibor Svrcina,p1_games,over,12.5,0.4451,2.25,2.41,0.3883,5.7,0.0727,0,100,1903309
2026-10-06 05:30,atp,ATP 1000,"Shanghai Rolex Masters, Qualification",Hard,3,Yoshihito Nishioka,Dalibor Svrcina,p1_games,under,12.5,0.5549,1.8,1.53,0.6117,-5.7,-0.151,0,100,1903309
2026-10-06 05:30,atp,ATP 1000,"Shanghai Rolex Masters, Qualification",Hard,3,Yoshihito Nishioka,Dalibor Svrcina,p2_games,over,11.5,0.5862,1.71,1.28,0.7294,-14.3,-0.2497,0,100,1903309
2026-10-06 05:30,atp,ATP 1000,"Shanghai Rolex Masters, Qualification",Hard,3,Yoshihito Nishioka,Dalibor Svrcina,p2_games,under,11.5,0.4138,2.42,3.45,0.2706,14.3,0.4276,0,100,1903309
2026-10-06 05:30,atp,ATP 1000,"Shanghai Rolex Masters, Qualification",Hard,3,Yoshihito Nishioka,Dalibor Svrcina,p2_games,over,12.5,0.3967,2.52,1.98,0.472,-7.5,-0.2145,0,100,1903309
2026-10-06 05:30,atp,ATP 1000,"Shanghai Rolex Masters, Qualification",Hard,3,Yoshihito Nishioka,Dalibor Svrcina,p2_games,under,12.5,0.6033,1.66,1.77,0.528,7.5,0.0678,0,100,1903309
2026-10-06 05:30,atp,ATP 1000,"Shanghai Rolex Masters, Qualification",Hard,3,Yoshihito Nishioka,Dalibor Svrcina,p2_games,over,13.5,0.2683,3.73,2.95,0.3155,-4.7,-0.2085,0,100,1903309
2026-10-06 05:30,atp,ATP 1000,"Shanghai Rolex Masters, Qualification",Hard,3,Yoshihito Nishioka,Dalibor Svrcina,p2_games,under,13.5,0.7317,1.37,1.36,0.6845,4.7,-0.0049,0,100,1903309
2026-10-06 05:30,atp,ATP 1000,"Shanghai Rolex Masters, Qualification",Hard,3,Yoshihito Nishioka,Dalibor Svrcina,game_handicap,player_a,-1.5,0.5254,1.9,,,,,0,100,1903309
2026-10-06 05:30,atp,ATP 1000,"Shanghai Rolex Masters, Qualification",Hard,3,Yoshihito Nishioka,Dalibor Svrcina,game_handicap,player_b,1.5,0.4746,2.11,,,,,0,100,1903309
2026-10-06 07:00,atp,ATP 1000,"Shanghai Rolex Masters, Qualification",Hard,3,Chak Wong,Lloyd Harris,winner,player_a,,0.3523,2.84,,,,,0,75,1903313
2026-10-06 07:00,atp,ATP 1000,"Shanghai Rolex Masters, Qualification",Hard,3,Chak Wong,Lloyd Harris,winner,player_b,,0.6477,1.54,,,,,0,75,1903313
2026-10-06 07:00,atp,ATP 1000,"Shanghai Rolex Masters, Qualification",Hard,3,Chak Wong,Lloyd Harris,total_games,over,22.5,0.4904,2.04,,,,,1,75,1903313
2026-10-06 07:00,atp,ATP 1000,"Shanghai Rolex Masters, Qualification",Hard,3,Chak Wong,Lloyd Harris,total_games,under,22.5,0.5096,1.96,,,,,1,75,1903313
2026-10-06 07:00,atp,ATP 1000,"Shanghai Rolex Masters, Qualification",Hard,3,Chak Wong,Lloyd Harris,p1_games,over,12.5,0.4229,2.36,,,,,1,75,1903313
2026-10-06 07:00,atp,ATP 1000,"Shanghai Rolex Masters, Qualification",Hard,3,Chak Wong,Lloyd Harris,p1_games,under,12.5,0.5771,1.73,,,,,1,75,1903313
2026-10-06 07:00,atp,ATP 1000,"Shanghai Rolex Masters, Qualification",Hard,3,Chak Wong,Lloyd Harris,p2_games,over,13.5,0.3475,2.88,,,,,1,75,1903313
2026-10-06 07:00,atp,ATP 1000,"Shanghai Rolex Masters, Qualification",Hard,3,Chak Wong,Lloyd Harris,p2_games,under,13.5,0.6525,1.53,,,,,1,75,1903313
2026-10-06 07:00,atp,ATP 1000,"Shanghai Rolex Masters, Qualification",Hard,3,Chak Wong,Lloyd Harris,game_handicap,player_a,2.5,0.465,2.15,,,,,1,75,1903313
2026-10-06 07:00,atp,ATP 1000,"Shanghai Rolex Masters, Qualification",Hard,3,Chak Wong,Lloyd Harris,game_handicap,player_b,-2.5,0.535,1.87,,,,,1,75,1903313
2026-10-06 07:00,atp,ATP 1000,"Shanghai Rolex Masters, Qualification",Hard,3,Dane Sweeny,Kimmer Coppejans,winner,player_a,,0.4048,2.47,1.68,0.5725,-16.8,-0.3199,0,100,1903311
2026-10-06 07:00,atp,ATP 1000,"Shanghai Rolex Masters, Qualification",Hard,3,Dane Sweeny,Kimmer Coppejans,winner,player_b,,0.5952,1.68,2.25,0.4275,16.8,0.3391,0,100,1903311
2026-10-06 07:00,atp,ATP 1000,"Shanghai Rolex Masters, Qualification",Hard,3,Dane Sweeny,Kimmer Coppejans,total_games,over,21.5,0.5141,1.95,1.74,0.5372,-2.3,-0.1055,0,100,1903311
2026-10-06 07:00,atp,ATP 1000,"Shanghai Rolex Masters, Qualification",Hard,3,Dane Sweeny,Kimmer Coppejans,total_games,under,21.5,0.4859,2.06,2.02,0.4628,2.3,-0.0184,0,100,1903311
2026-10-06 07:00,atp,ATP 1000,"Shanghai Rolex Masters, Qualification",Hard,3,Dane Sweeny,Kimmer Coppejans,total_games,over,22.5,0.4501,2.22,1.98,0.472,-2.2,-0.1088,0,100,1903311
2026-10-06 07:00,atp,ATP 1000,"Shanghai Rolex Masters, Qualification",Hard,3,Dane Sweeny,Kimmer Coppejans,total_games,under,22.5,0.5499,1.82,1.77,0.528,2.2,-0.0267,0,100,1903311
2026-10-06 07:00,atp,ATP 1000,"Shanghai Rolex Masters, Qualification",Hard,3,Dane Sweeny,Kimmer Coppejans,total_games,over,23.5,0.4073,2.45,2.2,0.4256,-1.8,-0.1038,0,100,1903311
2026-10-06 07:00,atp,ATP 1000,"Shanghai Rolex Masters, Qualification",Hard,3,Dane Sweeny,Kimmer Coppejans,total_games,under,23.5,0.5927,1.69,1.63,0.5744,1.8,-0.034,0,100,1903311
2026-10-06 07:00,atp,ATP 1000,"Shanghai Rolex Masters, Qualification",Hard,3,Dane Sweeny,Kimmer Coppejans,p1_games,over,11.5,0.5704,1.75,1.32,0.708,-13.8,-0.2471,0,100,1903311
2026-10-06 07:00,atp,ATP 1000,"Shanghai Rolex Masters, Qualification",Hard,3,Dane Sweeny,Kimmer Coppejans,p1_games,under,11.5,0.4296,2.33,3.2,0.292,13.8,0.3747,0,100,1903311
2026-10-06 07:00,atp,ATP 1000,"Shanghai Rolex Masters, Qualification",Hard,3,Dane Sweeny,Kimmer Coppejans,p1_games,over,12.5,0.3972,2.52,1.94,0.4813,-8.4,-0.2293,0,100,1903311
2026-10-06 07:00,atp,ATP 1000,"Shanghai Rolex Masters, Qualification",Hard,3,Dane Sweeny,Kimmer Coppejans,p1_games,under,12.5,0.6028,1.66,1.8,0.5187,8.4,0.085,0,100,1903311
2026-10-06 07:00,atp,ATP 1000,"Shanghai Rolex Masters, Qualification",Hard,3,Dane Sweeny,Kimmer Coppejans,p1_games,over,13.5,0.2708,3.69,2.85,0.3278,-5.7,-0.2281,0,100,1903311
2026-10-06 07:00,atp,ATP 1000,"Shanghai Rolex Masters, Qualification",Hard,3,Dane Sweeny,Kimmer Coppejans,p1_games,under,13.5,0.7292,1.37,1.39,0.6722,5.7,0.0135,0,100,1903311
2026-10-06 07:00,atp,ATP 1000,"Shanghai Rolex Masters, Qualification",Hard,3,Dane Sweeny,Kimmer Coppejans,p2_games,over,11.5,0.7369,1.36,1.58,0.5917,14.5,0.1644,0,100,1903311
2026-10-06 07:00,atp,ATP 1000,"Shanghai Rolex Masters, Qualification",Hard,3,Dane Sweeny,Kimmer Coppejans,p2_games,under,11.5,0.2631,3.8,2.29,0.4083,-14.5,-0.3976,0,100,1903311
2026-10-06 07:00,atp,ATP 1000,"Shanghai Rolex Masters, Qualification",Hard,3,Dane Sweeny,Kimmer Coppejans,p2_games,over,12.5,0.463,2.16,2.19,0.4267,3.6,0.0139,0,100,1903311
2026-10-06 07:00,atp,ATP 1000,"Shanghai Rolex Masters, Qualification",Hard,3,Dane Sweeny,Kimmer Coppejans,p2_games,under,12.5,0.537,1.86,1.63,0.5733,-3.6,-0.1247,0,100,1903311
2026-10-06 07:00,atp,ATP 1000,"Shanghai Rolex Masters, Qualification",Hard,3,Dane Sweeny,Kimmer Coppejans,p2_games,over,13.5,0.3041,3.29,3.15,0.2969,0.7,-0.042,0,100,1903311
2026-10-06 07:00,atp,ATP 1000,"Shanghai Rolex Masters, Qualification",Hard,3,Dane Sweeny,Kimmer Coppejans,p2_games,under,13.5,0.6959,1.44,1.33,0.7031,-0.7,-0.0745,0,100,1903311
2026-10-06 07:00,atp,ATP 1000,"Shanghai Rolex Masters, Qualification",Hard,3,Dane Sweeny,Kimmer Coppejans,game_handicap,player_a,2.5,0.4964,2.01,,,,,0,100,1903311
2026-10-06 07:00,atp,ATP 1000,"Shanghai Rolex Masters, Qualification",Hard,3,Dane Sweeny,Kimmer Coppejans,game_handicap,player_b,-2.5,0.5036,1.99,,,,,0,100,1903311
2026-10-06 07:00,atp,ATP 1000,"Shanghai Rolex Masters, Qualification",Hard,3,Mattia Bellucci,Alexandre Muller,winner,player_a,,0.5719,1.75,,,,,0,94,1903312
2026-10-06 07:00,atp,ATP 1000,"Shanghai Rolex Masters, Qualification",Hard,3,Mattia Bellucci,Alexandre Muller,winner,player_b,,0.4281,2.34,,,,,0,94,1903312
2026-10-06 07:00,atp,ATP 1000,"Shanghai Rolex Masters, Qualification",Hard,3,Mattia Bellucci,Alexandre Muller,total_games,over,22.5,0.4893,2.04,,,,,0,94,1903312
2026-10-06 07:00,atp,ATP 1000,"Shanghai Rolex Masters, Qualification",Hard,3,Mattia Bellucci,Alexandre Muller,total_games,under,22.5,0.5107,1.96,,,,,0,94,1903312
2026-10-06 07:00,atp,ATP 1000,"Shanghai Rolex Masters, Qualification",Hard,3,Mattia Bellucci,Alexandre Muller,p1_games,over,12.5,0.5,2.0,,,,,0,94,1903312
2026-10-06 07:00,atp,ATP 1000,"Shanghai Rolex Masters, Qualification",Hard,3,Mattia Bellucci,Alexandre Muller,p1_games,under,12.5,0.5,2.0,,,,,0,94,1903312
2026-10-06 07:00,atp,ATP 1000,"Shanghai Rolex Masters, Qualification",Hard,3,Mattia Bellucci,Alexandre Muller,p2_games,over,12.5,0.4477,2.23,,,,,0,94,1903312
2026-10-06 07:00,atp,ATP 1000,"Shanghai Rolex Masters, Qualification",Hard,3,Mattia Bellucci,Alexandre Muller,p2_games,under,12.5,0.5523,1.81,,,,,0,94,1903312
2026-10-06 07:00,atp,ATP 1000,"Shanghai Rolex Masters, Qualification",Hard,3,Mattia Bellucci,Alexandre Muller,game_handicap,player_a,-1.5,0.5188,1.93,,,,,0,94,1903312
2026-10-06 07:00,atp,ATP 1000,"Shanghai Rolex Masters, Qualification",Hard,3,Mattia Bellucci,Alexandre Muller,game_handicap,player_b,1.5,0.4812,2.08,,,,,0,94,1903312
2026-10-06 07:00,atp,ATP 1000,"Shanghai Rolex Masters, Qualification",Hard,3,Pavel Kotov,Aleksandar Vukic,winner,player_a,,0.4826,2.07,1.88,0.5117,-2.9,-0.0927,0,100,1903310
2026-10-06 07:00,atp,ATP 1000,"Shanghai Rolex Masters, Qualification",Hard,3,Pavel Kotov,Aleksandar Vukic,winner,player_b,,0.5174,1.93,1.97,0.4883,2.9,0.0193,0,100,1903310
2026-10-06 07:00,atp,ATP 1000,"Shanghai Rolex Masters, Qualification",Hard,3,Pavel Kotov,Aleksandar Vukic,total_games,over,21.5,0.6122,1.63,1.57,0.5954,1.7,-0.0388,0,100,1903310
2026-10-06 07:00,atp,ATP 1000,"Shanghai Rolex Masters, Qualification",Hard,3,Pavel Kotov,Aleksandar Vukic,total_games,under,21.5,0.3878,2.58,2.31,0.4046,-1.7,-0.1043,0,100,1903310
2026-10-06 07:00,atp,ATP 1000,"Shanghai Rolex Masters, Qualification",Hard,3,Pavel Kotov,Aleksandar Vukic,total_games,over,22.5,0.5247,1.91,1.8,0.5187,0.6,-0.0555,0,100,1903310
2026-10-06 07:00,atp,ATP 1000,"Shanghai Rolex Masters, Qualification",Hard,3,Pavel Kotov,Aleksandar Vukic,total_games,under,22.5,0.4753,2.1,1.94,0.4813,-0.6,-0.0779,0,100,1903310
2026-10-06 07:00,atp,ATP 1000,"Shanghai Rolex Masters, Qualification",Hard,3,Pavel Kotov,Aleksandar Vukic,total_games,over,23.5,0.4563,2.19,2.04,0.4589,-0.3,-0.0692,0,100,1903310
2026-10-06 07:00,atp,ATP 1000,"Shanghai Rolex Masters, Qualification",Hard,3,Pavel Kotov,Aleksandar Vukic,total_games,under,23.5,0.5437,1.84,1.73,0.5411,0.3,-0.0593,0,100,1903310
2026-10-06 07:00,atp,ATP 1000,"Shanghai Rolex Masters, Qualification",Hard,3,Pavel Kotov,Aleksandar Vukic,p1_games,over,11.5,0.6776,1.48,1.37,0.6829,-0.5,-0.0717,0,100,1903310
2026-10-06 07:00,atp,ATP 1000,"Shanghai Rolex Masters, Qualification",Hard,3,Pavel Kotov,Aleksandar Vukic,p1_games,under,11.5,0.3224,3.1,2.95,0.3171,0.5,-0.0488,0,100,1903310
2026-10-06 07:00,atp,ATP 1000,"Shanghai Rolex Masters, Qualification",Hard,3,Pavel Kotov,Aleksandar Vukic,p1_games,over,12.5,0.5021,1.99,1.85,0.5053,-0.3,-0.0712,0,100,1903310
2026-10-06 07:00,atp,ATP 1000,"Shanghai Rolex Masters, Qualification",Hard,3,Pavel Kotov,Aleksandar Vukic,p1_games,under,12.5,0.4979,2.01,1.89,0.4947,0.3,-0.0589,0,100,1903310
2026-10-06 07:00,atp,ATP 1000,"Shanghai Rolex Masters, Qualification",Hard,3,Pavel Kotov,Aleksandar Vukic,p1_games,over,13.5,0.3471,2.88,2.65,0.3521,-0.5,-0.0802,0,100,1903310
2026-10-06 07:00,atp,ATP 1000,"Shanghai Rolex Masters, Qualification",Hard,3,Pavel Kotov,Aleksandar Vukic,p1_games,under,13.5,0.6529,1.53,1.44,0.6479,0.5,-0.0598,0,100,1903310
2026-10-06 07:00,atp,ATP 1000,"Shanghai Rolex Masters, Qualification",Hard,3,Pavel Kotov,Aleksandar Vukic,p2_games,over,11.5,0.7069,1.41,1.4,0.6667,4.0,-0.0104,0,100,1903310
2026-10-06 07:00,atp,ATP 1000,"Shanghai Rolex Masters, Qualification",Hard,3,Pavel Kotov,Aleksandar Vukic,p2_games,under,11.5,0.2931,3.41,2.8,0.3333,-4.0,-0.1792,0,100,1903310
2026-10-06 07:00,atp,ATP 1000,"Shanghai Rolex Masters, Qualification",Hard,3,Pavel Kotov,Aleksandar Vukic,p2_games,over,12.5,0.516,1.94,1.88,0.4973,1.9,-0.03,0,100,1903310
2026-10-06 07:00,atp,ATP 1000,"Shanghai Rolex Masters, Qualification",Hard,3,Pavel Kotov,Aleksandar Vukic,p2_games,under,12.5,0.484,2.07,1.86,0.5027,-1.9,-0.0997,0,100,1903310
2026-10-06 07:00,atp,ATP 1000,"Shanghai Rolex Masters, Qualification",Hard,3,Pavel Kotov,Aleksandar Vukic,p2_games,over,13.5,0.353,2.83,2.7,0.3462,0.7,-0.0468,0,100,1903310
2026-10-06 07:00,atp,ATP 1000,"Shanghai Rolex Masters, Qualification",Hard,3,Pavel Kotov,Aleksandar Vukic,p2_games,under,13.5,0.647,1.55,1.43,0.6538,-0.7,-0.0748,0,100,1903310
2026-10-06 07:00,atp,ATP 1000,"Shanghai Rolex Masters, Qualification",Hard,3,Pavel Kotov,Aleksandar Vukic,game_handicap,player_a,-0.5,0.463,2.16,,,,,0,100,1903310
2026-10-06 07:00,atp,ATP 1000,"Shanghai Rolex Masters, Qualification",Hard,3,Pavel Kotov,Aleksandar Vukic,game_handicap,player_b,0.5,0.537,1.86,,,,,0,100,1903310
2026-10-06 11:00,atp,ATP 500,China Open,Hard,3,Novak Djokovic,Alex de Minaur,winner,player_a,,0.7073,1.41,1.56,0.6158,9.2,0.1034,0,100,1903107
2026-10-06 11:00,atp,ATP 500,China Open,Hard,3,Novak Djokovic,Alex de Minaur,winner,player_b,,0.2927,3.42,2.5,0.3842,-9.2,-0.2683,0,100,1903107
2026-10-06 11:00,atp,ATP 500,China Open,Hard,3,Novak Djokovic,Alex de Minaur,total_games,over,21.5,0.5116,1.95,1.61,0.5807,-6.9,-0.1764,0,100,1903107
2026-10-06 11:00,atp,ATP 500,China Open,Hard,3,Novak Djokovic,Alex de Minaur,total_games,under,21.5,0.4884,2.05,2.23,0.4193,6.9,0.0892,0,100,1903107
2026-10-06 11:00,atp,ATP 500,China Open,Hard,3,Novak Djokovic,Alex de Minaur,total_games,over,22.5,0.4401,2.27,1.85,0.5053,-6.5,-0.1859,0,100,1903107
2026-10-06 11:00,atp,ATP 500,China Open,Hard,3,Novak Djokovic,Alex de Minaur,total_games,under,22.5,0.5599,1.79,1.89,0.4947,6.5,0.0583,0,100,1903107
2026-10-06 11:00,atp,ATP 500,China Open,Hard,3,Novak Djokovic,Alex de Minaur,total_games,over,23.5,0.3904,2.56,2.09,0.4471,-5.7,-0.1841,0,100,1903107
2026-10-06 11:00,atp,ATP 500,China Open,Hard,3,Novak Djokovic,Alex de Minaur,total_games,under,23.5,0.6096,1.64,1.69,0.5529,5.7,0.0303,0,100,1903107
2026-10-06 11:00,atp,ATP 500,China Open,Hard,3,Novak Djokovic,Alex de Minaur,p1_games,over,11.5,0.832,1.2,1.24,0.754,7.8,0.0317,0,100,1903107
2026-10-06 11:00,atp,ATP 500,China Open,Hard,3,Novak Djokovic,Alex de Minaur,p1_games,under,11.5,0.168,5.95,3.8,0.246,-7.8,-0.3617,0,100,1903107
2026-10-06 11:00,atp,ATP 500,China Open,Hard,3,Novak Djokovic,Alex de Minaur,p1_games,over,12.5,0.5025,1.99,1.78,0.5253,-2.3,-0.1055,0,100,1903107
2026-10-06 11:00,atp,ATP 500,China Open,Hard,3,Novak Djokovic,Alex de Minaur,p1_games,under,12.5,0.4975,2.01,1.97,0.4747,2.3,-0.0199,0,100,1903107
2026-10-06 11:00,atp,ATP 500,China Open,Hard,3,Novak Djokovic,Alex de Minaur,p1_games,over,13.5,0.3177,3.15,2.6,0.358,-4.0,-0.174,0,100,1903107
2026-10-06 11:00,atp,ATP 500,China Open,Hard,3,Novak Djokovic,Alex de Minaur,p1_games,under,13.5,0.6823,1.47,1.45,0.642,4.0,-0.0106,0,100,1903107
2026-10-06 11:00,atp,ATP 500,China Open,Hard,3,Novak Djokovic,Alex de Minaur,p2_games,over,10.5,0.5106,1.96,1.55,0.6026,-9.2,-0.2086,0,100,1903107
2026-10-06 11:00,atp,ATP 500,China Open,Hard,3,Novak Djokovic,Alex de Minaur,p2_games,under,10.5,0.4894,2.04,2.35,0.3974,9.2,0.1501,0,100,1903107
2026-10-06 11:00,atp,ATP 500,China Open,Hard,3,Novak Djokovic,Alex de Minaur,p2_games,over,11.5,0.4748,2.11,1.65,0.5669,-9.2,-0.2166,0,100,1903107
2026-10-06 11:00,atp,ATP 500,China Open,Hard,3,Novak Djokovic,Alex de Minaur,p2_games,under,11.5,0.5252,1.9,2.16,0.4331,9.2,0.1345,0,100,1903107
2026-10-06 11:00,atp,ATP 500,China Open,Hard,3,Novak Djokovic,Alex de Minaur,p2_games,over,12.5,0.3572,2.8,2.18,0.4293,-7.2,-0.2213,0,100,1903107
2026-10-06 11:00,atp,ATP 500,China Open,Hard,3,Novak Djokovic,Alex de Minaur,p2_games,under,12.5,0.6428,1.56,1.64,0.5707,7.2,0.0542,0,100,1903107
2026-10-06 11:00,atp,ATP 500,China Open,Hard,3,Novak Djokovic,Alex de Minaur,game_handicap,player_a,-3.5,0.5279,1.89,,,,,0,100,1903107
2026-10-06 11:00,atp,ATP 500,China Open,Hard,3,Novak Djokovic,Alex de Minaur,game_handicap,player_b,3.5,0.4721,2.12,,,,,0,100,1903107
2026-10-06 09:00,atp,ATP 500,Japan Open (Tokyo),Hard,3,Carlos Alcaraz,Jiri Lehecka,winner,player_a,,0.8447,1.18,1.25,0.7664,7.8,0.0559,0,100,1903067
2026-10-06 09:00,atp,ATP 500,Japan Open (Tokyo),Hard,3,Carlos Alcaraz,Jiri Lehecka,winner,player_b,,0.1553,6.44,4.1,0.2336,-7.8,-0.3634,0,100,1903067
2026-10-06 09:00,atp,ATP 500,Japan Open (Tokyo),Hard,3,Carlos Alcaraz,Jiri Lehecka,total_games,over,20.5,0.475,2.11,1.64,0.5707,-9.6,-0.2209,0,100,1903067
2026-10-06 09:00,atp,ATP 500,Japan Open (Tokyo),Hard,3,Carlos Alcaraz,Jiri Lehecka,total_games,under,20.5,0.525,1.9,2.18,0.4293,9.6,0.1444,0,100,1903067
2026-10-06 09:00,atp,ATP 500,Japan Open (Tokyo),Hard,3,Carlos Alcaraz,Jiri Lehecka,total_games,over,21.5,0.4213,2.37,1.81,0.5173,-9.6,-0.2374,0,100,1903067
2026-10-06 09:00,atp,ATP 500,Japan Open (Tokyo),Hard,3,Carlos Alcaraz,Jiri Lehecka,total_games,under,21.5,0.5787,1.73,1.94,0.4827,9.6,0.1226,0,100,1903067
2026-10-06 09:00,atp,ATP 500,Japan Open (Tokyo),Hard,3,Carlos Alcaraz,Jiri Lehecka,total_games,over,22.5,0.3527,2.84,2.11,0.4433,-9.1,-0.2558,0,100,1903067
2026-10-06 09:00,atp,ATP 500,Japan Open (Tokyo),Hard,3,Carlos Alcaraz,Jiri Lehecka,total_games,under,22.5,0.6473,1.54,1.68,0.5567,9.1,0.0874,0,100,1903067
2026-10-06 09:00,atp,ATP 500,Japan Open (Tokyo),Hard,3,Carlos Alcaraz,Jiri Lehecka,p1_games,over,11.5,0.923,1.08,1.1,0.8493,7.4,0.0153,0,100,1903067
2026-10-06 09:00,atp,ATP 500,Japan Open (Tokyo),Hard,3,Carlos Alcaraz,Jiri Lehecka,p1_games,under,11.5,0.077,12.99,6.2,0.1507,-7.4,-0.5227,0,100,1903067
2026-10-06 09:00,atp,ATP 500,Japan Open (Tokyo),Hard,3,Carlos Alcaraz,Jiri Lehecka,p1_games,over,12.5,0.4708,2.12,1.73,0.5399,-6.9,-0.1855,0,100,1903067
2026-10-06 09:00,atp,ATP 500,Japan Open (Tokyo),Hard,3,Carlos Alcaraz,Jiri Lehecka,p1_games,under,12.5,0.5292,1.89,2.03,0.4601,6.9,0.0742,0,100,1903067
2026-10-06 09:00,atp,ATP 500,Japan Open (Tokyo),Hard,3,Carlos Alcaraz,Jiri Lehecka,p1_games,over,13.5,0.269,3.72,2.75,0.3405,-7.1,-0.2602,0,100,1903067
2026-10-06 09:00,atp,ATP 500,Japan Open (Tokyo),Hard,3,Carlos Alcaraz,Jiri Lehecka,p1_games,under,13.5,0.731,1.37,1.42,0.6595,7.1,0.038,0,100,1903067
2026-10-06 09:00,atp,ATP 500,Japan Open (Tokyo),Hard,3,Carlos Alcaraz,Jiri Lehecka,p2_games,over,8.5,0.4612,2.17,1.61,0.5796,-11.8,-0.2574,0,100,1903067
2026-10-06 09:00,atp,ATP 500,Japan Open (Tokyo),Hard,3,Carlos Alcaraz,Jiri Lehecka,p2_games,under,8.5,0.5388,1.86,2.22,0.4204,11.8,0.1961,0,100,1903067
2026-10-06 09:00,atp,ATP 500,Japan Open (Tokyo),Hard,3,Carlos Alcaraz,Jiri Lehecka,p2_games,over,9.5,0.3982,2.51,1.81,0.5173,-11.9,-0.2793,0,100,1903067
2026-10-06 09:00,atp,ATP 500,Japan Open (Tokyo),Hard,3,Carlos Alcaraz,Jiri Lehecka,p2_games,under,9.5,0.6018,1.66,1.94,0.4827,11.9,0.1676,0,100,1903067
2026-10-06 09:00,atp,ATP 500,Japan Open (Tokyo),Hard,3,Carlos Alcaraz,Jiri Lehecka,p2_games,over,10.5,0.349,2.87,2.01,0.4654,-11.6,-0.2985,0,100,1903067
2026-10-06 09:00,atp,ATP 500,Japan Open (Tokyo),Hard,3,Carlos Alcaraz,Jiri Lehecka,p2_games,under,10.5,0.651,1.54,1.75,0.5346,11.6,0.1392,0,100,1903067
2026-10-06 09:00,atp,ATP 500,Japan Open (Tokyo),Hard,3,Carlos Alcaraz,Jiri Lehecka,game_handicap,player_a,-4.5,0.5547,1.8,,,,,0,100,1903067
2026-10-06 09:00,atp,ATP 500,Japan Open (Tokyo),Hard,3,Carlos Alcaraz,Jiri Lehecka,game_handicap,player_b,4.5,0.4453,2.25,,,,,0,100,1903067
2026-10-06 03:00,wta,WTA 1000,China Open,Hard,3,Daria Snigur,Mirra Andreeva,winner,player_a,,0.2404,4.16,6.0,0.1597,8.1,0.4424,0,100,1902790
2026-10-06 03:00,wta,WTA 1000,China Open,Hard,3,Daria Snigur,Mirra Andreeva,winner,player_b,,0.7596,1.32,1.14,0.8403,-8.1,-0.1341,0,100,1902790
2026-10-06 03:00,wta,WTA 1000,China Open,Hard,3,Daria Snigur,Mirra Andreeva,total_games,over,15.5,0.83,1.2,1.15,0.8296,0.0,-0.0455,0,100,1902790
2026-10-06 03:00,wta,WTA 1000,China Open,Hard,3,Daria Snigur,Mirra Andreeva,total_games,under,15.5,0.17,5.88,5.6,0.1704,-0.0,-0.0482,0,100,1902790
2026-10-06 03:00,wta,WTA 1000,China Open,Hard,3,Daria Snigur,Mirra Andreeva,total_games,over,16.5,0.7357,1.36,1.31,0.7277,0.8,-0.0362,0,100,1902790
2026-10-06 03:00,wta,WTA 1000,China Open,Hard,3,Daria Snigur,Mirra Andreeva,total_games,under,16.5,0.2643,3.78,3.5,0.2723,-0.8,-0.075,0,100,1902790
2026-10-06 03:00,wta,WTA 1000,China Open,Hard,3,Daria Snigur,Mirra Andreeva,total_games,over,17.5,0.6397,1.56,1.52,0.6265,1.3,-0.0277,0,100,1902790
2026-10-06 03:00,wta,WTA 1000,China Open,Hard,3,Daria Snigur,Mirra Andreeva,total_games,under,17.5,0.3603,2.78,2.55,0.3735,-1.3,-0.0812,0,100,1902790
2026-10-06 03:00,wta,WTA 1000,China Open,Hard,3,Daria Snigur,Mirra Andreeva,total_games,over,18.5,0.5541,1.8,1.78,0.5352,1.9,-0.0137,0,100,1902790
2026-10-06 03:00,wta,WTA 1000,China Open,Hard,3,Daria Snigur,Mirra Andreeva,total_games,under,18.5,0.4459,2.24,2.05,0.4648,-1.9,-0.0859,0,100,1902790
2026-10-06 03:00,wta,WTA 1000,China Open,Hard,3,Daria Snigur,Mirra Andreeva,total_games,over,19.5,0.4806,2.08,2.08,0.4583,2.2,-0.0003,0,100,1902790
2026-10-06 03:00,wta,WTA 1000,China Open,Hard,3,Daria Snigur,Mirra Andreeva,total_games,under,19.5,0.5194,1.93,1.76,0.5417,-2.2,-0.0859,0,100,1902790
2026-10-06 03:00,wta,WTA 1000,China Open,Hard,3,Daria Snigur,Mirra Andreeva,total_games,over,20.5,0.4199,2.38,2.41,0.3945,2.5,0.0118,0,100,1902790
2026-10-06 03:00,wta,WTA 1000,China Open,Hard,3,Daria Snigur,Mirra Andreeva,total_games,under,20.5,0.5801,1.72,1.57,0.6055,-2.5,-0.0892,0,100,1902790
2026-10-06 03:00,wta,WTA 1000,China Open,Hard,3,Daria Snigur,Mirra Andreeva,total_games,over,21.5,0.3757,2.66,2.7,0.351,2.5,0.0144,0,100,1902790
2026-10-06 03:00,wta,WTA 1000,China Open,Hard,3,Daria Snigur,Mirra Andreeva,total_games,under,21.5,0.6243,1.6,1.46,0.649,-2.5,-0.0885,0,100,1902790
2026-10-06 03:00,wta,WTA 1000,China Open,Hard,3,Daria Snigur,Mirra Andreeva,p1_games,over,5.5,0.6775,1.48,1.47,0.6343,4.3,-0.004,0,100,1902790
2026-10-06 03:00,wta,WTA 1000,China Open,Hard,3,Daria Snigur,Mirra Andreeva,p1_games,under,5.5,0.3225,3.1,2.55,0.3657,-4.3,-0.1777,0,100,1902790
2026-10-06 03:00,wta,WTA 1000,China Open,Hard,3,Daria Snigur,Mirra Andreeva,p1_games,over,6.5,0.5979,1.67,1.73,0.5399,5.8,0.0344,0,100,1902790
2026-10-06 03:00,wta,WTA 1000,China Open,Hard,3,Daria Snigur,Mirra Andreeva,p1_games,under,6.5,0.4021,2.49,2.03,0.4601,-5.8,-0.1838,0,100,1902790
2026-10-06 03:00,wta,WTA 1000,China Open,Hard,3,Daria Snigur,Mirra Andreeva,p1_games,over,7.5,0.5297,1.89,2.04,0.4589,7.1,0.0806,0,100,1902790
2026-10-06 03:00,wta,WTA 1000,China Open,Hard,3,Daria Snigur,Mirra Andreeva,p1_games,under,7.5,0.4703,2.13,1.73,0.5411,-7.1,-0.1864,0,100,1902790
2026-10-06 03:00,wta,WTA 1000,China Open,Hard,3,Daria Snigur,Mirra Andreeva,p2_games,over,11.5,0.8419,1.19,1.06,0.8776,-3.6,-0.1076,0,100,1902790
2026-10-06 03:00,wta,WTA 1000,China Open,Hard,3,Daria Snigur,Mirra Andreeva,p2_games,under,11.5,0.1581,6.32,7.6,0.1224,3.6,0.2018,0,100,1902790
2026-10-06 03:00,wta,WTA 1000,China Open,Hard,3,Daria Snigur,Mirra Andreeva,p2_games,over,12.5,0.3869,2.58,2.27,0.4119,-2.5,-0.1218,0,100,1902790
2026-10-06 03:00,wta,WTA 1000,China Open,Hard,3,Daria Snigur,Mirra Andreeva,p2_games,under,12.5,0.6131,1.63,1.59,0.5881,2.5,-0.0251,0,100,1902790
2026-10-06 03:00,wta,WTA 1000,China Open,Hard,3,Daria Snigur,Mirra Andreeva,p2_games,over,13.5,0.235,4.26,3.8,0.246,-1.1,-0.1069,0,100,1902790
2026-10-06 03:00,wta,WTA 1000,China Open,Hard,3,Daria Snigur,Mirra Andreeva,p2_games,under,13.5,0.765,1.31,1.24,0.754,1.1,-0.0514,0,100,1902790
2026-10-06 03:00,wta,WTA 1000,China Open,Hard,3,Daria Snigur,Mirra Andreeva,game_handicap,player_a,4.5,0.4335,2.31,,,,,0,100,1902790
2026-10-06 03:00,wta,WTA 1000,China Open,Hard,3,Daria Snigur,Mirra Andreeva,game_handicap,player_b,-4.5,0.5665,1.77,,,,,0,100,1902790
2026-10-06 04:30,wta,WTA 1000,China Open,Hard,3,Linda Noskova,Ekaterina Alexandrova,winner,player_a,,0.625,1.6,1.29,0.744,-11.9,-0.1938,0,100,1902783
2026-10-06 04:30,wta,WTA 1000,China Open,Hard,3,Linda Noskova,Ekaterina Alexandrova,winner,player_b,,0.375,2.67,3.75,0.256,11.9,0.4063,0,100,1902783
2026-10-06 04:30,wta,WTA 1000,China Open,Hard,3,Linda Noskova,Ekaterina Alexandrova,total_games,over,18.5,0.676,1.48,1.38,0.692,-1.6,-0.0672,0,100,1902783
2026-10-06 04:30,wta,WTA 1000,China Open,Hard,3,Linda Noskova,Ekaterina Alexandrova,total_games,under,18.5,0.324,3.09,3.1,0.308,1.6,0.0045,0,100,1902783
2026-10-06 04:30,wta,WTA 1000,China Open,Hard,3,Linda Noskova,Ekaterina Alexandrova,total_games,over,19.5,0.5948,1.68,1.57,0.6065,-1.2,-0.0662,0,100,1902783
2026-10-06 04:30,wta,WTA 1000,China Open,Hard,3,Linda Noskova,Ekaterina Alexandrova,total_games,under,19.5,0.4052,2.47,2.42,0.3935,1.2,-0.0194,0,100,1902783
2026-10-06 04:30,wta,WTA 1000,China Open,Hard,3,Linda Noskova,Ekaterina Alexandrova,total_games,over,20.5,0.5231,1.91,1.8,0.53,-0.7,-0.0585,0,100,1902783
2026-10-06 04:30,wta,WTA 1000,China Open,Hard,3,Linda Noskova,Ekaterina Alexandrova,total_games,under,20.5,0.4769,2.1,2.03,0.47,0.7,-0.0318,0,100,1902783
2026-10-06 04:30,wta,WTA 1000,China Open,Hard,3,Linda Noskova,Ekaterina Alexandrova,total_games,over,21.5,0.4725,2.12,2.0,0.4764,-0.4,-0.0551,0,100,1902783
2026-10-06 04:30,wta,WTA 1000,China Open,Hard,3,Linda Noskova,Ekaterina Alexandrova,total_games,under,21.5,0.5275,1.9,1.82,0.5236,0.4,-0.0399,0,100,1902783
2026-10-06 04:30,wta,WTA 1000,China Open,Hard,3,Linda Noskova,Ekaterina Alexandrova,total_games,over,22.5,0.4104,2.44,2.32,0.4112,-0.1,-0.0479,0,100,1902783
2026-10-06 04:30,wta,WTA 1000,China Open,Hard,3,Linda Noskova,Ekaterina Alexandrova,total_games,under,22.5,0.5896,1.7,1.62,0.5888,0.1,-0.0449,0,100,1902783
2026-10-06 04:30,wta,WTA 1000,China Open,Hard,3,Linda Noskova,Ekaterina Alexandrova,total_games,over,23.5,0.3691,2.71,2.6,0.3674,0.2,-0.0402,0,100,1902783
2026-10-06 04:30,wta,WTA 1000,China Open,Hard,3,Linda Noskova,Ekaterina Alexandrova,total_games,under,23.5,0.6309,1.59,1.51,0.6326,-0.2,-0.0474,0,100,1902783
2026-10-06 04:30,wta,WTA 1000,China Open,Hard,3,Linda Noskova,Ekaterina Alexandrova,total_games,over,24.5,0.3529,2.83,2.7,0.3525,0.0,-0.0471,0,100,1902783
2026-10-06 04:30,wta,WTA 1000,China Open,Hard,3,Linda Noskova,Ekaterina Alexandrova,total_games,under,24.5,0.6471,1.55,1.47,0.6475,-0.0,-0.0488,0,100,1902783
2026-10-06 04:30,wta,WTA 1000,China Open,Hard,3,Linda Noskova,Ekaterina Alexandrova,p1_games,over,11.5,0.749,1.34,1.13,0.827,-7.8,-0.1537,0,100,1902783
2026-10-06 04:30,wta,WTA 1000,China Open,Hard,3,Linda Noskova,Ekaterina Alexandrova,p1_games,under,11.5,0.251,3.98,5.4,0.173,7.8,0.3555,0,100,1902783
2026-10-06 04:30,wta,WTA 1000,China Open,Hard,3,Linda Noskova,Ekaterina Alexandrova,p1_games,over,12.5,0.4363,2.29,1.9,0.492,-5.6,-0.1709,0,100,1902783
2026-10-06 04:30,wta,WTA 1000,China Open,Hard,3,Linda Noskova,Ekaterina Alexandrova,p1_games,under,12.5,0.5637,1.77,1.84,0.508,5.6,0.0371,0,100,1902783
2026-10-06 04:30,wta,WTA 1000,China Open,Hard,3,Linda Noskova,Ekaterina Alexandrova,p1_games,over,13.5,0.2803,3.57,3.0,0.3119,-3.2,-0.1592,0,100,1902783
2026-10-06 04:30,wta,WTA 1000,China Open,Hard,3,Linda Noskova,Ekaterina Alexandrova,p1_games,under,13.5,0.7197,1.39,1.36,0.6881,3.2,-0.0211,0,100,1902783
2026-10-06 04:30,wta,WTA 1000,China Open,Hard,3,Linda Noskova,Ekaterina Alexandrova,p2_games,over,8.5,0.6421,1.56,1.67,0.5594,8.3,0.0724,0,100,1902783
2026-10-06 04:30,wta,WTA 1000,China Open,Hard,3,Linda Noskova,Ekaterina Alexandrova,p2_games,under,8.5,0.3579,2.79,2.12,0.4406,-8.3,-0.2413,0,100,1902783
2026-10-06 04:30,wta,WTA 1000,China Open,Hard,3,Linda Noskova,Ekaterina Alexandrova,p2_games,over,9.5,0.5983,1.67,1.85,0.5053,9.3,0.1068,0,100,1902783
2026-10-06 04:30,wta,WTA 1000,China Open,Hard,3,Linda Noskova,Ekaterina Alexandrova,p2_games,under,9.5,0.4017,2.49,1.89,0.4947,-9.3,-0.2407,0,100,1902783
2026-10-06 04:30,wta,WTA 1000,China Open,Hard,3,Linda Noskova,Ekaterina Alexandrova,p2_games,over,10.5,0.5613,1.78,2.03,0.4601,10.1,0.1394,0,100,1902783
2026-10-06 04:30,wta,WTA 1000,China Open,Hard,3,Linda Noskova,Ekaterina Alexandrova,p2_games,under,10.5,0.4387,2.28,1.73,0.5399,-10.1,-0.241,0,100,1902783
2026-10-06 04:30,wta,WTA 1000,China Open,Hard,3,Linda Noskova,Ekaterina Alexandrova,game_handicap,player_a,-2.5,0.5408,1.85,,,,,0,100,1902783
2026-10-06 04:30,wta,WTA 1000,China Open,Hard,3,Linda Noskova,Ekaterina Alexandrova,game_handicap,player_b,2.5,0.4592,2.18,,,,,0,100,1902783
2026-10-06 07:00,wta,WTA 1000,China Open,Hard,3,Karolina Muchova,Naomi Osaka,winner,player_a,,0.7864,1.27,1.74,0.5527,23.4,0.3683,0,78,1902948
2026-10-06 07:00,wta,WTA 1000,China Open,Hard,3,Karolina Muchova,Naomi Osaka,winner,player_b,,0.2136,4.68,2.15,0.4473,-23.4,-0.5408,0,78,1902948
2026-10-06 07:00,wta,WTA 1000,China Open,Hard,3,Karolina Muchova,Naomi Osaka,total_games,over,20.5,0.4196,2.38,1.64,0.5696,-15.0,-0.3119,1,78,1902948
2026-10-06 07:00,wta,WTA 1000,China Open,Hard,3,Karolina Muchova,Naomi Osaka,total_games,under,20.5,0.5804,1.72,2.17,0.4304,15.0,0.2595,1,78,1902948
2026-10-06 07:00,wta,WTA 1000,China Open,Hard,3,Karolina Muchova,Naomi Osaka,total_games,over,21.5,0.3739,2.67,1.8,0.5187,-14.5,-0.327,1,78,1902948
2026-10-06 07:00,wta,WTA 1000,China Open,Hard,3,Karolina Muchova,Naomi Osaka,total_games,under,21.5,0.6261,1.6,1.94,0.4813,14.5,0.2147,1,78,1902948
2026-10-06 07:00,wta,WTA 1000,China Open,Hard,3,Karolina Muchova,Naomi Osaka,total_games,over,22.5,0.3231,3.1,2.06,0.4536,-13.0,-0.3344,1,78,1902948
2026-10-06 07:00,wta,WTA 1000,China Open,Hard,3,Karolina Muchova,Naomi Osaka,total_games,under,22.5,0.6769,1.48,1.71,0.5464,13.0,0.1575,1,78,1902948
2026-10-06 07:00,wta,WTA 1000,China Open,Hard,3,Karolina Muchova,Naomi Osaka,p1_games,over,11.5,0.8666,1.15,1.37,0.6792,18.7,0.1872,1,78,1902948
2026-10-06 07:00,wta,WTA 1000,China Open,Hard,3,Karolina Muchova,Naomi Osaka,p1_games,under,11.5,0.1334,7.5,2.9,0.3208,-18.7,-0.6131,1,78,1902948
2026-10-06 07:00,wta,WTA 1000,China Open,Hard,3,Karolina Muchova,Naomi Osaka,p1_games,over,12.5,0.3955,2.53,2.09,0.4471,-5.2,-0.1735,1,78,1902948
2026-10-06 07:00,wta,WTA 1000,China Open,Hard,3,Karolina Muchova,Naomi Osaka,p1_games,under,12.5,0.6045,1.65,1.69,0.5529,5.2,0.0217,1,78,1902948
2026-10-06 07:00,wta,WTA 1000,China Open,Hard,3,Karolina Muchova,Naomi Osaka,p1_games,over,13.5,0.2359,4.24,3.15,0.2969,-6.1,-0.2568,1,78,1902948
2026-10-06 07:00,wta,WTA 1000,China Open,Hard,3,Karolina Muchova,Naomi Osaka,p1_games,under,13.5,0.7641,1.31,1.33,0.7031,6.1,0.0162,1,78,1902948
2026-10-06 07:00,wta,WTA 1000,China Open,Hard,3,Karolina Muchova,Naomi Osaka,p2_games,over,10.5,0.3713,2.69,1.5,0.6222,-25.1,-0.443,1,78,1902948
2026-10-06 07:00,wta,WTA 1000,China Open,Hard,3,Karolina Muchova,Naomi Osaka,p2_games,under,10.5,0.6287,1.59,2.47,0.3778,25.1,0.5529,1,78,1902948
2026-10-06 07:00,wta,WTA 1000,China Open,Hard,3,Karolina Muchova,Naomi Osaka,p2_games,over,11.5,0.3388,2.95,1.58,0.5907,-25.2,-0.4648,1,78,1902948
2026-10-06 07:00,wta,WTA 1000,China Open,Hard,3,Karolina Muchova,Naomi Osaka,p2_games,under,11.5,0.6612,1.51,2.28,0.4093,25.2,0.5076,1,78,1902948
2026-10-06 07:00,wta,WTA 1000,China Open,Hard,3,Karolina Muchova,Naomi Osaka,p2_games,over,12.5,0.2395,4.18,2.29,0.4083,-16.9,-0.4515,1,78,1902948
2026-10-06 07:00,wta,WTA 1000,China Open,Hard,3,Karolina Muchova,Naomi Osaka,p2_games,under,12.5,0.7605,1.31,1.58,0.5917,16.9,0.2016,1,78,1902948
2026-10-06 07:00,wta,WTA 1000,China Open,Hard,3,Karolina Muchova,Naomi Osaka,game_handicap,player_a,-4.5,0.5804,1.72,,,,,1,78,1902948
2026-10-06 07:00,wta,WTA 1000,China Open,Hard,3,Karolina Muchova,Naomi Osaka,game_handicap,player_b,4.5,0.4196,2.38,,,,,1,78,1902948
2026-10-06 08:30,wta,WTA 1000,China Open,Hard,3,Sinja Kraus,Nikola Bartunkova,winner,player_a,,0.2994,3.34,4.7,0.2047,9.5,0.4071,0,100,1902780
2026-10-06 08:30,wta,WTA 1000,China Open,Hard,3,Sinja Kraus,Nikola Bartunkova,winner,player_b,,0.7006,1.43,1.21,0.7953,-9.5,-0.1522,0,100,1902780
2026-10-06 08:30,wta,WTA 1000,China Open,Hard,3,Sinja Kraus,Nikola Bartunkova,total_games,over,18.5,0.6041,1.66,1.58,0.5928,1.1,-0.0456,0,100,1902780
2026-10-06 08:30,wta,WTA 1000,China Open,Hard,3,Sinja Kraus,Nikola Bartunkova,total_games,under,18.5,0.3959,2.53,2.3,0.4072,-1.1,-0.0893,0,100,1902780
2026-10-06 08:30,wta,WTA 1000,China Open,Hard,3,Sinja Kraus,Nikola Bartunkova,total_games,over,19.5,0.5279,1.89,1.82,0.5147,1.3,-0.0392,0,100,1902780
2026-10-06 08:30,wta,WTA 1000,China Open,Hard,3,Sinja Kraus,Nikola Bartunkova,total_games,under,19.5,0.4721,2.12,1.93,0.4853,-1.3,-0.0889,0,100,1902780
2026-10-06 08:30,wta,WTA 1000,China Open,Hard,3,Sinja Kraus,Nikola Bartunkova,total_games,over,20.5,0.4634,2.16,2.08,0.4483,1.5,-0.0362,0,100,1902780
2026-10-06 08:30,wta,WTA 1000,China Open,Hard,3,Sinja Kraus,Nikola Bartunkova,total_games,under,20.5,0.5366,1.86,1.69,0.5517,-1.5,-0.0931,0,100,1902780
2026-10-06 08:30,wta,WTA 1000,China Open,Hard,3,Sinja Kraus,Nikola Bartunkova,p1_games,over,7.5,0.6033,1.66,1.72,0.5438,6.0,0.0377,0,100,1902780
2026-10-06 08:30,wta,WTA 1000,China Open,Hard,3,Sinja Kraus,Nikola Bartunkova,p1_games,under,7.5,0.3967,2.52,2.05,0.4562,-6.0,-0.1868,0,100,1902780
2026-10-06 08:30,wta,WTA 1000,China Open,Hard,3,Sinja Kraus,Nikola Bartunkova,p1_games,over,8.5,0.5479,1.83,1.96,0.4773,7.1,0.0739,0,100,1902780
2026-10-06 08:30,wta,WTA 1000,China Open,Hard,3,Sinja Kraus,Nikola Bartunkova,p1_games,under,8.5,0.4521,2.21,1.79,0.5227,-7.1,-0.1908,0,100,1902780
2026-10-06 08:30,wta,WTA 1000,China Open,Hard,3,Sinja Kraus,Nikola Bartunkova,p1_games,over,9.5,0.5045,1.98,2.19,0.4267,7.8,0.105,0,100,1902780
2026-10-06 08:30,wta,WTA 1000,China Open,Hard,3,Sinja Kraus,Nikola Bartunkova,p1_games,under,9.5,0.4955,2.02,1.63,0.5733,-7.8,-0.1924,0,100,1902780
2026-10-06 08:30,wta,WTA 1000,China Open,Hard,3,Sinja Kraus,Nikola Bartunkova,p2_games,over,11.5,0.7994,1.25,1.1,0.8493,-5.0,-0.1207,0,100,1902780
2026-10-06 08:30,wta,WTA 1000,China Open,Hard,3,Sinja Kraus,Nikola Bartunkova,p2_games,under,11.5,0.2006,4.99,6.2,0.1507,5.0,0.2437,0,100,1902780
2026-10-06 08:30,wta,WTA 1000,China Open,Hard,3,Sinja Kraus,Nikola Bartunkova,p2_games,over,12.5,0.4079,2.45,2.08,0.4497,-4.2,-0.1515,0,100,1902780
2026-10-06 08:30,wta,WTA 1000,China Open,Hard,3,Sinja Kraus,Nikola Bartunkova,p2_games,under,12.5,0.5921,1.69,1.7,0.5503,4.2,0.0065,0,100,1902780
2026-10-06 08:30,wta,WTA 1000,China Open,Hard,3,Sinja Kraus,Nikola Bartunkova,p2_games,over,13.5,0.2545,3.93,3.4,0.2751,-2.1,-0.1346,0,100,1902780
2026-10-06 08:30,wta,WTA 1000,China Open,Hard,3,Sinja Kraus,Nikola Bartunkova,p2_games,under,13.5,0.7455,1.34,1.29,0.7249,2.1,-0.0384,0,100,1902780
2026-10-06 08:30,wta,WTA 1000,China Open,Hard,3,Sinja Kraus,Nikola Bartunkova,game_handicap,player_a,3.5,0.4252,2.35,,,,,0,100,1902780
2026-10-06 08:30,wta,WTA 1000,China Open,Hard,3,Sinja Kraus,Nikola Bartunkova,game_handicap,player_b,-3.5,0.5748,1.74,,,,,0,100,1902780
2026-10-06 13:00,atp,ATP Challenger,"Antofagasta, Chile",Clay,3,Alex Barrena,Matheus Pucinelli de Almeida,winner,player_a,,0.5437,1.84,2.05,0.4562,8.8,0.1147,0,100,1902833
2026-10-06 13:00,atp,ATP Challenger,"Antofagasta, Chile",Clay,3,Alex Barrena,Matheus Pucinelli de Almeida,winner,player_b,,0.4563,2.19,1.72,0.5438,-8.8,-0.2152,0,100,1902833
2026-10-06 13:00,atp,ATP Challenger,"Antofagasta, Chile",Clay,3,Alex Barrena,Matheus Pucinelli de Almeida,total_games,over,21.5,0.5043,1.98,1.79,0.5175,-1.3,-0.0973,0,100,1902833
2026-10-06 13:00,atp,ATP Challenger,"Antofagasta, Chile",Clay,3,Alex Barrena,Matheus Pucinelli de Almeida,total_games,under,21.5,0.4957,2.02,1.92,0.4825,1.3,-0.0483,0,100,1902833
2026-10-06 13:00,atp,ATP Challenger,"Antofagasta, Chile",Clay,3,Alex Barrena,Matheus Pucinelli de Almeida,p1_games,over,12.5,0.435,2.3,2.2,0.4211,1.4,-0.0429,0,100,1902833
2026-10-06 13:00,atp,ATP Challenger,"Antofagasta, Chile",Clay,3,Alex Barrena,Matheus Pucinelli de Almeida,p1_games,under,12.5,0.565,1.77,1.6,0.5789,-1.4,-0.0961,0,100,1902833
2026-10-06 13:00,atp,ATP Challenger,"Antofagasta, Chile",Clay,3,Alex Barrena,Matheus Pucinelli de Almeida,p2_games,over,12.5,0.4057,2.47,2.04,0.4545,-4.9,-0.1724,0,100,1902833
2026-10-06 13:00,atp,ATP Challenger,"Antofagasta, Chile",Clay,3,Alex Barrena,Matheus Pucinelli de Almeida,p2_games,under,12.5,0.5943,1.68,1.7,0.5455,4.9,0.0104,0,100,1902833
2026-10-06 13:00,atp,ATP Challenger,"Antofagasta, Chile",Clay,3,Alex Barrena,Matheus Pucinelli de Almeida,game_handicap,player_a,-0.5,0.529,1.89,,,,,0,100,1902833
2026-10-06 13:00,atp,ATP Challenger,"Antofagasta, Chile",Clay,3,Alex Barrena,Matheus Pucinelli de Almeida,game_handicap,player_b,0.5,0.471,2.12,,,,,0,100,1902833
2026-10-06 13:00,atp,ATP Challenger,"Antofagasta, Chile",Clay,3,Felipe Meligeni Rodrigues Alves,Juan Pablo Varillas,winner,player_a,,0.4358,2.29,1.98,0.472,-3.6,-0.137,0,94,1902835
2026-10-06 13:00,atp,ATP Challenger,"Antofagasta, Chile",Clay,3,Felipe Meligeni Rodrigues Alves,Juan Pablo Varillas,winner,player_b,,0.5642,1.77,1.77,0.528,3.6,-0.0014,0,94,1902835
2026-10-06 13:00,atp,ATP Challenger,"Antofagasta, Chile",Clay,3,Felipe Meligeni Rodrigues Alves,Juan Pablo Varillas,total_games,over,22.5,0.4696,2.13,1.92,0.4825,-1.3,-0.0983,0,94,1902835
2026-10-06 13:00,atp,ATP Challenger,"Antofagasta, Chile",Clay,3,Felipe Meligeni Rodrigues Alves,Juan Pablo Varillas,total_games,under,22.5,0.5304,1.89,1.79,0.5175,1.3,-0.0507,0,94,1902835
2026-10-06 13:00,atp,ATP Challenger,"Antofagasta, Chile",Clay,3,Felipe Meligeni Rodrigues Alves,Juan Pablo Varillas,p1_games,over,12.5,0.429,2.33,2.03,0.4558,-2.7,-0.1292,0,94,1902835
2026-10-06 13:00,atp,ATP Challenger,"Antofagasta, Chile",Clay,3,Felipe Meligeni Rodrigues Alves,Juan Pablo Varillas,p1_games,under,12.5,0.571,1.75,1.7,0.5442,2.7,-0.0292,0,94,1902835
2026-10-06 13:00,atp,ATP Challenger,"Antofagasta, Chile",Clay,3,Felipe Meligeni Rodrigues Alves,Juan Pablo Varillas,p2_games,over,12.5,0.4741,2.11,1.94,0.4771,-0.3,-0.0802,0,94,1902835
2026-10-06 13:00,atp,ATP Challenger,"Antofagasta, Chile",Clay,3,Felipe Meligeni Rodrigues Alves,Juan Pablo Varillas,p2_games,under,12.5,0.5259,1.9,1.77,0.5229,0.3,-0.0692,0,94,1902835
2026-10-06 13:00,atp,ATP Challenger,"Antofagasta, Chile",Clay,3,Felipe Meligeni Rodrigues Alves,Juan Pablo Varillas,game_handicap,player_a,1.5,0.4858,2.06,,,,,0,94,1902835
2026-10-06 13:00,atp,ATP Challenger,"Antofagasta, Chile",Clay,3,Felipe Meligeni Rodrigues Alves,Juan Pablo Varillas,game_handicap,player_b,-1.5,0.5142,1.94,,,,,0,94,1902835
2026-10-06 13:00,atp,ATP Challenger,"Antofagasta, Chile",Clay,3,Franco Roncadelli,Marcelo Barrios,winner,player_a,,0.6992,1.43,,,,,0,72,1902836
2026-10-06 13:00,atp,ATP Challenger,"Antofagasta, Chile",Clay,3,Franco Roncadelli,Marcelo Barrios,winner,player_b,,0.3008,3.32,,,,,0,72,1902836
2026-10-06 13:00,atp,ATP Challenger,"Antofagasta, Chile",Clay,3,Franco Roncadelli,Marcelo Barrios,total_games,over,21.5,0.4618,2.17,,,,,1,72,1902836
2026-10-06 13:00,atp,ATP Challenger,"Antofagasta, Chile",Clay,3,Franco Roncadelli,Marcelo Barrios,total_games,under,21.5,0.5382,1.86,,,,,1,72,1902836
2026-10-06 13:00,atp,ATP Challenger,"Antofagasta, Chile",Clay,3,Franco Roncadelli,Marcelo Barrios,p1_games,over,12.5,0.4516,2.21,,,,,1,72,1902836
2026-10-06 13:00,atp,ATP Challenger,"Antofagasta, Chile",Clay,3,Franco Roncadelli,Marcelo Barrios,p1_games,under,12.5,0.5484,1.82,,,,,1,72,1902836
2026-10-06 13:00,atp,ATP Challenger,"Antofagasta, Chile",Clay,3,Franco Roncadelli,Marcelo Barrios,p2_games,over,10.5,0.4917,2.03,,,,,1,72,1902836
2026-10-06 13:00,atp,ATP Challenger,"Antofagasta, Chile",Clay,3,Franco Roncadelli,Marcelo Barrios,p2_games,under,10.5,0.5083,1.97,,,,,1,72,1902836
2026-10-06 13:00,atp,ATP Challenger,"Antofagasta, Chile",Clay,3,Franco Roncadelli,Marcelo Barrios,game_handicap,player_a,-3.5,0.555,1.8,,,,,1,72,1902836
2026-10-06 13:00,atp,ATP Challenger,"Antofagasta, Chile",Clay,3,Franco Roncadelli,Marcelo Barrios,game_handicap,player_b,3.5,0.445,2.25,,,,,1,72,1902836
2026-10-06 13:00,atp,ATP Challenger,"Antofagasta, Chile",Clay,3,Guido Justo,Francisco Comesana,winner,player_a,,0.3789,2.64,2.65,0.3521,2.7,0.0042,0,94,1902834
2026-10-06 13:00,atp,ATP Challenger,"Antofagasta, Chile",Clay,3,Guido Justo,Francisco Comesana,winner,player_b,,0.6211,1.61,1.44,0.6479,-2.7,-0.1057,0,94,1902834
2026-10-06 13:00,atp,ATP Challenger,"Antofagasta, Chile",Clay,3,Guido Justo,Francisco Comesana,total_games,over,21.5,0.5026,1.99,1.87,0.496,0.7,-0.0602,0,94,1902834
2026-10-06 13:00,atp,ATP Challenger,"Antofagasta, Chile",Clay,3,Guido Justo,Francisco Comesana,total_games,under,21.5,0.4974,2.01,1.84,0.504,-0.7,-0.0847,0,94,1902834
2026-10-06 13:00,atp,ATP Challenger,"Antofagasta, Chile",Clay,3,Guido Justo,Francisco Comesana,p1_games,over,11.5,0.5428,1.84,1.84,0.5027,4.0,-0.0012,0,94,1902834
2026-10-06 13:00,atp,ATP Challenger,"Antofagasta, Chile",Clay,3,Guido Justo,Francisco Comesana,p1_games,under,11.5,0.4572,2.19,1.86,0.4973,-4.0,-0.1496,0,94,1902834
2026-10-06 13:00,atp,ATP Challenger,"Antofagasta, Chile",Clay,3,Guido Justo,Francisco Comesana,p2_games,over,12.5,0.4615,2.17,1.95,0.4758,-1.4,-0.1,0,94,1902834
2026-10-06 13:00,atp,ATP Challenger,"Antofagasta, Chile",Clay,3,Guido Justo,Francisco Comesana,p2_games,under,12.5,0.5385,1.86,1.77,0.5242,1.4,-0.0469,0,94,1902834
2026-10-06 13:00,atp,ATP Challenger,"Antofagasta, Chile",Clay,3,Guido Justo,Francisco Comesana,game_handicap,player_a,2.5,0.4686,2.13,,,,,0,94,1902834
2026-10-06 13:00,atp,ATP Challenger,"Antofagasta, Chile",Clay,3,Guido Justo,Francisco Comesana,game_handicap,player_b,-2.5,0.5314,1.88,,,,,0,94,1902834
2026-10-06 13:00,atp,ATP Challenger,"Antofagasta, Chile",Clay,3,Juan Bautista Torres,Pedro Boscardin Dias,winner,player_a,,0.4689,2.13,1.95,0.4786,-1.0,-0.0857,0,100,1902832
2026-10-06 13:00,atp,ATP Challenger,"Antofagasta, Chile",Clay,3,Juan Bautista Torres,Pedro Boscardin Dias,winner,player_b,,0.5311,1.88,1.79,0.5214,1.0,-0.0492,0,100,1902832
2026-10-06 13:00,atp,ATP Challenger,"Antofagasta, Chile",Clay,3,Juan Bautista Torres,Pedro Boscardin Dias,total_games,over,21.5,0.5002,2.0,1.83,0.5054,-0.5,-0.0846,0,100,1902832
2026-10-06 13:00,atp,ATP Challenger,"Antofagasta, Chile",Clay,3,Juan Bautista Torres,Pedro Boscardin Dias,total_games,under,21.5,0.4998,2.0,1.87,0.4946,0.5,-0.0654,0,100,1902832
2026-10-06 13:00,atp,ATP Challenger,"Antofagasta, Chile",Clay,3,Juan Bautista Torres,Pedro Boscardin Dias,p1_games,over,12.5,0.4059,2.46,2.21,0.4199,-1.4,-0.103,0,100,1902832
2026-10-06 13:00,atp,ATP Challenger,"Antofagasta, Chile",Clay,3,Juan Bautista Torres,Pedro Boscardin Dias,p1_games,under,12.5,0.5941,1.68,1.6,0.5801,1.4,-0.0494,0,100,1902832
2026-10-06 13:00,atp,ATP Challenger,"Antofagasta, Chile",Clay,3,Juan Bautista Torres,Pedro Boscardin Dias,p2_games,over,12.5,0.4268,2.34,2.12,0.4362,-0.9,-0.0951,0,100,1902832
2026-10-06 13:00,atp,ATP Challenger,"Antofagasta, Chile",Clay,3,Juan Bautista Torres,Pedro Boscardin Dias,p2_games,under,12.5,0.5732,1.74,1.64,0.5638,0.9,-0.06,0,100,1902832
2026-10-06 13:00,atp,ATP Challenger,"Antofagasta, Chile",Clay,3,Juan Bautista Torres,Pedro Boscardin Dias,game_handicap,player_a,0.5,0.4832,2.07,,,,,0,100,1902832
2026-10-06 13:00,atp,ATP Challenger,"Antofagasta, Chile",Clay,3,Juan Bautista Torres,Pedro Boscardin Dias,game_handicap,player_b,-0.5,0.5168,1.94,,,,,0,100,1902832
2026-10-06 13:00,atp,ATP Challenger,"Antofagasta, Chile",Clay,3,Samuel Heredia,Eduardo Ribeiro,winner,player_a,,0.2795,3.58,3.7,0.2525,2.7,0.0341,0,100,1902828
2026-10-06 13:00,atp,ATP Challenger,"Antofagasta, Chile",Clay,3,Samuel Heredia,Eduardo Ribeiro,winner,player_b,,0.7205,1.39,1.25,0.7475,-2.7,-0.0994,0,100,1902828
2026-10-06 13:00,atp,ATP Challenger,"Antofagasta, Chile",Clay,3,Samuel Heredia,Eduardo Ribeiro,total_games,over,20.5,0.5213,1.92,1.86,0.4987,2.3,-0.0303,0,100,1902828
2026-10-06 13:00,atp,ATP Challenger,"Antofagasta, Chile",Clay,3,Samuel Heredia,Eduardo Ribeiro,total_games,under,20.5,0.4787,2.09,1.85,0.5013,-2.3,-0.1144,0,100,1902828
2026-10-06 13:00,atp,ATP Challenger,"Antofagasta, Chile",Clay,3,Samuel Heredia,Eduardo Ribeiro,p1_games,over,9.5,0.5221,1.92,1.95,0.4758,4.6,0.018,0,100,1902828
2026-10-06 13:00,atp,ATP Challenger,"Antofagasta, Chile",Clay,3,Samuel Heredia,Eduardo Ribeiro,p1_games,under,9.5,0.4779,2.09,1.77,0.5242,-4.6,-0.1541,0,100,1902828
2026-10-06 13:00,atp,ATP Challenger,"Antofagasta, Chile",Clay,3,Samuel Heredia,Eduardo Ribeiro,p2_games,over,12.5,0.4685,2.13,1.96,0.4717,-0.3,-0.0818,0,100,1902828
2026-10-06 13:00,atp,ATP Challenger,"Antofagasta, Chile",Clay,3,Samuel Heredia,Eduardo Ribeiro,p2_games,under,12.5,0.5315,1.88,1.75,0.5283,0.3,-0.0698,0,100,1902828
2026-10-06 13:00,atp,ATP Challenger,"Antofagasta, Chile",Clay,3,Samuel Heredia,Eduardo Ribeiro,game_handicap,player_a,3.5,0.4345,2.3,,,,,0,100,1902828
2026-10-06 13:00,atp,ATP Challenger,"Antofagasta, Chile",Clay,3,Samuel Heredia,Eduardo Ribeiro,game_handicap,player_b,-3.5,0.5655,1.77,,,,,0,100,1902828
2026-10-06 13:00,atp,ATP Challenger,"Antofagasta, Chile",Clay,3,Thiago Seyboth Wild,Matias Soto,winner,player_a,,0.6788,1.47,1.19,0.7871,-10.8,-0.1922,0,100,1902829
2026-10-06 13:00,atp,ATP Challenger,"Antofagasta, Chile",Clay,3,Thiago Seyboth Wild,Matias Soto,winner,player_b,,0.3212,3.11,4.4,0.2129,10.8,0.4133,0,100,1902829
2026-10-06 13:00,atp,ATP Challenger,"Antofagasta, Chile",Clay,3,Thiago Seyboth Wild,Matias Soto,total_games,over,20.5,0.5695,1.76,1.87,0.4946,7.5,0.065,0,100,1902829
2026-10-06 13:00,atp,ATP Challenger,"Antofagasta, Chile",Clay,3,Thiago Seyboth Wild,Matias Soto,total_games,under,20.5,0.4305,2.32,1.83,0.5054,-7.5,-0.2123,0,100,1902829
2026-10-06 13:00,atp,ATP Challenger,"Antofagasta, Chile",Clay,3,Thiago Seyboth Wild,Matias Soto,p1_games,over,12.5,0.4962,2.02,1.92,0.4825,1.4,-0.0473,0,100,1902829
2026-10-06 13:00,atp,ATP Challenger,"Antofagasta, Chile",Clay,3,Thiago Seyboth Wild,Matias Soto,p1_games,under,12.5,0.5038,1.98,1.79,0.5175,-1.4,-0.0982,0,100,1902829
2026-10-06 13:00,atp,ATP Challenger,"Antofagasta, Chile",Clay,3,Thiago Seyboth Wild,Matias Soto,p2_games,over,8.5,0.6333,1.58,1.86,0.4987,13.5,0.178,0,100,1902829
2026-10-06 13:00,atp,ATP Challenger,"Antofagasta, Chile",Clay,3,Thiago Seyboth Wild,Matias Soto,p2_games,under,8.5,0.3667,2.73,1.85,0.5013,-13.5,-0.3217,0,100,1902829
2026-10-06 13:00,atp,ATP Challenger,"Antofagasta, Chile",Clay,3,Thiago Seyboth Wild,Matias Soto,game_handicap,player_a,-3.5,0.5028,1.99,,,,,0,100,1902829
2026-10-06 13:00,atp,ATP Challenger,"Antofagasta, Chile",Clay,3,Thiago Seyboth Wild,Matias Soto,game_handicap,player_b,3.5,0.4972,2.01,,,,,0,100,1902829
2026-10-06 09:00,atp,ATP Challenger,"Braga, Portugal",Clay,3,Dali Blanch,Max Alcala Gurri,winner,player_a,,0.3769,2.65,3.2,0.292,8.5,0.2062,0,100,1902820
2026-10-06 09:00,atp,ATP Challenger,"Braga, Portugal",Clay,3,Dali Blanch,Max Alcala Gurri,winner,player_b,,0.6231,1.6,1.32,0.708,-8.5,-0.1776,0,100,1902820
2026-10-06 09:00,atp,ATP Challenger,"Braga, Portugal",Clay,3,Dali Blanch,Max Alcala Gurri,total_games,over,20.5,0.5275,1.9,1.87,0.4946,3.3,-0.0136,0,100,1902820
2026-10-06 09:00,atp,ATP Challenger,"Braga, Portugal",Clay,3,Dali Blanch,Max Alcala Gurri,total_games,under,20.5,0.4725,2.12,1.83,0.5054,-3.3,-0.1353,0,100,1902820
2026-10-06 09:00,atp,ATP Challenger,"Braga, Portugal",Clay,3,Dali Blanch,Max Alcala Gurri,p1_games,over,9.5,0.6003,1.67,1.84,0.5027,9.8,0.1046,0,100,1902820
2026-10-06 09:00,atp,ATP Challenger,"Braga, Portugal",Clay,3,Dali Blanch,Max Alcala Gurri,p1_games,under,9.5,0.3997,2.5,1.86,0.4973,-9.8,-0.2566,0,100,1902820
2026-10-06 09:00,atp,ATP Challenger,"Braga, Portugal",Clay,3,Dali Blanch,Max Alcala Gurri,p2_games,over,12.5,0.4393,2.28,2.04,0.4531,-1.4,-0.1038,0,100,1902820
2026-10-06 09:00,atp,ATP Challenger,"Braga, Portugal",Clay,3,Dali Blanch,Max Alcala Gurri,p2_games,under,12.5,0.5607,1.78,1.69,0.5469,1.4,-0.0524,0,100,1902820
2026-10-06 09:00,atp,ATP Challenger,"Braga, Portugal",Clay,3,Dali Blanch,Max Alcala Gurri,game_handicap,player_a,2.5,0.4585,2.18,,,,,0,100,1902820
2026-10-06 09:00,atp,ATP Challenger,"Braga, Portugal",Clay,3,Dali Blanch,Max Alcala Gurri,game_handicap,player_b,-2.5,0.5415,1.85,,,,,0,100,1902820
2026-10-06 09:00,atp,ATP Challenger,"Braga, Portugal",Clay,3,Florian Broska,Lukas Neumayer,winner,player_a,,0.2155,4.64,3.8,0.246,-3.1,-0.181,0,100,1902819
2026-10-06 09:00,atp,ATP Challenger,"Braga, Portugal",Clay,3,Florian Broska,Lukas Neumayer,winner,player_b,,0.7845,1.27,1.24,0.754,3.1,-0.0272,0,100,1902819
2026-10-06 09:00,atp,ATP Challenger,"Braga, Portugal",Clay,3,Florian Broska,Lukas Neumayer,total_games,over,20.5,0.4872,2.05,1.88,0.4919,-0.5,-0.084,0,100,1902819
2026-10-06 09:00,atp,ATP Challenger,"Braga, Portugal",Clay,3,Florian Broska,Lukas Neumayer,total_games,under,20.5,0.5128,1.95,1.82,0.5081,0.5,-0.0667,0,100,1902819
2026-10-06 09:00,atp,ATP Challenger,"Braga, Portugal",Clay,3,Florian Broska,Lukas Neumayer,p1_games,over,8.5,0.506,1.98,1.8,0.5148,-0.9,-0.0892,0,100,1902819
2026-10-06 09:00,atp,ATP Challenger,"Braga, Portugal",Clay,3,Florian Broska,Lukas Neumayer,p1_games,under,8.5,0.494,2.02,1.91,0.4852,0.9,-0.0565,0,100,1902819
2026-10-06 09:00,atp,ATP Challenger,"Braga, Portugal",Clay,3,Florian Broska,Lukas Neumayer,p2_games,over,12.5,0.4612,2.17,1.97,0.4704,-0.9,-0.0915,0,100,1902819
2026-10-06 09:00,atp,ATP Challenger,"Braga, Portugal",Clay,3,Florian Broska,Lukas Neumayer,p2_games,under,12.5,0.5388,1.86,1.75,0.5296,0.9,-0.0571,0,100,1902819
2026-10-06 09:00,atp,ATP Challenger,"Braga, Portugal",Clay,3,Florian Broska,Lukas Neumayer,game_handicap,player_a,4.5,0.4737,2.11,,,,,0,100,1902819
2026-10-06 09:00,atp,ATP Challenger,"Braga, Portugal",Clay,3,Florian Broska,Lukas Neumayer,game_handicap,player_b,-4.5,0.5263,1.9,,,,,0,100,1902819
2026-10-06 09:00,atp,ATP Challenger,"Braga, Portugal",Clay,3,Johan Nikles,Miguel Damas,winner,player_a,,0.4949,2.02,2.11,0.4433,5.2,0.0443,0,100,1903073
2026-10-06 09:00,atp,ATP Challenger,"Braga, Portugal",Clay,3,Johan Nikles,Miguel Damas,winner,player_b,,0.5051,1.98,1.68,0.5567,-5.2,-0.1515,0,100,1903073
2026-10-06 09:00,atp,ATP Challenger,"Braga, Portugal",Clay,3,Johan Nikles,Miguel Damas,total_games,over,21.5,0.4909,2.04,,,,,0,100,1903073
2026-10-06 09:00,atp,ATP Challenger,"Braga, Portugal",Clay,3,Johan Nikles,Miguel Damas,total_games,under,21.5,0.5091,1.96,,,,,0,100,1903073
2026-10-06 09:00,atp,ATP Challenger,"Braga, Portugal",Clay,3,Johan Nikles,Miguel Damas,p1_games,over,12.5,0.4058,2.46,,,,,0,100,1903073
2026-10-06 09:00,atp,ATP Challenger,"Braga, Portugal",Clay,3,Johan Nikles,Miguel Damas,p1_games,under,12.5,0.5942,1.68,,,,,0,100,1903073
2026-10-06 09:00,atp,ATP Challenger,"Braga, Portugal",Clay,3,Johan Nikles,Miguel Damas,p2_games,over,12.5,0.4088,2.45,,,,,0,100,1903073
2026-10-06 09:00,atp,ATP Challenger,"Braga, Portugal",Clay,3,Johan Nikles,Miguel Damas,p2_games,under,12.5,0.5912,1.69,,,,,0,100,1903073
2026-10-06 09:00,atp,ATP Challenger,"Braga, Portugal",Clay,3,Johan Nikles,Miguel Damas,game_handicap,player_a,-0.5,0.4814,2.08,,,,,0,100,1903073
2026-10-06 09:00,atp,ATP Challenger,"Braga, Portugal",Clay,3,Johan Nikles,Miguel Damas,game_handicap,player_b,0.5,0.5186,1.93,,,,,0,100,1903073
2026-10-06 09:00,atp,ATP Challenger,"Braga, Portugal",Clay,3,Mackenzie McDonald,Ryan Nijboer,winner,player_a,,0.6743,1.48,1.89,0.4947,18.0,0.2745,0,100,1903077
2026-10-06 09:00,atp,ATP Challenger,"Braga, Portugal",Clay,3,Mackenzie McDonald,Ryan Nijboer,winner,player_b,,0.3257,3.07,1.85,0.5053,-18.0,-0.3975,0,100,1903077
2026-10-06 09:00,atp,ATP Challenger,"Braga, Portugal",Clay,3,Mackenzie McDonald,Ryan Nijboer,total_games,over,21.5,0.4987,2.01,,,,,0,100,1903077
2026-10-06 09:00,atp,ATP Challenger,"Braga, Portugal",Clay,3,Mackenzie McDonald,Ryan Nijboer,total_games,under,21.5,0.5013,1.99,,,,,0,100,1903077
2026-10-06 09:00,atp,ATP Challenger,"Braga, Portugal",Clay,3,Mackenzie McDonald,Ryan Nijboer,p1_games,over,12.5,0.478,2.09,,,,,0,100,1903077
2026-10-06 09:00,atp,ATP Challenger,"Braga, Portugal",Clay,3,Mackenzie McDonald,Ryan Nijboer,p1_games,under,12.5,0.522,1.92,,,,,0,100,1903077
2026-10-06 09:00,atp,ATP Challenger,"Braga, Portugal",Clay,3,Mackenzie McDonald,Ryan Nijboer,p2_games,over,11.5,0.496,2.02,,,,,0,100,1903077
2026-10-06 09:00,atp,ATP Challenger,"Braga, Portugal",Clay,3,Mackenzie McDonald,Ryan Nijboer,p2_games,under,11.5,0.504,1.98,,,,,0,100,1903077
2026-10-06 09:00,atp,ATP Challenger,"Braga, Portugal",Clay,3,Mackenzie McDonald,Ryan Nijboer,game_handicap,player_a,-3.5,0.5108,1.96,,,,,0,100,1903077
2026-10-06 09:00,atp,ATP Challenger,"Braga, Portugal",Clay,3,Mackenzie McDonald,Ryan Nijboer,game_handicap,player_b,3.5,0.4892,2.04,,,,,0,100,1903077
2026-10-06 09:00,atp,ATP Challenger,"Braga, Portugal",Clay,3,Marco Cecchinato,Olle Wallin,winner,player_a,,0.7497,1.33,1.44,0.6479,10.2,0.0796,0,100,1903076
2026-10-06 09:00,atp,ATP Challenger,"Braga, Portugal",Clay,3,Marco Cecchinato,Olle Wallin,winner,player_b,,0.2503,4.0,2.65,0.3521,-10.2,-0.3368,0,100,1903076
2026-10-06 09:00,atp,ATP Challenger,"Braga, Portugal",Clay,3,Marco Cecchinato,Olle Wallin,total_games,over,21.5,0.4685,2.13,,,,,0,100,1903076
2026-10-06 09:00,atp,ATP Challenger,"Braga, Portugal",Clay,3,Marco Cecchinato,Olle Wallin,total_games,under,21.5,0.5315,1.88,,,,,0,100,1903076
2026-10-06 09:00,atp,ATP Challenger,"Braga, Portugal",Clay,3,Marco Cecchinato,Olle Wallin,p1_games,over,12.5,0.4787,2.09,,,,,0,100,1903076
2026-10-06 09:00,atp,ATP Challenger,"Braga, Portugal",Clay,3,Marco Cecchinato,Olle Wallin,p1_games,under,12.5,0.5213,1.92,,,,,0,100,1903076
2026-10-06 09:00,atp,ATP Challenger,"Braga, Portugal",Clay,3,Marco Cecchinato,Olle Wallin,p2_games,over,9.5,0.4985,2.01,,,,,0,100,1903076
2026-10-06 09:00,atp,ATP Challenger,"Braga, Portugal",Clay,3,Marco Cecchinato,Olle Wallin,p2_games,under,9.5,0.5015,1.99,,,,,0,100,1903076
2026-10-06 09:00,atp,ATP Challenger,"Braga, Portugal",Clay,3,Marco Cecchinato,Olle Wallin,game_handicap,player_a,-3.5,0.589,1.7,,,,,0,100,1903076
2026-10-06 09:00,atp,ATP Challenger,"Braga, Portugal",Clay,3,Marco Cecchinato,Olle Wallin,game_handicap,player_b,3.5,0.411,2.43,,,,,0,100,1903076
2026-10-06 09:00,atp,ATP Challenger,"Braga, Portugal",Clay,3,Marvin Moeller,Tiago Torres,winner,player_a,,0.665,1.5,1.48,0.6328,3.2,-0.0157,0,100,1902824
2026-10-06 09:00,atp,ATP Challenger,"Braga, Portugal",Clay,3,Marvin Moeller,Tiago Torres,winner,player_b,,0.335,2.99,2.55,0.3672,-3.2,-0.1459,0,100,1902824
2026-10-06 09:00,atp,ATP Challenger,"Braga, Portugal",Clay,3,Marvin Moeller,Tiago Torres,total_games,over,20.5,0.521,1.92,1.8,0.5135,0.7,-0.0623,0,100,1902824
2026-10-06 09:00,atp,ATP Challenger,"Braga, Portugal",Clay,3,Marvin Moeller,Tiago Torres,total_games,under,20.5,0.479,2.09,1.9,0.4865,-0.7,-0.0898,0,100,1902824
2026-10-06 09:00,atp,ATP Challenger,"Braga, Portugal",Clay,3,Marvin Moeller,Tiago Torres,p1_games,over,12.5,0.4482,2.23,2.1,0.4415,0.7,-0.0587,0,100,1902824
2026-10-06 09:00,atp,ATP Challenger,"Braga, Portugal",Clay,3,Marvin Moeller,Tiago Torres,p1_games,under,12.5,0.5518,1.81,1.66,0.5585,-0.7,-0.084,0,100,1902824
2026-10-06 09:00,atp,ATP Challenger,"Braga, Portugal",Clay,3,Marvin Moeller,Tiago Torres,p2_games,over,11.5,0.4888,2.05,1.85,0.5013,-1.3,-0.0957,0,100,1902824
2026-10-06 09:00,atp,ATP Challenger,"Braga, Portugal",Clay,3,Marvin Moeller,Tiago Torres,p2_games,under,11.5,0.5112,1.96,1.86,0.4987,1.3,-0.0491,0,100,1902824
2026-10-06 09:00,atp,ATP Challenger,"Braga, Portugal",Clay,3,Marvin Moeller,Tiago Torres,game_handicap,player_a,-3.5,0.5211,1.92,,,,,0,100,1902824
2026-10-06 09:00,atp,ATP Challenger,"Braga, Portugal",Clay,3,Marvin Moeller,Tiago Torres,game_handicap,player_b,3.5,0.4789,2.09,,,,,0,100,1902824
2026-10-06 09:00,atp,ATP Challenger,"Braga, Portugal",Clay,3,Matej Dodig,Andrea Pellegrino,winner,player_a,,0.499,2.0,1.8,0.5187,-2.0,-0.1017,0,100,1902826
2026-10-06 09:00,atp,ATP Challenger,"Braga, Portugal",Clay,3,Matej Dodig,Andrea Pellegrino,winner,player_b,,0.501,2.0,1.94,0.4813,2.0,-0.0281,0,100,1902826
2026-10-06 09:00,atp,ATP Challenger,"Braga, Portugal",Clay,3,Matej Dodig,Andrea Pellegrino,total_games,over,22.5,0.4653,2.15,1.86,0.4973,-3.2,-0.1346,0,100,1902826
2026-10-06 09:00,atp,ATP Challenger,"Braga, Portugal",Clay,3,Matej Dodig,Andrea Pellegrino,total_games,under,22.5,0.5347,1.87,1.84,0.5027,3.2,-0.0161,0,100,1902826
2026-10-06 09:00,atp,ATP Challenger,"Braga, Portugal",Clay,3,Matej Dodig,Andrea Pellegrino,p1_games,over,12.5,0.4448,2.25,1.89,0.4892,-4.4,-0.1593,0,100,1902826
2026-10-06 09:00,atp,ATP Challenger,"Braga, Portugal",Clay,3,Matej Dodig,Andrea Pellegrino,p1_games,under,12.5,0.5552,1.8,1.81,0.5108,4.4,0.0049,0,100,1902826
2026-10-06 09:00,atp,ATP Challenger,"Braga, Portugal",Clay,3,Matej Dodig,Andrea Pellegrino,p2_games,over,12.5,0.4453,2.25,1.95,0.4744,-2.9,-0.1316,0,100,1902826
2026-10-06 09:00,atp,ATP Challenger,"Braga, Portugal",Clay,3,Matej Dodig,Andrea Pellegrino,p2_games,under,12.5,0.5547,1.8,1.76,0.5256,2.9,-0.0238,0,100,1902826
2026-10-06 09:00,atp,ATP Challenger,"Braga, Portugal",Clay,3,Matej Dodig,Andrea Pellegrino,game_handicap,player_a,-0.5,0.4834,2.07,,,,,0,100,1902826
2026-10-06 09:00,atp,ATP Challenger,"Braga, Portugal",Clay,3,Matej Dodig,Andrea Pellegrino,game_handicap,player_b,0.5,0.5166,1.94,,,,,0,100,1902826
2026-10-06 09:00,atp,ATP Challenger,"Braga, Portugal",Clay,3,Oleksii Krutykh,Javier Barranco Cosano,winner,player_a,,0.4197,2.38,1.69,0.5541,-13.4,-0.2906,0,100,1903074
2026-10-06 09:00,atp,ATP Challenger,"Braga, Portugal",Clay,3,Oleksii Krutykh,Javier Barranco Cosano,winner,player_b,,0.5803,1.72,2.1,0.4459,13.4,0.2185,0,100,1903074
2026-10-06 09:00,atp,ATP Challenger,"Braga, Portugal",Clay,3,Oleksii Krutykh,Javier Barranco Cosano,total_games,over,21.5,0.4995,2.0,,,,,0,100,1903074
2026-10-06 09:00,atp,ATP Challenger,"Braga, Portugal",Clay,3,Oleksii Krutykh,Javier Barranco Cosano,total_games,under,21.5,0.5005,2.0,,,,,0,100,1903074
2026-10-06 09:00,atp,ATP Challenger,"Braga, Portugal",Clay,3,Oleksii Krutykh,Javier Barranco Cosano,p1_games,over,12.5,0.3894,2.57,,,,,0,100,1903074
2026-10-06 09:00,atp,ATP Challenger,"Braga, Portugal",Clay,3,Oleksii Krutykh,Javier Barranco Cosano,p1_games,under,12.5,0.6106,1.64,,,,,0,100,1903074
2026-10-06 09:00,atp,ATP Challenger,"Braga, Portugal",Clay,3,Oleksii Krutykh,Javier Barranco Cosano,p2_games,over,12.5,0.4436,2.25,,,,,0,100,1903074
2026-10-06 09:00,atp,ATP Challenger,"Braga, Portugal",Clay,3,Oleksii Krutykh,Javier Barranco Cosano,p2_games,under,12.5,0.5564,1.8,,,,,0,100,1903074
2026-10-06 09:00,atp,ATP Challenger,"Braga, Portugal",Clay,3,Oleksii Krutykh,Javier Barranco Cosano,game_handicap,player_a,1.5,0.4651,2.15,,,,,0,100,1903074
2026-10-06 09:00,atp,ATP Challenger,"Braga, Portugal",Clay,3,Oleksii Krutykh,Javier Barranco Cosano,game_handicap,player_b,-1.5,0.5349,1.87,,,,,0,100,1903074
2026-10-06 09:00,atp,ATP Challenger,"Braga, Portugal",Clay,3,Patrick Schoen,Andrej Nedic,winner,player_a,,0.2416,4.14,2.21,0.423,-18.1,-0.4662,0,78,1903075
2026-10-06 09:00,atp,ATP Challenger,"Braga, Portugal",Clay,3,Patrick Schoen,Andrej Nedic,winner,player_b,,0.7584,1.32,1.62,0.577,18.1,0.2287,0,78,1903075
2026-10-06 09:00,atp,ATP Challenger,"Braga, Portugal",Clay,3,Patrick Schoen,Andrej Nedic,total_games,over,20.5,0.4688,2.13,,,,,1,78,1903075
2026-10-06 09:00,atp,ATP Challenger,"Braga, Portugal",Clay,3,Patrick Schoen,Andrej Nedic,total_games,under,20.5,0.5312,1.88,,,,,1,78,1903075
2026-10-06 09:00,atp,ATP Challenger,"Braga, Portugal",Clay,3,Patrick Schoen,Andrej Nedic,p1_games,over,9.5,0.4615,2.17,,,,,1,78,1903075
2026-10-06 09:00,atp,ATP Challenger,"Braga, Portugal",Clay,3,Patrick Schoen,Andrej Nedic,p1_games,under,9.5,0.5385,1.86,,,,,1,78,1903075
2026-10-06 09:00,atp,ATP Challenger,"Braga, Portugal",Clay,3,Patrick Schoen,Andrej Nedic,p2_games,over,12.5,0.4345,2.3,,,,,1,78,1903075
2026-10-06 09:00,atp,ATP Challenger,"Braga, Portugal",Clay,3,Patrick Schoen,Andrej Nedic,p2_games,under,12.5,0.5655,1.77,,,,,1,78,1903075
2026-10-06 09:00,atp,ATP Challenger,"Braga, Portugal",Clay,3,Patrick Schoen,Andrej Nedic,game_handicap,player_a,4.5,0.4651,2.15,,,,,1,78,1903075
2026-10-06 09:00,atp,ATP Challenger,"Braga, Portugal",Clay,3,Patrick Schoen,Andrej Nedic,game_handicap,player_b,-4.5,0.5349,1.87,,,,,1,78,1903075
2026-10-06 09:00,atp,ATP Challenger,"Braga, Portugal",Clay,3,Sumit Nagal,Luka Mikrut,winner,player_a,,0.2583,3.87,3.5,0.2678,-0.9,-0.096,0,100,1902818
2026-10-06 09:00,atp,ATP Challenger,"Braga, Portugal",Clay,3,Sumit Nagal,Luka Mikrut,winner,player_b,,0.7417,1.35,1.28,0.7322,0.9,-0.0506,0,100,1902818
2026-10-06 09:00,atp,ATP Challenger,"Braga, Portugal",Clay,3,Sumit Nagal,Luka Mikrut,total_games,over,20.5,0.4991,2.0,1.79,0.5175,-1.8,-0.1066,0,100,1902818
2026-10-06 09:00,atp,ATP Challenger,"Braga, Portugal",Clay,3,Sumit Nagal,Luka Mikrut,total_games,under,20.5,0.5009,2.0,1.92,0.4825,1.8,-0.0383,0,100,1902818
2026-10-06 09:00,atp,ATP Challenger,"Braga, Portugal",Clay,3,Sumit Nagal,Luka Mikrut,p1_games,over,9.5,0.4928,2.03,1.85,0.5,-0.7,-0.0883,0,100,1902818
2026-10-06 09:00,atp,ATP Challenger,"Braga, Portugal",Clay,3,Sumit Nagal,Luka Mikrut,p1_games,under,9.5,0.5072,1.97,1.85,0.5,0.7,-0.0617,0,100,1902818
2026-10-06 09:00,atp,ATP Challenger,"Braga, Portugal",Clay,3,Sumit Nagal,Luka Mikrut,p2_games,over,12.5,0.4561,2.19,1.92,0.4825,-2.6,-0.1242,0,100,1902818
2026-10-06 09:00,atp,ATP Challenger,"Braga, Portugal",Clay,3,Sumit Nagal,Luka Mikrut,p2_games,under,12.5,0.5439,1.84,1.79,0.5175,2.6,-0.0265,0,100,1902818
2026-10-06 09:00,atp,ATP Challenger,"Braga, Portugal",Clay,3,Sumit Nagal,Luka Mikrut,game_handicap,player_a,3.5,0.4044,2.47,,,,,0,100,1902818
2026-10-06 09:00,atp,ATP Challenger,"Braga, Portugal",Clay,3,Sumit Nagal,Luka Mikrut,game_handicap,player_b,-3.5,0.5956,1.68,,,,,0,100,1902818
2026-10-06 09:00,atp,ATP Challenger,"Braga, Portugal",Clay,3,Tiago Pereira,Pol Martin Tiffon,winner,player_a,,0.2703,3.7,2.65,0.3521,-8.2,-0.2836,0,100,1902821
2026-10-06 09:00,atp,ATP Challenger,"Braga, Portugal",Clay,3,Tiago Pereira,Pol Martin Tiffon,winner,player_b,,0.7297,1.37,1.44,0.6479,8.2,0.0507,0,100,1902821
2026-10-06 09:00,atp,ATP Challenger,"Braga, Portugal",Clay,3,Tiago Pereira,Pol Martin Tiffon,total_games,over,21.5,0.46,2.17,1.87,0.4946,-3.5,-0.1398,0,100,1902821
2026-10-06 09:00,atp,ATP Challenger,"Braga, Portugal",Clay,3,Tiago Pereira,Pol Martin Tiffon,total_games,under,21.5,0.54,1.85,1.83,0.5054,3.5,-0.0118,0,100,1902821
2026-10-06 09:00,atp,ATP Challenger,"Braga, Portugal",Clay,3,Tiago Pereira,Pol Martin Tiffon,p1_games,over,11.5,0.4292,2.33,1.84,0.504,-7.5,-0.2102,0,100,1902821
2026-10-06 09:00,atp,ATP Challenger,"Braga, Portugal",Clay,3,Tiago Pereira,Pol Martin Tiffon,p1_games,under,11.5,0.5708,1.75,1.87,0.496,7.5,0.0673,0,100,1902821
2026-10-06 09:00,atp,ATP Challenger,"Braga, Portugal",Clay,3,Tiago Pereira,Pol Martin Tiffon,p2_games,over,12.5,0.462,2.16,1.95,0.4744,-1.2,-0.0991,0,100,1902821
2026-10-06 09:00,atp,ATP Challenger,"Braga, Portugal",Clay,3,Tiago Pereira,Pol Martin Tiffon,p2_games,under,12.5,0.538,1.86,1.76,0.5256,1.2,-0.0531,0,100,1902821
2026-10-06 09:00,atp,ATP Challenger,"Braga, Portugal",Clay,3,Tiago Pereira,Pol Martin Tiffon,game_handicap,player_a,3.5,0.4204,2.38,,,,,0,100,1902821
2026-10-06 09:00,atp,ATP Challenger,"Braga, Portugal",Clay,3,Tiago Pereira,Pol Martin Tiffon,game_handicap,player_b,-3.5,0.5796,1.73,,,,,0,100,1902821
2026-10-06 09:00,atp,ATP Challenger,"Villena, Spain",Hard,3,Abedallah Shelbayh,David Jorda Sanchis,winner,player_a,,0.681,1.47,,,,,0,94,1902816
2026-10-06 09:00,atp,ATP Challenger,"Villena, Spain",Hard,3,Abedallah Shelbayh,David Jorda Sanchis,winner,player_b,,0.319,3.14,,,,,0,94,1902816
2026-10-06 09:00,atp,ATP Challenger,"Villena, Spain",Hard,3,Abedallah Shelbayh,David Jorda Sanchis,total_games,over,22.5,0.4508,2.22,,,,,0,94,1902816
2026-10-06 09:00,atp,ATP Challenger,"Villena, Spain",Hard,3,Abedallah Shelbayh,David Jorda Sanchis,total_games,under,22.5,0.5492,1.82,,,,,0,94,1902816
2026-10-06 09:00,atp,ATP Challenger,"Villena, Spain",Hard,3,Abedallah Shelbayh,David Jorda Sanchis,p1_games,over,13.5,0.3217,3.11,,,,,0,94,1902816
2026-10-06 09:00,atp,ATP Challenger,"Villena, Spain",Hard,3,Abedallah Shelbayh,David Jorda Sanchis,p1_games,under,13.5,0.6783,1.47,,,,,0,94,1902816
2026-10-06 09:00,atp,ATP Challenger,"Villena, Spain",Hard,3,Abedallah Shelbayh,David Jorda Sanchis,p2_games,over,12.5,0.3749,2.67,,,,,0,94,1902816
2026-10-06 09:00,atp,ATP Challenger,"Villena, Spain",Hard,3,Abedallah Shelbayh,David Jorda Sanchis,p2_games,under,12.5,0.6251,1.6,,,,,0,94,1902816
2026-10-06 09:00,atp,ATP Challenger,"Villena, Spain",Hard,3,Abedallah Shelbayh,David Jorda Sanchis,game_handicap,player_a,-3.5,0.5005,2.0,,,,,0,94,1902816
2026-10-06 09:00,atp,ATP Challenger,"Villena, Spain",Hard,3,Abedallah Shelbayh,David Jorda Sanchis,game_handicap,player_b,3.5,0.4995,2.0,,,,,0,94,1902816
2026-10-06 09:00,atp,ATP Challenger,"Villena, Spain",Hard,3,August Holmgren,Pedro Martinez,winner,player_a,,0.4119,2.43,1.63,0.5733,-16.1,-0.3287,0,100,1902812
2026-10-06 09:00,atp,ATP Challenger,"Villena, Spain",Hard,3,August Holmgren,Pedro Martinez,winner,player_b,,0.5881,1.7,2.19,0.4267,16.1,0.288,0,100,1902812
2026-10-06 09:00,atp,ATP Challenger,"Villena, Spain",Hard,3,August Holmgren,Pedro Martinez,total_games,over,22.5,0.4965,2.01,1.81,0.5121,-1.6,-0.1012,0,100,1902812
2026-10-06 09:00,atp,ATP Challenger,"Villena, Spain",Hard,3,August Holmgren,Pedro Martinez,total_games,under,22.5,0.5035,1.99,1.9,0.4879,1.6,-0.0434,0,100,1902812
2026-10-06 09:00,atp,ATP Challenger,"Villena, Spain",Hard,3,August Holmgren,Pedro Martinez,p1_games,over,12.5,0.4494,2.23,1.83,0.5067,-5.7,-0.1776,0,100,1902812
2026-10-06 09:00,atp,ATP Challenger,"Villena, Spain",Hard,3,August Holmgren,Pedro Martinez,p1_games,under,12.5,0.5506,1.82,1.88,0.4933,5.7,0.0351,0,100,1902812
2026-10-06 09:00,atp,ATP Challenger,"Villena, Spain",Hard,3,August Holmgren,Pedro Martinez,p2_games,over,12.5,0.5148,1.94,2.07,0.448,6.7,0.0657,0,100,1902812
2026-10-06 09:00,atp,ATP Challenger,"Villena, Spain",Hard,3,August Holmgren,Pedro Martinez,p2_games,under,12.5,0.4852,2.06,1.68,0.552,-6.7,-0.1849,0,100,1902812
2026-10-06 09:00,atp,ATP Challenger,"Villena, Spain",Hard,3,August Holmgren,Pedro Martinez,game_handicap,player_a,1.5,0.4657,2.15,,,,,0,100,1902812
2026-10-06 09:00,atp,ATP Challenger,"Villena, Spain",Hard,3,August Holmgren,Pedro Martinez,game_handicap,player_b,-1.5,0.5343,1.87,,,,,0,100,1902812
2026-10-06 09:00,atp,ATP Challenger,"Villena, Spain",Hard,3,Carles Hernandez,Petr Nesterov,winner,player_a,,0.3061,3.27,4.1,0.2279,7.8,0.255,0,78,1903101
2026-10-06 09:00,atp,ATP Challenger,"Villena, Spain",Hard,3,Carles Hernandez,Petr Nesterov,winner,player_b,,0.6939,1.44,1.21,0.7721,-7.8,-0.1604,0,78,1903101
2026-10-06 09:00,atp,ATP Challenger,"Villena, Spain",Hard,3,Carles Hernandez,Petr Nesterov,total_games,over,19.5,0.6465,1.55,1.74,0.5323,11.4,0.1249,1,78,1903101
2026-10-06 09:00,atp,ATP Challenger,"Villena, Spain",Hard,3,Carles Hernandez,Petr Nesterov,total_games,under,19.5,0.3535,2.83,1.98,0.4677,-11.4,-0.3001,1,78,1903101
2026-10-06 09:00,atp,ATP Challenger,"Villena, Spain",Hard,3,Carles Hernandez,Petr Nesterov,p1_games,over,8.5,0.6235,1.6,1.97,0.4704,15.3,0.2283,1,78,1903101
2026-10-06 09:00,atp,ATP Challenger,"Villena, Spain",Hard,3,Carles Hernandez,Petr Nesterov,p1_games,under,8.5,0.3765,2.66,1.75,0.5296,-15.3,-0.3411,1,78,1903101
2026-10-06 09:00,atp,ATP Challenger,"Villena, Spain",Hard,3,Carles Hernandez,Petr Nesterov,p2_games,over,12.5,0.5013,1.99,2.1,0.4415,6.0,0.0527,1,78,1903101
2026-10-06 09:00,atp,ATP Challenger,"Villena, Spain",Hard,3,Carles Hernandez,Petr Nesterov,p2_games,under,12.5,0.4987,2.01,1.66,0.5585,-6.0,-0.1721,1,78,1903101
2026-10-06 09:00,atp,ATP Challenger,"Villena, Spain",Hard,3,Carles Hernandez,Petr Nesterov,game_handicap,player_a,3.5,0.4852,2.06,,,,,1,78,1903101
2026-10-06 09:00,atp,ATP Challenger,"Villena, Spain",Hard,3,Carles Hernandez,Petr Nesterov,game_handicap,player_b,-3.5,0.5148,1.94,,,,,1,78,1903101
2026-10-06 09:00,atp,ATP Challenger,"Villena, Spain",Hard,3,Damir Dzumhur,Georgii Kravchenko,winner,player_a,,0.8276,1.21,,,,,0,94,1903100
2026-10-06 09:00,atp,ATP Challenger,"Villena, Spain",Hard,3,Damir Dzumhur,Georgii Kravchenko,winner,player_b,,0.1724,5.8,,,,,0,94,1903100
2026-10-06 09:00,atp,ATP Challenger,"Villena, Spain",Hard,3,Damir Dzumhur,Georgii Kravchenko,total_games,over,20.5,0.4495,2.22,,,,,0,94,1903100
2026-10-06 09:00,atp,ATP Challenger,"Villena, Spain",Hard,3,Damir Dzumhur,Georgii Kravchenko,total_games,under,20.5,0.5505,1.82,,,,,0,94,1903100
2026-10-06 09:00,atp,ATP Challenger,"Villena, Spain",Hard,3,Damir Dzumhur,Georgii Kravchenko,p1_games,over,12.5,0.4418,2.26,,,,,0,94,1903100
2026-10-06 09:00,atp,ATP Challenger,"Villena, Spain",Hard,3,Damir Dzumhur,Georgii Kravchenko,p1_games,under,12.5,0.5582,1.79,,,,,0,94,1903100
2026-10-06 09:00,atp,ATP Challenger,"Villena, Spain",Hard,3,Damir Dzumhur,Georgii Kravchenko,p2_games,over,8.5,0.4508,2.22,,,,,0,94,1903100
2026-10-06 09:00,atp,ATP Challenger,"Villena, Spain",Hard,3,Damir Dzumhur,Georgii Kravchenko,p2_games,under,8.5,0.5492,1.82,,,,,0,94,1903100
2026-10-06 09:00,atp,ATP Challenger,"Villena, Spain",Hard,3,Damir Dzumhur,Georgii Kravchenko,game_handicap,player_a,-4.5,0.5811,1.72,,,,,0,94,1903100
2026-10-06 09:00,atp,ATP Challenger,"Villena, Spain",Hard,3,Damir Dzumhur,Georgii Kravchenko,game_handicap,player_b,4.5,0.4189,2.39,,,,,0,94,1903100
2026-10-06 09:00,atp,ATP Challenger,"Villena, Spain",Hard,3,Daniil Glinka,Gauthier Onclin,winner,player_a,,0.5135,1.95,1.45,0.6463,-13.3,-0.2554,0,100,1902810
2026-10-06 09:00,atp,ATP Challenger,"Villena, Spain",Hard,3,Daniil Glinka,Gauthier Onclin,winner,player_b,,0.4865,2.06,2.65,0.3537,13.3,0.2892,0,100,1902810
2026-10-06 09:00,atp,ATP Challenger,"Villena, Spain",Hard,3,Daniil Glinka,Gauthier Onclin,total_games,over,21.5,0.5422,1.84,1.73,0.5349,0.7,-0.062,0,100,1902810
2026-10-06 09:00,atp,ATP Challenger,"Villena, Spain",Hard,3,Daniil Glinka,Gauthier Onclin,total_games,under,21.5,0.4578,2.18,1.99,0.4651,-0.7,-0.0889,0,100,1902810
2026-10-06 09:00,atp,ATP Challenger,"Villena, Spain",Hard,3,Daniil Glinka,Gauthier Onclin,p1_games,over,12.5,0.4585,2.18,1.89,0.4892,-3.1,-0.1334,0,100,1902810
2026-10-06 09:00,atp,ATP Challenger,"Villena, Spain",Hard,3,Daniil Glinka,Gauthier Onclin,p1_games,under,12.5,0.5415,1.85,1.81,0.5108,3.1,-0.02,0,100,1902810
2026-10-06 09:00,atp,ATP Challenger,"Villena, Spain",Hard,3,Daniil Glinka,Gauthier Onclin,p2_games,over,11.5,0.6543,1.53,1.82,0.5094,14.5,0.1908,0,100,1902810
2026-10-06 09:00,atp,ATP Challenger,"Villena, Spain",Hard,3,Daniil Glinka,Gauthier Onclin,p2_games,under,11.5,0.3457,2.89,1.89,0.4906,-14.5,-0.3466,0,100,1902810
2026-10-06 09:00,atp,ATP Challenger,"Villena, Spain",Hard,3,Daniil Glinka,Gauthier Onclin,game_handicap,player_a,-0.5,0.4968,2.01,,,,,0,100,1902810
2026-10-06 09:00,atp,ATP Challenger,"Villena, Spain",Hard,3,Daniil Glinka,Gauthier Onclin,game_handicap,player_b,0.5,0.5032,1.99,,,,,0,100,1902810
2026-10-06 09:00,atp,ATP Challenger,"Villena, Spain",Hard,3,Dominic Stricker,Laslo Djere,winner,player_a,,0.3873,2.58,1.82,0.5147,-12.7,-0.2951,0,100,1903103
2026-10-06 09:00,atp,ATP Challenger,"Villena, Spain",Hard,3,Dominic Stricker,Laslo Djere,winner,player_b,,0.6127,1.63,1.93,0.4853,12.7,0.1825,0,100,1903103
2026-10-06 09:00,atp,ATP Challenger,"Villena, Spain",Hard,3,Dominic Stricker,Laslo Djere,total_games,over,22.5,0.5016,1.99,1.88,0.4933,0.8,-0.0571,0,100,1903103
2026-10-06 09:00,atp,ATP Challenger,"Villena, Spain",Hard,3,Dominic Stricker,Laslo Djere,total_games,under,22.5,0.4984,2.01,1.83,0.5067,-0.8,-0.0878,0,100,1903103
2026-10-06 09:00,atp,ATP Challenger,"Villena, Spain",Hard,3,Dominic Stricker,Laslo Djere,p1_games,over,12.5,0.4455,2.24,1.91,0.4852,-4.0,-0.149,0,100,1903103
2026-10-06 09:00,atp,ATP Challenger,"Villena, Spain",Hard,3,Dominic Stricker,Laslo Djere,p1_games,under,12.5,0.5545,1.8,1.8,0.5148,4.0,-0.002,0,100,1903103
2026-10-06 09:00,atp,ATP Challenger,"Villena, Spain",Hard,3,Dominic Stricker,Laslo Djere,p2_games,over,12.5,0.5307,1.88,1.96,0.4731,5.8,0.0402,0,100,1903103
2026-10-06 09:00,atp,ATP Challenger,"Villena, Spain",Hard,3,Dominic Stricker,Laslo Djere,p2_games,under,12.5,0.4693,2.13,1.76,0.5269,-5.8,-0.174,0,100,1903103
2026-10-06 09:00,atp,ATP Challenger,"Villena, Spain",Hard,3,Dominic Stricker,Laslo Djere,game_handicap,player_a,1.5,0.4419,2.26,,,,,0,100,1903103
2026-10-06 09:00,atp,ATP Challenger,"Villena, Spain",Hard,3,Dominic Stricker,Laslo Djere,game_handicap,player_b,-1.5,0.5581,1.79,,,,,0,100,1903103
2026-10-06 09:00,atp,ATP Challenger,"Villena, Spain",Hard,3,Edas Butvilas,Max Hans Rehberg,winner,player_a,,0.612,1.63,1.62,0.577,3.5,-0.0086,0,100,1903104
2026-10-06 09:00,atp,ATP Challenger,"Villena, Spain",Hard,3,Edas Butvilas,Max Hans Rehberg,winner,player_b,,0.388,2.58,2.21,0.423,-3.5,-0.1425,0,100,1903104
2026-10-06 09:00,atp,ATP Challenger,"Villena, Spain",Hard,3,Edas Butvilas,Max Hans Rehberg,total_games,over,22.5,0.4885,2.05,1.84,0.5027,-1.4,-0.1011,0,100,1903104
2026-10-06 09:00,atp,ATP Challenger,"Villena, Spain",Hard,3,Edas Butvilas,Max Hans Rehberg,total_games,under,22.5,0.5115,1.96,1.86,0.4973,1.4,-0.0486,0,100,1903104
2026-10-06 09:00,atp,ATP Challenger,"Villena, Spain",Hard,3,Edas Butvilas,Max Hans Rehberg,p1_games,over,12.5,0.5159,1.94,1.78,0.5202,-0.4,-0.0817,0,100,1903104
2026-10-06 09:00,atp,ATP Challenger,"Villena, Spain",Hard,3,Edas Butvilas,Max Hans Rehberg,p1_games,under,12.5,0.4841,2.07,1.93,0.4798,0.4,-0.0656,0,100,1903104
2026-10-06 09:00,atp,ATP Challenger,"Villena, Spain",Hard,3,Edas Butvilas,Max Hans Rehberg,p2_games,over,12.5,0.4335,2.31,2.02,0.4584,-2.5,-0.1244,0,100,1903104
2026-10-06 09:00,atp,ATP Challenger,"Villena, Spain",Hard,3,Edas Butvilas,Max Hans Rehberg,p2_games,under,12.5,0.5665,1.77,1.71,0.5416,2.5,-0.0313,0,100,1903104
2026-10-06 09:00,atp,ATP Challenger,"Villena, Spain",Hard,3,Edas Butvilas,Max Hans Rehberg,game_handicap,player_a,-2.5,0.5025,1.99,,,,,0,100,1903104
2026-10-06 09:00,atp,ATP Challenger,"Villena, Spain",Hard,3,Edas Butvilas,Max Hans Rehberg,game_handicap,player_b,2.5,0.4975,2.01,,,,,0,100,1903104
2026-10-06 09:00,atp,ATP Challenger,"Villena, Spain",Hard,3,Felix Balshaw,Joel Schwaerzler,winner,player_a,,0.5764,1.73,1.6,0.5844,-0.8,-0.0778,0,100,1902813
2026-10-06 09:00,atp,ATP Challenger,"Villena, Spain",Hard,3,Felix Balshaw,Joel Schwaerzler,winner,player_b,,0.4236,2.36,2.25,0.4156,0.8,-0.0468,0,100,1902813
2026-10-06 09:00,atp,ATP Challenger,"Villena, Spain",Hard,3,Felix Balshaw,Joel Schwaerzler,total_games,over,22.5,0.5126,1.95,1.81,0.5108,0.2,-0.0722,0,100,1902813
2026-10-06 09:00,atp,ATP Challenger,"Villena, Spain",Hard,3,Felix Balshaw,Joel Schwaerzler,total_games,under,22.5,0.4874,2.05,1.89,0.4892,-0.2,-0.0789,0,100,1902813
2026-10-06 09:00,atp,ATP Challenger,"Villena, Spain",Hard,3,Felix Balshaw,Joel Schwaerzler,p1_games,over,12.5,0.527,1.9,1.74,0.5323,-0.5,-0.0831,0,100,1902813
2026-10-06 09:00,atp,ATP Challenger,"Villena, Spain",Hard,3,Felix Balshaw,Joel Schwaerzler,p1_games,under,12.5,0.473,2.11,1.98,0.4677,0.5,-0.0634,0,100,1902813
2026-10-06 09:00,atp,ATP Challenger,"Villena, Spain",Hard,3,Felix Balshaw,Joel Schwaerzler,p2_games,over,12.5,0.4691,2.13,2.0,0.4638,0.5,-0.0619,0,100,1902813
2026-10-06 09:00,atp,ATP Challenger,"Villena, Spain",Hard,3,Felix Balshaw,Joel Schwaerzler,p2_games,under,12.5,0.5309,1.88,1.73,0.5362,-0.5,-0.0815,0,100,1902813
2026-10-06 09:00,atp,ATP Challenger,"Villena, Spain",Hard,3,Felix Balshaw,Joel Schwaerzler,game_handicap,player_a,-1.5,0.5197,1.92,,,,,0,100,1902813
2026-10-06 09:00,atp,ATP Challenger,"Villena, Spain",Hard,3,Felix Balshaw,Joel Schwaerzler,game_handicap,player_b,1.5,0.4803,2.08,,,,,0,100,1902813
2026-10-06 09:00,atp,ATP Challenger,"Villena, Spain",Hard,3,Francesco Maestrelli,Oliver Tarvet,winner,player_a,,0.5417,1.85,,,,,0,94,1903102
2026-10-06 09:00,atp,ATP Challenger,"Villena, Spain",Hard,3,Francesco Maestrelli,Oliver Tarvet,winner,player_b,,0.4583,2.18,,,,,0,94,1903102
2026-10-06 09:00,atp,ATP Challenger,"Villena, Spain",Hard,3,Francesco Maestrelli,Oliver Tarvet,total_games,over,22.5,0.4952,2.02,,,,,0,94,1903102
2026-10-06 09:00,atp,ATP Challenger,"Villena, Spain",Hard,3,Francesco Maestrelli,Oliver Tarvet,total_games,under,22.5,0.5048,1.98,,,,,0,94,1903102
2026-10-06 09:00,atp,ATP Challenger,"Villena, Spain",Hard,3,Francesco Maestrelli,Oliver Tarvet,p1_games,over,12.5,0.4951,2.02,,,,,0,94,1903102
2026-10-06 09:00,atp,ATP Challenger,"Villena, Spain",Hard,3,Francesco Maestrelli,Oliver Tarvet,p1_games,under,12.5,0.5049,1.98,,,,,0,94,1903102
2026-10-06 09:00,atp,ATP Challenger,"Villena, Spain",Hard,3,Francesco Maestrelli,Oliver Tarvet,p2_games,over,12.5,0.4638,2.16,,,,,0,94,1903102
2026-10-06 09:00,atp,ATP Challenger,"Villena, Spain",Hard,3,Francesco Maestrelli,Oliver Tarvet,p2_games,under,12.5,0.5362,1.86,,,,,0,94,1903102
2026-10-06 09:00,atp,ATP Challenger,"Villena, Spain",Hard,3,Francesco Maestrelli,Oliver Tarvet,game_handicap,player_a,-0.5,0.5253,1.9,,,,,0,94,1903102
2026-10-06 09:00,atp,ATP Challenger,"Villena, Spain",Hard,3,Francesco Maestrelli,Oliver Tarvet,game_handicap,player_b,0.5,0.4747,2.11,,,,,0,94,1903102
2026-10-06 09:00,atp,ATP Challenger,"Villena, Spain",Hard,3,Hynek Barton,Toby Samuel,winner,player_a,,0.2234,4.48,4.8,0.1946,2.9,0.0722,0,100,1903105
2026-10-06 09:00,atp,ATP Challenger,"Villena, Spain",Hard,3,Hynek Barton,Toby Samuel,winner,player_b,,0.7766,1.29,1.16,0.8054,-2.9,-0.0991,0,100,1903105
2026-10-06 09:00,atp,ATP Challenger,"Villena, Spain",Hard,3,Hynek Barton,Toby Samuel,total_games,over,19.5,0.6074,1.65,1.84,0.504,10.3,0.1176,0,100,1903105
2026-10-06 09:00,atp,ATP Challenger,"Villena, Spain",Hard,3,Hynek Barton,Toby Samuel,total_games,under,19.5,0.3926,2.55,1.87,0.496,-10.3,-0.2658,0,100,1903105
2026-10-06 09:00,atp,ATP Challenger,"Villena, Spain",Hard,3,Hynek Barton,Toby Samuel,p1_games,over,7.5,0.623,1.61,1.82,0.5081,11.5,0.1339,0,100,1903105
2026-10-06 09:00,atp,ATP Challenger,"Villena, Spain",Hard,3,Hynek Barton,Toby Samuel,p1_games,under,7.5,0.377,2.65,1.88,0.4919,-11.5,-0.2913,0,100,1903105
2026-10-06 09:00,atp,ATP Challenger,"Villena, Spain",Hard,3,Hynek Barton,Toby Samuel,p2_games,over,12.5,0.495,2.02,2.1,0.44,5.5,0.0395,0,100,1903105
2026-10-06 09:00,atp,ATP Challenger,"Villena, Spain",Hard,3,Hynek Barton,Toby Samuel,p2_games,under,12.5,0.505,1.98,1.65,0.56,-5.5,-0.1668,0,100,1903105
2026-10-06 09:00,atp,ATP Challenger,"Villena, Spain",Hard,3,Hynek Barton,Toby Samuel,game_handicap,player_a,3.5,0.3963,2.52,,,,,0,100,1903105
2026-10-06 09:00,atp,ATP Challenger,"Villena, Spain",Hard,3,Hynek Barton,Toby Samuel,game_handicap,player_b,-3.5,0.6037,1.66,,,,,0,100,1903105
2026-10-06 09:00,atp,ATP Challenger,"Villena, Spain",Hard,3,Philip Henning,Maks Kasnikowski,winner,player_a,,0.4222,2.37,2.26,0.413,0.9,-0.0459,0,100,1903099
2026-10-06 09:00,atp,ATP Challenger,"Villena, Spain",Hard,3,Philip Henning,Maks Kasnikowski,winner,player_b,,0.5778,1.73,1.59,0.587,-0.9,-0.0812,0,100,1903099
2026-10-06 09:00,atp,ATP Challenger,"Villena, Spain",Hard,3,Philip Henning,Maks Kasnikowski,total_games,over,22.5,0.4903,2.04,1.91,0.4852,0.5,-0.0635,0,100,1903099
2026-10-06 09:00,atp,ATP Challenger,"Villena, Spain",Hard,3,Philip Henning,Maks Kasnikowski,total_games,under,22.5,0.5097,1.96,1.8,0.5148,-0.5,-0.0825,0,100,1903099
2026-10-06 09:00,atp,ATP Challenger,"Villena, Spain",Hard,3,Philip Henning,Maks Kasnikowski,p1_games,over,12.5,0.4464,2.24,2.11,0.4388,0.8,-0.058,0,100,1903099
2026-10-06 09:00,atp,ATP Challenger,"Villena, Spain",Hard,3,Philip Henning,Maks Kasnikowski,p1_games,under,12.5,0.5536,1.81,1.65,0.5612,-0.8,-0.0866,0,100,1903099
2026-10-06 09:00,atp,ATP Challenger,"Villena, Spain",Hard,3,Philip Henning,Maks Kasnikowski,p2_games,over,12.5,0.5039,1.98,1.83,0.5054,-0.2,-0.0779,0,100,1903099
2026-10-06 09:00,atp,ATP Challenger,"Villena, Spain",Hard,3,Philip Henning,Maks Kasnikowski,p2_games,under,12.5,0.4961,2.02,1.87,0.4946,0.2,-0.0722,0,100,1903099
2026-10-06 09:00,atp,ATP Challenger,"Villena, Spain",Hard,3,Philip Henning,Maks Kasnikowski,game_handicap,player_a,1.5,0.4745,2.11,,,,,0,100,1903099
2026-10-06 09:00,atp,ATP Challenger,"Villena, Spain",Hard,3,Philip Henning,Maks Kasnikowski,game_handicap,player_b,-1.5,0.5255,1.9,,,,,0,100,1903099
2026-10-06 14:30,atp,ATP Challenger,"Villena, Spain",Hard,3,Diego Dedura-Palomero,Jack Pinnington Jones,winner,player_a,,0.4077,2.45,2.18,0.4293,-2.2,-0.1111,0,100,1903098
2026-10-06 14:30,atp,ATP Challenger,"Villena, Spain",Hard,3,Diego Dedura-Palomero,Jack Pinnington Jones,winner,player_b,,0.5923,1.69,1.64,0.5707,2.2,-0.0287,0,100,1903098
2026-10-06 14:30,atp,ATP Challenger,"Villena, Spain",Hard,3,Diego Dedura-Palomero,Jack Pinnington Jones,total_games,over,21.5,0.5216,1.92,1.73,0.5349,-1.3,-0.0977,0,100,1903098
2026-10-06 14:30,atp,ATP Challenger,"Villena, Spain",Hard,3,Diego Dedura-Palomero,Jack Pinnington Jones,total_games,under,21.5,0.4784,2.09,1.99,0.4651,1.3,-0.048,0,100,1903098
2026-10-06 14:30,atp,ATP Challenger,"Villena, Spain",Hard,3,Diego Dedura-Palomero,Jack Pinnington Jones,p1_games,over,12.5,0.4049,2.47,2.18,0.4248,-2.0,-0.1174,0,100,1903098
2026-10-06 14:30,atp,ATP Challenger,"Villena, Spain",Hard,3,Diego Dedura-Palomero,Jack Pinnington Jones,p1_games,under,12.5,0.5951,1.68,1.61,0.5752,2.0,-0.0418,0,100,1903098
2026-10-06 14:30,atp,ATP Challenger,"Villena, Spain",Hard,3,Diego Dedura-Palomero,Jack Pinnington Jones,p2_games,over,12.5,0.4686,2.13,1.93,0.4798,-1.1,-0.0957,0,100,1903098
2026-10-06 14:30,atp,ATP Challenger,"Villena, Spain",Hard,3,Diego Dedura-Palomero,Jack Pinnington Jones,p2_games,under,12.5,0.5314,1.88,1.78,0.5202,1.1,-0.054,0,100,1903098
2026-10-06 14:30,atp,ATP Challenger,"Villena, Spain",Hard,3,Diego Dedura-Palomero,Jack Pinnington Jones,game_handicap,player_a,1.5,0.456,2.19,,,,,0,100,1903098
2026-10-06 14:30,atp,ATP Challenger,"Villena, Spain",Hard,3,Diego Dedura-Palomero,Jack Pinnington Jones,game_handicap,player_b,-1.5,0.544,1.84,,,,,0,100,1903098
2026-10-06 02:00,wta,WTA Challenger,"Suzhou, China",Hard,3,Hanyu Guo,Aliona Falei,winner,player_a,,0.2978,3.36,2.07,0.4509,-15.3,-0.3836,0,91,1902846
2026-10-06 02:00,wta,WTA Challenger,"Suzhou, China",Hard,3,Hanyu Guo,Aliona Falei,winner,player_b,,0.7022,1.42,1.7,0.5491,15.3,0.1938,0,91,1902846
2026-10-06 02:00,wta,WTA Challenger,"Suzhou, China",Hard,3,Hanyu Guo,Aliona Falei,total_games,over,21.5,0.407,2.46,1.9,0.4879,-8.1,-0.2267,1,91,1902846
2026-10-06 02:00,wta,WTA Challenger,"Suzhou, China",Hard,3,Hanyu Guo,Aliona Falei,total_games,under,21.5,0.593,1.69,1.81,0.5121,8.1,0.0733,1,91,1902846
2026-10-06 02:00,wta,WTA Challenger,"Suzhou, China",Hard,3,Hanyu Guo,Aliona Falei,p1_games,over,11.5,0.4275,2.34,1.62,0.5714,-14.4,-0.3075,1,91,1902846
2026-10-06 02:00,wta,WTA Challenger,"Suzhou, China",Hard,3,Hanyu Guo,Aliona Falei,p1_games,under,11.5,0.5725,1.75,2.16,0.4286,14.4,0.2366,1,91,1902846
2026-10-06 02:00,wta,WTA Challenger,"Suzhou, China",Hard,3,Hanyu Guo,Aliona Falei,p2_games,over,12.5,0.3987,2.51,2.26,0.4099,-1.1,-0.0989,1,91,1902846
2026-10-06 02:00,wta,WTA Challenger,"Suzhou, China",Hard,3,Hanyu Guo,Aliona Falei,p2_games,under,12.5,0.6013,1.66,1.57,0.5901,1.1,-0.056,1,91,1902846
2026-10-06 02:00,wta,WTA Challenger,"Suzhou, China",Hard,3,Hanyu Guo,Aliona Falei,game_handicap,player_a,4.5,0.4992,2.0,,,,,1,91,1902846
2026-10-06 02:00,wta,WTA Challenger,"Suzhou, China",Hard,3,Hanyu Guo,Aliona Falei,game_handicap,player_b,-4.5,0.5008,2.0,,,,,1,91,1902846
2026-10-06 02:00,wta,WTA Challenger,"Suzhou, China",Hard,3,Mananchaya Sawangkaew,Linda Fruhvirtova,winner,player_a,,0.649,1.54,1.58,0.5917,5.7,0.0254,0,94,1902850
2026-10-06 02:00,wta,WTA Challenger,"Suzhou, China",Hard,3,Mananchaya Sawangkaew,Linda Fruhvirtova,winner,player_b,,0.351,2.85,2.29,0.4083,-5.7,-0.1961,0,94,1902850
2026-10-06 02:00,wta,WTA Challenger,"Suzhou, China",Hard,3,Mananchaya Sawangkaew,Linda Fruhvirtova,total_games,over,21.5,0.4255,2.35,1.87,0.4946,-6.9,-0.2043,1,94,1902850
2026-10-06 02:00,wta,WTA Challenger,"Suzhou, China",Hard,3,Mananchaya Sawangkaew,Linda Fruhvirtova,total_games,under,21.5,0.5745,1.74,1.83,0.5054,6.9,0.0514,1,94,1902850
2026-10-06 02:00,wta,WTA Challenger,"Suzhou, China",Hard,3,Mananchaya Sawangkaew,Linda Fruhvirtova,p1_games,over,12.5,0.3989,2.51,2.28,0.4063,-0.7,-0.0906,1,94,1902850
2026-10-06 02:00,wta,WTA Challenger,"Suzhou, China",Hard,3,Mananchaya Sawangkaew,Linda Fruhvirtova,p1_games,under,12.5,0.6011,1.66,1.56,0.5938,0.7,-0.0622,1,94,1902850
2026-10-06 02:00,wta,WTA Challenger,"Suzhou, China",Hard,3,Mananchaya Sawangkaew,Linda Fruhvirtova,p2_games,over,11.5,0.4847,2.06,1.78,0.5189,-3.4,-0.1372,1,94,1902850
2026-10-06 02:00,wta,WTA Challenger,"Suzhou, China",Hard,3,Mananchaya Sawangkaew,Linda Fruhvirtova,p2_games,under,11.5,0.5153,1.94,1.92,0.4811,3.4,-0.0107,1,94,1902850
2026-10-06 02:00,wta,WTA Challenger,"Suzhou, China",Hard,3,Mananchaya Sawangkaew,Linda Fruhvirtova,game_handicap,player_a,-3.5,0.5246,1.91,,,,,1,94,1902850
2026-10-06 02:00,wta,WTA Challenger,"Suzhou, China",Hard,3,Mananchaya Sawangkaew,Linda Fruhvirtova,game_handicap,player_b,3.5,0.4754,2.1,,,,,1,94,1902850
2026-10-06 02:00,wta,WTA Challenger,"Suzhou, China",Hard,3,Moyuka Uchijima,Zhuoxuan Bai,winner,player_a,,0.5033,1.99,1.81,0.516,-1.3,-0.0891,0,94,1902857
2026-10-06 02:00,wta,WTA Challenger,"Suzhou, China",Hard,3,Moyuka Uchijima,Zhuoxuan Bai,winner,player_b,,0.4967,2.01,1.93,0.484,1.3,-0.0413,0,94,1902857
2026-10-06 02:00,wta,WTA Challenger,"Suzhou, China",Hard,3,Moyuka Uchijima,Zhuoxuan Bai,total_games,over,21.5,0.4607,2.17,1.86,0.4987,-3.8,-0.143,1,94,1902857
2026-10-06 02:00,wta,WTA Challenger,"Suzhou, China",Hard,3,Moyuka Uchijima,Zhuoxuan Bai,total_games,under,21.5,0.5393,1.85,1.85,0.5013,3.8,-0.0024,1,94,1902857
2026-10-06 02:00,wta,WTA Challenger,"Suzhou, China",Hard,3,Moyuka Uchijima,Zhuoxuan Bai,p1_games,over,12.5,0.3878,2.58,2.37,0.3907,-0.3,-0.0808,1,94,1902857
2026-10-06 02:00,wta,WTA Challenger,"Suzhou, China",Hard,3,Moyuka Uchijima,Zhuoxuan Bai,p1_games,under,12.5,0.6122,1.63,1.52,0.6093,0.3,-0.0695,1,94,1902857
2026-10-06 02:00,wta,WTA Challenger,"Suzhou, China",Hard,3,Moyuka Uchijima,Zhuoxuan Bai,p2_games,over,11.5,0.63,1.59,1.52,0.6103,2.0,-0.0424,1,94,1902857
2026-10-06 02:00,wta,WTA Challenger,"Suzhou, China",Hard,3,Moyuka Uchijima,Zhuoxuan Bai,p2_games,under,11.5,0.37,2.7,2.38,0.3897,-2.0,-0.1195,1,94,1902857
2026-10-06 02:00,wta,WTA Challenger,"Suzhou, China",Hard,3,Moyuka Uchijima,Zhuoxuan Bai,game_handicap,player_a,-0.5,0.491,2.04,,,,,1,94,1902857
2026-10-06 02:00,wta,WTA Challenger,"Suzhou, China",Hard,3,Moyuka Uchijima,Zhuoxuan Bai,game_handicap,player_b,0.5,0.509,1.96,,,,,1,94,1902857
2026-10-06 03:30,wta,WTA Challenger,"Suzhou, China",Hard,3,Han Shi,Renata Zarazua,winner,player_a,,0.4663,2.14,2.02,0.4628,0.4,-0.0581,0,91,1903071
2026-10-06 03:30,wta,WTA Challenger,"Suzhou, China",Hard,3,Han Shi,Renata Zarazua,winner,player_b,,0.5337,1.87,1.74,0.5372,-0.4,-0.0714,0,91,1903071
2026-10-06 03:30,wta,WTA Challenger,"Suzhou, China",Hard,3,Han Shi,Renata Zarazua,total_games,over,21.5,0.4528,2.21,1.87,0.4946,-4.2,-0.1532,1,91,1903071
2026-10-06 03:30,wta,WTA Challenger,"Suzhou, China",Hard,3,Han Shi,Renata Zarazua,total_games,under,21.5,0.5472,1.83,1.83,0.5054,4.2,0.0013,1,91,1903071
2026-10-06 03:30,wta,WTA Challenger,"Suzhou, China",Hard,3,Han Shi,Renata Zarazua,p1_games,over,11.5,0.5995,1.67,1.61,0.5741,2.5,-0.0348,1,91,1903071
2026-10-06 03:30,wta,WTA Challenger,"Suzhou, China",Hard,3,Han Shi,Renata Zarazua,p1_games,under,11.5,0.4005,2.5,2.17,0.4259,-2.5,-0.1309,1,91,1903071
2026-10-06 03:30,wta,WTA Challenger,"Suzhou, China",Hard,3,Han Shi,Renata Zarazua,p2_games,over,12.5,0.3895,2.57,2.36,0.3918,-0.2,-0.0808,1,91,1903071
2026-10-06 03:30,wta,WTA Challenger,"Suzhou, China",Hard,3,Han Shi,Renata Zarazua,p2_games,under,12.5,0.6105,1.64,1.52,0.6082,0.2,-0.072,1,91,1903071
2026-10-06 03:30,wta,WTA Challenger,"Suzhou, China",Hard,3,Han Shi,Renata Zarazua,game_handicap,player_a,0.5,0.4781,2.09,,,,,1,91,1903071
2026-10-06 03:30,wta,WTA Challenger,"Suzhou, China",Hard,3,Han Shi,Renata Zarazua,game_handicap,player_b,-0.5,0.5219,1.92,,,,,1,91,1903071
2026-10-06 03:30,wta,WTA Challenger,"Suzhou, China",Hard,3,Kyoka Okamura,Darja Vidmanova,winner,player_a,,0.4139,2.42,3.95,0.2375,17.6,0.6351,0,94,1903069
2026-10-06 03:30,wta,WTA Challenger,"Suzhou, China",Hard,3,Kyoka Okamura,Darja Vidmanova,winner,player_b,,0.5861,1.71,1.23,0.7625,-17.6,-0.2792,0,94,1903069
2026-10-06 03:30,wta,WTA Challenger,"Suzhou, China",Hard,3,Kyoka Okamura,Darja Vidmanova,total_games,over,19.5,0.5672,1.76,1.81,0.5121,5.5,0.0266,1,94,1903069
2026-10-06 03:30,wta,WTA Challenger,"Suzhou, China",Hard,3,Kyoka Okamura,Darja Vidmanova,total_games,under,19.5,0.4328,2.31,1.9,0.4879,-5.5,-0.1777,1,94,1903069
2026-10-06 03:30,wta,WTA Challenger,"Suzhou, China",Hard,3,Kyoka Okamura,Darja Vidmanova,p1_games,over,8.5,0.6577,1.52,1.96,0.4717,18.6,0.2891,1,94,1903069
2026-10-06 03:30,wta,WTA Challenger,"Suzhou, China",Hard,3,Kyoka Okamura,Darja Vidmanova,p1_games,under,8.5,0.3423,2.92,1.75,0.5283,-18.6,-0.401,1,94,1903069
2026-10-06 03:30,wta,WTA Challenger,"Suzhou, China",Hard,3,Kyoka Okamura,Darja Vidmanova,p2_games,over,12.5,0.4063,2.46,2.18,0.4248,-1.9,-0.1143,1,94,1903069
2026-10-06 03:30,wta,WTA Challenger,"Suzhou, China",Hard,3,Kyoka Okamura,Darja Vidmanova,p2_games,under,12.5,0.5937,1.68,1.61,0.5752,1.9,-0.0441,1,94,1903069
2026-10-06 03:30,wta,WTA Challenger,"Suzhou, China",Hard,3,Kyoka Okamura,Darja Vidmanova,game_handicap,player_a,2.5,0.4912,2.04,,,,,1,94,1903069
2026-10-06 03:30,wta,WTA Challenger,"Suzhou, China",Hard,3,Kyoka Okamura,Darja Vidmanova,game_handicap,player_b,-2.5,0.5088,1.97,,,,,1,94,1903069
2026-10-06 03:30,wta,WTA Challenger,"Suzhou, China",Hard,3,Oleksandra Oliynykova,Wushuang Zheng,winner,player_a,,0.7119,1.4,1.38,0.6776,3.4,-0.0176,0,94,1903068
2026-10-06 03:30,wta,WTA Challenger,"Suzhou, China",Hard,3,Oleksandra Oliynykova,Wushuang Zheng,winner,player_b,,0.2881,3.47,2.9,0.3224,-3.4,-0.1645,0,94,1903068
2026-10-06 03:30,wta,WTA Challenger,"Suzhou, China",Hard,3,Oleksandra Oliynykova,Wushuang Zheng,total_games,over,20.5,0.4528,2.21,1.89,0.4892,-3.6,-0.1443,1,94,1903068
2026-10-06 03:30,wta,WTA Challenger,"Suzhou, China",Hard,3,Oleksandra Oliynykova,Wushuang Zheng,total_games,under,20.5,0.5472,1.83,1.81,0.5108,3.6,-0.0095,1,94,1903068
2026-10-06 03:30,wta,WTA Challenger,"Suzhou, China",Hard,3,Oleksandra Oliynykova,Wushuang Zheng,p1_games,over,12.5,0.4017,2.49,2.13,0.435,-3.3,-0.1443,1,94,1903068
2026-10-06 03:30,wta,WTA Challenger,"Suzhou, China",Hard,3,Oleksandra Oliynykova,Wushuang Zheng,p1_games,under,12.5,0.5983,1.67,1.64,0.565,3.3,-0.0188,1,94,1903068
2026-10-06 03:30,wta,WTA Challenger,"Suzhou, China",Hard,3,Oleksandra Oliynykova,Wushuang Zheng,p2_games,over,9.5,0.4897,2.04,1.79,0.5175,-2.8,-0.1235,1,94,1903068
2026-10-06 03:30,wta,WTA Challenger,"Suzhou, China",Hard,3,Oleksandra Oliynykova,Wushuang Zheng,p2_games,under,9.5,0.5103,1.96,1.92,0.4825,2.8,-0.0202,1,94,1903068
2026-10-06 03:30,wta,WTA Challenger,"Suzhou, China",Hard,3,Oleksandra Oliynykova,Wushuang Zheng,game_handicap,player_a,-4.5,0.5064,1.97,,,,,1,94,1903068
2026-10-06 03:30,wta,WTA Challenger,"Suzhou, China",Hard,3,Oleksandra Oliynykova,Wushuang Zheng,game_handicap,player_b,4.5,0.4936,2.03,,,,,1,94,1903068
2026-10-06 05:00,wta,WTA Challenger,"Suzhou, China",Hard,3,Daria Khomutsianskaya,Tyra Caterina Grant,winner,player_a,,0.5587,1.79,2.75,0.3405,21.8,0.5363,0,66,1903070
2026-10-06 05:00,wta,WTA Challenger,"Suzhou, China",Hard,3,Daria Khomutsianskaya,Tyra Caterina Grant,winner,player_b,,0.4413,2.27,1.42,0.6595,-21.8,-0.3733,0,66,1903070
2026-10-06 05:00,wta,WTA Challenger,"Suzhou, China",Hard,3,Daria Khomutsianskaya,Tyra Caterina Grant,total_games,over,20.5,0.5093,1.96,1.84,0.504,0.5,-0.0629,1,66,1903070
2026-10-06 05:00,wta,WTA Challenger,"Suzhou, China",Hard,3,Daria Khomutsianskaya,Tyra Caterina Grant,total_games,under,20.5,0.4907,2.04,1.87,0.496,-0.5,-0.0824,1,66,1903070
2026-10-06 05:00,wta,WTA Challenger,"Suzhou, China",Hard,3,Daria Khomutsianskaya,Tyra Caterina Grant,p1_games,over,10.5,0.7109,1.41,1.84,0.5027,20.8,0.308,1,66,1903070
2026-10-06 05:00,wta,WTA Challenger,"Suzhou, China",Hard,3,Daria Khomutsianskaya,Tyra Caterina Grant,p1_games,under,10.5,0.2891,3.46,1.86,0.4973,-20.8,-0.4622,1,66,1903070
2026-10-06 05:00,wta,WTA Challenger,"Suzhou, China",Hard,3,Daria Khomutsianskaya,Tyra Caterina Grant,p2_games,over,12.5,0.3696,2.71,2.11,0.4388,-6.9,-0.2202,1,66,1903070
2026-10-06 05:00,wta,WTA Challenger,"Suzhou, China",Hard,3,Daria Khomutsianskaya,Tyra Caterina Grant,p2_games,under,12.5,0.6304,1.59,1.65,0.5612,6.9,0.0402,1,66,1903070
2026-10-06 05:00,wta,WTA Challenger,"Suzhou, China",Hard,3,Daria Khomutsianskaya,Tyra Caterina Grant,game_handicap,player_a,-1.5,0.5168,1.94,,,,,1,66,1903070
2026-10-06 05:00,wta,WTA Challenger,"Suzhou, China",Hard,3,Daria Khomutsianskaya,Tyra Caterina Grant,game_handicap,player_b,1.5,0.4832,2.07,,,,,1,66,1903070
2026-10-06 05:00,wta,WTA Challenger,"Suzhou, China",Hard,3,Emerson Jones,Mai Hontama,winner,player_a,,0.5338,1.87,1.59,0.5881,-5.4,-0.1512,0,94,1902856
2026-10-06 05:00,wta,WTA Challenger,"Suzhou, China",Hard,3,Emerson Jones,Mai Hontama,winner,player_b,,0.4662,2.15,2.27,0.4119,5.4,0.0582,0,94,1902856
2026-10-06 05:00,wta,WTA Challenger,"Suzhou, China",Hard,3,Emerson Jones,Mai Hontama,total_games,over,20.5,0.4957,2.02,1.79,0.5175,-2.2,-0.1126,1,94,1902856
2026-10-06 05:00,wta,WTA Challenger,"Suzhou, China",Hard,3,Emerson Jones,Mai Hontama,total_games,under,20.5,0.5043,1.98,1.92,0.4825,2.2,-0.0318,1,94,1902856
2026-10-06 05:00,wta,WTA Challenger,"Suzhou, China",Hard,3,Emerson Jones,Mai Hontama,p1_games,over,12.5,0.3853,2.6,2.32,0.399,-1.4,-0.106,1,94,1902856
2026-10-06 05:00,wta,WTA Challenger,"Suzhou, China",Hard,3,Emerson Jones,Mai Hontama,p1_games,under,12.5,0.6147,1.63,1.54,0.601,1.4,-0.0534,1,94,1902856
2026-10-06 05:00,wta,WTA Challenger,"Suzhou, China",Hard,3,Emerson Jones,Mai Hontama,p2_games,over,11.5,0.5991,1.67,1.64,0.5638,3.5,-0.0175,1,94,1902856
2026-10-06 05:00,wta,WTA Challenger,"Suzhou, China",Hard,3,Emerson Jones,Mai Hontama,p2_games,under,11.5,0.4009,2.49,2.12,0.4362,-3.5,-0.1501,1,94,1902856
2026-10-06 05:00,wta,WTA Challenger,"Suzhou, China",Hard,3,Emerson Jones,Mai Hontama,game_handicap,player_a,-0.5,0.5205,1.92,,,,,1,94,1902856
2026-10-06 05:00,wta,WTA Challenger,"Suzhou, China",Hard,3,Emerson Jones,Mai Hontama,game_handicap,player_b,0.5,0.4795,2.09,,,,,1,94,1902856
2026-10-06 05:00,wta,WTA Challenger,"Suzhou, China",Hard,3,Yulia Putintseva,Yushan Shao,winner,player_a,,0.7468,1.34,1.02,0.9151,-16.8,-0.2382,0,66,1902851
2026-10-06 05:00,wta,WTA Challenger,"Suzhou, China",Hard,3,Yulia Putintseva,Yushan Shao,winner,player_b,,0.2532,3.95,11.0,0.0849,16.8,1.7849,0,66,1902851
2026-10-06 05:00,wta,WTA Challenger,"Suzhou, China",Hard,3,Yulia Putintseva,Yushan Shao,total_games,over,16.5,0.7522,1.33,1.77,0.5229,22.9,0.3314,1,66,1902851
2026-10-06 05:00,wta,WTA Challenger,"Suzhou, China",Hard,3,Yulia Putintseva,Yushan Shao,total_games,under,16.5,0.2478,4.04,1.94,0.4771,-22.9,-0.5193,1,66,1902851
2026-10-06 05:00,wta,WTA Challenger,"Suzhou, China",Hard,3,Yulia Putintseva,Yushan Shao,p1_games,over,12.5,0.3951,2.53,3.45,0.2691,12.6,0.3629,1,66,1902851
2026-10-06 05:00,wta,WTA Challenger,"Suzhou, China",Hard,3,Yulia Putintseva,Yushan Shao,p1_games,under,12.5,0.6049,1.65,1.27,0.7309,-12.6,-0.2317,1,66,1902851
2026-10-06 05:00,wta,WTA Challenger,"Suzhou, China",Hard,3,Yulia Putintseva,Yushan Shao,p2_games,over,4.5,0.7797,1.28,1.76,0.5256,25.4,0.3723,1,66,1902851
2026-10-06 05:00,wta,WTA Challenger,"Suzhou, China",Hard,3,Yulia Putintseva,Yushan Shao,p2_games,under,4.5,0.2203,4.54,1.95,0.4744,-25.4,-0.5705,1,66,1902851
2026-10-06 05:00,wta,WTA Challenger,"Suzhou, China",Hard,3,Yulia Putintseva,Yushan Shao,game_handicap,player_a,-4.5,0.5465,1.83,,,,,1,66,1902851
2026-10-06 05:00,wta,WTA Challenger,"Suzhou, China",Hard,3,Yulia Putintseva,Yushan Shao,game_handicap,player_b,4.5,0.4535,2.21,,,,,1,66,1902851
2026-10-06 06:30,wta,WTA Challenger,"Suzhou, China",Hard,3,Jiajing Lu,Tamara Korpatsch,winner,player_a,,0.3614,2.77,,,,,0,59,1903072
2026-10-06 06:30,wta,WTA Challenger,"Suzhou, China",Hard,3,Jiajing Lu,Tamara Korpatsch,winner,player_b,,0.6386,1.57,,,,,0,59,1903072
2026-10-06 06:30,wta,WTA Challenger,"Suzhou, China",Hard,3,Jiajing Lu,Tamara Korpatsch,total_games,over,20.5,0.4793,2.09,,,,,1,59,1903072
2026-10-06 06:30,wta,WTA Challenger,"Suzhou, China",Hard,3,Jiajing Lu,Tamara Korpatsch,total_games,under,20.5,0.5207,1.92,,,,,1,59,1903072
2026-10-06 06:30,wta,WTA Challenger,"Suzhou, China",Hard,3,Jiajing Lu,Tamara Korpatsch,p1_games,over,11.5,0.4977,2.01,,,,,1,59,1903072
2026-10-06 06:30,wta,WTA Challenger,"Suzhou, China",Hard,3,Jiajing Lu,Tamara Korpatsch,p1_games,under,11.5,0.5023,1.99,,,,,1,59,1903072
2026-10-06 06:30,wta,WTA Challenger,"Suzhou, China",Hard,3,Jiajing Lu,Tamara Korpatsch,p2_games,over,12.5,0.4026,2.48,,,,,1,59,1903072
2026-10-06 06:30,wta,WTA Challenger,"Suzhou, China",Hard,3,Jiajing Lu,Tamara Korpatsch,p2_games,under,12.5,0.5974,1.67,,,,,1,59,1903072
2026-10-06 06:30,wta,WTA Challenger,"Suzhou, China",Hard,3,Jiajing Lu,Tamara Korpatsch,game_handicap,player_a,3.5,0.4886,2.05,,,,,1,59,1903072
2026-10-06 06:30,wta,WTA Challenger,"Suzhou, China",Hard,3,Jiajing Lu,Tamara Korpatsch,game_handicap,player_b,-3.5,0.5114,1.96,,,,,1,59,1903072
2026-10-06 08:00,wta,WTA Challenger,"Samsun, Turkiye",N/A,3,Antonia Ruzic,Alicia Dudeney,winner,player_a,,0.7132,1.4,1.39,0.6722,4.1,-0.0087,0,59,1903316
2026-10-06 08:00,wta,WTA Challenger,"Samsun, Turkiye",N/A,3,Antonia Ruzic,Alicia Dudeney,winner,player_b,,0.2868,3.49,2.85,0.3278,-4.1,-0.1825,0,59,1903316
2026-10-06 08:00,wta,WTA Challenger,"Samsun, Turkiye",N/A,3,Antonia Ruzic,Alicia Dudeney,total_games,over,20.5,0.4506,2.22,1.98,0.4677,-1.7,-0.1078,1,59,1903316
2026-10-06 08:00,wta,WTA Challenger,"Samsun, Turkiye",N/A,3,Antonia Ruzic,Alicia Dudeney,total_games,under,20.5,0.5494,1.82,1.74,0.5323,1.7,-0.044,1,59,1903316
2026-10-06 08:00,wta,WTA Challenger,"Samsun, Turkiye",N/A,3,Antonia Ruzic,Alicia Dudeney,p1_games,over,12.5,0.4002,2.5,2.32,0.399,0.1,-0.0716,1,59,1903316
2026-10-06 08:00,wta,WTA Challenger,"Samsun, Turkiye",N/A,3,Antonia Ruzic,Alicia Dudeney,p1_games,under,12.5,0.5998,1.67,1.54,0.601,-0.1,-0.0763,1,59,1903316
2026-10-06 08:00,wta,WTA Challenger,"Samsun, Turkiye",N/A,3,Antonia Ruzic,Alicia Dudeney,p2_games,over,9.5,0.4872,2.05,1.85,0.5,-1.3,-0.0986,1,59,1903316
2026-10-06 08:00,wta,WTA Challenger,"Samsun, Turkiye",N/A,3,Antonia Ruzic,Alicia Dudeney,p2_games,under,9.5,0.5128,1.95,1.85,0.5,1.3,-0.0514,1,59,1903316
2026-10-06 08:00,wta,WTA Challenger,"Samsun, Turkiye",N/A,3,Antonia Ruzic,Alicia Dudeney,game_handicap,player_a,-4.5,0.5094,1.96,,,,,1,59,1903316
2026-10-06 08:00,wta,WTA Challenger,"Samsun, Turkiye",N/A,3,Antonia Ruzic,Alicia Dudeney,game_handicap,player_b,4.5,0.4906,2.04,,,,,1,59,1903316
2026-10-06 08:00,wta,WTA Challenger,"Samsun, Turkiye",N/A,3,Aysegul Mert,Viktoria Hruncakova,winner,player_a,,0.3731,2.68,3.1,0.3002,7.3,0.1567,0,56,1903318
2026-10-06 08:00,wta,WTA Challenger,"Samsun, Turkiye",N/A,3,Aysegul Mert,Viktoria Hruncakova,winner,player_b,,0.6269,1.6,1.33,0.6998,-7.3,-0.1662,0,56,1903318
2026-10-06 08:00,wta,WTA Challenger,"Samsun, Turkiye",N/A,3,Aysegul Mert,Viktoria Hruncakova,total_games,over,20.5,0.4968,2.01,1.91,0.4852,1.2,-0.0511,1,56,1903318
2026-10-06 08:00,wta,WTA Challenger,"Samsun, Turkiye",N/A,3,Aysegul Mert,Viktoria Hruncakova,total_games,under,20.5,0.5032,1.99,1.8,0.5148,-1.2,-0.0942,1,56,1903318
2026-10-06 08:00,wta,WTA Challenger,"Samsun, Turkiye",N/A,3,Aysegul Mert,Viktoria Hruncakova,p1_games,over,9.5,0.5832,1.71,1.87,0.496,8.7,0.0906,1,56,1903318
2026-10-06 08:00,wta,WTA Challenger,"Samsun, Turkiye",N/A,3,Aysegul Mert,Viktoria Hruncakova,p1_games,under,9.5,0.4168,2.4,1.84,0.504,-8.7,-0.2331,1,56,1903318
2026-10-06 08:00,wta,WTA Challenger,"Samsun, Turkiye",N/A,3,Aysegul Mert,Viktoria Hruncakova,p2_games,over,12.5,0.4146,2.41,2.11,0.4388,-2.4,-0.1251,1,56,1903318
2026-10-06 08:00,wta,WTA Challenger,"Samsun, Turkiye",N/A,3,Aysegul Mert,Viktoria Hruncakova,p2_games,under,12.5,0.5854,1.71,1.65,0.5612,2.4,-0.0342,1,56,1903318
2026-10-06 08:00,wta,WTA Challenger,"Samsun, Turkiye",N/A,3,Aysegul Mert,Viktoria Hruncakova,game_handicap,player_a,2.5,0.45,2.22,,,,,1,56,1903318
2026-10-06 08:00,wta,WTA Challenger,"Samsun, Turkiye",N/A,3,Aysegul Mert,Viktoria Hruncakova,game_handicap,player_b,-2.5,0.55,1.82,,,,,1,56,1903318
2026-10-06 08:00,wta,WTA Challenger,"Samsun, Turkiye",N/A,3,Bianca Andreescu,Alana Smith,winner,player_a,,0.7414,1.35,,,,,0,69,1903415
2026-10-06 08:00,wta,WTA Challenger,"Samsun, Turkiye",N/A,3,Bianca Andreescu,Alana Smith,winner,player_b,,0.2586,3.87,,,,,0,69,1903415
2026-10-06 08:00,wta,WTA Challenger,"Samsun, Turkiye",N/A,3,Bianca Andreescu,Alana Smith,total_games,over,20.5,0.4379,2.28,,,,,1,69,1903415
2026-10-06 08:00,wta,WTA Challenger,"Samsun, Turkiye",N/A,3,Bianca Andreescu,Alana Smith,total_games,under,20.5,0.5621,1.78,,,,,1,69,1903415
2026-10-06 08:00,wta,WTA Challenger,"Samsun, Turkiye",N/A,3,Bianca Andreescu,Alana Smith,p1_games,over,12.5,0.3978,2.51,,,,,1,69,1903415
2026-10-06 08:00,wta,WTA Challenger,"Samsun, Turkiye",N/A,3,Bianca Andreescu,Alana Smith,p1_games,under,12.5,0.6022,1.66,,,,,1,69,1903415
2026-10-06 08:00,wta,WTA Challenger,"Samsun, Turkiye",N/A,3,Bianca Andreescu,Alana Smith,p2_games,over,8.5,0.4999,2.0,,,,,1,69,1903415
2026-10-06 08:00,wta,WTA Challenger,"Samsun, Turkiye",N/A,3,Bianca Andreescu,Alana Smith,p2_games,under,8.5,0.5001,2.0,,,,,1,69,1903415
2026-10-06 08:00,wta,WTA Challenger,"Samsun, Turkiye",N/A,3,Bianca Andreescu,Alana Smith,game_handicap,player_a,-4.5,0.539,1.86,,,,,1,69,1903415
2026-10-06 08:00,wta,WTA Challenger,"Samsun, Turkiye",N/A,3,Bianca Andreescu,Alana Smith,game_handicap,player_b,4.5,0.461,2.17,,,,,1,69,1903415
2026-10-06 08:00,wta,WTA Challenger,"Samsun, Turkiye",N/A,3,Cagla Buyukakcay,Linda Klimovicova,winner,player_a,,0.6123,1.63,4.3,0.2168,39.6,1.6331,0,72,1903315
2026-10-06 08:00,wta,WTA Challenger,"Samsun, Turkiye",N/A,3,Cagla Buyukakcay,Linda Klimovicova,winner,player_b,,0.3877,2.58,1.19,0.7832,-39.6,-0.5387,0,72,1903315
2026-10-06 08:00,wta,WTA Challenger,"Samsun, Turkiye",N/A,3,Cagla Buyukakcay,Linda Klimovicova,total_games,over,19.5,0.5541,1.8,1.93,0.4798,7.4,0.0694,1,72,1903315
2026-10-06 08:00,wta,WTA Challenger,"Samsun, Turkiye",N/A,3,Cagla Buyukakcay,Linda Klimovicova,total_games,under,19.5,0.4459,2.24,1.78,0.5202,-7.4,-0.2063,1,72,1903315
2026-10-06 08:00,wta,WTA Challenger,"Samsun, Turkiye",N/A,3,Cagla Buyukakcay,Linda Klimovicova,p1_games,over,7.5,0.8356,1.2,1.88,0.4933,34.2,0.5709,1,72,1903315
2026-10-06 08:00,wta,WTA Challenger,"Samsun, Turkiye",N/A,3,Cagla Buyukakcay,Linda Klimovicova,p1_games,under,7.5,0.1644,6.08,1.83,0.5067,-34.2,-0.6992,1,72,1903315
2026-10-06 08:00,wta,WTA Challenger,"Samsun, Turkiye",N/A,3,Cagla Buyukakcay,Linda Klimovicova,p2_games,over,12.5,0.3379,2.96,2.37,0.3907,-5.3,-0.1991,1,72,1903315
2026-10-06 08:00,wta,WTA Challenger,"Samsun, Turkiye",N/A,3,Cagla Buyukakcay,Linda Klimovicova,p2_games,under,12.5,0.6621,1.51,1.52,0.6093,5.3,0.0063,1,72,1903315
2026-10-06 08:00,wta,WTA Challenger,"Samsun, Turkiye",N/A,3,Cagla Buyukakcay,Linda Klimovicova,game_handicap,player_a,-2.5,0.5374,1.86,,,,,1,72,1903315
2026-10-06 08:00,wta,WTA Challenger,"Samsun, Turkiye",N/A,3,Cagla Buyukakcay,Linda Klimovicova,game_handicap,player_b,2.5,0.4626,2.16,,,,,1,72,1903315
2026-10-06 08:00,wta,WTA Challenger,"Samsun, Turkiye",N/A,3,Elena Pridankina,Anna Blinkova,winner,player_a,,0.3128,3.2,2.8,0.3349,-2.2,-0.1242,0,81,1903323
2026-10-06 08:00,wta,WTA Challenger,"Samsun, Turkiye",N/A,3,Elena Pridankina,Anna Blinkova,winner,player_b,,0.6872,1.46,1.41,0.6651,2.2,-0.031,0,81,1903323
2026-10-06 08:00,wta,WTA Challenger,"Samsun, Turkiye",N/A,3,Elena Pridankina,Anna Blinkova,total_games,over,20.5,0.4521,2.21,1.9,0.4879,-3.6,-0.1411,1,81,1903323
2026-10-06 08:00,wta,WTA Challenger,"Samsun, Turkiye",N/A,3,Elena Pridankina,Anna Blinkova,total_games,under,20.5,0.5479,1.83,1.81,0.5121,3.6,-0.0082,1,81,1903323
2026-10-06 08:00,wta,WTA Challenger,"Samsun, Turkiye",N/A,3,Elena Pridankina,Anna Blinkova,p1_games,over,9.5,0.5098,1.96,1.8,0.5135,-0.4,-0.0823,1,81,1903323
2026-10-06 08:00,wta,WTA Challenger,"Samsun, Turkiye",N/A,3,Elena Pridankina,Anna Blinkova,p1_games,under,9.5,0.4902,2.04,1.9,0.4865,0.4,-0.0687,1,81,1903323
2026-10-06 08:00,wta,WTA Challenger,"Samsun, Turkiye",N/A,3,Elena Pridankina,Anna Blinkova,p2_games,over,12.5,0.3933,2.54,2.24,0.4136,-2.0,-0.119,1,81,1903323
2026-10-06 08:00,wta,WTA Challenger,"Samsun, Turkiye",N/A,3,Elena Pridankina,Anna Blinkova,p2_games,under,12.5,0.6067,1.65,1.58,0.5864,2.0,-0.0414,1,81,1903323
2026-10-06 08:00,wta,WTA Challenger,"Samsun, Turkiye",N/A,3,Elena Pridankina,Anna Blinkova,game_handicap,player_a,3.5,0.4312,2.32,,,,,1,81,1903323
2026-10-06 08:00,wta,WTA Challenger,"Samsun, Turkiye",N/A,3,Elena Pridankina,Anna Blinkova,game_handicap,player_b,-3.5,0.5688,1.76,,,,,1,81,1903323
2026-10-06 08:00,wta,WTA Challenger,"Samsun, Turkiye",N/A,3,Elvin Egribel,Caroline Werner,winner,player_a,,0.6685,1.5,,,,,0,41,1903416
2026-10-06 08:00,wta,WTA Challenger,"Samsun, Turkiye",N/A,3,Elvin Egribel,Caroline Werner,winner,player_b,,0.3315,3.02,,,,,0,41,1903416
2026-10-06 08:00,wta,WTA Challenger,"Samsun, Turkiye",N/A,3,Elvin Egribel,Caroline Werner,total_games,over,20.5,0.476,2.1,,,,,1,41,1903416
2026-10-06 08:00,wta,WTA Challenger,"Samsun, Turkiye",N/A,3,Elvin Egribel,Caroline Werner,total_games,under,20.5,0.524,1.91,,,,,1,41,1903416
2026-10-06 08:00,wta,WTA Challenger,"Samsun, Turkiye",N/A,3,Elvin Egribel,Caroline Werner,p1_games,over,12.5,0.4089,2.45,,,,,1,41,1903416
2026-10-06 08:00,wta,WTA Challenger,"Samsun, Turkiye",N/A,3,Elvin Egribel,Caroline Werner,p1_games,under,12.5,0.5911,1.69,,,,,1,41,1903416
2026-10-06 08:00,wta,WTA Challenger,"Samsun, Turkiye",N/A,3,Elvin Egribel,Caroline Werner,p2_games,over,11.5,0.4696,2.13,,,,,1,41,1903416
2026-10-06 08:00,wta,WTA Challenger,"Samsun, Turkiye",N/A,3,Elvin Egribel,Caroline Werner,p2_games,under,11.5,0.5304,1.89,,,,,1,41,1903416
2026-10-06 08:00,wta,WTA Challenger,"Samsun, Turkiye",N/A,3,Elvin Egribel,Caroline Werner,game_handicap,player_a,-3.5,0.5395,1.85,,,,,1,41,1903416
2026-10-06 08:00,wta,WTA Challenger,"Samsun, Turkiye",N/A,3,Elvin Egribel,Caroline Werner,game_handicap,player_b,3.5,0.4605,2.17,,,,,1,41,1903416
2026-10-06 08:00,wta,WTA Challenger,"Samsun, Turkiye",N/A,3,Emiliana Arango,Ayla Aksu,winner,player_a,,0.6958,1.44,1.41,0.6611,3.5,-0.0189,0,81,1903325
2026-10-06 08:00,wta,WTA Challenger,"Samsun, Turkiye",N/A,3,Emiliana Arango,Ayla Aksu,winner,player_b,,0.3042,3.29,2.75,0.3389,-3.5,-0.1635,0,81,1903325
2026-10-06 08:00,wta,WTA Challenger,"Samsun, Turkiye",N/A,3,Emiliana Arango,Ayla Aksu,total_games,over,20.5,0.4525,2.21,1.88,0.4933,-4.1,-0.1494,1,81,1903325
2026-10-06 08:00,wta,WTA Challenger,"Samsun, Turkiye",N/A,3,Emiliana Arango,Ayla Aksu,total_games,under,20.5,0.5475,1.83,1.83,0.5067,4.1,0.002,1,81,1903325
2026-10-06 08:00,wta,WTA Challenger,"Samsun, Turkiye",N/A,3,Emiliana Arango,Ayla Aksu,p1_games,over,12.5,0.3967,2.52,2.23,0.4147,-1.8,-0.1154,1,81,1903325
2026-10-06 08:00,wta,WTA Challenger,"Samsun, Turkiye",N/A,3,Emiliana Arango,Ayla Aksu,p1_games,under,12.5,0.6033,1.66,1.58,0.5853,1.8,-0.0467,1,81,1903325
2026-10-06 08:00,wta,WTA Challenger,"Samsun, Turkiye",N/A,3,Emiliana Arango,Ayla Aksu,p2_games,over,9.5,0.5022,1.99,1.79,0.5175,-1.5,-0.1011,1,81,1903325
2026-10-06 08:00,wta,WTA Challenger,"Samsun, Turkiye",N/A,3,Emiliana Arango,Ayla Aksu,p2_games,under,9.5,0.4978,2.01,1.92,0.4825,1.5,-0.0442,1,81,1903325
2026-10-06 08:00,wta,WTA Challenger,"Samsun, Turkiye",N/A,3,Emiliana Arango,Ayla Aksu,game_handicap,player_a,-3.5,0.5769,1.73,,,,,1,81,1903325
2026-10-06 08:00,wta,WTA Challenger,"Samsun, Turkiye",N/A,3,Emiliana Arango,Ayla Aksu,game_handicap,player_b,3.5,0.4231,2.36,,,,,1,81,1903325
2026-10-06 08:00,wta,WTA Challenger,"Samsun, Turkiye",N/A,3,Leolia Jeanjean,Mariam Bolkvadze,winner,player_a,,0.7807,1.28,,,,,0,75,1903414
2026-10-06 08:00,wta,WTA Challenger,"Samsun, Turkiye",N/A,3,Leolia Jeanjean,Mariam Bolkvadze,winner,player_b,,0.2193,4.56,,,,,0,75,1903414
2026-10-06 08:00,wta,WTA Challenger,"Samsun, Turkiye",N/A,3,Leolia Jeanjean,Mariam Bolkvadze,total_games,over,19.5,0.4655,2.15,,,,,1,75,1903414
2026-10-06 08:00,wta,WTA Challenger,"Samsun, Turkiye",N/A,3,Leolia Jeanjean,Mariam Bolkvadze,total_games,under,19.5,0.5345,1.87,,,,,1,75,1903414
2026-10-06 08:00,wta,WTA Challenger,"Samsun, Turkiye",N/A,3,Leolia Jeanjean,Mariam Bolkvadze,p1_games,over,12.5,0.3804,2.63,,,,,1,75,1903414
2026-10-06 08:00,wta,WTA Challenger,"Samsun, Turkiye",N/A,3,Leolia Jeanjean,Mariam Bolkvadze,p1_games,under,12.5,0.6196,1.61,,,,,1,75,1903414
2026-10-06 08:00,wta,WTA Challenger,"Samsun, Turkiye",N/A,3,Leolia Jeanjean,Mariam Bolkvadze,p2_games,over,8.5,0.448,2.23,,,,,1,75,1903414
2026-10-06 08:00,wta,WTA Challenger,"Samsun, Turkiye",N/A,3,Leolia Jeanjean,Mariam Bolkvadze,p2_games,under,8.5,0.552,1.81,,,,,1,75,1903414
2026-10-06 08:00,wta,WTA Challenger,"Samsun, Turkiye",N/A,3,Leolia Jeanjean,Mariam Bolkvadze,game_handicap,player_a,-4.5,0.5922,1.69,,,,,1,75,1903414
2026-10-06 08:00,wta,WTA Challenger,"Samsun, Turkiye",N/A,3,Leolia Jeanjean,Mariam Bolkvadze,game_handicap,player_b,4.5,0.4078,2.45,,,,,1,75,1903414
2026-10-06 08:00,wta,WTA Challenger,"Samsun, Turkiye",N/A,3,Lola Radivojevic,Oksana Selekhmeteva,winner,player_a,,0.2807,3.56,3.0,0.3119,-3.1,-0.158,0,81,1903324
2026-10-06 08:00,wta,WTA Challenger,"Samsun, Turkiye",N/A,3,Lola Radivojevic,Oksana Selekhmeteva,winner,player_b,,0.7193,1.39,1.36,0.6881,3.1,-0.0217,0,81,1903324
2026-10-06 08:00,wta,WTA Challenger,"Samsun, Turkiye",N/A,3,Lola Radivojevic,Oksana Selekhmeteva,total_games,over,21.5,0.398,2.51,1.93,0.4798,-8.2,-0.2318,1,81,1903324
2026-10-06 08:00,wta,WTA Challenger,"Samsun, Turkiye",N/A,3,Lola Radivojevic,Oksana Selekhmeteva,total_games,under,21.5,0.602,1.66,1.78,0.5202,8.2,0.0715,1,81,1903324
2026-10-06 08:00,wta,WTA Challenger,"Samsun, Turkiye",N/A,3,Lola Radivojevic,Oksana Selekhmeteva,p1_games,over,9.5,0.4775,2.09,1.86,0.4987,-2.1,-0.1119,1,81,1903324
2026-10-06 08:00,wta,WTA Challenger,"Samsun, Turkiye",N/A,3,Lola Radivojevic,Oksana Selekhmeteva,p1_games,under,9.5,0.5225,1.91,1.85,0.5013,2.1,-0.0333,1,81,1903324
2026-10-06 08:00,wta,WTA Challenger,"Samsun, Turkiye",N/A,3,Lola Radivojevic,Oksana Selekhmeteva,p2_games,over,12.5,0.3956,2.53,2.13,0.435,-3.9,-0.1575,1,81,1903324
2026-10-06 08:00,wta,WTA Challenger,"Samsun, Turkiye",N/A,3,Lola Radivojevic,Oksana Selekhmeteva,p2_games,under,12.5,0.6044,1.65,1.64,0.565,3.9,-0.0087,1,81,1903324
2026-10-06 08:00,wta,WTA Challenger,"Samsun, Turkiye",N/A,3,Lola Radivojevic,Oksana Selekhmeteva,game_handicap,player_a,4.5,0.4795,2.09,,,,,1,81,1903324
2026-10-06 08:00,wta,WTA Challenger,"Samsun, Turkiye",N/A,3,Lola Radivojevic,Oksana Selekhmeteva,game_handicap,player_b,-4.5,0.5205,1.92,,,,,1,81,1903324
2026-10-06 08:00,wta,WTA Challenger,"Samsun, Turkiye",N/A,3,Lucrezia Stefanini,Carole Monnet,winner,player_a,,0.5981,1.67,1.23,0.7625,-16.4,-0.2643,0,81,1903320
2026-10-06 08:00,wta,WTA Challenger,"Samsun, Turkiye",N/A,3,Lucrezia Stefanini,Carole Monnet,winner,player_b,,0.4019,2.49,3.95,0.2375,16.4,0.5874,0,81,1903320
2026-10-06 08:00,wta,WTA Challenger,"Samsun, Turkiye",N/A,3,Lucrezia Stefanini,Carole Monnet,total_games,over,19.5,0.5501,1.82,1.84,0.504,4.6,0.0122,1,81,1903320
2026-10-06 08:00,wta,WTA Challenger,"Samsun, Turkiye",N/A,3,Lucrezia Stefanini,Carole Monnet,total_games,under,19.5,0.4499,2.22,1.87,0.496,-4.6,-0.1587,1,81,1903320
2026-10-06 08:00,wta,WTA Challenger,"Samsun, Turkiye",N/A,3,Lucrezia Stefanini,Carole Monnet,p1_games,over,12.5,0.3972,2.52,2.32,0.399,-0.2,-0.0785,1,81,1903320
2026-10-06 08:00,wta,WTA Challenger,"Samsun, Turkiye",N/A,3,Lucrezia Stefanini,Carole Monnet,p1_games,under,12.5,0.6028,1.66,1.54,0.601,0.2,-0.0717,1,81,1903320
2026-10-06 08:00,wta,WTA Challenger,"Samsun, Turkiye",N/A,3,Lucrezia Stefanini,Carole Monnet,p2_games,over,7.5,0.688,1.45,1.82,0.5081,18.0,0.2521,1,81,1903320
2026-10-06 08:00,wta,WTA Challenger,"Samsun, Turkiye",N/A,3,Lucrezia Stefanini,Carole Monnet,p2_games,under,7.5,0.312,3.2,1.88,0.4919,-18.0,-0.4133,1,81,1903320
2026-10-06 08:00,wta,WTA Challenger,"Samsun, Turkiye",N/A,3,Lucrezia Stefanini,Carole Monnet,game_handicap,player_a,-2.5,0.5232,1.91,,,,,1,81,1903320
2026-10-06 08:00,wta,WTA Challenger,"Samsun, Turkiye",N/A,3,Lucrezia Stefanini,Carole Monnet,game_handicap,player_b,2.5,0.4768,2.1,,,,,1,81,1903320
2026-10-06 08:00,wta,WTA Challenger,"Samsun, Turkiye",N/A,3,Simona Waltert,Melisa Ercan,winner,player_a,,0.6036,1.66,1.14,0.8202,-21.7,-0.3119,0,72,1903317
2026-10-06 08:00,wta,WTA Challenger,"Samsun, Turkiye",N/A,3,Simona Waltert,Melisa Ercan,winner,player_b,,0.3964,2.52,5.2,0.1798,21.7,1.0615,0,72,1903317
2026-10-06 08:00,wta,WTA Challenger,"Samsun, Turkiye",N/A,3,Simona Waltert,Melisa Ercan,total_games,over,18.5,0.6207,1.61,1.77,0.5229,9.8,0.0986,1,72,1903317
2026-10-06 08:00,wta,WTA Challenger,"Samsun, Turkiye",N/A,3,Simona Waltert,Melisa Ercan,total_games,under,18.5,0.3793,2.64,1.94,0.4771,-9.8,-0.2642,1,72,1903317
2026-10-06 08:00,wta,WTA Challenger,"Samsun, Turkiye",N/A,3,Simona Waltert,Melisa Ercan,p1_games,over,12.5,0.3962,2.52,2.39,0.3872,0.9,-0.0531,1,72,1903317
2026-10-06 08:00,wta,WTA Challenger,"Samsun, Turkiye",N/A,3,Simona Waltert,Melisa Ercan,p1_games,under,12.5,0.6038,1.66,1.51,0.6128,-0.9,-0.0882,1,72,1903317
2026-10-06 08:00,wta,WTA Challenger,"Samsun, Turkiye",N/A,3,Simona Waltert,Melisa Ercan,p2_games,over,6.5,0.7366,1.36,1.74,0.5323,20.4,0.2817,1,72,1903317
2026-10-06 08:00,wta,WTA Challenger,"Samsun, Turkiye",N/A,3,Simona Waltert,Melisa Ercan,p2_games,under,6.5,0.2634,3.8,1.98,0.4677,-20.4,-0.4785,1,72,1903317
2026-10-06 08:00,wta,WTA Challenger,"Samsun, Turkiye",N/A,3,Simona Waltert,Melisa Ercan,game_handicap,player_a,-2.5,0.53,1.89,,,,,1,72,1903317
2026-10-06 08:00,wta,WTA Challenger,"Samsun, Turkiye",N/A,3,Simona Waltert,Melisa Ercan,game_handicap,player_b,2.5,0.47,2.13,,,,,1,72,1903317
2026-10-06 08:00,wta,WTA Challenger,"Samsun, Turkiye",N/A,3,Teodora Kostovic,Noma Noha Akugue,winner,player_a,,0.5629,1.78,,,,,0,75,1903413
2026-10-06 08:00,wta,WTA Challenger,"Samsun, Turkiye",N/A,3,Teodora Kostovic,Noma Noha Akugue,winner,player_b,,0.4371,2.29,,,,,0,75,1903413
2026-10-06 08:00,wta,WTA Challenger,"Samsun, Turkiye",N/A,3,Teodora Kostovic,Noma Noha Akugue,total_games,over,20.5,0.4987,2.01,,,,,1,75,1903413
2026-10-06 08:00,wta,WTA Challenger,"Samsun, Turkiye",N/A,3,Teodora Kostovic,Noma Noha Akugue,total_games,under,20.5,0.5013,1.99,,,,,1,75,1903413
2026-10-06 08:00,wta,WTA Challenger,"Samsun, Turkiye",N/A,3,Teodora Kostovic,Noma Noha Akugue,p1_games,over,12.5,0.3969,2.52,,,,,1,75,1903413
2026-10-06 08:00,wta,WTA Challenger,"Samsun, Turkiye",N/A,3,Teodora Kostovic,Noma Noha Akugue,p1_games,under,12.5,0.6031,1.66,,,,,1,75,1903413
2026-10-06 08:00,wta,WTA Challenger,"Samsun, Turkiye",N/A,3,Teodora Kostovic,Noma Noha Akugue,p2_games,over,12.5,0.3595,2.78,,,,,1,75,1903413
2026-10-06 08:00,wta,WTA Challenger,"Samsun, Turkiye",N/A,3,Teodora Kostovic,Noma Noha Akugue,p2_games,under,12.5,0.6405,1.56,,,,,1,75,1903413
2026-10-06 08:00,wta,WTA Challenger,"Samsun, Turkiye",N/A,3,Teodora Kostovic,Noma Noha Akugue,game_handicap,player_a,-1.5,0.5228,1.91,,,,,1,75,1903413
2026-10-06 08:00,wta,WTA Challenger,"Samsun, Turkiye",N/A,3,Teodora Kostovic,Noma Noha Akugue,game_handicap,player_b,1.5,0.4772,2.1,,,,,1,75,1903413
2026-10-06 02:00,atp,ATP Challenger,"Wuning 3, China",N/A,3,Masamichi Imamura,Kaichi Uchida,winner,player_a,,0.5569,1.8,1.53,0.6107,-5.4,-0.1479,0,88,1903373
2026-10-06 02:00,atp,ATP Challenger,"Wuning 3, China",N/A,3,Masamichi Imamura,Kaichi Uchida,winner,player_b,,0.4431,2.26,2.4,0.3893,5.4,0.0634,0,88,1903373
2026-10-06 02:00,atp,ATP Challenger,"Wuning 3, China",N/A,3,Masamichi Imamura,Kaichi Uchida,total_games,over,21.5,0.5516,1.81,1.79,0.5175,3.4,-0.0126,0,88,1903373
2026-10-06 02:00,atp,ATP Challenger,"Wuning 3, China",N/A,3,Masamichi Imamura,Kaichi Uchida,total_games,under,21.5,0.4484,2.23,1.92,0.4825,-3.4,-0.1392,0,88,1903373
2026-10-06 02:00,atp,ATP Challenger,"Wuning 3, China",N/A,3,Masamichi Imamura,Kaichi Uchida,p1_games,over,12.5,0.4823,2.07,1.88,0.4919,-1.0,-0.0932,0,88,1903373
2026-10-06 02:00,atp,ATP Challenger,"Wuning 3, China",N/A,3,Masamichi Imamura,Kaichi Uchida,p1_games,under,12.5,0.5177,1.93,1.82,0.5081,1.0,-0.0578,0,88,1903373
2026-10-06 02:00,atp,ATP Challenger,"Wuning 3, China",N/A,3,Masamichi Imamura,Kaichi Uchida,p2_games,over,11.5,0.6212,1.61,1.67,0.5535,6.8,0.0374,0,88,1903373
2026-10-06 02:00,atp,ATP Challenger,"Wuning 3, China",N/A,3,Masamichi Imamura,Kaichi Uchida,p2_games,under,11.5,0.3788,2.64,2.07,0.4465,-6.8,-0.2159,0,88,1903373
2026-10-06 02:00,atp,ATP Challenger,"Wuning 3, China",N/A,3,Masamichi Imamura,Kaichi Uchida,game_handicap,player_a,-1.5,0.5055,1.98,,,,,0,88,1903373
2026-10-06 02:00,atp,ATP Challenger,"Wuning 3, China",N/A,3,Masamichi Imamura,Kaichi Uchida,game_handicap,player_b,1.5,0.4945,2.02,,,,,0,88,1903373
2026-10-06 02:00,atp,ATP Challenger,"Wuning 3, China",N/A,3,Max Purcell,Filip Peliwo,winner,player_a,,0.9011,1.11,1.03,0.9066,-0.5,-0.0718,0,81,1903387
2026-10-06 02:00,atp,ATP Challenger,"Wuning 3, China",N/A,3,Max Purcell,Filip Peliwo,winner,player_b,,0.0989,10.11,10.0,0.0934,0.5,-0.0112,0,81,1903387
2026-10-06 02:00,atp,ATP Challenger,"Wuning 3, China",N/A,3,Max Purcell,Filip Peliwo,total_games,over,19.5,0.4313,2.32,2.03,0.4558,-2.4,-0.1244,1,81,1903387
2026-10-06 02:00,atp,ATP Challenger,"Wuning 3, China",N/A,3,Max Purcell,Filip Peliwo,total_games,under,19.5,0.5687,1.76,1.7,0.5442,2.4,-0.0332,1,81,1903387
2026-10-06 02:00,atp,ATP Challenger,"Wuning 3, China",N/A,3,Max Purcell,Filip Peliwo,p1_games,over,12.5,0.3849,2.6,2.2,0.4211,-3.6,-0.1532,1,81,1903387
2026-10-06 02:00,atp,ATP Challenger,"Wuning 3, China",N/A,3,Max Purcell,Filip Peliwo,p1_games,under,12.5,0.6151,1.63,1.6,0.5789,3.6,-0.0158,1,81,1903387
2026-10-06 02:00,atp,ATP Challenger,"Wuning 3, China",N/A,3,Max Purcell,Filip Peliwo,p2_games,over,6.5,0.5073,1.97,1.74,0.5323,-2.5,-0.1174,1,81,1903387
2026-10-06 02:00,atp,ATP Challenger,"Wuning 3, China",N/A,3,Max Purcell,Filip Peliwo,p2_games,under,6.5,0.4927,2.03,1.98,0.4677,2.5,-0.0244,1,81,1903387
2026-10-06 02:00,atp,ATP Challenger,"Wuning 3, China",N/A,3,Max Purcell,Filip Peliwo,game_handicap,player_a,-5.5,0.5631,1.78,,,,,1,81,1903387
2026-10-06 02:00,atp,ATP Challenger,"Wuning 3, China",N/A,3,Max Purcell,Filip Peliwo,game_handicap,player_b,5.5,0.4369,2.29,,,,,1,81,1903387
2026-10-06 02:00,atp,ATP Challenger,"Wuning 3, China",N/A,3,Omar Jasika,Martin Borisiouk,winner,player_a,,0.5432,1.84,1.9,0.492,5.1,0.0322,0,81,1903388
2026-10-06 02:00,atp,ATP Challenger,"Wuning 3, China",N/A,3,Omar Jasika,Martin Borisiouk,winner,player_b,,0.4568,2.19,1.84,0.508,-5.1,-0.1596,0,81,1903388
2026-10-06 02:00,atp,ATP Challenger,"Wuning 3, China",N/A,3,Omar Jasika,Martin Borisiouk,total_games,over,22.5,0.4666,2.14,1.97,0.4704,-0.4,-0.0808,1,81,1903388
2026-10-06 02:00,atp,ATP Challenger,"Wuning 3, China",N/A,3,Omar Jasika,Martin Borisiouk,total_games,under,22.5,0.5334,1.87,1.75,0.5296,0.4,-0.0665,1,81,1903388
2026-10-06 02:00,atp,ATP Challenger,"Wuning 3, China",N/A,3,Omar Jasika,Martin Borisiouk,p1_games,over,12.5,0.4624,2.16,2.04,0.4545,0.8,-0.0567,1,81,1903388
2026-10-06 02:00,atp,ATP Challenger,"Wuning 3, China",N/A,3,Omar Jasika,Martin Borisiouk,p1_games,under,12.5,0.5376,1.86,1.7,0.5455,-0.8,-0.0861,1,81,1903388
2026-10-06 02:00,atp,ATP Challenger,"Wuning 3, China",N/A,3,Omar Jasika,Martin Borisiouk,p2_games,over,12.5,0.4321,2.31,2.02,0.4584,-2.6,-0.1271,1,81,1903388
2026-10-06 02:00,atp,ATP Challenger,"Wuning 3, China",N/A,3,Omar Jasika,Martin Borisiouk,p2_games,under,12.5,0.5679,1.76,1.71,0.5416,2.6,-0.0289,1,81,1903388
2026-10-06 02:00,atp,ATP Challenger,"Wuning 3, China",N/A,3,Omar Jasika,Martin Borisiouk,game_handicap,player_a,-0.5,0.5275,1.9,,,,,1,81,1903388
2026-10-06 02:00,atp,ATP Challenger,"Wuning 3, China",N/A,3,Omar Jasika,Martin Borisiouk,game_handicap,player_b,0.5,0.4725,2.12,,,,,1,81,1903388
2026-10-06 03:30,atp,ATP Challenger,"Wuning 3, China",N/A,3,Fajing Sun,Aoran Wang,winner,player_a,,0.8407,1.19,1.07,0.8706,-3.0,-0.1004,0,88,1903374
2026-10-06 03:30,atp,ATP Challenger,"Wuning 3, China",N/A,3,Fajing Sun,Aoran Wang,winner,player_b,,0.1593,6.28,7.2,0.1294,3.0,0.1467,0,88,1903374
2026-10-06 03:30,atp,ATP Challenger,"Wuning 3, China",N/A,3,Fajing Sun,Aoran Wang,total_games,over,20.5,0.4757,2.1,1.85,0.5013,-2.6,-0.1199,0,88,1903374
2026-10-06 03:30,atp,ATP Challenger,"Wuning 3, China",N/A,3,Fajing Sun,Aoran Wang,total_games,under,20.5,0.5243,1.91,1.86,0.4987,2.6,-0.0248,0,88,1903374
2026-10-06 03:30,atp,ATP Challenger,"Wuning 3, China",N/A,3,Fajing Sun,Aoran Wang,p1_games,over,12.5,0.4699,2.13,1.78,0.5202,-5.0,-0.1636,0,88,1903374
2026-10-06 03:30,atp,ATP Challenger,"Wuning 3, China",N/A,3,Fajing Sun,Aoran Wang,p1_games,under,12.5,0.5301,1.89,1.93,0.4798,5.0,0.0232,0,88,1903374
2026-10-06 03:30,atp,ATP Challenger,"Wuning 3, China",N/A,3,Fajing Sun,Aoran Wang,p2_games,over,8.5,0.4644,2.15,2.02,0.4584,0.6,-0.0619,0,88,1903374
2026-10-06 03:30,atp,ATP Challenger,"Wuning 3, China",N/A,3,Fajing Sun,Aoran Wang,p2_games,under,8.5,0.5356,1.87,1.71,0.5416,-0.6,-0.0842,0,88,1903374
2026-10-06 03:30,atp,ATP Challenger,"Wuning 3, China",N/A,3,Fajing Sun,Aoran Wang,game_handicap,player_a,-4.5,0.5533,1.81,,,,,0,88,1903374
2026-10-06 03:30,atp,ATP Challenger,"Wuning 3, China",N/A,3,Fajing Sun,Aoran Wang,game_handicap,player_b,4.5,0.4467,2.24,,,,,0,88,1903374
2026-10-06 03:30,atp,ATP Challenger,"Wuning 3, China",N/A,3,Keegan Smith,Hiroki Moriya,winner,player_a,,0.6703,1.49,1.36,0.6845,-1.4,-0.0884,0,88,1903370
2026-10-06 03:30,atp,ATP Challenger,"Wuning 3, China",N/A,3,Keegan Smith,Hiroki Moriya,winner,player_b,,0.3297,3.03,2.95,0.3155,1.4,-0.0273,0,88,1903370
2026-10-06 03:30,atp,ATP Challenger,"Wuning 3, China",N/A,3,Keegan Smith,Hiroki Moriya,total_games,over,22.5,0.4497,2.22,1.93,0.4798,-3.0,-0.1321,0,88,1903370
2026-10-06 03:30,atp,ATP Challenger,"Wuning 3, China",N/A,3,Keegan Smith,Hiroki Moriya,total_games,under,22.5,0.5503,1.82,1.78,0.5202,3.0,-0.0204,0,88,1903370
2026-10-06 03:30,atp,ATP Challenger,"Wuning 3, China",N/A,3,Keegan Smith,Hiroki Moriya,p1_games,over,12.5,0.4965,2.01,1.7,0.5455,-4.9,-0.1559,0,88,1903370
2026-10-06 03:30,atp,ATP Challenger,"Wuning 3, China",N/A,3,Keegan Smith,Hiroki Moriya,p1_games,under,12.5,0.5035,1.99,2.04,0.4545,4.9,0.027,0,88,1903370
2026-10-06 03:30,atp,ATP Challenger,"Wuning 3, China",N/A,3,Keegan Smith,Hiroki Moriya,p2_games,over,11.5,0.5093,1.96,1.83,0.5054,0.4,-0.068,0,88,1903370
2026-10-06 03:30,atp,ATP Challenger,"Wuning 3, China",N/A,3,Keegan Smith,Hiroki Moriya,p2_games,under,11.5,0.4907,2.04,1.87,0.4946,-0.4,-0.0824,0,88,1903370
2026-10-06 03:30,atp,ATP Challenger,"Wuning 3, China",N/A,3,Keegan Smith,Hiroki Moriya,game_handicap,player_a,-2.5,0.5738,1.74,,,,,0,88,1903370
2026-10-06 03:30,atp,ATP Challenger,"Wuning 3, China",N/A,3,Keegan Smith,Hiroki Moriya,game_handicap,player_b,2.5,0.4262,2.35,,,,,0,88,1903370
2026-10-06 03:30,atp,ATP Challenger,"Wuning 3, China",N/A,3,Keisuke Saitoh,Dominik Palan,winner,player_a,,0.4293,2.33,1.83,0.5107,-8.1,-0.2145,0,78,1903389
2026-10-06 03:30,atp,ATP Challenger,"Wuning 3, China",N/A,3,Keisuke Saitoh,Dominik Palan,winner,player_b,,0.5707,1.75,1.91,0.4893,8.1,0.0901,0,78,1903389
2026-10-06 03:30,atp,ATP Challenger,"Wuning 3, China",N/A,3,Keisuke Saitoh,Dominik Palan,total_games,over,23.5,0.4474,2.24,,,,,1,78,1903389
2026-10-06 03:30,atp,ATP Challenger,"Wuning 3, China",N/A,3,Keisuke Saitoh,Dominik Palan,total_games,under,23.5,0.5526,1.81,,,,,1,78,1903389
2026-10-06 03:30,atp,ATP Challenger,"Wuning 3, China",N/A,3,Keisuke Saitoh,Dominik Palan,p1_games,over,12.5,0.4707,2.12,,,,,1,78,1903389
2026-10-06 03:30,atp,ATP Challenger,"Wuning 3, China",N/A,3,Keisuke Saitoh,Dominik Palan,p1_games,under,12.5,0.5293,1.89,,,,,1,78,1903389
2026-10-06 03:30,atp,ATP Challenger,"Wuning 3, China",N/A,3,Keisuke Saitoh,Dominik Palan,p2_games,over,13.5,0.3522,2.84,,,,,1,78,1903389
2026-10-06 03:30,atp,ATP Challenger,"Wuning 3, China",N/A,3,Keisuke Saitoh,Dominik Palan,p2_games,under,13.5,0.6478,1.54,,,,,1,78,1903389
2026-10-06 03:30,atp,ATP Challenger,"Wuning 3, China",N/A,3,Keisuke Saitoh,Dominik Palan,game_handicap,player_a,1.5,0.485,2.06,,,,,1,78,1903389
2026-10-06 03:30,atp,ATP Challenger,"Wuning 3, China",N/A,3,Keisuke Saitoh,Dominik Palan,game_handicap,player_b,-1.5,0.515,1.94,,,,,1,78,1903389
2026-10-06 05:00,atp,ATP Challenger,"Wuning 3, China",N/A,3,Mitsuki Wei Kang Leong,Sidharth Rawat,winner,player_a,,0.759,1.32,1.21,0.7721,-1.3,-0.0816,0,88,1903371
2026-10-06 05:00,atp,ATP Challenger,"Wuning 3, China",N/A,3,Mitsuki Wei Kang Leong,Sidharth Rawat,winner,player_b,,0.241,4.15,4.1,0.2279,1.3,-0.012,0,88,1903371
2026-10-06 05:00,atp,ATP Challenger,"Wuning 3, China",N/A,3,Mitsuki Wei Kang Leong,Sidharth Rawat,total_games,over,20.5,0.4953,2.02,1.94,0.4771,1.8,-0.0391,0,88,1903371
2026-10-06 05:00,atp,ATP Challenger,"Wuning 3, China",N/A,3,Mitsuki Wei Kang Leong,Sidharth Rawat,total_games,under,20.5,0.5047,1.98,1.77,0.5229,-1.8,-0.1067,0,88,1903371
2026-10-06 05:00,atp,ATP Challenger,"Wuning 3, China",N/A,3,Mitsuki Wei Kang Leong,Sidharth Rawat,p1_games,over,12.5,0.4595,2.18,1.95,0.4744,-1.5,-0.104,0,88,1903371
2026-10-06 05:00,atp,ATP Challenger,"Wuning 3, China",N/A,3,Mitsuki Wei Kang Leong,Sidharth Rawat,p1_games,under,12.5,0.5405,1.85,1.76,0.5256,1.5,-0.0487,0,88,1903371
2026-10-06 05:00,atp,ATP Challenger,"Wuning 3, China",N/A,3,Mitsuki Wei Kang Leong,Sidharth Rawat,p2_games,over,8.5,0.528,1.89,1.82,0.5081,2.0,-0.039,0,88,1903371
2026-10-06 05:00,atp,ATP Challenger,"Wuning 3, China",N/A,3,Mitsuki Wei Kang Leong,Sidharth Rawat,p2_games,under,8.5,0.472,2.12,1.88,0.4919,-2.0,-0.1127,0,88,1903371
2026-10-06 05:00,atp,ATP Challenger,"Wuning 3, China",N/A,3,Mitsuki Wei Kang Leong,Sidharth Rawat,game_handicap,player_a,-4.5,0.5076,1.97,,,,,0,88,1903371
2026-10-06 05:00,atp,ATP Challenger,"Wuning 3, China",N/A,3,Mitsuki Wei Kang Leong,Sidharth Rawat,game_handicap,player_b,4.5,0.4924,2.03,,,,,0,88,1903371
2026-10-06 05:00,atp,ATP Challenger,"Wuning 3, China",N/A,3,Ryan Seggerman,Hikaru Shiraishi,winner,player_a,,0.7179,1.39,1.24,0.7564,-3.9,-0.1099,0,88,1903392
2026-10-06 05:00,atp,ATP Challenger,"Wuning 3, China",N/A,3,Ryan Seggerman,Hikaru Shiraishi,winner,player_b,,0.2821,3.54,3.85,0.2436,3.9,0.0862,0,88,1903392
2026-10-06 05:00,atp,ATP Challenger,"Wuning 3, China",N/A,3,Ryan Seggerman,Hikaru Shiraishi,total_games,over,21.5,0.5259,1.9,1.86,0.4973,2.9,-0.0218,0,88,1903392
2026-10-06 05:00,atp,ATP Challenger,"Wuning 3, China",N/A,3,Ryan Seggerman,Hikaru Shiraishi,total_games,under,21.5,0.4741,2.11,1.84,0.5027,-2.9,-0.1277,0,88,1903392
2026-10-06 05:00,atp,ATP Challenger,"Wuning 3, China",N/A,3,Ryan Seggerman,Hikaru Shiraishi,p1_games,over,12.5,0.5193,1.93,1.78,0.5202,-0.1,-0.0757,0,88,1903392
2026-10-06 05:00,atp,ATP Challenger,"Wuning 3, China",N/A,3,Ryan Seggerman,Hikaru Shiraishi,p1_games,under,12.5,0.4807,2.08,1.93,0.4798,0.1,-0.0722,0,88,1903392
2026-10-06 05:00,atp,ATP Challenger,"Wuning 3, China",N/A,3,Ryan Seggerman,Hikaru Shiraishi,p2_games,over,9.5,0.5572,1.79,1.85,0.5,5.7,0.0308,0,88,1903392
2026-10-06 05:00,atp,ATP Challenger,"Wuning 3, China",N/A,3,Ryan Seggerman,Hikaru Shiraishi,p2_games,under,9.5,0.4428,2.26,1.85,0.5,-5.7,-0.1808,0,88,1903392
2026-10-06 05:00,atp,ATP Challenger,"Wuning 3, China",N/A,3,Ryan Seggerman,Hikaru Shiraishi,game_handicap,player_a,-3.5,0.5256,1.9,,,,,0,88,1903392
2026-10-06 05:00,atp,ATP Challenger,"Wuning 3, China",N/A,3,Ryan Seggerman,Hikaru Shiraishi,game_handicap,player_b,3.5,0.4744,2.11,,,,,0,88,1903392
2026-10-06 06:30,atp,ATP Challenger,"Wuning 3, China",N/A,3,Evan Zhu,Koki Matsuda,winner,player_a,,0.3495,2.86,1.34,0.6982,-34.9,-0.5316,0,88,1903377
2026-10-06 06:30,atp,ATP Challenger,"Wuning 3, China",N/A,3,Evan Zhu,Koki Matsuda,winner,player_b,,0.6505,1.54,3.1,0.3018,34.9,1.0165,0,88,1903377
2026-10-06 06:30,atp,ATP Challenger,"Wuning 3, China",N/A,3,Evan Zhu,Koki Matsuda,total_games,over,21.5,0.523,1.91,1.77,0.5229,0.0,-0.0743,0,88,1903377
2026-10-06 06:30,atp,ATP Challenger,"Wuning 3, China",N/A,3,Evan Zhu,Koki Matsuda,total_games,under,21.5,0.477,2.1,1.94,0.4771,-0.0,-0.0746,0,88,1903377
2026-10-06 06:30,atp,ATP Challenger,"Wuning 3, China",N/A,3,Evan Zhu,Koki Matsuda,p1_games,over,12.5,0.386,2.59,1.78,0.5202,-13.4,-0.313,0,88,1903377
2026-10-06 06:30,atp,ATP Challenger,"Wuning 3, China",N/A,3,Evan Zhu,Koki Matsuda,p1_games,under,12.5,0.614,1.63,1.93,0.4798,13.4,0.1851,0,88,1903377
2026-10-06 06:30,atp,ATP Challenger,"Wuning 3, China",N/A,3,Evan Zhu,Koki Matsuda,p2_games,over,10.5,0.8089,1.24,1.81,0.5121,29.7,0.4641,0,88,1903377
2026-10-06 06:30,atp,ATP Challenger,"Wuning 3, China",N/A,3,Evan Zhu,Koki Matsuda,p2_games,under,10.5,0.1911,5.23,1.9,0.4879,-29.7,-0.6369,0,88,1903377
2026-10-06 06:30,atp,ATP Challenger,"Wuning 3, China",N/A,3,Evan Zhu,Koki Matsuda,game_handicap,player_a,2.5,0.4466,2.24,,,,,0,88,1903377
2026-10-06 06:30,atp,ATP Challenger,"Wuning 3, China",N/A,3,Evan Zhu,Koki Matsuda,game_handicap,player_b,-2.5,0.5534,1.81,,,,,0,88,1903377
2026-10-06 06:30,atp,ATP Challenger,"Wuning 3, China",N/A,3,Jay Dylan Friend,Yuta Kikuchi,winner,player_a,,0.8567,1.17,1.15,0.813,4.4,-0.0148,0,81,1903391
2026-10-06 06:30,atp,ATP Challenger,"Wuning 3, China",N/A,3,Jay Dylan Friend,Yuta Kikuchi,winner,player_b,,0.1433,6.98,5.0,0.187,-4.4,-0.2835,0,81,1903391
2026-10-06 06:30,atp,ATP Challenger,"Wuning 3, China",N/A,3,Jay Dylan Friend,Yuta Kikuchi,total_games,over,19.5,0.4818,2.08,,,,,0,81,1903391
2026-10-06 06:30,atp,ATP Challenger,"Wuning 3, China",N/A,3,Jay Dylan Friend,Yuta Kikuchi,total_games,under,19.5,0.5182,1.93,,,,,0,81,1903391
2026-10-06 06:30,atp,ATP Challenger,"Wuning 3, China",N/A,3,Jay Dylan Friend,Yuta Kikuchi,p1_games,over,12.5,0.4176,2.39,,,,,0,81,1903391
2026-10-06 06:30,atp,ATP Challenger,"Wuning 3, China",N/A,3,Jay Dylan Friend,Yuta Kikuchi,p1_games,under,12.5,0.5824,1.72,,,,,0,81,1903391
2026-10-06 06:30,atp,ATP Challenger,"Wuning 3, China",N/A,3,Jay Dylan Friend,Yuta Kikuchi,p2_games,over,7.5,0.4774,2.09,,,,,0,81,1903391
2026-10-06 06:30,atp,ATP Challenger,"Wuning 3, China",N/A,3,Jay Dylan Friend,Yuta Kikuchi,p2_games,under,7.5,0.5226,1.91,,,,,0,81,1903391
2026-10-06 06:30,atp,ATP Challenger,"Wuning 3, China",N/A,3,Jay Dylan Friend,Yuta Kikuchi,game_handicap,player_a,-5.5,0.506,1.98,,,,,0,81,1903391
2026-10-06 06:30,atp,ATP Challenger,"Wuning 3, China",N/A,3,Jay Dylan Friend,Yuta Kikuchi,game_handicap,player_b,5.5,0.494,2.02,,,,,0,81,1903391
2026-10-06 08:00,atp,ATP Challenger,"Wuning 3, China",N/A,3,Alibek Kachmazov,Charles Broom,winner,player_a,,0.4461,2.24,,,,,0,78,1903390
2026-10-06 08:00,atp,ATP Challenger,"Wuning 3, China",N/A,3,Alibek Kachmazov,Charles Broom,winner,player_b,,0.5539,1.81,,,,,0,78,1903390
2026-10-06 08:00,atp,ATP Challenger,"Wuning 3, China",N/A,3,Alibek Kachmazov,Charles Broom,total_games,over,22.5,0.48,2.08,,,,,0,78,1903390
2026-10-06 08:00,atp,ATP Challenger,"Wuning 3, China",N/A,3,Alibek Kachmazov,Charles Broom,total_games,under,22.5,0.52,1.92,,,,,0,78,1903390
2026-10-06 08:00,atp,ATP Challenger,"Wuning 3, China",N/A,3,Alibek Kachmazov,Charles Broom,p1_games,over,12.5,0.444,2.25,,,,,0,78,1903390
2026-10-06 08:00,atp,ATP Challenger,"Wuning 3, China",N/A,3,Alibek Kachmazov,Charles Broom,p1_games,under,12.5,0.556,1.8,,,,,0,78,1903390
2026-10-06 08:00,atp,ATP Challenger,"Wuning 3, China",N/A,3,Alibek Kachmazov,Charles Broom,p2_games,over,12.5,0.4821,2.07,,,,,0,78,1903390
2026-10-06 08:00,atp,ATP Challenger,"Wuning 3, China",N/A,3,Alibek Kachmazov,Charles Broom,p2_games,under,12.5,0.5179,1.93,,,,,0,78,1903390
2026-10-06 08:00,atp,ATP Challenger,"Wuning 3, China",N/A,3,Alibek Kachmazov,Charles Broom,game_handicap,player_a,1.5,0.4981,2.01,,,,,0,78,1903390
2026-10-06 08:00,atp,ATP Challenger,"Wuning 3, China",N/A,3,Alibek Kachmazov,Charles Broom,game_handicap,player_b,-1.5,0.5019,1.99,,,,,0,78,1903390
2026-10-06 08:00,atp,ATP Challenger,"Wuning 3, China",N/A,3,Kasidit Samrej,Enzo Aguiard,winner,player_a,,0.5893,1.7,,,,,0,81,1903375
2026-10-06 08:00,atp,ATP Challenger,"Wuning 3, China",N/A,3,Kasidit Samrej,Enzo Aguiard,winner,player_b,,0.4107,2.44,,,,,0,81,1903375
2026-10-06 08:00,atp,ATP Challenger,"Wuning 3, China",N/A,3,Kasidit Samrej,Enzo Aguiard,total_games,over,22.5,0.4704,2.13,,,,,0,81,1903375
2026-10-06 08:00,atp,ATP Challenger,"Wuning 3, China",N/A,3,Kasidit Samrej,Enzo Aguiard,total_games,under,22.5,0.5296,1.89,,,,,0,81,1903375
2026-10-06 08:00,atp,ATP Challenger,"Wuning 3, China",N/A,3,Kasidit Samrej,Enzo Aguiard,p1_games,over,12.5,0.4853,2.06,,,,,0,81,1903375
2026-10-06 08:00,atp,ATP Challenger,"Wuning 3, China",N/A,3,Kasidit Samrej,Enzo Aguiard,p1_games,under,12.5,0.5147,1.94,,,,,0,81,1903375
2026-10-06 08:00,atp,ATP Challenger,"Wuning 3, China",N/A,3,Kasidit Samrej,Enzo Aguiard,p2_games,over,12.5,0.4219,2.37,,,,,0,81,1903375
2026-10-06 08:00,atp,ATP Challenger,"Wuning 3, China",N/A,3,Kasidit Samrej,Enzo Aguiard,p2_games,under,12.5,0.5781,1.73,,,,,0,81,1903375
2026-10-06 08:00,atp,ATP Challenger,"Wuning 3, China",N/A,3,Kasidit Samrej,Enzo Aguiard,game_handicap,player_a,-1.5,0.5392,1.85,,,,,0,81,1903375
2026-10-06 08:00,atp,ATP Challenger,"Wuning 3, China",N/A,3,Kasidit Samrej,Enzo Aguiard,game_handicap,player_b,1.5,0.4608,2.17,,,,,0,81,1903375
2026-10-06 09:00,atp,ATP Challenger,"Palermo, Italy",Clay,3,Carlo Alberto Caniato,Max Wiskandt,winner,player_a,,0.7432,1.35,1.21,0.7721,-2.9,-0.1007,0,100,1903396
2026-10-06 09:00,atp,ATP Challenger,"Palermo, Italy",Clay,3,Carlo Alberto Caniato,Max Wiskandt,winner,player_b,,0.2568,3.89,4.1,0.2279,2.9,0.0529,0,100,1903396
2026-10-06 09:00,atp,ATP Challenger,"Palermo, Italy",Clay,3,Carlo Alberto Caniato,Max Wiskandt,total_games,over,21.5,0.4899,2.04,,,,,0,100,1903396
2026-10-06 09:00,atp,ATP Challenger,"Palermo, Italy",Clay,3,Carlo Alberto Caniato,Max Wiskandt,total_games,under,21.5,0.5101,1.96,,,,,0,100,1903396
2026-10-06 09:00,atp,ATP Challenger,"Palermo, Italy",Clay,3,Carlo Alberto Caniato,Max Wiskandt,p1_games,over,12.5,0.4962,2.02,,,,,0,100,1903396
2026-10-06 09:00,atp,ATP Challenger,"Palermo, Italy",Clay,3,Carlo Alberto Caniato,Max Wiskandt,p1_games,under,12.5,0.5038,1.98,,,,,0,100,1903396
2026-10-06 09:00,atp,ATP Challenger,"Palermo, Italy",Clay,3,Carlo Alberto Caniato,Max Wiskandt,p2_games,over,10.5,0.4702,2.13,,,,,0,100,1903396
2026-10-06 09:00,atp,ATP Challenger,"Palermo, Italy",Clay,3,Carlo Alberto Caniato,Max Wiskandt,p2_games,under,10.5,0.5298,1.89,,,,,0,100,1903396
2026-10-06 09:00,atp,ATP Challenger,"Palermo, Italy",Clay,3,Carlo Alberto Caniato,Max Wiskandt,game_handicap,player_a,-3.5,0.5692,1.76,,,,,0,100,1903396
2026-10-06 09:00,atp,ATP Challenger,"Palermo, Italy",Clay,3,Carlo Alberto Caniato,Max Wiskandt,game_handicap,player_b,3.5,0.4308,2.32,,,,,0,100,1903396
2026-10-06 09:00,atp,ATP Challenger,"Palermo, Italy",Clay,3,Carlos Sanchez Jover,Francesco Forti,winner,player_a,,0.4784,2.09,2.02,0.4628,1.6,-0.0337,0,100,1903397
2026-10-06 09:00,atp,ATP Challenger,"Palermo, Italy",Clay,3,Carlos Sanchez Jover,Francesco Forti,winner,player_b,,0.5216,1.92,1.74,0.5372,-1.6,-0.0924,0,100,1903397
2026-10-06 09:00,atp,ATP Challenger,"Palermo, Italy",Clay,3,Carlos Sanchez Jover,Francesco Forti,total_games,over,22.5,0.4687,2.13,,,,,0,100,1903397
2026-10-06 09:00,atp,ATP Challenger,"Palermo, Italy",Clay,3,Carlos Sanchez Jover,Francesco Forti,total_games,under,22.5,0.5313,1.88,,,,,0,100,1903397
2026-10-06 09:00,atp,ATP Challenger,"Palermo, Italy",Clay,3,Carlos Sanchez Jover,Francesco Forti,p1_games,over,12.5,0.4416,2.26,,,,,0,100,1903397
2026-10-06 09:00,atp,ATP Challenger,"Palermo, Italy",Clay,3,Carlos Sanchez Jover,Francesco Forti,p1_games,under,12.5,0.5584,1.79,,,,,0,100,1903397
2026-10-06 09:00,atp,ATP Challenger,"Palermo, Italy",Clay,3,Carlos Sanchez Jover,Francesco Forti,p2_games,over,12.5,0.4571,2.19,,,,,0,100,1903397
2026-10-06 09:00,atp,ATP Challenger,"Palermo, Italy",Clay,3,Carlos Sanchez Jover,Francesco Forti,p2_games,under,12.5,0.5429,1.84,,,,,0,100,1903397
2026-10-06 09:00,atp,ATP Challenger,"Palermo, Italy",Clay,3,Carlos Sanchez Jover,Francesco Forti,game_handicap,player_a,0.5,0.4939,2.02,,,,,0,100,1903397
2026-10-06 09:00,atp,ATP Challenger,"Palermo, Italy",Clay,3,Carlos Sanchez Jover,Francesco Forti,game_handicap,player_b,-0.5,0.5061,1.98,,,,,0,100,1903397
2026-10-06 09:00,atp,ATP Challenger,"Palermo, Italy",Clay,3,Jay Clarke,Gabriele Piraino,winner,player_a,,0.6833,1.46,,,,,0,94,1903400
2026-10-06 09:00,atp,ATP Challenger,"Palermo, Italy",Clay,3,Jay Clarke,Gabriele Piraino,winner,player_b,,0.3167,3.16,,,,,0,94,1903400
2026-10-06 09:00,atp,ATP Challenger,"Palermo, Italy",Clay,3,Jay Clarke,Gabriele Piraino,total_games,over,21.5,0.4785,2.09,,,,,0,94,1903400
2026-10-06 09:00,atp,ATP Challenger,"Palermo, Italy",Clay,3,Jay Clarke,Gabriele Piraino,total_games,under,21.5,0.5215,1.92,,,,,0,94,1903400
2026-10-06 09:00,atp,ATP Challenger,"Palermo, Italy",Clay,3,Jay Clarke,Gabriele Piraino,p1_games,over,12.5,0.4619,2.16,,,,,0,94,1903400
2026-10-06 09:00,atp,ATP Challenger,"Palermo, Italy",Clay,3,Jay Clarke,Gabriele Piraino,p1_games,under,12.5,0.5381,1.86,,,,,0,94,1903400
2026-10-06 09:00,atp,ATP Challenger,"Palermo, Italy",Clay,3,Jay Clarke,Gabriele Piraino,p2_games,over,11.5,0.4777,2.09,,,,,0,94,1903400
2026-10-06 09:00,atp,ATP Challenger,"Palermo, Italy",Clay,3,Jay Clarke,Gabriele Piraino,p2_games,under,11.5,0.5223,1.91,,,,,0,94,1903400
2026-10-06 09:00,atp,ATP Challenger,"Palermo, Italy",Clay,3,Jay Clarke,Gabriele Piraino,game_handicap,player_a,-3.5,0.5312,1.88,,,,,0,94,1903400
2026-10-06 09:00,atp,ATP Challenger,"Palermo, Italy",Clay,3,Jay Clarke,Gabriele Piraino,game_handicap,player_b,3.5,0.4688,2.13,,,,,0,94,1903400
2026-10-06 09:00,atp,ATP Challenger,"Palermo, Italy",Clay,3,Luca Potenza,Enrico Dalla Valle,winner,player_a,,0.2979,3.36,3.85,0.2436,5.4,0.1471,0,100,1903399
2026-10-06 09:00,atp,ATP Challenger,"Palermo, Italy",Clay,3,Luca Potenza,Enrico Dalla Valle,winner,player_b,,0.7021,1.42,1.24,0.7564,-5.4,-0.1295,0,100,1903399
2026-10-06 09:00,atp,ATP Challenger,"Palermo, Italy",Clay,3,Luca Potenza,Enrico Dalla Valle,total_games,over,21.5,0.4832,2.07,,,,,0,100,1903399
2026-10-06 09:00,atp,ATP Challenger,"Palermo, Italy",Clay,3,Luca Potenza,Enrico Dalla Valle,total_games,under,21.5,0.5168,1.93,,,,,0,100,1903399
2026-10-06 09:00,atp,ATP Challenger,"Palermo, Italy",Clay,3,Luca Potenza,Enrico Dalla Valle,p1_games,over,11.5,0.4645,2.15,,,,,0,100,1903399
2026-10-06 09:00,atp,ATP Challenger,"Palermo, Italy",Clay,3,Luca Potenza,Enrico Dalla Valle,p1_games,under,11.5,0.5355,1.87,,,,,0,100,1903399
2026-10-06 09:00,atp,ATP Challenger,"Palermo, Italy",Clay,3,Luca Potenza,Enrico Dalla Valle,p2_games,over,12.5,0.4739,2.11,,,,,0,100,1903399
2026-10-06 09:00,atp,ATP Challenger,"Palermo, Italy",Clay,3,Luca Potenza,Enrico Dalla Valle,p2_games,under,12.5,0.5261,1.9,,,,,0,100,1903399
2026-10-06 09:00,atp,ATP Challenger,"Palermo, Italy",Clay,3,Luca Potenza,Enrico Dalla Valle,game_handicap,player_a,3.5,0.457,2.19,,,,,0,100,1903399
2026-10-06 09:00,atp,ATP Challenger,"Palermo, Italy",Clay,3,Luca Potenza,Enrico Dalla Valle,game_handicap,player_b,-3.5,0.543,1.84,,,,,0,100,1903399
2026-10-06 09:00,atp,ATP Challenger,"Palermo, Italy",Clay,3,Michele Ribecai,Benito Sanchez Martinez,winner,player_a,,0.479,2.09,1.71,0.5464,-6.7,-0.181,0,94,1903394
2026-10-06 09:00,atp,ATP Challenger,"Palermo, Italy",Clay,3,Michele Ribecai,Benito Sanchez Martinez,winner,player_b,,0.521,1.92,2.06,0.4536,6.7,0.0734,0,94,1903394
2026-10-06 09:00,atp,ATP Challenger,"Palermo, Italy",Clay,3,Michele Ribecai,Benito Sanchez Martinez,total_games,over,22.5,0.4468,2.24,,,,,1,94,1903394
2026-10-06 09:00,atp,ATP Challenger,"Palermo, Italy",Clay,3,Michele Ribecai,Benito Sanchez Martinez,total_games,under,22.5,0.5532,1.81,,,,,1,94,1903394
2026-10-06 09:00,atp,ATP Challenger,"Palermo, Italy",Clay,3,Michele Ribecai,Benito Sanchez Martinez,p1_games,over,12.5,0.416,2.4,,,,,1,94,1903394
2026-10-06 09:00,atp,ATP Challenger,"Palermo, Italy",Clay,3,Michele Ribecai,Benito Sanchez Martinez,p1_games,under,12.5,0.584,1.71,,,,,1,94,1903394
2026-10-06 09:00,atp,ATP Challenger,"Palermo, Italy",Clay,3,Michele Ribecai,Benito Sanchez Martinez,p2_games,over,12.5,0.4299,2.33,,,,,1,94,1903394
2026-10-06 09:00,atp,ATP Challenger,"Palermo, Italy",Clay,3,Michele Ribecai,Benito Sanchez Martinez,p2_games,under,12.5,0.5701,1.75,,,,,1,94,1903394
2026-10-06 09:00,atp,ATP Challenger,"Palermo, Italy",Clay,3,Michele Ribecai,Benito Sanchez Martinez,game_handicap,player_a,0.5,0.4943,2.02,,,,,1,94,1903394
2026-10-06 09:00,atp,ATP Challenger,"Palermo, Italy",Clay,3,Michele Ribecai,Benito Sanchez Martinez,game_handicap,player_b,-0.5,0.5057,1.98,,,,,1,94,1903394
2026-10-06 09:00,atp,ATP Challenger,"Palermo, Italy",Clay,3,Oriol Roca Batalla,Francesco Passaro,winner,player_a,,0.4065,2.46,,,,,0,94,1903401
2026-10-06 09:00,atp,ATP Challenger,"Palermo, Italy",Clay,3,Oriol Roca Batalla,Francesco Passaro,winner,player_b,,0.5935,1.68,,,,,0,94,1903401
2026-10-06 09:00,atp,ATP Challenger,"Palermo, Italy",Clay,3,Oriol Roca Batalla,Francesco Passaro,total_games,over,22.5,0.482,2.07,,,,,0,94,1903401
2026-10-06 09:00,atp,ATP Challenger,"Palermo, Italy",Clay,3,Oriol Roca Batalla,Francesco Passaro,total_games,under,22.5,0.518,1.93,,,,,0,94,1903401
2026-10-06 09:00,atp,ATP Challenger,"Palermo, Italy",Clay,3,Oriol Roca Batalla,Francesco Passaro,p1_games,over,12.5,0.4329,2.31,,,,,0,94,1903401
2026-10-06 09:00,atp,ATP Challenger,"Palermo, Italy",Clay,3,Oriol Roca Batalla,Francesco Passaro,p1_games,under,12.5,0.5671,1.76,,,,,0,94,1903401
2026-10-06 09:00,atp,ATP Challenger,"Palermo, Italy",Clay,3,Oriol Roca Batalla,Francesco Passaro,p2_games,over,13.5,0.3314,3.02,,,,,0,94,1903401
2026-10-06 09:00,atp,ATP Challenger,"Palermo, Italy",Clay,3,Oriol Roca Batalla,Francesco Passaro,p2_games,under,13.5,0.6686,1.5,,,,,0,94,1903401
2026-10-06 09:00,atp,ATP Challenger,"Palermo, Italy",Clay,3,Oriol Roca Batalla,Francesco Passaro,game_handicap,player_a,1.5,0.4579,2.18,,,,,0,94,1903401
2026-10-06 09:00,atp,ATP Challenger,"Palermo, Italy",Clay,3,Oriol Roca Batalla,Francesco Passaro,game_handicap,player_b,-1.5,0.5421,1.84,,,,,0,94,1903401
2026-10-06 09:00,atp,ATP Challenger,"Palermo, Italy",Clay,3,Pierluigi Basile,Massimo Giunta,winner,player_a,,0.6577,1.52,1.72,0.5426,11.5,0.1313,0,100,1903395
2026-10-06 09:00,atp,ATP Challenger,"Palermo, Italy",Clay,3,Pierluigi Basile,Massimo Giunta,winner,player_b,,0.3423,2.92,2.04,0.4574,-11.5,-0.3018,0,100,1903395
2026-10-06 09:00,atp,ATP Challenger,"Palermo, Italy",Clay,3,Pierluigi Basile,Massimo Giunta,total_games,over,22.5,0.4733,2.11,,,,,0,100,1903395
2026-10-06 09:00,atp,ATP Challenger,"Palermo, Italy",Clay,3,Pierluigi Basile,Massimo Giunta,total_games,under,22.5,0.5267,1.9,,,,,0,100,1903395
2026-10-06 09:00,atp,ATP Challenger,"Palermo, Italy",Clay,3,Pierluigi Basile,Massimo Giunta,p1_games,over,13.5,0.3358,2.98,,,,,0,100,1903395
2026-10-06 09:00,atp,ATP Challenger,"Palermo, Italy",Clay,3,Pierluigi Basile,Massimo Giunta,p1_games,under,13.5,0.6642,1.51,,,,,0,100,1903395
2026-10-06 09:00,atp,ATP Challenger,"Palermo, Italy",Clay,3,Pierluigi Basile,Massimo Giunta,p2_games,over,12.5,0.4036,2.48,,,,,0,100,1903395
2026-10-06 09:00,atp,ATP Challenger,"Palermo, Italy",Clay,3,Pierluigi Basile,Massimo Giunta,p2_games,under,12.5,0.5964,1.68,,,,,0,100,1903395
2026-10-06 09:00,atp,ATP Challenger,"Palermo, Italy",Clay,3,Pierluigi Basile,Massimo Giunta,game_handicap,player_a,-2.5,0.5518,1.81,,,,,0,100,1903395
2026-10-06 09:00,atp,ATP Challenger,"Palermo, Italy",Clay,3,Pierluigi Basile,Massimo Giunta,game_handicap,player_b,2.5,0.4482,2.23,,,,,0,100,1903395
2026-10-06 09:00,atp,ATP Challenger,"Palermo, Italy",Clay,3,Samuele Pieri,Martin Krumich,winner,player_a,,0.4417,2.26,2.37,0.3939,4.8,0.0468,0,100,1903398
2026-10-06 09:00,atp,ATP Challenger,"Palermo, Italy",Clay,3,Samuele Pieri,Martin Krumich,winner,player_b,,0.5583,1.79,1.54,0.6061,-4.8,-0.1402,0,100,1903398
2026-10-06 09:00,atp,ATP Challenger,"Palermo, Italy",Clay,3,Samuele Pieri,Martin Krumich,total_games,over,22.5,0.4557,2.19,,,,,0,100,1903398
2026-10-06 09:00,atp,ATP Challenger,"Palermo, Italy",Clay,3,Samuele Pieri,Martin Krumich,total_games,under,22.5,0.5443,1.84,,,,,0,100,1903398
2026-10-06 09:00,atp,ATP Challenger,"Palermo, Italy",Clay,3,Samuele Pieri,Martin Krumich,p1_games,over,12.5,0.4145,2.41,,,,,0,100,1903398
2026-10-06 09:00,atp,ATP Challenger,"Palermo, Italy",Clay,3,Samuele Pieri,Martin Krumich,p1_games,under,12.5,0.5855,1.71,,,,,0,100,1903398
2026-10-06 09:00,atp,ATP Challenger,"Palermo, Italy",Clay,3,Samuele Pieri,Martin Krumich,p2_games,over,12.5,0.4551,2.2,,,,,0,100,1903398
2026-10-06 09:00,atp,ATP Challenger,"Palermo, Italy",Clay,3,Samuele Pieri,Martin Krumich,p2_games,under,12.5,0.5449,1.84,,,,,0,100,1903398
2026-10-06 09:00,atp,ATP Challenger,"Palermo, Italy",Clay,3,Samuele Pieri,Martin Krumich,game_handicap,player_a,1.5,0.4889,2.05,,,,,0,100,1903398
2026-10-06 09:00,atp,ATP Challenger,"Palermo, Italy",Clay,3,Samuele Pieri,Martin Krumich,game_handicap,player_b,-1.5,0.5111,1.96,,,,,0,100,1903398
