start_utc,tour,category,tournament,surface,best_of,player_a,player_b,market,selection,line,model_probability,fair_odds,bookmaker_odds,implied_fair,edge_pp,ev,low_confidence,data_quality,match_id
2026-10-06 21:00,atp,ATP Challenger,"Antofagasta, Chile",Clay,3,Joaquin Aguilar Cardozo,Nicolas Villalon,winner,player_a,,0.7778,1.29,,,,,0,94,1903455
2026-10-06 21:00,atp,ATP Challenger,"Antofagasta, Chile",Clay,3,Joaquin Aguilar Cardozo,Nicolas Villalon,winner,player_b,,0.2222,4.5,,,,,0,94,1903455
2026-10-06 21:00,atp,ATP Challenger,"Antofagasta, Chile",Clay,3,Joaquin Aguilar Cardozo,Nicolas Villalon,total_games,over,20.5,0.4583,2.18,,,,,0,94,1903455
2026-10-06 21:00,atp,ATP Challenger,"Antofagasta, Chile",Clay,3,Joaquin Aguilar Cardozo,Nicolas Villalon,total_games,under,20.5,0.5417,1.85,,,,,0,94,1903455
2026-10-06 21:00,atp,ATP Challenger,"Antofagasta, Chile",Clay,3,Joaquin Aguilar Cardozo,Nicolas Villalon,p1_games,over,12.5,0.4321,2.31,,,,,0,94,1903455
2026-10-06 21:00,atp,ATP Challenger,"Antofagasta, Chile",Clay,3,Joaquin Aguilar Cardozo,Nicolas Villalon,p1_games,under,12.5,0.5679,1.76,,,,,0,94,1903455
2026-10-06 21:00,atp,ATP Challenger,"Antofagasta, Chile",Clay,3,Joaquin Aguilar Cardozo,Nicolas Villalon,p2_games,over,8.5,0.4886,2.05,,,,,0,94,1903455
2026-10-06 21:00,atp,ATP Challenger,"Antofagasta, Chile",Clay,3,Joaquin Aguilar Cardozo,Nicolas Villalon,p2_games,under,8.5,0.5114,1.96,,,,,0,94,1903455
2026-10-06 21:00,atp,ATP Challenger,"Antofagasta, Chile",Clay,3,Joaquin Aguilar Cardozo,Nicolas Villalon,game_handicap,player_a,-4.5,0.5549,1.8,,,,,0,94,1903455
2026-10-06 21:00,atp,ATP Challenger,"Antofagasta, Chile",Clay,3,Joaquin Aguilar Cardozo,Nicolas Villalon,game_handicap,player_b,4.5,0.4451,2.25,,,,,0,94,1903455
2026-10-06 20:30,atp,ATP Challenger,"Palermo, Italy",Clay,3,Jay Clarke,Gabriele Piraino,winner,player_a,,0.6833,1.46,1.47,0.6388,4.4,0.0045,0,100,1903400
2026-10-06 20:30,atp,ATP Challenger,"Palermo, Italy",Clay,3,Jay Clarke,Gabriele Piraino,winner,player_b,,0.3167,3.16,2.6,0.3612,-4.4,-0.1766,0,100,1903400
2026-10-06 20:30,atp,ATP Challenger,"Palermo, Italy",Clay,3,Jay Clarke,Gabriele Piraino,total_games,over,21.5,0.4785,2.09,1.85,0.5,-2.1,-0.1148,0,100,1903400
2026-10-06 20:30,atp,ATP Challenger,"Palermo, Italy",Clay,3,Jay Clarke,Gabriele Piraino,total_games,under,21.5,0.5215,1.92,1.85,0.5,2.1,-0.0352,0,100,1903400
2026-10-06 20:30,atp,ATP Challenger,"Palermo, Italy",Clay,3,Jay Clarke,Gabriele Piraino,p1_games,over,12.5,0.4619,2.16,1.95,0.4744,-1.2,-0.0993,0,100,1903400
2026-10-06 20:30,atp,ATP Challenger,"Palermo, Italy",Clay,3,Jay Clarke,Gabriele Piraino,p1_games,under,12.5,0.5381,1.86,1.76,0.5256,1.2,-0.0529,0,100,1903400
2026-10-06 20:30,atp,ATP Challenger,"Palermo, Italy",Clay,3,Jay Clarke,Gabriele Piraino,p2_games,over,11.5,0.4777,2.09,1.8,0.5148,-3.7,-0.1401,0,100,1903400
2026-10-06 20:30,atp,ATP Challenger,"Palermo, Italy",Clay,3,Jay Clarke,Gabriele Piraino,p2_games,under,11.5,0.5223,1.91,1.91,0.4852,3.7,-0.0024,0,100,1903400
2026-10-06 20:30,atp,ATP Challenger,"Palermo, Italy",Clay,3,Jay Clarke,Gabriele Piraino,game_handicap,player_a,-3.5,0.5312,1.88,,,,,0,100,1903400
2026-10-06 20:30,atp,ATP Challenger,"Palermo, Italy",Clay,3,Jay Clarke,Gabriele Piraino,game_handicap,player_b,3.5,0.4688,2.13,,,,,0,100,1903400
2026-10-07 04:00,atp,ATP 1000,Shanghai Rolex Masters,Hard,3,Aleksandar Kovacevic,Matteo Berrettini,winner,player_a,,0.2767,3.61,2.8,0.3443,-6.8,-0.2253,0,100,1903334
2026-10-07 04:00,atp,ATP 1000,Shanghai Rolex Masters,Hard,3,Aleksandar Kovacevic,Matteo Berrettini,winner,player_b,,0.7233,1.38,1.47,0.6557,6.8,0.0633,0,100,1903334
2026-10-07 04:00,atp,ATP 1000,Shanghai Rolex Masters,Hard,3,Aleksandar Kovacevic,Matteo Berrettini,total_games,over,20.5,0.6858,1.46,1.32,0.7233,-3.7,-0.0948,0,100,1903334
2026-10-07 04:00,atp,ATP 1000,Shanghai Rolex Masters,Hard,3,Aleksandar Kovacevic,Matteo Berrettini,total_games,under,20.5,0.3142,3.18,3.45,0.2767,3.7,0.084,0,100,1903334
2026-10-07 04:00,atp,ATP 1000,Shanghai Rolex Masters,Hard,3,Aleksandar Kovacevic,Matteo Berrettini,total_games,over,21.5,0.6329,1.58,1.41,0.6729,-4.0,-0.1077,0,100,1903334
2026-10-07 04:00,atp,ATP 1000,Shanghai Rolex Masters,Hard,3,Aleksandar Kovacevic,Matteo Berrettini,total_games,under,21.5,0.3671,2.72,2.9,0.3271,4.0,0.0647,0,100,1903334
2026-10-07 04:00,atp,ATP 1000,Shanghai Rolex Masters,Hard,3,Aleksandar Kovacevic,Matteo Berrettini,total_games,over,22.5,0.5295,1.89,1.65,0.5769,-4.7,-0.1263,0,100,1903334
2026-10-07 04:00,atp,ATP 1000,Shanghai Rolex Masters,Hard,3,Aleksandar Kovacevic,Matteo Berrettini,total_games,under,22.5,0.4705,2.13,2.25,0.4231,4.7,0.0586,0,100,1903334
2026-10-07 04:00,atp,ATP 1000,Shanghai Rolex Masters,Hard,3,Aleksandar Kovacevic,Matteo Berrettini,total_games,over,23.5,0.441,2.27,1.94,0.4908,-5.0,-0.1444,0,100,1903334
2026-10-07 04:00,atp,ATP 1000,Shanghai Rolex Masters,Hard,3,Aleksandar Kovacevic,Matteo Berrettini,total_games,under,23.5,0.559,1.79,1.87,0.5092,5.0,0.0453,0,100,1903334
2026-10-07 04:00,atp,ATP 1000,Shanghai Rolex Masters,Hard,3,Aleksandar Kovacevic,Matteo Berrettini,total_games,over,24.5,0.4354,2.3,1.97,0.4843,-4.9,-0.1423,0,100,1903334
2026-10-07 04:00,atp,ATP 1000,Shanghai Rolex Masters,Hard,3,Aleksandar Kovacevic,Matteo Berrettini,total_games,under,24.5,0.5646,1.77,1.85,0.5157,4.9,0.0445,0,100,1903334
2026-10-07 04:00,atp,ATP 1000,Shanghai Rolex Masters,Hard,3,Aleksandar Kovacevic,Matteo Berrettini,total_games,over,25.5,0.4038,2.48,2.11,0.4505,-4.7,-0.1479,0,100,1903334
2026-10-07 04:00,atp,ATP 1000,Shanghai Rolex Masters,Hard,3,Aleksandar Kovacevic,Matteo Berrettini,total_games,under,25.5,0.5962,1.68,1.73,0.5495,4.7,0.0314,0,100,1903334
2026-10-07 04:00,atp,ATP 1000,Shanghai Rolex Masters,Hard,3,Aleksandar Kovacevic,Matteo Berrettini,total_games,over,26.5,0.3453,2.9,2.44,0.39,-4.5,-0.1575,0,100,1903334
2026-10-07 04:00,atp,ATP 1000,Shanghai Rolex Masters,Hard,3,Aleksandar Kovacevic,Matteo Berrettini,total_games,under,26.5,0.6547,1.53,1.56,0.61,4.5,0.0213,0,100,1903334
2026-10-07 04:00,atp,ATP 1000,Shanghai Rolex Masters,Hard,3,Aleksandar Kovacevic,Matteo Berrettini,p1_games,over,11.5,0.516,1.94,1.5,0.6222,-10.6,-0.226,0,100,1903334
2026-10-07 04:00,atp,ATP 1000,Shanghai Rolex Masters,Hard,3,Aleksandar Kovacevic,Matteo Berrettini,p1_games,under,11.5,0.484,2.07,2.47,0.3778,10.6,0.1955,0,100,1903334
2026-10-07 04:00,atp,ATP 1000,Shanghai Rolex Masters,Hard,3,Aleksandar Kovacevic,Matteo Berrettini,p1_games,over,12.5,0.4195,2.38,1.8,0.5187,-9.9,-0.2449,0,100,1903334
2026-10-07 04:00,atp,ATP 1000,Shanghai Rolex Masters,Hard,3,Aleksandar Kovacevic,Matteo Berrettini,p1_games,under,12.5,0.5805,1.72,1.94,0.4813,9.9,0.1262,0,100,1903334
2026-10-07 04:00,atp,ATP 1000,Shanghai Rolex Masters,Hard,3,Aleksandar Kovacevic,Matteo Berrettini,p1_games,over,13.5,0.3157,3.17,2.34,0.4,-8.4,-0.2613,0,100,1903334
2026-10-07 04:00,atp,ATP 1000,Shanghai Rolex Masters,Hard,3,Aleksandar Kovacevic,Matteo Berrettini,p1_games,under,13.5,0.6843,1.46,1.56,0.6,8.4,0.0675,0,100,1903334
2026-10-07 04:00,atp,ATP 1000,Shanghai Rolex Masters,Hard,3,Aleksandar Kovacevic,Matteo Berrettini,p2_games,over,12.5,0.6093,1.64,1.44,0.6479,-3.9,-0.1226,0,100,1903334
2026-10-07 04:00,atp,ATP 1000,Shanghai Rolex Masters,Hard,3,Aleksandar Kovacevic,Matteo Berrettini,p2_games,under,12.5,0.3907,2.56,2.65,0.3521,3.9,0.0353,0,100,1903334
2026-10-07 04:00,atp,ATP 1000,Shanghai Rolex Masters,Hard,3,Aleksandar Kovacevic,Matteo Berrettini,p2_games,over,13.5,0.3838,2.61,2.07,0.4524,-6.9,-0.2055,0,100,1903334
2026-10-07 04:00,atp,ATP 1000,Shanghai Rolex Masters,Hard,3,Aleksandar Kovacevic,Matteo Berrettini,p2_games,under,13.5,0.6162,1.62,1.71,0.5476,6.9,0.0537,0,100,1903334
2026-10-07 04:00,atp,ATP 1000,Shanghai Rolex Masters,Hard,3,Aleksandar Kovacevic,Matteo Berrettini,p2_games,over,14.5,0.3086,3.24,2.55,0.3672,-5.9,-0.2132,0,100,1903334
2026-10-07 04:00,atp,ATP 1000,Shanghai Rolex Masters,Hard,3,Aleksandar Kovacevic,Matteo Berrettini,p2_games,under,14.5,0.6914,1.45,1.48,0.6328,5.9,0.0233,0,100,1903334
2026-10-07 04:00,atp,ATP 1000,Shanghai Rolex Masters,Hard,3,Aleksandar Kovacevic,Matteo Berrettini,game_handicap,player_a,2.5,0.4198,2.38,,,,,0,100,1903334
2026-10-07 04:00,atp,ATP 1000,Shanghai Rolex Masters,Hard,3,Aleksandar Kovacevic,Matteo Berrettini,game_handicap,player_b,-2.5,0.5802,1.72,,,,,0,100,1903334
2026-10-07 04:00,atp,ATP 1000,Shanghai Rolex Masters,Hard,3,Arthur Gea,Jaime Faria,winner,player_a,,0.5838,1.71,1.56,0.6158,-3.2,-0.0892,0,100,1903337
2026-10-07 04:00,atp,ATP 1000,Shanghai Rolex Masters,Hard,3,Arthur Gea,Jaime Faria,winner,player_b,,0.4162,2.4,2.5,0.3842,3.2,0.0404,0,100,1903337
2026-10-07 04:00,atp,ATP 1000,Shanghai Rolex Masters,Hard,3,Arthur Gea,Jaime Faria,total_games,over,19.5,0.6823,1.47,1.31,0.7248,-4.2,-0.1061,0,100,1903337
2026-10-07 04:00,atp,ATP 1000,Shanghai Rolex Masters,Hard,3,Arthur Gea,Jaime Faria,total_games,under,19.5,0.3177,3.15,3.45,0.2752,4.2,0.096,0,100,1903337
2026-10-07 04:00,atp,ATP 1000,Shanghai Rolex Masters,Hard,3,Arthur Gea,Jaime Faria,total_games,over,20.5,0.6054,1.65,1.47,0.6475,-4.2,-0.1101,0,100,1903337
2026-10-07 04:00,atp,ATP 1000,Shanghai Rolex Masters,Hard,3,Arthur Gea,Jaime Faria,total_games,under,20.5,0.3946,2.53,2.7,0.3525,4.2,0.0655,0,100,1903337
2026-10-07 04:00,atp,ATP 1000,Shanghai Rolex Masters,Hard,3,Arthur Gea,Jaime Faria,total_games,over,21.5,0.552,1.81,1.6,0.596,-4.4,-0.1167,0,100,1903337
2026-10-07 04:00,atp,ATP 1000,Shanghai Rolex Masters,Hard,3,Arthur Gea,Jaime Faria,total_games,under,21.5,0.448,2.23,2.36,0.404,4.4,0.0572,0,100,1903337
2026-10-07 04:00,atp,ATP 1000,Shanghai Rolex Masters,Hard,3,Arthur Gea,Jaime Faria,total_games,over,22.5,0.4784,2.09,1.85,0.5144,-3.6,-0.1149,0,100,1903337
2026-10-07 04:00,atp,ATP 1000,Shanghai Rolex Masters,Hard,3,Arthur Gea,Jaime Faria,total_games,under,22.5,0.5216,1.92,1.96,0.4856,3.6,0.0223,0,100,1903337
2026-10-07 04:00,atp,ATP 1000,Shanghai Rolex Masters,Hard,3,Arthur Gea,Jaime Faria,total_games,over,23.5,0.4263,2.35,2.11,0.4519,-2.6,-0.1005,0,100,1903337
2026-10-07 04:00,atp,ATP 1000,Shanghai Rolex Masters,Hard,3,Arthur Gea,Jaime Faria,total_games,under,23.5,0.5737,1.74,1.74,0.5481,2.6,-0.0018,0,100,1903337
2026-10-07 04:00,atp,ATP 1000,Shanghai Rolex Masters,Hard,3,Arthur Gea,Jaime Faria,total_games,over,24.5,0.4125,2.42,2.16,0.4404,-2.8,-0.1091,0,100,1903337
2026-10-07 04:00,atp,ATP 1000,Shanghai Rolex Masters,Hard,3,Arthur Gea,Jaime Faria,total_games,under,24.5,0.5875,1.7,1.7,0.5596,2.8,-0.0012,0,100,1903337
2026-10-07 04:00,atp,ATP 1000,Shanghai Rolex Masters,Hard,3,Arthur Gea,Jaime Faria,total_games,over,25.5,0.378,2.65,2.34,0.4076,-3.0,-0.1156,0,100,1903337
2026-10-07 04:00,atp,ATP 1000,Shanghai Rolex Masters,Hard,3,Arthur Gea,Jaime Faria,total_games,under,25.5,0.622,1.61,1.61,0.5924,3.0,0.0015,0,100,1903337
2026-10-07 04:00,atp,ATP 1000,Shanghai Rolex Masters,Hard,3,Arthur Gea,Jaime Faria,p1_games,over,11.5,0.7407,1.35,1.24,0.754,-1.3,-0.0815,0,100,1903337
2026-10-07 04:00,atp,ATP 1000,Shanghai Rolex Masters,Hard,3,Arthur Gea,Jaime Faria,p1_games,under,11.5,0.2593,3.86,3.8,0.246,1.3,-0.0148,0,100,1903337
2026-10-07 04:00,atp,ATP 1000,Shanghai Rolex Masters,Hard,3,Arthur Gea,Jaime Faria,p1_games,over,12.5,0.4926,2.03,1.76,0.5307,-3.8,-0.1331,0,100,1903337
2026-10-07 04:00,atp,ATP 1000,Shanghai Rolex Masters,Hard,3,Arthur Gea,Jaime Faria,p1_games,under,12.5,0.5074,1.97,1.99,0.4693,3.8,0.0098,0,100,1903337
2026-10-07 04:00,atp,ATP 1000,Shanghai Rolex Masters,Hard,3,Arthur Gea,Jaime Faria,p1_games,over,13.5,0.3265,3.06,2.6,0.3596,-3.3,-0.151,0,100,1903337
2026-10-07 04:00,atp,ATP 1000,Shanghai Rolex Masters,Hard,3,Arthur Gea,Jaime Faria,p1_games,under,13.5,0.6735,1.48,1.46,0.6404,3.3,-0.0167,0,100,1903337
2026-10-07 04:00,atp,ATP 1000,Shanghai Rolex Masters,Hard,3,Arthur Gea,Jaime Faria,p2_games,over,11.5,0.5983,1.67,1.63,0.5733,2.5,-0.0248,0,100,1903337
2026-10-07 04:00,atp,ATP 1000,Shanghai Rolex Masters,Hard,3,Arthur Gea,Jaime Faria,p2_games,under,11.5,0.4017,2.49,2.19,0.4267,-2.5,-0.1202,0,100,1903337
2026-10-07 04:00,atp,ATP 1000,Shanghai Rolex Masters,Hard,3,Arthur Gea,Jaime Faria,p2_games,over,12.5,0.4322,2.31,2.14,0.4368,-0.5,-0.0751,0,100,1903337
2026-10-07 04:00,atp,ATP 1000,Shanghai Rolex Masters,Hard,3,Arthur Gea,Jaime Faria,p2_games,under,12.5,0.5678,1.76,1.66,0.5632,0.5,-0.0575,0,100,1903337
2026-10-07 04:00,atp,ATP 1000,Shanghai Rolex Masters,Hard,3,Arthur Gea,Jaime Faria,p2_games,over,13.5,0.2979,3.36,3.0,0.3119,-1.4,-0.1062,0,100,1903337
2026-10-07 04:00,atp,ATP 1000,Shanghai Rolex Masters,Hard,3,Arthur Gea,Jaime Faria,p2_games,under,13.5,0.7021,1.42,1.36,0.6881,1.4,-0.0452,0,100,1903337
2026-10-07 04:00,atp,ATP 1000,Shanghai Rolex Masters,Hard,3,Arthur Gea,Jaime Faria,game_handicap,player_a,-1.5,0.5328,1.88,,,,,0,100,1903337
2026-10-07 04:00,atp,ATP 1000,Shanghai Rolex Masters,Hard,3,Arthur Gea,Jaime Faria,game_handicap,player_b,1.5,0.4672,2.14,,,,,0,100,1903337
2026-10-07 04:00,atp,ATP 1000,Shanghai Rolex Masters,Hard,3,Sho Shimabukuro,Miomir Kecmanovic,winner,player_a,,0.3667,2.73,2.95,0.3249,4.2,0.0817,0,100,1903338
2026-10-07 04:00,atp,ATP 1000,Shanghai Rolex Masters,Hard,3,Sho Shimabukuro,Miomir Kecmanovic,winner,player_b,,0.6333,1.58,1.42,0.6751,-4.2,-0.1007,0,100,1903338
2026-10-07 04:00,atp,ATP 1000,Shanghai Rolex Masters,Hard,3,Sho Shimabukuro,Miomir Kecmanovic,total_games,over,19.5,0.6916,1.45,1.39,0.6869,0.5,-0.0386,0,100,1903338
2026-10-07 04:00,atp,ATP 1000,Shanghai Rolex Masters,Hard,3,Sho Shimabukuro,Miomir Kecmanovic,total_games,under,19.5,0.3084,3.24,3.05,0.3131,-0.5,-0.0595,0,100,1903338
2026-10-07 04:00,atp,ATP 1000,Shanghai Rolex Masters,Hard,3,Sho Shimabukuro,Miomir Kecmanovic,total_games,over,20.5,0.6123,1.63,1.56,0.61,0.2,-0.0448,0,100,1903338
2026-10-07 04:00,atp,ATP 1000,Shanghai Rolex Masters,Hard,3,Sho Shimabukuro,Miomir Kecmanovic,total_games,under,20.5,0.3877,2.58,2.44,0.39,-0.2,-0.0541,0,100,1903338
2026-10-07 04:00,atp,ATP 1000,Shanghai Rolex Masters,Hard,3,Sho Shimabukuro,Miomir Kecmanovic,total_games,over,21.5,0.5585,1.79,1.72,0.5544,0.4,-0.0393,0,100,1903338
2026-10-07 04:00,atp,ATP 1000,Shanghai Rolex Masters,Hard,3,Sho Shimabukuro,Miomir Kecmanovic,total_games,under,21.5,0.4415,2.27,2.14,0.4456,-0.4,-0.0553,0,100,1903338
2026-10-07 04:00,atp,ATP 1000,Shanghai Rolex Masters,Hard,3,Sho Shimabukuro,Miomir Kecmanovic,total_games,over,22.5,0.4806,2.08,1.99,0.4791,0.1,-0.0437,0,100,1903338
2026-10-07 04:00,atp,ATP 1000,Shanghai Rolex Masters,Hard,3,Sho Shimabukuro,Miomir Kecmanovic,total_games,under,22.5,0.5194,1.93,1.83,0.5209,-0.1,-0.0494,0,100,1903338
2026-10-07 04:00,atp,ATP 1000,Shanghai Rolex Masters,Hard,3,Sho Shimabukuro,Miomir Kecmanovic,total_games,over,23.5,0.4238,2.36,2.24,0.4256,-0.2,-0.0506,0,100,1903338
2026-10-07 04:00,atp,ATP 1000,Shanghai Rolex Masters,Hard,3,Sho Shimabukuro,Miomir Kecmanovic,total_games,under,23.5,0.5762,1.74,1.66,0.5744,0.2,-0.0436,0,100,1903338
2026-10-07 04:00,atp,ATP 1000,Shanghai Rolex Masters,Hard,3,Sho Shimabukuro,Miomir Kecmanovic,total_games,over,24.5,0.4121,2.43,2.32,0.4112,0.1,-0.044,0,100,1903338
2026-10-07 04:00,atp,ATP 1000,Shanghai Rolex Masters,Hard,3,Sho Shimabukuro,Miomir Kecmanovic,total_games,under,24.5,0.5879,1.7,1.62,0.5888,-0.1,-0.0476,0,100,1903338
2026-10-07 04:00,atp,ATP 1000,Shanghai Rolex Masters,Hard,3,Sho Shimabukuro,Miomir Kecmanovic,total_games,over,25.5,0.3791,2.64,2.55,0.375,0.4,-0.0332,0,100,1903338
2026-10-07 04:00,atp,ATP 1000,Shanghai Rolex Masters,Hard,3,Sho Shimabukuro,Miomir Kecmanovic,total_games,under,25.5,0.6209,1.61,1.53,0.625,-0.4,-0.0501,0,100,1903338
2026-10-07 04:00,atp,ATP 1000,Shanghai Rolex Masters,Hard,3,Sho Shimabukuro,Miomir Kecmanovic,p1_games,over,10.5,0.5926,1.69,1.74,0.5372,5.5,0.0311,0,100,1903338
2026-10-07 04:00,atp,ATP 1000,Shanghai Rolex Masters,Hard,3,Sho Shimabukuro,Miomir Kecmanovic,p1_games,under,10.5,0.4074,2.45,2.02,0.4628,-5.5,-0.177,0,100,1903338
2026-10-07 04:00,atp,ATP 1000,Shanghai Rolex Masters,Hard,3,Sho Shimabukuro,Miomir Kecmanovic,p1_games,over,11.5,0.5595,1.79,1.87,0.5,6.0,0.0463,0,100,1903338
2026-10-07 04:00,atp,ATP 1000,Shanghai Rolex Masters,Hard,3,Sho Shimabukuro,Miomir Kecmanovic,p1_games,under,11.5,0.4405,2.27,1.87,0.5,-6.0,-0.1763,0,100,1903338
2026-10-07 04:00,atp,ATP 1000,Shanghai Rolex Masters,Hard,3,Sho Shimabukuro,Miomir Kecmanovic,p1_games,over,12.5,0.4187,2.39,2.47,0.3778,4.1,0.0342,0,100,1903338
2026-10-07 04:00,atp,ATP 1000,Shanghai Rolex Masters,Hard,3,Sho Shimabukuro,Miomir Kecmanovic,p1_games,under,12.5,0.5813,1.72,1.5,0.6222,-4.1,-0.1281,0,100,1903338
2026-10-07 04:00,atp,ATP 1000,Shanghai Rolex Masters,Hard,3,Sho Shimabukuro,Miomir Kecmanovic,p2_games,over,11.5,0.7839,1.28,1.18,0.7923,-0.8,-0.075,0,100,1903338
2026-10-07 04:00,atp,ATP 1000,Shanghai Rolex Masters,Hard,3,Sho Shimabukuro,Miomir Kecmanovic,p2_games,under,11.5,0.2161,4.63,4.5,0.2077,0.8,-0.0276,0,100,1903338
2026-10-07 04:00,atp,ATP 1000,Shanghai Rolex Masters,Hard,3,Sho Shimabukuro,Miomir Kecmanovic,p2_games,over,12.5,0.5162,1.94,1.8,0.5187,-0.3,-0.0709,0,100,1903338
2026-10-07 04:00,atp,ATP 1000,Shanghai Rolex Masters,Hard,3,Sho Shimabukuro,Miomir Kecmanovic,p2_games,under,12.5,0.4838,2.07,1.94,0.4813,0.3,-0.0614,0,100,1903338
2026-10-07 04:00,atp,ATP 1000,Shanghai Rolex Masters,Hard,3,Sho Shimabukuro,Miomir Kecmanovic,p2_games,over,13.5,0.3373,2.97,2.75,0.3405,-0.3,-0.0726,0,100,1903338
2026-10-07 04:00,atp,ATP 1000,Shanghai Rolex Masters,Hard,3,Sho Shimabukuro,Miomir Kecmanovic,p2_games,under,13.5,0.6627,1.51,1.42,0.6595,0.3,-0.0589,0,100,1903338
2026-10-07 04:00,atp,ATP 1000,Shanghai Rolex Masters,Hard,3,Sho Shimabukuro,Miomir Kecmanovic,game_handicap,player_a,2.5,0.4744,2.11,,,,,0,100,1903338
2026-10-07 04:00,atp,ATP 1000,Shanghai Rolex Masters,Hard,3,Sho Shimabukuro,Miomir Kecmanovic,game_handicap,player_b,-2.5,0.5256,1.9,,,,,0,100,1903338
2026-10-07 05:30,atp,ATP 1000,Shanghai Rolex Masters,Hard,3,Adrian Mannarino,Nikoloz Basilashvili,winner,player_a,,0.5064,1.97,2.03,0.4727,3.4,0.0279,0,100,1903677
2026-10-07 05:30,atp,ATP 1000,Shanghai Rolex Masters,Hard,3,Adrian Mannarino,Nikoloz Basilashvili,winner,player_b,,0.4936,2.03,1.82,0.5273,-3.4,-0.1016,0,100,1903677
2026-10-07 05:30,atp,ATP 1000,Shanghai Rolex Masters,Hard,3,Adrian Mannarino,Nikoloz Basilashvili,total_games,over,19.5,0.696,1.44,1.29,0.7389,-4.3,-0.1022,0,100,1903677
2026-10-07 05:30,atp,ATP 1000,Shanghai Rolex Masters,Hard,3,Adrian Mannarino,Nikoloz Basilashvili,total_games,under,19.5,0.304,3.29,3.65,0.2611,4.3,0.1097,0,100,1903677
2026-10-07 05:30,atp,ATP 1000,Shanghai Rolex Masters,Hard,3,Adrian Mannarino,Nikoloz Basilashvili,total_games,over,20.5,0.6185,1.62,1.44,0.6604,-4.2,-0.1093,0,100,1903677
2026-10-07 05:30,atp,ATP 1000,Shanghai Rolex Masters,Hard,3,Adrian Mannarino,Nikoloz Basilashvili,total_games,under,20.5,0.3815,2.62,2.8,0.3396,4.2,0.0681,0,100,1903677
2026-10-07 05:30,atp,ATP 1000,Shanghai Rolex Masters,Hard,3,Adrian Mannarino,Nikoloz Basilashvili,total_games,over,21.5,0.5651,1.77,1.56,0.61,-4.5,-0.1184,0,100,1903677
2026-10-07 05:30,atp,ATP 1000,Shanghai Rolex Masters,Hard,3,Adrian Mannarino,Nikoloz Basilashvili,total_games,under,21.5,0.4349,2.3,2.44,0.39,4.5,0.0611,0,100,1903677
2026-10-07 05:30,atp,ATP 1000,Shanghai Rolex Masters,Hard,3,Adrian Mannarino,Nikoloz Basilashvili,total_games,over,22.5,0.4896,2.04,1.81,0.5262,-3.7,-0.1137,0,100,1903677
2026-10-07 05:30,atp,ATP 1000,Shanghai Rolex Masters,Hard,3,Adrian Mannarino,Nikoloz Basilashvili,total_games,under,22.5,0.5104,1.96,2.01,0.4738,3.7,0.0258,0,100,1903677
2026-10-07 05:30,atp,ATP 1000,Shanghai Rolex Masters,Hard,3,Adrian Mannarino,Nikoloz Basilashvili,total_games,over,23.5,0.4355,2.3,2.05,0.4648,-2.9,-0.1073,0,100,1903677
2026-10-07 05:30,atp,ATP 1000,Shanghai Rolex Masters,Hard,3,Adrian Mannarino,Nikoloz Basilashvili,total_games,under,23.5,0.5645,1.77,1.78,0.5352,2.9,0.0049,0,100,1903677
2026-10-07 05:30,atp,ATP 1000,Shanghai Rolex Masters,Hard,3,Adrian Mannarino,Nikoloz Basilashvili,total_games,over,24.5,0.4222,2.37,2.1,0.4531,-3.1,-0.1135,0,100,1903677
2026-10-07 05:30,atp,ATP 1000,Shanghai Rolex Masters,Hard,3,Adrian Mannarino,Nikoloz Basilashvili,total_games,under,24.5,0.5778,1.73,1.74,0.5469,3.1,0.0055,0,100,1903677
2026-10-07 05:30,atp,ATP 1000,Shanghai Rolex Masters,Hard,3,Adrian Mannarino,Nikoloz Basilashvili,total_games,over,25.5,0.3876,2.58,2.28,0.4184,-3.1,-0.1162,0,100,1903677
2026-10-07 05:30,atp,ATP 1000,Shanghai Rolex Masters,Hard,3,Adrian Mannarino,Nikoloz Basilashvili,total_games,under,25.5,0.6124,1.63,1.64,0.5816,3.1,0.0043,0,100,1903677
2026-10-07 05:30,atp,ATP 1000,Shanghai Rolex Masters,Hard,3,Adrian Mannarino,Nikoloz Basilashvili,p1_games,over,11.5,0.6799,1.47,1.42,0.6595,2.0,-0.0346,0,100,1903677
2026-10-07 05:30,atp,ATP 1000,Shanghai Rolex Masters,Hard,3,Adrian Mannarino,Nikoloz Basilashvili,p1_games,under,11.5,0.3201,3.12,2.75,0.3405,-2.0,-0.1196,0,100,1903677
2026-10-07 05:30,atp,ATP 1000,Shanghai Rolex Masters,Hard,3,Adrian Mannarino,Nikoloz Basilashvili,p1_games,over,12.5,0.4752,2.1,1.87,0.5,-2.5,-0.1114,0,100,1903677
2026-10-07 05:30,atp,ATP 1000,Shanghai Rolex Masters,Hard,3,Adrian Mannarino,Nikoloz Basilashvili,p1_games,under,12.5,0.5248,1.91,1.87,0.5,2.5,-0.0186,0,100,1903677
2026-10-07 05:30,atp,ATP 1000,Shanghai Rolex Masters,Hard,3,Adrian Mannarino,Nikoloz Basilashvili,p1_games,over,13.5,0.3221,3.1,2.65,0.3521,-3.0,-0.1465,0,100,1903677
2026-10-07 05:30,atp,ATP 1000,Shanghai Rolex Masters,Hard,3,Adrian Mannarino,Nikoloz Basilashvili,p1_games,under,13.5,0.6779,1.48,1.44,0.6479,3.0,-0.0238,0,100,1903677
2026-10-07 05:30,atp,ATP 1000,Shanghai Rolex Masters,Hard,3,Adrian Mannarino,Nikoloz Basilashvili,p2_games,over,11.5,0.6696,1.49,1.34,0.6982,-2.9,-0.1027,0,100,1903677
2026-10-07 05:30,atp,ATP 1000,Shanghai Rolex Masters,Hard,3,Adrian Mannarino,Nikoloz Basilashvili,p2_games,under,11.5,0.3304,3.03,3.1,0.3018,2.9,0.0241,0,100,1903677
2026-10-07 05:30,atp,ATP 1000,Shanghai Rolex Masters,Hard,3,Adrian Mannarino,Nikoloz Basilashvili,p2_games,over,12.5,0.4708,2.12,1.79,0.5214,-5.1,-0.1573,0,100,1903677
2026-10-07 05:30,atp,ATP 1000,Shanghai Rolex Masters,Hard,3,Adrian Mannarino,Nikoloz Basilashvili,p2_games,under,12.5,0.5292,1.89,1.95,0.4786,5.1,0.0319,0,100,1903677
2026-10-07 05:30,atp,ATP 1000,Shanghai Rolex Masters,Hard,3,Adrian Mannarino,Nikoloz Basilashvili,p2_games,over,13.5,0.32,3.12,2.6,0.3612,-4.1,-0.168,0,100,1903677
2026-10-07 05:30,atp,ATP 1000,Shanghai Rolex Masters,Hard,3,Adrian Mannarino,Nikoloz Basilashvili,p2_games,under,13.5,0.68,1.47,1.47,0.6388,4.1,-0.0004,0,100,1903677
2026-10-07 05:30,atp,ATP 1000,Shanghai Rolex Masters,Hard,3,Adrian Mannarino,Nikoloz Basilashvili,game_handicap,player_a,-0.5,0.4889,2.05,,,,,0,100,1903677
2026-10-07 05:30,atp,ATP 1000,Shanghai Rolex Masters,Hard,3,Adrian Mannarino,Nikoloz Basilashvili,game_handicap,player_b,0.5,0.5111,1.96,,,,,0,100,1903677
2026-10-07 05:30,atp,ATP 1000,Shanghai Rolex Masters,Hard,3,Yannick Hanfmann,Kamil Majchrzak,winner,player_a,,0.5381,1.86,2.5,0.3842,15.4,0.3454,0,100,1903350
2026-10-07 05:30,atp,ATP 1000,Shanghai Rolex Masters,Hard,3,Yannick Hanfmann,Kamil Majchrzak,winner,player_b,,0.4619,2.17,1.56,0.6158,-15.4,-0.2795,0,100,1903350
2026-10-07 05:30,atp,ATP 1000,Shanghai Rolex Masters,Hard,3,Yannick Hanfmann,Kamil Majchrzak,total_games,over,19.5,0.7352,1.36,1.35,0.7065,2.9,-0.0075,0,100,1903350
2026-10-07 05:30,atp,ATP 1000,Shanghai Rolex Masters,Hard,3,Yannick Hanfmann,Kamil Majchrzak,total_games,under,19.5,0.2648,3.78,3.25,0.2935,-2.9,-0.1395,0,100,1903350
2026-10-07 05:30,atp,ATP 1000,Shanghai Rolex Masters,Hard,3,Yannick Hanfmann,Kamil Majchrzak,total_games,over,20.5,0.655,1.53,1.49,0.6401,1.5,-0.0241,0,100,1903350
2026-10-07 05:30,atp,ATP 1000,Shanghai Rolex Masters,Hard,3,Yannick Hanfmann,Kamil Majchrzak,total_games,under,20.5,0.345,2.9,2.65,0.3599,-1.5,-0.0856,0,100,1903350
2026-10-07 05:30,atp,ATP 1000,Shanghai Rolex Masters,Hard,3,Yannick Hanfmann,Kamil Majchrzak,total_games,over,21.5,0.6016,1.66,1.63,0.5831,1.9,-0.0193,0,100,1903350
2026-10-07 05:30,atp,ATP 1000,Shanghai Rolex Masters,Hard,3,Yannick Hanfmann,Kamil Majchrzak,total_games,under,21.5,0.3984,2.51,2.28,0.4169,-1.9,-0.0918,0,100,1903350
2026-10-07 05:30,atp,ATP 1000,Shanghai Rolex Masters,Hard,3,Yannick Hanfmann,Kamil Majchrzak,total_games,over,22.5,0.5164,1.94,1.88,0.5066,1.0,-0.0291,0,100,1903350
2026-10-07 05:30,atp,ATP 1000,Shanghai Rolex Masters,Hard,3,Yannick Hanfmann,Kamil Majchrzak,total_games,under,22.5,0.4836,2.07,1.93,0.4934,-1.0,-0.0667,0,100,1903350
2026-10-07 05:30,atp,ATP 1000,Shanghai Rolex Masters,Hard,3,Yannick Hanfmann,Kamil Majchrzak,total_games,over,23.5,0.4509,2.22,2.13,0.4468,0.4,-0.0395,0,100,1903350
2026-10-07 05:30,atp,ATP 1000,Shanghai Rolex Masters,Hard,3,Yannick Hanfmann,Kamil Majchrzak,total_games,under,23.5,0.5491,1.82,1.72,0.5532,-0.4,-0.0556,0,100,1903350
2026-10-07 05:30,atp,ATP 1000,Shanghai Rolex Masters,Hard,3,Yannick Hanfmann,Kamil Majchrzak,total_games,over,24.5,0.4411,2.27,2.19,0.4341,0.7,-0.034,0,100,1903350
2026-10-07 05:30,atp,ATP 1000,Shanghai Rolex Masters,Hard,3,Yannick Hanfmann,Kamil Majchrzak,total_games,under,24.5,0.5589,1.79,1.68,0.5659,-0.7,-0.061,0,100,1903350
2026-10-07 05:30,atp,ATP 1000,Shanghai Rolex Masters,Hard,3,Yannick Hanfmann,Kamil Majchrzak,total_games,over,25.5,0.4082,2.45,2.38,0.4005,0.8,-0.0285,0,100,1903350
2026-10-07 05:30,atp,ATP 1000,Shanghai Rolex Masters,Hard,3,Yannick Hanfmann,Kamil Majchrzak,total_games,under,25.5,0.5918,1.69,1.59,0.5995,-0.8,-0.059,0,100,1903350
2026-10-07 05:30,atp,ATP 1000,Shanghai Rolex Masters,Hard,3,Yannick Hanfmann,Kamil Majchrzak,p1_games,over,11.5,0.7201,1.39,1.62,0.577,14.3,0.1666,0,100,1903350
2026-10-07 05:30,atp,ATP 1000,Shanghai Rolex Masters,Hard,3,Yannick Hanfmann,Kamil Majchrzak,p1_games,under,11.5,0.2799,3.57,2.21,0.423,-14.3,-0.3814,0,100,1903350
2026-10-07 05:30,atp,ATP 1000,Shanghai Rolex Masters,Hard,3,Yannick Hanfmann,Kamil Majchrzak,p1_games,over,12.5,0.5159,1.94,2.11,0.4433,7.3,0.0885,0,100,1903350
2026-10-07 05:30,atp,ATP 1000,Shanghai Rolex Masters,Hard,3,Yannick Hanfmann,Kamil Majchrzak,p1_games,under,12.5,0.4841,2.07,1.68,0.5567,-7.3,-0.1867,0,100,1903350
2026-10-07 05:30,atp,ATP 1000,Shanghai Rolex Masters,Hard,3,Yannick Hanfmann,Kamil Majchrzak,p1_games,over,13.5,0.3499,2.86,3.0,0.3119,3.8,0.0497,0,100,1903350
2026-10-07 05:30,atp,ATP 1000,Shanghai Rolex Masters,Hard,3,Yannick Hanfmann,Kamil Majchrzak,p1_games,under,13.5,0.6501,1.54,1.36,0.6881,-3.8,-0.1159,0,100,1903350
2026-10-07 05:30,atp,ATP 1000,Shanghai Rolex Masters,Hard,3,Yannick Hanfmann,Kamil Majchrzak,p2_games,over,11.5,0.6566,1.52,1.24,0.7564,-10.0,-0.1858,0,100,1903350
2026-10-07 05:30,atp,ATP 1000,Shanghai Rolex Masters,Hard,3,Yannick Hanfmann,Kamil Majchrzak,p2_games,under,11.5,0.3434,2.91,3.85,0.2436,10.0,0.3221,0,100,1903350
2026-10-07 05:30,atp,ATP 1000,Shanghai Rolex Masters,Hard,3,Yannick Hanfmann,Kamil Majchrzak,p2_games,over,12.5,0.4864,2.06,1.74,0.5385,-5.2,-0.1537,0,100,1903350
2026-10-07 05:30,atp,ATP 1000,Shanghai Rolex Masters,Hard,3,Yannick Hanfmann,Kamil Majchrzak,p2_games,under,12.5,0.5136,1.95,2.03,0.4615,5.2,0.0426,0,100,1903350
2026-10-07 05:30,atp,ATP 1000,Shanghai Rolex Masters,Hard,3,Yannick Hanfmann,Kamil Majchrzak,p2_games,over,13.5,0.337,2.97,2.55,0.3672,-3.0,-0.1405,0,100,1903350
2026-10-07 05:30,atp,ATP 1000,Shanghai Rolex Masters,Hard,3,Yannick Hanfmann,Kamil Majchrzak,p2_games,under,13.5,0.663,1.51,1.48,0.6328,3.0,-0.0188,0,100,1903350
2026-10-07 05:30,atp,ATP 1000,Shanghai Rolex Masters,Hard,3,Yannick Hanfmann,Kamil Majchrzak,game_handicap,player_a,-0.5,0.5204,1.92,,,,,0,100,1903350
2026-10-07 05:30,atp,ATP 1000,Shanghai Rolex Masters,Hard,3,Yannick Hanfmann,Kamil Majchrzak,game_handicap,player_b,0.5,0.4796,2.08,,,,,0,100,1903350
2026-10-07 05:30,atp,ATP 1000,Shanghai Rolex Masters,Hard,3,Zhizhen Zhang,Tomas Machac,winner,player_a,,0.2452,4.08,2.95,0.3249,-8.0,-0.2766,0,100,1903333
2026-10-07 05:30,atp,ATP 1000,Shanghai Rolex Masters,Hard,3,Zhizhen Zhang,Tomas Machac,winner,player_b,,0.7548,1.32,1.42,0.6751,8.0,0.0718,0,100,1903333
2026-10-07 05:30,atp,ATP 1000,Shanghai Rolex Masters,Hard,3,Zhizhen Zhang,Tomas Machac,total_games,over,19.5,0.6521,1.53,1.32,0.7203,-6.8,-0.1393,0,100,1903333
2026-10-07 05:30,atp,ATP 1000,Shanghai Rolex Masters,Hard,3,Zhizhen Zhang,Tomas Machac,total_games,under,19.5,0.3479,2.87,3.4,0.2797,6.8,0.183,0,100,1903333
2026-10-07 05:30,atp,ATP 1000,Shanghai Rolex Masters,Hard,3,Zhizhen Zhang,Tomas Machac,total_games,over,20.5,0.5697,1.76,1.48,0.6416,-7.2,-0.1568,0,100,1903333
2026-10-07 05:30,atp,ATP 1000,Shanghai Rolex Masters,Hard,3,Zhizhen Zhang,Tomas Machac,total_games,under,20.5,0.4303,2.32,2.65,0.3584,7.2,0.1402,0,100,1903333
2026-10-07 05:30,atp,ATP 1000,Shanghai Rolex Masters,Hard,3,Zhizhen Zhang,Tomas Machac,total_games,over,21.5,0.5149,1.94,1.62,0.5888,-7.4,-0.1658,0,100,1903333
2026-10-07 05:30,atp,ATP 1000,Shanghai Rolex Masters,Hard,3,Zhizhen Zhang,Tomas Machac,total_games,under,21.5,0.4851,2.06,2.32,0.4112,7.4,0.1253,0,100,1903333
2026-10-07 05:30,atp,ATP 1000,Shanghai Rolex Masters,Hard,3,Zhizhen Zhang,Tomas Machac,total_games,over,22.5,0.4363,2.29,1.88,0.5066,-7.0,-0.1798,0,100,1903333
2026-10-07 05:30,atp,ATP 1000,Shanghai Rolex Masters,Hard,3,Zhizhen Zhang,Tomas Machac,total_games,under,22.5,0.5637,1.77,1.93,0.4934,7.0,0.0879,0,100,1903333
2026-10-07 05:30,atp,ATP 1000,Shanghai Rolex Masters,Hard,3,Zhizhen Zhang,Tomas Machac,total_games,over,23.5,0.3795,2.64,2.15,0.443,-6.4,-0.1841,0,100,1903333
2026-10-07 05:30,atp,ATP 1000,Shanghai Rolex Masters,Hard,3,Zhizhen Zhang,Tomas Machac,total_games,under,23.5,0.6205,1.61,1.71,0.557,6.4,0.0611,0,100,1903333
2026-10-07 05:30,atp,ATP 1000,Shanghai Rolex Masters,Hard,3,Zhizhen Zhang,Tomas Machac,total_games,over,24.5,0.3695,2.71,2.21,0.4319,-6.2,-0.1834,0,100,1903333
2026-10-07 05:30,atp,ATP 1000,Shanghai Rolex Masters,Hard,3,Zhizhen Zhang,Tomas Machac,total_games,under,24.5,0.6305,1.59,1.68,0.5681,6.2,0.0593,0,100,1903333
2026-10-07 05:30,atp,ATP 1000,Shanghai Rolex Masters,Hard,3,Zhizhen Zhang,Tomas Machac,total_games,over,25.5,0.3396,2.94,2.39,0.398,-5.8,-0.1883,0,100,1903333
2026-10-07 05:30,atp,ATP 1000,Shanghai Rolex Masters,Hard,3,Zhizhen Zhang,Tomas Machac,total_games,under,25.5,0.6604,1.51,1.58,0.602,5.8,0.0434,0,100,1903333
2026-10-07 05:30,atp,ATP 1000,Shanghai Rolex Masters,Hard,3,Zhizhen Zhang,Tomas Machac,p1_games,over,10.5,0.4719,2.12,1.64,0.5707,-9.9,-0.2261,0,100,1903333
2026-10-07 05:30,atp,ATP 1000,Shanghai Rolex Masters,Hard,3,Zhizhen Zhang,Tomas Machac,p1_games,under,10.5,0.5281,1.89,2.18,0.4293,9.9,0.1512,0,100,1903333
2026-10-07 05:30,atp,ATP 1000,Shanghai Rolex Masters,Hard,3,Zhizhen Zhang,Tomas Machac,p1_games,over,11.5,0.4366,2.29,1.74,0.5372,-10.1,-0.2403,0,100,1903333
2026-10-07 05:30,atp,ATP 1000,Shanghai Rolex Masters,Hard,3,Zhizhen Zhang,Tomas Machac,p1_games,under,11.5,0.5634,1.77,2.02,0.4628,10.1,0.1381,0,100,1903333
2026-10-07 05:30,atp,ATP 1000,Shanghai Rolex Masters,Hard,3,Zhizhen Zhang,Tomas Machac,p1_games,over,12.5,0.3403,2.94,2.21,0.423,-8.3,-0.2479,0,100,1903333
2026-10-07 05:30,atp,ATP 1000,Shanghai Rolex Masters,Hard,3,Zhizhen Zhang,Tomas Machac,p1_games,under,12.5,0.6597,1.52,1.62,0.577,8.3,0.0687,0,100,1903333
2026-10-07 05:30,atp,ATP 1000,Shanghai Rolex Masters,Hard,3,Zhizhen Zhang,Tomas Machac,p2_games,over,11.5,0.8704,1.15,1.17,0.7972,7.3,0.0183,0,100,1903333
2026-10-07 05:30,atp,ATP 1000,Shanghai Rolex Masters,Hard,3,Zhizhen Zhang,Tomas Machac,p2_games,under,11.5,0.1296,7.71,4.6,0.2028,-7.3,-0.4037,0,100,1903333
2026-10-07 05:30,atp,ATP 1000,Shanghai Rolex Masters,Hard,3,Zhizhen Zhang,Tomas Machac,p2_games,over,12.5,0.5233,1.91,1.66,0.5632,-4.0,-0.1313,0,100,1903333
2026-10-07 05:30,atp,ATP 1000,Shanghai Rolex Masters,Hard,3,Zhizhen Zhang,Tomas Machac,p2_games,under,12.5,0.4767,2.1,2.14,0.4368,4.0,0.02,0,100,1903333
2026-10-07 05:30,atp,ATP 1000,Shanghai Rolex Masters,Hard,3,Zhizhen Zhang,Tomas Machac,p2_games,over,13.5,0.3215,3.11,2.5,0.3734,-5.2,-0.1961,0,100,1903333
2026-10-07 05:30,atp,ATP 1000,Shanghai Rolex Masters,Hard,3,Zhizhen Zhang,Tomas Machac,p2_games,under,13.5,0.6785,1.47,1.49,0.6266,5.2,0.0109,0,100,1903333
2026-10-07 05:30,atp,ATP 1000,Shanghai Rolex Masters,Hard,3,Zhizhen Zhang,Tomas Machac,game_handicap,player_a,3.5,0.4406,2.27,,,,,0,100,1903333
2026-10-07 05:30,atp,ATP 1000,Shanghai Rolex Masters,Hard,3,Zhizhen Zhang,Tomas Machac,game_handicap,player_b,-3.5,0.5594,1.79,,,,,0,100,1903333
2026-10-07 06:00,atp,ATP 1000,Shanghai Rolex Masters,Hard,3,Alex Molcan,Federico Cina,winner,player_a,,0.656,1.52,1.63,0.5894,6.7,0.0692,0,100,1903676
2026-10-07 06:00,atp,ATP 1000,Shanghai Rolex Masters,Hard,3,Alex Molcan,Federico Cina,winner,player_b,,0.344,2.91,2.34,0.4106,-6.7,-0.195,0,100,1903676
2026-10-07 06:00,atp,ATP 1000,Shanghai Rolex Masters,Hard,3,Alex Molcan,Federico Cina,total_games,over,19.5,0.6501,1.54,1.34,0.7081,-5.8,-0.1289,0,100,1903676
2026-10-07 06:00,atp,ATP 1000,Shanghai Rolex Masters,Hard,3,Alex Molcan,Federico Cina,total_games,under,19.5,0.3499,2.86,3.25,0.2919,5.8,0.1373,0,100,1903676
2026-10-07 06:00,atp,ATP 1000,Shanghai Rolex Masters,Hard,3,Alex Molcan,Federico Cina,total_games,over,20.5,0.5744,1.74,1.5,0.6341,-6.0,-0.1384,0,100,1903676
2026-10-07 06:00,atp,ATP 1000,Shanghai Rolex Masters,Hard,3,Alex Molcan,Federico Cina,total_games,under,20.5,0.4256,2.35,2.6,0.3659,6.0,0.1065,0,100,1903676
2026-10-07 06:00,atp,ATP 1000,Shanghai Rolex Masters,Hard,3,Alex Molcan,Federico Cina,total_games,over,21.5,0.5215,1.92,1.64,0.5806,-5.9,-0.1448,0,100,1903676
2026-10-07 06:00,atp,ATP 1000,Shanghai Rolex Masters,Hard,3,Alex Molcan,Federico Cina,total_games,under,21.5,0.4785,2.09,2.27,0.4194,5.9,0.0862,0,100,1903676
2026-10-07 06:00,atp,ATP 1000,Shanghai Rolex Masters,Hard,3,Alex Molcan,Federico Cina,total_games,over,22.5,0.4521,2.21,1.89,0.5039,-5.2,-0.1456,0,100,1903676
2026-10-07 06:00,atp,ATP 1000,Shanghai Rolex Masters,Hard,3,Alex Molcan,Federico Cina,total_games,under,22.5,0.5479,1.82,1.92,0.4961,5.2,0.0521,0,100,1903676
2026-10-07 06:00,atp,ATP 1000,Shanghai Rolex Masters,Hard,3,Alex Molcan,Federico Cina,total_games,over,23.5,0.4043,2.47,2.14,0.4456,-4.1,-0.1349,0,100,1903676
2026-10-07 06:00,atp,ATP 1000,Shanghai Rolex Masters,Hard,3,Alex Molcan,Federico Cina,total_games,under,23.5,0.5957,1.68,1.72,0.5544,4.1,0.0247,0,100,1903676
2026-10-07 06:00,atp,ATP 1000,Shanghai Rolex Masters,Hard,3,Alex Molcan,Federico Cina,total_games,over,24.5,0.3894,2.57,2.2,0.433,-4.4,-0.1434,0,100,1903676
2026-10-07 06:00,atp,ATP 1000,Shanghai Rolex Masters,Hard,3,Alex Molcan,Federico Cina,total_games,under,24.5,0.6106,1.64,1.68,0.567,4.4,0.0259,0,100,1903676
2026-10-07 06:00,atp,ATP 1000,Shanghai Rolex Masters,Hard,3,Alex Molcan,Federico Cina,total_games,over,25.5,0.3552,2.82,2.4,0.397,-4.2,-0.1476,0,100,1903676
2026-10-07 06:00,atp,ATP 1000,Shanghai Rolex Masters,Hard,3,Alex Molcan,Federico Cina,total_games,under,25.5,0.6448,1.55,1.58,0.603,4.2,0.0189,0,100,1903676
2026-10-07 06:00,atp,ATP 1000,Shanghai Rolex Masters,Hard,3,Alex Molcan,Federico Cina,p1_games,over,11.5,0.7915,1.26,1.27,0.7338,5.8,0.0052,0,100,1903676
2026-10-07 06:00,atp,ATP 1000,Shanghai Rolex Masters,Hard,3,Alex Molcan,Federico Cina,p1_games,under,11.5,0.2085,4.8,3.5,0.2662,-5.8,-0.2703,0,100,1903676
2026-10-07 06:00,atp,ATP 1000,Shanghai Rolex Masters,Hard,3,Alex Molcan,Federico Cina,p1_games,over,12.5,0.4921,2.03,1.79,0.5227,-3.1,-0.1192,0,100,1903676
2026-10-07 06:00,atp,ATP 1000,Shanghai Rolex Masters,Hard,3,Alex Molcan,Federico Cina,p1_games,under,12.5,0.5079,1.97,1.96,0.4773,3.1,-0.0045,0,100,1903676
2026-10-07 06:00,atp,ATP 1000,Shanghai Rolex Masters,Hard,3,Alex Molcan,Federico Cina,p1_games,over,13.5,0.3179,3.15,2.65,0.3537,-3.6,-0.1575,0,100,1903676
2026-10-07 06:00,atp,ATP 1000,Shanghai Rolex Masters,Hard,3,Alex Molcan,Federico Cina,p1_games,under,13.5,0.6821,1.47,1.45,0.6463,3.6,-0.011,0,100,1903676
2026-10-07 06:00,atp,ATP 1000,Shanghai Rolex Masters,Hard,3,Alex Molcan,Federico Cina,p2_games,over,11.5,0.5231,1.91,1.56,0.5979,-7.5,-0.1839,0,100,1903676
2026-10-07 06:00,atp,ATP 1000,Shanghai Rolex Masters,Hard,3,Alex Molcan,Federico Cina,p2_games,under,11.5,0.4769,2.1,2.32,0.4021,7.5,0.1063,0,100,1903676
2026-10-07 06:00,atp,ATP 1000,Shanghai Rolex Masters,Hard,3,Alex Molcan,Federico Cina,p2_games,over,12.5,0.3831,2.61,2.07,0.4524,-6.9,-0.2071,0,100,1903676
2026-10-07 06:00,atp,ATP 1000,Shanghai Rolex Masters,Hard,3,Alex Molcan,Federico Cina,p2_games,under,12.5,0.6169,1.62,1.71,0.5476,6.9,0.055,0,100,1903676
2026-10-07 06:00,atp,ATP 1000,Shanghai Rolex Masters,Hard,3,Alex Molcan,Federico Cina,p2_games,over,13.5,0.2657,3.76,2.95,0.3171,-5.1,-0.216,0,100,1903676
2026-10-07 06:00,atp,ATP 1000,Shanghai Rolex Masters,Hard,3,Alex Molcan,Federico Cina,p2_games,under,13.5,0.7343,1.36,1.37,0.6829,5.1,0.0059,0,100,1903676
2026-10-07 06:00,atp,ATP 1000,Shanghai Rolex Masters,Hard,3,Alex Molcan,Federico Cina,game_handicap,player_a,-2.5,0.5586,1.79,,,,,0,100,1903676
2026-10-07 06:00,atp,ATP 1000,Shanghai Rolex Masters,Hard,3,Alex Molcan,Federico Cina,game_handicap,player_b,2.5,0.4414,2.27,,,,,0,100,1903676
2026-10-07 07:00,atp,ATP 1000,Shanghai Rolex Masters,Hard,3,Marco Trungelliti,Rei Sakamoto,winner,player_a,,0.4165,2.4,2.8,0.3443,7.2,0.1661,0,100,1903678
2026-10-07 07:00,atp,ATP 1000,Shanghai Rolex Masters,Hard,3,Marco Trungelliti,Rei Sakamoto,winner,player_b,,0.5835,1.71,1.47,0.6557,-7.2,-0.1422,0,100,1903678
2026-10-07 07:00,atp,ATP 1000,Shanghai Rolex Masters,Hard,3,Marco Trungelliti,Rei Sakamoto,total_games,over,19.5,0.709,1.41,1.31,0.7277,-1.9,-0.0712,0,100,1903678
2026-10-07 07:00,atp,ATP 1000,Shanghai Rolex Masters,Hard,3,Marco Trungelliti,Rei Sakamoto,total_games,under,19.5,0.291,3.44,3.5,0.2723,1.9,0.0186,0,100,1903678
2026-10-07 07:00,atp,ATP 1000,Shanghai Rolex Masters,Hard,3,Marco Trungelliti,Rei Sakamoto,total_games,over,20.5,0.6296,1.59,1.47,0.6475,-1.8,-0.0745,0,100,1903678
2026-10-07 07:00,atp,ATP 1000,Shanghai Rolex Masters,Hard,3,Marco Trungelliti,Rei Sakamoto,total_games,under,20.5,0.3704,2.7,2.7,0.3525,1.8,0.0,0,100,1903678
2026-10-07 07:00,atp,ATP 1000,Shanghai Rolex Masters,Hard,3,Marco Trungelliti,Rei Sakamoto,total_games,over,21.5,0.576,1.74,1.6,0.596,-2.0,-0.0784,0,100,1903678
2026-10-07 07:00,atp,ATP 1000,Shanghai Rolex Masters,Hard,3,Marco Trungelliti,Rei Sakamoto,total_games,under,21.5,0.424,2.36,2.36,0.404,2.0,0.0007,0,100,1903678
2026-10-07 07:00,atp,ATP 1000,Shanghai Rolex Masters,Hard,3,Marco Trungelliti,Rei Sakamoto,total_games,over,22.5,0.496,2.02,1.85,0.5144,-1.8,-0.0824,0,100,1903678
2026-10-07 07:00,atp,ATP 1000,Shanghai Rolex Masters,Hard,3,Marco Trungelliti,Rei Sakamoto,total_games,under,22.5,0.504,1.98,1.96,0.4856,1.8,-0.0122,0,100,1903678
2026-10-07 07:00,atp,ATP 1000,Shanghai Rolex Masters,Hard,3,Marco Trungelliti,Rei Sakamoto,total_games,over,23.5,0.4369,2.29,2.12,0.4494,-1.2,-0.0737,0,100,1903678
2026-10-07 07:00,atp,ATP 1000,Shanghai Rolex Masters,Hard,3,Marco Trungelliti,Rei Sakamoto,total_games,under,23.5,0.5631,1.78,1.73,0.5506,1.2,-0.0259,0,100,1903678
2026-10-07 07:00,atp,ATP 1000,Shanghai Rolex Masters,Hard,3,Marco Trungelliti,Rei Sakamoto,total_games,over,24.5,0.4255,2.35,2.17,0.4393,-1.4,-0.0766,0,100,1903678
2026-10-07 07:00,atp,ATP 1000,Shanghai Rolex Masters,Hard,3,Marco Trungelliti,Rei Sakamoto,total_games,under,24.5,0.5745,1.74,1.7,0.5607,1.4,-0.0234,0,100,1903678
2026-10-07 07:00,atp,ATP 1000,Shanghai Rolex Masters,Hard,3,Marco Trungelliti,Rei Sakamoto,total_games,over,25.5,0.3923,2.55,2.35,0.4051,-1.3,-0.0782,0,100,1903678
2026-10-07 07:00,atp,ATP 1000,Shanghai Rolex Masters,Hard,3,Marco Trungelliti,Rei Sakamoto,total_games,under,25.5,0.6077,1.65,1.6,0.5949,1.3,-0.0276,0,100,1903678
2026-10-07 07:00,atp,ATP 1000,Shanghai Rolex Masters,Hard,3,Marco Trungelliti,Rei Sakamoto,p1_games,over,10.5,0.6401,1.56,1.59,0.5891,5.1,0.0178,0,100,1903678
2026-10-07 07:00,atp,ATP 1000,Shanghai Rolex Masters,Hard,3,Marco Trungelliti,Rei Sakamoto,p1_games,under,10.5,0.3599,2.78,2.28,0.4109,-5.1,-0.1795,0,100,1903678
2026-10-07 07:00,atp,ATP 1000,Shanghai Rolex Masters,Hard,3,Marco Trungelliti,Rei Sakamoto,p1_games,over,11.5,0.6092,1.64,1.68,0.5556,5.4,0.0234,0,100,1903678
2026-10-07 07:00,atp,ATP 1000,Shanghai Rolex Masters,Hard,3,Marco Trungelliti,Rei Sakamoto,p1_games,under,11.5,0.3908,2.56,2.1,0.4444,-5.4,-0.1793,0,100,1903678
2026-10-07 07:00,atp,ATP 1000,Shanghai Rolex Masters,Hard,3,Marco Trungelliti,Rei Sakamoto,p1_games,over,12.5,0.4505,2.22,2.14,0.4368,1.4,-0.0359,0,100,1903678
2026-10-07 07:00,atp,ATP 1000,Shanghai Rolex Masters,Hard,3,Marco Trungelliti,Rei Sakamoto,p1_games,under,12.5,0.5495,1.82,1.66,0.5632,-1.4,-0.0879,0,100,1903678
2026-10-07 07:00,atp,ATP 1000,Shanghai Rolex Masters,Hard,3,Marco Trungelliti,Rei Sakamoto,p2_games,over,11.5,0.7482,1.34,1.19,0.7871,-3.9,-0.1097,0,100,1903678
2026-10-07 07:00,atp,ATP 1000,Shanghai Rolex Masters,Hard,3,Marco Trungelliti,Rei Sakamoto,p2_games,under,11.5,0.2518,3.97,4.4,0.2129,3.9,0.1081,0,100,1903678
2026-10-07 07:00,atp,ATP 1000,Shanghai Rolex Masters,Hard,3,Marco Trungelliti,Rei Sakamoto,p2_games,over,12.5,0.5123,1.95,1.67,0.5605,-4.8,-0.1445,0,100,1903678
2026-10-07 07:00,atp,ATP 1000,Shanghai Rolex Masters,Hard,3,Marco Trungelliti,Rei Sakamoto,p2_games,under,12.5,0.4877,2.05,2.13,0.4395,4.8,0.0389,0,100,1903678
2026-10-07 07:00,atp,ATP 1000,Shanghai Rolex Masters,Hard,3,Marco Trungelliti,Rei Sakamoto,p2_games,over,13.5,0.341,2.93,2.48,0.3769,-3.6,-0.1542,0,100,1903678
2026-10-07 07:00,atp,ATP 1000,Shanghai Rolex Masters,Hard,3,Marco Trungelliti,Rei Sakamoto,p2_games,under,13.5,0.659,1.52,1.5,0.6231,3.6,-0.0116,0,100,1903678
2026-10-07 07:00,atp,ATP 1000,Shanghai Rolex Masters,Hard,3,Marco Trungelliti,Rei Sakamoto,game_handicap,player_a,1.5,0.4705,2.13,,,,,0,100,1903678
2026-10-07 07:00,atp,ATP 1000,Shanghai Rolex Masters,Hard,3,Marco Trungelliti,Rei Sakamoto,game_handicap,player_b,-1.5,0.5295,1.89,,,,,0,100,1903678
2026-10-07 07:00,atp,ATP 1000,Shanghai Rolex Masters,Hard,3,Mattia Bellucci,Yi Zhou,winner,player_a,,0.8025,1.25,1.23,0.7815,2.1,-0.0129,0,100,1903688
2026-10-07 07:00,atp,ATP 1000,Shanghai Rolex Masters,Hard,3,Mattia Bellucci,Yi Zhou,winner,player_b,,0.1975,5.06,4.4,0.2185,-2.1,-0.1311,0,100,1903688
2026-10-07 07:00,atp,ATP 1000,Shanghai Rolex Masters,Hard,3,Mattia Bellucci,Yi Zhou,total_games,over,18.5,0.7016,1.43,1.38,0.692,1.0,-0.0318,0,100,1903688
2026-10-07 07:00,atp,ATP 1000,Shanghai Rolex Masters,Hard,3,Mattia Bellucci,Yi Zhou,total_games,under,18.5,0.2984,3.35,3.1,0.308,-1.0,-0.0748,0,100,1903688
2026-10-07 07:00,atp,ATP 1000,Shanghai Rolex Masters,Hard,3,Mattia Bellucci,Yi Zhou,total_games,over,19.5,0.6104,1.64,1.57,0.6075,0.3,-0.0417,0,100,1903688
2026-10-07 07:00,atp,ATP 1000,Shanghai Rolex Masters,Hard,3,Mattia Bellucci,Yi Zhou,total_games,under,19.5,0.3896,2.57,2.43,0.3925,-0.3,-0.0532,0,100,1903688
2026-10-07 07:00,atp,ATP 1000,Shanghai Rolex Masters,Hard,3,Mattia Bellucci,Yi Zhou,total_games,over,20.5,0.528,1.89,1.79,0.5314,-0.3,-0.0549,0,100,1903688
2026-10-07 07:00,atp,ATP 1000,Shanghai Rolex Masters,Hard,3,Mattia Bellucci,Yi Zhou,total_games,under,20.5,0.472,2.12,2.03,0.4686,0.3,-0.0418,0,100,1903688
2026-10-07 07:00,atp,ATP 1000,Shanghai Rolex Masters,Hard,3,Mattia Bellucci,Yi Zhou,total_games,over,21.5,0.4732,2.11,1.99,0.4791,-0.6,-0.0584,0,100,1903688
2026-10-07 07:00,atp,ATP 1000,Shanghai Rolex Masters,Hard,3,Mattia Bellucci,Yi Zhou,total_games,under,21.5,0.5268,1.9,1.83,0.5209,0.6,-0.0359,0,100,1903688
2026-10-07 07:00,atp,ATP 1000,Shanghai Rolex Masters,Hard,3,Mattia Bellucci,Yi Zhou,total_games,over,22.5,0.3983,2.51,2.32,0.4112,-1.3,-0.076,0,100,1903688
2026-10-07 07:00,atp,ATP 1000,Shanghai Rolex Masters,Hard,3,Mattia Bellucci,Yi Zhou,total_games,under,22.5,0.6017,1.66,1.62,0.5888,1.3,-0.0252,0,100,1903688
2026-10-07 07:00,atp,ATP 1000,Shanghai Rolex Masters,Hard,3,Mattia Bellucci,Yi Zhou,total_games,over,23.5,0.3457,2.89,2.6,0.3659,-2.0,-0.1012,0,100,1903688
2026-10-07 07:00,atp,ATP 1000,Shanghai Rolex Masters,Hard,3,Mattia Bellucci,Yi Zhou,total_games,under,23.5,0.6543,1.53,1.5,0.6341,2.0,-0.0186,0,100,1903688
2026-10-07 07:00,atp,ATP 1000,Shanghai Rolex Masters,Hard,3,Mattia Bellucci,Yi Zhou,total_games,over,24.5,0.3358,2.98,2.7,0.3525,-1.7,-0.0934,0,100,1903688
2026-10-07 07:00,atp,ATP 1000,Shanghai Rolex Masters,Hard,3,Mattia Bellucci,Yi Zhou,total_games,under,24.5,0.6642,1.51,1.47,0.6475,1.7,-0.0236,0,100,1903688
2026-10-07 07:00,atp,ATP 1000,Shanghai Rolex Masters,Hard,3,Mattia Bellucci,Yi Zhou,p1_games,over,11.5,0.8994,1.11,1.09,0.8545,4.5,-0.0197,0,100,1903688
2026-10-07 07:00,atp,ATP 1000,Shanghai Rolex Masters,Hard,3,Mattia Bellucci,Yi Zhou,p1_games,under,11.5,0.1006,9.94,6.4,0.1455,-4.5,-0.3561,0,100,1903688
2026-10-07 07:00,atp,ATP 1000,Shanghai Rolex Masters,Hard,3,Mattia Bellucci,Yi Zhou,p1_games,over,12.5,0.5036,1.99,1.78,0.5253,-2.2,-0.1036,0,100,1903688
2026-10-07 07:00,atp,ATP 1000,Shanghai Rolex Masters,Hard,3,Mattia Bellucci,Yi Zhou,p1_games,under,12.5,0.4964,2.01,1.97,0.4747,2.2,-0.0221,0,100,1903688
2026-10-07 07:00,atp,ATP 1000,Shanghai Rolex Masters,Hard,3,Mattia Bellucci,Yi Zhou,p1_games,over,13.5,0.2986,3.35,2.85,0.3278,-2.9,-0.1489,0,100,1903688
2026-10-07 07:00,atp,ATP 1000,Shanghai Rolex Masters,Hard,3,Mattia Bellucci,Yi Zhou,p1_games,under,13.5,0.7014,1.43,1.39,0.6722,2.9,-0.0251,0,100,1903688
2026-10-07 07:00,atp,ATP 1000,Shanghai Rolex Masters,Hard,3,Mattia Bellucci,Yi Zhou,p2_games,over,8.5,0.5274,1.9,1.68,0.5567,-2.9,-0.114,0,100,1903688
2026-10-07 07:00,atp,ATP 1000,Shanghai Rolex Masters,Hard,3,Mattia Bellucci,Yi Zhou,p2_games,under,8.5,0.4726,2.12,2.11,0.4433,2.9,-0.0028,0,100,1903688
2026-10-07 07:00,atp,ATP 1000,Shanghai Rolex Masters,Hard,3,Mattia Bellucci,Yi Zhou,p2_games,over,9.5,0.4626,2.16,1.88,0.4973,-3.5,-0.1302,0,100,1903688
2026-10-07 07:00,atp,ATP 1000,Shanghai Rolex Masters,Hard,3,Mattia Bellucci,Yi Zhou,p2_games,under,9.5,0.5374,1.86,1.86,0.5027,3.5,-0.0005,0,100,1903688
2026-10-07 07:00,atp,ATP 1000,Shanghai Rolex Masters,Hard,3,Mattia Bellucci,Yi Zhou,p2_games,over,10.5,0.411,2.43,2.09,0.4471,-3.6,-0.1409,0,100,1903688
2026-10-07 07:00,atp,ATP 1000,Shanghai Rolex Masters,Hard,3,Mattia Bellucci,Yi Zhou,p2_games,under,10.5,0.589,1.7,1.69,0.5529,3.6,-0.0047,0,100,1903688
2026-10-07 07:00,atp,ATP 1000,Shanghai Rolex Masters,Hard,3,Mattia Bellucci,Yi Zhou,game_handicap,player_a,-3.5,0.6214,1.61,,,,,0,100,1903688
2026-10-07 07:00,atp,ATP 1000,Shanghai Rolex Masters,Hard,3,Mattia Bellucci,Yi Zhou,game_handicap,player_b,3.5,0.3786,2.64,,,,,0,100,1903688
2026-10-07 07:30,atp,ATP 1000,Shanghai Rolex Masters,Hard,3,Rinky Hijikata,Roman Safiullin,winner,player_a,,0.4427,2.26,3.25,0.2965,14.6,0.4387,0,100,1903701
2026-10-07 07:30,atp,ATP 1000,Shanghai Rolex Masters,Hard,3,Rinky Hijikata,Roman Safiullin,winner,player_b,,0.5573,1.79,1.37,0.7035,-14.6,-0.2365,0,100,1903701
2026-10-07 07:30,atp,ATP 1000,Shanghai Rolex Masters,Hard,3,Rinky Hijikata,Roman Safiullin,total_games,over,19.5,0.6869,1.46,1.38,0.6885,-0.2,-0.052,0,100,1903701
2026-10-07 07:30,atp,ATP 1000,Shanghai Rolex Masters,Hard,3,Rinky Hijikata,Roman Safiullin,total_games,under,19.5,0.3131,3.19,3.05,0.3115,0.2,-0.0451,0,100,1903701
2026-10-07 07:30,atp,ATP 1000,Shanghai Rolex Masters,Hard,3,Rinky Hijikata,Roman Safiullin,total_games,over,20.5,0.61,1.64,1.56,0.611,-0.1,-0.0484,0,100,1903701
2026-10-07 07:30,atp,ATP 1000,Shanghai Rolex Masters,Hard,3,Rinky Hijikata,Roman Safiullin,total_games,under,20.5,0.39,2.56,2.45,0.389,0.1,-0.0444,0,100,1903701
2026-10-07 07:30,atp,ATP 1000,Shanghai Rolex Masters,Hard,3,Rinky Hijikata,Roman Safiullin,total_games,over,21.5,0.5566,1.8,1.71,0.557,-0.0,-0.0481,0,100,1903701
2026-10-07 07:30,atp,ATP 1000,Shanghai Rolex Masters,Hard,3,Rinky Hijikata,Roman Safiullin,total_games,under,21.5,0.4434,2.26,2.15,0.443,0.0,-0.0468,0,100,1903701
2026-10-07 07:30,atp,ATP 1000,Shanghai Rolex Masters,Hard,3,Rinky Hijikata,Roman Safiullin,total_games,over,22.5,0.4826,2.07,1.99,0.4791,0.4,-0.0395,0,100,1903701
2026-10-07 07:30,atp,ATP 1000,Shanghai Rolex Masters,Hard,3,Rinky Hijikata,Roman Safiullin,total_games,under,22.5,0.5174,1.93,1.83,0.5209,-0.4,-0.0532,0,100,1903701
2026-10-07 07:30,atp,ATP 1000,Shanghai Rolex Masters,Hard,3,Rinky Hijikata,Roman Safiullin,total_games,over,23.5,0.4301,2.33,2.26,0.422,0.8,-0.028,0,100,1903701
2026-10-07 07:30,atp,ATP 1000,Shanghai Rolex Masters,Hard,3,Rinky Hijikata,Roman Safiullin,total_games,under,23.5,0.5699,1.75,1.65,0.578,-0.8,-0.0597,0,100,1903701
2026-10-07 07:30,atp,ATP 1000,Shanghai Rolex Masters,Hard,3,Rinky Hijikata,Roman Safiullin,total_games,over,24.5,0.4163,2.4,2.33,0.4086,0.8,-0.0301,0,100,1903701
2026-10-07 07:30,atp,ATP 1000,Shanghai Rolex Masters,Hard,3,Rinky Hijikata,Roman Safiullin,total_games,under,24.5,0.5837,1.71,1.61,0.5914,-0.8,-0.0602,0,100,1903701
2026-10-07 07:30,atp,ATP 1000,Shanghai Rolex Masters,Hard,3,Rinky Hijikata,Roman Safiullin,total_games,over,25.5,0.3816,2.62,2.55,0.375,0.7,-0.0268,0,100,1903701
2026-10-07 07:30,atp,ATP 1000,Shanghai Rolex Masters,Hard,3,Rinky Hijikata,Roman Safiullin,total_games,under,25.5,0.6184,1.62,1.53,0.625,-0.7,-0.0539,0,100,1903701
2026-10-07 07:30,atp,ATP 1000,Shanghai Rolex Masters,Hard,3,Rinky Hijikata,Roman Safiullin,p1_games,over,10.5,0.653,1.53,1.75,0.5346,11.8,0.1428,0,100,1903701
2026-10-07 07:30,atp,ATP 1000,Shanghai Rolex Masters,Hard,3,Rinky Hijikata,Roman Safiullin,p1_games,under,10.5,0.347,2.88,2.01,0.4654,-11.8,-0.3026,0,100,1903701
2026-10-07 07:30,atp,ATP 1000,Shanghai Rolex Masters,Hard,3,Rinky Hijikata,Roman Safiullin,p1_games,over,11.5,0.622,1.61,1.88,0.4973,12.5,0.1693,0,100,1903701
2026-10-07 07:30,atp,ATP 1000,Shanghai Rolex Masters,Hard,3,Rinky Hijikata,Roman Safiullin,p1_games,under,11.5,0.378,2.65,1.86,0.5027,-12.5,-0.2969,0,100,1903701
2026-10-07 07:30,atp,ATP 1000,Shanghai Rolex Masters,Hard,3,Rinky Hijikata,Roman Safiullin,p1_games,over,12.5,0.4451,2.25,2.4,0.3893,5.6,0.0682,0,100,1903701
2026-10-07 07:30,atp,ATP 1000,Shanghai Rolex Masters,Hard,3,Rinky Hijikata,Roman Safiullin,p1_games,under,12.5,0.5549,1.8,1.53,0.6107,-5.6,-0.151,0,100,1903701
2026-10-07 07:30,atp,ATP 1000,Shanghai Rolex Masters,Hard,3,Rinky Hijikata,Roman Safiullin,p2_games,over,11.5,0.7208,1.39,1.15,0.813,-9.2,-0.1711,0,100,1903701
2026-10-07 07:30,atp,ATP 1000,Shanghai Rolex Masters,Hard,3,Rinky Hijikata,Roman Safiullin,p2_games,under,11.5,0.2792,3.58,5.0,0.187,9.2,0.3962,0,100,1903701
2026-10-07 07:30,atp,ATP 1000,Shanghai Rolex Masters,Hard,3,Rinky Hijikata,Roman Safiullin,p2_games,over,12.5,0.4872,2.05,1.71,0.5476,-6.0,-0.167,0,100,1903701
2026-10-07 07:30,atp,ATP 1000,Shanghai Rolex Masters,Hard,3,Rinky Hijikata,Roman Safiullin,p2_games,under,12.5,0.5128,1.95,2.07,0.4524,6.0,0.0616,0,100,1903701
2026-10-07 07:30,atp,ATP 1000,Shanghai Rolex Masters,Hard,3,Rinky Hijikata,Roman Safiullin,p2_games,over,13.5,0.3254,3.07,2.6,0.3596,-3.4,-0.154,0,100,1903701
2026-10-07 07:30,atp,ATP 1000,Shanghai Rolex Masters,Hard,3,Rinky Hijikata,Roman Safiullin,p2_games,under,13.5,0.6746,1.48,1.46,0.6404,3.4,-0.0151,0,100,1903701
2026-10-07 07:30,atp,ATP 1000,Shanghai Rolex Masters,Hard,3,Rinky Hijikata,Roman Safiullin,game_handicap,player_a,1.5,0.4933,2.03,,,,,0,100,1903701
2026-10-07 07:30,atp,ATP 1000,Shanghai Rolex Masters,Hard,3,Rinky Hijikata,Roman Safiullin,game_handicap,player_b,-1.5,0.5067,1.97,,,,,0,100,1903701
2026-10-07 08:30,atp,ATP 1000,Shanghai Rolex Masters,Hard,3,Holger Rune,Daniel Altmaier,winner,player_a,,0.7652,1.31,,,,,0,88,1903336
2026-10-07 08:30,atp,ATP 1000,Shanghai Rolex Masters,Hard,3,Holger Rune,Daniel Altmaier,winner,player_b,,0.2348,4.26,,,,,0,88,1903336
2026-10-07 08:30,atp,ATP 1000,Shanghai Rolex Masters,Hard,3,Holger Rune,Daniel Altmaier,total_games,over,21.5,0.4967,2.01,,,,,1,88,1903336
2026-10-07 08:30,atp,ATP 1000,Shanghai Rolex Masters,Hard,3,Holger Rune,Daniel Altmaier,total_games,under,21.5,0.5033,1.99,,,,,1,88,1903336
2026-10-07 08:30,atp,ATP 1000,Shanghai Rolex Masters,Hard,3,Holger Rune,Daniel Altmaier,p1_games,over,13.5,0.312,3.21,,,,,1,88,1903336
2026-10-07 08:30,atp,ATP 1000,Shanghai Rolex Masters,Hard,3,Holger Rune,Daniel Altmaier,p1_games,under,13.5,0.688,1.45,,,,,1,88,1903336
2026-10-07 08:30,atp,ATP 1000,Shanghai Rolex Masters,Hard,3,Holger Rune,Daniel Altmaier,p2_games,over,10.5,0.454,2.2,,,,,1,88,1903336
2026-10-07 08:30,atp,ATP 1000,Shanghai Rolex Masters,Hard,3,Holger Rune,Daniel Altmaier,p2_games,under,10.5,0.546,1.83,,,,,1,88,1903336
2026-10-07 08:30,atp,ATP 1000,Shanghai Rolex Masters,Hard,3,Holger Rune,Daniel Altmaier,game_handicap,player_a,-3.5,0.5802,1.72,,,,,1,88,1903336
2026-10-07 08:30,atp,ATP 1000,Shanghai Rolex Masters,Hard,3,Holger Rune,Daniel Altmaier,game_handicap,player_b,3.5,0.4198,2.38,,,,,1,88,1903336
2026-10-07 08:30,atp,ATP 1000,Shanghai Rolex Masters,Hard,3,Quentin Halys,Chak Wong,winner,player_a,,0.5947,1.68,,,,,0,75,1903679
2026-10-07 08:30,atp,ATP 1000,Shanghai Rolex Masters,Hard,3,Quentin Halys,Chak Wong,winner,player_b,,0.4053,2.47,,,,,0,75,1903679
2026-10-07 08:30,atp,ATP 1000,Shanghai Rolex Masters,Hard,3,Quentin Halys,Chak Wong,total_games,over,23.5,0.4494,2.23,,,,,1,75,1903679
2026-10-07 08:30,atp,ATP 1000,Shanghai Rolex Masters,Hard,3,Quentin Halys,Chak Wong,total_games,under,23.5,0.5506,1.82,,,,,1,75,1903679
2026-10-07 08:30,atp,ATP 1000,Shanghai Rolex Masters,Hard,3,Quentin Halys,Chak Wong,p1_games,over,13.5,0.3609,2.77,,,,,1,75,1903679
2026-10-07 08:30,atp,ATP 1000,Shanghai Rolex Masters,Hard,3,Quentin Halys,Chak Wong,p1_games,under,13.5,0.6391,1.56,,,,,1,75,1903679
2026-10-07 08:30,atp,ATP 1000,Shanghai Rolex Masters,Hard,3,Quentin Halys,Chak Wong,p2_games,over,12.5,0.4672,2.14,,,,,1,75,1903679
2026-10-07 08:30,atp,ATP 1000,Shanghai Rolex Masters,Hard,3,Quentin Halys,Chak Wong,p2_games,under,12.5,0.5328,1.88,,,,,1,75,1903679
2026-10-07 08:30,atp,ATP 1000,Shanghai Rolex Masters,Hard,3,Quentin Halys,Chak Wong,game_handicap,player_a,-1.5,0.5383,1.86,,,,,1,75,1903679
2026-10-07 08:30,atp,ATP 1000,Shanghai Rolex Masters,Hard,3,Quentin Halys,Chak Wong,game_handicap,player_b,1.5,0.4617,2.17,,,,,1,75,1903679
2026-10-07 10:00,atp,ATP 1000,Shanghai Rolex Masters,Hard,3,Yibing Wu,Michael Zheng,winner,player_a,,0.568,1.76,,,,,0,94,1903680
2026-10-07 10:00,atp,ATP 1000,Shanghai Rolex Masters,Hard,3,Yibing Wu,Michael Zheng,winner,player_b,,0.432,2.31,,,,,0,94,1903680
2026-10-07 10:00,atp,ATP 1000,Shanghai Rolex Masters,Hard,3,Yibing Wu,Michael Zheng,total_games,over,22.5,0.4782,2.09,,,,,0,94,1903680
2026-10-07 10:00,atp,ATP 1000,Shanghai Rolex Masters,Hard,3,Yibing Wu,Michael Zheng,total_games,under,22.5,0.5218,1.92,,,,,0,94,1903680
2026-10-07 10:00,atp,ATP 1000,Shanghai Rolex Masters,Hard,3,Yibing Wu,Michael Zheng,p1_games,over,12.5,0.4861,2.06,,,,,0,94,1903680
2026-10-07 10:00,atp,ATP 1000,Shanghai Rolex Masters,Hard,3,Yibing Wu,Michael Zheng,p1_games,under,12.5,0.5139,1.95,,,,,0,94,1903680
2026-10-07 10:00,atp,ATP 1000,Shanghai Rolex Masters,Hard,3,Yibing Wu,Michael Zheng,p2_games,over,12.5,0.4369,2.29,,,,,0,94,1903680
2026-10-07 10:00,atp,ATP 1000,Shanghai Rolex Masters,Hard,3,Yibing Wu,Michael Zheng,p2_games,under,12.5,0.5631,1.78,,,,,0,94,1903680
2026-10-07 10:00,atp,ATP 1000,Shanghai Rolex Masters,Hard,3,Yibing Wu,Michael Zheng,game_handicap,player_a,-1.5,0.5176,1.93,,,,,0,94,1903680
2026-10-07 10:00,atp,ATP 1000,Shanghai Rolex Masters,Hard,3,Yibing Wu,Michael Zheng,game_handicap,player_b,1.5,0.4824,2.07,,,,,0,94,1903680
2026-10-07 11:30,atp,ATP 1000,Shanghai Rolex Masters,Hard,3,Arthur Fery,Marin Cilic,winner,player_a,,0.4078,2.45,,,,,0,94,1903335
2026-10-07 11:30,atp,ATP 1000,Shanghai Rolex Masters,Hard,3,Arthur Fery,Marin Cilic,winner,player_b,,0.5922,1.69,,,,,0,94,1903335
2026-10-07 11:30,atp,ATP 1000,Shanghai Rolex Masters,Hard,3,Arthur Fery,Marin Cilic,total_games,over,23.5,0.4427,2.26,,,,,0,94,1903335
2026-10-07 11:30,atp,ATP 1000,Shanghai Rolex Masters,Hard,3,Arthur Fery,Marin Cilic,total_games,under,23.5,0.5573,1.79,,,,,0,94,1903335
2026-10-07 11:30,atp,ATP 1000,Shanghai Rolex Masters,Hard,3,Arthur Fery,Marin Cilic,p1_games,over,12.5,0.4576,2.19,,,,,0,94,1903335
2026-10-07 11:30,atp,ATP 1000,Shanghai Rolex Masters,Hard,3,Arthur Fery,Marin Cilic,p1_games,under,12.5,0.5424,1.84,,,,,0,94,1903335
2026-10-07 11:30,atp,ATP 1000,Shanghai Rolex Masters,Hard,3,Arthur Fery,Marin Cilic,p2_games,over,13.5,0.3514,2.85,,,,,0,94,1903335
2026-10-07 11:30,atp,ATP 1000,Shanghai Rolex Masters,Hard,3,Arthur Fery,Marin Cilic,p2_games,under,13.5,0.6486,1.54,,,,,0,94,1903335
2026-10-07 11:30,atp,ATP 1000,Shanghai Rolex Masters,Hard,3,Arthur Fery,Marin Cilic,game_handicap,player_a,1.5,0.4626,2.16,,,,,0,94,1903335
2026-10-07 11:30,atp,ATP 1000,Shanghai Rolex Masters,Hard,3,Arthur Fery,Marin Cilic,game_handicap,player_b,-1.5,0.5374,1.86,,,,,0,94,1903335
2026-10-07 05:00,wta,WTA 1000,China Open,Hard,3,Iva Jovic,Iga Swiatek,winner,player_a,,0.2243,4.46,2.7,0.3556,-13.1,-0.3943,0,100,1903017
2026-10-07 05:00,wta,WTA 1000,China Open,Hard,3,Iva Jovic,Iga Swiatek,winner,player_b,,0.7757,1.29,1.49,0.6444,13.1,0.1558,0,100,1903017
2026-10-07 05:00,wta,WTA 1000,China Open,Hard,3,Iva Jovic,Iga Swiatek,total_games,over,17.5,0.6356,1.57,1.27,0.747,-11.1,-0.1928,0,100,1903017
2026-10-07 05:00,wta,WTA 1000,China Open,Hard,3,Iva Jovic,Iga Swiatek,total_games,under,17.5,0.3644,2.74,3.75,0.253,11.1,0.3665,0,100,1903017
2026-10-07 05:00,wta,WTA 1000,China Open,Hard,3,Iva Jovic,Iga Swiatek,total_games,over,18.5,0.5488,1.82,1.43,0.6659,-11.7,-0.2153,0,100,1903017
2026-10-07 05:00,wta,WTA 1000,China Open,Hard,3,Iva Jovic,Iga Swiatek,total_games,under,18.5,0.4512,2.22,2.85,0.3341,11.7,0.286,0,100,1903017
2026-10-07 05:00,wta,WTA 1000,China Open,Hard,3,Iva Jovic,Iga Swiatek,total_games,over,19.5,0.4747,2.11,1.63,0.5842,-11.0,-0.2263,0,100,1903017
2026-10-07 05:00,wta,WTA 1000,China Open,Hard,3,Iva Jovic,Iga Swiatek,total_games,under,19.5,0.5253,1.9,2.29,0.4158,11.0,0.203,0,100,1903017
2026-10-07 05:00,wta,WTA 1000,China Open,Hard,3,Iva Jovic,Iga Swiatek,total_games,over,20.5,0.4132,2.42,1.85,0.5157,-10.3,-0.2356,0,100,1903017
2026-10-07 05:00,wta,WTA 1000,China Open,Hard,3,Iva Jovic,Iga Swiatek,total_games,under,20.5,0.5868,1.7,1.97,0.4843,10.3,0.156,0,100,1903017
2026-10-07 05:00,wta,WTA 1000,China Open,Hard,3,Iva Jovic,Iga Swiatek,total_games,over,21.5,0.3689,2.71,2.04,0.466,-9.7,-0.2474,0,100,1903017
2026-10-07 05:00,wta,WTA 1000,China Open,Hard,3,Iva Jovic,Iga Swiatek,total_games,under,21.5,0.6311,1.58,1.78,0.534,9.7,0.1233,0,100,1903017
2026-10-07 05:00,wta,WTA 1000,China Open,Hard,3,Iva Jovic,Iga Swiatek,total_games,over,22.5,0.3207,3.12,2.33,0.4086,-8.8,-0.2527,0,100,1903017
2026-10-07 05:00,wta,WTA 1000,China Open,Hard,3,Iva Jovic,Iga Swiatek,total_games,under,22.5,0.6793,1.47,1.61,0.5914,8.8,0.0936,0,100,1903017
2026-10-07 05:00,wta,WTA 1000,China Open,Hard,3,Iva Jovic,Iga Swiatek,total_games,over,23.5,0.2905,3.44,2.55,0.3719,-8.1,-0.2593,0,100,1903017
2026-10-07 05:00,wta,WTA 1000,China Open,Hard,3,Iva Jovic,Iga Swiatek,total_games,under,23.5,0.7095,1.41,1.51,0.6281,8.1,0.0714,0,100,1903017
2026-10-07 05:00,wta,WTA 1000,China Open,Hard,3,Iva Jovic,Iga Swiatek,p1_games,over,10.5,0.3765,2.66,1.77,0.528,-15.1,-0.3335,0,100,1903017
2026-10-07 05:00,wta,WTA 1000,China Open,Hard,3,Iva Jovic,Iga Swiatek,p1_games,under,10.5,0.6235,1.6,1.98,0.472,15.1,0.2345,0,100,1903017
2026-10-07 05:00,wta,WTA 1000,China Open,Hard,3,Iva Jovic,Iga Swiatek,p1_games,over,11.5,0.3441,2.91,1.89,0.4947,-15.1,-0.3496,0,100,1903017
2026-10-07 05:00,wta,WTA 1000,China Open,Hard,3,Iva Jovic,Iga Swiatek,p1_games,under,11.5,0.6559,1.52,1.85,0.5053,15.1,0.2134,0,100,1903017
2026-10-07 05:00,wta,WTA 1000,China Open,Hard,3,Iva Jovic,Iga Swiatek,p1_games,over,12.5,0.238,4.2,2.7,0.3447,-10.7,-0.3574,0,100,1903017
2026-10-07 05:00,wta,WTA 1000,China Open,Hard,3,Iva Jovic,Iga Swiatek,p1_games,under,12.5,0.762,1.31,1.42,0.6553,10.7,0.082,0,100,1903017
2026-10-07 05:00,wta,WTA 1000,China Open,Hard,3,Iva Jovic,Iga Swiatek,p2_games,over,11.5,0.8559,1.17,1.26,0.7434,11.3,0.0785,0,100,1903017
2026-10-07 05:00,wta,WTA 1000,China Open,Hard,3,Iva Jovic,Iga Swiatek,p2_games,under,11.5,0.1441,6.94,3.65,0.2566,-11.3,-0.4741,0,100,1903017
2026-10-07 05:00,wta,WTA 1000,China Open,Hard,3,Iva Jovic,Iga Swiatek,p2_games,over,12.5,0.3862,2.59,2.1,0.4459,-6.0,-0.1889,0,100,1903017
2026-10-07 05:00,wta,WTA 1000,China Open,Hard,3,Iva Jovic,Iga Swiatek,p2_games,under,12.5,0.6138,1.63,1.69,0.5541,6.0,0.0373,0,100,1903017
2026-10-07 05:00,wta,WTA 1000,China Open,Hard,3,Iva Jovic,Iga Swiatek,p2_games,over,13.5,0.2323,4.3,3.25,0.2873,-5.5,-0.245,0,100,1903017
2026-10-07 05:00,wta,WTA 1000,China Open,Hard,3,Iva Jovic,Iga Swiatek,p2_games,under,13.5,0.7677,1.3,1.31,0.7127,5.5,0.0057,0,100,1903017
2026-10-07 05:00,wta,WTA 1000,China Open,Hard,3,Iva Jovic,Iga Swiatek,game_handicap,player_a,4.5,0.418,2.39,,,,,0,100,1903017
2026-10-07 05:00,wta,WTA 1000,China Open,Hard,3,Iva Jovic,Iga Swiatek,game_handicap,player_b,-4.5,0.582,1.72,,,,,0,100,1903017
2026-10-07 06:30,wta,WTA 1000,China Open,Hard,3,Coco Gauff,Elise Mertens,winner,player_a,,0.8205,1.22,1.25,0.7664,5.4,0.0257,0,100,1903412
2026-10-07 06:30,wta,WTA 1000,China Open,Hard,3,Coco Gauff,Elise Mertens,winner,player_b,,0.1795,5.57,4.1,0.2336,-5.4,-0.2642,0,100,1903412
2026-10-07 06:30,wta,WTA 1000,China Open,Hard,3,Coco Gauff,Elise Mertens,total_games,over,16.5,0.6807,1.47,1.21,0.7881,-10.7,-0.1764,0,100,1903412
2026-10-07 06:30,wta,WTA 1000,China Open,Hard,3,Coco Gauff,Elise Mertens,total_games,under,16.5,0.3193,3.13,4.5,0.2119,10.7,0.4371,0,100,1903412
2026-10-07 06:30,wta,WTA 1000,China Open,Hard,3,Coco Gauff,Elise Mertens,total_games,over,17.5,0.5808,1.72,1.38,0.692,-11.1,-0.1985,0,100,1903412
2026-10-07 06:30,wta,WTA 1000,China Open,Hard,3,Coco Gauff,Elise Mertens,total_games,under,17.5,0.4192,2.39,3.1,0.308,11.1,0.2994,0,100,1903412
2026-10-07 06:30,wta,WTA 1000,China Open,Hard,3,Coco Gauff,Elise Mertens,total_games,over,18.5,0.4957,2.02,1.57,0.6075,-11.2,-0.2217,0,100,1903412
2026-10-07 06:30,wta,WTA 1000,China Open,Hard,3,Coco Gauff,Elise Mertens,total_games,under,18.5,0.5043,1.98,2.43,0.3925,11.2,0.2253,0,100,1903412
2026-10-07 06:30,wta,WTA 1000,China Open,Hard,3,Coco Gauff,Elise Mertens,total_games,over,19.5,0.425,2.35,1.81,0.5262,-10.1,-0.2307,0,100,1903412
2026-10-07 06:30,wta,WTA 1000,China Open,Hard,3,Coco Gauff,Elise Mertens,total_games,under,19.5,0.575,1.74,2.01,0.4738,10.1,0.1557,0,100,1903412
2026-10-07 06:30,wta,WTA 1000,China Open,Hard,3,Coco Gauff,Elise Mertens,total_games,over,20.5,0.3679,2.72,2.06,0.4621,-9.4,-0.2422,0,100,1903412
2026-10-07 06:30,wta,WTA 1000,China Open,Hard,3,Coco Gauff,Elise Mertens,total_games,under,20.5,0.6321,1.58,1.77,0.5379,9.4,0.1189,0,100,1903412
2026-10-07 06:30,wta,WTA 1000,China Open,Hard,3,Coco Gauff,Elise Mertens,total_games,over,21.5,0.3269,3.06,2.31,0.4122,-8.5,-0.2449,0,100,1903412
2026-10-07 06:30,wta,WTA 1000,China Open,Hard,3,Coco Gauff,Elise Mertens,total_games,under,21.5,0.6731,1.49,1.62,0.5878,8.5,0.0905,0,100,1903412
2026-10-07 06:30,wta,WTA 1000,China Open,Hard,3,Coco Gauff,Elise Mertens,total_games,over,22.5,0.2838,3.52,2.65,0.3599,-7.6,-0.248,0,100,1903412
2026-10-07 06:30,wta,WTA 1000,China Open,Hard,3,Coco Gauff,Elise Mertens,total_games,under,22.5,0.7162,1.4,1.49,0.6401,7.6,0.0672,0,100,1903412
2026-10-07 06:30,wta,WTA 1000,China Open,Hard,3,Coco Gauff,Elise Mertens,p1_games,over,11.5,0.8875,1.13,1.12,0.8333,5.4,-0.006,0,100,1903412
2026-10-07 06:30,wta,WTA 1000,China Open,Hard,3,Coco Gauff,Elise Mertens,p1_games,under,11.5,0.1125,8.89,5.6,0.1667,-5.4,-0.3699,0,100,1903412
2026-10-07 06:30,wta,WTA 1000,China Open,Hard,3,Coco Gauff,Elise Mertens,p1_games,over,12.5,0.3585,2.79,2.12,0.4406,-8.2,-0.24,0,100,1903412
2026-10-07 06:30,wta,WTA 1000,China Open,Hard,3,Coco Gauff,Elise Mertens,p1_games,under,12.5,0.6415,1.56,1.67,0.5594,8.2,0.0713,0,100,1903412
2026-10-07 06:30,wta,WTA 1000,China Open,Hard,3,Coco Gauff,Elise Mertens,p1_games,over,13.5,0.2102,4.76,3.4,0.2751,-6.5,-0.2855,0,100,1903412
2026-10-07 06:30,wta,WTA 1000,China Open,Hard,3,Coco Gauff,Elise Mertens,p1_games,under,13.5,0.7898,1.27,1.29,0.7249,6.5,0.0189,0,100,1903412
2026-10-07 06:30,wta,WTA 1000,China Open,Hard,3,Coco Gauff,Elise Mertens,p2_games,over,7.5,0.4469,2.24,1.71,0.5476,-10.1,-0.2358,0,100,1903412
2026-10-07 06:30,wta,WTA 1000,China Open,Hard,3,Coco Gauff,Elise Mertens,p2_games,under,7.5,0.5531,1.81,2.07,0.4524,10.1,0.1449,0,100,1903412
2026-10-07 06:30,wta,WTA 1000,China Open,Hard,3,Coco Gauff,Elise Mertens,p2_games,over,8.5,0.3917,2.55,1.92,0.4866,-9.5,-0.248,0,100,1903412
2026-10-07 06:30,wta,WTA 1000,China Open,Hard,3,Coco Gauff,Elise Mertens,p2_games,under,8.5,0.6083,1.64,1.82,0.5134,9.5,0.1071,0,100,1903412
2026-10-07 06:30,wta,WTA 1000,China Open,Hard,3,Coco Gauff,Elise Mertens,p2_games,over,9.5,0.3496,2.86,2.12,0.4406,-9.1,-0.2588,0,100,1903412
2026-10-07 06:30,wta,WTA 1000,China Open,Hard,3,Coco Gauff,Elise Mertens,p2_games,under,9.5,0.6504,1.54,1.67,0.5594,9.1,0.0861,0,100,1903412
2026-10-07 06:30,wta,WTA 1000,China Open,Hard,3,Coco Gauff,Elise Mertens,game_handicap,player_a,-5.5,0.5532,1.81,,,,,0,100,1903412
2026-10-07 06:30,wta,WTA 1000,China Open,Hard,3,Coco Gauff,Elise Mertens,game_handicap,player_b,5.5,0.4468,2.24,,,,,0,100,1903412
2026-10-07 13:00,wta,WTA 1000,China Open,Hard,3,Alina Charaeva,Qinwen Zheng,winner,player_a,,0.2204,4.54,4.0,0.2395,-1.9,-0.1186,0,94,1903026
2026-10-07 13:00,wta,WTA 1000,China Open,Hard,3,Alina Charaeva,Qinwen Zheng,winner,player_b,,0.7796,1.28,1.26,0.7605,1.9,-0.0176,0,94,1903026
2026-10-07 13:00,wta,WTA 1000,China Open,Hard,3,Alina Charaeva,Qinwen Zheng,total_games,over,19.5,0.4787,2.09,1.64,0.5696,-9.1,-0.2149,1,94,1903026
2026-10-07 13:00,wta,WTA 1000,China Open,Hard,3,Alina Charaeva,Qinwen Zheng,total_games,under,19.5,0.5213,1.92,2.17,0.4304,9.1,0.1312,1,94,1903026
2026-10-07 13:00,wta,WTA 1000,China Open,Hard,3,Alina Charaeva,Qinwen Zheng,total_games,over,20.5,0.4159,2.4,1.87,0.4987,-8.3,-0.2223,1,94,1903026
2026-10-07 13:00,wta,WTA 1000,China Open,Hard,3,Alina Charaeva,Qinwen Zheng,total_games,under,20.5,0.5841,1.71,1.86,0.5013,8.3,0.0864,1,94,1903026
2026-10-07 13:00,wta,WTA 1000,China Open,Hard,3,Alina Charaeva,Qinwen Zheng,total_games,over,21.5,0.371,2.7,2.09,0.4471,-7.6,-0.2246,1,94,1903026
2026-10-07 13:00,wta,WTA 1000,China Open,Hard,3,Alina Charaeva,Qinwen Zheng,total_games,under,21.5,0.629,1.59,1.69,0.5529,7.6,0.063,1,94,1903026
2026-10-07 13:00,wta,WTA 1000,China Open,Hard,3,Alina Charaeva,Qinwen Zheng,p1_games,over,7.5,0.5151,1.94,1.58,0.5917,-7.7,-0.1862,1,94,1903026
2026-10-07 13:00,wta,WTA 1000,China Open,Hard,3,Alina Charaeva,Qinwen Zheng,p1_games,under,7.5,0.4849,2.06,2.29,0.4083,7.7,0.1105,1,94,1903026
2026-10-07 13:00,wta,WTA 1000,China Open,Hard,3,Alina Charaeva,Qinwen Zheng,p1_games,over,8.5,0.4562,2.19,1.78,0.5241,-6.8,-0.188,1,94,1903026
2026-10-07 13:00,wta,WTA 1000,China Open,Hard,3,Alina Charaeva,Qinwen Zheng,p1_games,under,8.5,0.5438,1.84,1.96,0.4759,6.8,0.0659,1,94,1903026
2026-10-07 13:00,wta,WTA 1000,China Open,Hard,3,Alina Charaeva,Qinwen Zheng,p1_games,over,9.5,0.4115,2.43,1.98,0.472,-6.1,-0.1853,1,94,1903026
2026-10-07 13:00,wta,WTA 1000,China Open,Hard,3,Alina Charaeva,Qinwen Zheng,p1_games,under,9.5,0.5885,1.7,1.77,0.528,6.1,0.0417,1,94,1903026
2026-10-07 13:00,wta,WTA 1000,China Open,Hard,3,Alina Charaeva,Qinwen Zheng,p2_games,over,11.5,0.8604,1.16,1.12,0.8333,2.7,-0.0364,1,94,1903026
2026-10-07 13:00,wta,WTA 1000,China Open,Hard,3,Alina Charaeva,Qinwen Zheng,p2_games,under,11.5,0.1396,7.16,5.6,0.1667,-2.7,-0.2182,1,94,1903026
2026-10-07 13:00,wta,WTA 1000,China Open,Hard,3,Alina Charaeva,Qinwen Zheng,p2_games,over,12.5,0.3901,2.56,1.98,0.472,-8.2,-0.2275,1,94,1903026
2026-10-07 13:00,wta,WTA 1000,China Open,Hard,3,Alina Charaeva,Qinwen Zheng,p2_games,under,12.5,0.6099,1.64,1.77,0.528,8.2,0.0795,1,94,1903026
2026-10-07 13:00,wta,WTA 1000,China Open,Hard,3,Alina Charaeva,Qinwen Zheng,p2_games,over,13.5,0.2339,4.28,3.15,0.2969,-6.3,-0.2633,1,94,1903026
2026-10-07 13:00,wta,WTA 1000,China Open,Hard,3,Alina Charaeva,Qinwen Zheng,p2_games,under,13.5,0.7661,1.31,1.33,0.7031,6.3,0.0189,1,94,1903026
2026-10-07 13:00,wta,WTA 1000,China Open,Hard,3,Alina Charaeva,Qinwen Zheng,game_handicap,player_a,4.5,0.4186,2.39,,,,,1,94,1903026
2026-10-07 13:00,wta,WTA 1000,China Open,Hard,3,Alina Charaeva,Qinwen Zheng,game_handicap,player_b,-4.5,0.5814,1.72,,,,,1,94,1903026
2026-10-07 14:30,wta,WTA 1000,China Open,Hard,3,Ann Li,Elina Svitolina,winner,player_a,,0.1883,5.31,3.75,0.256,-6.8,-0.2937,0,100,1903065
2026-10-07 14:30,wta,WTA 1000,China Open,Hard,3,Ann Li,Elina Svitolina,winner,player_b,,0.8117,1.23,1.29,0.744,6.8,0.047,0,100,1903065
2026-10-07 14:30,wta,WTA 1000,China Open,Hard,3,Ann Li,Elina Svitolina,total_games,over,19.5,0.4523,2.21,1.63,0.5733,-12.1,-0.2628,0,100,1903065
2026-10-07 14:30,wta,WTA 1000,China Open,Hard,3,Ann Li,Elina Svitolina,total_games,under,19.5,0.5477,1.83,2.19,0.4267,12.1,0.1996,0,100,1903065
2026-10-07 14:30,wta,WTA 1000,China Open,Hard,3,Ann Li,Elina Svitolina,total_games,over,20.5,0.3907,2.56,1.86,0.5027,-11.2,-0.2734,0,100,1903065
2026-10-07 14:30,wta,WTA 1000,China Open,Hard,3,Ann Li,Elina Svitolina,total_games,under,20.5,0.6093,1.64,1.88,0.4973,11.2,0.1456,0,100,1903065
2026-10-07 14:30,wta,WTA 1000,China Open,Hard,3,Ann Li,Elina Svitolina,total_games,over,21.5,0.3471,2.88,2.07,0.4524,-10.5,-0.2816,0,100,1903065
2026-10-07 14:30,wta,WTA 1000,China Open,Hard,3,Ann Li,Elina Svitolina,total_games,under,21.5,0.6529,1.53,1.71,0.5476,10.5,0.1165,0,100,1903065
2026-10-07 14:30,wta,WTA 1000,China Open,Hard,3,Ann Li,Elina Svitolina,p1_games,over,8.5,0.4153,2.41,1.74,0.5372,-12.2,-0.2774,0,100,1903065
2026-10-07 14:30,wta,WTA 1000,China Open,Hard,3,Ann Li,Elina Svitolina,p1_games,under,8.5,0.5847,1.71,2.02,0.4628,12.2,0.1811,0,100,1903065
2026-10-07 14:30,wta,WTA 1000,China Open,Hard,3,Ann Li,Elina Svitolina,p1_games,over,9.5,0.3708,2.7,1.92,0.4866,-11.6,-0.2881,0,100,1903065
2026-10-07 14:30,wta,WTA 1000,China Open,Hard,3,Ann Li,Elina Svitolina,p1_games,under,9.5,0.6292,1.59,1.82,0.5134,11.6,0.1452,0,100,1903065
2026-10-07 14:30,wta,WTA 1000,China Open,Hard,3,Ann Li,Elina Svitolina,p1_games,over,10.5,0.3345,2.99,2.1,0.4444,-11.0,-0.2976,0,100,1903065
2026-10-07 14:30,wta,WTA 1000,China Open,Hard,3,Ann Li,Elina Svitolina,p1_games,under,10.5,0.6655,1.5,1.68,0.5556,11.0,0.1181,0,100,1903065
2026-10-07 14:30,wta,WTA 1000,China Open,Hard,3,Ann Li,Elina Svitolina,p2_games,over,11.5,0.8838,1.13,1.14,0.8202,6.4,0.0075,0,100,1903065
2026-10-07 14:30,wta,WTA 1000,China Open,Hard,3,Ann Li,Elina Svitolina,p2_games,under,11.5,0.1162,8.61,5.2,0.1798,-6.4,-0.3957,0,100,1903065
2026-10-07 14:30,wta,WTA 1000,China Open,Hard,3,Ann Li,Elina Svitolina,p2_games,over,12.5,0.377,2.65,1.99,0.4693,-9.2,-0.2497,0,100,1903065
2026-10-07 14:30,wta,WTA 1000,China Open,Hard,3,Ann Li,Elina Svitolina,p2_games,under,12.5,0.623,1.61,1.76,0.5307,9.2,0.0964,0,100,1903065
2026-10-07 14:30,wta,WTA 1000,China Open,Hard,3,Ann Li,Elina Svitolina,p2_games,over,13.5,0.2216,4.51,3.15,0.2969,-7.5,-0.302,0,100,1903065
2026-10-07 14:30,wta,WTA 1000,China Open,Hard,3,Ann Li,Elina Svitolina,p2_games,under,13.5,0.7784,1.28,1.33,0.7031,7.5,0.0353,0,100,1903065
2026-10-07 14:30,wta,WTA 1000,China Open,Hard,3,Ann Li,Elina Svitolina,game_handicap,player_a,5.5,0.4806,2.08,,,,,0,100,1903065
2026-10-07 14:30,wta,WTA 1000,China Open,Hard,3,Ann Li,Elina Svitolina,game_handicap,player_b,-5.5,0.5194,1.93,,,,,0,100,1903065
2026-10-07 13:00,atp,ATP Challenger,"Antofagasta, Chile",Clay,3,Juan Carlos Prado Angelo,Pedro Boscardin Dias,winner,player_a,,0.5601,1.79,1.64,0.5707,-1.1,-0.0814,0,100,1903713
2026-10-07 13:00,atp,ATP Challenger,"Antofagasta, Chile",Clay,3,Juan Carlos Prado Angelo,Pedro Boscardin Dias,winner,player_b,,0.4399,2.27,2.18,0.4293,1.1,-0.0411,0,100,1903713
2026-10-07 13:00,atp,ATP Challenger,"Antofagasta, Chile",Clay,3,Juan Carlos Prado Angelo,Pedro Boscardin Dias,total_games,over,22.5,0.4462,2.24,,,,,0,100,1903713
2026-10-07 13:00,atp,ATP Challenger,"Antofagasta, Chile",Clay,3,Juan Carlos Prado Angelo,Pedro Boscardin Dias,total_games,under,22.5,0.5538,1.81,,,,,0,100,1903713
2026-10-07 13:00,atp,ATP Challenger,"Antofagasta, Chile",Clay,3,Juan Carlos Prado Angelo,Pedro Boscardin Dias,p1_games,over,12.5,0.4436,2.25,,,,,0,100,1903713
2026-10-07 13:00,atp,ATP Challenger,"Antofagasta, Chile",Clay,3,Juan Carlos Prado Angelo,Pedro Boscardin Dias,p1_games,under,12.5,0.5564,1.8,,,,,0,100,1903713
2026-10-07 13:00,atp,ATP Challenger,"Antofagasta, Chile",Clay,3,Juan Carlos Prado Angelo,Pedro Boscardin Dias,p2_games,over,12.5,0.4031,2.48,,,,,0,100,1903713
2026-10-07 13:00,atp,ATP Challenger,"Antofagasta, Chile",Clay,3,Juan Carlos Prado Angelo,Pedro Boscardin Dias,p2_games,under,12.5,0.5969,1.68,,,,,0,100,1903713
2026-10-07 13:00,atp,ATP Challenger,"Antofagasta, Chile",Clay,3,Juan Carlos Prado Angelo,Pedro Boscardin Dias,game_handicap,player_a,-1.5,0.5131,1.95,,,,,0,100,1903713
2026-10-07 13:00,atp,ATP Challenger,"Antofagasta, Chile",Clay,3,Juan Carlos Prado Angelo,Pedro Boscardin Dias,game_handicap,player_b,1.5,0.4869,2.05,,,,,0,100,1903713
2026-10-07 13:00,atp,ATP Challenger,"Antofagasta, Chile",Clay,3,Matheus Pucinelli de Almeida,Genaro Alberto Olivieri,winner,player_a,,0.5715,1.75,1.44,0.6479,-7.6,-0.177,0,100,1903708
2026-10-07 13:00,atp,ATP Challenger,"Antofagasta, Chile",Clay,3,Matheus Pucinelli de Almeida,Genaro Alberto Olivieri,winner,player_b,,0.4285,2.33,2.65,0.3521,7.6,0.1354,0,100,1903708
2026-10-07 13:00,atp,ATP Challenger,"Antofagasta, Chile",Clay,3,Matheus Pucinelli de Almeida,Genaro Alberto Olivieri,total_games,over,22.5,0.4405,2.27,,,,,0,100,1903708
2026-10-07 13:00,atp,ATP Challenger,"Antofagasta, Chile",Clay,3,Matheus Pucinelli de Almeida,Genaro Alberto Olivieri,total_games,under,22.5,0.5595,1.79,,,,,0,100,1903708
2026-10-07 13:00,atp,ATP Challenger,"Antofagasta, Chile",Clay,3,Matheus Pucinelli de Almeida,Genaro Alberto Olivieri,p1_games,over,12.5,0.4411,2.27,,,,,0,100,1903708
2026-10-07 13:00,atp,ATP Challenger,"Antofagasta, Chile",Clay,3,Matheus Pucinelli de Almeida,Genaro Alberto Olivieri,p1_games,under,12.5,0.5589,1.79,,,,,0,100,1903708
2026-10-07 13:00,atp,ATP Challenger,"Antofagasta, Chile",Clay,3,Matheus Pucinelli de Almeida,Genaro Alberto Olivieri,p2_games,over,12.5,0.3928,2.55,,,,,0,100,1903708
2026-10-07 13:00,atp,ATP Challenger,"Antofagasta, Chile",Clay,3,Matheus Pucinelli de Almeida,Genaro Alberto Olivieri,p2_games,under,12.5,0.6072,1.65,,,,,0,100,1903708
2026-10-07 13:00,atp,ATP Challenger,"Antofagasta, Chile",Clay,3,Matheus Pucinelli de Almeida,Genaro Alberto Olivieri,game_handicap,player_a,-1.5,0.526,1.9,,,,,0,100,1903708
2026-10-07 13:00,atp,ATP Challenger,"Antofagasta, Chile",Clay,3,Matheus Pucinelli de Almeida,Genaro Alberto Olivieri,game_handicap,player_b,1.5,0.474,2.11,,,,,0,100,1903708
2026-10-07 13:00,atp,ATP Challenger,"Antofagasta, Chile",Clay,3,Miguel Tobon,Marcelo Barrios,winner,player_a,,0.5146,1.94,,,,,0,72,1903709
2026-10-07 13:00,atp,ATP Challenger,"Antofagasta, Chile",Clay,3,Miguel Tobon,Marcelo Barrios,winner,player_b,,0.4854,2.06,,,,,0,72,1903709
2026-10-07 13:00,atp,ATP Challenger,"Antofagasta, Chile",Clay,3,Miguel Tobon,Marcelo Barrios,total_games,over,22.5,0.4681,2.14,,,,,1,72,1903709
2026-10-07 13:00,atp,ATP Challenger,"Antofagasta, Chile",Clay,3,Miguel Tobon,Marcelo Barrios,total_games,under,22.5,0.5319,1.88,,,,,1,72,1903709
2026-10-07 13:00,atp,ATP Challenger,"Antofagasta, Chile",Clay,3,Miguel Tobon,Marcelo Barrios,p1_games,over,12.5,0.4538,2.2,,,,,1,72,1903709
2026-10-07 13:00,atp,ATP Challenger,"Antofagasta, Chile",Clay,3,Miguel Tobon,Marcelo Barrios,p1_games,under,12.5,0.5462,1.83,,,,,1,72,1903709
2026-10-07 13:00,atp,ATP Challenger,"Antofagasta, Chile",Clay,3,Miguel Tobon,Marcelo Barrios,p2_games,over,12.5,0.4432,2.26,,,,,1,72,1903709
2026-10-07 13:00,atp,ATP Challenger,"Antofagasta, Chile",Clay,3,Miguel Tobon,Marcelo Barrios,p2_games,under,12.5,0.5568,1.8,,,,,1,72,1903709
2026-10-07 13:00,atp,ATP Challenger,"Antofagasta, Chile",Clay,3,Miguel Tobon,Marcelo Barrios,game_handicap,player_a,-0.5,0.4992,2.0,,,,,1,72,1903709
2026-10-07 13:00,atp,ATP Challenger,"Antofagasta, Chile",Clay,3,Miguel Tobon,Marcelo Barrios,game_handicap,player_b,0.5,0.5008,2.0,,,,,1,72,1903709
2026-10-07 13:00,atp,ATP Challenger,"Antofagasta, Chile",Clay,3,Nick Hardt,Felipe Meligeni Rodrigues Alves,winner,player_a,,0.3684,2.71,2.14,0.4368,-6.8,-0.2117,0,94,1903714
2026-10-07 13:00,atp,ATP Challenger,"Antofagasta, Chile",Clay,3,Nick Hardt,Felipe Meligeni Rodrigues Alves,winner,player_b,,0.6316,1.58,1.66,0.5632,6.8,0.0485,0,94,1903714
2026-10-07 13:00,atp,ATP Challenger,"Antofagasta, Chile",Clay,3,Nick Hardt,Felipe Meligeni Rodrigues Alves,total_games,over,21.5,0.498,2.01,,,,,0,94,1903714
2026-10-07 13:00,atp,ATP Challenger,"Antofagasta, Chile",Clay,3,Nick Hardt,Felipe Meligeni Rodrigues Alves,total_games,under,21.5,0.502,1.99,,,,,0,94,1903714
2026-10-07 13:00,atp,ATP Challenger,"Antofagasta, Chile",Clay,3,Nick Hardt,Felipe Meligeni Rodrigues Alves,p1_games,over,12.5,0.3721,2.69,,,,,0,94,1903714
2026-10-07 13:00,atp,ATP Challenger,"Antofagasta, Chile",Clay,3,Nick Hardt,Felipe Meligeni Rodrigues Alves,p1_games,under,12.5,0.6279,1.59,,,,,0,94,1903714
2026-10-07 13:00,atp,ATP Challenger,"Antofagasta, Chile",Clay,3,Nick Hardt,Felipe Meligeni Rodrigues Alves,p2_games,over,12.5,0.461,2.17,,,,,0,94,1903714
2026-10-07 13:00,atp,ATP Challenger,"Antofagasta, Chile",Clay,3,Nick Hardt,Felipe Meligeni Rodrigues Alves,p2_games,under,12.5,0.539,1.86,,,,,0,94,1903714
2026-10-07 13:00,atp,ATP Challenger,"Antofagasta, Chile",Clay,3,Nick Hardt,Felipe Meligeni Rodrigues Alves,game_handicap,player_a,2.5,0.4574,2.19,,,,,0,94,1903714
2026-10-07 13:00,atp,ATP Challenger,"Antofagasta, Chile",Clay,3,Nick Hardt,Felipe Meligeni Rodrigues Alves,game_handicap,player_b,-2.5,0.5426,1.84,,,,,0,94,1903714
2026-10-07 13:00,atp,ATP Challenger,"Antofagasta, Chile",Clay,3,Thiago Seyboth Wild,Murkel Dellien,winner,player_a,,0.8537,1.17,1.14,0.8143,3.9,-0.0268,0,69,1903689
2026-10-07 13:00,atp,ATP Challenger,"Antofagasta, Chile",Clay,3,Thiago Seyboth Wild,Murkel Dellien,winner,player_b,,0.1463,6.83,5.0,0.1857,-3.9,-0.2683,0,69,1903689
2026-10-07 13:00,atp,ATP Challenger,"Antofagasta, Chile",Clay,3,Thiago Seyboth Wild,Murkel Dellien,total_games,over,20.5,0.4284,2.33,,,,,1,69,1903689
2026-10-07 13:00,atp,ATP Challenger,"Antofagasta, Chile",Clay,3,Thiago Seyboth Wild,Murkel Dellien,total_games,under,20.5,0.5716,1.75,,,,,1,69,1903689
2026-10-07 13:00,atp,ATP Challenger,"Antofagasta, Chile",Clay,3,Thiago Seyboth Wild,Murkel Dellien,p1_games,over,12.5,0.4315,2.32,,,,,1,69,1903689
2026-10-07 13:00,atp,ATP Challenger,"Antofagasta, Chile",Clay,3,Thiago Seyboth Wild,Murkel Dellien,p1_games,under,12.5,0.5685,1.76,,,,,1,69,1903689
2026-10-07 13:00,atp,ATP Challenger,"Antofagasta, Chile",Clay,3,Thiago Seyboth Wild,Murkel Dellien,p2_games,over,7.5,0.4959,2.02,,,,,1,69,1903689
2026-10-07 13:00,atp,ATP Challenger,"Antofagasta, Chile",Clay,3,Thiago Seyboth Wild,Murkel Dellien,p2_games,under,7.5,0.5041,1.98,,,,,1,69,1903689
2026-10-07 13:00,atp,ATP Challenger,"Antofagasta, Chile",Clay,3,Thiago Seyboth Wild,Murkel Dellien,game_handicap,player_a,-4.5,0.6099,1.64,,,,,1,69,1903689
2026-10-07 13:00,atp,ATP Challenger,"Antofagasta, Chile",Clay,3,Thiago Seyboth Wild,Murkel Dellien,game_handicap,player_b,4.5,0.3901,2.56,,,,,1,69,1903689
2026-10-07 09:00,atp,ATP Challenger,"Braga, Portugal",Clay,3,Johan Nikles,Miguel Damas,winner,player_a,,0.4949,2.02,,,,,0,94,1903073
2026-10-07 09:00,atp,ATP Challenger,"Braga, Portugal",Clay,3,Johan Nikles,Miguel Damas,winner,player_b,,0.5051,1.98,,,,,0,94,1903073
2026-10-07 09:00,atp,ATP Challenger,"Braga, Portugal",Clay,3,Johan Nikles,Miguel Damas,total_games,over,21.5,0.4909,2.04,,,,,0,94,1903073
2026-10-07 09:00,atp,ATP Challenger,"Braga, Portugal",Clay,3,Johan Nikles,Miguel Damas,total_games,under,21.5,0.5091,1.96,,,,,0,94,1903073
2026-10-07 09:00,atp,ATP Challenger,"Braga, Portugal",Clay,3,Johan Nikles,Miguel Damas,p1_games,over,12.5,0.4058,2.46,,,,,0,94,1903073
2026-10-07 09:00,atp,ATP Challenger,"Braga, Portugal",Clay,3,Johan Nikles,Miguel Damas,p1_games,under,12.5,0.5942,1.68,,,,,0,94,1903073
2026-10-07 09:00,atp,ATP Challenger,"Braga, Portugal",Clay,3,Johan Nikles,Miguel Damas,p2_games,over,12.5,0.4088,2.45,,,,,0,94,1903073
2026-10-07 09:00,atp,ATP Challenger,"Braga, Portugal",Clay,3,Johan Nikles,Miguel Damas,p2_games,under,12.5,0.5912,1.69,,,,,0,94,1903073
2026-10-07 09:00,atp,ATP Challenger,"Braga, Portugal",Clay,3,Johan Nikles,Miguel Damas,game_handicap,player_a,-0.5,0.4814,2.08,,,,,0,94,1903073
2026-10-07 09:00,atp,ATP Challenger,"Braga, Portugal",Clay,3,Johan Nikles,Miguel Damas,game_handicap,player_b,0.5,0.5186,1.93,,,,,0,94,1903073
2026-10-07 09:00,atp,ATP Challenger,"Braga, Portugal",Clay,3,Marco Cecchinato,Olle Wallin,winner,player_a,,0.7497,1.33,1.4,0.6706,7.9,0.0496,0,100,1903076
2026-10-07 09:00,atp,ATP Challenger,"Braga, Portugal",Clay,3,Marco Cecchinato,Olle Wallin,winner,player_b,,0.2503,4.0,2.85,0.3294,-7.9,-0.2868,0,100,1903076
2026-10-07 09:00,atp,ATP Challenger,"Braga, Portugal",Clay,3,Marco Cecchinato,Olle Wallin,total_games,over,21.5,0.4685,2.13,1.87,0.496,-2.7,-0.1238,0,100,1903076
2026-10-07 09:00,atp,ATP Challenger,"Braga, Portugal",Clay,3,Marco Cecchinato,Olle Wallin,total_games,under,21.5,0.5315,1.88,1.84,0.504,2.7,-0.0221,0,100,1903076
2026-10-07 09:00,atp,ATP Challenger,"Braga, Portugal",Clay,3,Marco Cecchinato,Olle Wallin,p1_games,over,12.5,0.4787,2.09,1.91,0.4838,-0.5,-0.0857,0,100,1903076
2026-10-07 09:00,atp,ATP Challenger,"Braga, Portugal",Clay,3,Marco Cecchinato,Olle Wallin,p1_games,under,12.5,0.5213,1.92,1.79,0.5162,0.5,-0.0668,0,100,1903076
2026-10-07 09:00,atp,ATP Challenger,"Braga, Portugal",Clay,3,Marco Cecchinato,Olle Wallin,p2_games,over,11.5,0.417,2.4,1.9,0.4879,-7.1,-0.2077,0,100,1903076
2026-10-07 09:00,atp,ATP Challenger,"Braga, Portugal",Clay,3,Marco Cecchinato,Olle Wallin,p2_games,under,11.5,0.583,1.72,1.81,0.5121,7.1,0.0552,0,100,1903076
2026-10-07 09:00,atp,ATP Challenger,"Braga, Portugal",Clay,3,Marco Cecchinato,Olle Wallin,game_handicap,player_a,-3.5,0.589,1.7,,,,,0,100,1903076
2026-10-07 09:00,atp,ATP Challenger,"Braga, Portugal",Clay,3,Marco Cecchinato,Olle Wallin,game_handicap,player_b,3.5,0.411,2.43,,,,,0,100,1903076
2026-10-07 09:00,atp,ATP Challenger,"Braga, Portugal",Clay,3,Matej Dodig,Andrea Pellegrino,winner,player_a,,0.499,2.0,,,,,0,94,1902826
2026-10-07 09:00,atp,ATP Challenger,"Braga, Portugal",Clay,3,Matej Dodig,Andrea Pellegrino,winner,player_b,,0.501,2.0,,,,,0,94,1902826
2026-10-07 09:00,atp,ATP Challenger,"Braga, Portugal",Clay,3,Matej Dodig,Andrea Pellegrino,total_games,over,22.5,0.4653,2.15,,,,,0,94,1902826
2026-10-07 09:00,atp,ATP Challenger,"Braga, Portugal",Clay,3,Matej Dodig,Andrea Pellegrino,total_games,under,22.5,0.5347,1.87,,,,,0,94,1902826
2026-10-07 09:00,atp,ATP Challenger,"Braga, Portugal",Clay,3,Matej Dodig,Andrea Pellegrino,p1_games,over,12.5,0.4448,2.25,,,,,0,94,1902826
2026-10-07 09:00,atp,ATP Challenger,"Braga, Portugal",Clay,3,Matej Dodig,Andrea Pellegrino,p1_games,under,12.5,0.5552,1.8,,,,,0,94,1902826
2026-10-07 09:00,atp,ATP Challenger,"Braga, Portugal",Clay,3,Matej Dodig,Andrea Pellegrino,p2_games,over,12.5,0.4453,2.25,,,,,0,94,1902826
2026-10-07 09:00,atp,ATP Challenger,"Braga, Portugal",Clay,3,Matej Dodig,Andrea Pellegrino,p2_games,under,12.5,0.5547,1.8,,,,,0,94,1902826
2026-10-07 09:00,atp,ATP Challenger,"Braga, Portugal",Clay,3,Matej Dodig,Andrea Pellegrino,game_handicap,player_a,-0.5,0.4834,2.07,,,,,0,94,1902826
2026-10-07 09:00,atp,ATP Challenger,"Braga, Portugal",Clay,3,Matej Dodig,Andrea Pellegrino,game_handicap,player_b,0.5,0.5166,1.94,,,,,0,94,1902826
2026-10-07 10:30,atp,ATP Challenger,"Braga, Portugal",Clay,3,Dali Blanch,Max Alcala Gurri,winner,player_a,,0.3769,2.65,2.85,0.3278,4.9,0.0743,0,100,1902820
2026-10-07 10:30,atp,ATP Challenger,"Braga, Portugal",Clay,3,Dali Blanch,Max Alcala Gurri,winner,player_b,,0.6231,1.6,1.39,0.6722,-4.9,-0.134,0,100,1902820
2026-10-07 10:30,atp,ATP Challenger,"Braga, Portugal",Clay,3,Dali Blanch,Max Alcala Gurri,total_games,over,20.5,0.5275,1.9,1.77,0.5229,0.5,-0.0664,0,100,1902820
2026-10-07 10:30,atp,ATP Challenger,"Braga, Portugal",Clay,3,Dali Blanch,Max Alcala Gurri,total_games,under,20.5,0.4725,2.12,1.94,0.4771,-0.5,-0.0833,0,100,1902820
2026-10-07 10:30,atp,ATP Challenger,"Braga, Portugal",Clay,3,Dali Blanch,Max Alcala Gurri,p1_games,over,10.5,0.5622,1.78,1.83,0.5067,5.6,0.0289,0,100,1902820
2026-10-07 10:30,atp,ATP Challenger,"Braga, Portugal",Clay,3,Dali Blanch,Max Alcala Gurri,p1_games,under,10.5,0.4378,2.28,1.88,0.4933,-5.6,-0.177,0,100,1902820
2026-10-07 10:30,atp,ATP Challenger,"Braga, Portugal",Clay,3,Dali Blanch,Max Alcala Gurri,p2_games,over,12.5,0.4393,2.28,1.99,0.4651,-2.6,-0.1258,0,100,1902820
2026-10-07 10:30,atp,ATP Challenger,"Braga, Portugal",Clay,3,Dali Blanch,Max Alcala Gurri,p2_games,under,12.5,0.5607,1.78,1.73,0.5349,2.6,-0.03,0,100,1902820
2026-10-07 10:30,atp,ATP Challenger,"Braga, Portugal",Clay,3,Dali Blanch,Max Alcala Gurri,game_handicap,player_a,2.5,0.4585,2.18,,,,,0,100,1902820
2026-10-07 10:30,atp,ATP Challenger,"Braga, Portugal",Clay,3,Dali Blanch,Max Alcala Gurri,game_handicap,player_b,-2.5,0.5415,1.85,,,,,0,100,1902820
2026-10-07 10:30,atp,ATP Challenger,"Braga, Portugal",Clay,3,Patrick Schoen,Andrej Nedic,winner,player_a,,0.2416,4.14,1.96,0.4773,-23.6,-0.5266,0,78,1903075
2026-10-07 10:30,atp,ATP Challenger,"Braga, Portugal",Clay,3,Patrick Schoen,Andrej Nedic,winner,player_b,,0.7584,1.32,1.79,0.5227,23.6,0.3576,0,78,1903075
2026-10-07 10:30,atp,ATP Challenger,"Braga, Portugal",Clay,3,Patrick Schoen,Andrej Nedic,total_games,over,21.5,0.4216,2.37,1.91,0.4838,-6.2,-0.1948,1,78,1903075
2026-10-07 10:30,atp,ATP Challenger,"Braga, Portugal",Clay,3,Patrick Schoen,Andrej Nedic,total_games,under,21.5,0.5784,1.73,1.79,0.5162,6.2,0.0353,1,78,1903075
2026-10-07 10:30,atp,ATP Challenger,"Braga, Portugal",Clay,3,Patrick Schoen,Andrej Nedic,p1_games,over,12.5,0.2734,3.66,2.31,0.4016,-12.8,-0.3684,1,78,1903075
2026-10-07 10:30,atp,ATP Challenger,"Braga, Portugal",Clay,3,Patrick Schoen,Andrej Nedic,p1_games,under,12.5,0.7266,1.38,1.55,0.5984,12.8,0.1262,1,78,1903075
2026-10-07 10:30,atp,ATP Challenger,"Braga, Portugal",Clay,3,Patrick Schoen,Andrej Nedic,p2_games,over,12.5,0.4345,2.3,2.22,0.4173,1.7,-0.0353,1,78,1903075
2026-10-07 10:30,atp,ATP Challenger,"Braga, Portugal",Clay,3,Patrick Schoen,Andrej Nedic,p2_games,under,12.5,0.5655,1.77,1.59,0.5827,-1.7,-0.1009,1,78,1903075
2026-10-07 10:30,atp,ATP Challenger,"Braga, Portugal",Clay,3,Patrick Schoen,Andrej Nedic,game_handicap,player_a,4.5,0.4651,2.15,,,,,1,78,1903075
2026-10-07 10:30,atp,ATP Challenger,"Braga, Portugal",Clay,3,Patrick Schoen,Andrej Nedic,game_handicap,player_b,-4.5,0.5349,1.87,,,,,1,78,1903075
2026-10-07 12:00,atp,ATP Challenger,"Braga, Portugal",Clay,3,Florian Broska,Lukas Neumayer,winner,player_a,,0.2155,4.64,3.5,0.2678,-5.2,-0.2457,0,100,1902819
2026-10-07 12:00,atp,ATP Challenger,"Braga, Portugal",Clay,3,Florian Broska,Lukas Neumayer,winner,player_b,,0.7845,1.27,1.28,0.7322,5.2,0.0041,0,100,1902819
2026-10-07 12:00,atp,ATP Challenger,"Braga, Portugal",Clay,3,Florian Broska,Lukas Neumayer,total_games,over,20.5,0.4872,2.05,1.82,0.5081,-2.1,-0.1133,0,100,1902819
2026-10-07 12:00,atp,ATP Challenger,"Braga, Portugal",Clay,3,Florian Broska,Lukas Neumayer,total_games,under,20.5,0.5128,1.95,1.88,0.4919,2.1,-0.036,0,100,1902819
2026-10-07 12:00,atp,ATP Challenger,"Braga, Portugal",Clay,3,Florian Broska,Lukas Neumayer,p1_games,over,9.5,0.4519,2.21,1.89,0.4906,-3.9,-0.1459,0,100,1902819
2026-10-07 12:00,atp,ATP Challenger,"Braga, Portugal",Clay,3,Florian Broska,Lukas Neumayer,p1_games,under,9.5,0.5481,1.82,1.82,0.5094,3.9,-0.0025,0,100,1902819
2026-10-07 12:00,atp,ATP Challenger,"Braga, Portugal",Clay,3,Florian Broska,Lukas Neumayer,p2_games,over,12.5,0.4612,2.17,1.95,0.4744,-1.3,-0.1007,0,100,1902819
2026-10-07 12:00,atp,ATP Challenger,"Braga, Portugal",Clay,3,Florian Broska,Lukas Neumayer,p2_games,under,12.5,0.5388,1.86,1.76,0.5256,1.3,-0.0517,0,100,1902819
2026-10-07 12:00,atp,ATP Challenger,"Braga, Portugal",Clay,3,Florian Broska,Lukas Neumayer,game_handicap,player_a,4.5,0.4737,2.11,,,,,0,100,1902819
2026-10-07 12:00,atp,ATP Challenger,"Braga, Portugal",Clay,3,Florian Broska,Lukas Neumayer,game_handicap,player_b,-4.5,0.5263,1.9,,,,,0,100,1902819
2026-10-07 12:00,atp,ATP Challenger,"Braga, Portugal",Clay,3,Oleksii Krutykh,Javier Barranco Cosano,winner,player_a,,0.4197,2.38,1.64,0.5696,-15.0,-0.3116,0,100,1903074
2026-10-07 12:00,atp,ATP Challenger,"Braga, Portugal",Clay,3,Oleksii Krutykh,Javier Barranco Cosano,winner,player_b,,0.5803,1.72,2.17,0.4304,15.0,0.2592,0,100,1903074
2026-10-07 12:00,atp,ATP Challenger,"Braga, Portugal",Clay,3,Oleksii Krutykh,Javier Barranco Cosano,total_games,over,21.5,0.4995,2.0,1.75,0.5296,-3.0,-0.1259,0,100,1903074
2026-10-07 12:00,atp,ATP Challenger,"Braga, Portugal",Clay,3,Oleksii Krutykh,Javier Barranco Cosano,total_games,under,21.5,0.5005,2.0,1.97,0.4704,3.0,-0.0139,0,100,1903074
2026-10-07 12:00,atp,ATP Challenger,"Braga, Portugal",Clay,3,Oleksii Krutykh,Javier Barranco Cosano,p1_games,over,12.5,0.3894,2.57,1.95,0.4744,-8.5,-0.2407,0,100,1903074
2026-10-07 12:00,atp,ATP Challenger,"Braga, Portugal",Clay,3,Oleksii Krutykh,Javier Barranco Cosano,p1_games,under,12.5,0.6106,1.64,1.76,0.5256,8.5,0.0747,0,100,1903074
2026-10-07 12:00,atp,ATP Challenger,"Braga, Portugal",Clay,3,Oleksii Krutykh,Javier Barranco Cosano,p2_games,over,12.5,0.4436,2.25,2.19,0.4237,2.0,-0.0285,0,100,1903074
2026-10-07 12:00,atp,ATP Challenger,"Braga, Portugal",Clay,3,Oleksii Krutykh,Javier Barranco Cosano,p2_games,under,12.5,0.5564,1.8,1.61,0.5763,-2.0,-0.1042,0,100,1903074
2026-10-07 12:00,atp,ATP Challenger,"Braga, Portugal",Clay,3,Oleksii Krutykh,Javier Barranco Cosano,game_handicap,player_a,1.5,0.4651,2.15,,,,,0,100,1903074
2026-10-07 12:00,atp,ATP Challenger,"Braga, Portugal",Clay,3,Oleksii Krutykh,Javier Barranco Cosano,game_handicap,player_b,-1.5,0.5349,1.87,,,,,0,100,1903074
2026-10-07 12:00,atp,ATP Challenger,"Braga, Portugal",Clay,3,Tiago Pereira,Pol Martin Tiffon,winner,player_a,,0.2703,3.7,,,,,0,94,1902821
2026-10-07 12:00,atp,ATP Challenger,"Braga, Portugal",Clay,3,Tiago Pereira,Pol Martin Tiffon,winner,player_b,,0.7297,1.37,,,,,0,94,1902821
2026-10-07 12:00,atp,ATP Challenger,"Braga, Portugal",Clay,3,Tiago Pereira,Pol Martin Tiffon,total_games,over,21.5,0.46,2.17,,,,,0,94,1902821
2026-10-07 12:00,atp,ATP Challenger,"Braga, Portugal",Clay,3,Tiago Pereira,Pol Martin Tiffon,total_games,under,21.5,0.54,1.85,,,,,0,94,1902821
2026-10-07 12:00,atp,ATP Challenger,"Braga, Portugal",Clay,3,Tiago Pereira,Pol Martin Tiffon,p1_games,over,10.5,0.4663,2.14,,,,,0,94,1902821
2026-10-07 12:00,atp,ATP Challenger,"Braga, Portugal",Clay,3,Tiago Pereira,Pol Martin Tiffon,p1_games,under,10.5,0.5337,1.87,,,,,0,94,1902821
2026-10-07 12:00,atp,ATP Challenger,"Braga, Portugal",Clay,3,Tiago Pereira,Pol Martin Tiffon,p2_games,over,12.5,0.462,2.16,,,,,0,94,1902821
2026-10-07 12:00,atp,ATP Challenger,"Braga, Portugal",Clay,3,Tiago Pereira,Pol Martin Tiffon,p2_games,under,12.5,0.538,1.86,,,,,0,94,1902821
2026-10-07 12:00,atp,ATP Challenger,"Braga, Portugal",Clay,3,Tiago Pereira,Pol Martin Tiffon,game_handicap,player_a,3.5,0.4204,2.38,,,,,0,94,1902821
2026-10-07 12:00,atp,ATP Challenger,"Braga, Portugal",Clay,3,Tiago Pereira,Pol Martin Tiffon,game_handicap,player_b,-3.5,0.5796,1.73,,,,,0,94,1902821
2026-10-07 13:30,atp,ATP Challenger,"Braga, Portugal",Clay,3,Mackenzie McDonald,Ryan Nijboer,winner,player_a,,0.6743,1.48,2.1,0.4444,23.0,0.4161,0,100,1903077
2026-10-07 13:30,atp,ATP Challenger,"Braga, Portugal",Clay,3,Mackenzie McDonald,Ryan Nijboer,winner,player_b,,0.3257,3.07,1.68,0.5556,-23.0,-0.4529,0,100,1903077
2026-10-07 13:30,atp,ATP Challenger,"Braga, Portugal",Clay,3,Mackenzie McDonald,Ryan Nijboer,total_games,over,21.5,0.4987,2.01,1.79,0.5175,-1.9,-0.1072,0,100,1903077
2026-10-07 13:30,atp,ATP Challenger,"Braga, Portugal",Clay,3,Mackenzie McDonald,Ryan Nijboer,total_games,under,21.5,0.5013,1.99,1.92,0.4825,1.9,-0.0376,0,100,1903077
2026-10-07 13:30,atp,ATP Challenger,"Braga, Portugal",Clay,3,Mackenzie McDonald,Ryan Nijboer,p1_games,over,12.5,0.478,2.09,2.22,0.4173,6.1,0.0611,0,100,1903077
2026-10-07 13:30,atp,ATP Challenger,"Braga, Portugal",Clay,3,Mackenzie McDonald,Ryan Nijboer,p1_games,under,12.5,0.522,1.92,1.59,0.5827,-6.1,-0.17,0,100,1903077
2026-10-07 13:30,atp,ATP Challenger,"Braga, Portugal",Clay,3,Mackenzie McDonald,Ryan Nijboer,p2_games,over,12.5,0.3592,2.78,2.02,0.4584,-9.9,-0.2745,0,100,1903077
2026-10-07 13:30,atp,ATP Challenger,"Braga, Portugal",Clay,3,Mackenzie McDonald,Ryan Nijboer,p2_games,under,12.5,0.6408,1.56,1.71,0.5416,9.9,0.0958,0,100,1903077
2026-10-07 13:30,atp,ATP Challenger,"Braga, Portugal",Clay,3,Mackenzie McDonald,Ryan Nijboer,game_handicap,player_a,-3.5,0.5108,1.96,,,,,0,100,1903077
2026-10-07 13:30,atp,ATP Challenger,"Braga, Portugal",Clay,3,Mackenzie McDonald,Ryan Nijboer,game_handicap,player_b,3.5,0.4892,2.04,,,,,0,100,1903077
2026-10-07 13:30,atp,ATP Challenger,"Braga, Portugal",Clay,3,Marvin Moeller,Tiago Torres,winner,player_a,,0.665,1.5,1.5,0.6241,4.1,-0.0024,0,100,1902824
2026-10-07 13:30,atp,ATP Challenger,"Braga, Portugal",Clay,3,Marvin Moeller,Tiago Torres,winner,player_b,,0.335,2.99,2.49,0.3759,-4.1,-0.166,0,100,1902824
2026-10-07 13:30,atp,ATP Challenger,"Braga, Portugal",Clay,3,Marvin Moeller,Tiago Torres,total_games,over,21.5,0.4718,2.12,1.89,0.4892,-1.7,-0.1083,0,100,1902824
2026-10-07 13:30,atp,ATP Challenger,"Braga, Portugal",Clay,3,Marvin Moeller,Tiago Torres,total_games,under,21.5,0.5282,1.89,1.81,0.5108,1.7,-0.044,0,100,1902824
2026-10-07 13:30,atp,ATP Challenger,"Braga, Portugal",Clay,3,Marvin Moeller,Tiago Torres,p1_games,over,12.5,0.4482,2.23,2.01,0.4611,-1.3,-0.0991,0,100,1902824
2026-10-07 13:30,atp,ATP Challenger,"Braga, Portugal",Clay,3,Marvin Moeller,Tiago Torres,p1_games,under,12.5,0.5518,1.81,1.72,0.5389,1.3,-0.0509,0,100,1902824
2026-10-07 13:30,atp,ATP Challenger,"Braga, Portugal",Clay,3,Marvin Moeller,Tiago Torres,p2_games,over,11.5,0.4888,2.05,1.78,0.5202,-3.1,-0.13,0,100,1902824
2026-10-07 13:30,atp,ATP Challenger,"Braga, Portugal",Clay,3,Marvin Moeller,Tiago Torres,p2_games,under,11.5,0.5112,1.96,1.93,0.4798,3.1,-0.0134,0,100,1902824
2026-10-07 13:30,atp,ATP Challenger,"Braga, Portugal",Clay,3,Marvin Moeller,Tiago Torres,game_handicap,player_a,-3.5,0.5211,1.92,,,,,0,100,1902824
2026-10-07 13:30,atp,ATP Challenger,"Braga, Portugal",Clay,3,Marvin Moeller,Tiago Torres,game_handicap,player_b,3.5,0.4789,2.09,,,,,0,100,1902824
2026-10-07 15:00,atp,ATP Challenger,"Braga, Portugal",Clay,3,Sumit Nagal,Luka Mikrut,winner,player_a,,0.2583,3.87,,,,,0,94,1902818
2026-10-07 15:00,atp,ATP Challenger,"Braga, Portugal",Clay,3,Sumit Nagal,Luka Mikrut,winner,player_b,,0.7417,1.35,,,,,0,94,1902818
2026-10-07 15:00,atp,ATP Challenger,"Braga, Portugal",Clay,3,Sumit Nagal,Luka Mikrut,total_games,over,20.5,0.4991,2.0,,,,,0,94,1902818
2026-10-07 15:00,atp,ATP Challenger,"Braga, Portugal",Clay,3,Sumit Nagal,Luka Mikrut,total_games,under,20.5,0.5009,2.0,,,,,0,94,1902818
2026-10-07 15:00,atp,ATP Challenger,"Braga, Portugal",Clay,3,Sumit Nagal,Luka Mikrut,p1_games,over,9.5,0.4928,2.03,,,,,0,94,1902818
2026-10-07 15:00,atp,ATP Challenger,"Braga, Portugal",Clay,3,Sumit Nagal,Luka Mikrut,p1_games,under,9.5,0.5072,1.97,,,,,0,94,1902818
2026-10-07 15:00,atp,ATP Challenger,"Braga, Portugal",Clay,3,Sumit Nagal,Luka Mikrut,p2_games,over,12.5,0.4561,2.19,,,,,0,94,1902818
2026-10-07 15:00,atp,ATP Challenger,"Braga, Portugal",Clay,3,Sumit Nagal,Luka Mikrut,p2_games,under,12.5,0.5439,1.84,,,,,0,94,1902818
2026-10-07 15:00,atp,ATP Challenger,"Braga, Portugal",Clay,3,Sumit Nagal,Luka Mikrut,game_handicap,player_a,3.5,0.4044,2.47,,,,,0,94,1902818
2026-10-07 15:00,atp,ATP Challenger,"Braga, Portugal",Clay,3,Sumit Nagal,Luka Mikrut,game_handicap,player_b,-3.5,0.5956,1.68,,,,,0,94,1902818
2026-10-07 09:00,atp,ATP Challenger,"Villena, Spain",Hard,3,Abedallah Shelbayh,David Jorda Sanchis,winner,player_a,,0.681,1.47,1.66,0.562,11.9,0.1305,0,100,1902816
2026-10-07 09:00,atp,ATP Challenger,"Villena, Spain",Hard,3,Abedallah Shelbayh,David Jorda Sanchis,winner,player_b,,0.319,3.14,2.13,0.438,-11.9,-0.3206,0,100,1902816
2026-10-07 09:00,atp,ATP Challenger,"Villena, Spain",Hard,3,Abedallah Shelbayh,David Jorda Sanchis,total_games,over,22.5,0.4508,2.22,1.95,0.4744,-2.4,-0.121,0,100,1902816
2026-10-07 09:00,atp,ATP Challenger,"Villena, Spain",Hard,3,Abedallah Shelbayh,David Jorda Sanchis,total_games,under,22.5,0.5492,1.82,1.76,0.5256,2.4,-0.0334,0,100,1902816
2026-10-07 09:00,atp,ATP Challenger,"Villena, Spain",Hard,3,Abedallah Shelbayh,David Jorda Sanchis,p1_games,over,12.5,0.5029,1.99,1.91,0.4852,1.8,-0.0395,0,100,1902816
2026-10-07 09:00,atp,ATP Challenger,"Villena, Spain",Hard,3,Abedallah Shelbayh,David Jorda Sanchis,p1_games,under,12.5,0.4971,2.01,1.8,0.5148,-1.8,-0.1052,0,100,1902816
2026-10-07 09:00,atp,ATP Challenger,"Villena, Spain",Hard,3,Abedallah Shelbayh,David Jorda Sanchis,p2_games,over,12.5,0.3749,2.67,2.12,0.4377,-6.3,-0.2053,0,100,1902816
2026-10-07 09:00,atp,ATP Challenger,"Villena, Spain",Hard,3,Abedallah Shelbayh,David Jorda Sanchis,p2_games,under,12.5,0.6251,1.6,1.65,0.5623,6.3,0.0315,0,100,1902816
2026-10-07 09:00,atp,ATP Challenger,"Villena, Spain",Hard,3,Abedallah Shelbayh,David Jorda Sanchis,game_handicap,player_a,-3.5,0.5005,2.0,,,,,0,100,1902816
2026-10-07 09:00,atp,ATP Challenger,"Villena, Spain",Hard,3,Abedallah Shelbayh,David Jorda Sanchis,game_handicap,player_b,3.5,0.4995,2.0,,,,,0,100,1902816
2026-10-07 09:00,atp,ATP Challenger,"Villena, Spain",Hard,3,Damir Dzumhur,Georgii Kravchenko,winner,player_a,,0.8276,1.21,1.44,0.6522,17.5,0.1918,0,100,1903100
2026-10-07 09:00,atp,ATP Challenger,"Villena, Spain",Hard,3,Damir Dzumhur,Georgii Kravchenko,winner,player_b,,0.1724,5.8,2.7,0.3478,-17.5,-0.5346,0,100,1903100
2026-10-07 09:00,atp,ATP Challenger,"Villena, Spain",Hard,3,Damir Dzumhur,Georgii Kravchenko,total_games,over,21.5,0.3997,2.5,1.8,0.5148,-11.5,-0.2805,0,100,1903100
2026-10-07 09:00,atp,ATP Challenger,"Villena, Spain",Hard,3,Damir Dzumhur,Georgii Kravchenko,total_games,under,21.5,0.6003,1.67,1.91,0.4852,11.5,0.1465,0,100,1903100
2026-10-07 09:00,atp,ATP Challenger,"Villena, Spain",Hard,3,Damir Dzumhur,Georgii Kravchenko,p1_games,over,12.5,0.4418,2.26,1.95,0.4758,-3.4,-0.1384,0,100,1903100
2026-10-07 09:00,atp,ATP Challenger,"Villena, Spain",Hard,3,Damir Dzumhur,Georgii Kravchenko,p1_games,under,12.5,0.5582,1.79,1.77,0.5242,3.4,-0.012,0,100,1903100
2026-10-07 09:00,atp,ATP Challenger,"Villena, Spain",Hard,3,Damir Dzumhur,Georgii Kravchenko,p2_games,over,11.5,0.3169,3.16,1.87,0.496,-17.9,-0.4073,0,100,1903100
2026-10-07 09:00,atp,ATP Challenger,"Villena, Spain",Hard,3,Damir Dzumhur,Georgii Kravchenko,p2_games,under,11.5,0.6831,1.46,1.84,0.504,17.9,0.2569,0,100,1903100
2026-10-07 09:00,atp,ATP Challenger,"Villena, Spain",Hard,3,Damir Dzumhur,Georgii Kravchenko,game_handicap,player_a,-4.5,0.5811,1.72,,,,,0,100,1903100
2026-10-07 09:00,atp,ATP Challenger,"Villena, Spain",Hard,3,Damir Dzumhur,Georgii Kravchenko,game_handicap,player_b,4.5,0.4189,2.39,,,,,0,100,1903100
2026-10-07 09:00,atp,ATP Challenger,"Villena, Spain",Hard,3,Hynek Barton,Toby Samuel,winner,player_a,,0.2234,4.48,4.5,0.2077,1.6,0.0052,0,100,1903105
2026-10-07 09:00,atp,ATP Challenger,"Villena, Spain",Hard,3,Hynek Barton,Toby Samuel,winner,player_b,,0.7766,1.29,1.18,0.7923,-1.6,-0.0836,0,100,1903105
2026-10-07 09:00,atp,ATP Challenger,"Villena, Spain",Hard,3,Hynek Barton,Toby Samuel,total_games,over,20.5,0.5282,1.89,1.92,0.4825,4.6,0.0142,0,100,1903105
2026-10-07 09:00,atp,ATP Challenger,"Villena, Spain",Hard,3,Hynek Barton,Toby Samuel,total_games,under,20.5,0.4718,2.12,1.79,0.5175,-4.6,-0.1555,0,100,1903105
2026-10-07 09:00,atp,ATP Challenger,"Villena, Spain",Hard,3,Hynek Barton,Toby Samuel,p1_games,over,8.5,0.5422,1.84,1.92,0.4825,6.0,0.041,0,100,1903105
2026-10-07 09:00,atp,ATP Challenger,"Villena, Spain",Hard,3,Hynek Barton,Toby Samuel,p1_games,under,8.5,0.4578,2.18,1.79,0.5175,-6.0,-0.1806,0,100,1903105
2026-10-07 09:00,atp,ATP Challenger,"Villena, Spain",Hard,3,Hynek Barton,Toby Samuel,p2_games,over,12.5,0.495,2.02,1.9,0.4879,0.7,-0.0595,0,100,1903105
2026-10-07 09:00,atp,ATP Challenger,"Villena, Spain",Hard,3,Hynek Barton,Toby Samuel,p2_games,under,12.5,0.505,1.98,1.81,0.5121,-0.7,-0.086,0,100,1903105
2026-10-07 09:00,atp,ATP Challenger,"Villena, Spain",Hard,3,Hynek Barton,Toby Samuel,game_handicap,player_a,3.5,0.3963,2.52,,,,,0,100,1903105
2026-10-07 09:00,atp,ATP Challenger,"Villena, Spain",Hard,3,Hynek Barton,Toby Samuel,game_handicap,player_b,-3.5,0.6037,1.66,,,,,0,100,1903105
2026-10-07 10:30,atp,ATP Challenger,"Villena, Spain",Hard,3,Dominic Stricker,Laslo Djere,winner,player_a,,0.3873,2.58,1.62,0.577,-19.0,-0.3726,0,100,1903103
2026-10-07 10:30,atp,ATP Challenger,"Villena, Spain",Hard,3,Dominic Stricker,Laslo Djere,winner,player_b,,0.6127,1.63,2.21,0.423,19.0,0.354,0,100,1903103
2026-10-07 10:30,atp,ATP Challenger,"Villena, Spain",Hard,3,Dominic Stricker,Laslo Djere,total_games,over,22.5,0.5016,1.99,1.87,0.4946,0.7,-0.0621,0,100,1903103
2026-10-07 10:30,atp,ATP Challenger,"Villena, Spain",Hard,3,Dominic Stricker,Laslo Djere,total_games,under,22.5,0.4984,2.01,1.83,0.5054,-0.7,-0.0878,0,100,1903103
2026-10-07 10:30,atp,ATP Challenger,"Villena, Spain",Hard,3,Dominic Stricker,Laslo Djere,p1_games,over,12.5,0.4455,2.24,1.81,0.5121,-6.7,-0.1936,0,100,1903103
2026-10-07 10:30,atp,ATP Challenger,"Villena, Spain",Hard,3,Dominic Stricker,Laslo Djere,p1_games,under,12.5,0.5545,1.8,1.9,0.4879,6.7,0.0535,0,100,1903103
2026-10-07 10:30,atp,ATP Challenger,"Villena, Spain",Hard,3,Dominic Stricker,Laslo Djere,p2_games,over,12.5,0.5307,1.88,2.05,0.4519,7.9,0.0879,0,100,1903103
2026-10-07 10:30,atp,ATP Challenger,"Villena, Spain",Hard,3,Dominic Stricker,Laslo Djere,p2_games,under,12.5,0.4693,2.13,1.69,0.5481,-7.9,-0.2069,0,100,1903103
2026-10-07 10:30,atp,ATP Challenger,"Villena, Spain",Hard,3,Dominic Stricker,Laslo Djere,game_handicap,player_a,1.5,0.4419,2.26,,,,,0,100,1903103
2026-10-07 10:30,atp,ATP Challenger,"Villena, Spain",Hard,3,Dominic Stricker,Laslo Djere,game_handicap,player_b,-1.5,0.5581,1.79,,,,,0,100,1903103
2026-10-07 10:30,atp,ATP Challenger,"Villena, Spain",Hard,3,Francesco Maestrelli,Oliver Tarvet,winner,player_a,,0.5417,1.85,,,,,0,94,1903102
2026-10-07 10:30,atp,ATP Challenger,"Villena, Spain",Hard,3,Francesco Maestrelli,Oliver Tarvet,winner,player_b,,0.4583,2.18,,,,,0,94,1903102
2026-10-07 10:30,atp,ATP Challenger,"Villena, Spain",Hard,3,Francesco Maestrelli,Oliver Tarvet,total_games,over,22.5,0.4952,2.02,,,,,0,94,1903102
2026-10-07 10:30,atp,ATP Challenger,"Villena, Spain",Hard,3,Francesco Maestrelli,Oliver Tarvet,total_games,under,22.5,0.5048,1.98,,,,,0,94,1903102
2026-10-07 10:30,atp,ATP Challenger,"Villena, Spain",Hard,3,Francesco Maestrelli,Oliver Tarvet,p1_games,over,12.5,0.4951,2.02,,,,,0,94,1903102
2026-10-07 10:30,atp,ATP Challenger,"Villena, Spain",Hard,3,Francesco Maestrelli,Oliver Tarvet,p1_games,under,12.5,0.5049,1.98,,,,,0,94,1903102
2026-10-07 10:30,atp,ATP Challenger,"Villena, Spain",Hard,3,Francesco Maestrelli,Oliver Tarvet,p2_games,over,12.5,0.4638,2.16,,,,,0,94,1903102
2026-10-07 10:30,atp,ATP Challenger,"Villena, Spain",Hard,3,Francesco Maestrelli,Oliver Tarvet,p2_games,under,12.5,0.5362,1.86,,,,,0,94,1903102
2026-10-07 10:30,atp,ATP Challenger,"Villena, Spain",Hard,3,Francesco Maestrelli,Oliver Tarvet,game_handicap,player_a,-0.5,0.5253,1.9,,,,,0,94,1903102
2026-10-07 10:30,atp,ATP Challenger,"Villena, Spain",Hard,3,Francesco Maestrelli,Oliver Tarvet,game_handicap,player_b,0.5,0.4747,2.11,,,,,0,94,1903102
2026-10-07 10:30,atp,ATP Challenger,"Villena, Spain",Hard,3,Philip Henning,Maks Kasnikowski,winner,player_a,,0.4222,2.37,,,,,0,94,1903099
2026-10-07 10:30,atp,ATP Challenger,"Villena, Spain",Hard,3,Philip Henning,Maks Kasnikowski,winner,player_b,,0.5778,1.73,,,,,0,94,1903099
2026-10-07 10:30,atp,ATP Challenger,"Villena, Spain",Hard,3,Philip Henning,Maks Kasnikowski,total_games,over,22.5,0.4903,2.04,,,,,0,94,1903099
2026-10-07 10:30,atp,ATP Challenger,"Villena, Spain",Hard,3,Philip Henning,Maks Kasnikowski,total_games,under,22.5,0.5097,1.96,,,,,0,94,1903099
2026-10-07 10:30,atp,ATP Challenger,"Villena, Spain",Hard,3,Philip Henning,Maks Kasnikowski,p1_games,over,12.5,0.4464,2.24,,,,,0,94,1903099
2026-10-07 10:30,atp,ATP Challenger,"Villena, Spain",Hard,3,Philip Henning,Maks Kasnikowski,p1_games,under,12.5,0.5536,1.81,,,,,0,94,1903099
2026-10-07 10:30,atp,ATP Challenger,"Villena, Spain",Hard,3,Philip Henning,Maks Kasnikowski,p2_games,over,13.5,0.3355,2.98,,,,,0,94,1903099
2026-10-07 10:30,atp,ATP Challenger,"Villena, Spain",Hard,3,Philip Henning,Maks Kasnikowski,p2_games,under,13.5,0.6645,1.5,,,,,0,94,1903099
2026-10-07 10:30,atp,ATP Challenger,"Villena, Spain",Hard,3,Philip Henning,Maks Kasnikowski,game_handicap,player_a,1.5,0.4745,2.11,,,,,0,94,1903099
2026-10-07 10:30,atp,ATP Challenger,"Villena, Spain",Hard,3,Philip Henning,Maks Kasnikowski,game_handicap,player_b,-1.5,0.5255,1.9,,,,,0,94,1903099
2026-10-07 12:30,atp,ATP Challenger,"Villena, Spain",Hard,3,Edas Butvilas,Max Hans Rehberg,winner,player_a,,0.612,1.63,1.49,0.6266,-1.5,-0.0881,0,100,1903104
2026-10-07 12:30,atp,ATP Challenger,"Villena, Spain",Hard,3,Edas Butvilas,Max Hans Rehberg,winner,player_b,,0.388,2.58,2.5,0.3734,1.5,-0.03,0,100,1903104
2026-10-07 12:30,atp,ATP Challenger,"Villena, Spain",Hard,3,Edas Butvilas,Max Hans Rehberg,total_games,over,21.5,0.5676,1.76,1.74,0.531,3.7,-0.0124,0,100,1903104
2026-10-07 12:30,atp,ATP Challenger,"Villena, Spain",Hard,3,Edas Butvilas,Max Hans Rehberg,total_games,under,21.5,0.4324,2.31,1.97,0.469,-3.7,-0.1481,0,100,1903104
2026-10-07 12:30,atp,ATP Challenger,"Villena, Spain",Hard,3,Edas Butvilas,Max Hans Rehberg,p1_games,over,12.5,0.5159,1.94,1.77,0.5229,-0.7,-0.0869,0,100,1903104
2026-10-07 12:30,atp,ATP Challenger,"Villena, Spain",Hard,3,Edas Butvilas,Max Hans Rehberg,p1_games,under,12.5,0.4841,2.07,1.94,0.4771,0.7,-0.0608,0,100,1903104
2026-10-07 12:30,atp,ATP Challenger,"Villena, Spain",Hard,3,Edas Butvilas,Max Hans Rehberg,p2_games,over,11.5,0.5816,1.72,1.66,0.5585,2.3,-0.0345,0,100,1903104
2026-10-07 12:30,atp,ATP Challenger,"Villena, Spain",Hard,3,Edas Butvilas,Max Hans Rehberg,p2_games,under,11.5,0.4184,2.39,2.1,0.4415,-2.3,-0.1214,0,100,1903104
2026-10-07 12:30,atp,ATP Challenger,"Villena, Spain",Hard,3,Edas Butvilas,Max Hans Rehberg,game_handicap,player_a,-2.5,0.5025,1.99,,,,,0,100,1903104
2026-10-07 12:30,atp,ATP Challenger,"Villena, Spain",Hard,3,Edas Butvilas,Max Hans Rehberg,game_handicap,player_b,2.5,0.4975,2.01,,,,,0,100,1903104
2026-10-07 02:00,wta,WTA Challenger,"Suzhou, China",Hard,3,Darya Astakhova,Renata Zarazua,winner,player_a,,0.5229,1.91,2.55,0.3657,15.7,0.3334,0,78,1903533
2026-10-07 02:00,wta,WTA Challenger,"Suzhou, China",Hard,3,Darya Astakhova,Renata Zarazua,winner,player_b,,0.4771,2.1,1.47,0.6343,-15.7,-0.2986,0,78,1903533
2026-10-07 02:00,wta,WTA Challenger,"Suzhou, China",Hard,3,Darya Astakhova,Renata Zarazua,total_games,over,20.5,0.5018,1.99,1.79,0.5175,-1.6,-0.1018,1,78,1903533
2026-10-07 02:00,wta,WTA Challenger,"Suzhou, China",Hard,3,Darya Astakhova,Renata Zarazua,total_games,under,20.5,0.4982,2.01,1.92,0.4825,1.6,-0.0434,1,78,1903533
2026-10-07 02:00,wta,WTA Challenger,"Suzhou, China",Hard,3,Darya Astakhova,Renata Zarazua,p1_games,over,10.5,0.6786,1.47,1.85,0.5,17.9,0.2554,1,78,1903533
2026-10-07 02:00,wta,WTA Challenger,"Suzhou, China",Hard,3,Darya Astakhova,Renata Zarazua,p1_games,under,10.5,0.3214,3.11,1.85,0.5,-17.9,-0.4054,1,78,1903533
2026-10-07 02:00,wta,WTA Challenger,"Suzhou, China",Hard,3,Darya Astakhova,Renata Zarazua,p2_games,over,12.5,0.3738,2.68,2.29,0.4036,-3.0,-0.1441,1,78,1903533
2026-10-07 02:00,wta,WTA Challenger,"Suzhou, China",Hard,3,Darya Astakhova,Renata Zarazua,p2_games,under,12.5,0.6262,1.6,1.55,0.5964,3.0,-0.0293,1,78,1903533
2026-10-07 02:00,wta,WTA Challenger,"Suzhou, China",Hard,3,Darya Astakhova,Renata Zarazua,game_handicap,player_a,-0.5,0.5106,1.96,,,,,1,78,1903533
2026-10-07 02:00,wta,WTA Challenger,"Suzhou, China",Hard,3,Darya Astakhova,Renata Zarazua,game_handicap,player_b,0.5,0.4894,2.04,,,,,1,78,1903533
2026-10-07 02:00,wta,WTA Challenger,"Suzhou, China",Hard,3,Rebecca Sramkova,Claire Liu,winner,player_a,,0.498,2.01,2.6,0.358,14.0,0.2947,0,100,1903010
2026-10-07 02:00,wta,WTA Challenger,"Suzhou, China",Hard,3,Rebecca Sramkova,Claire Liu,winner,player_b,,0.502,1.99,1.45,0.642,-14.0,-0.2721,0,100,1903010
2026-10-07 02:00,wta,WTA Challenger,"Suzhou, China",Hard,3,Rebecca Sramkova,Claire Liu,total_games,over,21.5,0.4631,2.16,1.96,0.4731,-1.0,-0.0923,0,100,1903010
2026-10-07 02:00,wta,WTA Challenger,"Suzhou, China",Hard,3,Rebecca Sramkova,Claire Liu,total_games,under,21.5,0.5369,1.86,1.76,0.5269,1.0,-0.055,0,100,1903010
2026-10-07 02:00,wta,WTA Challenger,"Suzhou, China",Hard,3,Rebecca Sramkova,Claire Liu,p1_games,over,10.5,0.6607,1.51,1.82,0.5094,15.1,0.2024,0,100,1903010
2026-10-07 02:00,wta,WTA Challenger,"Suzhou, China",Hard,3,Rebecca Sramkova,Claire Liu,p1_games,under,10.5,0.3393,2.95,1.89,0.4906,-15.1,-0.3586,0,100,1903010
2026-10-07 02:00,wta,WTA Challenger,"Suzhou, China",Hard,3,Rebecca Sramkova,Claire Liu,p2_games,over,12.5,0.3894,2.57,2.15,0.4312,-4.2,-0.1628,0,100,1903010
2026-10-07 02:00,wta,WTA Challenger,"Suzhou, China",Hard,3,Rebecca Sramkova,Claire Liu,p2_games,under,12.5,0.6106,1.64,1.63,0.5688,4.2,-0.0047,0,100,1903010
2026-10-07 02:00,wta,WTA Challenger,"Suzhou, China",Hard,3,Rebecca Sramkova,Claire Liu,game_handicap,player_a,-0.5,0.4843,2.06,,,,,0,100,1903010
2026-10-07 02:00,wta,WTA Challenger,"Suzhou, China",Hard,3,Rebecca Sramkova,Claire Liu,game_handicap,player_b,0.5,0.5157,1.94,,,,,0,100,1903010
2026-10-07 03:30,wta,WTA Challenger,"Suzhou, China",Hard,3,Linda Fruhvirtova,Aliaksandra Sasnovich,winner,player_a,,0.3249,3.08,2.65,0.3537,-2.9,-0.1391,0,100,1903528
2026-10-07 03:30,wta,WTA Challenger,"Suzhou, China",Hard,3,Linda Fruhvirtova,Aliaksandra Sasnovich,winner,player_b,,0.6751,1.48,1.45,0.6463,2.9,-0.0211,0,100,1903528
2026-10-07 03:30,wta,WTA Challenger,"Suzhou, China",Hard,3,Linda Fruhvirtova,Aliaksandra Sasnovich,total_games,over,21.5,0.4164,2.4,1.95,0.4758,-5.9,-0.188,0,100,1903528
2026-10-07 03:30,wta,WTA Challenger,"Suzhou, China",Hard,3,Linda Fruhvirtova,Aliaksandra Sasnovich,total_games,under,21.5,0.5836,1.71,1.77,0.5242,5.9,0.033,0,100,1903528
2026-10-07 03:30,wta,WTA Challenger,"Suzhou, China",Hard,3,Linda Fruhvirtova,Aliaksandra Sasnovich,p1_games,over,10.5,0.4897,2.04,1.85,0.5013,-1.2,-0.094,0,100,1903528
2026-10-07 03:30,wta,WTA Challenger,"Suzhou, China",Hard,3,Linda Fruhvirtova,Aliaksandra Sasnovich,p1_games,under,10.5,0.5103,1.96,1.86,0.4987,1.2,-0.0509,0,100,1903528
2026-10-07 03:30,wta,WTA Challenger,"Suzhou, China",Hard,3,Linda Fruhvirtova,Aliaksandra Sasnovich,p2_games,over,12.5,0.3985,2.51,2.19,0.4237,-2.5,-0.1272,0,100,1903528
2026-10-07 03:30,wta,WTA Challenger,"Suzhou, China",Hard,3,Linda Fruhvirtova,Aliaksandra Sasnovich,p2_games,under,12.5,0.6015,1.66,1.61,0.5763,2.5,-0.0316,0,100,1903528
2026-10-07 03:30,wta,WTA Challenger,"Suzhou, China",Hard,3,Linda Fruhvirtova,Aliaksandra Sasnovich,game_handicap,player_a,3.5,0.4474,2.24,,,,,0,100,1903528
2026-10-07 03:30,wta,WTA Challenger,"Suzhou, China",Hard,3,Linda Fruhvirtova,Aliaksandra Sasnovich,game_handicap,player_b,-3.5,0.5526,1.81,,,,,0,100,1903528
2026-10-07 03:30,wta,WTA Challenger,"Suzhou, China",Hard,3,Tatiana Prozorova,Kyoka Okamura,winner,player_a,,0.6141,1.63,1.27,0.7365,-12.2,-0.2201,0,94,1903552
2026-10-07 03:30,wta,WTA Challenger,"Suzhou, China",Hard,3,Tatiana Prozorova,Kyoka Okamura,winner,player_b,,0.3859,2.59,3.55,0.2635,12.2,0.3701,0,94,1903552
2026-10-07 03:30,wta,WTA Challenger,"Suzhou, China",Hard,3,Tatiana Prozorova,Kyoka Okamura,total_games,over,19.5,0.5619,1.78,1.75,0.5296,3.2,-0.0167,1,94,1903552
2026-10-07 03:30,wta,WTA Challenger,"Suzhou, China",Hard,3,Tatiana Prozorova,Kyoka Okamura,total_games,under,19.5,0.4381,2.28,1.97,0.4704,-3.2,-0.1369,1,94,1903552
2026-10-07 03:30,wta,WTA Challenger,"Suzhou, China",Hard,3,Tatiana Prozorova,Kyoka Okamura,p1_games,over,12.5,0.41,2.44,2.3,0.4026,0.7,-0.057,1,94,1903552
2026-10-07 03:30,wta,WTA Challenger,"Suzhou, China",Hard,3,Tatiana Prozorova,Kyoka Okamura,p1_games,under,12.5,0.59,1.69,1.55,0.5974,-0.7,-0.0855,1,94,1903552
2026-10-07 03:30,wta,WTA Challenger,"Suzhou, China",Hard,3,Tatiana Prozorova,Kyoka Okamura,p2_games,over,8.5,0.634,1.58,1.96,0.4731,16.1,0.2426,1,94,1903552
2026-10-07 03:30,wta,WTA Challenger,"Suzhou, China",Hard,3,Tatiana Prozorova,Kyoka Okamura,p2_games,under,8.5,0.366,2.73,1.76,0.5269,-16.1,-0.3558,1,94,1903552
2026-10-07 03:30,wta,WTA Challenger,"Suzhou, China",Hard,3,Tatiana Prozorova,Kyoka Okamura,game_handicap,player_a,-2.5,0.5371,1.86,,,,,1,94,1903552
2026-10-07 03:30,wta,WTA Challenger,"Suzhou, China",Hard,3,Tatiana Prozorova,Kyoka Okamura,game_handicap,player_b,2.5,0.4629,2.16,,,,,1,94,1903552
2026-10-07 08:00,wta,WTA Challenger,"Samsun, Turkiye",N/A,3,Elena Pridankina,Anna Blinkova,winner,player_a,,0.3128,3.2,2.8,0.3349,-2.2,-0.1242,0,81,1903323
2026-10-07 08:00,wta,WTA Challenger,"Samsun, Turkiye",N/A,3,Elena Pridankina,Anna Blinkova,winner,player_b,,0.6872,1.46,1.41,0.6651,2.2,-0.031,0,81,1903323
2026-10-07 08:00,wta,WTA Challenger,"Samsun, Turkiye",N/A,3,Elena Pridankina,Anna Blinkova,total_games,over,20.5,0.4521,2.21,1.9,0.4879,-3.6,-0.1411,1,81,1903323
2026-10-07 08:00,wta,WTA Challenger,"Samsun, Turkiye",N/A,3,Elena Pridankina,Anna Blinkova,total_games,under,20.5,0.5479,1.83,1.81,0.5121,3.6,-0.0082,1,81,1903323
2026-10-07 08:00,wta,WTA Challenger,"Samsun, Turkiye",N/A,3,Elena Pridankina,Anna Blinkova,p1_games,over,9.5,0.5098,1.96,1.8,0.5135,-0.4,-0.0823,1,81,1903323
2026-10-07 08:00,wta,WTA Challenger,"Samsun, Turkiye",N/A,3,Elena Pridankina,Anna Blinkova,p1_games,under,9.5,0.4902,2.04,1.9,0.4865,0.4,-0.0687,1,81,1903323
2026-10-07 08:00,wta,WTA Challenger,"Samsun, Turkiye",N/A,3,Elena Pridankina,Anna Blinkova,p2_games,over,12.5,0.3933,2.54,2.25,0.4125,-1.9,-0.115,1,81,1903323
2026-10-07 08:00,wta,WTA Challenger,"Samsun, Turkiye",N/A,3,Elena Pridankina,Anna Blinkova,p2_games,under,12.5,0.6067,1.65,1.58,0.5875,1.9,-0.0414,1,81,1903323
2026-10-07 08:00,wta,WTA Challenger,"Samsun, Turkiye",N/A,3,Elena Pridankina,Anna Blinkova,game_handicap,player_a,3.5,0.4312,2.32,,,,,1,81,1903323
2026-10-07 08:00,wta,WTA Challenger,"Samsun, Turkiye",N/A,3,Elena Pridankina,Anna Blinkova,game_handicap,player_b,-3.5,0.5688,1.76,,,,,1,81,1903323
2026-10-07 08:00,wta,WTA Challenger,"Samsun, Turkiye",N/A,3,Leolia Jeanjean,Mariam Bolkvadze,winner,player_a,,0.7807,1.28,1.36,0.6845,9.6,0.0617,0,81,1903414
2026-10-07 08:00,wta,WTA Challenger,"Samsun, Turkiye",N/A,3,Leolia Jeanjean,Mariam Bolkvadze,winner,player_b,,0.2193,4.56,2.95,0.3155,-9.6,-0.3529,0,81,1903414
2026-10-07 08:00,wta,WTA Challenger,"Samsun, Turkiye",N/A,3,Leolia Jeanjean,Mariam Bolkvadze,total_games,over,20.5,0.4053,2.47,1.9,0.4879,-8.3,-0.23,1,81,1903414
2026-10-07 08:00,wta,WTA Challenger,"Samsun, Turkiye",N/A,3,Leolia Jeanjean,Mariam Bolkvadze,total_games,under,20.5,0.5947,1.68,1.81,0.5121,8.3,0.0764,1,81,1903414
2026-10-07 08:00,wta,WTA Challenger,"Samsun, Turkiye",N/A,3,Leolia Jeanjean,Mariam Bolkvadze,p1_games,over,12.5,0.3804,2.63,2.22,0.4173,-3.7,-0.1556,1,81,1903414
2026-10-07 08:00,wta,WTA Challenger,"Samsun, Turkiye",N/A,3,Leolia Jeanjean,Mariam Bolkvadze,p1_games,under,12.5,0.6196,1.61,1.59,0.5827,3.7,-0.0148,1,81,1903414
2026-10-07 08:00,wta,WTA Challenger,"Samsun, Turkiye",N/A,3,Leolia Jeanjean,Mariam Bolkvadze,p2_games,over,9.5,0.4048,2.47,1.88,0.4933,-8.9,-0.2391,1,81,1903414
2026-10-07 08:00,wta,WTA Challenger,"Samsun, Turkiye",N/A,3,Leolia Jeanjean,Mariam Bolkvadze,p2_games,under,9.5,0.5952,1.68,1.83,0.5067,8.9,0.0893,1,81,1903414
2026-10-07 08:00,wta,WTA Challenger,"Samsun, Turkiye",N/A,3,Leolia Jeanjean,Mariam Bolkvadze,game_handicap,player_a,-4.5,0.5922,1.69,,,,,1,81,1903414
2026-10-07 08:00,wta,WTA Challenger,"Samsun, Turkiye",N/A,3,Leolia Jeanjean,Mariam Bolkvadze,game_handicap,player_b,4.5,0.4078,2.45,,,,,1,81,1903414
2026-10-07 09:30,wta,WTA Challenger,"Samsun, Turkiye",N/A,3,Elvin Egribel,Caroline Werner,winner,player_a,,0.6685,1.5,,,,,0,41,1903416
2026-10-07 09:30,wta,WTA Challenger,"Samsun, Turkiye",N/A,3,Elvin Egribel,Caroline Werner,winner,player_b,,0.3315,3.02,,,,,0,41,1903416
2026-10-07 09:30,wta,WTA Challenger,"Samsun, Turkiye",N/A,3,Elvin Egribel,Caroline Werner,total_games,over,20.5,0.476,2.1,,,,,1,41,1903416
2026-10-07 09:30,wta,WTA Challenger,"Samsun, Turkiye",N/A,3,Elvin Egribel,Caroline Werner,total_games,under,20.5,0.524,1.91,,,,,1,41,1903416
2026-10-07 09:30,wta,WTA Challenger,"Samsun, Turkiye",N/A,3,Elvin Egribel,Caroline Werner,p1_games,over,12.5,0.4089,2.45,,,,,1,41,1903416
2026-10-07 09:30,wta,WTA Challenger,"Samsun, Turkiye",N/A,3,Elvin Egribel,Caroline Werner,p1_games,under,12.5,0.5911,1.69,,,,,1,41,1903416
2026-10-07 09:30,wta,WTA Challenger,"Samsun, Turkiye",N/A,3,Elvin Egribel,Caroline Werner,p2_games,over,11.5,0.4696,2.13,,,,,1,41,1903416
2026-10-07 09:30,wta,WTA Challenger,"Samsun, Turkiye",N/A,3,Elvin Egribel,Caroline Werner,p2_games,under,11.5,0.5304,1.89,,,,,1,41,1903416
2026-10-07 09:30,wta,WTA Challenger,"Samsun, Turkiye",N/A,3,Elvin Egribel,Caroline Werner,game_handicap,player_a,-3.5,0.5395,1.85,,,,,1,41,1903416
2026-10-07 09:30,wta,WTA Challenger,"Samsun, Turkiye",N/A,3,Elvin Egribel,Caroline Werner,game_handicap,player_b,3.5,0.4605,2.17,,,,,1,41,1903416
2026-10-07 09:30,wta,WTA Challenger,"Samsun, Turkiye",N/A,3,Fiona Crawley,Oksana Selekhmeteva,winner,player_a,,0.4582,2.18,1.81,0.5173,-5.9,-0.1706,0,72,1903682
2026-10-07 09:30,wta,WTA Challenger,"Samsun, Turkiye",N/A,3,Fiona Crawley,Oksana Selekhmeteva,winner,player_b,,0.5418,1.85,1.94,0.4827,5.9,0.0511,0,72,1903682
2026-10-07 09:30,wta,WTA Challenger,"Samsun, Turkiye",N/A,3,Fiona Crawley,Oksana Selekhmeteva,total_games,over,20.5,0.4949,2.02,,,,,1,72,1903682
2026-10-07 09:30,wta,WTA Challenger,"Samsun, Turkiye",N/A,3,Fiona Crawley,Oksana Selekhmeteva,total_games,under,20.5,0.5051,1.98,,,,,1,72,1903682
2026-10-07 09:30,wta,WTA Challenger,"Samsun, Turkiye",N/A,3,Fiona Crawley,Oksana Selekhmeteva,p1_games,over,12.5,0.3629,2.76,,,,,1,72,1903682
2026-10-07 09:30,wta,WTA Challenger,"Samsun, Turkiye",N/A,3,Fiona Crawley,Oksana Selekhmeteva,p1_games,under,12.5,0.6371,1.57,,,,,1,72,1903682
2026-10-07 09:30,wta,WTA Challenger,"Samsun, Turkiye",N/A,3,Fiona Crawley,Oksana Selekhmeteva,p2_games,over,12.5,0.3869,2.58,,,,,1,72,1903682
2026-10-07 09:30,wta,WTA Challenger,"Samsun, Turkiye",N/A,3,Fiona Crawley,Oksana Selekhmeteva,p2_games,under,12.5,0.6131,1.63,,,,,1,72,1903682
2026-10-07 09:30,wta,WTA Challenger,"Samsun, Turkiye",N/A,3,Fiona Crawley,Oksana Selekhmeteva,game_handicap,player_a,1.5,0.4993,2.0,,,,,1,72,1903682
2026-10-07 09:30,wta,WTA Challenger,"Samsun, Turkiye",N/A,3,Fiona Crawley,Oksana Selekhmeteva,game_handicap,player_b,-1.5,0.5007,2.0,,,,,1,72,1903682
2026-10-07 09:30,wta,WTA Challenger,"Samsun, Turkiye",N/A,3,Lucrezia Stefanini,Noma Noha Akugue,winner,player_a,,0.5348,1.87,,,,,0,75,1903698
2026-10-07 09:30,wta,WTA Challenger,"Samsun, Turkiye",N/A,3,Lucrezia Stefanini,Noma Noha Akugue,winner,player_b,,0.4652,2.15,,,,,0,75,1903698
2026-10-07 09:30,wta,WTA Challenger,"Samsun, Turkiye",N/A,3,Lucrezia Stefanini,Noma Noha Akugue,total_games,over,20.5,0.4926,2.03,,,,,1,75,1903698
2026-10-07 09:30,wta,WTA Challenger,"Samsun, Turkiye",N/A,3,Lucrezia Stefanini,Noma Noha Akugue,total_games,under,20.5,0.5074,1.97,,,,,1,75,1903698
2026-10-07 09:30,wta,WTA Challenger,"Samsun, Turkiye",N/A,3,Lucrezia Stefanini,Noma Noha Akugue,p1_games,over,12.5,0.3832,2.61,,,,,1,75,1903698
2026-10-07 09:30,wta,WTA Challenger,"Samsun, Turkiye",N/A,3,Lucrezia Stefanini,Noma Noha Akugue,p1_games,under,12.5,0.6168,1.62,,,,,1,75,1903698
2026-10-07 09:30,wta,WTA Challenger,"Samsun, Turkiye",N/A,3,Lucrezia Stefanini,Noma Noha Akugue,p2_games,over,12.5,0.3628,2.76,,,,,1,75,1903698
2026-10-07 09:30,wta,WTA Challenger,"Samsun, Turkiye",N/A,3,Lucrezia Stefanini,Noma Noha Akugue,p2_games,under,12.5,0.6372,1.57,,,,,1,75,1903698
2026-10-07 09:30,wta,WTA Challenger,"Samsun, Turkiye",N/A,3,Lucrezia Stefanini,Noma Noha Akugue,game_handicap,player_a,-0.5,0.5223,1.91,,,,,1,75,1903698
2026-10-07 09:30,wta,WTA Challenger,"Samsun, Turkiye",N/A,3,Lucrezia Stefanini,Noma Noha Akugue,game_handicap,player_b,0.5,0.4777,2.09,,,,,1,75,1903698
2026-10-07 11:00,wta,WTA Challenger,"Samsun, Turkiye",N/A,3,Cagla Buyukakcay,Linda Klimovicova,winner,player_a,,0.6123,1.63,,,,,0,66,1903315
2026-10-07 11:00,wta,WTA Challenger,"Samsun, Turkiye",N/A,3,Cagla Buyukakcay,Linda Klimovicova,winner,player_b,,0.3877,2.58,,,,,0,66,1903315
2026-10-07 11:00,wta,WTA Challenger,"Samsun, Turkiye",N/A,3,Cagla Buyukakcay,Linda Klimovicova,total_games,over,20.5,0.4899,2.04,,,,,1,66,1903315
2026-10-07 11:00,wta,WTA Challenger,"Samsun, Turkiye",N/A,3,Cagla Buyukakcay,Linda Klimovicova,total_games,under,20.5,0.5101,1.96,,,,,1,66,1903315
2026-10-07 11:00,wta,WTA Challenger,"Samsun, Turkiye",N/A,3,Cagla Buyukakcay,Linda Klimovicova,p1_games,over,12.5,0.4042,2.47,,,,,1,66,1903315
2026-10-07 11:00,wta,WTA Challenger,"Samsun, Turkiye",N/A,3,Cagla Buyukakcay,Linda Klimovicova,p1_games,under,12.5,0.5958,1.68,,,,,1,66,1903315
2026-10-07 11:00,wta,WTA Challenger,"Samsun, Turkiye",N/A,3,Cagla Buyukakcay,Linda Klimovicova,p2_games,over,12.5,0.3379,2.96,,,,,1,66,1903315
2026-10-07 11:00,wta,WTA Challenger,"Samsun, Turkiye",N/A,3,Cagla Buyukakcay,Linda Klimovicova,p2_games,under,12.5,0.6621,1.51,,,,,1,66,1903315
2026-10-07 11:00,wta,WTA Challenger,"Samsun, Turkiye",N/A,3,Cagla Buyukakcay,Linda Klimovicova,game_handicap,player_a,-2.5,0.5374,1.86,,,,,1,66,1903315
2026-10-07 11:00,wta,WTA Challenger,"Samsun, Turkiye",N/A,3,Cagla Buyukakcay,Linda Klimovicova,game_handicap,player_b,2.5,0.4626,2.16,,,,,1,66,1903315
2026-10-07 11:15,wta,WTA Challenger,"Samsun, Turkiye",N/A,3,Polina Iatcenko,Dalma Galfi,winner,player_a,,0.4855,2.06,2.04,0.4574,2.8,-0.0096,0,81,1903332
2026-10-07 11:15,wta,WTA Challenger,"Samsun, Turkiye",N/A,3,Polina Iatcenko,Dalma Galfi,winner,player_b,,0.5145,1.94,1.72,0.5426,-2.8,-0.1151,0,81,1903332
2026-10-07 11:15,wta,WTA Challenger,"Samsun, Turkiye",N/A,3,Polina Iatcenko,Dalma Galfi,total_games,over,21.5,0.457,2.19,1.74,0.5323,-7.5,-0.2048,1,81,1903332
2026-10-07 11:15,wta,WTA Challenger,"Samsun, Turkiye",N/A,3,Polina Iatcenko,Dalma Galfi,total_games,under,21.5,0.543,1.84,1.98,0.4677,7.5,0.0751,1,81,1903332
2026-10-07 11:15,wta,WTA Challenger,"Samsun, Turkiye",N/A,3,Polina Iatcenko,Dalma Galfi,p1_games,over,11.5,0.6186,1.62,1.58,0.5853,3.3,-0.0226,1,81,1903332
2026-10-07 11:15,wta,WTA Challenger,"Samsun, Turkiye",N/A,3,Polina Iatcenko,Dalma Galfi,p1_games,under,11.5,0.3814,2.62,2.23,0.4147,-3.3,-0.1495,1,81,1903332
2026-10-07 11:15,wta,WTA Challenger,"Samsun, Turkiye",N/A,3,Polina Iatcenko,Dalma Galfi,p2_games,over,12.5,0.3876,2.58,2.17,0.4259,-3.8,-0.159,1,81,1903332
2026-10-07 11:15,wta,WTA Challenger,"Samsun, Turkiye",N/A,3,Polina Iatcenko,Dalma Galfi,p2_games,under,12.5,0.6124,1.63,1.61,0.5741,3.8,-0.014,1,81,1903332
2026-10-07 11:15,wta,WTA Challenger,"Samsun, Turkiye",N/A,3,Polina Iatcenko,Dalma Galfi,game_handicap,player_a,0.5,0.4978,2.01,,,,,1,81,1903332
2026-10-07 11:15,wta,WTA Challenger,"Samsun, Turkiye",N/A,3,Polina Iatcenko,Dalma Galfi,game_handicap,player_b,-0.5,0.5022,1.99,,,,,1,81,1903332
2026-10-07 14:30,wta,WTA Challenger,"Samsun, Turkiye",N/A,3,Viktoria Hruncakova,Himeno Sakatsume,winner,player_a,,0.5312,1.88,3.1,0.3002,23.1,0.6466,0,81,1903683
2026-10-07 14:30,wta,WTA Challenger,"Samsun, Turkiye",N/A,3,Viktoria Hruncakova,Himeno Sakatsume,winner,player_b,,0.4688,2.13,1.33,0.6998,-23.1,-0.3765,0,81,1903683
2026-10-07 14:30,wta,WTA Challenger,"Samsun, Turkiye",N/A,3,Viktoria Hruncakova,Himeno Sakatsume,total_games,over,20.5,0.5162,1.94,1.76,0.5269,-1.1,-0.0914,1,81,1903683
2026-10-07 14:30,wta,WTA Challenger,"Samsun, Turkiye",N/A,3,Viktoria Hruncakova,Himeno Sakatsume,total_games,under,20.5,0.4838,2.07,1.96,0.4731,1.1,-0.0518,1,81,1903683
2026-10-07 14:30,wta,WTA Challenger,"Samsun, Turkiye",N/A,3,Viktoria Hruncakova,Himeno Sakatsume,p1_games,over,9.5,0.7198,1.39,1.78,0.5202,20.0,0.2813,1,81,1903683
2026-10-07 14:30,wta,WTA Challenger,"Samsun, Turkiye",N/A,3,Viktoria Hruncakova,Himeno Sakatsume,p1_games,under,9.5,0.2802,3.57,1.93,0.4798,-20.0,-0.4593,1,81,1903683
2026-10-07 14:30,wta,WTA Challenger,"Samsun, Turkiye",N/A,3,Viktoria Hruncakova,Himeno Sakatsume,p2_games,over,12.5,0.3833,2.61,1.95,0.4744,-9.1,-0.2526,1,81,1903683
2026-10-07 14:30,wta,WTA Challenger,"Samsun, Turkiye",N/A,3,Viktoria Hruncakova,Himeno Sakatsume,p2_games,under,12.5,0.6167,1.62,1.76,0.5256,9.1,0.0854,1,81,1903683
2026-10-07 14:30,wta,WTA Challenger,"Samsun, Turkiye",N/A,3,Viktoria Hruncakova,Himeno Sakatsume,game_handicap,player_a,-0.5,0.5178,1.93,,,,,1,81,1903683
2026-10-07 14:30,wta,WTA Challenger,"Samsun, Turkiye",N/A,3,Viktoria Hruncakova,Himeno Sakatsume,game_handicap,player_b,0.5,0.4822,2.07,,,,,1,81,1903683
2026-10-07 03:00,atp,ATP Challenger,"Wuning 3, China",N/A,3,Hiroki Moriya,Keisuke Saitoh,winner,player_a,,0.7211,1.39,1.94,0.4827,23.8,0.3989,0,81,1903537
2026-10-07 03:00,atp,ATP Challenger,"Wuning 3, China",N/A,3,Hiroki Moriya,Keisuke Saitoh,winner,player_b,,0.2789,3.59,1.81,0.5173,-23.8,-0.4952,0,81,1903537
2026-10-07 03:00,atp,ATP Challenger,"Wuning 3, China",N/A,3,Hiroki Moriya,Keisuke Saitoh,total_games,over,21.5,0.4769,2.1,1.75,0.5296,-5.3,-0.1654,1,81,1903537
2026-10-07 03:00,atp,ATP Challenger,"Wuning 3, China",N/A,3,Hiroki Moriya,Keisuke Saitoh,total_games,under,21.5,0.5231,1.91,1.97,0.4704,5.3,0.0305,1,81,1903537
2026-10-07 03:00,atp,ATP Challenger,"Wuning 3, China",N/A,3,Hiroki Moriya,Keisuke Saitoh,p1_games,over,12.5,0.4753,2.1,2.09,0.4427,3.3,-0.0066,1,81,1903537
2026-10-07 03:00,atp,ATP Challenger,"Wuning 3, China",N/A,3,Hiroki Moriya,Keisuke Saitoh,p1_games,under,12.5,0.5247,1.91,1.66,0.5573,-3.3,-0.129,1,81,1903537
2026-10-07 03:00,atp,ATP Challenger,"Wuning 3, China",N/A,3,Hiroki Moriya,Keisuke Saitoh,p2_games,over,12.5,0.3272,3.06,2.03,0.4558,-12.9,-0.3359,1,81,1903537
2026-10-07 03:00,atp,ATP Challenger,"Wuning 3, China",N/A,3,Hiroki Moriya,Keisuke Saitoh,p2_games,under,12.5,0.6728,1.49,1.7,0.5442,12.9,0.1438,1,81,1903537
2026-10-07 03:00,atp,ATP Challenger,"Wuning 3, China",N/A,3,Hiroki Moriya,Keisuke Saitoh,game_handicap,player_a,-3.5,0.5619,1.78,,,,,1,81,1903537
2026-10-07 03:00,atp,ATP Challenger,"Wuning 3, China",N/A,3,Hiroki Moriya,Keisuke Saitoh,game_handicap,player_b,3.5,0.4381,2.28,,,,,1,81,1903537
2026-10-07 03:00,atp,ATP Challenger,"Wuning 3, China",N/A,3,Omar Jasika,Marat Sharipov,winner,player_a,,0.1321,7.57,4.4,0.2129,-8.1,-0.4189,0,88,1903531
2026-10-07 03:00,atp,ATP Challenger,"Wuning 3, China",N/A,3,Omar Jasika,Marat Sharipov,winner,player_b,,0.8679,1.15,1.19,0.7871,8.1,0.0328,0,88,1903531
2026-10-07 03:00,atp,ATP Challenger,"Wuning 3, China",N/A,3,Omar Jasika,Marat Sharipov,total_games,over,20.5,0.4131,2.42,1.76,0.5269,-11.4,-0.273,0,88,1903531
2026-10-07 03:00,atp,ATP Challenger,"Wuning 3, China",N/A,3,Omar Jasika,Marat Sharipov,total_games,under,20.5,0.5869,1.7,1.96,0.4731,11.4,0.1503,0,88,1903531
2026-10-07 03:00,atp,ATP Challenger,"Wuning 3, China",N/A,3,Omar Jasika,Marat Sharipov,p1_games,over,8.5,0.3981,2.51,1.77,0.5242,-12.6,-0.2954,0,88,1903531
2026-10-07 03:00,atp,ATP Challenger,"Wuning 3, China",N/A,3,Omar Jasika,Marat Sharipov,p1_games,under,8.5,0.6019,1.66,1.95,0.4758,12.6,0.1738,0,88,1903531
2026-10-07 03:00,atp,ATP Challenger,"Wuning 3, China",N/A,3,Omar Jasika,Marat Sharipov,p2_games,over,12.5,0.4221,2.37,1.81,0.5108,-8.9,-0.2361,0,88,1903531
2026-10-07 03:00,atp,ATP Challenger,"Wuning 3, China",N/A,3,Omar Jasika,Marat Sharipov,p2_games,under,12.5,0.5779,1.73,1.89,0.4892,8.9,0.0923,0,88,1903531
2026-10-07 03:00,atp,ATP Challenger,"Wuning 3, China",N/A,3,Omar Jasika,Marat Sharipov,game_handicap,player_a,4.5,0.371,2.7,,,,,0,88,1903531
2026-10-07 03:00,atp,ATP Challenger,"Wuning 3, China",N/A,3,Omar Jasika,Marat Sharipov,game_handicap,player_b,-4.5,0.629,1.59,,,,,0,88,1903531
2026-10-07 03:00,atp,ATP Challenger,"Wuning 3, China",N/A,3,Yaroslav Demin,Akira Santillan,winner,player_a,,0.3135,3.19,2.18,0.4293,-11.6,-0.3165,0,81,1903386
2026-10-07 03:00,atp,ATP Challenger,"Wuning 3, China",N/A,3,Yaroslav Demin,Akira Santillan,winner,player_b,,0.6865,1.46,1.64,0.5707,11.6,0.1258,0,81,1903386
2026-10-07 03:00,atp,ATP Challenger,"Wuning 3, China",N/A,3,Yaroslav Demin,Akira Santillan,total_games,over,21.5,0.4961,2.02,1.73,0.5349,-3.9,-0.1418,1,81,1903386
2026-10-07 03:00,atp,ATP Challenger,"Wuning 3, China",N/A,3,Yaroslav Demin,Akira Santillan,total_games,under,21.5,0.5039,1.98,1.99,0.4651,3.9,0.0028,1,81,1903386
2026-10-07 03:00,atp,ATP Challenger,"Wuning 3, China",N/A,3,Yaroslav Demin,Akira Santillan,p1_games,over,12.5,0.3531,2.83,2.08,0.4453,-9.2,-0.2656,1,81,1903386
2026-10-07 03:00,atp,ATP Challenger,"Wuning 3, China",N/A,3,Yaroslav Demin,Akira Santillan,p1_games,under,12.5,0.6469,1.55,1.67,0.5547,9.2,0.0804,1,81,1903386
2026-10-07 03:00,atp,ATP Challenger,"Wuning 3, China",N/A,3,Yaroslav Demin,Akira Santillan,p2_games,over,12.5,0.4802,2.08,1.85,0.5,-2.0,-0.1117,1,81,1903386
2026-10-07 03:00,atp,ATP Challenger,"Wuning 3, China",N/A,3,Yaroslav Demin,Akira Santillan,p2_games,under,12.5,0.5198,1.92,1.85,0.5,2.0,-0.0383,1,81,1903386
2026-10-07 03:00,atp,ATP Challenger,"Wuning 3, China",N/A,3,Yaroslav Demin,Akira Santillan,game_handicap,player_a,3.5,0.4777,2.09,,,,,1,81,1903386
2026-10-07 03:00,atp,ATP Challenger,"Wuning 3, China",N/A,3,Yaroslav Demin,Akira Santillan,game_handicap,player_b,-3.5,0.5223,1.91,,,,,1,81,1903386
2026-10-07 04:30,atp,ATP Challenger,"Wuning 3, China",N/A,3,Timofei Derepasko,Filip Peliwo,winner,player_a,,0.4257,2.35,2.0,0.4681,-4.2,-0.1487,0,81,1903529
2026-10-07 04:30,atp,ATP Challenger,"Wuning 3, China",N/A,3,Timofei Derepasko,Filip Peliwo,winner,player_b,,0.5743,1.74,1.76,0.5319,4.2,0.0108,0,81,1903529
2026-10-07 04:30,atp,ATP Challenger,"Wuning 3, China",N/A,3,Timofei Derepasko,Filip Peliwo,total_games,over,21.5,0.5126,1.95,1.75,0.5296,-1.7,-0.1029,1,81,1903529
2026-10-07 04:30,atp,ATP Challenger,"Wuning 3, China",N/A,3,Timofei Derepasko,Filip Peliwo,total_games,under,21.5,0.4874,2.05,1.97,0.4704,1.7,-0.0399,1,81,1903529
2026-10-07 04:30,atp,ATP Challenger,"Wuning 3, China",N/A,3,Timofei Derepasko,Filip Peliwo,p1_games,over,12.5,0.4028,2.48,2.12,0.4362,-3.3,-0.1461,1,81,1903529
2026-10-07 04:30,atp,ATP Challenger,"Wuning 3, China",N/A,3,Timofei Derepasko,Filip Peliwo,p1_games,under,12.5,0.5972,1.67,1.64,0.5638,3.3,-0.0205,1,81,1903529
2026-10-07 04:30,atp,ATP Challenger,"Wuning 3, China",N/A,3,Timofei Derepasko,Filip Peliwo,p2_games,over,12.5,0.4542,2.2,2.01,0.4611,-0.7,-0.0871,1,81,1903529
2026-10-07 04:30,atp,ATP Challenger,"Wuning 3, China",N/A,3,Timofei Derepasko,Filip Peliwo,p2_games,under,12.5,0.5458,1.83,1.72,0.5389,0.7,-0.0612,1,81,1903529
2026-10-07 04:30,atp,ATP Challenger,"Wuning 3, China",N/A,3,Timofei Derepasko,Filip Peliwo,game_handicap,player_a,1.5,0.472,2.12,,,,,1,81,1903529
2026-10-07 04:30,atp,ATP Challenger,"Wuning 3, China",N/A,3,Timofei Derepasko,Filip Peliwo,game_handicap,player_b,-1.5,0.528,1.89,,,,,1,81,1903529
2026-10-07 10:00,atp,ATP Challenger,"Palermo, Italy",Clay,3,Jonas Forejtek,Martin Krumich,winner,player_a,,0.5002,2.0,1.87,0.5,0.0,-0.0647,0,100,1903584
2026-10-07 10:00,atp,ATP Challenger,"Palermo, Italy",Clay,3,Jonas Forejtek,Martin Krumich,winner,player_b,,0.4998,2.0,1.87,0.5,-0.0,-0.0653,0,100,1903584
2026-10-07 10:00,atp,ATP Challenger,"Palermo, Italy",Clay,3,Jonas Forejtek,Martin Krumich,total_games,over,22.5,0.463,2.16,1.86,0.4973,-3.4,-0.1388,0,100,1903584
2026-10-07 10:00,atp,ATP Challenger,"Palermo, Italy",Clay,3,Jonas Forejtek,Martin Krumich,total_games,under,22.5,0.537,1.86,1.84,0.5027,3.4,-0.0119,0,100,1903584
2026-10-07 10:00,atp,ATP Challenger,"Palermo, Italy",Clay,3,Jonas Forejtek,Martin Krumich,p1_games,over,12.5,0.4428,2.26,1.92,0.4825,-4.0,-0.1499,0,100,1903584
2026-10-07 10:00,atp,ATP Challenger,"Palermo, Italy",Clay,3,Jonas Forejtek,Martin Krumich,p1_games,under,12.5,0.5572,1.79,1.79,0.5175,4.0,-0.0025,0,100,1903584
2026-10-07 10:00,atp,ATP Challenger,"Palermo, Italy",Clay,3,Jonas Forejtek,Martin Krumich,p2_games,over,12.5,0.442,2.26,1.92,0.4825,-4.0,-0.1514,0,100,1903584
2026-10-07 10:00,atp,ATP Challenger,"Palermo, Italy",Clay,3,Jonas Forejtek,Martin Krumich,p2_games,under,12.5,0.558,1.79,1.79,0.5175,4.0,-0.0012,0,100,1903584
2026-10-07 10:00,atp,ATP Challenger,"Palermo, Italy",Clay,3,Jonas Forejtek,Martin Krumich,game_handicap,player_a,-0.5,0.4853,2.06,,,,,0,100,1903584
2026-10-07 10:00,atp,ATP Challenger,"Palermo, Italy",Clay,3,Jonas Forejtek,Martin Krumich,game_handicap,player_b,0.5,0.5147,1.94,,,,,0,100,1903584
2026-10-07 11:30,atp,ATP Challenger,"Palermo, Italy",Clay,3,Zdenek Kolar,Michele Ribecai,winner,player_a,,0.6281,1.59,1.54,0.6061,2.2,-0.0327,0,100,1903704
2026-10-07 11:30,atp,ATP Challenger,"Palermo, Italy",Clay,3,Zdenek Kolar,Michele Ribecai,winner,player_b,,0.3719,2.69,2.37,0.3939,-2.2,-0.1187,0,100,1903704
2026-10-07 11:30,atp,ATP Challenger,"Palermo, Italy",Clay,3,Zdenek Kolar,Michele Ribecai,total_games,over,21.5,0.4945,2.02,,,,,0,100,1903704
2026-10-07 11:30,atp,ATP Challenger,"Palermo, Italy",Clay,3,Zdenek Kolar,Michele Ribecai,total_games,under,21.5,0.5055,1.98,,,,,0,100,1903704
2026-10-07 11:30,atp,ATP Challenger,"Palermo, Italy",Clay,3,Zdenek Kolar,Michele Ribecai,p1_games,over,12.5,0.4564,2.19,,,,,0,100,1903704
2026-10-07 11:30,atp,ATP Challenger,"Palermo, Italy",Clay,3,Zdenek Kolar,Michele Ribecai,p1_games,under,12.5,0.5436,1.84,,,,,0,100,1903704
2026-10-07 11:30,atp,ATP Challenger,"Palermo, Italy",Clay,3,Zdenek Kolar,Michele Ribecai,p2_games,over,12.5,0.3701,2.7,,,,,0,100,1903704
2026-10-07 11:30,atp,ATP Challenger,"Palermo, Italy",Clay,3,Zdenek Kolar,Michele Ribecai,p2_games,under,12.5,0.6299,1.59,,,,,0,100,1903704
2026-10-07 11:30,atp,ATP Challenger,"Palermo, Italy",Clay,3,Zdenek Kolar,Michele Ribecai,game_handicap,player_a,-2.5,0.5406,1.85,,,,,0,100,1903704
2026-10-07 11:30,atp,ATP Challenger,"Palermo, Italy",Clay,3,Zdenek Kolar,Michele Ribecai,game_handicap,player_b,2.5,0.4594,2.18,,,,,0,100,1903704
2026-10-07 13:00,atp,ATP Challenger,"Palermo, Italy",Clay,3,Andrej Martin,Alejandro Moro Canas,winner,player_a,,0.3979,2.51,2.85,0.3278,7.0,0.134,0,100,1903705
2026-10-07 13:00,atp,ATP Challenger,"Palermo, Italy",Clay,3,Andrej Martin,Alejandro Moro Canas,winner,player_b,,0.6021,1.66,1.39,0.6722,-7.0,-0.1631,0,100,1903705
2026-10-07 13:00,atp,ATP Challenger,"Palermo, Italy",Clay,3,Andrej Martin,Alejandro Moro Canas,total_games,over,22.5,0.4473,2.24,,,,,0,100,1903705
2026-10-07 13:00,atp,ATP Challenger,"Palermo, Italy",Clay,3,Andrej Martin,Alejandro Moro Canas,total_games,under,22.5,0.5527,1.81,,,,,0,100,1903705
2026-10-07 13:00,atp,ATP Challenger,"Palermo, Italy",Clay,3,Andrej Martin,Alejandro Moro Canas,p1_games,over,12.5,0.3921,2.55,,,,,0,100,1903705
2026-10-07 13:00,atp,ATP Challenger,"Palermo, Italy",Clay,3,Andrej Martin,Alejandro Moro Canas,p1_games,under,12.5,0.6079,1.64,,,,,0,100,1903705
2026-10-07 13:00,atp,ATP Challenger,"Palermo, Italy",Clay,3,Andrej Martin,Alejandro Moro Canas,p2_games,over,12.5,0.4622,2.16,,,,,0,100,1903705
2026-10-07 13:00,atp,ATP Challenger,"Palermo, Italy",Clay,3,Andrej Martin,Alejandro Moro Canas,p2_games,under,12.5,0.5378,1.86,,,,,0,100,1903705
2026-10-07 13:00,atp,ATP Challenger,"Palermo, Italy",Clay,3,Andrej Martin,Alejandro Moro Canas,game_handicap,player_a,2.5,0.4888,2.05,,,,,0,100,1903705
2026-10-07 13:00,atp,ATP Challenger,"Palermo, Italy",Clay,3,Andrej Martin,Alejandro Moro Canas,game_handicap,player_b,-2.5,0.5112,1.96,,,,,0,100,1903705
2026-10-07 18:00,atp,ATP Challenger,"Palermo, Italy",Clay,3,Gianluca Cadenasso,Massimo Giunta,winner,player_a,,0.8124,1.23,1.49,0.6266,18.6,0.2105,0,100,1903681
2026-10-07 18:00,atp,ATP Challenger,"Palermo, Italy",Clay,3,Gianluca Cadenasso,Massimo Giunta,winner,player_b,,0.1876,5.33,2.5,0.3734,-18.6,-0.5311,0,100,1903681
2026-10-07 18:00,atp,ATP Challenger,"Palermo, Italy",Clay,3,Gianluca Cadenasso,Massimo Giunta,total_games,over,21.5,0.4146,2.41,1.79,0.5175,-10.3,-0.2579,0,100,1903681
2026-10-07 18:00,atp,ATP Challenger,"Palermo, Italy",Clay,3,Gianluca Cadenasso,Massimo Giunta,total_games,under,21.5,0.5854,1.71,1.92,0.4825,10.3,0.124,0,100,1903681
2026-10-07 18:00,atp,ATP Challenger,"Palermo, Italy",Clay,3,Gianluca Cadenasso,Massimo Giunta,p1_games,over,12.5,0.4507,2.22,1.9,0.4879,-3.7,-0.1437,0,100,1903681
2026-10-07 18:00,atp,ATP Challenger,"Palermo, Italy",Clay,3,Gianluca Cadenasso,Massimo Giunta,p1_games,under,12.5,0.5493,1.82,1.81,0.5121,3.7,-0.0057,0,100,1903681
2026-10-07 18:00,atp,ATP Challenger,"Palermo, Italy",Clay,3,Gianluca Cadenasso,Massimo Giunta,p2_games,over,11.5,0.3369,2.97,1.74,0.5323,-19.5,-0.4137,0,100,1903681
2026-10-07 18:00,atp,ATP Challenger,"Palermo, Italy",Clay,3,Gianluca Cadenasso,Massimo Giunta,p2_games,under,11.5,0.6631,1.51,1.98,0.4677,19.5,0.3128,0,100,1903681
2026-10-07 18:00,atp,ATP Challenger,"Palermo, Italy",Clay,3,Gianluca Cadenasso,Massimo Giunta,game_handicap,player_a,-4.5,0.5599,1.79,,,,,0,100,1903681
2026-10-07 18:00,atp,ATP Challenger,"Palermo, Italy",Clay,3,Gianluca Cadenasso,Massimo Giunta,game_handicap,player_b,4.5,0.4401,2.27,,,,,0,100,1903681
