start_utc,tour,category,tournament,surface,best_of,player_a,player_b,market,selection,line,model_probability,fair_odds,bookmaker_odds,implied_fair,edge_pp,ev,low_confidence,data_quality,match_id
2026-10-09 19:35,atp,ATP Challenger,"Antofagasta, Chile",Clay,3,Juan Carlos Prado Angelo,Miguel Tobon,winner,player_a,,0.707,1.41,,,,,0,94,1904471
2026-10-09 19:35,atp,ATP Challenger,"Antofagasta, Chile",Clay,3,Juan Carlos Prado Angelo,Miguel Tobon,winner,player_b,,0.293,3.41,,,,,0,94,1904471
2026-10-09 19:35,atp,ATP Challenger,"Antofagasta, Chile",Clay,3,Juan Carlos Prado Angelo,Miguel Tobon,total_games,over,21.5,0.471,2.12,,,,,0,94,1904471
2026-10-09 19:35,atp,ATP Challenger,"Antofagasta, Chile",Clay,3,Juan Carlos Prado Angelo,Miguel Tobon,total_games,under,21.5,0.529,1.89,,,,,0,94,1904471
2026-10-09 19:35,atp,ATP Challenger,"Antofagasta, Chile",Clay,3,Juan Carlos Prado Angelo,Miguel Tobon,p1_games,over,12.5,0.4641,2.15,,,,,0,94,1904471
2026-10-09 19:35,atp,ATP Challenger,"Antofagasta, Chile",Clay,3,Juan Carlos Prado Angelo,Miguel Tobon,p1_games,under,12.5,0.5359,1.87,,,,,0,94,1904471
2026-10-09 19:35,atp,ATP Challenger,"Antofagasta, Chile",Clay,3,Juan Carlos Prado Angelo,Miguel Tobon,p2_games,over,10.5,0.4902,2.04,,,,,0,94,1904471
2026-10-09 19:35,atp,ATP Challenger,"Antofagasta, Chile",Clay,3,Juan Carlos Prado Angelo,Miguel Tobon,p2_games,under,10.5,0.5098,1.96,,,,,0,94,1904471
2026-10-09 19:35,atp,ATP Challenger,"Antofagasta, Chile",Clay,3,Juan Carlos Prado Angelo,Miguel Tobon,game_handicap,player_a,-3.5,0.5554,1.8,,,,,0,94,1904471
2026-10-09 19:35,atp,ATP Challenger,"Antofagasta, Chile",Clay,3,Juan Carlos Prado Angelo,Miguel Tobon,game_handicap,player_b,3.5,0.4446,2.25,,,,,0,94,1904471
2026-10-09 19:25,atp,ATP Challenger,"Palermo, Italy",Clay,3,Enrico Dalla Valle,Francesco Passaro,winner,player_a,,0.3876,2.58,,,,,0,94,1904466
2026-10-09 19:25,atp,ATP Challenger,"Palermo, Italy",Clay,3,Enrico Dalla Valle,Francesco Passaro,winner,player_b,,0.6124,1.63,,,,,0,94,1904466
2026-10-09 19:25,atp,ATP Challenger,"Palermo, Italy",Clay,3,Enrico Dalla Valle,Francesco Passaro,total_games,over,22.5,0.4707,2.12,,,,,0,94,1904466
2026-10-09 19:25,atp,ATP Challenger,"Palermo, Italy",Clay,3,Enrico Dalla Valle,Francesco Passaro,total_games,under,22.5,0.5293,1.89,,,,,0,94,1904466
2026-10-09 19:25,atp,ATP Challenger,"Palermo, Italy",Clay,3,Enrico Dalla Valle,Francesco Passaro,p1_games,over,12.5,0.415,2.41,,,,,0,94,1904466
2026-10-09 19:25,atp,ATP Challenger,"Palermo, Italy",Clay,3,Enrico Dalla Valle,Francesco Passaro,p1_games,under,12.5,0.585,1.71,,,,,0,94,1904466
2026-10-09 19:25,atp,ATP Challenger,"Palermo, Italy",Clay,3,Enrico Dalla Valle,Francesco Passaro,p2_games,over,12.5,0.4955,2.02,,,,,0,94,1904466
2026-10-09 19:25,atp,ATP Challenger,"Palermo, Italy",Clay,3,Enrico Dalla Valle,Francesco Passaro,p2_games,under,12.5,0.5045,1.98,,,,,0,94,1904466
2026-10-09 19:25,atp,ATP Challenger,"Palermo, Italy",Clay,3,Enrico Dalla Valle,Francesco Passaro,game_handicap,player_a,2.5,0.4889,2.05,,,,,0,94,1904466
2026-10-09 19:25,atp,ATP Challenger,"Palermo, Italy",Clay,3,Enrico Dalla Valle,Francesco Passaro,game_handicap,player_b,-2.5,0.5111,1.96,,,,,0,94,1904466
2026-10-10 04:00,atp,ATP 1000,Shanghai Rolex Masters,Hard,3,Camilo Ugo Carabelli,Felix Auger Aliassime,winner,player_a,,0.1427,7.01,13.0,0.0741,6.9,0.8555,0,100,1904240
2026-10-10 04:00,atp,ATP 1000,Shanghai Rolex Masters,Hard,3,Camilo Ugo Carabelli,Felix Auger Aliassime,winner,player_b,,0.8573,1.17,1.04,0.9259,-6.9,-0.1084,0,100,1904240
2026-10-10 04:00,atp,ATP 1000,Shanghai Rolex Masters,Hard,3,Camilo Ugo Carabelli,Felix Auger Aliassime,total_games,over,16.5,0.8288,1.21,1.19,0.798,3.1,-0.0137,0,100,1904240
2026-10-10 04:00,atp,ATP 1000,Shanghai Rolex Masters,Hard,3,Camilo Ugo Carabelli,Felix Auger Aliassime,total_games,under,16.5,0.1712,5.84,4.7,0.202,-3.1,-0.1954,0,100,1904240
2026-10-10 04:00,atp,ATP 1000,Shanghai Rolex Masters,Hard,3,Camilo Ugo Carabelli,Felix Auger Aliassime,total_games,over,17.5,0.7256,1.38,1.36,0.6984,2.7,-0.0132,0,100,1904240
2026-10-10 04:00,atp,ATP 1000,Shanghai Rolex Masters,Hard,3,Camilo Ugo Carabelli,Felix Auger Aliassime,total_games,under,17.5,0.2744,3.64,3.15,0.3016,-2.7,-0.1357,0,100,1904240
2026-10-10 04:00,atp,ATP 1000,Shanghai Rolex Masters,Hard,3,Camilo Ugo Carabelli,Felix Auger Aliassime,total_games,over,18.5,0.6255,1.6,1.64,0.5816,4.4,0.0257,0,100,1904240
2026-10-10 04:00,atp,ATP 1000,Shanghai Rolex Masters,Hard,3,Camilo Ugo Carabelli,Felix Auger Aliassime,total_games,under,18.5,0.3745,2.67,2.28,0.4184,-4.4,-0.146,0,100,1904240
2026-10-10 04:00,atp,ATP 1000,Shanghai Rolex Masters,Hard,3,Camilo Ugo Carabelli,Felix Auger Aliassime,total_games,over,19.5,0.5346,1.87,1.94,0.4908,4.4,0.0372,0,100,1904240
2026-10-10 04:00,atp,ATP 1000,Shanghai Rolex Masters,Hard,3,Camilo Ugo Carabelli,Felix Auger Aliassime,total_games,under,19.5,0.4654,2.15,1.87,0.5092,-4.4,-0.1298,0,100,1904240
2026-10-10 04:00,atp,ATP 1000,Shanghai Rolex Masters,Hard,3,Camilo Ugo Carabelli,Felix Auger Aliassime,total_games,over,20.5,0.4552,2.2,2.41,0.396,5.9,0.0969,0,100,1904240
2026-10-10 04:00,atp,ATP 1000,Shanghai Rolex Masters,Hard,3,Camilo Ugo Carabelli,Felix Auger Aliassime,total_games,under,20.5,0.5448,1.84,1.58,0.604,-5.9,-0.1392,0,100,1904240
2026-10-10 04:00,atp,ATP 1000,Shanghai Rolex Masters,Hard,3,Camilo Ugo Carabelli,Felix Auger Aliassime,total_games,over,21.5,0.4022,2.49,2.8,0.3396,6.3,0.1262,0,100,1904240
2026-10-10 04:00,atp,ATP 1000,Shanghai Rolex Masters,Hard,3,Camilo Ugo Carabelli,Felix Auger Aliassime,total_games,under,21.5,0.5978,1.67,1.44,0.6604,-6.3,-0.1392,0,100,1904240
2026-10-10 04:00,atp,ATP 1000,Shanghai Rolex Masters,Hard,3,Camilo Ugo Carabelli,Felix Auger Aliassime,total_games,over,22.5,0.3364,2.97,3.55,0.268,6.8,0.1942,0,100,1904240
2026-10-10 04:00,atp,ATP 1000,Shanghai Rolex Masters,Hard,3,Camilo Ugo Carabelli,Felix Auger Aliassime,total_games,under,22.5,0.6636,1.51,1.3,0.732,-6.8,-0.1373,0,100,1904240
2026-10-10 04:00,atp,ATP 1000,Shanghai Rolex Masters,Hard,3,Camilo Ugo Carabelli,Felix Auger Aliassime,p1_games,over,5.5,0.7307,1.37,1.39,0.6722,5.9,0.0157,0,100,1904240
2026-10-10 04:00,atp,ATP 1000,Shanghai Rolex Masters,Hard,3,Camilo Ugo Carabelli,Felix Auger Aliassime,p1_games,under,5.5,0.2693,3.71,2.85,0.3278,-5.9,-0.2326,0,100,1904240
2026-10-10 04:00,atp,ATP 1000,Shanghai Rolex Masters,Hard,3,Camilo Ugo Carabelli,Felix Auger Aliassime,p1_games,over,6.5,0.625,1.6,1.72,0.5426,8.2,0.0751,0,100,1904240
2026-10-10 04:00,atp,ATP 1000,Shanghai Rolex Masters,Hard,3,Camilo Ugo Carabelli,Felix Auger Aliassime,p1_games,under,6.5,0.375,2.67,2.04,0.4574,-8.2,-0.2351,0,100,1904240
2026-10-10 04:00,atp,ATP 1000,Shanghai Rolex Masters,Hard,3,Camilo Ugo Carabelli,Felix Auger Aliassime,p1_games,over,7.5,0.5254,1.9,2.15,0.4342,9.1,0.1297,0,100,1904240
2026-10-10 04:00,atp,ATP 1000,Shanghai Rolex Masters,Hard,3,Camilo Ugo Carabelli,Felix Auger Aliassime,p1_games,under,7.5,0.4746,2.11,1.65,0.5658,-9.1,-0.217,0,100,1904240
2026-10-10 04:00,atp,ATP 1000,Shanghai Rolex Masters,Hard,3,Camilo Ugo Carabelli,Felix Auger Aliassime,p2_games,over,11.5,0.9294,1.08,1.01,0.9279,0.1,-0.0613,0,100,1904240
2026-10-10 04:00,atp,ATP 1000,Shanghai Rolex Masters,Hard,3,Camilo Ugo Carabelli,Felix Auger Aliassime,p2_games,under,11.5,0.0706,14.16,13.0,0.0721,-0.1,-0.0818,0,100,1904240
2026-10-10 04:00,atp,ATP 1000,Shanghai Rolex Masters,Hard,3,Camilo Ugo Carabelli,Felix Auger Aliassime,p2_games,over,12.5,0.4569,2.19,2.17,0.4304,2.6,-0.0085,0,100,1904240
2026-10-10 04:00,atp,ATP 1000,Shanghai Rolex Masters,Hard,3,Camilo Ugo Carabelli,Felix Auger Aliassime,p2_games,under,12.5,0.5431,1.84,1.64,0.5696,-2.6,-0.1093,0,100,1904240
2026-10-10 04:00,atp,ATP 1000,Shanghai Rolex Masters,Hard,3,Camilo Ugo Carabelli,Felix Auger Aliassime,p2_games,over,13.5,0.2581,3.87,4.4,0.2129,4.5,0.1355,0,100,1904240
2026-10-10 04:00,atp,ATP 1000,Shanghai Rolex Masters,Hard,3,Camilo Ugo Carabelli,Felix Auger Aliassime,p2_games,under,13.5,0.7419,1.35,1.19,0.7871,-4.5,-0.1171,0,100,1904240
2026-10-10 04:00,atp,ATP 1000,Shanghai Rolex Masters,Hard,3,Camilo Ugo Carabelli,Felix Auger Aliassime,game_handicap,player_a,4.5,0.4209,2.38,,,,,0,100,1904240
2026-10-10 04:00,atp,ATP 1000,Shanghai Rolex Masters,Hard,3,Camilo Ugo Carabelli,Felix Auger Aliassime,game_handicap,player_b,-4.5,0.5791,1.73,,,,,0,100,1904240
2026-10-10 04:00,atp,ATP 1000,Shanghai Rolex Masters,Hard,3,Daniil Medvedev,Jan-Lennard Struff,winner,player_a,,0.8356,1.2,1.15,0.8345,0.1,-0.0391,0,100,1904346
2026-10-10 04:00,atp,ATP 1000,Shanghai Rolex Masters,Hard,3,Daniil Medvedev,Jan-Lennard Struff,winner,player_b,,0.1644,6.08,5.8,0.1655,-0.1,-0.0462,0,100,1904346
2026-10-10 04:00,atp,ATP 1000,Shanghai Rolex Masters,Hard,3,Daniil Medvedev,Jan-Lennard Struff,total_games,over,18.5,0.6409,1.56,1.32,0.7233,-8.2,-0.154,0,100,1904346
2026-10-10 04:00,atp,ATP 1000,Shanghai Rolex Masters,Hard,3,Daniil Medvedev,Jan-Lennard Struff,total_games,under,18.5,0.3591,2.79,3.45,0.2767,8.2,0.2388,0,100,1904346
2026-10-10 04:00,atp,ATP 1000,Shanghai Rolex Masters,Hard,3,Daniil Medvedev,Jan-Lennard Struff,total_games,over,19.5,0.5517,1.81,1.49,0.6401,-8.8,-0.178,0,100,1904346
2026-10-10 04:00,atp,ATP 1000,Shanghai Rolex Masters,Hard,3,Daniil Medvedev,Jan-Lennard Struff,total_games,under,19.5,0.4483,2.23,2.65,0.3599,8.8,0.1881,0,100,1904346
2026-10-10 04:00,atp,ATP 1000,Shanghai Rolex Masters,Hard,3,Daniil Medvedev,Jan-Lennard Struff,total_games,over,20.5,0.4731,2.11,1.73,0.5506,-7.8,-0.1815,0,100,1904346
2026-10-10 04:00,atp,ATP 1000,Shanghai Rolex Masters,Hard,3,Daniil Medvedev,Jan-Lennard Struff,total_games,under,20.5,0.5269,1.9,2.12,0.4494,7.8,0.1169,0,100,1904346
2026-10-10 04:00,atp,ATP 1000,Shanghai Rolex Masters,Hard,3,Daniil Medvedev,Jan-Lennard Struff,total_games,over,21.5,0.4203,2.38,1.93,0.4934,-7.3,-0.1888,0,100,1904346
2026-10-10 04:00,atp,ATP 1000,Shanghai Rolex Masters,Hard,3,Daniil Medvedev,Jan-Lennard Struff,total_games,under,21.5,0.5797,1.73,1.88,0.5066,7.3,0.0898,0,100,1904346
2026-10-10 04:00,atp,ATP 1000,Shanghai Rolex Masters,Hard,3,Daniil Medvedev,Jan-Lennard Struff,total_games,over,22.5,0.3544,2.82,2.31,0.4122,-5.8,-0.1813,0,100,1904346
2026-10-10 04:00,atp,ATP 1000,Shanghai Rolex Masters,Hard,3,Daniil Medvedev,Jan-Lennard Struff,total_games,under,22.5,0.6456,1.55,1.62,0.5878,5.8,0.0459,0,100,1904346
2026-10-10 04:00,atp,ATP 1000,Shanghai Rolex Masters,Hard,3,Daniil Medvedev,Jan-Lennard Struff,total_games,over,23.5,0.3106,3.22,2.7,0.3541,-4.4,-0.1615,0,100,1904346
2026-10-10 04:00,atp,ATP 1000,Shanghai Rolex Masters,Hard,3,Daniil Medvedev,Jan-Lennard Struff,total_games,under,23.5,0.6894,1.45,1.48,0.6459,4.4,0.0204,0,100,1904346
2026-10-10 04:00,atp,ATP 1000,Shanghai Rolex Masters,Hard,3,Daniil Medvedev,Jan-Lennard Struff,total_games,over,24.5,0.2993,3.34,2.75,0.3468,-4.7,-0.1768,0,100,1904346
2026-10-10 04:00,atp,ATP 1000,Shanghai Rolex Masters,Hard,3,Daniil Medvedev,Jan-Lennard Struff,total_games,under,24.5,0.7007,1.43,1.46,0.6532,4.7,0.023,0,100,1904346
2026-10-10 04:00,atp,ATP 1000,Shanghai Rolex Masters,Hard,3,Daniil Medvedev,Jan-Lennard Struff,p1_games,over,11.5,0.9159,1.09,1.05,0.8912,2.5,-0.0383,0,100,1904346
2026-10-10 04:00,atp,ATP 1000,Shanghai Rolex Masters,Hard,3,Daniil Medvedev,Jan-Lennard Struff,p1_games,under,11.5,0.0841,11.89,8.6,0.1088,-2.5,-0.2765,0,100,1904346
2026-10-10 04:00,atp,ATP 1000,Shanghai Rolex Masters,Hard,3,Daniil Medvedev,Jan-Lennard Struff,p1_games,over,12.5,0.466,2.15,1.71,0.5452,-7.9,-0.2032,0,100,1904346
2026-10-10 04:00,atp,ATP 1000,Shanghai Rolex Masters,Hard,3,Daniil Medvedev,Jan-Lennard Struff,p1_games,under,12.5,0.534,1.87,2.05,0.4548,7.9,0.0948,0,100,1904346
2026-10-10 04:00,atp,ATP 1000,Shanghai Rolex Masters,Hard,3,Daniil Medvedev,Jan-Lennard Struff,p1_games,over,13.5,0.2699,3.71,2.9,0.3224,-5.3,-0.2174,0,100,1904346
2026-10-10 04:00,atp,ATP 1000,Shanghai Rolex Masters,Hard,3,Daniil Medvedev,Jan-Lennard Struff,p1_games,under,13.5,0.7301,1.37,1.38,0.6776,5.3,0.0076,0,100,1904346
2026-10-10 04:00,atp,ATP 1000,Shanghai Rolex Masters,Hard,3,Daniil Medvedev,Jan-Lennard Struff,p2_games,over,7.5,0.5492,1.82,1.49,0.6266,-7.7,-0.1817,0,100,1904346
2026-10-10 04:00,atp,ATP 1000,Shanghai Rolex Masters,Hard,3,Daniil Medvedev,Jan-Lennard Struff,p2_games,under,7.5,0.4508,2.22,2.5,0.3734,7.7,0.127,0,100,1904346
2026-10-10 04:00,atp,ATP 1000,Shanghai Rolex Masters,Hard,3,Daniil Medvedev,Jan-Lennard Struff,p2_games,over,8.5,0.4649,2.15,1.77,0.528,-6.3,-0.1771,0,100,1904346
2026-10-10 04:00,atp,ATP 1000,Shanghai Rolex Masters,Hard,3,Daniil Medvedev,Jan-Lennard Struff,p2_games,under,8.5,0.5351,1.87,1.98,0.472,6.3,0.0594,0,100,1904346
2026-10-10 04:00,atp,ATP 1000,Shanghai Rolex Masters,Hard,3,Daniil Medvedev,Jan-Lennard Struff,p2_games,over,9.5,0.4044,2.47,2.05,0.4562,-5.2,-0.171,0,100,1904346
2026-10-10 04:00,atp,ATP 1000,Shanghai Rolex Masters,Hard,3,Daniil Medvedev,Jan-Lennard Struff,p2_games,under,9.5,0.5956,1.68,1.72,0.5438,5.2,0.0245,0,100,1904346
2026-10-10 04:00,atp,ATP 1000,Shanghai Rolex Masters,Hard,3,Daniil Medvedev,Jan-Lennard Struff,game_handicap,player_a,-4.5,0.5555,1.8,,,,,0,100,1904346
2026-10-10 04:00,atp,ATP 1000,Shanghai Rolex Masters,Hard,3,Daniil Medvedev,Jan-Lennard Struff,game_handicap,player_b,4.5,0.4445,2.25,,,,,0,100,1904346
2026-10-10 04:00,atp,ATP 1000,Shanghai Rolex Masters,Hard,3,Jiri Lehecka,Nuno Borges,winner,player_a,,0.6616,1.51,1.37,0.7002,-3.9,-0.0935,0,100,1904198
2026-10-10 04:00,atp,ATP 1000,Shanghai Rolex Masters,Hard,3,Jiri Lehecka,Nuno Borges,winner,player_b,,0.3384,2.96,3.2,0.2998,3.9,0.0827,0,100,1904198
2026-10-10 04:00,atp,ATP 1000,Shanghai Rolex Masters,Hard,3,Jiri Lehecka,Nuno Borges,total_games,over,19.5,0.7171,1.39,1.38,0.6885,2.9,-0.0105,0,100,1904198
2026-10-10 04:00,atp,ATP 1000,Shanghai Rolex Masters,Hard,3,Jiri Lehecka,Nuno Borges,total_games,under,19.5,0.2829,3.53,3.05,0.3115,-2.9,-0.137,0,100,1904198
2026-10-10 04:00,atp,ATP 1000,Shanghai Rolex Masters,Hard,3,Jiri Lehecka,Nuno Borges,total_games,over,20.5,0.6351,1.57,1.56,0.611,2.4,-0.0093,0,100,1904198
2026-10-10 04:00,atp,ATP 1000,Shanghai Rolex Masters,Hard,3,Jiri Lehecka,Nuno Borges,total_games,under,20.5,0.3649,2.74,2.45,0.389,-2.4,-0.106,0,100,1904198
2026-10-10 04:00,atp,ATP 1000,Shanghai Rolex Masters,Hard,3,Jiri Lehecka,Nuno Borges,total_games,over,21.5,0.581,1.72,1.71,0.557,2.4,-0.0064,0,100,1904198
2026-10-10 04:00,atp,ATP 1000,Shanghai Rolex Masters,Hard,3,Jiri Lehecka,Nuno Borges,total_games,under,21.5,0.419,2.39,2.15,0.443,-2.4,-0.0993,0,100,1904198
2026-10-10 04:00,atp,ATP 1000,Shanghai Rolex Masters,Hard,3,Jiri Lehecka,Nuno Borges,total_games,over,22.5,0.4951,2.02,1.99,0.4791,1.6,-0.0148,0,100,1904198
2026-10-10 04:00,atp,ATP 1000,Shanghai Rolex Masters,Hard,3,Jiri Lehecka,Nuno Borges,total_games,under,22.5,0.5049,1.98,1.83,0.5209,-1.6,-0.076,0,100,1904198
2026-10-10 04:00,atp,ATP 1000,Shanghai Rolex Masters,Hard,3,Jiri Lehecka,Nuno Borges,total_games,over,23.5,0.4292,2.33,2.26,0.422,0.7,-0.0299,0,100,1904198
2026-10-10 04:00,atp,ATP 1000,Shanghai Rolex Masters,Hard,3,Jiri Lehecka,Nuno Borges,total_games,under,23.5,0.5708,1.75,1.65,0.578,-0.7,-0.0583,0,100,1904198
2026-10-10 04:00,atp,ATP 1000,Shanghai Rolex Masters,Hard,3,Jiri Lehecka,Nuno Borges,total_games,over,24.5,0.4201,2.38,2.32,0.4097,1.0,-0.0254,0,100,1904198
2026-10-10 04:00,atp,ATP 1000,Shanghai Rolex Masters,Hard,3,Jiri Lehecka,Nuno Borges,total_games,under,24.5,0.5799,1.72,1.61,0.5903,-1.0,-0.0664,0,100,1904198
2026-10-10 04:00,atp,ATP 1000,Shanghai Rolex Masters,Hard,3,Jiri Lehecka,Nuno Borges,total_games,over,25.5,0.3885,2.57,2.55,0.375,1.3,-0.0093,0,100,1904198
2026-10-10 04:00,atp,ATP 1000,Shanghai Rolex Masters,Hard,3,Jiri Lehecka,Nuno Borges,total_games,under,25.5,0.6115,1.64,1.53,0.625,-1.3,-0.0644,0,100,1904198
2026-10-10 04:00,atp,ATP 1000,Shanghai Rolex Masters,Hard,3,Jiri Lehecka,Nuno Borges,p1_games,over,11.5,0.813,1.23,1.14,0.8202,-0.7,-0.0731,0,100,1904198
2026-10-10 04:00,atp,ATP 1000,Shanghai Rolex Masters,Hard,3,Jiri Lehecka,Nuno Borges,p1_games,under,11.5,0.187,5.35,5.2,0.1798,0.7,-0.0278,0,100,1904198
2026-10-10 04:00,atp,ATP 1000,Shanghai Rolex Masters,Hard,3,Jiri Lehecka,Nuno Borges,p1_games,over,12.5,0.5454,1.83,1.63,0.5744,-2.9,-0.1109,0,100,1904198
2026-10-10 04:00,atp,ATP 1000,Shanghai Rolex Masters,Hard,3,Jiri Lehecka,Nuno Borges,p1_games,under,12.5,0.4546,2.2,2.2,0.4256,2.9,0.0001,0,100,1904198
2026-10-10 04:00,atp,ATP 1000,Shanghai Rolex Masters,Hard,3,Jiri Lehecka,Nuno Borges,p1_games,over,13.5,0.3531,2.83,2.49,0.3759,-2.3,-0.1207,0,100,1904198
2026-10-10 04:00,atp,ATP 1000,Shanghai Rolex Masters,Hard,3,Jiri Lehecka,Nuno Borges,p1_games,under,13.5,0.6469,1.55,1.5,0.6241,2.3,-0.0297,0,100,1904198
2026-10-10 04:00,atp,ATP 1000,Shanghai Rolex Masters,Hard,3,Jiri Lehecka,Nuno Borges,p2_games,over,10.5,0.5777,1.73,1.71,0.5464,3.1,-0.0121,0,100,1904198
2026-10-10 04:00,atp,ATP 1000,Shanghai Rolex Masters,Hard,3,Jiri Lehecka,Nuno Borges,p2_games,under,10.5,0.4223,2.37,2.06,0.4536,-3.1,-0.1302,0,100,1904198
2026-10-10 04:00,atp,ATP 1000,Shanghai Rolex Masters,Hard,3,Jiri Lehecka,Nuno Borges,p2_games,over,11.5,0.5453,1.83,1.83,0.5107,3.5,-0.0021,0,100,1904198
2026-10-10 04:00,atp,ATP 1000,Shanghai Rolex Masters,Hard,3,Jiri Lehecka,Nuno Borges,p2_games,under,11.5,0.4547,2.2,1.91,0.4893,-3.5,-0.1315,0,100,1904198
2026-10-10 04:00,atp,ATP 1000,Shanghai Rolex Masters,Hard,3,Jiri Lehecka,Nuno Borges,p2_games,over,12.5,0.4222,2.37,2.28,0.4093,1.3,-0.0374,0,100,1904198
2026-10-10 04:00,atp,ATP 1000,Shanghai Rolex Masters,Hard,3,Jiri Lehecka,Nuno Borges,p2_games,under,12.5,0.5778,1.73,1.58,0.5907,-1.3,-0.0871,0,100,1904198
2026-10-10 04:00,atp,ATP 1000,Shanghai Rolex Masters,Hard,3,Jiri Lehecka,Nuno Borges,game_handicap,player_a,-2.5,0.5448,1.84,,,,,0,100,1904198
2026-10-10 04:00,atp,ATP 1000,Shanghai Rolex Masters,Hard,3,Jiri Lehecka,Nuno Borges,game_handicap,player_b,2.5,0.4552,2.2,,,,,0,100,1904198
2026-10-10 04:00,atp,ATP 1000,Shanghai Rolex Masters,Hard,3,Thiago Agustin Tirante,Rafael Jodar,winner,player_a,,0.2884,3.47,3.05,0.3161,-2.8,-0.1204,0,100,1904245
2026-10-10 04:00,atp,ATP 1000,Shanghai Rolex Masters,Hard,3,Thiago Agustin Tirante,Rafael Jodar,winner,player_b,,0.7116,1.41,1.41,0.6839,2.8,0.0034,0,100,1904245
2026-10-10 04:00,atp,ATP 1000,Shanghai Rolex Masters,Hard,3,Thiago Agustin Tirante,Rafael Jodar,total_games,over,19.5,0.6621,1.51,1.41,0.6766,-1.5,-0.0665,0,100,1904245
2026-10-10 04:00,atp,ATP 1000,Shanghai Rolex Masters,Hard,3,Thiago Agustin Tirante,Rafael Jodar,total_games,under,19.5,0.3379,2.96,2.95,0.3234,1.5,-0.0031,0,100,1904245
2026-10-10 04:00,atp,ATP 1000,Shanghai Rolex Masters,Hard,3,Thiago Agustin Tirante,Rafael Jodar,total_games,over,20.5,0.5818,1.72,1.57,0.6075,-2.6,-0.0865,0,100,1904245
2026-10-10 04:00,atp,ATP 1000,Shanghai Rolex Masters,Hard,3,Thiago Agustin Tirante,Rafael Jodar,total_games,under,20.5,0.4182,2.39,2.43,0.3925,2.6,0.0162,0,100,1904245
2026-10-10 04:00,atp,ATP 1000,Shanghai Rolex Masters,Hard,3,Thiago Agustin Tirante,Rafael Jodar,total_games,over,21.5,0.5277,1.9,1.73,0.5506,-2.3,-0.0871,0,100,1904245
2026-10-10 04:00,atp,ATP 1000,Shanghai Rolex Masters,Hard,3,Thiago Agustin Tirante,Rafael Jodar,total_games,under,21.5,0.4723,2.12,2.12,0.4494,2.3,0.0014,0,100,1904245
2026-10-10 04:00,atp,ATP 1000,Shanghai Rolex Masters,Hard,3,Thiago Agustin Tirante,Rafael Jodar,total_games,over,22.5,0.4511,2.22,1.99,0.4777,-2.7,-0.1023,0,100,1904245
2026-10-10 04:00,atp,ATP 1000,Shanghai Rolex Masters,Hard,3,Thiago Agustin Tirante,Rafael Jodar,total_games,under,22.5,0.5489,1.82,1.82,0.5223,2.7,-0.001,0,100,1904245
2026-10-10 04:00,atp,ATP 1000,Shanghai Rolex Masters,Hard,3,Thiago Agustin Tirante,Rafael Jodar,total_games,over,23.5,0.3962,2.52,2.25,0.4231,-2.7,-0.1085,0,100,1904245
2026-10-10 04:00,atp,ATP 1000,Shanghai Rolex Masters,Hard,3,Thiago Agustin Tirante,Rafael Jodar,total_games,under,23.5,0.6038,1.66,1.65,0.5769,2.7,-0.0038,0,100,1904245
2026-10-10 04:00,atp,ATP 1000,Shanghai Rolex Masters,Hard,3,Thiago Agustin Tirante,Rafael Jodar,total_games,over,24.5,0.385,2.6,2.32,0.4097,-2.5,-0.1069,0,100,1904245
2026-10-10 04:00,atp,ATP 1000,Shanghai Rolex Masters,Hard,3,Thiago Agustin Tirante,Rafael Jodar,total_games,under,24.5,0.615,1.63,1.61,0.5903,2.5,-0.0098,0,100,1904245
2026-10-10 04:00,atp,ATP 1000,Shanghai Rolex Masters,Hard,3,Thiago Agustin Tirante,Rafael Jodar,total_games,over,25.5,0.3535,2.83,2.55,0.3735,-2.0,-0.0985,0,100,1904245
2026-10-10 04:00,atp,ATP 1000,Shanghai Rolex Masters,Hard,3,Thiago Agustin Tirante,Rafael Jodar,total_games,under,25.5,0.6465,1.55,1.52,0.6265,2.0,-0.0174,0,100,1904245
2026-10-10 04:00,atp,ATP 1000,Shanghai Rolex Masters,Hard,3,Thiago Agustin Tirante,Rafael Jodar,p1_games,over,10.5,0.514,1.95,1.74,0.536,-2.2,-0.1057,0,100,1904245
2026-10-10 04:00,atp,ATP 1000,Shanghai Rolex Masters,Hard,3,Thiago Agustin Tirante,Rafael Jodar,p1_games,under,10.5,0.486,2.06,2.01,0.464,2.2,-0.023,0,100,1904245
2026-10-10 04:00,atp,ATP 1000,Shanghai Rolex Masters,Hard,3,Thiago Agustin Tirante,Rafael Jodar,p1_games,over,11.5,0.4788,2.09,1.88,0.4973,-1.9,-0.0999,0,100,1904245
2026-10-10 04:00,atp,ATP 1000,Shanghai Rolex Masters,Hard,3,Thiago Agustin Tirante,Rafael Jodar,p1_games,under,11.5,0.5212,1.92,1.86,0.5027,1.9,-0.0305,0,100,1904245
2026-10-10 04:00,atp,ATP 1000,Shanghai Rolex Masters,Hard,3,Thiago Agustin Tirante,Rafael Jodar,p1_games,over,12.5,0.3665,2.73,2.46,0.3804,-1.4,-0.0984,0,100,1904245
2026-10-10 04:00,atp,ATP 1000,Shanghai Rolex Masters,Hard,3,Thiago Agustin Tirante,Rafael Jodar,p1_games,under,12.5,0.6335,1.58,1.51,0.6196,1.4,-0.0434,0,100,1904245
2026-10-10 04:00,atp,ATP 1000,Shanghai Rolex Masters,Hard,3,Thiago Agustin Tirante,Rafael Jodar,p2_games,over,11.5,0.8397,1.19,1.17,0.7972,4.2,-0.0176,0,100,1904245
2026-10-10 04:00,atp,ATP 1000,Shanghai Rolex Masters,Hard,3,Thiago Agustin Tirante,Rafael Jodar,p2_games,under,11.5,0.1603,6.24,4.6,0.2028,-4.2,-0.2625,0,100,1904245
2026-10-10 04:00,atp,ATP 1000,Shanghai Rolex Masters,Hard,3,Thiago Agustin Tirante,Rafael Jodar,p2_games,over,12.5,0.5186,1.93,1.78,0.5253,-0.7,-0.0769,0,100,1904245
2026-10-10 04:00,atp,ATP 1000,Shanghai Rolex Masters,Hard,3,Thiago Agustin Tirante,Rafael Jodar,p2_games,under,12.5,0.4814,2.08,1.97,0.4747,0.7,-0.0517,0,100,1904245
2026-10-10 04:00,atp,ATP 1000,Shanghai Rolex Masters,Hard,3,Thiago Agustin Tirante,Rafael Jodar,p2_games,over,13.5,0.327,3.06,2.7,0.3462,-1.9,-0.117,0,100,1904245
2026-10-10 04:00,atp,ATP 1000,Shanghai Rolex Masters,Hard,3,Thiago Agustin Tirante,Rafael Jodar,p2_games,under,13.5,0.673,1.49,1.43,0.6538,1.9,-0.0377,0,100,1904245
2026-10-10 04:00,atp,ATP 1000,Shanghai Rolex Masters,Hard,3,Thiago Agustin Tirante,Rafael Jodar,game_handicap,player_a,3.5,0.4799,2.08,,,,,0,100,1904245
2026-10-10 04:00,atp,ATP 1000,Shanghai Rolex Masters,Hard,3,Thiago Agustin Tirante,Rafael Jodar,game_handicap,player_b,-3.5,0.5201,1.92,,,,,0,100,1904245
2026-10-10 05:30,atp,ATP 1000,Shanghai Rolex Masters,Hard,3,Alejandro Tabilo,Pablo Carreno Busta,winner,player_a,,0.4975,2.01,1.58,0.6079,-11.0,-0.214,0,100,1904271
2026-10-10 05:30,atp,ATP 1000,Shanghai Rolex Masters,Hard,3,Alejandro Tabilo,Pablo Carreno Busta,winner,player_b,,0.5025,1.99,2.45,0.3921,11.0,0.2312,0,100,1904271
2026-10-10 05:30,atp,ATP 1000,Shanghai Rolex Masters,Hard,3,Alejandro Tabilo,Pablo Carreno Busta,total_games,over,19.5,0.7156,1.4,1.33,0.7158,-0.0,-0.0483,0,100,1904271
2026-10-10 05:30,atp,ATP 1000,Shanghai Rolex Masters,Hard,3,Alejandro Tabilo,Pablo Carreno Busta,total_games,under,19.5,0.2844,3.52,3.35,0.2842,0.0,-0.0472,0,100,1904271
2026-10-10 05:30,atp,ATP 1000,Shanghai Rolex Masters,Hard,3,Alejandro Tabilo,Pablo Carreno Busta,total_games,over,20.5,0.6365,1.57,1.49,0.6401,-0.4,-0.0515,0,100,1904271
2026-10-10 05:30,atp,ATP 1000,Shanghai Rolex Masters,Hard,3,Alejandro Tabilo,Pablo Carreno Busta,total_games,under,20.5,0.3635,2.75,2.65,0.3599,0.4,-0.0369,0,100,1904271
2026-10-10 05:30,atp,ATP 1000,Shanghai Rolex Masters,Hard,3,Alejandro Tabilo,Pablo Carreno Busta,total_games,over,21.5,0.583,1.72,1.63,0.5852,-0.2,-0.0496,0,100,1904271
2026-10-10 05:30,atp,ATP 1000,Shanghai Rolex Masters,Hard,3,Alejandro Tabilo,Pablo Carreno Busta,total_games,under,21.5,0.417,2.4,2.3,0.4148,0.2,-0.041,0,100,1904271
2026-10-10 05:30,atp,ATP 1000,Shanghai Rolex Masters,Hard,3,Alejandro Tabilo,Pablo Carreno Busta,total_games,over,22.5,0.5029,1.99,1.88,0.5066,-0.4,-0.0546,0,100,1904271
2026-10-10 05:30,atp,ATP 1000,Shanghai Rolex Masters,Hard,3,Alejandro Tabilo,Pablo Carreno Busta,total_games,under,22.5,0.4971,2.01,1.93,0.4934,0.4,-0.0405,0,100,1904271
2026-10-10 05:30,atp,ATP 1000,Shanghai Rolex Masters,Hard,3,Alejandro Tabilo,Pablo Carreno Busta,total_games,over,23.5,0.4434,2.26,2.13,0.4468,-0.3,-0.0555,0,100,1904271
2026-10-10 05:30,atp,ATP 1000,Shanghai Rolex Masters,Hard,3,Alejandro Tabilo,Pablo Carreno Busta,total_games,under,23.5,0.5566,1.8,1.72,0.5532,0.3,-0.0427,0,100,1904271
2026-10-10 05:30,atp,ATP 1000,Shanghai Rolex Masters,Hard,3,Alejandro Tabilo,Pablo Carreno Busta,total_games,over,24.5,0.4319,2.32,2.19,0.4356,-0.4,-0.0541,0,100,1904271
2026-10-10 05:30,atp,ATP 1000,Shanghai Rolex Masters,Hard,3,Alejandro Tabilo,Pablo Carreno Busta,total_games,under,24.5,0.5681,1.76,1.69,0.5644,0.4,-0.0399,0,100,1904271
2026-10-10 05:30,atp,ATP 1000,Shanghai Rolex Masters,Hard,3,Alejandro Tabilo,Pablo Carreno Busta,total_games,over,25.5,0.3983,2.51,2.38,0.4005,-0.2,-0.0521,0,100,1904271
2026-10-10 05:30,atp,ATP 1000,Shanghai Rolex Masters,Hard,3,Alejandro Tabilo,Pablo Carreno Busta,total_games,under,25.5,0.6017,1.66,1.59,0.5995,0.2,-0.0433,0,100,1904271
2026-10-10 05:30,atp,ATP 1000,Shanghai Rolex Masters,Hard,3,Alejandro Tabilo,Pablo Carreno Busta,p1_games,over,11.5,0.6794,1.47,1.25,0.7475,-6.8,-0.1508,0,100,1904271
2026-10-10 05:30,atp,ATP 1000,Shanghai Rolex Masters,Hard,3,Alejandro Tabilo,Pablo Carreno Busta,p1_games,under,11.5,0.3206,3.12,3.7,0.2525,6.8,0.1863,0,100,1904271
2026-10-10 05:30,atp,ATP 1000,Shanghai Rolex Masters,Hard,3,Alejandro Tabilo,Pablo Carreno Busta,p1_games,over,12.5,0.4861,2.06,1.75,0.5333,-4.7,-0.1493,0,100,1904271
2026-10-10 05:30,atp,ATP 1000,Shanghai Rolex Masters,Hard,3,Alejandro Tabilo,Pablo Carreno Busta,p1_games,under,12.5,0.5139,1.95,2.0,0.4667,4.7,0.0278,0,100,1904271
2026-10-10 05:30,atp,ATP 1000,Shanghai Rolex Masters,Hard,3,Alejandro Tabilo,Pablo Carreno Busta,p1_games,over,13.5,0.3318,3.01,2.6,0.3612,-2.9,-0.1374,0,100,1904271
2026-10-10 05:30,atp,ATP 1000,Shanghai Rolex Masters,Hard,3,Alejandro Tabilo,Pablo Carreno Busta,p1_games,under,13.5,0.6682,1.5,1.47,0.6388,2.9,-0.0177,0,100,1904271
2026-10-10 05:30,atp,ATP 1000,Shanghai Rolex Masters,Hard,3,Alejandro Tabilo,Pablo Carreno Busta,p2_games,over,11.5,0.6839,1.46,1.59,0.587,9.7,0.0874,0,100,1904271
2026-10-10 05:30,atp,ATP 1000,Shanghai Rolex Masters,Hard,3,Alejandro Tabilo,Pablo Carreno Busta,p2_games,under,11.5,0.3161,3.16,2.26,0.413,-9.7,-0.2856,0,100,1904271
2026-10-10 05:30,atp,ATP 1000,Shanghai Rolex Masters,Hard,3,Alejandro Tabilo,Pablo Carreno Busta,p2_games,over,12.5,0.4882,2.05,2.08,0.4497,3.8,0.0154,0,100,1904271
2026-10-10 05:30,atp,ATP 1000,Shanghai Rolex Masters,Hard,3,Alejandro Tabilo,Pablo Carreno Busta,p2_games,under,12.5,0.5118,1.95,1.7,0.5503,-3.8,-0.1299,0,100,1904271
2026-10-10 05:30,atp,ATP 1000,Shanghai Rolex Masters,Hard,3,Alejandro Tabilo,Pablo Carreno Busta,p2_games,over,13.5,0.3327,3.01,2.95,0.3171,1.6,-0.0184,0,100,1904271
2026-10-10 05:30,atp,ATP 1000,Shanghai Rolex Masters,Hard,3,Alejandro Tabilo,Pablo Carreno Busta,p2_games,under,13.5,0.6673,1.5,1.37,0.6829,-1.6,-0.0859,0,100,1904271
2026-10-10 05:30,atp,ATP 1000,Shanghai Rolex Masters,Hard,3,Alejandro Tabilo,Pablo Carreno Busta,game_handicap,player_a,-0.5,0.4794,2.09,,,,,0,100,1904271
2026-10-10 05:30,atp,ATP 1000,Shanghai Rolex Masters,Hard,3,Alejandro Tabilo,Pablo Carreno Busta,game_handicap,player_b,0.5,0.5206,1.92,,,,,0,100,1904271
2026-10-10 05:30,atp,ATP 1000,Shanghai Rolex Masters,Hard,3,Bu Yunchaokete,Casper Ruud,winner,player_a,,0.3143,3.18,2.19,0.4399,-12.6,-0.3116,0,100,1904357
2026-10-10 05:30,atp,ATP 1000,Shanghai Rolex Masters,Hard,3,Bu Yunchaokete,Casper Ruud,winner,player_b,,0.6857,1.46,1.72,0.5601,12.6,0.1793,0,100,1904357
2026-10-10 05:30,atp,ATP 1000,Shanghai Rolex Masters,Hard,3,Bu Yunchaokete,Casper Ruud,total_games,over,19.5,0.6995,1.43,1.33,0.7188,-1.9,-0.0697,0,100,1904357
2026-10-10 05:30,atp,ATP 1000,Shanghai Rolex Masters,Hard,3,Bu Yunchaokete,Casper Ruud,total_games,under,19.5,0.3005,3.33,3.4,0.2812,1.9,0.0218,0,100,1904357
2026-10-10 05:30,atp,ATP 1000,Shanghai Rolex Masters,Hard,3,Bu Yunchaokete,Casper Ruud,total_games,over,20.5,0.6175,1.62,1.47,0.6475,-3.0,-0.0922,0,100,1904357
2026-10-10 05:30,atp,ATP 1000,Shanghai Rolex Masters,Hard,3,Bu Yunchaokete,Casper Ruud,total_games,under,20.5,0.3825,2.61,2.7,0.3525,3.0,0.0327,0,100,1904357
2026-10-10 05:30,atp,ATP 1000,Shanghai Rolex Masters,Hard,3,Bu Yunchaokete,Casper Ruud,total_games,over,21.5,0.5632,1.78,1.61,0.5914,-2.8,-0.0932,0,100,1904357
2026-10-10 05:30,atp,ATP 1000,Shanghai Rolex Masters,Hard,3,Bu Yunchaokete,Casper Ruud,total_games,under,21.5,0.4368,2.29,2.33,0.4086,2.8,0.0177,0,100,1904357
2026-10-10 05:30,atp,ATP 1000,Shanghai Rolex Masters,Hard,3,Bu Yunchaokete,Casper Ruud,total_games,over,22.5,0.4798,2.08,1.85,0.5144,-3.5,-0.1123,0,100,1904357
2026-10-10 05:30,atp,ATP 1000,Shanghai Rolex Masters,Hard,3,Bu Yunchaokete,Casper Ruud,total_games,under,22.5,0.5202,1.92,1.96,0.4856,3.5,0.0195,0,100,1904357
2026-10-10 05:30,atp,ATP 1000,Shanghai Rolex Masters,Hard,3,Bu Yunchaokete,Casper Ruud,total_games,over,23.5,0.4172,2.4,2.1,0.4531,-3.6,-0.1239,0,100,1904357
2026-10-10 05:30,atp,ATP 1000,Shanghai Rolex Masters,Hard,3,Bu Yunchaokete,Casper Ruud,total_games,under,23.5,0.5828,1.72,1.74,0.5469,3.6,0.0141,0,100,1904357
2026-10-10 05:30,atp,ATP 1000,Shanghai Rolex Masters,Hard,3,Bu Yunchaokete,Casper Ruud,total_games,over,24.5,0.4076,2.45,2.15,0.443,-3.5,-0.1237,0,100,1904357
2026-10-10 05:30,atp,ATP 1000,Shanghai Rolex Masters,Hard,3,Bu Yunchaokete,Casper Ruud,total_games,under,24.5,0.5924,1.69,1.71,0.557,3.5,0.013,0,100,1904357
2026-10-10 05:30,atp,ATP 1000,Shanghai Rolex Masters,Hard,3,Bu Yunchaokete,Casper Ruud,total_games,over,25.5,0.3762,2.66,2.34,0.4076,-3.1,-0.1196,0,100,1904357
2026-10-10 05:30,atp,ATP 1000,Shanghai Rolex Masters,Hard,3,Bu Yunchaokete,Casper Ruud,total_games,under,25.5,0.6238,1.6,1.61,0.5924,3.1,0.0043,0,100,1904357
2026-10-10 05:30,atp,ATP 1000,Shanghai Rolex Masters,Hard,3,Bu Yunchaokete,Casper Ruud,p1_games,over,11.5,0.5177,1.93,1.49,0.6266,-10.9,-0.2287,0,100,1904357
2026-10-10 05:30,atp,ATP 1000,Shanghai Rolex Masters,Hard,3,Bu Yunchaokete,Casper Ruud,p1_games,under,11.5,0.4823,2.07,2.5,0.3734,10.9,0.2058,0,100,1904357
2026-10-10 05:30,atp,ATP 1000,Shanghai Rolex Masters,Hard,3,Bu Yunchaokete,Casper Ruud,p1_games,over,12.5,0.4007,2.5,1.95,0.4786,-7.8,-0.2186,0,100,1904357
2026-10-10 05:30,atp,ATP 1000,Shanghai Rolex Masters,Hard,3,Bu Yunchaokete,Casper Ruud,p1_games,under,12.5,0.5993,1.67,1.79,0.5214,7.8,0.0727,0,100,1904357
2026-10-10 05:30,atp,ATP 1000,Shanghai Rolex Masters,Hard,3,Bu Yunchaokete,Casper Ruud,p1_games,over,13.5,0.2859,3.5,2.8,0.3349,-4.9,-0.1994,0,100,1904357
2026-10-10 05:30,atp,ATP 1000,Shanghai Rolex Masters,Hard,3,Bu Yunchaokete,Casper Ruud,p1_games,under,13.5,0.7141,1.4,1.41,0.6651,4.9,0.0068,0,100,1904357
2026-10-10 05:30,atp,ATP 1000,Shanghai Rolex Masters,Hard,3,Bu Yunchaokete,Casper Ruud,p2_games,over,11.5,0.8271,1.21,1.3,0.7204,10.7,0.0752,0,100,1904357
2026-10-10 05:30,atp,ATP 1000,Shanghai Rolex Masters,Hard,3,Bu Yunchaokete,Casper Ruud,p2_games,under,11.5,0.1729,5.78,3.35,0.2796,-10.7,-0.4207,0,100,1904357
2026-10-10 05:30,atp,ATP 1000,Shanghai Rolex Masters,Hard,3,Bu Yunchaokete,Casper Ruud,p2_games,over,12.5,0.5394,1.85,1.76,0.5307,0.9,-0.0507,0,100,1904357
2026-10-10 05:30,atp,ATP 1000,Shanghai Rolex Masters,Hard,3,Bu Yunchaokete,Casper Ruud,p2_games,under,12.5,0.4606,2.17,1.99,0.4693,-0.9,-0.0833,0,100,1904357
2026-10-10 05:30,atp,ATP 1000,Shanghai Rolex Masters,Hard,3,Bu Yunchaokete,Casper Ruud,p2_games,over,13.5,0.345,2.9,2.55,0.3672,-2.2,-0.1202,0,100,1904357
2026-10-10 05:30,atp,ATP 1000,Shanghai Rolex Masters,Hard,3,Bu Yunchaokete,Casper Ruud,p2_games,under,13.5,0.655,1.53,1.48,0.6328,2.2,-0.0306,0,100,1904357
2026-10-10 05:30,atp,ATP 1000,Shanghai Rolex Masters,Hard,3,Bu Yunchaokete,Casper Ruud,game_handicap,player_a,2.5,0.4273,2.34,,,,,0,100,1904357
2026-10-10 05:30,atp,ATP 1000,Shanghai Rolex Masters,Hard,3,Bu Yunchaokete,Casper Ruud,game_handicap,player_b,-2.5,0.5727,1.75,,,,,0,100,1904357
2026-10-10 05:30,atp,ATP 1000,Shanghai Rolex Masters,Hard,3,Dalibor Svrcina,Tomas Etcheverry,winner,player_a,,0.4236,2.36,2.22,0.4337,-1.0,-0.0597,0,94,1904383
2026-10-10 05:30,atp,ATP 1000,Shanghai Rolex Masters,Hard,3,Dalibor Svrcina,Tomas Etcheverry,winner,player_b,,0.5764,1.73,1.7,0.5663,1.0,-0.0201,0,94,1904383
2026-10-10 05:30,atp,ATP 1000,Shanghai Rolex Masters,Hard,3,Dalibor Svrcina,Tomas Etcheverry,total_games,over,19.5,0.6405,1.56,1.36,0.7018,-6.1,-0.129,0,94,1904383
2026-10-10 05:30,atp,ATP 1000,Shanghai Rolex Masters,Hard,3,Dalibor Svrcina,Tomas Etcheverry,total_games,under,19.5,0.3595,2.78,3.2,0.2982,6.1,0.1505,0,94,1904383
2026-10-10 05:30,atp,ATP 1000,Shanghai Rolex Masters,Hard,3,Dalibor Svrcina,Tomas Etcheverry,total_games,over,20.5,0.569,1.76,1.52,0.6265,-5.8,-0.1351,0,94,1904383
2026-10-10 05:30,atp,ATP 1000,Shanghai Rolex Masters,Hard,3,Dalibor Svrcina,Tomas Etcheverry,total_games,under,20.5,0.431,2.32,2.55,0.3735,5.8,0.099,0,94,1904383
2026-10-10 05:30,atp,ATP 1000,Shanghai Rolex Masters,Hard,3,Dalibor Svrcina,Tomas Etcheverry,total_games,over,21.5,0.5174,1.93,1.66,0.5744,-5.7,-0.1412,0,94,1904383
2026-10-10 05:30,atp,ATP 1000,Shanghai Rolex Masters,Hard,3,Dalibor Svrcina,Tomas Etcheverry,total_games,under,21.5,0.4826,2.07,2.24,0.4256,5.7,0.0811,0,94,1904383
2026-10-10 05:30,atp,ATP 1000,Shanghai Rolex Masters,Hard,3,Dalibor Svrcina,Tomas Etcheverry,total_games,over,22.5,0.4533,2.21,1.91,0.4987,-4.5,-0.1343,0,94,1904383
2026-10-10 05:30,atp,ATP 1000,Shanghai Rolex Masters,Hard,3,Dalibor Svrcina,Tomas Etcheverry,total_games,under,22.5,0.5467,1.83,1.9,0.5013,4.5,0.0388,0,94,1904383
2026-10-10 05:30,atp,ATP 1000,Shanghai Rolex Masters,Hard,3,Dalibor Svrcina,Tomas Etcheverry,total_games,over,23.5,0.4104,2.44,2.15,0.443,-3.3,-0.1177,0,94,1904383
2026-10-10 05:30,atp,ATP 1000,Shanghai Rolex Masters,Hard,3,Dalibor Svrcina,Tomas Etcheverry,total_games,under,23.5,0.5896,1.7,1.71,0.557,3.3,0.0083,0,94,1904383
2026-10-10 05:30,atp,ATP 1000,Shanghai Rolex Masters,Hard,3,Dalibor Svrcina,Tomas Etcheverry,total_games,over,24.5,0.3915,2.55,2.22,0.4293,-3.8,-0.1308,0,94,1904383
2026-10-10 05:30,atp,ATP 1000,Shanghai Rolex Masters,Hard,3,Dalibor Svrcina,Tomas Etcheverry,total_games,under,24.5,0.6085,1.64,1.67,0.5707,3.8,0.0161,0,94,1904383
2026-10-10 05:30,atp,ATP 1000,Shanghai Rolex Masters,Hard,3,Dalibor Svrcina,Tomas Etcheverry,total_games,over,25.5,0.3544,2.82,2.42,0.3935,-3.9,-0.1424,0,94,1904383
2026-10-10 05:30,atp,ATP 1000,Shanghai Rolex Masters,Hard,3,Dalibor Svrcina,Tomas Etcheverry,total_games,under,25.5,0.6456,1.55,1.57,0.6065,3.9,0.0136,0,94,1904383
2026-10-10 05:30,atp,ATP 1000,Shanghai Rolex Masters,Hard,3,Dalibor Svrcina,Tomas Etcheverry,p1_games,over,11.5,0.5883,1.7,1.56,0.6,-1.2,-0.0823,0,94,1904383
2026-10-10 05:30,atp,ATP 1000,Shanghai Rolex Masters,Hard,3,Dalibor Svrcina,Tomas Etcheverry,p1_games,under,11.5,0.4117,2.43,2.34,0.4,1.2,-0.0365,0,94,1904383
2026-10-10 05:30,atp,ATP 1000,Shanghai Rolex Masters,Hard,3,Dalibor Svrcina,Tomas Etcheverry,p1_games,over,12.5,0.4063,2.46,2.14,0.4368,-3.1,-0.1304,0,94,1904383
2026-10-10 05:30,atp,ATP 1000,Shanghai Rolex Masters,Hard,3,Dalibor Svrcina,Tomas Etcheverry,p1_games,under,12.5,0.5937,1.68,1.66,0.5632,3.1,-0.0145,0,94,1904383
2026-10-10 05:30,atp,ATP 1000,Shanghai Rolex Masters,Hard,3,Dalibor Svrcina,Tomas Etcheverry,p1_games,over,13.5,0.2763,3.62,3.05,0.3052,-2.9,-0.1573,0,94,1904383
2026-10-10 05:30,atp,ATP 1000,Shanghai Rolex Masters,Hard,3,Dalibor Svrcina,Tomas Etcheverry,p1_games,under,13.5,0.7237,1.38,1.34,0.6948,2.9,-0.0302,0,94,1904383
2026-10-10 05:30,atp,ATP 1000,Shanghai Rolex Masters,Hard,3,Dalibor Svrcina,Tomas Etcheverry,p2_games,over,11.5,0.7216,1.39,1.32,0.708,1.4,-0.0475,0,94,1904383
2026-10-10 05:30,atp,ATP 1000,Shanghai Rolex Masters,Hard,3,Dalibor Svrcina,Tomas Etcheverry,p2_games,under,11.5,0.2784,3.59,3.2,0.292,-1.4,-0.1092,0,94,1904383
2026-10-10 05:30,atp,ATP 1000,Shanghai Rolex Masters,Hard,3,Dalibor Svrcina,Tomas Etcheverry,p2_games,over,12.5,0.4591,2.18,1.91,0.4893,-3.0,-0.123,0,94,1904383
2026-10-10 05:30,atp,ATP 1000,Shanghai Rolex Masters,Hard,3,Dalibor Svrcina,Tomas Etcheverry,p2_games,under,12.5,0.5409,1.85,1.83,0.5107,3.0,-0.0102,0,94,1904383
2026-10-10 05:30,atp,ATP 1000,Shanghai Rolex Masters,Hard,3,Dalibor Svrcina,Tomas Etcheverry,p2_games,over,13.5,0.3031,3.3,2.8,0.3333,-3.0,-0.1513,0,94,1904383
2026-10-10 05:30,atp,ATP 1000,Shanghai Rolex Masters,Hard,3,Dalibor Svrcina,Tomas Etcheverry,p2_games,under,13.5,0.6969,1.43,1.4,0.6667,3.0,-0.0244,0,94,1904383
2026-10-10 05:30,atp,ATP 1000,Shanghai Rolex Masters,Hard,3,Dalibor Svrcina,Tomas Etcheverry,game_handicap,player_a,1.5,0.4708,2.12,,,,,0,94,1904383
2026-10-10 05:30,atp,ATP 1000,Shanghai Rolex Masters,Hard,3,Dalibor Svrcina,Tomas Etcheverry,game_handicap,player_b,-1.5,0.5292,1.89,,,,,0,94,1904383
2026-10-10 05:30,atp,ATP 1000,Shanghai Rolex Masters,Hard,3,Matteo Arnaldi,Taylor Fritz,winner,player_a,,0.2586,3.87,4.2,0.2294,2.9,0.086,0,100,1904243
2026-10-10 05:30,atp,ATP 1000,Shanghai Rolex Masters,Hard,3,Matteo Arnaldi,Taylor Fritz,winner,player_b,,0.7414,1.35,1.25,0.7706,-2.9,-0.0732,0,100,1904243
2026-10-10 05:30,atp,ATP 1000,Shanghai Rolex Masters,Hard,3,Matteo Arnaldi,Taylor Fritz,total_games,over,18.5,0.7626,1.31,1.25,0.7596,0.3,-0.0468,0,100,1904243
2026-10-10 05:30,atp,ATP 1000,Shanghai Rolex Masters,Hard,3,Matteo Arnaldi,Taylor Fritz,total_games,under,18.5,0.2374,4.21,3.95,0.2404,-0.3,-0.0622,0,100,1904243
2026-10-10 05:30,atp,ATP 1000,Shanghai Rolex Masters,Hard,3,Matteo Arnaldi,Taylor Fritz,total_games,over,19.5,0.6731,1.49,1.41,0.6766,-0.4,-0.051,0,100,1904243
2026-10-10 05:30,atp,ATP 1000,Shanghai Rolex Masters,Hard,3,Matteo Arnaldi,Taylor Fritz,total_games,under,19.5,0.3269,3.06,2.95,0.3234,0.4,-0.0356,0,100,1904243
2026-10-10 05:30,atp,ATP 1000,Shanghai Rolex Masters,Hard,3,Matteo Arnaldi,Taylor Fritz,total_games,over,20.5,0.5899,1.7,1.6,0.5949,-0.5,-0.0562,0,100,1904243
2026-10-10 05:30,atp,ATP 1000,Shanghai Rolex Masters,Hard,3,Matteo Arnaldi,Taylor Fritz,total_games,under,20.5,0.4101,2.44,2.35,0.4051,0.5,-0.0362,0,100,1904243
2026-10-10 05:30,atp,ATP 1000,Shanghai Rolex Masters,Hard,3,Matteo Arnaldi,Taylor Fritz,total_games,over,21.5,0.5349,1.87,1.77,0.5391,-0.4,-0.0532,0,100,1904243
2026-10-10 05:30,atp,ATP 1000,Shanghai Rolex Masters,Hard,3,Matteo Arnaldi,Taylor Fritz,total_games,under,21.5,0.4651,2.15,2.07,0.4609,0.4,-0.0373,0,100,1904243
2026-10-10 05:30,atp,ATP 1000,Shanghai Rolex Masters,Hard,3,Matteo Arnaldi,Taylor Fritz,total_games,over,22.5,0.4526,2.21,2.08,0.4583,-0.6,-0.0586,0,100,1904243
2026-10-10 05:30,atp,ATP 1000,Shanghai Rolex Masters,Hard,3,Matteo Arnaldi,Taylor Fritz,total_games,under,22.5,0.5474,1.83,1.76,0.5417,0.6,-0.0365,0,100,1904243
2026-10-10 05:30,atp,ATP 1000,Shanghai Rolex Masters,Hard,3,Matteo Arnaldi,Taylor Fritz,total_games,over,23.5,0.3916,2.55,2.38,0.4005,-0.9,-0.068,0,100,1904243
2026-10-10 05:30,atp,ATP 1000,Shanghai Rolex Masters,Hard,3,Matteo Arnaldi,Taylor Fritz,total_games,under,23.5,0.6084,1.64,1.59,0.5995,0.9,-0.0327,0,100,1904243
2026-10-10 05:30,atp,ATP 1000,Shanghai Rolex Masters,Hard,3,Matteo Arnaldi,Taylor Fritz,total_games,over,24.5,0.3823,2.62,2.45,0.389,-0.7,-0.0633,0,100,1904243
2026-10-10 05:30,atp,ATP 1000,Shanghai Rolex Masters,Hard,3,Matteo Arnaldi,Taylor Fritz,total_games,under,24.5,0.6177,1.62,1.56,0.611,0.7,-0.0364,0,100,1904243
2026-10-10 05:30,atp,ATP 1000,Shanghai Rolex Masters,Hard,3,Matteo Arnaldi,Taylor Fritz,p1_games,over,9.5,0.5451,1.83,1.73,0.5399,0.5,-0.057,0,100,1904243
2026-10-10 05:30,atp,ATP 1000,Shanghai Rolex Masters,Hard,3,Matteo Arnaldi,Taylor Fritz,p1_games,under,9.5,0.4549,2.2,2.03,0.4601,-0.5,-0.0766,0,100,1904243
2026-10-10 05:30,atp,ATP 1000,Shanghai Rolex Masters,Hard,3,Matteo Arnaldi,Taylor Fritz,p1_games,over,10.5,0.4917,2.03,1.93,0.484,0.8,-0.0511,0,100,1904243
2026-10-10 05:30,atp,ATP 1000,Shanghai Rolex Masters,Hard,3,Matteo Arnaldi,Taylor Fritz,p1_games,under,10.5,0.5083,1.97,1.81,0.516,-0.8,-0.0799,0,100,1904243
2026-10-10 05:30,atp,ATP 1000,Shanghai Rolex Masters,Hard,3,Matteo Arnaldi,Taylor Fritz,p1_games,over,11.5,0.457,2.19,2.1,0.4459,1.1,-0.0404,0,100,1904243
2026-10-10 05:30,atp,ATP 1000,Shanghai Rolex Masters,Hard,3,Matteo Arnaldi,Taylor Fritz,p1_games,under,11.5,0.543,1.84,1.69,0.5541,-1.1,-0.0823,0,100,1904243
2026-10-10 05:30,atp,ATP 1000,Shanghai Rolex Masters,Hard,3,Matteo Arnaldi,Taylor Fritz,p2_games,over,11.5,0.8644,1.16,1.09,0.8545,1.0,-0.0578,0,100,1904243
2026-10-10 05:30,atp,ATP 1000,Shanghai Rolex Masters,Hard,3,Matteo Arnaldi,Taylor Fritz,p2_games,under,11.5,0.1356,7.37,6.4,0.1455,-1.0,-0.1322,0,100,1904243
2026-10-10 05:30,atp,ATP 1000,Shanghai Rolex Masters,Hard,3,Matteo Arnaldi,Taylor Fritz,p2_games,over,12.5,0.5361,1.87,1.65,0.5669,-3.1,-0.1155,0,100,1904243
2026-10-10 05:30,atp,ATP 1000,Shanghai Rolex Masters,Hard,3,Matteo Arnaldi,Taylor Fritz,p2_games,under,12.5,0.4639,2.16,2.16,0.4331,3.1,0.0021,0,100,1904243
2026-10-10 05:30,atp,ATP 1000,Shanghai Rolex Masters,Hard,3,Matteo Arnaldi,Taylor Fritz,p2_games,over,13.5,0.3319,3.01,2.6,0.3596,-2.8,-0.1369,0,100,1904243
2026-10-10 05:30,atp,ATP 1000,Shanghai Rolex Masters,Hard,3,Matteo Arnaldi,Taylor Fritz,p2_games,under,13.5,0.6681,1.5,1.46,0.6404,2.8,-0.0246,0,100,1904243
2026-10-10 05:30,atp,ATP 1000,Shanghai Rolex Masters,Hard,3,Matteo Arnaldi,Taylor Fritz,game_handicap,player_a,3.5,0.4639,2.16,,,,,0,100,1904243
2026-10-10 05:30,atp,ATP 1000,Shanghai Rolex Masters,Hard,3,Matteo Arnaldi,Taylor Fritz,game_handicap,player_b,-3.5,0.5361,1.87,,,,,0,100,1904243
2026-10-10 07:00,atp,ATP 1000,Shanghai Rolex Masters,Hard,3,Arthur Fils,Pavel Kotov,winner,player_a,,0.8768,1.14,1.11,0.8664,1.0,-0.0268,0,100,1904133
2026-10-10 07:00,atp,ATP 1000,Shanghai Rolex Masters,Hard,3,Arthur Fils,Pavel Kotov,winner,player_b,,0.1232,8.11,7.2,0.1336,-1.0,-0.1127,0,100,1904133
2026-10-10 07:00,atp,ATP 1000,Shanghai Rolex Masters,Hard,3,Arthur Fils,Pavel Kotov,total_games,over,17.5,0.7311,1.37,1.33,0.7158,1.5,-0.0276,0,100,1904133
2026-10-10 07:00,atp,ATP 1000,Shanghai Rolex Masters,Hard,3,Arthur Fils,Pavel Kotov,total_games,under,17.5,0.2689,3.72,3.35,0.2842,-1.5,-0.0992,0,100,1904133
2026-10-10 07:00,atp,ATP 1000,Shanghai Rolex Masters,Hard,3,Arthur Fils,Pavel Kotov,total_games,over,18.5,0.6283,1.59,1.49,0.6401,-1.2,-0.0639,0,100,1904133
2026-10-10 07:00,atp,ATP 1000,Shanghai Rolex Masters,Hard,3,Arthur Fils,Pavel Kotov,total_games,under,18.5,0.3717,2.69,2.65,0.3599,1.2,-0.0149,0,100,1904133
2026-10-10 07:00,atp,ATP 1000,Shanghai Rolex Masters,Hard,3,Arthur Fils,Pavel Kotov,total_games,over,19.5,0.5337,1.87,1.79,0.5326,0.1,-0.0446,0,100,1904133
2026-10-10 07:00,atp,ATP 1000,Shanghai Rolex Masters,Hard,3,Arthur Fils,Pavel Kotov,total_games,under,19.5,0.4663,2.14,2.04,0.4674,-0.1,-0.0488,0,100,1904133
2026-10-10 07:00,atp,ATP 1000,Shanghai Rolex Masters,Hard,3,Arthur Fils,Pavel Kotov,total_games,over,20.5,0.4506,2.22,2.03,0.4686,-1.8,-0.0852,0,100,1904133
2026-10-10 07:00,atp,ATP 1000,Shanghai Rolex Masters,Hard,3,Arthur Fils,Pavel Kotov,total_games,under,20.5,0.5494,1.82,1.79,0.5314,1.8,-0.0166,0,100,1904133
2026-10-10 07:00,atp,ATP 1000,Shanghai Rolex Masters,Hard,3,Arthur Fils,Pavel Kotov,total_games,over,21.5,0.3962,2.52,2.33,0.4086,-1.2,-0.0767,0,100,1904133
2026-10-10 07:00,atp,ATP 1000,Shanghai Rolex Masters,Hard,3,Arthur Fils,Pavel Kotov,total_games,under,21.5,0.6038,1.66,1.61,0.5914,1.2,-0.028,0,100,1904133
2026-10-10 07:00,atp,ATP 1000,Shanghai Rolex Masters,Hard,3,Arthur Fils,Pavel Kotov,total_games,over,22.5,0.3265,3.06,2.75,0.3468,-2.0,-0.1021,0,100,1904133
2026-10-10 07:00,atp,ATP 1000,Shanghai Rolex Masters,Hard,3,Arthur Fils,Pavel Kotov,total_games,under,22.5,0.6735,1.48,1.46,0.6532,2.0,-0.0167,0,100,1904133
2026-10-10 07:00,atp,ATP 1000,Shanghai Rolex Masters,Hard,3,Arthur Fils,Pavel Kotov,total_games,over,23.5,0.2796,3.58,3.15,0.3016,-2.2,-0.1193,0,100,1904133
2026-10-10 07:00,atp,ATP 1000,Shanghai Rolex Masters,Hard,3,Arthur Fils,Pavel Kotov,total_games,under,23.5,0.7204,1.39,1.36,0.6984,2.2,-0.0202,0,100,1904133
2026-10-10 07:00,atp,ATP 1000,Shanghai Rolex Masters,Hard,3,Arthur Fils,Pavel Kotov,p1_games,over,11.5,0.9424,1.06,1.03,0.9049,3.7,-0.0293,0,100,1904133
2026-10-10 07:00,atp,ATP 1000,Shanghai Rolex Masters,Hard,3,Arthur Fils,Pavel Kotov,p1_games,under,11.5,0.0576,17.36,9.8,0.0951,-3.7,-0.4354,0,100,1904133
2026-10-10 07:00,atp,ATP 1000,Shanghai Rolex Masters,Hard,3,Arthur Fils,Pavel Kotov,p1_games,over,12.5,0.4592,2.18,1.87,0.5,-4.1,-0.1413,0,100,1904133
2026-10-10 07:00,atp,ATP 1000,Shanghai Rolex Masters,Hard,3,Arthur Fils,Pavel Kotov,p1_games,under,12.5,0.5408,1.85,1.87,0.5,4.1,0.0113,0,100,1904133
2026-10-10 07:00,atp,ATP 1000,Shanghai Rolex Masters,Hard,3,Arthur Fils,Pavel Kotov,p1_games,over,13.5,0.2508,3.99,3.25,0.2873,-3.6,-0.1848,0,100,1904133
2026-10-10 07:00,atp,ATP 1000,Shanghai Rolex Masters,Hard,3,Arthur Fils,Pavel Kotov,p1_games,under,13.5,0.7492,1.33,1.31,0.7127,3.6,-0.0186,0,100,1904133
2026-10-10 07:00,atp,ATP 1000,Shanghai Rolex Masters,Hard,3,Arthur Fils,Pavel Kotov,p2_games,over,6.5,0.6239,1.6,1.46,0.6404,-1.7,-0.0892,0,100,1904133
2026-10-10 07:00,atp,ATP 1000,Shanghai Rolex Masters,Hard,3,Arthur Fils,Pavel Kotov,p2_games,under,6.5,0.3761,2.66,2.6,0.3596,1.7,-0.022,0,100,1904133
2026-10-10 07:00,atp,ATP 1000,Shanghai Rolex Masters,Hard,3,Arthur Fils,Pavel Kotov,p2_games,over,7.5,0.518,1.93,1.77,0.528,-1.0,-0.0832,0,100,1904133
2026-10-10 07:00,atp,ATP 1000,Shanghai Rolex Masters,Hard,3,Arthur Fils,Pavel Kotov,p2_games,under,7.5,0.482,2.07,1.98,0.472,1.0,-0.0456,0,100,1904133
2026-10-10 07:00,atp,ATP 1000,Shanghai Rolex Masters,Hard,3,Arthur Fils,Pavel Kotov,p2_games,over,8.5,0.4242,2.36,2.09,0.4471,-2.3,-0.1135,0,100,1904133
2026-10-10 07:00,atp,ATP 1000,Shanghai Rolex Masters,Hard,3,Arthur Fils,Pavel Kotov,p2_games,under,8.5,0.5758,1.74,1.69,0.5529,2.3,-0.0269,0,100,1904133
2026-10-10 07:00,atp,ATP 1000,Shanghai Rolex Masters,Hard,3,Arthur Fils,Pavel Kotov,game_handicap,player_a,-4.5,0.5854,1.71,,,,,0,100,1904133
2026-10-10 07:00,atp,ATP 1000,Shanghai Rolex Masters,Hard,3,Arthur Fils,Pavel Kotov,game_handicap,player_b,4.5,0.4146,2.41,,,,,0,100,1904133
2026-10-10 07:00,atp,ATP 1000,Shanghai Rolex Masters,Hard,3,Learner Tien,Zachary Svajda,winner,player_a,,0.7561,1.32,1.31,0.7332,2.3,-0.0096,0,100,1904258
2026-10-10 07:00,atp,ATP 1000,Shanghai Rolex Masters,Hard,3,Learner Tien,Zachary Svajda,winner,player_b,,0.2439,4.1,3.6,0.2668,-2.3,-0.1218,0,100,1904258
2026-10-10 07:00,atp,ATP 1000,Shanghai Rolex Masters,Hard,3,Learner Tien,Zachary Svajda,total_games,over,19.5,0.6143,1.63,1.42,0.6713,-5.7,-0.1277,0,100,1904258
2026-10-10 07:00,atp,ATP 1000,Shanghai Rolex Masters,Hard,3,Learner Tien,Zachary Svajda,total_games,under,19.5,0.3857,2.59,2.9,0.3287,5.7,0.1186,0,100,1904258
2026-10-10 07:00,atp,ATP 1000,Shanghai Rolex Masters,Hard,3,Learner Tien,Zachary Svajda,total_games,over,20.5,0.5364,1.86,1.61,0.5924,-5.6,-0.1364,0,100,1904258
2026-10-10 07:00,atp,ATP 1000,Shanghai Rolex Masters,Hard,3,Learner Tien,Zachary Svajda,total_games,under,20.5,0.4636,2.16,2.34,0.4076,5.6,0.0848,0,100,1904258
2026-10-10 07:00,atp,ATP 1000,Shanghai Rolex Masters,Hard,3,Learner Tien,Zachary Svajda,total_games,over,21.5,0.4831,2.07,1.77,0.5391,-5.6,-0.1449,0,100,1904258
2026-10-10 07:00,atp,ATP 1000,Shanghai Rolex Masters,Hard,3,Learner Tien,Zachary Svajda,total_games,under,21.5,0.5169,1.93,2.07,0.4609,5.6,0.07,0,100,1904258
2026-10-10 07:00,atp,ATP 1000,Shanghai Rolex Masters,Hard,3,Learner Tien,Zachary Svajda,total_games,over,22.5,0.4136,2.42,2.06,0.4621,-4.9,-0.1481,0,100,1904258
2026-10-10 07:00,atp,ATP 1000,Shanghai Rolex Masters,Hard,3,Learner Tien,Zachary Svajda,total_games,under,22.5,0.5864,1.71,1.77,0.5379,4.9,0.038,0,100,1904258
2026-10-10 07:00,atp,ATP 1000,Shanghai Rolex Masters,Hard,3,Learner Tien,Zachary Svajda,total_games,over,23.5,0.3659,2.73,2.34,0.4076,-4.2,-0.1437,0,100,1904258
2026-10-10 07:00,atp,ATP 1000,Shanghai Rolex Masters,Hard,3,Learner Tien,Zachary Svajda,total_games,under,23.5,0.6341,1.58,1.61,0.5924,4.2,0.0208,0,100,1904258
2026-10-10 07:00,atp,ATP 1000,Shanghai Rolex Masters,Hard,3,Learner Tien,Zachary Svajda,total_games,over,24.5,0.3532,2.83,2.41,0.3945,-4.1,-0.1488,0,100,1904258
2026-10-10 07:00,atp,ATP 1000,Shanghai Rolex Masters,Hard,3,Learner Tien,Zachary Svajda,total_games,under,24.5,0.6468,1.55,1.57,0.6055,4.1,0.0155,0,100,1904258
2026-10-10 07:00,atp,ATP 1000,Shanghai Rolex Masters,Hard,3,Learner Tien,Zachary Svajda,total_games,over,25.5,0.3223,3.1,2.65,0.3599,-3.8,-0.1459,0,100,1904258
2026-10-10 07:00,atp,ATP 1000,Shanghai Rolex Masters,Hard,3,Learner Tien,Zachary Svajda,total_games,under,25.5,0.6777,1.48,1.49,0.6401,3.8,0.0098,0,100,1904258
2026-10-10 07:00,atp,ATP 1000,Shanghai Rolex Masters,Hard,3,Learner Tien,Zachary Svajda,p1_games,over,11.5,0.8644,1.16,1.13,0.827,3.7,-0.0232,0,100,1904258
2026-10-10 07:00,atp,ATP 1000,Shanghai Rolex Masters,Hard,3,Learner Tien,Zachary Svajda,p1_games,under,11.5,0.1356,7.37,5.4,0.173,-3.7,-0.2677,0,100,1904258
2026-10-10 07:00,atp,ATP 1000,Shanghai Rolex Masters,Hard,3,Learner Tien,Zachary Svajda,p1_games,over,12.5,0.4945,2.02,1.72,0.5438,-4.9,-0.1495,0,100,1904258
2026-10-10 07:00,atp,ATP 1000,Shanghai Rolex Masters,Hard,3,Learner Tien,Zachary Svajda,p1_games,under,12.5,0.5055,1.98,2.05,0.4562,4.9,0.0363,0,100,1904258
2026-10-10 07:00,atp,ATP 1000,Shanghai Rolex Masters,Hard,3,Learner Tien,Zachary Svajda,p1_games,over,13.5,0.3046,3.28,2.65,0.3521,-4.7,-0.1927,0,100,1904258
2026-10-10 07:00,atp,ATP 1000,Shanghai Rolex Masters,Hard,3,Learner Tien,Zachary Svajda,p1_games,under,13.5,0.6954,1.44,1.44,0.6479,4.7,0.0013,0,100,1904258
2026-10-10 07:00,atp,ATP 1000,Shanghai Rolex Masters,Hard,3,Learner Tien,Zachary Svajda,p2_games,over,9.5,0.5037,1.99,1.69,0.5541,-5.0,-0.1487,0,100,1904258
2026-10-10 07:00,atp,ATP 1000,Shanghai Rolex Masters,Hard,3,Learner Tien,Zachary Svajda,p2_games,under,9.5,0.4963,2.01,2.1,0.4459,5.0,0.0422,0,100,1904258
2026-10-10 07:00,atp,ATP 1000,Shanghai Rolex Masters,Hard,3,Learner Tien,Zachary Svajda,p2_games,over,10.5,0.4568,2.19,1.85,0.504,-4.7,-0.155,0,100,1904258
2026-10-10 07:00,atp,ATP 1000,Shanghai Rolex Masters,Hard,3,Learner Tien,Zachary Svajda,p2_games,under,10.5,0.5432,1.84,1.88,0.496,4.7,0.0212,0,100,1904258
2026-10-10 07:00,atp,ATP 1000,Shanghai Rolex Masters,Hard,3,Learner Tien,Zachary Svajda,p2_games,over,11.5,0.4203,2.38,2.0,0.4667,-4.6,-0.1593,0,100,1904258
2026-10-10 07:00,atp,ATP 1000,Shanghai Rolex Masters,Hard,3,Learner Tien,Zachary Svajda,p2_games,under,11.5,0.5797,1.73,1.75,0.5333,4.6,0.0144,0,100,1904258
2026-10-10 07:00,atp,ATP 1000,Shanghai Rolex Masters,Hard,3,Learner Tien,Zachary Svajda,game_handicap,player_a,-3.5,0.5825,1.72,,,,,0,100,1904258
2026-10-10 07:00,atp,ATP 1000,Shanghai Rolex Masters,Hard,3,Learner Tien,Zachary Svajda,game_handicap,player_b,3.5,0.4175,2.4,,,,,0,100,1904258
2026-10-10 08:30,atp,ATP 1000,Shanghai Rolex Masters,Hard,3,Ignacio Buse,Zizou Bergs,winner,player_a,,0.4653,2.15,,,,,0,94,1904359
2026-10-10 08:30,atp,ATP 1000,Shanghai Rolex Masters,Hard,3,Ignacio Buse,Zizou Bergs,winner,player_b,,0.5347,1.87,,,,,0,94,1904359
2026-10-10 08:30,atp,ATP 1000,Shanghai Rolex Masters,Hard,3,Ignacio Buse,Zizou Bergs,total_games,over,22.5,0.482,2.07,,,,,0,94,1904359
2026-10-10 08:30,atp,ATP 1000,Shanghai Rolex Masters,Hard,3,Ignacio Buse,Zizou Bergs,total_games,under,22.5,0.518,1.93,,,,,0,94,1904359
2026-10-10 08:30,atp,ATP 1000,Shanghai Rolex Masters,Hard,3,Ignacio Buse,Zizou Bergs,p1_games,over,12.5,0.4526,2.21,,,,,0,94,1904359
2026-10-10 08:30,atp,ATP 1000,Shanghai Rolex Masters,Hard,3,Ignacio Buse,Zizou Bergs,p1_games,under,12.5,0.5474,1.83,,,,,0,94,1904359
2026-10-10 08:30,atp,ATP 1000,Shanghai Rolex Masters,Hard,3,Ignacio Buse,Zizou Bergs,p2_games,over,12.5,0.477,2.1,,,,,0,94,1904359
2026-10-10 08:30,atp,ATP 1000,Shanghai Rolex Masters,Hard,3,Ignacio Buse,Zizou Bergs,p2_games,under,12.5,0.523,1.91,,,,,0,94,1904359
2026-10-10 08:30,atp,ATP 1000,Shanghai Rolex Masters,Hard,3,Ignacio Buse,Zizou Bergs,game_handicap,player_a,0.5,0.4826,2.07,,,,,0,94,1904359
2026-10-10 08:30,atp,ATP 1000,Shanghai Rolex Masters,Hard,3,Ignacio Buse,Zizou Bergs,game_handicap,player_b,-0.5,0.5174,1.93,,,,,0,94,1904359
2026-10-10 08:30,atp,ATP 1000,Shanghai Rolex Masters,Hard,3,Luciano Darderi,Stefanos Tsitsipas,winner,player_a,,0.3321,3.01,,,,,0,94,1904132
2026-10-10 08:30,atp,ATP 1000,Shanghai Rolex Masters,Hard,3,Luciano Darderi,Stefanos Tsitsipas,winner,player_b,,0.6679,1.5,,,,,0,94,1904132
2026-10-10 08:30,atp,ATP 1000,Shanghai Rolex Masters,Hard,3,Luciano Darderi,Stefanos Tsitsipas,total_games,over,22.5,0.4946,2.02,,,,,0,94,1904132
2026-10-10 08:30,atp,ATP 1000,Shanghai Rolex Masters,Hard,3,Luciano Darderi,Stefanos Tsitsipas,total_games,under,22.5,0.5054,1.98,,,,,0,94,1904132
2026-10-10 08:30,atp,ATP 1000,Shanghai Rolex Masters,Hard,3,Luciano Darderi,Stefanos Tsitsipas,p1_games,over,12.5,0.4195,2.38,,,,,0,94,1904132
2026-10-10 08:30,atp,ATP 1000,Shanghai Rolex Masters,Hard,3,Luciano Darderi,Stefanos Tsitsipas,p1_games,under,12.5,0.5805,1.72,,,,,0,94,1904132
2026-10-10 08:30,atp,ATP 1000,Shanghai Rolex Masters,Hard,3,Luciano Darderi,Stefanos Tsitsipas,p2_games,over,13.5,0.3536,2.83,,,,,0,94,1904132
2026-10-10 08:30,atp,ATP 1000,Shanghai Rolex Masters,Hard,3,Luciano Darderi,Stefanos Tsitsipas,p2_games,under,13.5,0.6464,1.55,,,,,0,94,1904132
2026-10-10 08:30,atp,ATP 1000,Shanghai Rolex Masters,Hard,3,Luciano Darderi,Stefanos Tsitsipas,game_handicap,player_a,2.5,0.4495,2.22,,,,,0,94,1904132
2026-10-10 08:30,atp,ATP 1000,Shanghai Rolex Masters,Hard,3,Luciano Darderi,Stefanos Tsitsipas,game_handicap,player_b,-2.5,0.5505,1.82,,,,,0,94,1904132
2026-10-10 08:30,atp,ATP 1000,Shanghai Rolex Masters,Hard,3,Tommy Paul,Adolfo Vallejo,winner,player_a,,0.7853,1.27,,,,,0,88,1904247
2026-10-10 08:30,atp,ATP 1000,Shanghai Rolex Masters,Hard,3,Tommy Paul,Adolfo Vallejo,winner,player_b,,0.2147,4.66,,,,,0,88,1904247
2026-10-10 08:30,atp,ATP 1000,Shanghai Rolex Masters,Hard,3,Tommy Paul,Adolfo Vallejo,total_games,over,20.5,0.4885,2.05,,,,,0,88,1904247
2026-10-10 08:30,atp,ATP 1000,Shanghai Rolex Masters,Hard,3,Tommy Paul,Adolfo Vallejo,total_games,under,20.5,0.5115,1.95,,,,,0,88,1904247
2026-10-10 08:30,atp,ATP 1000,Shanghai Rolex Masters,Hard,3,Tommy Paul,Adolfo Vallejo,p1_games,over,12.5,0.4623,2.16,,,,,0,88,1904247
2026-10-10 08:30,atp,ATP 1000,Shanghai Rolex Masters,Hard,3,Tommy Paul,Adolfo Vallejo,p1_games,under,12.5,0.5377,1.86,,,,,0,88,1904247
2026-10-10 08:30,atp,ATP 1000,Shanghai Rolex Masters,Hard,3,Tommy Paul,Adolfo Vallejo,p2_games,over,9.5,0.4527,2.21,,,,,0,88,1904247
2026-10-10 08:30,atp,ATP 1000,Shanghai Rolex Masters,Hard,3,Tommy Paul,Adolfo Vallejo,p2_games,under,9.5,0.5473,1.83,,,,,0,88,1904247
2026-10-10 08:30,atp,ATP 1000,Shanghai Rolex Masters,Hard,3,Tommy Paul,Adolfo Vallejo,game_handicap,player_a,-4.5,0.5248,1.91,,,,,0,88,1904247
2026-10-10 08:30,atp,ATP 1000,Shanghai Rolex Masters,Hard,3,Tommy Paul,Adolfo Vallejo,game_handicap,player_b,4.5,0.4752,2.1,,,,,0,88,1904247
2026-10-10 09:00,atp,ATP 1000,Shanghai Rolex Masters,Hard,3,Botic van de Zandschulp,Alex Michelsen,winner,player_a,,0.3792,2.64,,,,,0,94,1904345
2026-10-10 09:00,atp,ATP 1000,Shanghai Rolex Masters,Hard,3,Botic van de Zandschulp,Alex Michelsen,winner,player_b,,0.6208,1.61,,,,,0,94,1904345
2026-10-10 09:00,atp,ATP 1000,Shanghai Rolex Masters,Hard,3,Botic van de Zandschulp,Alex Michelsen,total_games,over,22.5,0.4691,2.13,,,,,0,94,1904345
2026-10-10 09:00,atp,ATP 1000,Shanghai Rolex Masters,Hard,3,Botic van de Zandschulp,Alex Michelsen,total_games,under,22.5,0.5309,1.88,,,,,0,94,1904345
2026-10-10 09:00,atp,ATP 1000,Shanghai Rolex Masters,Hard,3,Botic van de Zandschulp,Alex Michelsen,p1_games,over,12.5,0.4109,2.43,,,,,0,94,1904345
2026-10-10 09:00,atp,ATP 1000,Shanghai Rolex Masters,Hard,3,Botic van de Zandschulp,Alex Michelsen,p1_games,under,12.5,0.5891,1.7,,,,,0,94,1904345
2026-10-10 09:00,atp,ATP 1000,Shanghai Rolex Masters,Hard,3,Botic van de Zandschulp,Alex Michelsen,p2_games,over,12.5,0.4973,2.01,,,,,0,94,1904345
2026-10-10 09:00,atp,ATP 1000,Shanghai Rolex Masters,Hard,3,Botic van de Zandschulp,Alex Michelsen,p2_games,under,12.5,0.5027,1.99,,,,,0,94,1904345
2026-10-10 09:00,atp,ATP 1000,Shanghai Rolex Masters,Hard,3,Botic van de Zandschulp,Alex Michelsen,game_handicap,player_a,2.5,0.4806,2.08,,,,,0,94,1904345
2026-10-10 09:00,atp,ATP 1000,Shanghai Rolex Masters,Hard,3,Botic van de Zandschulp,Alex Michelsen,game_handicap,player_b,-2.5,0.5194,1.93,,,,,0,94,1904345
2026-10-10 10:00,atp,ATP 1000,Shanghai Rolex Masters,Hard,3,Juan Manuel Cerundolo,Carlos Alcaraz,winner,player_a,,0.0571,17.52,,,,,0,94,1904278
2026-10-10 10:00,atp,ATP 1000,Shanghai Rolex Masters,Hard,3,Juan Manuel Cerundolo,Carlos Alcaraz,winner,player_b,,0.9429,1.06,,,,,0,94,1904278
2026-10-10 10:00,atp,ATP 1000,Shanghai Rolex Masters,Hard,3,Juan Manuel Cerundolo,Carlos Alcaraz,total_games,over,18.5,0.4139,2.42,,,,,0,94,1904278
2026-10-10 10:00,atp,ATP 1000,Shanghai Rolex Masters,Hard,3,Juan Manuel Cerundolo,Carlos Alcaraz,total_games,under,18.5,0.5861,1.71,,,,,0,94,1904278
2026-10-10 10:00,atp,ATP 1000,Shanghai Rolex Masters,Hard,3,Juan Manuel Cerundolo,Carlos Alcaraz,p1_games,over,6.5,0.3999,2.5,,,,,0,94,1904278
2026-10-10 10:00,atp,ATP 1000,Shanghai Rolex Masters,Hard,3,Juan Manuel Cerundolo,Carlos Alcaraz,p1_games,under,6.5,0.6001,1.67,,,,,0,94,1904278
2026-10-10 10:00,atp,ATP 1000,Shanghai Rolex Masters,Hard,3,Juan Manuel Cerundolo,Carlos Alcaraz,p2_games,over,12.5,0.3144,3.18,,,,,0,94,1904278
2026-10-10 10:00,atp,ATP 1000,Shanghai Rolex Masters,Hard,3,Juan Manuel Cerundolo,Carlos Alcaraz,p2_games,under,12.5,0.6856,1.46,,,,,0,94,1904278
2026-10-10 10:00,atp,ATP 1000,Shanghai Rolex Masters,Hard,3,Juan Manuel Cerundolo,Carlos Alcaraz,game_handicap,player_a,6.5,0.4747,2.11,,,,,0,94,1904278
2026-10-10 10:00,atp,ATP 1000,Shanghai Rolex Masters,Hard,3,Juan Manuel Cerundolo,Carlos Alcaraz,game_handicap,player_b,-6.5,0.5253,1.9,,,,,0,94,1904278
2026-10-10 11:30,atp,ATP 1000,Shanghai Rolex Masters,Hard,3,Sebastian Baez,Valentin Vacherot,winner,player_a,,0.3732,2.68,,,,,0,94,1904270
2026-10-10 11:30,atp,ATP 1000,Shanghai Rolex Masters,Hard,3,Sebastian Baez,Valentin Vacherot,winner,player_b,,0.6268,1.6,,,,,0,94,1904270
2026-10-10 11:30,atp,ATP 1000,Shanghai Rolex Masters,Hard,3,Sebastian Baez,Valentin Vacherot,total_games,over,22.5,0.4653,2.15,,,,,0,94,1904270
2026-10-10 11:30,atp,ATP 1000,Shanghai Rolex Masters,Hard,3,Sebastian Baez,Valentin Vacherot,total_games,under,22.5,0.5347,1.87,,,,,0,94,1904270
2026-10-10 11:30,atp,ATP 1000,Shanghai Rolex Masters,Hard,3,Sebastian Baez,Valentin Vacherot,p1_games,over,12.5,0.4055,2.47,,,,,0,94,1904270
2026-10-10 11:30,atp,ATP 1000,Shanghai Rolex Masters,Hard,3,Sebastian Baez,Valentin Vacherot,p1_games,under,12.5,0.5945,1.68,,,,,0,94,1904270
2026-10-10 11:30,atp,ATP 1000,Shanghai Rolex Masters,Hard,3,Sebastian Baez,Valentin Vacherot,p2_games,over,12.5,0.4949,2.02,,,,,0,94,1904270
2026-10-10 11:30,atp,ATP 1000,Shanghai Rolex Masters,Hard,3,Sebastian Baez,Valentin Vacherot,p2_games,under,12.5,0.5051,1.98,,,,,0,94,1904270
2026-10-10 11:30,atp,ATP 1000,Shanghai Rolex Masters,Hard,3,Sebastian Baez,Valentin Vacherot,game_handicap,player_a,2.5,0.4744,2.11,,,,,0,94,1904270
2026-10-10 11:30,atp,ATP 1000,Shanghai Rolex Masters,Hard,3,Sebastian Baez,Valentin Vacherot,game_handicap,player_b,-2.5,0.5256,1.9,,,,,0,94,1904270
2026-10-10 07:00,wta,WTA 1000,China Open,Hard,3,Mirra Andreeva,Nikola Bartunkova,winner,player_a,,0.6593,1.52,1.4,0.6889,-3.0,-0.0769,0,100,1904360
2026-10-10 07:00,wta,WTA 1000,China Open,Hard,3,Mirra Andreeva,Nikola Bartunkova,winner,player_b,,0.3407,2.94,3.1,0.3111,3.0,0.056,0,100,1904360
2026-10-10 07:00,wta,WTA 1000,China Open,Hard,3,Mirra Andreeva,Nikola Bartunkova,total_games,over,17.5,0.7088,1.41,1.29,0.7362,-2.7,-0.0856,0,100,1904360
2026-10-10 07:00,wta,WTA 1000,China Open,Hard,3,Mirra Andreeva,Nikola Bartunkova,total_games,under,17.5,0.2912,3.43,3.6,0.2638,2.7,0.0483,0,100,1904360
2026-10-10 07:00,wta,WTA 1000,China Open,Hard,3,Mirra Andreeva,Nikola Bartunkova,total_games,over,18.5,0.6231,1.6,1.46,0.6532,-3.0,-0.0903,0,100,1904360
2026-10-10 07:00,wta,WTA 1000,China Open,Hard,3,Mirra Andreeva,Nikola Bartunkova,total_games,under,18.5,0.3769,2.65,2.75,0.3468,3.0,0.0366,0,100,1904360
2026-10-10 07:00,wta,WTA 1000,China Open,Hard,3,Mirra Andreeva,Nikola Bartunkova,total_games,over,19.5,0.5466,1.83,1.66,0.5733,-2.7,-0.0926,0,100,1904360
2026-10-10 07:00,wta,WTA 1000,China Open,Hard,3,Mirra Andreeva,Nikola Bartunkova,total_games,under,19.5,0.4534,2.21,2.23,0.4267,2.7,0.0111,0,100,1904360
2026-10-10 07:00,wta,WTA 1000,China Open,Hard,3,Mirra Andreeva,Nikola Bartunkova,total_games,over,20.5,0.4814,2.08,1.89,0.5039,-2.3,-0.0901,0,100,1904360
2026-10-10 07:00,wta,WTA 1000,China Open,Hard,3,Mirra Andreeva,Nikola Bartunkova,total_games,under,20.5,0.5186,1.93,1.92,0.4961,2.3,-0.0044,0,100,1904360
2026-10-10 07:00,wta,WTA 1000,China Open,Hard,3,Mirra Andreeva,Nikola Bartunkova,total_games,over,21.5,0.434,2.3,2.1,0.4531,-1.9,-0.0886,0,100,1904360
2026-10-10 07:00,wta,WTA 1000,China Open,Hard,3,Mirra Andreeva,Nikola Bartunkova,total_games,under,21.5,0.566,1.77,1.74,0.5469,1.9,-0.0152,0,100,1904360
2026-10-10 07:00,wta,WTA 1000,China Open,Hard,3,Mirra Andreeva,Nikola Bartunkova,total_games,over,22.5,0.3799,2.63,2.4,0.397,-1.7,-0.0881,0,100,1904360
2026-10-10 07:00,wta,WTA 1000,China Open,Hard,3,Mirra Andreeva,Nikola Bartunkova,total_games,under,22.5,0.6201,1.61,1.58,0.603,1.7,-0.0203,0,100,1904360
2026-10-10 07:00,wta,WTA 1000,China Open,Hard,3,Mirra Andreeva,Nikola Bartunkova,total_games,over,23.5,0.3452,2.9,2.65,0.3599,-1.5,-0.0852,0,100,1904360
2026-10-10 07:00,wta,WTA 1000,China Open,Hard,3,Mirra Andreeva,Nikola Bartunkova,total_games,under,23.5,0.6548,1.53,1.49,0.6401,1.5,-0.0243,0,100,1904360
2026-10-10 07:00,wta,WTA 1000,China Open,Hard,3,Mirra Andreeva,Nikola Bartunkova,p1_games,over,11.5,0.7669,1.3,1.21,0.7721,-0.5,-0.072,0,100,1904360
2026-10-10 07:00,wta,WTA 1000,China Open,Hard,3,Mirra Andreeva,Nikola Bartunkova,p1_games,under,11.5,0.2331,4.29,4.1,0.2279,0.5,-0.0445,0,100,1904360
2026-10-10 07:00,wta,WTA 1000,China Open,Hard,3,Mirra Andreeva,Nikola Bartunkova,p1_games,over,12.5,0.4111,2.43,2.12,0.4406,-3.0,-0.1286,0,100,1904360
2026-10-10 07:00,wta,WTA 1000,China Open,Hard,3,Mirra Andreeva,Nikola Bartunkova,p1_games,under,12.5,0.5889,1.7,1.67,0.5594,3.0,-0.0165,0,100,1904360
2026-10-10 07:00,wta,WTA 1000,China Open,Hard,3,Mirra Andreeva,Nikola Bartunkova,p1_games,over,13.5,0.2607,3.84,3.3,0.2826,-2.2,-0.1397,0,100,1904360
2026-10-10 07:00,wta,WTA 1000,China Open,Hard,3,Mirra Andreeva,Nikola Bartunkova,p1_games,under,13.5,0.7393,1.35,1.3,0.7174,2.2,-0.0389,0,100,1904360
2026-10-10 07:00,wta,WTA 1000,China Open,Hard,3,Mirra Andreeva,Nikola Bartunkova,p2_games,over,9.5,0.5487,1.82,1.8,0.52,2.9,-0.0123,0,100,1904360
2026-10-10 07:00,wta,WTA 1000,China Open,Hard,3,Mirra Andreeva,Nikola Bartunkova,p2_games,under,9.5,0.4513,2.22,1.95,0.48,-2.9,-0.12,0,100,1904360
2026-10-10 07:00,wta,WTA 1000,China Open,Hard,3,Mirra Andreeva,Nikola Bartunkova,p2_games,over,10.5,0.5125,1.95,1.94,0.4813,3.1,-0.0057,0,100,1904360
2026-10-10 07:00,wta,WTA 1000,China Open,Hard,3,Mirra Andreeva,Nikola Bartunkova,p2_games,under,10.5,0.4875,2.05,1.8,0.5187,-3.1,-0.1225,0,100,1904360
2026-10-10 07:00,wta,WTA 1000,China Open,Hard,3,Mirra Andreeva,Nikola Bartunkova,p2_games,over,11.5,0.4798,2.08,2.1,0.4459,3.4,0.0076,0,100,1904360
2026-10-10 07:00,wta,WTA 1000,China Open,Hard,3,Mirra Andreeva,Nikola Bartunkova,p2_games,under,11.5,0.5202,1.92,1.69,0.5541,-3.4,-0.1209,0,100,1904360
2026-10-10 07:00,wta,WTA 1000,China Open,Hard,3,Mirra Andreeva,Nikola Bartunkova,game_handicap,player_a,-3.5,0.529,1.89,,,,,0,100,1904360
2026-10-10 07:00,wta,WTA 1000,China Open,Hard,3,Mirra Andreeva,Nikola Bartunkova,game_handicap,player_b,3.5,0.471,2.12,,,,,0,100,1904360
2026-10-10 11:00,wta,WTA 1000,China Open,Hard,3,Qinwen Zheng,Elise Mertens,winner,player_a,,0.6316,1.58,1.68,0.5714,6.0,0.0611,0,100,1904632
2026-10-10 11:00,wta,WTA 1000,China Open,Hard,3,Qinwen Zheng,Elise Mertens,winner,player_b,,0.3684,2.71,2.24,0.4286,-6.0,-0.1748,0,100,1904632
2026-10-10 11:00,wta,WTA 1000,China Open,Hard,3,Qinwen Zheng,Elise Mertens,total_games,over,21.5,0.4536,2.2,1.66,0.5632,-11.0,-0.247,0,100,1904632
2026-10-10 11:00,wta,WTA 1000,China Open,Hard,3,Qinwen Zheng,Elise Mertens,total_games,under,21.5,0.5464,1.83,2.14,0.4368,11.0,0.1693,0,100,1904632
2026-10-10 11:00,wta,WTA 1000,China Open,Hard,3,Qinwen Zheng,Elise Mertens,total_games,over,22.5,0.3962,2.52,1.92,0.4866,-9.0,-0.2393,0,100,1904632
2026-10-10 11:00,wta,WTA 1000,China Open,Hard,3,Qinwen Zheng,Elise Mertens,total_games,under,22.5,0.6038,1.66,1.82,0.5134,9.0,0.0989,0,100,1904632
2026-10-10 11:00,wta,WTA 1000,China Open,Hard,3,Qinwen Zheng,Elise Mertens,total_games,over,23.5,0.3588,2.79,2.16,0.4331,-7.4,-0.2249,0,100,1904632
2026-10-10 11:00,wta,WTA 1000,China Open,Hard,3,Qinwen Zheng,Elise Mertens,total_games,under,23.5,0.6412,1.56,1.65,0.5669,7.4,0.0579,0,100,1904632
2026-10-10 11:00,wta,WTA 1000,China Open,Hard,3,Qinwen Zheng,Elise Mertens,p1_games,over,11.5,0.7484,1.34,1.32,0.708,4.0,-0.0121,0,100,1904632
2026-10-10 11:00,wta,WTA 1000,China Open,Hard,3,Qinwen Zheng,Elise Mertens,p1_games,under,11.5,0.2516,3.97,3.2,0.292,-4.0,-0.1949,0,100,1904632
2026-10-10 11:00,wta,WTA 1000,China Open,Hard,3,Qinwen Zheng,Elise Mertens,p1_games,over,12.5,0.4209,2.38,1.96,0.4773,-5.6,-0.1751,0,100,1904632
2026-10-10 11:00,wta,WTA 1000,China Open,Hard,3,Qinwen Zheng,Elise Mertens,p1_games,under,12.5,0.5791,1.73,1.79,0.5227,5.6,0.0366,0,100,1904632
2026-10-10 11:00,wta,WTA 1000,China Open,Hard,3,Qinwen Zheng,Elise Mertens,p1_games,over,13.5,0.2695,3.71,2.95,0.3171,-4.8,-0.2049,0,100,1904632
2026-10-10 11:00,wta,WTA 1000,China Open,Hard,3,Qinwen Zheng,Elise Mertens,p1_games,under,13.5,0.7305,1.37,1.37,0.6829,4.8,0.0008,0,100,1904632
2026-10-10 11:00,wta,WTA 1000,China Open,Hard,3,Qinwen Zheng,Elise Mertens,p2_games,over,11.5,0.5145,1.94,1.59,0.587,-7.3,-0.182,0,100,1904632
2026-10-10 11:00,wta,WTA 1000,China Open,Hard,3,Qinwen Zheng,Elise Mertens,p2_games,under,11.5,0.4855,2.06,2.26,0.413,7.3,0.0973,0,100,1904632
2026-10-10 11:00,wta,WTA 1000,China Open,Hard,3,Qinwen Zheng,Elise Mertens,p2_games,over,12.5,0.3422,2.92,2.22,0.4219,-8.0,-0.2403,0,100,1904632
2026-10-10 11:00,wta,WTA 1000,China Open,Hard,3,Qinwen Zheng,Elise Mertens,p2_games,under,12.5,0.6578,1.52,1.62,0.5781,8.0,0.0656,0,100,1904632
2026-10-10 11:00,wta,WTA 1000,China Open,Hard,3,Qinwen Zheng,Elise Mertens,p2_games,over,13.5,0.2297,4.35,3.2,0.292,-6.2,-0.2651,0,100,1904632
2026-10-10 11:00,wta,WTA 1000,China Open,Hard,3,Qinwen Zheng,Elise Mertens,p2_games,under,13.5,0.7703,1.3,1.32,0.708,6.2,0.0169,0,100,1904632
2026-10-10 11:00,wta,WTA 1000,China Open,Hard,3,Qinwen Zheng,Elise Mertens,game_handicap,player_a,-2.5,0.5527,1.81,,,,,0,100,1904632
2026-10-10 11:00,wta,WTA 1000,China Open,Hard,3,Qinwen Zheng,Elise Mertens,game_handicap,player_b,2.5,0.4473,2.24,,,,,0,100,1904632
2026-10-10 03:00,wta,WTA 1000,Wuhan Open: Qualification,Hard,3,Aoi Ito,Alycia Parks,winner,player_a,,0.4186,2.39,2.36,0.407,1.2,-0.0121,0,94,1904598
2026-10-10 03:00,wta,WTA 1000,Wuhan Open: Qualification,Hard,3,Aoi Ito,Alycia Parks,winner,player_b,,0.5814,1.72,1.62,0.593,-1.2,-0.0581,0,94,1904598
2026-10-10 03:00,wta,WTA 1000,Wuhan Open: Qualification,Hard,3,Aoi Ito,Alycia Parks,total_games,over,18.5,0.6427,1.56,1.37,0.6969,-5.4,-0.1195,1,94,1904598
2026-10-10 03:00,wta,WTA 1000,Wuhan Open: Qualification,Hard,3,Aoi Ito,Alycia Parks,total_games,under,18.5,0.3573,2.8,3.15,0.3031,5.4,0.1256,1,94,1904598
2026-10-10 03:00,wta,WTA 1000,Wuhan Open: Qualification,Hard,3,Aoi Ito,Alycia Parks,total_games,over,19.5,0.5663,1.77,1.55,0.6154,-4.9,-0.1223,1,94,1904598
2026-10-10 03:00,wta,WTA 1000,Wuhan Open: Qualification,Hard,3,Aoi Ito,Alycia Parks,total_games,under,19.5,0.4337,2.31,2.48,0.3846,4.9,0.0757,1,94,1904598
2026-10-10 03:00,wta,WTA 1000,Wuhan Open: Qualification,Hard,3,Aoi Ito,Alycia Parks,total_games,over,20.5,0.5008,2.0,1.75,0.5443,-4.3,-0.1235,1,94,1904598
2026-10-10 03:00,wta,WTA 1000,Wuhan Open: Qualification,Hard,3,Aoi Ito,Alycia Parks,total_games,under,20.5,0.4992,2.0,2.09,0.4557,4.3,0.0432,1,94,1904598
2026-10-10 03:00,wta,WTA 1000,Wuhan Open: Qualification,Hard,3,Aoi Ito,Alycia Parks,total_games,over,21.5,0.453,2.21,1.93,0.4934,-4.0,-0.1257,1,94,1904598
2026-10-10 03:00,wta,WTA 1000,Wuhan Open: Qualification,Hard,3,Aoi Ito,Alycia Parks,total_games,under,21.5,0.547,1.83,1.88,0.5066,4.0,0.0283,1,94,1904598
2026-10-10 03:00,wta,WTA 1000,Wuhan Open: Qualification,Hard,3,Aoi Ito,Alycia Parks,total_games,over,22.5,0.398,2.51,2.21,0.4319,-3.4,-0.1205,1,94,1904598
2026-10-10 03:00,wta,WTA 1000,Wuhan Open: Qualification,Hard,3,Aoi Ito,Alycia Parks,total_games,under,22.5,0.602,1.66,1.68,0.5681,3.4,0.0114,1,94,1904598
2026-10-10 03:00,wta,WTA 1000,Wuhan Open: Qualification,Hard,3,Aoi Ito,Alycia Parks,total_games,over,23.5,0.3623,2.76,2.44,0.39,-2.8,-0.1159,1,94,1904598
2026-10-10 03:00,wta,WTA 1000,Wuhan Open: Qualification,Hard,3,Aoi Ito,Alycia Parks,total_games,under,23.5,0.6377,1.57,1.56,0.61,2.8,-0.0052,1,94,1904598
2026-10-10 03:00,wta,WTA 1000,Wuhan Open: Qualification,Hard,3,Aoi Ito,Alycia Parks,total_games,over,24.5,0.3414,2.93,2.6,0.3674,-2.6,-0.1123,1,94,1904598
2026-10-10 03:00,wta,WTA 1000,Wuhan Open: Qualification,Hard,3,Aoi Ito,Alycia Parks,total_games,under,24.5,0.6586,1.52,1.51,0.6326,2.6,-0.0055,1,94,1904598
2026-10-10 03:00,wta,WTA 1000,Wuhan Open: Qualification,Hard,3,Aoi Ito,Alycia Parks,p1_games,over,10.5,0.5887,1.7,1.6,0.5844,0.4,-0.0581,1,94,1904598
2026-10-10 03:00,wta,WTA 1000,Wuhan Open: Qualification,Hard,3,Aoi Ito,Alycia Parks,p1_games,under,10.5,0.4113,2.43,2.25,0.4156,-0.4,-0.0745,1,94,1904598
2026-10-10 03:00,wta,WTA 1000,Wuhan Open: Qualification,Hard,3,Aoi Ito,Alycia Parks,p1_games,over,11.5,0.5579,1.79,1.69,0.5529,0.5,-0.0571,1,94,1904598
2026-10-10 03:00,wta,WTA 1000,Wuhan Open: Qualification,Hard,3,Aoi Ito,Alycia Parks,p1_games,under,11.5,0.4421,2.26,2.09,0.4471,-0.5,-0.076,1,94,1904598
2026-10-10 03:00,wta,WTA 1000,Wuhan Open: Qualification,Hard,3,Aoi Ito,Alycia Parks,p1_games,over,12.5,0.3558,2.81,2.43,0.3848,-2.9,-0.1355,1,94,1904598
2026-10-10 03:00,wta,WTA 1000,Wuhan Open: Qualification,Hard,3,Aoi Ito,Alycia Parks,p1_games,under,12.5,0.6442,1.55,1.52,0.6152,2.9,-0.0208,1,94,1904598
2026-10-10 03:00,wta,WTA 1000,Wuhan Open: Qualification,Hard,3,Aoi Ito,Alycia Parks,p2_games,over,11.5,0.7034,1.42,1.32,0.708,-0.5,-0.0716,1,94,1904598
2026-10-10 03:00,wta,WTA 1000,Wuhan Open: Qualification,Hard,3,Aoi Ito,Alycia Parks,p2_games,under,11.5,0.2966,3.37,3.2,0.292,0.5,-0.0507,1,94,1904598
2026-10-10 03:00,wta,WTA 1000,Wuhan Open: Qualification,Hard,3,Aoi Ito,Alycia Parks,p2_games,over,12.5,0.4043,2.47,2.08,0.4497,-4.5,-0.1591,1,94,1904598
2026-10-10 03:00,wta,WTA 1000,Wuhan Open: Qualification,Hard,3,Aoi Ito,Alycia Parks,p2_games,under,12.5,0.5957,1.68,1.7,0.5503,4.5,0.0127,1,94,1904598
2026-10-10 03:00,wta,WTA 1000,Wuhan Open: Qualification,Hard,3,Aoi Ito,Alycia Parks,p2_games,over,13.5,0.2623,3.81,3.15,0.2969,-3.5,-0.1737,1,94,1904598
2026-10-10 03:00,wta,WTA 1000,Wuhan Open: Qualification,Hard,3,Aoi Ito,Alycia Parks,p2_games,under,13.5,0.7377,1.36,1.33,0.7031,3.5,-0.0189,1,94,1904598
2026-10-10 03:00,wta,WTA 1000,Wuhan Open: Qualification,Hard,3,Aoi Ito,Alycia Parks,game_handicap,player_a,2.5,0.4957,2.02,,,,,1,94,1904598
2026-10-10 03:00,wta,WTA 1000,Wuhan Open: Qualification,Hard,3,Aoi Ito,Alycia Parks,game_handicap,player_b,-2.5,0.5043,1.98,,,,,1,94,1904598
2026-10-10 03:00,wta,WTA 1000,Wuhan Open: Qualification,Hard,3,Daria Kasatkina,Viktorija Golubic,winner,player_a,,0.5065,1.97,1.92,0.5,0.7,-0.0274,0,100,1904597
2026-10-10 03:00,wta,WTA 1000,Wuhan Open: Qualification,Hard,3,Daria Kasatkina,Viktorija Golubic,winner,player_b,,0.4935,2.03,1.92,0.5,-0.7,-0.0526,0,100,1904597
2026-10-10 03:00,wta,WTA 1000,Wuhan Open: Qualification,Hard,3,Daria Kasatkina,Viktorija Golubic,total_games,over,18.5,0.6253,1.6,1.37,0.6935,-6.8,-0.1433,0,100,1904597
2026-10-10 03:00,wta,WTA 1000,Wuhan Open: Qualification,Hard,3,Daria Kasatkina,Viktorija Golubic,total_games,under,18.5,0.3747,2.67,3.1,0.3065,6.8,0.1616,0,100,1904597
2026-10-10 03:00,wta,WTA 1000,Wuhan Open: Qualification,Hard,3,Daria Kasatkina,Viktorija Golubic,total_games,over,19.5,0.5516,1.81,1.55,0.6135,-6.2,-0.145,0,100,1904597
2026-10-10 03:00,wta,WTA 1000,Wuhan Open: Qualification,Hard,3,Daria Kasatkina,Viktorija Golubic,total_games,under,19.5,0.4484,2.23,2.46,0.3865,6.2,0.1031,0,100,1904597
2026-10-10 03:00,wta,WTA 1000,Wuhan Open: Qualification,Hard,3,Daria Kasatkina,Viktorija Golubic,total_games,over,20.5,0.49,2.04,1.75,0.5443,-5.4,-0.1424,0,100,1904597
2026-10-10 03:00,wta,WTA 1000,Wuhan Open: Qualification,Hard,3,Daria Kasatkina,Viktorija Golubic,total_games,under,20.5,0.51,1.96,2.09,0.4557,5.4,0.0658,0,100,1904597
2026-10-10 03:00,wta,WTA 1000,Wuhan Open: Qualification,Hard,3,Daria Kasatkina,Viktorija Golubic,total_games,over,21.5,0.4441,2.25,1.93,0.4934,-4.9,-0.143,0,100,1904597
2026-10-10 03:00,wta,WTA 1000,Wuhan Open: Qualification,Hard,3,Daria Kasatkina,Viktorija Golubic,total_games,under,21.5,0.5559,1.8,1.88,0.5066,4.9,0.0452,0,100,1904597
2026-10-10 03:00,wta,WTA 1000,Wuhan Open: Qualification,Hard,3,Daria Kasatkina,Viktorija Golubic,total_games,over,22.5,0.3922,2.55,2.21,0.4319,-4.0,-0.1332,0,100,1904597
2026-10-10 03:00,wta,WTA 1000,Wuhan Open: Qualification,Hard,3,Daria Kasatkina,Viktorija Golubic,total_games,under,22.5,0.6078,1.65,1.68,0.5681,4.0,0.0211,0,100,1904597
2026-10-10 03:00,wta,WTA 1000,Wuhan Open: Qualification,Hard,3,Daria Kasatkina,Viktorija Golubic,total_games,over,23.5,0.3588,2.79,2.43,0.3925,-3.4,-0.128,0,100,1904597
2026-10-10 03:00,wta,WTA 1000,Wuhan Open: Qualification,Hard,3,Daria Kasatkina,Viktorija Golubic,total_games,under,23.5,0.6412,1.56,1.57,0.6075,3.4,0.0066,0,100,1904597
2026-10-10 03:00,wta,WTA 1000,Wuhan Open: Qualification,Hard,3,Daria Kasatkina,Viktorija Golubic,total_games,over,24.5,0.3349,2.99,2.6,0.3674,-3.2,-0.1292,0,100,1904597
2026-10-10 03:00,wta,WTA 1000,Wuhan Open: Qualification,Hard,3,Daria Kasatkina,Viktorija Golubic,total_games,under,24.5,0.6651,1.5,1.51,0.6326,3.2,0.0043,0,100,1904597
2026-10-10 03:00,wta,WTA 1000,Wuhan Open: Qualification,Hard,3,Daria Kasatkina,Viktorija Golubic,p1_games,over,11.5,0.6312,1.58,1.49,0.6266,0.5,-0.0595,0,100,1904597
2026-10-10 03:00,wta,WTA 1000,Wuhan Open: Qualification,Hard,3,Daria Kasatkina,Viktorija Golubic,p1_games,under,11.5,0.3688,2.71,2.5,0.3734,-0.5,-0.0779,0,100,1904597
2026-10-10 03:00,wta,WTA 1000,Wuhan Open: Qualification,Hard,3,Daria Kasatkina,Viktorija Golubic,p1_games,over,12.5,0.3724,2.69,2.25,0.4156,-4.3,-0.1622,0,100,1904597
2026-10-10 03:00,wta,WTA 1000,Wuhan Open: Qualification,Hard,3,Daria Kasatkina,Viktorija Golubic,p1_games,under,12.5,0.6276,1.59,1.6,0.5844,4.3,0.0042,0,100,1904597
2026-10-10 03:00,wta,WTA 1000,Wuhan Open: Qualification,Hard,3,Daria Kasatkina,Viktorija Golubic,p1_games,over,13.5,0.2444,4.09,3.35,0.2796,-3.5,-0.1813,0,100,1904597
2026-10-10 03:00,wta,WTA 1000,Wuhan Open: Qualification,Hard,3,Daria Kasatkina,Viktorija Golubic,p1_games,under,13.5,0.7556,1.32,1.3,0.7204,3.5,-0.0177,0,100,1904597
2026-10-10 03:00,wta,WTA 1000,Wuhan Open: Qualification,Hard,3,Daria Kasatkina,Viktorija Golubic,p2_games,over,11.5,0.621,1.61,1.49,0.6266,-0.6,-0.0747,0,100,1904597
2026-10-10 03:00,wta,WTA 1000,Wuhan Open: Qualification,Hard,3,Daria Kasatkina,Viktorija Golubic,p2_games,under,11.5,0.379,2.64,2.5,0.3734,0.6,-0.0526,0,100,1904597
2026-10-10 03:00,wta,WTA 1000,Wuhan Open: Qualification,Hard,3,Daria Kasatkina,Viktorija Golubic,p2_games,over,12.5,0.3691,2.71,2.25,0.4156,-4.6,-0.1695,0,100,1904597
2026-10-10 03:00,wta,WTA 1000,Wuhan Open: Qualification,Hard,3,Daria Kasatkina,Viktorija Golubic,p2_games,under,12.5,0.6309,1.59,1.6,0.5844,4.6,0.0094,0,100,1904597
2026-10-10 03:00,wta,WTA 1000,Wuhan Open: Qualification,Hard,3,Daria Kasatkina,Viktorija Golubic,p2_games,over,13.5,0.2426,4.12,3.35,0.2796,-3.7,-0.1873,0,100,1904597
2026-10-10 03:00,wta,WTA 1000,Wuhan Open: Qualification,Hard,3,Daria Kasatkina,Viktorija Golubic,p2_games,under,13.5,0.7574,1.32,1.3,0.7204,3.7,-0.0154,0,100,1904597
2026-10-10 03:00,wta,WTA 1000,Wuhan Open: Qualification,Hard,3,Daria Kasatkina,Viktorija Golubic,game_handicap,player_a,-0.5,0.4931,2.03,,,,,0,100,1904597
2026-10-10 03:00,wta,WTA 1000,Wuhan Open: Qualification,Hard,3,Daria Kasatkina,Viktorija Golubic,game_handicap,player_b,0.5,0.5069,1.97,,,,,0,100,1904597
2026-10-10 03:00,wta,WTA 1000,Wuhan Open: Qualification,Hard,3,Magdalena Frech,Moyuka Uchijima,winner,player_a,,0.7608,1.31,1.39,0.6904,7.0,0.0576,0,100,1904606
2026-10-10 03:00,wta,WTA 1000,Wuhan Open: Qualification,Hard,3,Magdalena Frech,Moyuka Uchijima,winner,player_b,,0.2392,4.18,3.1,0.3096,-7.0,-0.2586,0,100,1904606
2026-10-10 03:00,wta,WTA 1000,Wuhan Open: Qualification,Hard,3,Magdalena Frech,Moyuka Uchijima,total_games,over,17.5,0.6497,1.54,1.26,0.7534,-10.4,-0.1814,0,100,1904606
2026-10-10 03:00,wta,WTA 1000,Wuhan Open: Qualification,Hard,3,Magdalena Frech,Moyuka Uchijima,total_games,under,17.5,0.3503,2.85,3.85,0.2466,10.4,0.3487,0,100,1904606
2026-10-10 03:00,wta,WTA 1000,Wuhan Open: Qualification,Hard,3,Magdalena Frech,Moyuka Uchijima,total_games,over,18.5,0.5628,1.78,1.42,0.6674,-10.5,-0.2009,0,100,1904606
2026-10-10 03:00,wta,WTA 1000,Wuhan Open: Qualification,Hard,3,Magdalena Frech,Moyuka Uchijima,total_games,under,18.5,0.4372,2.29,2.85,0.3326,10.5,0.2461,0,100,1904606
2026-10-10 03:00,wta,WTA 1000,Wuhan Open: Qualification,Hard,3,Magdalena Frech,Moyuka Uchijima,total_games,over,19.5,0.488,2.05,1.62,0.5878,-10.0,-0.2095,0,100,1904606
2026-10-10 03:00,wta,WTA 1000,Wuhan Open: Qualification,Hard,3,Magdalena Frech,Moyuka Uchijima,total_games,under,19.5,0.512,1.95,2.31,0.4122,10.0,0.1828,0,100,1904606
2026-10-10 03:00,wta,WTA 1000,Wuhan Open: Qualification,Hard,3,Magdalena Frech,Moyuka Uchijima,total_games,over,20.5,0.4256,2.35,1.84,0.5171,-9.1,-0.217,0,100,1904606
2026-10-10 03:00,wta,WTA 1000,Wuhan Open: Qualification,Hard,3,Magdalena Frech,Moyuka Uchijima,total_games,under,20.5,0.5744,1.74,1.97,0.4829,9.1,0.1316,0,100,1904606
2026-10-10 03:00,wta,WTA 1000,Wuhan Open: Qualification,Hard,3,Magdalena Frech,Moyuka Uchijima,total_games,over,21.5,0.3806,2.63,2.05,0.4648,-8.4,-0.2198,0,100,1904606
2026-10-10 03:00,wta,WTA 1000,Wuhan Open: Qualification,Hard,3,Magdalena Frech,Moyuka Uchijima,total_games,under,21.5,0.6194,1.61,1.78,0.5352,8.4,0.1026,0,100,1904606
2026-10-10 03:00,wta,WTA 1000,Wuhan Open: Qualification,Hard,3,Magdalena Frech,Moyuka Uchijima,total_games,over,22.5,0.3311,3.02,2.35,0.4051,-7.4,-0.2218,0,100,1904606
2026-10-10 03:00,wta,WTA 1000,Wuhan Open: Qualification,Hard,3,Magdalena Frech,Moyuka Uchijima,total_games,under,22.5,0.6689,1.5,1.6,0.5949,7.4,0.0702,0,100,1904606
2026-10-10 03:00,wta,WTA 1000,Wuhan Open: Qualification,Hard,3,Magdalena Frech,Moyuka Uchijima,total_games,over,23.5,0.3,3.33,2.6,0.3674,-6.7,-0.2201,0,100,1904606
2026-10-10 03:00,wta,WTA 1000,Wuhan Open: Qualification,Hard,3,Magdalena Frech,Moyuka Uchijima,total_games,under,23.5,0.7,1.43,1.51,0.6326,6.7,0.057,0,100,1904606
2026-10-10 03:00,wta,WTA 1000,Wuhan Open: Qualification,Hard,3,Magdalena Frech,Moyuka Uchijima,p1_games,over,11.5,0.8449,1.18,1.2,0.7818,6.3,0.0139,0,100,1904606
2026-10-10 03:00,wta,WTA 1000,Wuhan Open: Qualification,Hard,3,Magdalena Frech,Moyuka Uchijima,p1_games,under,11.5,0.1551,6.45,4.3,0.2182,-6.3,-0.333,0,100,1904606
2026-10-10 03:00,wta,WTA 1000,Wuhan Open: Qualification,Hard,3,Magdalena Frech,Moyuka Uchijima,p1_games,over,12.5,0.3927,2.55,2.02,0.4628,-7.0,-0.2067,0,100,1904606
2026-10-10 03:00,wta,WTA 1000,Wuhan Open: Qualification,Hard,3,Magdalena Frech,Moyuka Uchijima,p1_games,under,12.5,0.6073,1.65,1.74,0.5372,7.0,0.0567,0,100,1904606
2026-10-10 03:00,wta,WTA 1000,Wuhan Open: Qualification,Hard,3,Magdalena Frech,Moyuka Uchijima,p1_games,over,13.5,0.2382,4.2,3.15,0.2969,-5.9,-0.2498,0,100,1904606
2026-10-10 03:00,wta,WTA 1000,Wuhan Open: Qualification,Hard,3,Magdalena Frech,Moyuka Uchijima,p1_games,under,13.5,0.7618,1.31,1.33,0.7031,5.9,0.0133,0,100,1904606
2026-10-10 03:00,wta,WTA 1000,Wuhan Open: Qualification,Hard,3,Magdalena Frech,Moyuka Uchijima,p2_games,over,9.5,0.433,2.31,1.75,0.5333,-10.0,-0.2422,0,100,1904606
2026-10-10 03:00,wta,WTA 1000,Wuhan Open: Qualification,Hard,3,Magdalena Frech,Moyuka Uchijima,p2_games,under,9.5,0.567,1.76,2.0,0.4667,10.0,0.1339,0,100,1904606
2026-10-10 03:00,wta,WTA 1000,Wuhan Open: Qualification,Hard,3,Magdalena Frech,Moyuka Uchijima,p2_games,over,10.5,0.396,2.53,1.89,0.4947,-9.9,-0.2515,0,100,1904606
2026-10-10 03:00,wta,WTA 1000,Wuhan Open: Qualification,Hard,3,Magdalena Frech,Moyuka Uchijima,p2_games,under,10.5,0.604,1.66,1.85,0.5053,9.9,0.1174,0,100,1904606
2026-10-10 03:00,wta,WTA 1000,Wuhan Open: Qualification,Hard,3,Magdalena Frech,Moyuka Uchijima,p2_games,over,11.5,0.3632,2.75,2.04,0.4574,-9.4,-0.259,0,100,1904606
2026-10-10 03:00,wta,WTA 1000,Wuhan Open: Qualification,Hard,3,Magdalena Frech,Moyuka Uchijima,p2_games,under,11.5,0.6368,1.57,1.72,0.5426,9.4,0.0952,0,100,1904606
2026-10-10 03:00,wta,WTA 1000,Wuhan Open: Qualification,Hard,3,Magdalena Frech,Moyuka Uchijima,game_handicap,player_a,-4.5,0.5618,1.78,,,,,0,100,1904606
2026-10-10 03:00,wta,WTA 1000,Wuhan Open: Qualification,Hard,3,Magdalena Frech,Moyuka Uchijima,game_handicap,player_b,4.5,0.4382,2.28,,,,,0,100,1904606
2026-10-10 03:00,wta,WTA 1000,Wuhan Open: Qualification,Hard,3,Talia Gibson,Sara Sorribes Tormo,winner,player_a,,0.6215,1.61,1.5,0.6429,-2.1,-0.0678,0,94,1904596
2026-10-10 03:00,wta,WTA 1000,Wuhan Open: Qualification,Hard,3,Talia Gibson,Sara Sorribes Tormo,winner,player_b,,0.3785,2.64,2.7,0.3571,2.1,0.0221,0,94,1904596
2026-10-10 03:00,wta,WTA 1000,Wuhan Open: Qualification,Hard,3,Talia Gibson,Sara Sorribes Tormo,total_games,over,17.5,0.7009,1.43,1.27,0.7495,-4.9,-0.1098,1,94,1904596
2026-10-10 03:00,wta,WTA 1000,Wuhan Open: Qualification,Hard,3,Talia Gibson,Sara Sorribes Tormo,total_games,under,17.5,0.2991,3.34,3.8,0.2505,4.9,0.1365,1,94,1904596
2026-10-10 03:00,wta,WTA 1000,Wuhan Open: Qualification,Hard,3,Talia Gibson,Sara Sorribes Tormo,total_games,over,18.5,0.6172,1.62,1.43,0.6659,-4.9,-0.1174,1,94,1904596
2026-10-10 03:00,wta,WTA 1000,Wuhan Open: Qualification,Hard,3,Talia Gibson,Sara Sorribes Tormo,total_games,under,18.5,0.3828,2.61,2.85,0.3341,4.9,0.0909,1,94,1904596
2026-10-10 03:00,wta,WTA 1000,Wuhan Open: Qualification,Hard,3,Talia Gibson,Sara Sorribes Tormo,total_games,over,19.5,0.5427,1.84,1.62,0.5878,-4.5,-0.1208,1,94,1904596
2026-10-10 03:00,wta,WTA 1000,Wuhan Open: Qualification,Hard,3,Talia Gibson,Sara Sorribes Tormo,total_games,under,19.5,0.4573,2.19,2.31,0.4122,4.5,0.0563,1,94,1904596
2026-10-10 03:00,wta,WTA 1000,Wuhan Open: Qualification,Hard,3,Talia Gibson,Sara Sorribes Tormo,total_games,over,20.5,0.4802,2.08,1.84,0.5183,-3.8,-0.1164,1,94,1904596
2026-10-10 03:00,wta,WTA 1000,Wuhan Open: Qualification,Hard,3,Talia Gibson,Sara Sorribes Tormo,total_games,under,20.5,0.5198,1.92,1.98,0.4817,3.8,0.0292,1,94,1904596
2026-10-10 03:00,wta,WTA 1000,Wuhan Open: Qualification,Hard,3,Talia Gibson,Sara Sorribes Tormo,total_games,over,21.5,0.4339,2.3,2.03,0.4686,-3.5,-0.1191,1,94,1904596
2026-10-10 03:00,wta,WTA 1000,Wuhan Open: Qualification,Hard,3,Talia Gibson,Sara Sorribes Tormo,total_games,under,21.5,0.5661,1.77,1.79,0.5314,3.5,0.0133,1,94,1904596
2026-10-10 03:00,wta,WTA 1000,Wuhan Open: Qualification,Hard,3,Talia Gibson,Sara Sorribes Tormo,total_games,over,22.5,0.3819,2.62,2.32,0.4097,-2.8,-0.1141,1,94,1904596
2026-10-10 03:00,wta,WTA 1000,Wuhan Open: Qualification,Hard,3,Talia Gibson,Sara Sorribes Tormo,total_games,under,22.5,0.6181,1.62,1.61,0.5903,2.8,-0.0048,1,94,1904596
2026-10-10 03:00,wta,WTA 1000,Wuhan Open: Qualification,Hard,3,Talia Gibson,Sara Sorribes Tormo,total_games,over,23.5,0.3485,2.87,2.55,0.3735,-2.5,-0.1114,1,94,1904596
2026-10-10 03:00,wta,WTA 1000,Wuhan Open: Qualification,Hard,3,Talia Gibson,Sara Sorribes Tormo,total_games,under,23.5,0.6515,1.53,1.52,0.6265,2.5,-0.0097,1,94,1904596
2026-10-10 03:00,wta,WTA 1000,Wuhan Open: Qualification,Hard,3,Talia Gibson,Sara Sorribes Tormo,p1_games,over,11.5,0.7324,1.37,1.26,0.7407,-0.8,-0.0772,1,94,1904596
2026-10-10 03:00,wta,WTA 1000,Wuhan Open: Qualification,Hard,3,Talia Gibson,Sara Sorribes Tormo,p1_games,under,11.5,0.2676,3.74,3.6,0.2593,0.8,-0.0366,1,94,1904596
2026-10-10 03:00,wta,WTA 1000,Wuhan Open: Qualification,Hard,3,Talia Gibson,Sara Sorribes Tormo,p1_games,over,12.5,0.3985,2.51,2.1,0.4459,-4.7,-0.1632,1,94,1904596
2026-10-10 03:00,wta,WTA 1000,Wuhan Open: Qualification,Hard,3,Talia Gibson,Sara Sorribes Tormo,p1_games,under,12.5,0.6015,1.66,1.69,0.5541,4.7,0.0165,1,94,1904596
2026-10-10 03:00,wta,WTA 1000,Wuhan Open: Qualification,Hard,3,Talia Gibson,Sara Sorribes Tormo,p1_games,over,13.5,0.2556,3.91,3.25,0.2888,-3.3,-0.1692,1,94,1904596
2026-10-10 03:00,wta,WTA 1000,Wuhan Open: Qualification,Hard,3,Talia Gibson,Sara Sorribes Tormo,p1_games,under,13.5,0.7444,1.34,1.32,0.7112,3.3,-0.0174,1,94,1904596
2026-10-10 03:00,wta,WTA 1000,Wuhan Open: Qualification,Hard,3,Talia Gibson,Sara Sorribes Tormo,p2_games,over,10.5,0.5444,1.84,1.75,0.5333,1.1,-0.0473,1,94,1904596
2026-10-10 03:00,wta,WTA 1000,Wuhan Open: Qualification,Hard,3,Talia Gibson,Sara Sorribes Tormo,p2_games,under,10.5,0.4556,2.19,2.0,0.4667,-1.1,-0.0888,1,94,1904596
2026-10-10 03:00,wta,WTA 1000,Wuhan Open: Qualification,Hard,3,Talia Gibson,Sara Sorribes Tormo,p2_games,over,11.5,0.5126,1.95,1.87,0.5,1.3,-0.0413,1,94,1904596
2026-10-10 03:00,wta,WTA 1000,Wuhan Open: Qualification,Hard,3,Talia Gibson,Sara Sorribes Tormo,p2_games,under,11.5,0.4874,2.05,1.87,0.5,-1.3,-0.0887,1,94,1904596
2026-10-10 03:00,wta,WTA 1000,Wuhan Open: Qualification,Hard,3,Talia Gibson,Sara Sorribes Tormo,p2_games,over,12.5,0.3276,3.05,2.7,0.3462,-1.9,-0.1154,1,94,1904596
2026-10-10 03:00,wta,WTA 1000,Wuhan Open: Qualification,Hard,3,Talia Gibson,Sara Sorribes Tormo,p2_games,under,12.5,0.6724,1.49,1.43,0.6538,1.9,-0.0385,1,94,1904596
2026-10-10 03:00,wta,WTA 1000,Wuhan Open: Qualification,Hard,3,Talia Gibson,Sara Sorribes Tormo,game_handicap,player_a,-2.5,0.5489,1.82,,,,,1,94,1904596
2026-10-10 03:00,wta,WTA 1000,Wuhan Open: Qualification,Hard,3,Talia Gibson,Sara Sorribes Tormo,game_handicap,player_b,2.5,0.4511,2.22,,,,,1,94,1904596
2026-10-10 04:30,wta,WTA 1000,Wuhan Open: Qualification,Hard,3,Gabriela Ruse,Yulia Putintseva,winner,player_a,,0.5327,1.88,1.7,0.5663,-3.4,-0.0945,0,91,1904599
2026-10-10 04:30,wta,WTA 1000,Wuhan Open: Qualification,Hard,3,Gabriela Ruse,Yulia Putintseva,winner,player_b,,0.4673,2.14,2.22,0.4337,3.4,0.0375,0,91,1904599
2026-10-10 04:30,wta,WTA 1000,Wuhan Open: Qualification,Hard,3,Gabriela Ruse,Yulia Putintseva,total_games,over,18.5,0.6385,1.57,1.37,0.6935,-5.5,-0.1252,0,91,1904599
2026-10-10 04:30,wta,WTA 1000,Wuhan Open: Qualification,Hard,3,Gabriela Ruse,Yulia Putintseva,total_games,under,18.5,0.3615,2.77,3.1,0.3065,5.5,0.1206,0,91,1904599
2026-10-10 04:30,wta,WTA 1000,Wuhan Open: Qualification,Hard,3,Gabriela Ruse,Yulia Putintseva,total_games,over,19.5,0.5632,1.78,1.55,0.6144,-5.1,-0.127,0,91,1904599
2026-10-10 04:30,wta,WTA 1000,Wuhan Open: Qualification,Hard,3,Gabriela Ruse,Yulia Putintseva,total_games,under,19.5,0.4368,2.29,2.47,0.3856,5.1,0.0788,0,91,1904599
2026-10-10 04:30,wta,WTA 1000,Wuhan Open: Qualification,Hard,3,Gabriela Ruse,Yulia Putintseva,total_games,over,20.5,0.4993,2.0,1.75,0.5443,-4.5,-0.1262,0,91,1904599
2026-10-10 04:30,wta,WTA 1000,Wuhan Open: Qualification,Hard,3,Gabriela Ruse,Yulia Putintseva,total_games,under,20.5,0.5007,2.0,2.09,0.4557,4.5,0.0464,0,91,1904599
2026-10-10 04:30,wta,WTA 1000,Wuhan Open: Qualification,Hard,3,Gabriela Ruse,Yulia Putintseva,total_games,over,21.5,0.4522,2.21,1.93,0.4934,-4.1,-0.1273,0,91,1904599
2026-10-10 04:30,wta,WTA 1000,Wuhan Open: Qualification,Hard,3,Gabriela Ruse,Yulia Putintseva,total_games,under,21.5,0.5478,1.83,1.88,0.5066,4.1,0.0299,0,91,1904599
2026-10-10 04:30,wta,WTA 1000,Wuhan Open: Qualification,Hard,3,Gabriela Ruse,Yulia Putintseva,total_games,over,22.5,0.3984,2.51,2.21,0.4319,-3.4,-0.1196,0,91,1904599
2026-10-10 04:30,wta,WTA 1000,Wuhan Open: Qualification,Hard,3,Gabriela Ruse,Yulia Putintseva,total_games,under,22.5,0.6016,1.66,1.68,0.5681,3.4,0.0107,0,91,1904599
2026-10-10 04:30,wta,WTA 1000,Wuhan Open: Qualification,Hard,3,Gabriela Ruse,Yulia Putintseva,total_games,over,23.5,0.3636,2.75,2.43,0.3925,-2.9,-0.1165,0,91,1904599
2026-10-10 04:30,wta,WTA 1000,Wuhan Open: Qualification,Hard,3,Gabriela Ruse,Yulia Putintseva,total_games,under,23.5,0.6364,1.57,1.57,0.6075,2.9,-0.0008,0,91,1904599
2026-10-10 04:30,wta,WTA 1000,Wuhan Open: Qualification,Hard,3,Gabriela Ruse,Yulia Putintseva,total_games,over,24.5,0.3414,2.93,2.6,0.3674,-2.6,-0.1125,0,91,1904599
2026-10-10 04:30,wta,WTA 1000,Wuhan Open: Qualification,Hard,3,Gabriela Ruse,Yulia Putintseva,total_games,under,24.5,0.6586,1.52,1.51,0.6326,2.6,-0.0054,0,91,1904599
2026-10-10 04:30,wta,WTA 1000,Wuhan Open: Qualification,Hard,3,Gabriela Ruse,Yulia Putintseva,p1_games,over,11.5,0.6593,1.52,1.36,0.6845,-2.5,-0.1034,0,91,1904599
2026-10-10 04:30,wta,WTA 1000,Wuhan Open: Qualification,Hard,3,Gabriela Ruse,Yulia Putintseva,p1_games,under,11.5,0.3407,2.93,2.95,0.3155,2.5,0.0052,0,91,1904599
2026-10-10 04:30,wta,WTA 1000,Wuhan Open: Qualification,Hard,3,Gabriela Ruse,Yulia Putintseva,p1_games,over,12.5,0.3884,2.57,2.12,0.4406,-5.2,-0.1766,0,91,1904599
2026-10-10 04:30,wta,WTA 1000,Wuhan Open: Qualification,Hard,3,Gabriela Ruse,Yulia Putintseva,p1_games,under,12.5,0.6116,1.64,1.67,0.5594,5.2,0.0214,0,91,1904599
2026-10-10 04:30,wta,WTA 1000,Wuhan Open: Qualification,Hard,3,Gabriela Ruse,Yulia Putintseva,p1_games,over,13.5,0.2543,3.93,3.2,0.292,-3.8,-0.1863,0,91,1904599
2026-10-10 04:30,wta,WTA 1000,Wuhan Open: Qualification,Hard,3,Gabriela Ruse,Yulia Putintseva,p1_games,under,13.5,0.7457,1.34,1.32,0.708,3.8,-0.0157,0,91,1904599
2026-10-10 04:30,wta,WTA 1000,Wuhan Open: Qualification,Hard,3,Gabriela Ruse,Yulia Putintseva,p2_games,over,10.5,0.6297,1.59,1.54,0.6061,2.4,-0.0303,0,91,1904599
2026-10-10 04:30,wta,WTA 1000,Wuhan Open: Qualification,Hard,3,Gabriela Ruse,Yulia Putintseva,p2_games,under,10.5,0.3703,2.7,2.37,0.3939,-2.4,-0.1223,0,91,1904599
2026-10-10 04:30,wta,WTA 1000,Wuhan Open: Qualification,Hard,3,Gabriela Ruse,Yulia Putintseva,p2_games,over,11.5,0.6006,1.66,1.63,0.5733,2.7,-0.021,0,91,1904599
2026-10-10 04:30,wta,WTA 1000,Wuhan Open: Qualification,Hard,3,Gabriela Ruse,Yulia Putintseva,p2_games,under,11.5,0.3994,2.5,2.19,0.4267,-2.7,-0.1253,0,91,1904599
2026-10-10 04:30,wta,WTA 1000,Wuhan Open: Qualification,Hard,3,Gabriela Ruse,Yulia Putintseva,p2_games,over,12.5,0.3689,2.71,2.38,0.3929,-2.4,-0.122,0,91,1904599
2026-10-10 04:30,wta,WTA 1000,Wuhan Open: Qualification,Hard,3,Gabriela Ruse,Yulia Putintseva,p2_games,under,12.5,0.6311,1.58,1.54,0.6071,2.4,-0.0281,0,91,1904599
2026-10-10 04:30,wta,WTA 1000,Wuhan Open: Qualification,Hard,3,Gabriela Ruse,Yulia Putintseva,game_handicap,player_a,-0.5,0.5203,1.92,,,,,0,91,1904599
2026-10-10 04:30,wta,WTA 1000,Wuhan Open: Qualification,Hard,3,Gabriela Ruse,Yulia Putintseva,game_handicap,player_b,0.5,0.4797,2.08,,,,,0,91,1904599
2026-10-10 04:30,wta,WTA 1000,Wuhan Open: Qualification,Hard,3,Peyton Stearns,Han Shi,winner,player_a,,0.7578,1.32,1.28,0.7505,0.7,-0.0301,0,94,1904602
2026-10-10 04:30,wta,WTA 1000,Wuhan Open: Qualification,Hard,3,Peyton Stearns,Han Shi,winner,player_b,,0.2422,4.13,3.85,0.2495,-0.7,-0.0674,0,94,1904602
2026-10-10 04:30,wta,WTA 1000,Wuhan Open: Qualification,Hard,3,Peyton Stearns,Han Shi,total_games,over,17.5,0.6498,1.54,1.33,0.7158,-6.6,-0.1358,1,94,1904602
2026-10-10 04:30,wta,WTA 1000,Wuhan Open: Qualification,Hard,3,Peyton Stearns,Han Shi,total_games,under,17.5,0.3502,2.86,3.35,0.2842,6.6,0.1732,1,94,1904602
2026-10-10 04:30,wta,WTA 1000,Wuhan Open: Qualification,Hard,3,Peyton Stearns,Han Shi,total_games,over,18.5,0.5632,1.78,1.52,0.6265,-6.3,-0.144,1,94,1904602
2026-10-10 04:30,wta,WTA 1000,Wuhan Open: Qualification,Hard,3,Peyton Stearns,Han Shi,total_games,under,18.5,0.4368,2.29,2.55,0.3735,6.3,0.114,1,94,1904602
2026-10-10 04:30,wta,WTA 1000,Wuhan Open: Qualification,Hard,3,Peyton Stearns,Han Shi,total_games,over,19.5,0.4886,2.05,1.74,0.5469,-5.8,-0.1499,1,94,1904602
2026-10-10 04:30,wta,WTA 1000,Wuhan Open: Qualification,Hard,3,Peyton Stearns,Han Shi,total_games,under,19.5,0.5114,1.96,2.1,0.4531,5.8,0.074,1,94,1904602
2026-10-10 04:30,wta,WTA 1000,Wuhan Open: Qualification,Hard,3,Peyton Stearns,Han Shi,total_games,over,20.5,0.4264,2.35,1.99,0.4791,-5.3,-0.1515,1,94,1904602
2026-10-10 04:30,wta,WTA 1000,Wuhan Open: Qualification,Hard,3,Peyton Stearns,Han Shi,total_games,under,20.5,0.5736,1.74,1.83,0.5209,5.3,0.0497,1,94,1904602
2026-10-10 04:30,wta,WTA 1000,Wuhan Open: Qualification,Hard,3,Peyton Stearns,Han Shi,total_games,over,21.5,0.3815,2.62,2.22,0.4293,-4.8,-0.1531,1,94,1904602
2026-10-10 04:30,wta,WTA 1000,Wuhan Open: Qualification,Hard,3,Peyton Stearns,Han Shi,total_games,under,21.5,0.6185,1.62,1.67,0.5707,4.8,0.0329,1,94,1904602
2026-10-10 04:30,wta,WTA 1000,Wuhan Open: Qualification,Hard,3,Peyton Stearns,Han Shi,total_games,over,22.5,0.3322,3.01,2.55,0.3735,-4.1,-0.153,1,94,1904602
2026-10-10 04:30,wta,WTA 1000,Wuhan Open: Qualification,Hard,3,Peyton Stearns,Han Shi,total_games,under,22.5,0.6678,1.5,1.52,0.6265,4.1,0.0151,1,94,1904602
2026-10-10 04:30,wta,WTA 1000,Wuhan Open: Qualification,Hard,3,Peyton Stearns,Han Shi,total_games,over,23.5,0.3011,3.32,2.8,0.3396,-3.9,-0.157,1,94,1904602
2026-10-10 04:30,wta,WTA 1000,Wuhan Open: Qualification,Hard,3,Peyton Stearns,Han Shi,total_games,under,23.5,0.6989,1.43,1.44,0.6604,3.9,0.0064,1,94,1904602
2026-10-10 04:30,wta,WTA 1000,Wuhan Open: Qualification,Hard,3,Peyton Stearns,Han Shi,p1_games,over,11.5,0.8421,1.19,1.14,0.8202,2.2,-0.0401,1,94,1904602
2026-10-10 04:30,wta,WTA 1000,Wuhan Open: Qualification,Hard,3,Peyton Stearns,Han Shi,p1_games,under,11.5,0.1579,6.33,5.2,0.1798,-2.2,-0.1787,1,94,1904602
2026-10-10 04:30,wta,WTA 1000,Wuhan Open: Qualification,Hard,3,Peyton Stearns,Han Shi,p1_games,over,12.5,0.3924,2.55,2.07,0.4509,-5.9,-0.1877,1,94,1904602
2026-10-10 04:30,wta,WTA 1000,Wuhan Open: Qualification,Hard,3,Peyton Stearns,Han Shi,p1_games,under,12.5,0.6076,1.65,1.7,0.5491,5.9,0.0329,1,94,1904602
2026-10-10 04:30,wta,WTA 1000,Wuhan Open: Qualification,Hard,3,Peyton Stearns,Han Shi,p1_games,over,13.5,0.2384,4.19,3.3,0.2826,-4.4,-0.2132,1,94,1904602
2026-10-10 04:30,wta,WTA 1000,Wuhan Open: Qualification,Hard,3,Peyton Stearns,Han Shi,p1_games,under,13.5,0.7616,1.31,1.3,0.7174,4.4,-0.01,1,94,1904602
2026-10-10 04:30,wta,WTA 1000,Wuhan Open: Qualification,Hard,3,Peyton Stearns,Han Shi,p2_games,over,7.5,0.5369,1.86,1.61,0.5807,-4.4,-0.1356,1,94,1904602
2026-10-10 04:30,wta,WTA 1000,Wuhan Open: Qualification,Hard,3,Peyton Stearns,Han Shi,p2_games,under,7.5,0.4631,2.16,2.23,0.4193,4.4,0.0327,1,94,1904602
2026-10-10 04:30,wta,WTA 1000,Wuhan Open: Qualification,Hard,3,Peyton Stearns,Han Shi,p2_games,over,8.5,0.4801,2.08,1.8,0.5187,-3.9,-0.1358,1,94,1904602
2026-10-10 04:30,wta,WTA 1000,Wuhan Open: Qualification,Hard,3,Peyton Stearns,Han Shi,p2_games,under,8.5,0.5199,1.92,1.94,0.4813,3.9,0.0085,1,94,1904602
2026-10-10 04:30,wta,WTA 1000,Wuhan Open: Qualification,Hard,3,Peyton Stearns,Han Shi,p2_games,over,9.5,0.4362,2.29,1.99,0.4693,-3.3,-0.1319,1,94,1904602
2026-10-10 04:30,wta,WTA 1000,Wuhan Open: Qualification,Hard,3,Peyton Stearns,Han Shi,p2_games,under,9.5,0.5638,1.77,1.76,0.5307,3.3,-0.0078,1,94,1904602
2026-10-10 04:30,wta,WTA 1000,Wuhan Open: Qualification,Hard,3,Peyton Stearns,Han Shi,game_handicap,player_a,-4.5,0.5592,1.79,,,,,1,94,1904602
2026-10-10 04:30,wta,WTA 1000,Wuhan Open: Qualification,Hard,3,Peyton Stearns,Han Shi,game_handicap,player_b,4.5,0.4408,2.27,,,,,1,94,1904602
2026-10-10 04:30,wta,WTA 1000,Wuhan Open: Qualification,Hard,3,Sofia Kenin,Kamilla Rakhimova,winner,player_a,,0.4651,2.15,2.24,0.4286,3.6,0.0417,0,100,1904611
2026-10-10 04:30,wta,WTA 1000,Wuhan Open: Qualification,Hard,3,Sofia Kenin,Kamilla Rakhimova,winner,player_b,,0.5349,1.87,1.68,0.5714,-3.6,-0.1013,0,100,1904611
2026-10-10 04:30,wta,WTA 1000,Wuhan Open: Qualification,Hard,3,Sofia Kenin,Kamilla Rakhimova,total_games,over,18.5,0.655,1.53,1.38,0.6885,-3.3,-0.0961,0,100,1904611
2026-10-10 04:30,wta,WTA 1000,Wuhan Open: Qualification,Hard,3,Sofia Kenin,Kamilla Rakhimova,total_games,under,18.5,0.345,2.9,3.05,0.3115,3.3,0.0522,0,100,1904611
2026-10-10 04:30,wta,WTA 1000,Wuhan Open: Qualification,Hard,3,Sofia Kenin,Kamilla Rakhimova,total_games,over,19.5,0.5779,1.73,1.56,0.609,-3.1,-0.0985,0,100,1904611
2026-10-10 04:30,wta,WTA 1000,Wuhan Open: Qualification,Hard,3,Sofia Kenin,Kamilla Rakhimova,total_games,under,19.5,0.4221,2.37,2.43,0.391,3.1,0.0257,0,100,1904611
2026-10-10 04:30,wta,WTA 1000,Wuhan Open: Qualification,Hard,3,Sofia Kenin,Kamilla Rakhimova,total_games,over,20.5,0.5114,1.96,1.77,0.5391,-2.8,-0.0949,0,100,1904611
2026-10-10 04:30,wta,WTA 1000,Wuhan Open: Qualification,Hard,3,Sofia Kenin,Kamilla Rakhimova,total_games,under,20.5,0.4886,2.05,2.07,0.4609,2.8,0.0115,0,100,1904611
2026-10-10 04:30,wta,WTA 1000,Wuhan Open: Qualification,Hard,3,Sofia Kenin,Kamilla Rakhimova,total_games,over,21.5,0.4629,2.16,1.95,0.4882,-2.5,-0.0973,0,100,1904611
2026-10-10 04:30,wta,WTA 1000,Wuhan Open: Qualification,Hard,3,Sofia Kenin,Kamilla Rakhimova,total_games,under,21.5,0.5371,1.86,1.86,0.5118,2.5,-0.001,0,100,1904611
2026-10-10 04:30,wta,WTA 1000,Wuhan Open: Qualification,Hard,3,Sofia Kenin,Kamilla Rakhimova,total_games,over,22.5,0.4065,2.46,2.23,0.4267,-2.0,-0.0935,0,100,1904611
2026-10-10 04:30,wta,WTA 1000,Wuhan Open: Qualification,Hard,3,Sofia Kenin,Kamilla Rakhimova,total_games,under,22.5,0.5935,1.68,1.66,0.5733,2.0,-0.0148,0,100,1904611
2026-10-10 04:30,wta,WTA 1000,Wuhan Open: Qualification,Hard,3,Sofia Kenin,Kamilla Rakhimova,total_games,over,23.5,0.3698,2.7,2.45,0.389,-1.9,-0.0941,0,100,1904611
2026-10-10 04:30,wta,WTA 1000,Wuhan Open: Qualification,Hard,3,Sofia Kenin,Kamilla Rakhimova,total_games,under,23.5,0.6302,1.59,1.56,0.611,1.9,-0.0168,0,100,1904611
2026-10-10 04:30,wta,WTA 1000,Wuhan Open: Qualification,Hard,3,Sofia Kenin,Kamilla Rakhimova,total_games,over,24.5,0.3494,2.86,2.6,0.3659,-1.6,-0.0916,0,100,1904611
2026-10-10 04:30,wta,WTA 1000,Wuhan Open: Qualification,Hard,3,Sofia Kenin,Kamilla Rakhimova,total_games,under,24.5,0.6506,1.54,1.5,0.6341,1.6,-0.0241,0,100,1904611
2026-10-10 04:30,wta,WTA 1000,Wuhan Open: Qualification,Hard,3,Sofia Kenin,Kamilla Rakhimova,p1_games,over,10.5,0.6335,1.58,1.56,0.599,3.5,-0.0118,0,100,1904611
2026-10-10 04:30,wta,WTA 1000,Wuhan Open: Qualification,Hard,3,Sofia Kenin,Kamilla Rakhimova,p1_games,under,10.5,0.3665,2.73,2.33,0.401,-3.5,-0.146,0,100,1904611
2026-10-10 04:30,wta,WTA 1000,Wuhan Open: Qualification,Hard,3,Sofia Kenin,Kamilla Rakhimova,p1_games,over,11.5,0.6043,1.65,1.65,0.5669,3.7,-0.0028,0,100,1904611
2026-10-10 04:30,wta,WTA 1000,Wuhan Open: Qualification,Hard,3,Sofia Kenin,Kamilla Rakhimova,p1_games,under,11.5,0.3957,2.53,2.16,0.4331,-3.7,-0.1454,0,100,1904611
2026-10-10 04:30,wta,WTA 1000,Wuhan Open: Qualification,Hard,3,Sofia Kenin,Kamilla Rakhimova,p1_games,over,12.5,0.3783,2.64,2.42,0.3858,-0.7,-0.0845,0,100,1904611
2026-10-10 04:30,wta,WTA 1000,Wuhan Open: Qualification,Hard,3,Sofia Kenin,Kamilla Rakhimova,p1_games,under,12.5,0.6217,1.61,1.52,0.6142,0.7,-0.055,0,100,1904611
2026-10-10 04:30,wta,WTA 1000,Wuhan Open: Qualification,Hard,3,Sofia Kenin,Kamilla Rakhimova,p2_games,over,11.5,0.6652,1.5,1.36,0.6881,-2.3,-0.0954,0,100,1904611
2026-10-10 04:30,wta,WTA 1000,Wuhan Open: Qualification,Hard,3,Sofia Kenin,Kamilla Rakhimova,p2_games,under,11.5,0.3348,2.99,3.0,0.3119,2.3,0.0045,0,100,1904611
2026-10-10 04:30,wta,WTA 1000,Wuhan Open: Qualification,Hard,3,Sofia Kenin,Kamilla Rakhimova,p2_games,over,12.5,0.399,2.51,2.14,0.4368,-3.8,-0.1462,0,100,1904611
2026-10-10 04:30,wta,WTA 1000,Wuhan Open: Qualification,Hard,3,Sofia Kenin,Kamilla Rakhimova,p2_games,under,12.5,0.601,1.66,1.66,0.5632,3.8,-0.0023,0,100,1904611
2026-10-10 04:30,wta,WTA 1000,Wuhan Open: Qualification,Hard,3,Sofia Kenin,Kamilla Rakhimova,p2_games,over,13.5,0.2617,3.82,3.25,0.2888,-2.7,-0.1496,0,100,1904611
2026-10-10 04:30,wta,WTA 1000,Wuhan Open: Qualification,Hard,3,Sofia Kenin,Kamilla Rakhimova,p2_games,under,13.5,0.7383,1.35,1.32,0.7112,2.7,-0.0254,0,100,1904611
2026-10-10 04:30,wta,WTA 1000,Wuhan Open: Qualification,Hard,3,Sofia Kenin,Kamilla Rakhimova,game_handicap,player_a,0.5,0.4787,2.09,,,,,0,100,1904611
2026-10-10 04:30,wta,WTA 1000,Wuhan Open: Qualification,Hard,3,Sofia Kenin,Kamilla Rakhimova,game_handicap,player_b,-0.5,0.5213,1.92,,,,,0,100,1904611
2026-10-10 04:30,wta,WTA 1000,Wuhan Open: Qualification,Hard,3,Taylah Preston,Ashlyn Krueger,winner,player_a,,0.517,1.93,2.35,0.4095,10.7,0.215,0,94,1904608
2026-10-10 04:30,wta,WTA 1000,Wuhan Open: Qualification,Hard,3,Taylah Preston,Ashlyn Krueger,winner,player_b,,0.483,2.07,1.63,0.5905,-10.7,-0.2128,0,94,1904608
2026-10-10 04:30,wta,WTA 1000,Wuhan Open: Qualification,Hard,3,Taylah Preston,Ashlyn Krueger,total_games,over,18.5,0.6386,1.57,1.38,0.692,-5.3,-0.1188,1,94,1904608
2026-10-10 04:30,wta,WTA 1000,Wuhan Open: Qualification,Hard,3,Taylah Preston,Ashlyn Krueger,total_games,under,18.5,0.3614,2.77,3.1,0.308,5.3,0.1204,1,94,1904608
2026-10-10 04:30,wta,WTA 1000,Wuhan Open: Qualification,Hard,3,Taylah Preston,Ashlyn Krueger,total_games,over,19.5,0.5634,1.78,1.56,0.611,-4.8,-0.1212,1,94,1904608
2026-10-10 04:30,wta,WTA 1000,Wuhan Open: Qualification,Hard,3,Taylah Preston,Ashlyn Krueger,total_games,under,19.5,0.4366,2.29,2.45,0.389,4.8,0.0698,1,94,1904608
2026-10-10 04:30,wta,WTA 1000,Wuhan Open: Qualification,Hard,3,Taylah Preston,Ashlyn Krueger,total_games,over,20.5,0.4996,2.0,1.76,0.5405,-4.1,-0.1208,1,94,1904608
2026-10-10 04:30,wta,WTA 1000,Wuhan Open: Qualification,Hard,3,Taylah Preston,Ashlyn Krueger,total_games,under,20.5,0.5004,2.0,2.07,0.4595,4.1,0.0359,1,94,1904608
2026-10-10 04:30,wta,WTA 1000,Wuhan Open: Qualification,Hard,3,Taylah Preston,Ashlyn Krueger,total_games,over,21.5,0.4525,2.21,1.95,0.4882,-3.6,-0.1177,1,94,1904608
2026-10-10 04:30,wta,WTA 1000,Wuhan Open: Qualification,Hard,3,Taylah Preston,Ashlyn Krueger,total_games,under,21.5,0.5475,1.83,1.86,0.5118,3.6,0.0184,1,94,1904608
2026-10-10 04:30,wta,WTA 1000,Wuhan Open: Qualification,Hard,3,Taylah Preston,Ashlyn Krueger,total_games,over,22.5,0.3987,2.51,2.23,0.4267,-2.8,-0.1108,1,94,1904608
2026-10-10 04:30,wta,WTA 1000,Wuhan Open: Qualification,Hard,3,Taylah Preston,Ashlyn Krueger,total_games,under,22.5,0.6013,1.66,1.66,0.5733,2.8,-0.0019,1,94,1904608
2026-10-10 04:30,wta,WTA 1000,Wuhan Open: Qualification,Hard,3,Taylah Preston,Ashlyn Krueger,total_games,over,23.5,0.364,2.75,2.45,0.389,-2.5,-0.1082,1,94,1904608
2026-10-10 04:30,wta,WTA 1000,Wuhan Open: Qualification,Hard,3,Taylah Preston,Ashlyn Krueger,total_games,under,23.5,0.636,1.57,1.56,0.611,2.5,-0.0078,1,94,1904608
2026-10-10 04:30,wta,WTA 1000,Wuhan Open: Qualification,Hard,3,Taylah Preston,Ashlyn Krueger,total_games,over,24.5,0.3416,2.93,2.6,0.3659,-2.4,-0.1117,1,94,1904608
2026-10-10 04:30,wta,WTA 1000,Wuhan Open: Qualification,Hard,3,Taylah Preston,Ashlyn Krueger,total_games,under,24.5,0.6584,1.52,1.5,0.6341,2.4,-0.0125,1,94,1904608
2026-10-10 04:30,wta,WTA 1000,Wuhan Open: Qualification,Hard,3,Taylah Preston,Ashlyn Krueger,p1_games,over,10.5,0.6722,1.49,1.6,0.5833,8.9,0.0755,1,94,1904608
2026-10-10 04:30,wta,WTA 1000,Wuhan Open: Qualification,Hard,3,Taylah Preston,Ashlyn Krueger,p1_games,under,10.5,0.3278,3.05,2.24,0.4167,-8.9,-0.2656,1,94,1904608
2026-10-10 04:30,wta,WTA 1000,Wuhan Open: Qualification,Hard,3,Taylah Preston,Ashlyn Krueger,p1_games,over,11.5,0.645,1.55,1.7,0.5503,9.5,0.0965,1,94,1904608
2026-10-10 04:30,wta,WTA 1000,Wuhan Open: Qualification,Hard,3,Taylah Preston,Ashlyn Krueger,p1_games,under,11.5,0.355,2.82,2.08,0.4497,-9.5,-0.2616,1,94,1904608
2026-10-10 04:30,wta,WTA 1000,Wuhan Open: Qualification,Hard,3,Taylah Preston,Ashlyn Krueger,p1_games,over,12.5,0.3838,2.61,2.45,0.3813,0.2,-0.0597,1,94,1904608
2026-10-10 04:30,wta,WTA 1000,Wuhan Open: Qualification,Hard,3,Taylah Preston,Ashlyn Krueger,p1_games,under,12.5,0.6162,1.62,1.51,0.6187,-0.2,-0.0695,1,94,1904608
2026-10-10 04:30,wta,WTA 1000,Wuhan Open: Qualification,Hard,3,Taylah Preston,Ashlyn Krueger,p2_games,over,11.5,0.615,1.63,1.33,0.7031,-8.8,-0.182,1,94,1904608
2026-10-10 04:30,wta,WTA 1000,Wuhan Open: Qualification,Hard,3,Taylah Preston,Ashlyn Krueger,p2_games,under,11.5,0.385,2.6,3.15,0.2969,8.8,0.2127,1,94,1904608
2026-10-10 04:30,wta,WTA 1000,Wuhan Open: Qualification,Hard,3,Taylah Preston,Ashlyn Krueger,p2_games,over,12.5,0.3738,2.67,2.1,0.4459,-7.2,-0.2149,1,94,1904608
2026-10-10 04:30,wta,WTA 1000,Wuhan Open: Qualification,Hard,3,Taylah Preston,Ashlyn Krueger,p2_games,under,12.5,0.6262,1.6,1.69,0.5541,7.2,0.0582,1,94,1904608
2026-10-10 04:30,wta,WTA 1000,Wuhan Open: Qualification,Hard,3,Taylah Preston,Ashlyn Krueger,p2_games,over,13.5,0.2466,4.06,3.2,0.292,-4.5,-0.2109,1,94,1904608
2026-10-10 04:30,wta,WTA 1000,Wuhan Open: Qualification,Hard,3,Taylah Preston,Ashlyn Krueger,p2_games,under,13.5,0.7534,1.33,1.32,0.708,4.5,-0.0055,1,94,1904608
2026-10-10 04:30,wta,WTA 1000,Wuhan Open: Qualification,Hard,3,Taylah Preston,Ashlyn Krueger,game_handicap,player_a,-0.5,0.504,1.98,,,,,1,94,1904608
2026-10-10 04:30,wta,WTA 1000,Wuhan Open: Qualification,Hard,3,Taylah Preston,Ashlyn Krueger,game_handicap,player_b,0.5,0.496,2.02,,,,,1,94,1904608
2026-10-10 06:00,wta,WTA 1000,Wuhan Open: Qualification,Hard,3,Lanlana Tararudee,Claire Liu,winner,player_a,,0.5824,1.72,,,,,0,88,1904610
2026-10-10 06:00,wta,WTA 1000,Wuhan Open: Qualification,Hard,3,Lanlana Tararudee,Claire Liu,winner,player_b,,0.4176,2.39,,,,,0,88,1904610
2026-10-10 06:00,wta,WTA 1000,Wuhan Open: Qualification,Hard,3,Lanlana Tararudee,Claire Liu,total_games,over,20.5,0.4969,2.01,,,,,1,88,1904610
2026-10-10 06:00,wta,WTA 1000,Wuhan Open: Qualification,Hard,3,Lanlana Tararudee,Claire Liu,total_games,under,20.5,0.5031,1.99,,,,,1,88,1904610
2026-10-10 06:00,wta,WTA 1000,Wuhan Open: Qualification,Hard,3,Lanlana Tararudee,Claire Liu,p1_games,over,12.5,0.401,2.49,,,,,1,88,1904610
2026-10-10 06:00,wta,WTA 1000,Wuhan Open: Qualification,Hard,3,Lanlana Tararudee,Claire Liu,p1_games,under,12.5,0.599,1.67,,,,,1,88,1904610
2026-10-10 06:00,wta,WTA 1000,Wuhan Open: Qualification,Hard,3,Lanlana Tararudee,Claire Liu,p2_games,over,12.5,0.3524,2.84,,,,,1,88,1904610
2026-10-10 06:00,wta,WTA 1000,Wuhan Open: Qualification,Hard,3,Lanlana Tararudee,Claire Liu,p2_games,under,12.5,0.6476,1.54,,,,,1,88,1904610
2026-10-10 06:00,wta,WTA 1000,Wuhan Open: Qualification,Hard,3,Lanlana Tararudee,Claire Liu,game_handicap,player_a,-2.5,0.5057,1.98,,,,,1,88,1904610
2026-10-10 06:00,wta,WTA 1000,Wuhan Open: Qualification,Hard,3,Lanlana Tararudee,Claire Liu,game_handicap,player_b,2.5,0.4943,2.02,,,,,1,88,1904610
2026-10-10 06:00,wta,WTA 1000,Wuhan Open: Qualification,Hard,3,Sinja Kraus,Magda Linette,winner,player_a,,0.4264,2.35,2.04,0.4715,-4.5,-0.1302,0,100,1904609
2026-10-10 06:00,wta,WTA 1000,Wuhan Open: Qualification,Hard,3,Sinja Kraus,Magda Linette,winner,player_b,,0.5736,1.74,1.82,0.5285,4.5,0.044,0,100,1904609
2026-10-10 06:00,wta,WTA 1000,Wuhan Open: Qualification,Hard,3,Sinja Kraus,Magda Linette,total_games,over,17.5,0.7415,1.35,1.27,0.7495,-0.8,-0.0583,0,100,1904609
2026-10-10 06:00,wta,WTA 1000,Wuhan Open: Qualification,Hard,3,Sinja Kraus,Magda Linette,total_games,under,17.5,0.2585,3.87,3.8,0.2505,0.8,-0.0178,0,100,1904609
2026-10-10 06:00,wta,WTA 1000,Wuhan Open: Qualification,Hard,3,Sinja Kraus,Magda Linette,total_games,over,18.5,0.6561,1.52,1.43,0.6659,-1.0,-0.0617,0,100,1904609
2026-10-10 06:00,wta,WTA 1000,Wuhan Open: Qualification,Hard,3,Sinja Kraus,Magda Linette,total_games,under,18.5,0.3439,2.91,2.85,0.3341,1.0,-0.02,0,100,1904609
2026-10-10 06:00,wta,WTA 1000,Wuhan Open: Qualification,Hard,3,Sinja Kraus,Magda Linette,total_games,over,19.5,0.5784,1.73,1.62,0.5888,-1.0,-0.063,0,100,1904609
2026-10-10 06:00,wta,WTA 1000,Wuhan Open: Qualification,Hard,3,Sinja Kraus,Magda Linette,total_games,under,19.5,0.4216,2.37,2.32,0.4112,1.0,-0.0218,0,100,1904609
2026-10-10 06:00,wta,WTA 1000,Wuhan Open: Qualification,Hard,3,Sinja Kraus,Magda Linette,total_games,over,20.5,0.511,1.96,1.82,0.5223,-1.1,-0.0699,0,100,1904609
2026-10-10 06:00,wta,WTA 1000,Wuhan Open: Qualification,Hard,3,Sinja Kraus,Magda Linette,total_games,under,20.5,0.489,2.05,1.99,0.4777,1.1,-0.0269,0,100,1904609
2026-10-10 06:00,wta,WTA 1000,Wuhan Open: Qualification,Hard,3,Sinja Kraus,Magda Linette,total_games,over,21.5,0.4623,2.16,2.02,0.4726,-1.0,-0.0663,0,100,1904609
2026-10-10 06:00,wta,WTA 1000,Wuhan Open: Qualification,Hard,3,Sinja Kraus,Magda Linette,total_games,under,21.5,0.5377,1.86,1.81,0.5274,1.0,-0.0267,0,100,1904609
2026-10-10 06:00,wta,WTA 1000,Wuhan Open: Qualification,Hard,3,Sinja Kraus,Magda Linette,total_games,over,22.5,0.4051,2.47,2.29,0.4158,-1.1,-0.0723,0,100,1904609
2026-10-10 06:00,wta,WTA 1000,Wuhan Open: Qualification,Hard,3,Sinja Kraus,Magda Linette,total_games,under,22.5,0.5949,1.68,1.63,0.5842,1.1,-0.0304,0,100,1904609
2026-10-10 06:00,wta,WTA 1000,Wuhan Open: Qualification,Hard,3,Sinja Kraus,Magda Linette,total_games,over,23.5,0.3679,2.72,2.5,0.3797,-1.2,-0.0803,0,100,1904609
2026-10-10 06:00,wta,WTA 1000,Wuhan Open: Qualification,Hard,3,Sinja Kraus,Magda Linette,total_games,under,23.5,0.6321,1.58,1.53,0.6203,1.2,-0.0328,0,100,1904609
2026-10-10 06:00,wta,WTA 1000,Wuhan Open: Qualification,Hard,3,Sinja Kraus,Magda Linette,p1_games,over,10.5,0.5999,1.67,1.5,0.6241,-2.4,-0.1001,0,100,1904609
2026-10-10 06:00,wta,WTA 1000,Wuhan Open: Qualification,Hard,3,Sinja Kraus,Magda Linette,p1_games,under,10.5,0.4001,2.5,2.49,0.3759,2.4,-0.0038,0,100,1904609
2026-10-10 06:00,wta,WTA 1000,Wuhan Open: Qualification,Hard,3,Sinja Kraus,Magda Linette,p1_games,over,11.5,0.5694,1.76,1.57,0.5954,-2.6,-0.106,0,100,1904609
2026-10-10 06:00,wta,WTA 1000,Wuhan Open: Qualification,Hard,3,Sinja Kraus,Magda Linette,p1_games,under,11.5,0.4306,2.32,2.31,0.4046,2.6,-0.0054,0,100,1904609
2026-10-10 06:00,wta,WTA 1000,Wuhan Open: Qualification,Hard,3,Sinja Kraus,Magda Linette,p1_games,over,12.5,0.3662,2.73,2.41,0.3883,-2.2,-0.1173,0,100,1904609
2026-10-10 06:00,wta,WTA 1000,Wuhan Open: Qualification,Hard,3,Sinja Kraus,Magda Linette,p1_games,under,12.5,0.6338,1.58,1.53,0.6117,2.2,-0.0304,0,100,1904609
2026-10-10 06:00,wta,WTA 1000,Wuhan Open: Qualification,Hard,3,Sinja Kraus,Magda Linette,p2_games,over,11.5,0.6999,1.43,1.45,0.6463,5.4,0.0149,0,100,1904609
2026-10-10 06:00,wta,WTA 1000,Wuhan Open: Qualification,Hard,3,Sinja Kraus,Magda Linette,p2_games,under,11.5,0.3001,3.33,2.65,0.3537,-5.4,-0.2048,0,100,1904609
2026-10-10 06:00,wta,WTA 1000,Wuhan Open: Qualification,Hard,3,Sinja Kraus,Magda Linette,p2_games,over,12.5,0.4106,2.44,2.29,0.4083,0.2,-0.0598,0,100,1904609
2026-10-10 06:00,wta,WTA 1000,Wuhan Open: Qualification,Hard,3,Sinja Kraus,Magda Linette,p2_games,under,12.5,0.5894,1.7,1.58,0.5917,-0.2,-0.0687,0,100,1904609
2026-10-10 06:00,wta,WTA 1000,Wuhan Open: Qualification,Hard,3,Sinja Kraus,Magda Linette,p2_games,over,13.5,0.2671,3.74,3.45,0.2706,-0.3,-0.0784,0,100,1904609
2026-10-10 06:00,wta,WTA 1000,Wuhan Open: Qualification,Hard,3,Sinja Kraus,Magda Linette,p2_games,under,13.5,0.7329,1.36,1.28,0.7294,0.3,-0.0619,0,100,1904609
2026-10-10 06:00,wta,WTA 1000,Wuhan Open: Qualification,Hard,3,Sinja Kraus,Magda Linette,game_handicap,player_a,1.5,0.4677,2.14,,,,,0,100,1904609
2026-10-10 06:00,wta,WTA 1000,Wuhan Open: Qualification,Hard,3,Sinja Kraus,Magda Linette,game_handicap,player_b,-1.5,0.5323,1.88,,,,,0,100,1904609
2026-10-10 06:00,wta,WTA 1000,Wuhan Open: Qualification,Hard,3,Yue Yuan,Caty McNally,winner,player_a,,0.3791,2.64,,,,,0,94,1904600
2026-10-10 06:00,wta,WTA 1000,Wuhan Open: Qualification,Hard,3,Yue Yuan,Caty McNally,winner,player_b,,0.6209,1.61,,,,,0,94,1904600
2026-10-10 06:00,wta,WTA 1000,Wuhan Open: Qualification,Hard,3,Yue Yuan,Caty McNally,total_games,over,20.5,0.4889,2.05,,,,,0,94,1904600
2026-10-10 06:00,wta,WTA 1000,Wuhan Open: Qualification,Hard,3,Yue Yuan,Caty McNally,total_games,under,20.5,0.5111,1.96,,,,,0,94,1904600
2026-10-10 06:00,wta,WTA 1000,Wuhan Open: Qualification,Hard,3,Yue Yuan,Caty McNally,p1_games,over,12.5,0.3345,2.99,,,,,0,94,1904600
2026-10-10 06:00,wta,WTA 1000,Wuhan Open: Qualification,Hard,3,Yue Yuan,Caty McNally,p1_games,under,12.5,0.6655,1.5,,,,,0,94,1904600
2026-10-10 06:00,wta,WTA 1000,Wuhan Open: Qualification,Hard,3,Yue Yuan,Caty McNally,p2_games,over,12.5,0.4061,2.46,,,,,0,94,1904600
2026-10-10 06:00,wta,WTA 1000,Wuhan Open: Qualification,Hard,3,Yue Yuan,Caty McNally,p2_games,under,12.5,0.5939,1.68,,,,,0,94,1904600
2026-10-10 06:00,wta,WTA 1000,Wuhan Open: Qualification,Hard,3,Yue Yuan,Caty McNally,game_handicap,player_a,2.5,0.4534,2.21,,,,,0,94,1904600
2026-10-10 06:00,wta,WTA 1000,Wuhan Open: Qualification,Hard,3,Yue Yuan,Caty McNally,game_handicap,player_b,-2.5,0.5466,1.83,,,,,0,94,1904600
2026-10-10 06:00,wta,WTA 1000,Wuhan Open: Qualification,Hard,3,Zeynep Sonmez,Anastasia Zakharova,winner,player_a,,0.6007,1.66,1.9,0.5065,9.4,0.1413,0,100,1904607
2026-10-10 06:00,wta,WTA 1000,Wuhan Open: Qualification,Hard,3,Zeynep Sonmez,Anastasia Zakharova,winner,player_b,,0.3993,2.5,1.95,0.4935,-9.4,-0.2214,0,100,1904607
2026-10-10 06:00,wta,WTA 1000,Wuhan Open: Qualification,Hard,3,Zeynep Sonmez,Anastasia Zakharova,total_games,over,18.5,0.6256,1.6,1.36,0.6984,-7.3,-0.1491,0,100,1904607
2026-10-10 06:00,wta,WTA 1000,Wuhan Open: Qualification,Hard,3,Zeynep Sonmez,Anastasia Zakharova,total_games,under,18.5,0.3744,2.67,3.15,0.3016,7.3,0.1792,0,100,1904607
2026-10-10 06:00,wta,WTA 1000,Wuhan Open: Qualification,Hard,3,Zeynep Sonmez,Anastasia Zakharova,total_games,over,19.5,0.5508,1.82,1.54,0.6188,-6.8,-0.1518,0,100,1904607
2026-10-10 06:00,wta,WTA 1000,Wuhan Open: Qualification,Hard,3,Zeynep Sonmez,Anastasia Zakharova,total_games,under,19.5,0.4492,2.23,2.5,0.3812,6.8,0.1231,0,100,1904607
2026-10-10 06:00,wta,WTA 1000,Wuhan Open: Qualification,Hard,3,Zeynep Sonmez,Anastasia Zakharova,total_games,over,20.5,0.4876,2.05,1.74,0.5481,-6.0,-0.1516,0,100,1904607
2026-10-10 06:00,wta,WTA 1000,Wuhan Open: Qualification,Hard,3,Zeynep Sonmez,Anastasia Zakharova,total_games,under,20.5,0.5124,1.95,2.11,0.4519,6.0,0.0812,0,100,1904607
2026-10-10 06:00,wta,WTA 1000,Wuhan Open: Qualification,Hard,3,Zeynep Sonmez,Anastasia Zakharova,total_games,over,21.5,0.4409,2.27,1.92,0.4961,-5.5,-0.1535,0,100,1904607
2026-10-10 06:00,wta,WTA 1000,Wuhan Open: Qualification,Hard,3,Zeynep Sonmez,Anastasia Zakharova,total_games,under,21.5,0.5591,1.79,1.89,0.5039,5.5,0.0567,0,100,1904607
2026-10-10 06:00,wta,WTA 1000,Wuhan Open: Qualification,Hard,3,Zeynep Sonmez,Anastasia Zakharova,total_games,over,22.5,0.3881,2.58,2.19,0.4356,-4.7,-0.1501,0,100,1904607
2026-10-10 06:00,wta,WTA 1000,Wuhan Open: Qualification,Hard,3,Zeynep Sonmez,Anastasia Zakharova,total_games,under,22.5,0.6119,1.63,1.69,0.5644,4.7,0.0341,0,100,1904607
2026-10-10 06:00,wta,WTA 1000,Wuhan Open: Qualification,Hard,3,Zeynep Sonmez,Anastasia Zakharova,total_games,over,23.5,0.3541,2.82,2.41,0.3945,-4.0,-0.1466,0,100,1904607
2026-10-10 06:00,wta,WTA 1000,Wuhan Open: Qualification,Hard,3,Zeynep Sonmez,Anastasia Zakharova,total_games,under,23.5,0.6459,1.55,1.57,0.6055,4.0,0.0141,0,100,1904607
2026-10-10 06:00,wta,WTA 1000,Wuhan Open: Qualification,Hard,3,Zeynep Sonmez,Anastasia Zakharova,total_games,over,24.5,0.3318,3.01,2.55,0.3735,-4.2,-0.1538,0,100,1904607
2026-10-10 06:00,wta,WTA 1000,Wuhan Open: Qualification,Hard,3,Zeynep Sonmez,Anastasia Zakharova,total_games,under,24.5,0.6682,1.5,1.52,0.6265,4.2,0.0156,0,100,1904607
2026-10-10 06:00,wta,WTA 1000,Wuhan Open: Qualification,Hard,3,Zeynep Sonmez,Anastasia Zakharova,p1_games,over,11.5,0.7157,1.4,1.47,0.6343,8.1,0.0521,0,100,1904607
2026-10-10 06:00,wta,WTA 1000,Wuhan Open: Qualification,Hard,3,Zeynep Sonmez,Anastasia Zakharova,p1_games,under,11.5,0.2843,3.52,2.55,0.3657,-8.1,-0.275,0,100,1904607
2026-10-10 06:00,wta,WTA 1000,Wuhan Open: Qualification,Hard,3,Zeynep Sonmez,Anastasia Zakharova,p1_games,over,12.5,0.3985,2.51,2.22,0.4219,-2.3,-0.1152,0,100,1904607
2026-10-10 06:00,wta,WTA 1000,Wuhan Open: Qualification,Hard,3,Zeynep Sonmez,Anastasia Zakharova,p1_games,under,12.5,0.6015,1.66,1.62,0.5781,2.3,-0.0256,0,100,1904607
2026-10-10 06:00,wta,WTA 1000,Wuhan Open: Qualification,Hard,3,Zeynep Sonmez,Anastasia Zakharova,p1_games,over,13.5,0.2572,3.89,3.3,0.2826,-2.5,-0.1514,0,100,1904607
2026-10-10 06:00,wta,WTA 1000,Wuhan Open: Qualification,Hard,3,Zeynep Sonmez,Anastasia Zakharova,p1_games,under,13.5,0.7428,1.35,1.3,0.7174,2.5,-0.0343,0,100,1904607
2026-10-10 06:00,wta,WTA 1000,Wuhan Open: Qualification,Hard,3,Zeynep Sonmez,Anastasia Zakharova,p2_games,over,11.5,0.535,1.87,1.49,0.6266,-9.2,-0.2028,0,100,1904607
2026-10-10 06:00,wta,WTA 1000,Wuhan Open: Qualification,Hard,3,Zeynep Sonmez,Anastasia Zakharova,p2_games,under,11.5,0.465,2.15,2.5,0.3734,9.2,0.1624,0,100,1904607
2026-10-10 06:00,wta,WTA 1000,Wuhan Open: Qualification,Hard,3,Zeynep Sonmez,Anastasia Zakharova,p2_games,over,12.5,0.3396,2.95,2.24,0.4167,-7.7,-0.2394,0,100,1904607
2026-10-10 06:00,wta,WTA 1000,Wuhan Open: Qualification,Hard,3,Zeynep Sonmez,Anastasia Zakharova,p2_games,under,12.5,0.6604,1.51,1.6,0.5833,7.7,0.0567,0,100,1904607
2026-10-10 06:00,wta,WTA 1000,Wuhan Open: Qualification,Hard,3,Zeynep Sonmez,Anastasia Zakharova,p2_games,over,13.5,0.2256,4.43,3.35,0.2796,-5.4,-0.2441,0,100,1904607
2026-10-10 06:00,wta,WTA 1000,Wuhan Open: Qualification,Hard,3,Zeynep Sonmez,Anastasia Zakharova,p2_games,under,13.5,0.7744,1.29,1.3,0.7204,5.4,0.0067,0,100,1904607
2026-10-10 06:00,wta,WTA 1000,Wuhan Open: Qualification,Hard,3,Zeynep Sonmez,Anastasia Zakharova,game_handicap,player_a,-2.5,0.5262,1.9,,,,,0,100,1904607
2026-10-10 06:00,wta,WTA 1000,Wuhan Open: Qualification,Hard,3,Zeynep Sonmez,Anastasia Zakharova,game_handicap,player_b,2.5,0.4738,2.11,,,,,0,100,1904607
2026-10-10 07:30,wta,WTA 1000,Wuhan Open: Qualification,Hard,3,Anna Bondar,Lois Boisson,winner,player_a,,0.4479,2.23,,,,,0,94,1904601
2026-10-10 07:30,wta,WTA 1000,Wuhan Open: Qualification,Hard,3,Anna Bondar,Lois Boisson,winner,player_b,,0.5521,1.81,,,,,0,94,1904601
2026-10-10 07:30,wta,WTA 1000,Wuhan Open: Qualification,Hard,3,Anna Bondar,Lois Boisson,total_games,over,21.5,0.4767,2.1,,,,,0,94,1904601
2026-10-10 07:30,wta,WTA 1000,Wuhan Open: Qualification,Hard,3,Anna Bondar,Lois Boisson,total_games,under,21.5,0.5233,1.91,,,,,0,94,1904601
2026-10-10 07:30,wta,WTA 1000,Wuhan Open: Qualification,Hard,3,Anna Bondar,Lois Boisson,p1_games,over,12.5,0.3853,2.6,,,,,0,94,1904601
2026-10-10 07:30,wta,WTA 1000,Wuhan Open: Qualification,Hard,3,Anna Bondar,Lois Boisson,p1_games,under,12.5,0.6147,1.63,,,,,0,94,1904601
2026-10-10 07:30,wta,WTA 1000,Wuhan Open: Qualification,Hard,3,Anna Bondar,Lois Boisson,p2_games,over,12.5,0.417,2.4,,,,,0,94,1904601
2026-10-10 07:30,wta,WTA 1000,Wuhan Open: Qualification,Hard,3,Anna Bondar,Lois Boisson,p2_games,under,12.5,0.583,1.72,,,,,0,94,1904601
2026-10-10 07:30,wta,WTA 1000,Wuhan Open: Qualification,Hard,3,Anna Bondar,Lois Boisson,game_handicap,player_a,1.5,0.4913,2.04,,,,,0,94,1904601
2026-10-10 07:30,wta,WTA 1000,Wuhan Open: Qualification,Hard,3,Anna Bondar,Lois Boisson,game_handicap,player_b,-1.5,0.5087,1.97,,,,,0,94,1904601
2026-10-10 07:30,wta,WTA 1000,Wuhan Open: Qualification,Hard,3,Mananchaya Sawangkaew,Maya Joint,winner,player_a,,0.4054,2.47,,,,,0,88,1904603
2026-10-10 07:30,wta,WTA 1000,Wuhan Open: Qualification,Hard,3,Mananchaya Sawangkaew,Maya Joint,winner,player_b,,0.5946,1.68,,,,,0,88,1904603
2026-10-10 07:30,wta,WTA 1000,Wuhan Open: Qualification,Hard,3,Mananchaya Sawangkaew,Maya Joint,total_games,over,20.5,0.4888,2.05,,,,,1,88,1904603
2026-10-10 07:30,wta,WTA 1000,Wuhan Open: Qualification,Hard,3,Mananchaya Sawangkaew,Maya Joint,total_games,under,20.5,0.5112,1.96,,,,,1,88,1904603
2026-10-10 07:30,wta,WTA 1000,Wuhan Open: Qualification,Hard,3,Mananchaya Sawangkaew,Maya Joint,p1_games,over,12.5,0.3423,2.92,,,,,1,88,1904603
2026-10-10 07:30,wta,WTA 1000,Wuhan Open: Qualification,Hard,3,Mananchaya Sawangkaew,Maya Joint,p1_games,under,12.5,0.6577,1.52,,,,,1,88,1904603
2026-10-10 07:30,wta,WTA 1000,Wuhan Open: Qualification,Hard,3,Mananchaya Sawangkaew,Maya Joint,p2_games,over,12.5,0.3978,2.51,,,,,1,88,1904603
2026-10-10 07:30,wta,WTA 1000,Wuhan Open: Qualification,Hard,3,Mananchaya Sawangkaew,Maya Joint,p2_games,under,12.5,0.6022,1.66,,,,,1,88,1904603
2026-10-10 07:30,wta,WTA 1000,Wuhan Open: Qualification,Hard,3,Mananchaya Sawangkaew,Maya Joint,game_handicap,player_a,2.5,0.4801,2.08,,,,,1,88,1904603
2026-10-10 07:30,wta,WTA 1000,Wuhan Open: Qualification,Hard,3,Mananchaya Sawangkaew,Maya Joint,game_handicap,player_b,-2.5,0.5199,1.92,,,,,1,88,1904603
2026-10-10 07:30,wta,WTA 1000,Wuhan Open: Qualification,Hard,3,Maria Osorio,Lin Zhu,winner,player_a,,0.4026,2.48,,,,,0,62,1904604
2026-10-10 07:30,wta,WTA 1000,Wuhan Open: Qualification,Hard,3,Maria Osorio,Lin Zhu,winner,player_b,,0.5974,1.67,,,,,0,62,1904604
2026-10-10 07:30,wta,WTA 1000,Wuhan Open: Qualification,Hard,3,Maria Osorio,Lin Zhu,total_games,over,20.5,0.495,2.02,,,,,1,62,1904604
2026-10-10 07:30,wta,WTA 1000,Wuhan Open: Qualification,Hard,3,Maria Osorio,Lin Zhu,total_games,under,20.5,0.505,1.98,,,,,1,62,1904604
2026-10-10 07:30,wta,WTA 1000,Wuhan Open: Qualification,Hard,3,Maria Osorio,Lin Zhu,p1_games,over,12.5,0.3465,2.89,,,,,1,62,1904604
2026-10-10 07:30,wta,WTA 1000,Wuhan Open: Qualification,Hard,3,Maria Osorio,Lin Zhu,p1_games,under,12.5,0.6535,1.53,,,,,1,62,1904604
2026-10-10 07:30,wta,WTA 1000,Wuhan Open: Qualification,Hard,3,Maria Osorio,Lin Zhu,p2_games,over,12.5,0.404,2.48,,,,,1,62,1904604
2026-10-10 07:30,wta,WTA 1000,Wuhan Open: Qualification,Hard,3,Maria Osorio,Lin Zhu,p2_games,under,12.5,0.596,1.68,,,,,1,62,1904604
2026-10-10 07:30,wta,WTA 1000,Wuhan Open: Qualification,Hard,3,Maria Osorio,Lin Zhu,game_handicap,player_a,2.5,0.479,2.09,,,,,1,62,1904604
2026-10-10 07:30,wta,WTA 1000,Wuhan Open: Qualification,Hard,3,Maria Osorio,Lin Zhu,game_handicap,player_b,-2.5,0.521,1.92,,,,,1,62,1904604
2026-10-10 07:30,wta,WTA 1000,Wuhan Open: Qualification,Hard,3,Polina Kudermetova,Katie Volynets,winner,player_a,,0.4563,2.19,,,,,0,94,1904605
2026-10-10 07:30,wta,WTA 1000,Wuhan Open: Qualification,Hard,3,Polina Kudermetova,Katie Volynets,winner,player_b,,0.5437,1.84,,,,,0,94,1904605
2026-10-10 07:30,wta,WTA 1000,Wuhan Open: Qualification,Hard,3,Polina Kudermetova,Katie Volynets,total_games,over,20.5,0.4922,2.03,,,,,0,94,1904605
2026-10-10 07:30,wta,WTA 1000,Wuhan Open: Qualification,Hard,3,Polina Kudermetova,Katie Volynets,total_games,under,20.5,0.5078,1.97,,,,,0,94,1904605
2026-10-10 07:30,wta,WTA 1000,Wuhan Open: Qualification,Hard,3,Polina Kudermetova,Katie Volynets,p1_games,over,12.5,0.3597,2.78,,,,,0,94,1904605
2026-10-10 07:30,wta,WTA 1000,Wuhan Open: Qualification,Hard,3,Polina Kudermetova,Katie Volynets,p1_games,under,12.5,0.6403,1.56,,,,,0,94,1904605
2026-10-10 07:30,wta,WTA 1000,Wuhan Open: Qualification,Hard,3,Polina Kudermetova,Katie Volynets,p2_games,over,12.5,0.3856,2.59,,,,,0,94,1904605
2026-10-10 07:30,wta,WTA 1000,Wuhan Open: Qualification,Hard,3,Polina Kudermetova,Katie Volynets,p2_games,under,12.5,0.6144,1.63,,,,,0,94,1904605
2026-10-10 07:30,wta,WTA 1000,Wuhan Open: Qualification,Hard,3,Polina Kudermetova,Katie Volynets,game_handicap,player_a,1.5,0.4957,2.02,,,,,0,94,1904605
2026-10-10 07:30,wta,WTA 1000,Wuhan Open: Qualification,Hard,3,Polina Kudermetova,Katie Volynets,game_handicap,player_b,-1.5,0.5043,1.98,,,,,0,94,1904605
2026-10-10 14:00,atp,ATP Challenger,"Antofagasta, Chile",Clay,3,Lautaro Midon,Thiago Seyboth Wild,winner,player_a,,0.4702,2.13,2.85,0.3278,14.2,0.3401,0,100,1904678
2026-10-10 14:00,atp,ATP Challenger,"Antofagasta, Chile",Clay,3,Lautaro Midon,Thiago Seyboth Wild,winner,player_b,,0.5298,1.89,1.39,0.6722,-14.2,-0.2636,0,100,1904678
2026-10-10 14:00,atp,ATP Challenger,"Antofagasta, Chile",Clay,3,Lautaro Midon,Thiago Seyboth Wild,total_games,over,21.5,0.5264,1.9,1.84,0.5027,2.4,-0.0314,0,100,1904678
2026-10-10 14:00,atp,ATP Challenger,"Antofagasta, Chile",Clay,3,Lautaro Midon,Thiago Seyboth Wild,total_games,under,21.5,0.4736,2.11,1.86,0.4973,-2.4,-0.1191,0,100,1904678
2026-10-10 14:00,atp,ATP Challenger,"Antofagasta, Chile",Clay,3,Lautaro Midon,Thiago Seyboth Wild,p1_games,over,11.5,0.6333,1.58,1.9,0.4865,14.7,0.2033,0,100,1904678
2026-10-10 14:00,atp,ATP Challenger,"Antofagasta, Chile",Clay,3,Lautaro Midon,Thiago Seyboth Wild,p1_games,under,11.5,0.3667,2.73,1.8,0.5135,-14.7,-0.34,0,100,1904678
2026-10-10 14:00,atp,ATP Challenger,"Antofagasta, Chile",Clay,3,Lautaro Midon,Thiago Seyboth Wild,p2_games,over,12.5,0.4505,2.22,1.89,0.4906,-4.0,-0.1486,0,100,1904678
2026-10-10 14:00,atp,ATP Challenger,"Antofagasta, Chile",Clay,3,Lautaro Midon,Thiago Seyboth Wild,p2_games,under,12.5,0.5495,1.82,1.82,0.5094,4.0,0.0002,0,100,1904678
2026-10-10 14:00,atp,ATP Challenger,"Antofagasta, Chile",Clay,3,Lautaro Midon,Thiago Seyboth Wild,game_handicap,player_a,0.5,0.4862,2.06,,,,,0,100,1904678
2026-10-10 14:00,atp,ATP Challenger,"Antofagasta, Chile",Clay,3,Lautaro Midon,Thiago Seyboth Wild,game_handicap,player_b,-0.5,0.5138,1.95,,,,,0,100,1904678
2026-10-10 10:00,atp,ATP Challenger,"Braga, Portugal",Clay,3,Matej Dodig,Lukas Neumayer,winner,player_a,,0.5608,1.78,1.66,0.5643,-0.4,-0.0691,0,100,1904659
2026-10-10 10:00,atp,ATP Challenger,"Braga, Portugal",Clay,3,Matej Dodig,Lukas Neumayer,winner,player_b,,0.4392,2.28,2.15,0.4357,0.4,-0.0556,0,100,1904659
2026-10-10 10:00,atp,ATP Challenger,"Braga, Portugal",Clay,3,Matej Dodig,Lukas Neumayer,total_games,over,22.5,0.4619,2.16,1.91,0.4852,-2.3,-0.1177,0,100,1904659
2026-10-10 10:00,atp,ATP Challenger,"Braga, Portugal",Clay,3,Matej Dodig,Lukas Neumayer,total_games,under,22.5,0.5381,1.86,1.8,0.5148,2.3,-0.0315,0,100,1904659
2026-10-10 10:00,atp,ATP Challenger,"Braga, Portugal",Clay,3,Matej Dodig,Lukas Neumayer,p1_games,over,12.5,0.4634,2.16,1.87,0.496,-3.3,-0.1334,0,100,1904659
2026-10-10 10:00,atp,ATP Challenger,"Braga, Portugal",Clay,3,Matej Dodig,Lukas Neumayer,p1_games,under,12.5,0.5366,1.86,1.84,0.504,3.3,-0.0127,0,100,1904659
2026-10-10 10:00,atp,ATP Challenger,"Braga, Portugal",Clay,3,Matej Dodig,Lukas Neumayer,p2_games,over,12.5,0.4213,2.37,2.08,0.4453,-2.4,-0.1237,0,100,1904659
2026-10-10 10:00,atp,ATP Challenger,"Braga, Portugal",Clay,3,Matej Dodig,Lukas Neumayer,p2_games,under,12.5,0.5787,1.73,1.67,0.5547,2.4,-0.0335,0,100,1904659
2026-10-10 10:00,atp,ATP Challenger,"Braga, Portugal",Clay,3,Matej Dodig,Lukas Neumayer,game_handicap,player_a,-1.5,0.5118,1.95,,,,,0,100,1904659
2026-10-10 10:00,atp,ATP Challenger,"Braga, Portugal",Clay,3,Matej Dodig,Lukas Neumayer,game_handicap,player_b,1.5,0.4882,2.05,,,,,0,100,1904659
2026-10-10 11:30,atp,ATP Challenger,"Braga, Portugal",Clay,3,Elmer Moller,Vilius Gaubas,winner,player_a,,0.537,1.86,2.05,0.4562,8.1,0.1008,0,100,1904679
2026-10-10 11:30,atp,ATP Challenger,"Braga, Portugal",Clay,3,Elmer Moller,Vilius Gaubas,winner,player_b,,0.463,2.16,1.72,0.5438,-8.1,-0.2036,0,100,1904679
2026-10-10 11:30,atp,ATP Challenger,"Braga, Portugal",Clay,3,Elmer Moller,Vilius Gaubas,total_games,over,22.5,0.4421,2.26,1.98,0.4677,-2.6,-0.1247,0,100,1904679
2026-10-10 11:30,atp,ATP Challenger,"Braga, Portugal",Clay,3,Elmer Moller,Vilius Gaubas,total_games,under,22.5,0.5579,1.79,1.74,0.5323,2.6,-0.0292,0,100,1904679
2026-10-10 11:30,atp,ATP Challenger,"Braga, Portugal",Clay,3,Elmer Moller,Vilius Gaubas,p1_games,over,12.5,0.4297,2.33,2.19,0.4237,0.6,-0.0589,0,100,1904679
2026-10-10 11:30,atp,ATP Challenger,"Braga, Portugal",Clay,3,Elmer Moller,Vilius Gaubas,p1_games,under,12.5,0.5703,1.75,1.61,0.5763,-0.6,-0.0818,0,100,1904679
2026-10-10 11:30,atp,ATP Challenger,"Braga, Portugal",Clay,3,Elmer Moller,Vilius Gaubas,p2_games,over,12.5,0.4051,2.47,2.02,0.4584,-5.3,-0.1818,0,100,1904679
2026-10-10 11:30,atp,ATP Challenger,"Braga, Portugal",Clay,3,Elmer Moller,Vilius Gaubas,p2_games,under,12.5,0.5949,1.68,1.71,0.5416,5.3,0.0174,0,100,1904679
2026-10-10 11:30,atp,ATP Challenger,"Braga, Portugal",Clay,3,Elmer Moller,Vilius Gaubas,game_handicap,player_a,-0.5,0.5222,1.92,,,,,0,100,1904679
2026-10-10 11:30,atp,ATP Challenger,"Braga, Portugal",Clay,3,Elmer Moller,Vilius Gaubas,game_handicap,player_b,0.5,0.4778,2.09,,,,,0,100,1904679
2026-10-10 10:00,atp,ATP Challenger,"Villena, Spain",Hard,3,Jack Pinnington Jones,Daniil Glinka,winner,player_a,,0.5092,1.96,1.6,0.5844,-7.5,-0.1853,0,100,1904635
2026-10-10 10:00,atp,ATP Challenger,"Villena, Spain",Hard,3,Jack Pinnington Jones,Daniil Glinka,winner,player_b,,0.4908,2.04,2.25,0.4156,7.5,0.1043,0,100,1904635
2026-10-10 10:00,atp,ATP Challenger,"Villena, Spain",Hard,3,Jack Pinnington Jones,Daniil Glinka,total_games,over,21.5,0.5643,1.77,1.74,0.5323,3.2,-0.0181,0,100,1904635
2026-10-10 10:00,atp,ATP Challenger,"Villena, Spain",Hard,3,Jack Pinnington Jones,Daniil Glinka,total_games,under,21.5,0.4357,2.3,1.98,0.4677,-3.2,-0.1373,0,100,1904635
2026-10-10 10:00,atp,ATP Challenger,"Villena, Spain",Hard,3,Jack Pinnington Jones,Daniil Glinka,p1_games,over,12.5,0.4758,2.1,1.99,0.4665,0.9,-0.0531,0,100,1904635
2026-10-10 10:00,atp,ATP Challenger,"Villena, Spain",Hard,3,Jack Pinnington Jones,Daniil Glinka,p1_games,under,12.5,0.5242,1.91,1.74,0.5335,-0.9,-0.0879,0,100,1904635
2026-10-10 10:00,atp,ATP Challenger,"Villena, Spain",Hard,3,Jack Pinnington Jones,Daniil Glinka,p2_games,over,11.5,0.6663,1.5,1.65,0.5612,10.5,0.0994,0,100,1904635
2026-10-10 10:00,atp,ATP Challenger,"Villena, Spain",Hard,3,Jack Pinnington Jones,Daniil Glinka,p2_games,under,11.5,0.3337,3.0,2.11,0.4388,-10.5,-0.2959,0,100,1904635
2026-10-10 10:00,atp,ATP Challenger,"Villena, Spain",Hard,3,Jack Pinnington Jones,Daniil Glinka,game_handicap,player_a,-0.5,0.4926,2.03,,,,,0,100,1904635
2026-10-10 10:00,atp,ATP Challenger,"Villena, Spain",Hard,3,Jack Pinnington Jones,Daniil Glinka,game_handicap,player_b,0.5,0.5074,1.97,,,,,0,100,1904635
2026-10-10 12:00,atp,ATP Challenger,"Villena, Spain",Hard,3,Pedro Martinez,Laslo Djere,winner,player_a,,0.4244,2.36,2.38,0.3929,3.2,0.0102,0,100,1904682
2026-10-10 12:00,atp,ATP Challenger,"Villena, Spain",Hard,3,Pedro Martinez,Laslo Djere,winner,player_b,,0.5756,1.74,1.54,0.6071,-3.2,-0.1136,0,100,1904682
2026-10-10 12:00,atp,ATP Challenger,"Villena, Spain",Hard,3,Pedro Martinez,Laslo Djere,total_games,over,22.5,0.4661,2.15,1.93,0.4798,-1.4,-0.1004,0,100,1904682
2026-10-10 12:00,atp,ATP Challenger,"Villena, Spain",Hard,3,Pedro Martinez,Laslo Djere,total_games,under,22.5,0.5339,1.87,1.78,0.5202,1.4,-0.0497,0,100,1904682
2026-10-10 12:00,atp,ATP Challenger,"Villena, Spain",Hard,3,Pedro Martinez,Laslo Djere,p1_games,over,11.5,0.5971,1.67,1.64,0.565,3.2,-0.0208,0,100,1904682
2026-10-10 12:00,atp,ATP Challenger,"Villena, Spain",Hard,3,Pedro Martinez,Laslo Djere,p1_games,under,11.5,0.4029,2.48,2.13,0.435,-3.2,-0.1418,0,100,1904682
2026-10-10 12:00,atp,ATP Challenger,"Villena, Spain",Hard,3,Pedro Martinez,Laslo Djere,p2_games,over,12.5,0.4747,2.11,1.81,0.5108,-3.6,-0.1408,0,100,1904682
2026-10-10 12:00,atp,ATP Challenger,"Villena, Spain",Hard,3,Pedro Martinez,Laslo Djere,p2_games,under,12.5,0.5253,1.9,1.89,0.4892,3.6,-0.0072,0,100,1904682
2026-10-10 12:00,atp,ATP Challenger,"Villena, Spain",Hard,3,Pedro Martinez,Laslo Djere,game_handicap,player_a,1.5,0.4732,2.11,,,,,0,100,1904682
2026-10-10 12:00,atp,ATP Challenger,"Villena, Spain",Hard,3,Pedro Martinez,Laslo Djere,game_handicap,player_b,-1.5,0.5268,1.9,,,,,0,100,1904682
2026-10-10 03:30,wta,WTA Challenger,"Suzhou, China",Hard,3,Kyoka Okamura,Elvina Kalieva,winner,player_a,,0.6165,1.62,2.7,0.3462,27.0,0.6646,0,94,1904509
2026-10-10 03:30,wta,WTA Challenger,"Suzhou, China",Hard,3,Kyoka Okamura,Elvina Kalieva,winner,player_b,,0.3835,2.61,1.43,0.6538,-27.0,-0.4516,0,94,1904509
2026-10-10 03:30,wta,WTA Challenger,"Suzhou, China",Hard,3,Kyoka Okamura,Elvina Kalieva,total_games,over,21.5,0.4558,2.19,1.82,0.5081,-5.2,-0.1704,1,94,1904509
2026-10-10 03:30,wta,WTA Challenger,"Suzhou, China",Hard,3,Kyoka Okamura,Elvina Kalieva,total_games,under,21.5,0.5442,1.84,1.88,0.4919,5.2,0.023,1,94,1904509
2026-10-10 03:30,wta,WTA Challenger,"Suzhou, China",Hard,3,Kyoka Okamura,Elvina Kalieva,p1_games,over,10.5,0.7585,1.32,1.83,0.5067,25.2,0.3881,1,94,1904509
2026-10-10 03:30,wta,WTA Challenger,"Suzhou, China",Hard,3,Kyoka Okamura,Elvina Kalieva,p1_games,under,10.5,0.2415,4.14,1.88,0.4933,-25.2,-0.5461,1,94,1904509
2026-10-10 03:30,wta,WTA Challenger,"Suzhou, China",Hard,3,Kyoka Okamura,Elvina Kalieva,p2_games,over,12.5,0.3484,2.87,2.03,0.4558,-10.7,-0.2928,1,94,1904509
2026-10-10 03:30,wta,WTA Challenger,"Suzhou, China",Hard,3,Kyoka Okamura,Elvina Kalieva,p2_games,under,12.5,0.6516,1.53,1.7,0.5442,10.7,0.1078,1,94,1904509
2026-10-10 03:30,wta,WTA Challenger,"Suzhou, China",Hard,3,Kyoka Okamura,Elvina Kalieva,game_handicap,player_a,-2.5,0.5376,1.86,,,,,1,94,1904509
2026-10-10 03:30,wta,WTA Challenger,"Suzhou, China",Hard,3,Kyoka Okamura,Elvina Kalieva,game_handicap,player_b,2.5,0.4624,2.16,,,,,1,94,1904509
2026-10-10 05:00,wta,WTA Challenger,"Suzhou, China",Hard,3,Rebecca Sramkova,Renata Zarazua,winner,player_a,,0.5218,1.92,1.75,0.5333,-1.2,-0.0869,0,100,1904516
2026-10-10 05:00,wta,WTA Challenger,"Suzhou, China",Hard,3,Rebecca Sramkova,Renata Zarazua,winner,player_b,,0.4782,2.09,2.0,0.4667,1.2,-0.0435,0,100,1904516
2026-10-10 05:00,wta,WTA Challenger,"Suzhou, China",Hard,3,Rebecca Sramkova,Renata Zarazua,total_games,over,21.5,0.4572,2.19,1.82,0.5094,-5.2,-0.1679,0,100,1904516
2026-10-10 05:00,wta,WTA Challenger,"Suzhou, China",Hard,3,Rebecca Sramkova,Renata Zarazua,total_games,under,21.5,0.5428,1.84,1.89,0.4906,5.2,0.0259,0,100,1904516
2026-10-10 05:00,wta,WTA Challenger,"Suzhou, China",Hard,3,Rebecca Sramkova,Renata Zarazua,p1_games,over,12.5,0.3897,2.57,2.25,0.411,-2.1,-0.1231,0,100,1904516
2026-10-10 05:00,wta,WTA Challenger,"Suzhou, China",Hard,3,Rebecca Sramkova,Renata Zarazua,p1_games,under,12.5,0.6103,1.64,1.57,0.589,2.1,-0.0419,0,100,1904516
2026-10-10 05:00,wta,WTA Challenger,"Suzhou, China",Hard,3,Rebecca Sramkova,Renata Zarazua,p2_games,over,11.5,0.6129,1.63,1.57,0.589,2.4,-0.0377,0,100,1904516
2026-10-10 05:00,wta,WTA Challenger,"Suzhou, China",Hard,3,Rebecca Sramkova,Renata Zarazua,p2_games,under,11.5,0.3871,2.58,2.25,0.411,-2.4,-0.1291,0,100,1904516
2026-10-10 05:00,wta,WTA Challenger,"Suzhou, China",Hard,3,Rebecca Sramkova,Renata Zarazua,game_handicap,player_a,-0.5,0.5087,1.97,,,,,0,100,1904516
2026-10-10 05:00,wta,WTA Challenger,"Suzhou, China",Hard,3,Rebecca Sramkova,Renata Zarazua,game_handicap,player_b,0.5,0.4913,2.04,,,,,0,100,1904516
2026-10-10 10:00,wta,WTA Challenger,"Samsun, Turkiye",N/A,3,Ayla Aksu,Himeno Sakatsume,winner,player_a,,0.382,2.62,2.75,0.3405,4.1,0.0506,0,81,1904670
2026-10-10 10:00,wta,WTA Challenger,"Samsun, Turkiye",N/A,3,Ayla Aksu,Himeno Sakatsume,winner,player_b,,0.618,1.62,1.42,0.6595,-4.1,-0.1225,0,81,1904670
2026-10-10 10:00,wta,WTA Challenger,"Samsun, Turkiye",N/A,3,Ayla Aksu,Himeno Sakatsume,total_games,over,20.5,0.4937,2.03,1.82,0.5094,-1.6,-0.1014,1,81,1904670
2026-10-10 10:00,wta,WTA Challenger,"Samsun, Turkiye",N/A,3,Ayla Aksu,Himeno Sakatsume,total_games,under,20.5,0.5063,1.98,1.89,0.4906,1.6,-0.0432,1,81,1904670
2026-10-10 10:00,wta,WTA Challenger,"Samsun, Turkiye",N/A,3,Ayla Aksu,Himeno Sakatsume,p1_games,over,10.5,0.5537,1.81,1.9,0.4879,6.6,0.0521,1,81,1904670
2026-10-10 10:00,wta,WTA Challenger,"Samsun, Turkiye",N/A,3,Ayla Aksu,Himeno Sakatsume,p1_games,under,10.5,0.4463,2.24,1.81,0.5121,-6.6,-0.1923,1,81,1904670
2026-10-10 10:00,wta,WTA Challenger,"Samsun, Turkiye",N/A,3,Ayla Aksu,Himeno Sakatsume,p2_games,over,12.5,0.4094,2.44,2.18,0.4248,-1.5,-0.1076,1,81,1904670
2026-10-10 10:00,wta,WTA Challenger,"Samsun, Turkiye",N/A,3,Ayla Aksu,Himeno Sakatsume,p2_games,under,12.5,0.5906,1.69,1.61,0.5752,1.5,-0.0491,1,81,1904670
2026-10-10 10:00,wta,WTA Challenger,"Samsun, Turkiye",N/A,3,Ayla Aksu,Himeno Sakatsume,game_handicap,player_a,2.5,0.4577,2.18,,,,,1,81,1904670
2026-10-10 10:00,wta,WTA Challenger,"Samsun, Turkiye",N/A,3,Ayla Aksu,Himeno Sakatsume,game_handicap,player_b,-2.5,0.5423,1.84,,,,,1,81,1904670
2026-10-10 11:30,wta,WTA Challenger,"Samsun, Turkiye",N/A,3,Lucrezia Stefanini,Anna Blinkova,winner,player_a,,0.3855,2.59,2.38,0.3929,-0.7,-0.0825,0,88,1904684
2026-10-10 11:30,wta,WTA Challenger,"Samsun, Turkiye",N/A,3,Lucrezia Stefanini,Anna Blinkova,winner,player_b,,0.6145,1.63,1.54,0.6071,0.7,-0.0537,0,88,1904684
2026-10-10 11:30,wta,WTA Challenger,"Samsun, Turkiye",N/A,3,Lucrezia Stefanini,Anna Blinkova,total_games,over,20.5,0.4758,2.1,1.89,0.4892,-1.3,-0.1007,0,88,1904684
2026-10-10 11:30,wta,WTA Challenger,"Samsun, Turkiye",N/A,3,Lucrezia Stefanini,Anna Blinkova,total_games,under,20.5,0.5242,1.91,1.81,0.5108,1.3,-0.0512,0,88,1904684
2026-10-10 11:30,wta,WTA Challenger,"Samsun, Turkiye",N/A,3,Lucrezia Stefanini,Anna Blinkova,p1_games,over,11.5,0.5171,1.93,1.82,0.5094,0.8,-0.0589,0,88,1904684
2026-10-10 11:30,wta,WTA Challenger,"Samsun, Turkiye",N/A,3,Lucrezia Stefanini,Anna Blinkova,p1_games,under,11.5,0.4829,2.07,1.89,0.4906,-0.8,-0.0872,0,88,1904684
2026-10-10 11:30,wta,WTA Challenger,"Samsun, Turkiye",N/A,3,Lucrezia Stefanini,Anna Blinkova,p2_games,over,12.5,0.3924,2.55,2.26,0.4099,-1.7,-0.1131,0,88,1904684
2026-10-10 11:30,wta,WTA Challenger,"Samsun, Turkiye",N/A,3,Lucrezia Stefanini,Anna Blinkova,p2_games,under,12.5,0.6076,1.65,1.57,0.5901,1.7,-0.0461,0,88,1904684
2026-10-10 11:30,wta,WTA Challenger,"Samsun, Turkiye",N/A,3,Lucrezia Stefanini,Anna Blinkova,game_handicap,player_a,2.5,0.4572,2.19,,,,,0,88,1904684
2026-10-10 11:30,wta,WTA Challenger,"Samsun, Turkiye",N/A,3,Lucrezia Stefanini,Anna Blinkova,game_handicap,player_b,-2.5,0.5428,1.84,,,,,0,88,1904684
2026-10-10 03:00,atp,ATP Challenger,"Wuning 3, China",N/A,3,Keisuke Saitoh,Jay Dylan Friend,winner,player_a,,0.1376,7.27,4.4,0.2129,-7.5,-0.3947,0,75,1904513
2026-10-10 03:00,atp,ATP Challenger,"Wuning 3, China",N/A,3,Keisuke Saitoh,Jay Dylan Friend,winner,player_b,,0.8624,1.16,1.19,0.7871,7.5,0.0263,0,75,1904513
2026-10-10 03:00,atp,ATP Challenger,"Wuning 3, China",N/A,3,Keisuke Saitoh,Jay Dylan Friend,total_games,over,20.5,0.4316,2.32,1.82,0.5081,-7.7,-0.2145,1,75,1904513
2026-10-10 03:00,atp,ATP Challenger,"Wuning 3, China",N/A,3,Keisuke Saitoh,Jay Dylan Friend,total_games,under,20.5,0.5684,1.76,1.88,0.4919,7.7,0.0686,1,75,1904513
2026-10-10 03:00,atp,ATP Challenger,"Wuning 3, China",N/A,3,Keisuke Saitoh,Jay Dylan Friend,p1_games,over,8.5,0.4162,2.4,1.82,0.5094,-9.3,-0.2425,1,75,1904513
2026-10-10 03:00,atp,ATP Challenger,"Wuning 3, China",N/A,3,Keisuke Saitoh,Jay Dylan Friend,p1_games,under,8.5,0.5838,1.71,1.89,0.4906,9.3,0.1034,1,75,1904513
2026-10-10 03:00,atp,ATP Challenger,"Wuning 3, China",N/A,3,Keisuke Saitoh,Jay Dylan Friend,p2_games,over,12.5,0.4372,2.29,1.87,0.4946,-5.7,-0.1824,1,75,1904513
2026-10-10 03:00,atp,ATP Challenger,"Wuning 3, China",N/A,3,Keisuke Saitoh,Jay Dylan Friend,p2_games,under,12.5,0.5628,1.78,1.83,0.5054,5.7,0.0299,1,75,1904513
2026-10-10 03:00,atp,ATP Challenger,"Wuning 3, China",N/A,3,Keisuke Saitoh,Jay Dylan Friend,game_handicap,player_a,4.5,0.393,2.54,,,,,1,75,1904513
2026-10-10 03:00,atp,ATP Challenger,"Wuning 3, China",N/A,3,Keisuke Saitoh,Jay Dylan Friend,game_handicap,player_b,-4.5,0.607,1.65,,,,,1,75,1904513
2026-10-10 04:30,atp,ATP Challenger,"Wuning 3, China",N/A,3,Alibek Kachmazov,Omar Jasika,winner,player_a,,0.7161,1.4,1.41,0.6611,5.5,0.0097,0,81,1904514
2026-10-10 04:30,atp,ATP Challenger,"Wuning 3, China",N/A,3,Alibek Kachmazov,Omar Jasika,winner,player_b,,0.2839,3.52,2.75,0.3389,-5.5,-0.2192,0,81,1904514
2026-10-10 04:30,atp,ATP Challenger,"Wuning 3, China",N/A,3,Alibek Kachmazov,Omar Jasika,total_games,over,21.5,0.4778,2.09,1.82,0.5094,-3.2,-0.1303,1,81,1904514
2026-10-10 04:30,atp,ATP Challenger,"Wuning 3, China",N/A,3,Alibek Kachmazov,Omar Jasika,total_games,under,21.5,0.5222,1.92,1.89,0.4906,3.2,-0.0131,1,81,1904514
2026-10-10 04:30,atp,ATP Challenger,"Wuning 3, China",N/A,3,Alibek Kachmazov,Omar Jasika,p1_games,over,12.5,0.4745,2.11,1.87,0.4946,-2.0,-0.1127,1,81,1904514
2026-10-10 04:30,atp,ATP Challenger,"Wuning 3, China",N/A,3,Alibek Kachmazov,Omar Jasika,p1_games,under,12.5,0.5255,1.9,1.83,0.5054,2.0,-0.0383,1,81,1904514
2026-10-10 04:30,atp,ATP Challenger,"Wuning 3, China",N/A,3,Alibek Kachmazov,Omar Jasika,p2_games,over,11.5,0.4494,2.23,1.85,0.5,-5.1,-0.1686,1,81,1904514
2026-10-10 04:30,atp,ATP Challenger,"Wuning 3, China",N/A,3,Alibek Kachmazov,Omar Jasika,p2_games,under,11.5,0.5506,1.82,1.85,0.5,5.1,0.0186,1,81,1904514
2026-10-10 04:30,atp,ATP Challenger,"Wuning 3, China",N/A,3,Alibek Kachmazov,Omar Jasika,game_handicap,player_a,-3.5,0.558,1.79,,,,,1,81,1904514
2026-10-10 04:30,atp,ATP Challenger,"Wuning 3, China",N/A,3,Alibek Kachmazov,Omar Jasika,game_handicap,player_b,3.5,0.442,2.26,,,,,1,81,1904514
2026-10-10 14:00,atp,ATP Challenger,"Palermo, Italy",Clay,3,Jonas Forejtek,Alejandro Moro Canas,winner,player_a,,0.4216,2.37,2.27,0.4119,1.0,-0.043,0,100,1904691
2026-10-10 14:00,atp,ATP Challenger,"Palermo, Italy",Clay,3,Jonas Forejtek,Alejandro Moro Canas,winner,player_b,,0.5784,1.73,1.59,0.5881,-1.0,-0.0803,0,100,1904691
2026-10-10 14:00,atp,ATP Challenger,"Palermo, Italy",Clay,3,Jonas Forejtek,Alejandro Moro Canas,total_games,over,22.5,0.4577,2.18,,,,,0,100,1904691
2026-10-10 14:00,atp,ATP Challenger,"Palermo, Italy",Clay,3,Jonas Forejtek,Alejandro Moro Canas,total_games,under,22.5,0.5423,1.84,,,,,0,100,1904691
2026-10-10 14:00,atp,ATP Challenger,"Palermo, Italy",Clay,3,Jonas Forejtek,Alejandro Moro Canas,p1_games,over,12.5,0.4111,2.43,,,,,0,100,1904691
2026-10-10 14:00,atp,ATP Challenger,"Palermo, Italy",Clay,3,Jonas Forejtek,Alejandro Moro Canas,p1_games,under,12.5,0.5889,1.7,,,,,0,100,1904691
2026-10-10 14:00,atp,ATP Challenger,"Palermo, Italy",Clay,3,Jonas Forejtek,Alejandro Moro Canas,p2_games,over,12.5,0.4652,2.15,,,,,0,100,1904691
2026-10-10 14:00,atp,ATP Challenger,"Palermo, Italy",Clay,3,Jonas Forejtek,Alejandro Moro Canas,p2_games,under,12.5,0.5348,1.87,,,,,0,100,1904691
2026-10-10 14:00,atp,ATP Challenger,"Palermo, Italy",Clay,3,Jonas Forejtek,Alejandro Moro Canas,game_handicap,player_a,1.5,0.4702,2.13,,,,,0,100,1904691
2026-10-10 14:00,atp,ATP Challenger,"Palermo, Italy",Clay,3,Jonas Forejtek,Alejandro Moro Canas,game_handicap,player_b,-1.5,0.5298,1.89,,,,,0,100,1904691
