start_utc,tour,category,tournament,surface,best_of,player_a,player_b,market,selection,line,model_probability,fair_odds,bookmaker_odds,implied_fair,edge_pp,ev,low_confidence,data_quality,match_id
2026-09-30 21:30,atp,ATP Challenger,"Curitiba, Brazil",Clay,3,Joao Lucas Da Silva,Matheus Pucinelli de Almeida,winner,player_a,,0.427,2.34,2.37,0.3939,3.3,0.0121,0,81,1900752
2026-09-30 21:30,atp,ATP Challenger,"Curitiba, Brazil",Clay,3,Joao Lucas Da Silva,Matheus Pucinelli de Almeida,winner,player_b,,0.573,1.75,1.54,0.6061,-3.3,-0.1176,0,81,1900752
2026-09-30 21:30,atp,ATP Challenger,"Curitiba, Brazil",Clay,3,Joao Lucas Da Silva,Matheus Pucinelli de Almeida,total_games,over,22.5,0.4492,2.23,1.94,0.4771,-2.8,-0.1286,1,81,1900752
2026-09-30 21:30,atp,ATP Challenger,"Curitiba, Brazil",Clay,3,Joao Lucas Da Silva,Matheus Pucinelli de Almeida,total_games,under,22.5,0.5508,1.82,1.77,0.5229,2.8,-0.0251,1,81,1900752
2026-09-30 21:30,atp,ATP Challenger,"Curitiba, Brazil",Clay,3,Joao Lucas Da Silva,Matheus Pucinelli de Almeida,p1_games,over,11.5,0.5884,1.7,1.64,0.5638,2.5,-0.0351,1,81,1900752
2026-09-30 21:30,atp,ATP Challenger,"Curitiba, Brazil",Clay,3,Joao Lucas Da Silva,Matheus Pucinelli de Almeida,p1_games,under,11.5,0.4116,2.43,2.12,0.4362,-2.5,-0.1274,1,81,1900752
2026-09-30 21:30,atp,ATP Challenger,"Curitiba, Brazil",Clay,3,Joao Lucas Da Silva,Matheus Pucinelli de Almeida,p2_games,over,12.5,0.4527,2.21,1.83,0.5054,-5.3,-0.1715,1,81,1900752
2026-09-30 21:30,atp,ATP Challenger,"Curitiba, Brazil",Clay,3,Joao Lucas Da Silva,Matheus Pucinelli de Almeida,p2_games,under,12.5,0.5473,1.83,1.87,0.4946,5.3,0.0234,1,81,1900752
2026-09-30 21:30,atp,ATP Challenger,"Curitiba, Brazil",Clay,3,Joao Lucas Da Silva,Matheus Pucinelli de Almeida,game_handicap,player_a,1.5,0.4736,2.11,,,,,1,81,1900752
2026-09-30 21:30,atp,ATP Challenger,"Curitiba, Brazil",Clay,3,Joao Lucas Da Silva,Matheus Pucinelli de Almeida,game_handicap,player_b,-1.5,0.5264,1.9,,,,,1,81,1900752
2026-10-01 03:00,atp,ATP 500,China Open,Hard,3,Alex Molcan,Arthur Rinderknech,winner,player_a,,0.3829,2.61,2.35,0.4095,-2.7,-0.1001,0,100,1900545
2026-10-01 03:00,atp,ATP 500,China Open,Hard,3,Alex Molcan,Arthur Rinderknech,winner,player_b,,0.6171,1.62,1.63,0.5905,2.7,0.0058,0,100,1900545
2026-10-01 03:00,atp,ATP 500,China Open,Hard,3,Alex Molcan,Arthur Rinderknech,total_games,over,19.5,0.7095,1.41,1.32,0.7203,-1.1,-0.0635,0,100,1900545
2026-10-01 03:00,atp,ATP 500,China Open,Hard,3,Alex Molcan,Arthur Rinderknech,total_games,under,19.5,0.2905,3.44,3.4,0.2797,1.1,-0.0121,0,100,1900545
2026-10-01 03:00,atp,ATP 500,China Open,Hard,3,Alex Molcan,Arthur Rinderknech,total_games,over,20.5,0.6292,1.59,1.48,0.6416,-1.2,-0.0687,0,100,1900545
2026-10-01 03:00,atp,ATP 500,China Open,Hard,3,Alex Molcan,Arthur Rinderknech,total_games,under,20.5,0.3708,2.7,2.65,0.3584,1.2,-0.0175,0,100,1900545
2026-10-01 03:00,atp,ATP 500,China Open,Hard,3,Alex Molcan,Arthur Rinderknech,total_games,over,21.5,0.5754,1.74,1.61,0.5914,-1.6,-0.0735,0,100,1900545
2026-10-01 03:00,atp,ATP 500,China Open,Hard,3,Alex Molcan,Arthur Rinderknech,total_games,under,21.5,0.4246,2.36,2.33,0.4086,1.6,-0.0108,0,100,1900545
2026-10-01 03:00,atp,ATP 500,China Open,Hard,3,Alex Molcan,Arthur Rinderknech,total_games,over,22.5,0.4939,2.02,1.86,0.5118,-1.8,-0.0813,0,100,1900545
2026-10-01 03:00,atp,ATP 500,China Open,Hard,3,Alex Molcan,Arthur Rinderknech,total_games,under,22.5,0.5061,1.98,1.95,0.4882,1.8,-0.0132,0,100,1900545
2026-10-01 03:00,atp,ATP 500,China Open,Hard,3,Alex Molcan,Arthur Rinderknech,total_games,over,23.5,0.4332,2.31,2.11,0.4519,-1.9,-0.086,0,100,1900545
2026-10-01 03:00,atp,ATP 500,China Open,Hard,3,Alex Molcan,Arthur Rinderknech,total_games,under,23.5,0.5668,1.76,1.74,0.5481,1.9,-0.0137,0,100,1900545
2026-10-01 03:00,atp,ATP 500,China Open,Hard,3,Alex Molcan,Arthur Rinderknech,total_games,over,24.5,0.4225,2.37,2.17,0.4393,-1.7,-0.0833,0,100,1900545
2026-10-01 03:00,atp,ATP 500,China Open,Hard,3,Alex Molcan,Arthur Rinderknech,total_games,under,24.5,0.5775,1.73,1.7,0.5607,1.7,-0.0182,0,100,1900545
2026-10-01 03:00,atp,ATP 500,China Open,Hard,3,Alex Molcan,Arthur Rinderknech,total_games,over,25.5,0.3898,2.57,2.36,0.404,-1.4,-0.0801,0,100,1900545
2026-10-01 03:00,atp,ATP 500,China Open,Hard,3,Alex Molcan,Arthur Rinderknech,total_games,under,25.5,0.6102,1.64,1.6,0.596,1.4,-0.0237,0,100,1900545
2026-10-01 03:00,atp,ATP 500,China Open,Hard,3,Alex Molcan,Arthur Rinderknech,p1_games,over,11.5,0.5798,1.72,1.55,0.6026,-2.3,-0.1014,0,100,1900545
2026-10-01 03:00,atp,ATP 500,China Open,Hard,3,Alex Molcan,Arthur Rinderknech,p1_games,under,11.5,0.4202,2.38,2.35,0.3974,2.3,-0.0124,0,100,1900545
2026-10-01 03:00,atp,ATP 500,China Open,Hard,3,Alex Molcan,Arthur Rinderknech,p1_games,over,12.5,0.4366,2.29,2.03,0.4601,-2.4,-0.1137,0,100,1900545
2026-10-01 03:00,atp,ATP 500,China Open,Hard,3,Alex Molcan,Arthur Rinderknech,p1_games,under,12.5,0.5634,1.77,1.73,0.5399,2.4,-0.0253,0,100,1900545
2026-10-01 03:00,atp,ATP 500,China Open,Hard,3,Alex Molcan,Arthur Rinderknech,p1_games,over,13.5,0.3064,3.26,2.85,0.3278,-2.1,-0.1269,0,100,1900545
2026-10-01 03:00,atp,ATP 500,China Open,Hard,3,Alex Molcan,Arthur Rinderknech,p1_games,under,13.5,0.6936,1.44,1.39,0.6722,2.1,-0.0358,0,100,1900545
2026-10-01 03:00,atp,ATP 500,China Open,Hard,3,Alex Molcan,Arthur Rinderknech,p2_games,over,11.5,0.7765,1.29,1.27,0.7365,4.0,-0.0139,0,100,1900545
2026-10-01 03:00,atp,ATP 500,China Open,Hard,3,Alex Molcan,Arthur Rinderknech,p2_games,under,11.5,0.2235,4.47,3.55,0.2635,-4.0,-0.2064,0,100,1900545
2026-10-01 03:00,atp,ATP 500,China Open,Hard,3,Alex Molcan,Arthur Rinderknech,p2_games,over,12.5,0.5247,1.91,1.76,0.5307,-0.6,-0.0766,0,100,1900545
2026-10-01 03:00,atp,ATP 500,China Open,Hard,3,Alex Molcan,Arthur Rinderknech,p2_games,under,12.5,0.4753,2.1,1.99,0.4693,0.6,-0.0541,0,100,1900545
2026-10-01 03:00,atp,ATP 500,China Open,Hard,3,Alex Molcan,Arthur Rinderknech,p2_games,over,13.5,0.3454,2.9,2.6,0.3612,-1.6,-0.1021,0,100,1900545
2026-10-01 03:00,atp,ATP 500,China Open,Hard,3,Alex Molcan,Arthur Rinderknech,p2_games,under,13.5,0.6546,1.53,1.47,0.6388,1.6,-0.0377,0,100,1900545
2026-10-01 03:00,atp,ATP 500,China Open,Hard,3,Alex Molcan,Arthur Rinderknech,game_handicap,player_a,2.5,0.4942,2.02,,,,,0,100,1900545
2026-10-01 03:00,atp,ATP 500,China Open,Hard,3,Alex Molcan,Arthur Rinderknech,game_handicap,player_b,-2.5,0.5058,1.98,,,,,0,100,1900545
2026-10-01 03:00,atp,ATP 500,China Open,Hard,3,Alex de Minaur,Mariano Navone,winner,player_a,,0.7938,1.26,1.21,0.7917,0.2,-0.0395,0,100,1899925
2026-10-01 03:00,atp,ATP 500,China Open,Hard,3,Alex de Minaur,Mariano Navone,winner,player_b,,0.2062,4.85,4.6,0.2083,-0.2,-0.0514,0,100,1899925
2026-10-01 03:00,atp,ATP 500,China Open,Hard,3,Alex de Minaur,Mariano Navone,total_games,over,17.5,0.6913,1.45,1.3,0.7347,-4.3,-0.1014,0,100,1899925
2026-10-01 03:00,atp,ATP 500,China Open,Hard,3,Alex de Minaur,Mariano Navone,total_games,under,17.5,0.3087,3.24,3.6,0.2653,4.3,0.1115,0,100,1899925
2026-10-01 03:00,atp,ATP 500,China Open,Hard,3,Alex de Minaur,Mariano Navone,total_games,over,18.5,0.6011,1.66,1.47,0.6475,-4.6,-0.1164,0,100,1899925
2026-10-01 03:00,atp,ATP 500,China Open,Hard,3,Alex de Minaur,Mariano Navone,total_games,under,18.5,0.3989,2.51,2.7,0.3525,4.6,0.0771,0,100,1899925
2026-10-01 03:00,atp,ATP 500,China Open,Hard,3,Alex de Minaur,Mariano Navone,total_games,over,19.5,0.5223,1.91,1.68,0.567,-4.5,-0.1226,0,100,1899925
2026-10-01 03:00,atp,ATP 500,China Open,Hard,3,Alex de Minaur,Mariano Navone,total_games,under,19.5,0.4777,2.09,2.2,0.433,4.5,0.051,0,100,1899925
2026-10-01 03:00,atp,ATP 500,China Open,Hard,3,Alex de Minaur,Mariano Navone,total_games,over,20.5,0.4554,2.2,1.93,0.4934,-3.8,-0.121,0,100,1899925
2026-10-01 03:00,atp,ATP 500,China Open,Hard,3,Alex de Minaur,Mariano Navone,total_games,under,20.5,0.5446,1.84,1.88,0.5066,3.8,0.0238,0,100,1899925
2026-10-01 03:00,atp,ATP 500,China Open,Hard,3,Alex de Minaur,Mariano Navone,total_games,over,21.5,0.4076,2.45,2.15,0.443,-3.5,-0.1237,0,100,1899925
2026-10-01 03:00,atp,ATP 500,China Open,Hard,3,Alex de Minaur,Mariano Navone,total_games,under,21.5,0.5924,1.69,1.71,0.557,3.5,0.013,0,100,1899925
2026-10-01 03:00,atp,ATP 500,China Open,Hard,3,Alex de Minaur,Mariano Navone,total_games,over,22.5,0.3539,2.83,2.49,0.3821,-2.8,-0.1187,0,100,1899925
2026-10-01 03:00,atp,ATP 500,China Open,Hard,3,Alex de Minaur,Mariano Navone,total_games,under,22.5,0.6461,1.55,1.54,0.6179,2.8,-0.0051,0,100,1899925
2026-10-01 03:00,atp,ATP 500,China Open,Hard,3,Alex de Minaur,Mariano Navone,total_games,over,23.5,0.3199,3.13,2.75,0.3452,-2.5,-0.1204,0,100,1899925
2026-10-01 03:00,atp,ATP 500,China Open,Hard,3,Alex de Minaur,Mariano Navone,total_games,under,23.5,0.6801,1.47,1.45,0.6548,2.5,-0.0138,0,100,1899925
2026-10-01 03:00,atp,ATP 500,China Open,Hard,3,Alex de Minaur,Mariano Navone,p1_games,over,11.5,0.8791,1.14,1.09,0.8583,2.1,-0.0418,0,100,1899925
2026-10-01 03:00,atp,ATP 500,China Open,Hard,3,Alex de Minaur,Mariano Navone,p1_games,under,11.5,0.1209,8.27,6.6,0.1417,-2.1,-0.202,0,100,1899925
2026-10-01 03:00,atp,ATP 500,China Open,Hard,3,Alex de Minaur,Mariano Navone,p1_games,over,12.5,0.4352,2.3,1.93,0.484,-4.9,-0.16,0,100,1899925
2026-10-01 03:00,atp,ATP 500,China Open,Hard,3,Alex de Minaur,Mariano Navone,p1_games,under,12.5,0.5648,1.77,1.81,0.516,4.9,0.0222,0,100,1899925
2026-10-01 03:00,atp,ATP 500,China Open,Hard,3,Alex de Minaur,Mariano Navone,p1_games,over,13.5,0.2639,3.79,3.1,0.3018,-3.8,-0.1819,0,100,1899925
2026-10-01 03:00,atp,ATP 500,China Open,Hard,3,Alex de Minaur,Mariano Navone,p1_games,under,13.5,0.7361,1.36,1.34,0.6982,3.8,-0.0136,0,100,1899925
2026-10-01 03:00,atp,ATP 500,China Open,Hard,3,Alex de Minaur,Mariano Navone,p2_games,over,7.5,0.5422,1.84,1.63,0.5744,-3.2,-0.1161,0,100,1899925
2026-10-01 03:00,atp,ATP 500,China Open,Hard,3,Alex de Minaur,Mariano Navone,p2_games,under,7.5,0.4578,2.18,2.2,0.4256,3.2,0.0071,0,100,1899925
2026-10-01 03:00,atp,ATP 500,China Open,Hard,3,Alex de Minaur,Mariano Navone,p2_games,over,8.5,0.4763,2.1,1.86,0.5027,-2.6,-0.114,0,100,1899925
2026-10-01 03:00,atp,ATP 500,China Open,Hard,3,Alex de Minaur,Mariano Navone,p2_games,under,8.5,0.5237,1.91,1.88,0.4973,2.6,-0.0155,0,100,1899925
2026-10-01 03:00,atp,ATP 500,China Open,Hard,3,Alex de Minaur,Mariano Navone,p2_games,over,9.5,0.4261,2.35,2.08,0.4483,-2.2,-0.1138,0,100,1899925
2026-10-01 03:00,atp,ATP 500,China Open,Hard,3,Alex de Minaur,Mariano Navone,p2_games,under,9.5,0.5739,1.74,1.69,0.5517,2.2,-0.03,0,100,1899925
2026-10-01 03:00,atp,ATP 500,China Open,Hard,3,Alex de Minaur,Mariano Navone,game_handicap,player_a,-4.5,0.5642,1.77,,,,,0,100,1899925
2026-10-01 03:00,atp,ATP 500,China Open,Hard,3,Alex de Minaur,Mariano Navone,game_handicap,player_b,4.5,0.4358,2.29,,,,,0,100,1899925
2026-10-01 04:30,atp,ATP 500,China Open,Hard,3,Botic van de Zandschulp,Francisco Cerundolo,winner,player_a,,0.401,2.49,2.24,0.4286,-2.8,-0.1017,0,100,1900544
2026-10-01 04:30,atp,ATP 500,China Open,Hard,3,Botic van de Zandschulp,Francisco Cerundolo,winner,player_b,,0.599,1.67,1.68,0.5714,2.8,0.0062,0,100,1900544
2026-10-01 04:30,atp,ATP 500,China Open,Hard,3,Botic van de Zandschulp,Francisco Cerundolo,total_games,over,19.5,0.6492,1.54,1.32,0.7233,-7.4,-0.143,0,100,1900544
2026-10-01 04:30,atp,ATP 500,China Open,Hard,3,Botic van de Zandschulp,Francisco Cerundolo,total_games,under,19.5,0.3508,2.85,3.45,0.2767,7.4,0.2102,0,100,1900544
2026-10-01 04:30,atp,ATP 500,China Open,Hard,3,Botic van de Zandschulp,Francisco Cerundolo,total_games,over,20.5,0.576,1.74,1.47,0.6475,-7.2,-0.1534,0,100,1900544
2026-10-01 04:30,atp,ATP 500,China Open,Hard,3,Botic van de Zandschulp,Francisco Cerundolo,total_games,under,20.5,0.424,2.36,2.7,0.3525,7.2,0.1449,0,100,1900544
2026-10-01 04:30,atp,ATP 500,China Open,Hard,3,Botic van de Zandschulp,Francisco Cerundolo,total_games,over,21.5,0.5237,1.91,1.6,0.5939,-7.0,-0.1621,0,100,1900544
2026-10-01 04:30,atp,ATP 500,China Open,Hard,3,Botic van de Zandschulp,Francisco Cerundolo,total_games,under,21.5,0.4763,2.1,2.34,0.4061,7.0,0.1146,0,100,1900544
2026-10-01 04:30,atp,ATP 500,China Open,Hard,3,Botic van de Zandschulp,Francisco Cerundolo,total_games,over,22.5,0.4571,2.19,1.85,0.5144,-5.7,-0.1544,0,100,1900544
2026-10-01 04:30,atp,ATP 500,China Open,Hard,3,Botic van de Zandschulp,Francisco Cerundolo,total_games,under,22.5,0.5429,1.84,1.96,0.4856,5.7,0.0641,0,100,1900544
2026-10-01 04:30,atp,ATP 500,China Open,Hard,3,Botic van de Zandschulp,Francisco Cerundolo,total_games,over,23.5,0.412,2.43,2.1,0.4531,-4.1,-0.1349,0,100,1900544
2026-10-01 04:30,atp,ATP 500,China Open,Hard,3,Botic van de Zandschulp,Francisco Cerundolo,total_games,under,23.5,0.588,1.7,1.74,0.5469,4.1,0.0232,0,100,1900544
2026-10-01 04:30,atp,ATP 500,China Open,Hard,3,Botic van de Zandschulp,Francisco Cerundolo,total_games,over,24.5,0.3948,2.53,2.16,0.4419,-4.7,-0.1472,0,100,1900544
2026-10-01 04:30,atp,ATP 500,China Open,Hard,3,Botic van de Zandschulp,Francisco Cerundolo,total_games,under,24.5,0.6052,1.65,1.71,0.5581,4.7,0.0349,0,100,1900544
2026-10-01 04:30,atp,ATP 500,China Open,Hard,3,Botic van de Zandschulp,Francisco Cerundolo,total_games,over,25.5,0.3587,2.79,2.34,0.4076,-4.9,-0.1606,0,100,1900544
2026-10-01 04:30,atp,ATP 500,China Open,Hard,3,Botic van de Zandschulp,Francisco Cerundolo,total_games,under,25.5,0.6413,1.56,1.61,0.5924,4.9,0.0325,0,100,1900544
2026-10-01 04:30,atp,ATP 500,China Open,Hard,3,Botic van de Zandschulp,Francisco Cerundolo,p1_games,over,11.5,0.5727,1.75,1.56,0.6,-2.7,-0.1066,0,100,1900544
2026-10-01 04:30,atp,ATP 500,China Open,Hard,3,Botic van de Zandschulp,Francisco Cerundolo,p1_games,under,11.5,0.4273,2.34,2.34,0.4,2.7,-0.0001,0,100,1900544
2026-10-01 04:30,atp,ATP 500,China Open,Hard,3,Botic van de Zandschulp,Francisco Cerundolo,p1_games,over,12.5,0.4044,2.47,2.11,0.4433,-3.9,-0.1468,0,100,1900544
2026-10-01 04:30,atp,ATP 500,China Open,Hard,3,Botic van de Zandschulp,Francisco Cerundolo,p1_games,under,12.5,0.5956,1.68,1.68,0.5567,3.9,0.0007,0,100,1900544
2026-10-01 04:30,atp,ATP 500,China Open,Hard,3,Botic van de Zandschulp,Francisco Cerundolo,p1_games,over,13.5,0.2769,3.61,3.0,0.3103,-3.3,-0.1694,0,100,1900544
2026-10-01 04:30,atp,ATP 500,China Open,Hard,3,Botic van de Zandschulp,Francisco Cerundolo,p1_games,under,13.5,0.7231,1.38,1.35,0.6897,3.3,-0.0238,0,100,1900544
2026-10-01 04:30,atp,ATP 500,China Open,Hard,3,Botic van de Zandschulp,Francisco Cerundolo,p2_games,over,11.5,0.7431,1.35,1.31,0.7158,2.7,-0.0266,0,100,1900544
2026-10-01 04:30,atp,ATP 500,China Open,Hard,3,Botic van de Zandschulp,Francisco Cerundolo,p2_games,under,11.5,0.2569,3.89,3.3,0.2842,-2.7,-0.1521,0,100,1900544
2026-10-01 04:30,atp,ATP 500,China Open,Hard,3,Botic van de Zandschulp,Francisco Cerundolo,p2_games,over,12.5,0.4729,2.11,1.87,0.5,-2.7,-0.1157,0,100,1900544
2026-10-01 04:30,atp,ATP 500,China Open,Hard,3,Botic van de Zandschulp,Francisco Cerundolo,p2_games,under,12.5,0.5271,1.9,1.87,0.5,2.7,-0.0143,0,100,1900544
2026-10-01 04:30,atp,ATP 500,China Open,Hard,3,Botic van de Zandschulp,Francisco Cerundolo,p2_games,over,13.5,0.3109,3.22,2.75,0.3405,-3.0,-0.1451,0,100,1900544
2026-10-01 04:30,atp,ATP 500,China Open,Hard,3,Botic van de Zandschulp,Francisco Cerundolo,p2_games,under,13.5,0.6891,1.45,1.42,0.6595,3.0,-0.0215,0,100,1900544
2026-10-01 04:30,atp,ATP 500,China Open,Hard,3,Botic van de Zandschulp,Francisco Cerundolo,game_handicap,player_a,2.5,0.4965,2.01,,,,,0,100,1900544
2026-10-01 04:30,atp,ATP 500,China Open,Hard,3,Botic van de Zandschulp,Francisco Cerundolo,game_handicap,player_b,-2.5,0.5035,1.99,,,,,0,100,1900544
2026-10-01 04:30,atp,ATP 500,China Open,Hard,3,Ignacio Buse,Quentin Halys,winner,player_a,,0.5228,1.91,2.11,0.4562,6.7,0.1031,0,100,1899921
2026-10-01 04:30,atp,ATP 500,China Open,Hard,3,Ignacio Buse,Quentin Halys,winner,player_b,,0.4772,2.1,1.77,0.5438,-6.7,-0.1553,0,100,1899921
2026-10-01 04:30,atp,ATP 500,China Open,Hard,3,Ignacio Buse,Quentin Halys,total_games,over,19.5,0.7368,1.36,1.32,0.7233,1.4,-0.0275,0,100,1899921
2026-10-01 04:30,atp,ATP 500,China Open,Hard,3,Ignacio Buse,Quentin Halys,total_games,under,19.5,0.2632,3.8,3.45,0.2767,-1.4,-0.0919,0,100,1899921
2026-10-01 04:30,atp,ATP 500,China Open,Hard,3,Ignacio Buse,Quentin Halys,total_games,over,20.5,0.6565,1.52,1.47,0.6475,0.9,-0.0349,0,100,1899921
2026-10-01 04:30,atp,ATP 500,China Open,Hard,3,Ignacio Buse,Quentin Halys,total_games,under,20.5,0.3435,2.91,2.7,0.3525,-0.9,-0.0727,0,100,1899921
2026-10-01 04:30,atp,ATP 500,China Open,Hard,3,Ignacio Buse,Quentin Halys,total_games,over,21.5,0.6033,1.66,1.6,0.596,0.7,-0.0348,0,100,1899921
2026-10-01 04:30,atp,ATP 500,China Open,Hard,3,Ignacio Buse,Quentin Halys,total_games,under,21.5,0.3967,2.52,2.36,0.404,-0.7,-0.0637,0,100,1899921
2026-10-01 04:30,atp,ATP 500,China Open,Hard,3,Ignacio Buse,Quentin Halys,total_games,over,22.5,0.5179,1.93,1.84,0.5171,0.1,-0.0471,0,100,1899921
2026-10-01 04:30,atp,ATP 500,China Open,Hard,3,Ignacio Buse,Quentin Halys,total_games,under,22.5,0.4821,2.07,1.97,0.4829,-0.1,-0.0502,0,100,1899921
2026-10-01 04:30,atp,ATP 500,China Open,Hard,3,Ignacio Buse,Quentin Halys,total_games,over,23.5,0.4521,2.21,2.09,0.4557,-0.4,-0.0551,0,100,1899921
2026-10-01 04:30,atp,ATP 500,China Open,Hard,3,Ignacio Buse,Quentin Halys,total_games,under,23.5,0.5479,1.83,1.75,0.5443,0.4,-0.0412,0,100,1899921
2026-10-01 04:30,atp,ATP 500,China Open,Hard,3,Ignacio Buse,Quentin Halys,total_games,over,24.5,0.4423,2.26,2.14,0.4442,-0.2,-0.0534,0,100,1899921
2026-10-01 04:30,atp,ATP 500,China Open,Hard,3,Ignacio Buse,Quentin Halys,total_games,under,24.5,0.5577,1.79,1.71,0.5558,0.2,-0.0464,0,100,1899921
2026-10-01 04:30,atp,ATP 500,China Open,Hard,3,Ignacio Buse,Quentin Halys,total_games,over,25.5,0.4094,2.44,2.33,0.4086,0.1,-0.0461,0,100,1899921
2026-10-01 04:30,atp,ATP 500,China Open,Hard,3,Ignacio Buse,Quentin Halys,total_games,under,25.5,0.5906,1.69,1.61,0.5914,-0.1,-0.0491,0,100,1899921
2026-10-01 04:30,atp,ATP 500,China Open,Hard,3,Ignacio Buse,Quentin Halys,p1_games,over,11.5,0.7081,1.41,1.47,0.6388,6.9,0.0408,0,100,1899921
2026-10-01 04:30,atp,ATP 500,China Open,Hard,3,Ignacio Buse,Quentin Halys,p1_games,under,11.5,0.2919,3.43,2.6,0.3612,-6.9,-0.2409,0,100,1899921
2026-10-01 04:30,atp,ATP 500,China Open,Hard,3,Ignacio Buse,Quentin Halys,p1_games,over,12.5,0.5113,1.96,1.94,0.4813,3.0,-0.0081,0,100,1899921
2026-10-01 04:30,atp,ATP 500,China Open,Hard,3,Ignacio Buse,Quentin Halys,p1_games,under,12.5,0.4887,2.05,1.8,0.5187,-3.0,-0.1203,0,100,1899921
2026-10-01 04:30,atp,ATP 500,China Open,Hard,3,Ignacio Buse,Quentin Halys,p1_games,over,13.5,0.3485,2.87,2.8,0.3349,1.4,-0.0243,0,100,1899921
2026-10-01 04:30,atp,ATP 500,China Open,Hard,3,Ignacio Buse,Quentin Halys,p1_games,under,13.5,0.6515,1.53,1.41,0.6651,-1.4,-0.0813,0,100,1899921
2026-10-01 04:30,atp,ATP 500,China Open,Hard,3,Ignacio Buse,Quentin Halys,p2_games,over,11.5,0.67,1.49,1.32,0.708,-3.8,-0.1157,0,100,1899921
2026-10-01 04:30,atp,ATP 500,China Open,Hard,3,Ignacio Buse,Quentin Halys,p2_games,under,11.5,0.33,3.03,3.2,0.292,3.8,0.0562,0,100,1899921
2026-10-01 04:30,atp,ATP 500,China Open,Hard,3,Ignacio Buse,Quentin Halys,p2_games,over,12.5,0.4936,2.03,1.8,0.5187,-2.5,-0.1116,0,100,1899921
2026-10-01 04:30,atp,ATP 500,China Open,Hard,3,Ignacio Buse,Quentin Halys,p2_games,under,12.5,0.5064,1.97,1.94,0.4813,2.5,-0.0175,0,100,1899921
2026-10-01 04:30,atp,ATP 500,China Open,Hard,3,Ignacio Buse,Quentin Halys,p2_games,over,13.5,0.3407,2.93,2.6,0.3596,-1.9,-0.1141,0,100,1899921
2026-10-01 04:30,atp,ATP 500,China Open,Hard,3,Ignacio Buse,Quentin Halys,p2_games,under,13.5,0.6593,1.52,1.46,0.6404,1.9,-0.0375,0,100,1899921
2026-10-01 04:30,atp,ATP 500,China Open,Hard,3,Ignacio Buse,Quentin Halys,game_handicap,player_a,-0.5,0.5048,1.98,,,,,0,100,1899921
2026-10-01 04:30,atp,ATP 500,China Open,Hard,3,Ignacio Buse,Quentin Halys,game_handicap,player_b,0.5,0.4952,2.02,,,,,0,100,1899921
2026-10-01 04:30,atp,ATP 500,China Open,Hard,3,Roman Safiullin,Flavio Cobolli,winner,player_a,,0.3575,2.8,1.99,0.4831,-12.6,-0.2885,0,100,1899923
2026-10-01 04:30,atp,ATP 500,China Open,Hard,3,Roman Safiullin,Flavio Cobolli,winner,player_b,,0.6425,1.56,1.86,0.5169,12.6,0.195,0,100,1899923
2026-10-01 04:30,atp,ATP 500,China Open,Hard,3,Roman Safiullin,Flavio Cobolli,total_games,over,19.5,0.6755,1.48,1.31,0.7277,-5.2,-0.115,0,100,1899923
2026-10-01 04:30,atp,ATP 500,China Open,Hard,3,Roman Safiullin,Flavio Cobolli,total_games,under,19.5,0.3245,3.08,3.5,0.2723,5.2,0.1356,0,100,1899923
2026-10-01 04:30,atp,ATP 500,China Open,Hard,3,Roman Safiullin,Flavio Cobolli,total_games,over,20.5,0.5974,1.67,1.46,0.6532,-5.6,-0.1278,0,100,1899923
2026-10-01 04:30,atp,ATP 500,China Open,Hard,3,Roman Safiullin,Flavio Cobolli,total_games,under,20.5,0.4026,2.48,2.75,0.3468,5.6,0.1071,0,100,1899923
2026-10-01 04:30,atp,ATP 500,China Open,Hard,3,Roman Safiullin,Flavio Cobolli,total_games,over,21.5,0.5438,1.84,1.59,0.5985,-5.5,-0.1353,0,100,1899923
2026-10-01 04:30,atp,ATP 500,China Open,Hard,3,Roman Safiullin,Flavio Cobolli,total_games,under,21.5,0.4562,2.19,2.37,0.4015,5.5,0.0811,0,100,1899923
2026-10-01 04:30,atp,ATP 500,China Open,Hard,3,Roman Safiullin,Flavio Cobolli,total_games,over,22.5,0.4691,2.13,1.84,0.5183,-4.9,-0.1368,0,100,1899923
2026-10-01 04:30,atp,ATP 500,China Open,Hard,3,Roman Safiullin,Flavio Cobolli,total_games,under,22.5,0.5309,1.88,1.98,0.4817,4.9,0.0511,0,100,1899923
2026-10-01 04:30,atp,ATP 500,China Open,Hard,3,Roman Safiullin,Flavio Cobolli,total_games,over,23.5,0.416,2.4,2.08,0.4583,-4.2,-0.1347,0,100,1899923
2026-10-01 04:30,atp,ATP 500,China Open,Hard,3,Roman Safiullin,Flavio Cobolli,total_games,under,23.5,0.584,1.71,1.76,0.5417,4.2,0.0278,0,100,1899923
2026-10-01 04:30,atp,ATP 500,China Open,Hard,3,Roman Safiullin,Flavio Cobolli,total_games,over,24.5,0.4032,2.48,2.14,0.4456,-4.2,-0.1372,0,100,1899923
2026-10-01 04:30,atp,ATP 500,China Open,Hard,3,Roman Safiullin,Flavio Cobolli,total_games,under,24.5,0.5968,1.68,1.72,0.5544,4.2,0.0266,0,100,1899923
2026-10-01 04:30,atp,ATP 500,China Open,Hard,3,Roman Safiullin,Flavio Cobolli,total_games,over,25.5,0.3698,2.7,2.32,0.4112,-4.1,-0.1421,0,100,1899923
2026-10-01 04:30,atp,ATP 500,China Open,Hard,3,Roman Safiullin,Flavio Cobolli,total_games,under,25.5,0.6302,1.59,1.62,0.5888,4.1,0.0209,0,100,1899923
2026-10-01 04:30,atp,ATP 500,China Open,Hard,3,Roman Safiullin,Flavio Cobolli,p1_games,over,11.5,0.5442,1.84,1.43,0.6538,-11.0,-0.2218,0,100,1899923
2026-10-01 04:30,atp,ATP 500,China Open,Hard,3,Roman Safiullin,Flavio Cobolli,p1_games,under,11.5,0.4558,2.19,2.7,0.3462,11.0,0.2307,0,100,1899923
2026-10-01 04:30,atp,ATP 500,China Open,Hard,3,Roman Safiullin,Flavio Cobolli,p1_games,over,12.5,0.4042,2.47,1.94,0.4827,-7.8,-0.2159,0,100,1899923
2026-10-01 04:30,atp,ATP 500,China Open,Hard,3,Roman Safiullin,Flavio Cobolli,p1_games,under,12.5,0.5958,1.68,1.81,0.5173,7.8,0.0784,0,100,1899923
2026-10-01 04:30,atp,ATP 500,China Open,Hard,3,Roman Safiullin,Flavio Cobolli,p1_games,over,13.5,0.2821,3.55,2.75,0.3389,-5.7,-0.2243,0,100,1899923
2026-10-01 04:30,atp,ATP 500,China Open,Hard,3,Roman Safiullin,Flavio Cobolli,p1_games,under,13.5,0.7179,1.39,1.41,0.6611,5.7,0.0123,0,100,1899923
2026-10-01 04:30,atp,ATP 500,China Open,Hard,3,Roman Safiullin,Flavio Cobolli,p2_games,over,11.5,0.788,1.27,1.38,0.6776,11.0,0.0874,0,100,1899923
2026-10-01 04:30,atp,ATP 500,China Open,Hard,3,Roman Safiullin,Flavio Cobolli,p2_games,under,11.5,0.212,4.72,2.9,0.3224,-11.0,-0.3852,0,100,1899923
2026-10-01 04:30,atp,ATP 500,China Open,Hard,3,Roman Safiullin,Flavio Cobolli,p2_games,over,12.5,0.5074,1.97,1.89,0.4947,1.3,-0.0411,0,100,1899923
2026-10-01 04:30,atp,ATP 500,China Open,Hard,3,Roman Safiullin,Flavio Cobolli,p2_games,under,12.5,0.4926,2.03,1.85,0.5053,-1.3,-0.0886,0,100,1899923
2026-10-01 04:30,atp,ATP 500,China Open,Hard,3,Roman Safiullin,Flavio Cobolli,p2_games,over,13.5,0.3298,3.03,2.75,0.3405,-1.1,-0.093,0,100,1899923
2026-10-01 04:30,atp,ATP 500,China Open,Hard,3,Roman Safiullin,Flavio Cobolli,p2_games,under,13.5,0.6702,1.49,1.42,0.6595,1.1,-0.0483,0,100,1899923
2026-10-01 04:30,atp,ATP 500,China Open,Hard,3,Roman Safiullin,Flavio Cobolli,game_handicap,player_a,2.5,0.46,2.17,,,,,0,100,1899923
2026-10-01 04:30,atp,ATP 500,China Open,Hard,3,Roman Safiullin,Flavio Cobolli,game_handicap,player_b,-2.5,0.54,1.85,,,,,0,100,1899923
2026-10-01 06:00,atp,ATP 500,China Open,Hard,3,Juncheng Shang,Sebastian Baez,winner,player_a,,0.4561,2.19,1.65,0.5833,-12.7,-0.2475,0,100,1899919
2026-10-01 06:00,atp,ATP 500,China Open,Hard,3,Juncheng Shang,Sebastian Baez,winner,player_b,,0.5439,1.84,2.31,0.4167,12.7,0.2564,0,100,1899919
2026-10-01 06:00,atp,ATP 500,China Open,Hard,3,Juncheng Shang,Sebastian Baez,total_games,over,19.5,0.6775,1.48,1.4,0.6818,-0.4,-0.0515,0,100,1899919
2026-10-01 06:00,atp,ATP 500,China Open,Hard,3,Juncheng Shang,Sebastian Baez,total_games,under,19.5,0.3225,3.1,3.0,0.3182,0.4,-0.0325,0,100,1899919
2026-10-01 06:00,atp,ATP 500,China Open,Hard,3,Juncheng Shang,Sebastian Baez,total_games,over,20.5,0.6018,1.66,1.57,0.6065,-0.5,-0.0552,0,100,1899919
2026-10-01 06:00,atp,ATP 500,China Open,Hard,3,Juncheng Shang,Sebastian Baez,total_games,under,20.5,0.3982,2.51,2.42,0.3935,0.5,-0.0363,0,100,1899919
2026-10-01 06:00,atp,ATP 500,China Open,Hard,3,Juncheng Shang,Sebastian Baez,total_games,over,21.5,0.5487,1.82,1.72,0.5532,-0.5,-0.0562,0,100,1899919
2026-10-01 06:00,atp,ATP 500,China Open,Hard,3,Juncheng Shang,Sebastian Baez,total_games,under,21.5,0.4513,2.22,2.13,0.4468,0.5,-0.0388,0,100,1899919
2026-10-01 06:00,atp,ATP 500,China Open,Hard,3,Juncheng Shang,Sebastian Baez,total_games,over,22.5,0.4772,2.1,1.98,0.4817,-0.5,-0.0552,0,100,1899919
2026-10-01 06:00,atp,ATP 500,China Open,Hard,3,Juncheng Shang,Sebastian Baez,total_games,under,22.5,0.5228,1.91,1.84,0.5183,0.5,-0.038,0,100,1899919
2026-10-01 06:00,atp,ATP 500,China Open,Hard,3,Juncheng Shang,Sebastian Baez,total_games,over,23.5,0.4271,2.34,2.21,0.4304,-0.3,-0.056,0,100,1899919
2026-10-01 06:00,atp,ATP 500,China Open,Hard,3,Juncheng Shang,Sebastian Baez,total_games,under,23.5,0.5729,1.75,1.67,0.5696,0.3,-0.0433,0,100,1899919
2026-10-01 06:00,atp,ATP 500,China Open,Hard,3,Juncheng Shang,Sebastian Baez,total_games,over,24.5,0.4121,2.43,2.29,0.4158,-0.4,-0.0562,0,100,1899919
2026-10-01 06:00,atp,ATP 500,China Open,Hard,3,Juncheng Shang,Sebastian Baez,total_games,under,24.5,0.5879,1.7,1.63,0.5842,0.4,-0.0418,0,100,1899919
2026-10-01 06:00,atp,ATP 500,China Open,Hard,3,Juncheng Shang,Sebastian Baez,total_games,over,25.5,0.3768,2.65,2.5,0.3797,-0.3,-0.0579,0,100,1899919
2026-10-01 06:00,atp,ATP 500,China Open,Hard,3,Juncheng Shang,Sebastian Baez,total_games,under,25.5,0.6232,1.6,1.53,0.6203,0.3,-0.0465,0,100,1899919
2026-10-01 06:00,atp,ATP 500,China Open,Hard,3,Juncheng Shang,Sebastian Baez,p1_games,over,11.5,0.6301,1.59,1.3,0.7174,-8.7,-0.1809,0,100,1899919
2026-10-01 06:00,atp,ATP 500,China Open,Hard,3,Juncheng Shang,Sebastian Baez,p1_games,under,11.5,0.3699,2.7,3.3,0.2826,8.7,0.2207,0,100,1899919
2026-10-01 06:00,atp,ATP 500,China Open,Hard,3,Juncheng Shang,Sebastian Baez,p1_games,over,12.5,0.4436,2.25,1.94,0.4827,-3.9,-0.1394,0,100,1899919
2026-10-01 06:00,atp,ATP 500,China Open,Hard,3,Juncheng Shang,Sebastian Baez,p1_games,under,12.5,0.5564,1.8,1.81,0.5173,3.9,0.0071,0,100,1899919
2026-10-01 06:00,atp,ATP 500,China Open,Hard,3,Juncheng Shang,Sebastian Baez,p1_games,over,13.5,0.3027,3.3,2.85,0.3262,-2.4,-0.1372,0,100,1899919
2026-10-01 06:00,atp,ATP 500,China Open,Hard,3,Juncheng Shang,Sebastian Baez,p1_games,under,13.5,0.6973,1.43,1.38,0.6738,2.4,-0.0378,0,100,1899919
2026-10-01 06:00,atp,ATP 500,China Open,Hard,3,Juncheng Shang,Sebastian Baez,p2_games,over,10.5,0.7329,1.36,1.53,0.6107,12.2,0.1214,0,100,1899919
2026-10-01 06:00,atp,ATP 500,China Open,Hard,3,Juncheng Shang,Sebastian Baez,p2_games,under,10.5,0.2671,3.74,2.4,0.3893,-12.2,-0.3591,0,100,1899919
2026-10-01 06:00,atp,ATP 500,China Open,Hard,3,Juncheng Shang,Sebastian Baez,p2_games,over,11.5,0.7062,1.42,1.62,0.577,12.9,0.1441,0,100,1899919
2026-10-01 06:00,atp,ATP 500,China Open,Hard,3,Juncheng Shang,Sebastian Baez,p2_games,under,11.5,0.2938,3.4,2.21,0.423,-12.9,-0.3508,0,100,1899919
2026-10-01 06:00,atp,ATP 500,China Open,Hard,3,Juncheng Shang,Sebastian Baez,p2_games,over,12.5,0.4755,2.1,2.25,0.4156,6.0,0.0699,0,100,1899919
2026-10-01 06:00,atp,ATP 500,China Open,Hard,3,Juncheng Shang,Sebastian Baez,p2_games,under,12.5,0.5245,1.91,1.6,0.5844,-6.0,-0.1608,0,100,1899919
2026-10-01 06:00,atp,ATP 500,China Open,Hard,3,Juncheng Shang,Sebastian Baez,game_handicap,player_a,0.5,0.4716,2.12,,,,,0,100,1899919
2026-10-01 06:00,atp,ATP 500,China Open,Hard,3,Juncheng Shang,Sebastian Baez,game_handicap,player_b,-0.5,0.5284,1.89,,,,,0,100,1899919
2026-10-01 07:00,atp,ATP 500,China Open,Hard,3,Alexander Zverev,Cameron Norrie,winner,player_a,,0.7571,1.32,1.11,0.8696,-11.2,-0.1596,0,100,1899917
2026-10-01 07:00,atp,ATP 500,China Open,Hard,3,Alexander Zverev,Cameron Norrie,winner,player_b,,0.2429,4.12,7.4,0.1304,11.2,0.7975,0,100,1899917
2026-10-01 07:00,atp,ATP 500,China Open,Hard,3,Alexander Zverev,Cameron Norrie,total_games,over,17.5,0.8306,1.2,1.31,0.7277,10.3,0.0881,0,100,1899917
2026-10-01 07:00,atp,ATP 500,China Open,Hard,3,Alexander Zverev,Cameron Norrie,total_games,under,17.5,0.1694,5.9,3.5,0.2723,-10.3,-0.4071,0,100,1899917
2026-10-01 07:00,atp,ATP 500,China Open,Hard,3,Alexander Zverev,Cameron Norrie,total_games,over,18.5,0.7463,1.34,1.51,0.6326,11.4,0.127,0,100,1899917
2026-10-01 07:00,atp,ATP 500,China Open,Hard,3,Alexander Zverev,Cameron Norrie,total_games,under,18.5,0.2537,3.94,2.6,0.3674,-11.4,-0.3405,0,100,1899917
2026-10-01 07:00,atp,ATP 500,China Open,Hard,3,Alexander Zverev,Cameron Norrie,total_games,over,19.5,0.6564,1.52,1.76,0.5405,11.6,0.1553,0,100,1899917
2026-10-01 07:00,atp,ATP 500,China Open,Hard,3,Alexander Zverev,Cameron Norrie,total_games,under,19.5,0.3436,2.91,2.07,0.4595,-11.6,-0.2888,0,100,1899917
2026-10-01 07:00,atp,ATP 500,China Open,Hard,3,Alexander Zverev,Cameron Norrie,total_games,over,20.5,0.5735,1.74,2.07,0.4609,11.3,0.1871,0,100,1899917
2026-10-01 07:00,atp,ATP 500,China Open,Hard,3,Alexander Zverev,Cameron Norrie,total_games,under,20.5,0.4265,2.34,1.77,0.5391,-11.3,-0.245,0,100,1899917
2026-10-01 07:00,atp,ATP 500,China Open,Hard,3,Alexander Zverev,Cameron Norrie,total_games,over,21.5,0.5185,1.93,2.35,0.4051,11.3,0.2185,0,100,1899917
2026-10-01 07:00,atp,ATP 500,China Open,Hard,3,Alexander Zverev,Cameron Norrie,total_games,under,21.5,0.4815,2.08,1.6,0.5949,-11.3,-0.2296,0,100,1899917
2026-10-01 07:00,atp,ATP 500,China Open,Hard,3,Alexander Zverev,Cameron Norrie,total_games,over,22.5,0.4385,2.28,2.8,0.3396,9.9,0.2278,0,100,1899917
2026-10-01 07:00,atp,ATP 500,China Open,Hard,3,Alexander Zverev,Cameron Norrie,total_games,under,22.5,0.5615,1.78,1.44,0.6604,-9.9,-0.1914,0,100,1899917
2026-10-01 07:00,atp,ATP 500,China Open,Hard,3,Alexander Zverev,Cameron Norrie,total_games,over,23.5,0.3802,2.63,3.2,0.2982,8.2,0.2168,0,100,1899917
2026-10-01 07:00,atp,ATP 500,China Open,Hard,3,Alexander Zverev,Cameron Norrie,total_games,under,23.5,0.6198,1.61,1.36,0.7018,-8.2,-0.1571,0,100,1899917
2026-10-01 07:00,atp,ATP 500,China Open,Hard,3,Alexander Zverev,Cameron Norrie,p1_games,over,11.5,0.8729,1.15,1.03,0.9066,-3.4,-0.1009,0,100,1899917
2026-10-01 07:00,atp,ATP 500,China Open,Hard,3,Alexander Zverev,Cameron Norrie,p1_games,under,11.5,0.1271,7.87,10.0,0.0934,3.4,0.2712,0,100,1899917
2026-10-01 07:00,atp,ATP 500,China Open,Hard,3,Alexander Zverev,Cameron Norrie,p1_games,over,12.5,0.5274,1.9,1.93,0.484,4.3,0.0179,0,100,1899917
2026-10-01 07:00,atp,ATP 500,China Open,Hard,3,Alexander Zverev,Cameron Norrie,p1_games,under,12.5,0.4726,2.12,1.81,0.516,-4.3,-0.1446,0,100,1899917
2026-10-01 07:00,atp,ATP 500,China Open,Hard,3,Alexander Zverev,Cameron Norrie,p1_games,over,13.5,0.3234,3.09,3.4,0.2751,4.8,0.0995,0,100,1899917
2026-10-01 07:00,atp,ATP 500,China Open,Hard,3,Alexander Zverev,Cameron Norrie,p1_games,under,13.5,0.6766,1.48,1.29,0.7249,-4.8,-0.1272,0,100,1899917
2026-10-01 07:00,atp,ATP 500,China Open,Hard,3,Alexander Zverev,Cameron Norrie,p2_games,over,6.5,0.763,1.31,1.51,0.6196,14.3,0.1521,0,100,1899917
2026-10-01 07:00,atp,ATP 500,China Open,Hard,3,Alexander Zverev,Cameron Norrie,p2_games,under,6.5,0.237,4.22,2.46,0.3804,-14.3,-0.4169,0,100,1899917
2026-10-01 07:00,atp,ATP 500,China Open,Hard,3,Alexander Zverev,Cameron Norrie,p2_games,over,7.5,0.6739,1.48,1.8,0.5187,15.5,0.2131,0,100,1899917
2026-10-01 07:00,atp,ATP 500,China Open,Hard,3,Alexander Zverev,Cameron Norrie,p2_games,under,7.5,0.3261,3.07,1.94,0.4813,-15.5,-0.3674,0,100,1899917
2026-10-01 07:00,atp,ATP 500,China Open,Hard,3,Alexander Zverev,Cameron Norrie,p2_games,over,8.5,0.5888,1.7,2.16,0.4316,15.7,0.2719,0,100,1899917
2026-10-01 07:00,atp,ATP 500,China Open,Hard,3,Alexander Zverev,Cameron Norrie,p2_games,under,8.5,0.4112,2.43,1.64,0.5684,-15.7,-0.3257,0,100,1899917
2026-10-01 07:00,atp,ATP 500,China Open,Hard,3,Alexander Zverev,Cameron Norrie,game_handicap,player_a,-3.5,0.5584,1.79,,,,,0,100,1899917
2026-10-01 07:00,atp,ATP 500,China Open,Hard,3,Alexander Zverev,Cameron Norrie,game_handicap,player_b,3.5,0.4416,2.26,,,,,0,100,1899917
2026-10-01 08:00,atp,ATP 500,China Open,Hard,3,Tallon Griekspoor,Andrey Rublev,winner,player_a,,0.4146,2.41,2.41,0.399,1.6,-0.0008,0,100,1899927
2026-10-01 08:00,atp,ATP 500,China Open,Hard,3,Tallon Griekspoor,Andrey Rublev,winner,player_b,,0.5854,1.71,1.6,0.601,-1.6,-0.0634,0,100,1899927
2026-10-01 08:00,atp,ATP 500,China Open,Hard,3,Tallon Griekspoor,Andrey Rublev,total_games,over,19.5,0.7589,1.32,1.29,0.7389,2.0,-0.0211,0,100,1899927
2026-10-01 08:00,atp,ATP 500,China Open,Hard,3,Tallon Griekspoor,Andrey Rublev,total_games,under,19.5,0.2411,4.15,3.65,0.2611,-2.0,-0.1198,0,100,1899927
2026-10-01 08:00,atp,ATP 500,China Open,Hard,3,Tallon Griekspoor,Andrey Rublev,total_games,over,20.5,0.6777,1.48,1.44,0.6604,1.7,-0.024,0,100,1899927
2026-10-01 08:00,atp,ATP 500,China Open,Hard,3,Tallon Griekspoor,Andrey Rublev,total_games,under,20.5,0.3223,3.1,2.8,0.3396,-1.7,-0.0977,0,100,1899927
2026-10-01 08:00,atp,ATP 500,China Open,Hard,3,Tallon Griekspoor,Andrey Rublev,total_games,over,21.5,0.6251,1.6,1.56,0.61,1.5,-0.0249,0,100,1899927
2026-10-01 08:00,atp,ATP 500,China Open,Hard,3,Tallon Griekspoor,Andrey Rublev,total_games,under,21.5,0.3749,2.67,2.44,0.39,-1.5,-0.0852,0,100,1899927
2026-10-01 08:00,atp,ATP 500,China Open,Hard,3,Tallon Griekspoor,Andrey Rublev,total_games,over,22.5,0.533,1.88,1.81,0.5262,0.7,-0.0353,0,100,1899927
2026-10-01 08:00,atp,ATP 500,China Open,Hard,3,Tallon Griekspoor,Andrey Rublev,total_games,under,22.5,0.467,2.14,2.01,0.4738,-0.7,-0.0613,0,100,1899927
2026-10-01 08:00,atp,ATP 500,China Open,Hard,3,Tallon Griekspoor,Andrey Rublev,total_games,over,23.5,0.4587,2.18,2.07,0.4609,-0.2,-0.0505,0,100,1899927
2026-10-01 08:00,atp,ATP 500,China Open,Hard,3,Tallon Griekspoor,Andrey Rublev,total_games,under,23.5,0.5413,1.85,1.77,0.5391,0.2,-0.0419,0,100,1899927
2026-10-01 08:00,atp,ATP 500,China Open,Hard,3,Tallon Griekspoor,Andrey Rublev,total_games,over,24.5,0.4508,2.22,2.12,0.4494,0.1,-0.0444,0,100,1899927
2026-10-01 08:00,atp,ATP 500,China Open,Hard,3,Tallon Griekspoor,Andrey Rublev,total_games,under,24.5,0.5492,1.82,1.73,0.5506,-0.1,-0.0498,0,100,1899927
2026-10-01 08:00,atp,ATP 500,China Open,Hard,3,Tallon Griekspoor,Andrey Rublev,total_games,over,25.5,0.4185,2.39,2.29,0.4158,0.3,-0.0416,0,100,1899927
2026-10-01 08:00,atp,ATP 500,China Open,Hard,3,Tallon Griekspoor,Andrey Rublev,total_games,under,25.5,0.5815,1.72,1.63,0.5842,-0.3,-0.0522,0,100,1899927
2026-10-01 08:00,atp,ATP 500,China Open,Hard,3,Tallon Griekspoor,Andrey Rublev,p1_games,over,11.5,0.6271,1.59,1.51,0.6187,0.8,-0.0531,0,100,1899927
2026-10-01 08:00,atp,ATP 500,China Open,Hard,3,Tallon Griekspoor,Andrey Rublev,p1_games,under,11.5,0.3729,2.68,2.45,0.3813,-0.8,-0.0864,0,100,1899927
2026-10-01 08:00,atp,ATP 500,China Open,Hard,3,Tallon Griekspoor,Andrey Rublev,p1_games,over,12.5,0.4834,2.07,1.9,0.492,-0.9,-0.0816,0,100,1899927
2026-10-01 08:00,atp,ATP 500,China Open,Hard,3,Tallon Griekspoor,Andrey Rublev,p1_games,under,12.5,0.5166,1.94,1.84,0.508,0.9,-0.0494,0,100,1899927
2026-10-01 08:00,atp,ATP 500,China Open,Hard,3,Tallon Griekspoor,Andrey Rublev,p1_games,over,13.5,0.3426,2.92,2.6,0.358,-1.5,-0.1093,0,100,1899927
2026-10-01 08:00,atp,ATP 500,China Open,Hard,3,Tallon Griekspoor,Andrey Rublev,p1_games,under,13.5,0.6574,1.52,1.45,0.642,1.5,-0.0467,0,100,1899927
2026-10-01 08:00,atp,ATP 500,China Open,Hard,3,Tallon Griekspoor,Andrey Rublev,p2_games,over,11.5,0.7649,1.31,1.24,0.7564,0.8,-0.0515,0,100,1899927
2026-10-01 08:00,atp,ATP 500,China Open,Hard,3,Tallon Griekspoor,Andrey Rublev,p2_games,under,11.5,0.2351,4.25,3.85,0.2436,-0.8,-0.0948,0,100,1899927
2026-10-01 08:00,atp,ATP 500,China Open,Hard,3,Tallon Griekspoor,Andrey Rublev,p2_games,over,12.5,0.5512,1.81,1.64,0.5696,-1.8,-0.096,0,100,1899927
2026-10-01 08:00,atp,ATP 500,China Open,Hard,3,Tallon Griekspoor,Andrey Rublev,p2_games,under,12.5,0.4488,2.23,2.17,0.4304,1.8,-0.0261,0,100,1899927
2026-10-01 08:00,atp,ATP 500,China Open,Hard,3,Tallon Griekspoor,Andrey Rublev,p2_games,over,13.5,0.3703,2.7,2.37,0.3939,-2.4,-0.1223,0,100,1899927
2026-10-01 08:00,atp,ATP 500,China Open,Hard,3,Tallon Griekspoor,Andrey Rublev,p2_games,under,13.5,0.6297,1.59,1.54,0.6061,2.4,-0.0303,0,100,1899927
2026-10-01 08:00,atp,ATP 500,China Open,Hard,3,Tallon Griekspoor,Andrey Rublev,game_handicap,player_a,1.5,0.4739,2.11,,,,,0,100,1899927
2026-10-01 08:00,atp,ATP 500,China Open,Hard,3,Tallon Griekspoor,Andrey Rublev,game_handicap,player_b,-1.5,0.5261,1.9,,,,,0,100,1899927
2026-10-01 11:00,atp,ATP 500,China Open,Hard,3,Learner Tien,Hubert Hurkacz,winner,player_a,,0.5791,1.73,1.56,0.6158,-3.7,-0.0966,0,100,1899926
2026-10-01 11:00,atp,ATP 500,China Open,Hard,3,Learner Tien,Hubert Hurkacz,winner,player_b,,0.4209,2.38,2.5,0.3842,3.7,0.0523,0,100,1899926
2026-10-01 11:00,atp,ATP 500,China Open,Hard,3,Learner Tien,Hubert Hurkacz,total_games,over,21.5,0.5959,1.68,1.54,0.6061,-1.0,-0.0823,0,100,1899926
2026-10-01 11:00,atp,ATP 500,China Open,Hard,3,Learner Tien,Hubert Hurkacz,total_games,under,21.5,0.4041,2.47,2.37,0.3939,1.0,-0.0423,0,100,1899926
2026-10-01 11:00,atp,ATP 500,China Open,Hard,3,Learner Tien,Hubert Hurkacz,total_games,over,22.5,0.511,1.96,1.78,0.5241,-1.3,-0.0904,0,100,1899926
2026-10-01 11:00,atp,ATP 500,China Open,Hard,3,Learner Tien,Hubert Hurkacz,total_games,under,22.5,0.489,2.05,1.96,0.4759,1.3,-0.0416,0,100,1899926
2026-10-01 11:00,atp,ATP 500,China Open,Hard,3,Learner Tien,Hubert Hurkacz,total_games,over,23.5,0.4461,2.24,2.03,0.4601,-1.4,-0.0945,0,100,1899926
2026-10-01 11:00,atp,ATP 500,China Open,Hard,3,Learner Tien,Hubert Hurkacz,total_games,under,23.5,0.5539,1.81,1.73,0.5399,1.4,-0.0417,0,100,1899926
2026-10-01 11:00,atp,ATP 500,China Open,Hard,3,Learner Tien,Hubert Hurkacz,p1_games,over,11.5,0.7513,1.33,1.24,0.7564,-0.5,-0.0684,0,100,1899926
2026-10-01 11:00,atp,ATP 500,China Open,Hard,3,Learner Tien,Hubert Hurkacz,p1_games,under,11.5,0.2487,4.02,3.85,0.2436,0.5,-0.0426,0,100,1899926
2026-10-01 11:00,atp,ATP 500,China Open,Hard,3,Learner Tien,Hubert Hurkacz,p1_games,over,12.5,0.5267,1.9,1.75,0.5346,-0.8,-0.0783,0,100,1899926
2026-10-01 11:00,atp,ATP 500,China Open,Hard,3,Learner Tien,Hubert Hurkacz,p1_games,under,12.5,0.4733,2.11,2.01,0.4654,0.8,-0.0487,0,100,1899926
2026-10-01 11:00,atp,ATP 500,China Open,Hard,3,Learner Tien,Hubert Hurkacz,p1_games,over,13.5,0.3524,2.84,2.6,0.3596,-0.7,-0.0837,0,100,1899926
2026-10-01 11:00,atp,ATP 500,China Open,Hard,3,Learner Tien,Hubert Hurkacz,p1_games,under,13.5,0.6476,1.54,1.46,0.6404,0.7,-0.0545,0,100,1899926
2026-10-01 11:00,atp,ATP 500,China Open,Hard,3,Learner Tien,Hubert Hurkacz,p2_games,over,11.5,0.6206,1.61,1.63,0.5744,4.6,0.0116,0,100,1899926
2026-10-01 11:00,atp,ATP 500,China Open,Hard,3,Learner Tien,Hubert Hurkacz,p2_games,under,11.5,0.3794,2.64,2.2,0.4256,-4.6,-0.1653,0,100,1899926
2026-10-01 11:00,atp,ATP 500,China Open,Hard,3,Learner Tien,Hubert Hurkacz,p2_games,over,12.5,0.4663,2.14,2.12,0.4406,2.6,-0.0115,0,100,1899926
2026-10-01 11:00,atp,ATP 500,China Open,Hard,3,Learner Tien,Hubert Hurkacz,p2_games,under,12.5,0.5337,1.87,1.67,0.5594,-2.6,-0.1087,0,100,1899926
2026-10-01 11:00,atp,ATP 500,China Open,Hard,3,Learner Tien,Hubert Hurkacz,p2_games,over,13.5,0.3262,3.07,3.0,0.3119,1.4,-0.0215,0,100,1899926
2026-10-01 11:00,atp,ATP 500,China Open,Hard,3,Learner Tien,Hubert Hurkacz,p2_games,under,13.5,0.6738,1.48,1.36,0.6881,-1.4,-0.0836,0,100,1899926
2026-10-01 11:00,atp,ATP 500,China Open,Hard,3,Learner Tien,Hubert Hurkacz,game_handicap,player_a,-1.5,0.5234,1.91,,,,,0,100,1899926
2026-10-01 11:00,atp,ATP 500,China Open,Hard,3,Learner Tien,Hubert Hurkacz,game_handicap,player_b,1.5,0.4766,2.1,,,,,0,100,1899926
2026-10-01 12:30,atp,ATP 500,China Open,Hard,3,Alexander Bublik,Jakub Mensik,winner,player_a,,0.8218,1.22,2.43,0.3955,42.6,0.9969,0,78,1899918
2026-10-01 12:30,atp,ATP 500,China Open,Hard,3,Alexander Bublik,Jakub Mensik,winner,player_b,,0.1782,5.61,1.59,0.6045,-42.6,-0.7166,0,78,1899918
2026-10-01 12:30,atp,ATP 500,China Open,Hard,3,Alexander Bublik,Jakub Mensik,total_games,over,21.5,0.4589,2.18,1.56,0.5979,-13.9,-0.2841,1,78,1899918
2026-10-01 12:30,atp,ATP 500,China Open,Hard,3,Alexander Bublik,Jakub Mensik,total_games,under,21.5,0.5411,1.85,2.32,0.4021,13.9,0.2554,1,78,1899918
2026-10-01 12:30,atp,ATP 500,China Open,Hard,3,Alexander Bublik,Jakub Mensik,total_games,over,22.5,0.3843,2.6,1.81,0.5173,-13.3,-0.3045,1,78,1899918
2026-10-01 12:30,atp,ATP 500,China Open,Hard,3,Alexander Bublik,Jakub Mensik,total_games,under,22.5,0.6157,1.62,1.94,0.4827,13.3,0.1945,1,78,1899918
2026-10-01 12:30,atp,ATP 500,China Open,Hard,3,Alexander Bublik,Jakub Mensik,total_games,over,23.5,0.3321,3.01,2.05,0.4562,-12.4,-0.3191,1,78,1899918
2026-10-01 12:30,atp,ATP 500,China Open,Hard,3,Alexander Bublik,Jakub Mensik,total_games,under,23.5,0.6679,1.5,1.72,0.5438,12.4,0.1487,1,78,1899918
2026-10-01 12:30,atp,ATP 500,China Open,Hard,3,Alexander Bublik,Jakub Mensik,p1_games,over,11.5,0.9113,1.1,1.52,0.6162,29.5,0.3852,1,78,1899918
2026-10-01 12:30,atp,ATP 500,China Open,Hard,3,Alexander Bublik,Jakub Mensik,p1_games,under,11.5,0.0887,11.28,2.44,0.3838,-29.5,-0.7836,1,78,1899918
2026-10-01 12:30,atp,ATP 500,China Open,Hard,3,Alexander Bublik,Jakub Mensik,p1_games,over,12.5,0.4977,2.01,1.91,0.4893,0.8,-0.0494,1,78,1899918
2026-10-01 12:30,atp,ATP 500,China Open,Hard,3,Alexander Bublik,Jakub Mensik,p1_games,under,12.5,0.5023,1.99,1.83,0.5107,-0.8,-0.0808,1,78,1899918
2026-10-01 12:30,atp,ATP 500,China Open,Hard,3,Alexander Bublik,Jakub Mensik,p1_games,over,13.5,0.2899,3.45,2.65,0.3537,-6.4,-0.2317,1,78,1899918
2026-10-01 12:30,atp,ATP 500,China Open,Hard,3,Alexander Bublik,Jakub Mensik,p1_games,under,13.5,0.7101,1.41,1.45,0.6463,6.4,0.0296,1,78,1899918
2026-10-01 12:30,atp,ATP 500,China Open,Hard,3,Alexander Bublik,Jakub Mensik,p2_games,over,11.5,0.3522,2.84,1.23,0.7579,-40.6,-0.5668,1,78,1899918
2026-10-01 12:30,atp,ATP 500,China Open,Hard,3,Alexander Bublik,Jakub Mensik,p2_games,under,11.5,0.6478,1.54,3.85,0.2421,40.6,1.494,1,78,1899918
2026-10-01 12:30,atp,ATP 500,China Open,Hard,3,Alexander Bublik,Jakub Mensik,p2_games,over,12.5,0.2767,3.61,1.64,0.5707,-29.4,-0.5462,1,78,1899918
2026-10-01 12:30,atp,ATP 500,China Open,Hard,3,Alexander Bublik,Jakub Mensik,p2_games,under,12.5,0.7233,1.38,2.18,0.4293,29.4,0.5767,1,78,1899918
2026-10-01 12:30,atp,ATP 500,China Open,Hard,3,Alexander Bublik,Jakub Mensik,p2_games,over,13.5,0.1993,5.02,2.36,0.3964,-19.7,-0.5295,1,78,1899918
2026-10-01 12:30,atp,ATP 500,China Open,Hard,3,Alexander Bublik,Jakub Mensik,p2_games,under,13.5,0.8007,1.25,1.55,0.6036,19.7,0.241,1,78,1899918
2026-10-01 12:30,atp,ATP 500,China Open,Hard,3,Alexander Bublik,Jakub Mensik,game_handicap,player_a,-4.5,0.5064,1.97,,,,,1,78,1899918
2026-10-01 12:30,atp,ATP 500,China Open,Hard,3,Alexander Bublik,Jakub Mensik,game_handicap,player_b,4.5,0.4936,2.03,,,,,1,78,1899918
2026-10-01 01:00,atp,ATP 500,Japan Open (Tokyo),Hard,3,Holger Rune,Kyrian Jacquet,winner,player_a,,0.7573,1.32,1.56,0.6158,14.2,0.1814,0,91,1899909
2026-10-01 01:00,atp,ATP 500,Japan Open (Tokyo),Hard,3,Holger Rune,Kyrian Jacquet,winner,player_b,,0.2427,4.12,2.5,0.3842,-14.2,-0.3932,0,91,1899909
2026-10-01 01:00,atp,ATP 500,Japan Open (Tokyo),Hard,3,Holger Rune,Kyrian Jacquet,total_games,over,19.5,0.6207,1.61,1.33,0.7188,-9.8,-0.1745,1,91,1899909
2026-10-01 01:00,atp,ATP 500,Japan Open (Tokyo),Hard,3,Holger Rune,Kyrian Jacquet,total_games,under,19.5,0.3793,2.64,3.4,0.2812,9.8,0.2898,1,91,1899909
2026-10-01 01:00,atp,ATP 500,Japan Open (Tokyo),Hard,3,Holger Rune,Kyrian Jacquet,total_games,over,20.5,0.5417,1.85,1.49,0.6401,-9.8,-0.1929,1,91,1899909
2026-10-01 01:00,atp,ATP 500,Japan Open (Tokyo),Hard,3,Holger Rune,Kyrian Jacquet,total_games,under,20.5,0.4583,2.18,2.65,0.3599,9.8,0.2146,1,91,1899909
2026-10-01 01:00,atp,ATP 500,Japan Open (Tokyo),Hard,3,Holger Rune,Kyrian Jacquet,total_games,over,21.5,0.488,2.05,1.63,0.5852,-9.7,-0.2046,1,91,1899909
2026-10-01 01:00,atp,ATP 500,Japan Open (Tokyo),Hard,3,Holger Rune,Kyrian Jacquet,total_games,under,21.5,0.512,1.95,2.3,0.4148,9.7,0.1776,1,91,1899909
2026-10-01 01:00,atp,ATP 500,Japan Open (Tokyo),Hard,3,Holger Rune,Kyrian Jacquet,total_games,over,22.5,0.4166,2.4,1.88,0.5066,-9.0,-0.2167,1,91,1899909
2026-10-01 01:00,atp,ATP 500,Japan Open (Tokyo),Hard,3,Holger Rune,Kyrian Jacquet,total_games,under,22.5,0.5834,1.71,1.93,0.4934,9.0,0.1259,1,91,1899909
2026-10-01 01:00,atp,ATP 500,Japan Open (Tokyo),Hard,3,Holger Rune,Kyrian Jacquet,total_games,over,23.5,0.3673,2.72,2.13,0.4468,-7.9,-0.2176,1,91,1899909
2026-10-01 01:00,atp,ATP 500,Japan Open (Tokyo),Hard,3,Holger Rune,Kyrian Jacquet,total_games,under,23.5,0.6327,1.58,1.72,0.5532,7.9,0.0882,1,91,1899909
2026-10-01 01:00,atp,ATP 500,Japan Open (Tokyo),Hard,3,Holger Rune,Kyrian Jacquet,total_games,over,24.5,0.3552,2.81,2.2,0.433,-7.8,-0.2185,1,91,1899909
2026-10-01 01:00,atp,ATP 500,Japan Open (Tokyo),Hard,3,Holger Rune,Kyrian Jacquet,total_games,under,24.5,0.6448,1.55,1.68,0.567,7.8,0.0832,1,91,1899909
2026-10-01 01:00,atp,ATP 500,Japan Open (Tokyo),Hard,3,Holger Rune,Kyrian Jacquet,total_games,over,25.5,0.3247,3.08,2.38,0.4005,-7.6,-0.2273,1,91,1899909
2026-10-01 01:00,atp,ATP 500,Japan Open (Tokyo),Hard,3,Holger Rune,Kyrian Jacquet,total_games,under,25.5,0.6753,1.48,1.59,0.5995,7.6,0.0738,1,91,1899909
2026-10-01 01:00,atp,ATP 500,Japan Open (Tokyo),Hard,3,Holger Rune,Kyrian Jacquet,p1_games,over,11.5,0.8674,1.15,1.24,0.754,11.3,0.0756,1,91,1899909
2026-10-01 01:00,atp,ATP 500,Japan Open (Tokyo),Hard,3,Holger Rune,Kyrian Jacquet,p1_games,under,11.5,0.1326,7.54,3.8,0.246,-11.3,-0.4963,1,91,1899909
2026-10-01 01:00,atp,ATP 500,Japan Open (Tokyo),Hard,3,Holger Rune,Kyrian Jacquet,p1_games,over,12.5,0.5,2.0,1.79,0.5227,-2.3,-0.1049,1,91,1899909
2026-10-01 01:00,atp,ATP 500,Japan Open (Tokyo),Hard,3,Holger Rune,Kyrian Jacquet,p1_games,under,12.5,0.5,2.0,1.96,0.4773,2.3,-0.0201,1,91,1899909
2026-10-01 01:00,atp,ATP 500,Japan Open (Tokyo),Hard,3,Holger Rune,Kyrian Jacquet,p1_games,over,13.5,0.3074,3.25,2.65,0.3521,-4.5,-0.1855,1,91,1899909
2026-10-01 01:00,atp,ATP 500,Japan Open (Tokyo),Hard,3,Holger Rune,Kyrian Jacquet,p1_games,under,13.5,0.6926,1.44,1.44,0.6479,4.5,-0.0026,1,91,1899909
2026-10-01 01:00,atp,ATP 500,Japan Open (Tokyo),Hard,3,Holger Rune,Kyrian Jacquet,p2_games,over,11.5,0.4207,2.38,1.64,0.5696,-14.9,-0.31,1,91,1899909
2026-10-01 01:00,atp,ATP 500,Japan Open (Tokyo),Hard,3,Holger Rune,Kyrian Jacquet,p2_games,under,11.5,0.5793,1.73,2.17,0.4304,14.9,0.257,1,91,1899909
2026-10-01 01:00,atp,ATP 500,Japan Open (Tokyo),Hard,3,Holger Rune,Kyrian Jacquet,p2_games,over,12.5,0.322,3.11,2.17,0.4304,-10.8,-0.3013,1,91,1899909
2026-10-01 01:00,atp,ATP 500,Japan Open (Tokyo),Hard,3,Holger Rune,Kyrian Jacquet,p2_games,under,12.5,0.678,1.47,1.64,0.5696,10.8,0.112,1,91,1899909
2026-10-01 01:00,atp,ATP 500,Japan Open (Tokyo),Hard,3,Holger Rune,Kyrian Jacquet,p2_games,over,13.5,0.2278,4.39,3.05,0.3068,-7.9,-0.3052,1,91,1899909
2026-10-01 01:00,atp,ATP 500,Japan Open (Tokyo),Hard,3,Holger Rune,Kyrian Jacquet,p2_games,under,13.5,0.7722,1.29,1.35,0.6932,7.9,0.0425,1,91,1899909
2026-10-01 01:00,atp,ATP 500,Japan Open (Tokyo),Hard,3,Holger Rune,Kyrian Jacquet,game_handicap,player_a,-3.5,0.5809,1.72,,,,,1,91,1899909
2026-10-01 01:00,atp,ATP 500,Japan Open (Tokyo),Hard,3,Holger Rune,Kyrian Jacquet,game_handicap,player_b,3.5,0.4191,2.39,,,,,1,91,1899909
2026-10-01 01:00,atp,ATP 500,Japan Open (Tokyo),Hard,3,Kei Nishikori,Frances Tiafoe,winner,player_a,,0.3119,3.21,4.5,0.2133,9.9,0.4035,0,100,1899912
2026-10-01 01:00,atp,ATP 500,Japan Open (Tokyo),Hard,3,Kei Nishikori,Frances Tiafoe,winner,player_b,,0.6881,1.45,1.22,0.7867,-9.9,-0.1605,0,100,1899912
2026-10-01 01:00,atp,ATP 500,Japan Open (Tokyo),Hard,3,Kei Nishikori,Frances Tiafoe,total_games,over,18.5,0.7476,1.34,1.32,0.7233,2.4,-0.0131,0,100,1899912
2026-10-01 01:00,atp,ATP 500,Japan Open (Tokyo),Hard,3,Kei Nishikori,Frances Tiafoe,total_games,under,18.5,0.2524,3.96,3.45,0.2767,-2.4,-0.1294,0,100,1899912
2026-10-01 01:00,atp,ATP 500,Japan Open (Tokyo),Hard,3,Kei Nishikori,Frances Tiafoe,total_games,over,19.5,0.6618,1.51,1.5,0.6341,2.8,-0.0073,0,100,1899912
2026-10-01 01:00,atp,ATP 500,Japan Open (Tokyo),Hard,3,Kei Nishikori,Frances Tiafoe,total_games,under,19.5,0.3382,2.96,2.6,0.3659,-2.8,-0.1207,0,100,1899912
2026-10-01 01:00,atp,ATP 500,Japan Open (Tokyo),Hard,3,Kei Nishikori,Frances Tiafoe,total_games,over,20.5,0.583,1.72,1.71,0.557,2.6,-0.0031,0,100,1899912
2026-10-01 01:00,atp,ATP 500,Japan Open (Tokyo),Hard,3,Kei Nishikori,Frances Tiafoe,total_games,under,20.5,0.417,2.4,2.15,0.443,-2.6,-0.1034,0,100,1899912
2026-10-01 01:00,atp,ATP 500,Japan Open (Tokyo),Hard,3,Kei Nishikori,Frances Tiafoe,total_games,over,21.5,0.5292,1.89,1.9,0.5013,2.8,0.0055,0,100,1899912
2026-10-01 01:00,atp,ATP 500,Japan Open (Tokyo),Hard,3,Kei Nishikori,Frances Tiafoe,total_games,under,21.5,0.4708,2.12,1.91,0.4987,-2.8,-0.1008,0,100,1899912
2026-10-01 01:00,atp,ATP 500,Japan Open (Tokyo),Hard,3,Kei Nishikori,Frances Tiafoe,total_games,over,22.5,0.4547,2.2,2.23,0.4267,2.8,0.014,0,100,1899912
2026-10-01 01:00,atp,ATP 500,Japan Open (Tokyo),Hard,3,Kei Nishikori,Frances Tiafoe,total_games,under,22.5,0.5453,1.83,1.66,0.5733,-2.8,-0.0948,0,100,1899912
2026-10-01 01:00,atp,ATP 500,Japan Open (Tokyo),Hard,3,Kei Nishikori,Frances Tiafoe,total_games,over,23.5,0.4019,2.49,2.55,0.375,2.7,0.025,0,100,1899912
2026-10-01 01:00,atp,ATP 500,Japan Open (Tokyo),Hard,3,Kei Nishikori,Frances Tiafoe,total_games,under,23.5,0.5981,1.67,1.53,0.625,-2.7,-0.085,0,100,1899912
2026-10-01 01:00,atp,ATP 500,Japan Open (Tokyo),Hard,3,Kei Nishikori,Frances Tiafoe,total_games,over,24.5,0.3896,2.57,2.6,0.3659,2.4,0.013,0,100,1899912
2026-10-01 01:00,atp,ATP 500,Japan Open (Tokyo),Hard,3,Kei Nishikori,Frances Tiafoe,total_games,under,24.5,0.6104,1.64,1.5,0.6341,-2.4,-0.0844,0,100,1899912
2026-10-01 01:00,atp,ATP 500,Japan Open (Tokyo),Hard,3,Kei Nishikori,Frances Tiafoe,p1_games,over,8.5,0.6365,1.57,1.68,0.5556,8.1,0.0693,0,100,1899912
2026-10-01 01:00,atp,ATP 500,Japan Open (Tokyo),Hard,3,Kei Nishikori,Frances Tiafoe,p1_games,under,8.5,0.3635,2.75,2.1,0.4444,-8.1,-0.2367,0,100,1899912
2026-10-01 01:00,atp,ATP 500,Japan Open (Tokyo),Hard,3,Kei Nishikori,Frances Tiafoe,p1_games,over,9.5,0.5806,1.72,1.9,0.492,8.9,0.1031,0,100,1899912
2026-10-01 01:00,atp,ATP 500,Japan Open (Tokyo),Hard,3,Kei Nishikori,Frances Tiafoe,p1_games,under,9.5,0.4194,2.38,1.84,0.508,-8.9,-0.2283,0,100,1899912
2026-10-01 01:00,atp,ATP 500,Japan Open (Tokyo),Hard,3,Kei Nishikori,Frances Tiafoe,p1_games,over,10.5,0.5342,1.87,2.12,0.4406,9.4,0.1325,0,100,1899912
2026-10-01 01:00,atp,ATP 500,Japan Open (Tokyo),Hard,3,Kei Nishikori,Frances Tiafoe,p1_games,under,10.5,0.4658,2.15,1.67,0.5594,-9.4,-0.2221,0,100,1899912
2026-10-01 01:00,atp,ATP 500,Japan Open (Tokyo),Hard,3,Kei Nishikori,Frances Tiafoe,p2_games,over,11.5,0.8212,1.22,1.08,0.8629,-4.2,-0.1131,0,100,1899912
2026-10-01 01:00,atp,ATP 500,Japan Open (Tokyo),Hard,3,Kei Nishikori,Frances Tiafoe,p2_games,under,11.5,0.1788,5.59,6.8,0.1371,4.2,0.2155,0,100,1899912
2026-10-01 01:00,atp,ATP 500,Japan Open (Tokyo),Hard,3,Kei Nishikori,Frances Tiafoe,p2_games,over,12.5,0.5113,1.96,1.75,0.5346,-2.3,-0.1052,0,100,1899912
2026-10-01 01:00,atp,ATP 500,Japan Open (Tokyo),Hard,3,Kei Nishikori,Frances Tiafoe,p2_games,under,12.5,0.4887,2.05,2.01,0.4654,2.3,-0.0177,0,100,1899912
2026-10-01 01:00,atp,ATP 500,Japan Open (Tokyo),Hard,3,Kei Nishikori,Frances Tiafoe,p2_games,over,13.5,0.3261,3.07,2.8,0.3333,-0.7,-0.0868,0,100,1899912
2026-10-01 01:00,atp,ATP 500,Japan Open (Tokyo),Hard,3,Kei Nishikori,Frances Tiafoe,p2_games,under,13.5,0.6739,1.48,1.4,0.6667,0.7,-0.0566,0,100,1899912
2026-10-01 01:00,atp,ATP 500,Japan Open (Tokyo),Hard,3,Kei Nishikori,Frances Tiafoe,game_handicap,player_a,3.5,0.4983,2.01,,,,,0,100,1899912
2026-10-01 01:00,atp,ATP 500,Japan Open (Tokyo),Hard,3,Kei Nishikori,Frances Tiafoe,game_handicap,player_b,-3.5,0.5017,1.99,,,,,0,100,1899912
2026-10-01 02:00,atp,ATP 500,Japan Open (Tokyo),Hard,3,Brandon Nakashima,Ugo Humbert,winner,player_a,,0.5641,1.77,1.45,0.6628,-9.9,-0.182,0,100,1899910
2026-10-01 02:00,atp,ATP 500,Japan Open (Tokyo),Hard,3,Brandon Nakashima,Ugo Humbert,winner,player_b,,0.4359,2.29,2.85,0.3372,9.9,0.2423,0,100,1899910
2026-10-01 02:00,atp,ATP 500,Japan Open (Tokyo),Hard,3,Brandon Nakashima,Ugo Humbert,total_games,over,19.5,0.7703,1.3,1.36,0.7018,6.9,0.0477,0,100,1899910
2026-10-01 02:00,atp,ATP 500,Japan Open (Tokyo),Hard,3,Brandon Nakashima,Ugo Humbert,total_games,under,19.5,0.2297,4.35,3.2,0.2982,-6.9,-0.2651,0,100,1899910
2026-10-01 02:00,atp,ATP 500,Japan Open (Tokyo),Hard,3,Brandon Nakashima,Ugo Humbert,total_games,over,20.5,0.6896,1.45,1.52,0.6265,6.3,0.0482,0,100,1899910
2026-10-01 02:00,atp,ATP 500,Japan Open (Tokyo),Hard,3,Brandon Nakashima,Ugo Humbert,total_games,under,20.5,0.3104,3.22,2.55,0.3735,-6.3,-0.2086,0,100,1899910
2026-10-01 02:00,atp,ATP 500,Japan Open (Tokyo),Hard,3,Brandon Nakashima,Ugo Humbert,total_games,over,21.5,0.6375,1.57,1.67,0.5707,6.7,0.0646,0,100,1899910
2026-10-01 02:00,atp,ATP 500,Japan Open (Tokyo),Hard,3,Brandon Nakashima,Ugo Humbert,total_games,under,21.5,0.3625,2.76,2.22,0.4293,-6.7,-0.1952,0,100,1899910
2026-10-01 02:00,atp,ATP 500,Japan Open (Tokyo),Hard,3,Brandon Nakashima,Ugo Humbert,total_games,over,22.5,0.5433,1.84,1.93,0.4934,5.0,0.0487,0,100,1899910
2026-10-01 02:00,atp,ATP 500,Japan Open (Tokyo),Hard,3,Brandon Nakashima,Ugo Humbert,total_games,under,22.5,0.4567,2.19,1.88,0.5066,-5.0,-0.1415,0,100,1899910
2026-10-01 02:00,atp,ATP 500,Japan Open (Tokyo),Hard,3,Brandon Nakashima,Ugo Humbert,total_games,over,23.5,0.4661,2.15,2.19,0.4356,3.1,0.0207,0,100,1899910
2026-10-01 02:00,atp,ATP 500,Japan Open (Tokyo),Hard,3,Brandon Nakashima,Ugo Humbert,total_games,under,23.5,0.5339,1.87,1.69,0.5644,-3.1,-0.0977,0,100,1899910
2026-10-01 02:00,atp,ATP 500,Japan Open (Tokyo),Hard,3,Brandon Nakashima,Ugo Humbert,total_games,over,24.5,0.4586,2.18,2.25,0.4231,3.5,0.0318,0,100,1899910
2026-10-01 02:00,atp,ATP 500,Japan Open (Tokyo),Hard,3,Brandon Nakashima,Ugo Humbert,total_games,under,24.5,0.5414,1.85,1.65,0.5769,-3.5,-0.1066,0,100,1899910
2026-10-01 02:00,atp,ATP 500,Japan Open (Tokyo),Hard,3,Brandon Nakashima,Ugo Humbert,total_games,over,25.5,0.4262,2.35,2.45,0.389,3.7,0.0442,0,100,1899910
2026-10-01 02:00,atp,ATP 500,Japan Open (Tokyo),Hard,3,Brandon Nakashima,Ugo Humbert,total_games,under,25.5,0.5738,1.74,1.56,0.611,-3.7,-0.1049,0,100,1899910
2026-10-01 02:00,atp,ATP 500,Japan Open (Tokyo),Hard,3,Brandon Nakashima,Ugo Humbert,p1_games,over,11.5,0.7513,1.33,1.18,0.7885,-3.7,-0.1135,0,100,1899910
2026-10-01 02:00,atp,ATP 500,Japan Open (Tokyo),Hard,3,Brandon Nakashima,Ugo Humbert,p1_games,under,11.5,0.2487,4.02,4.4,0.2115,3.7,0.0942,0,100,1899910
2026-10-01 02:00,atp,ATP 500,Japan Open (Tokyo),Hard,3,Brandon Nakashima,Ugo Humbert,p1_games,over,12.5,0.5518,1.81,1.66,0.5643,-1.2,-0.0839,0,100,1899910
2026-10-01 02:00,atp,ATP 500,Japan Open (Tokyo),Hard,3,Brandon Nakashima,Ugo Humbert,p1_games,under,12.5,0.4482,2.23,2.15,0.4357,1.2,-0.0365,0,100,1899910
2026-10-01 02:00,atp,ATP 500,Japan Open (Tokyo),Hard,3,Brandon Nakashima,Ugo Humbert,p1_games,over,13.5,0.3747,2.67,2.47,0.3778,-0.3,-0.0744,0,100,1899910
2026-10-01 02:00,atp,ATP 500,Japan Open (Tokyo),Hard,3,Brandon Nakashima,Ugo Humbert,p1_games,under,13.5,0.6253,1.6,1.5,0.6222,0.3,-0.0621,0,100,1899910
2026-10-01 02:00,atp,ATP 500,Japan Open (Tokyo),Hard,3,Brandon Nakashima,Ugo Humbert,p2_games,over,10.5,0.6772,1.48,1.59,0.5881,8.9,0.0767,0,100,1899910
2026-10-01 02:00,atp,ATP 500,Japan Open (Tokyo),Hard,3,Brandon Nakashima,Ugo Humbert,p2_games,under,10.5,0.3228,3.1,2.27,0.4119,-8.9,-0.2671,0,100,1899910
2026-10-01 02:00,atp,ATP 500,Japan Open (Tokyo),Hard,3,Brandon Nakashima,Ugo Humbert,p2_games,over,11.5,0.6498,1.54,1.68,0.5556,9.4,0.0917,0,100,1899910
2026-10-01 02:00,atp,ATP 500,Japan Open (Tokyo),Hard,3,Brandon Nakashima,Ugo Humbert,p2_games,under,11.5,0.3502,2.86,2.1,0.4444,-9.4,-0.2646,0,100,1899910
2026-10-01 02:00,atp,ATP 500,Japan Open (Tokyo),Hard,3,Brandon Nakashima,Ugo Humbert,p2_games,over,12.5,0.5008,2.0,2.13,0.438,6.3,0.0666,0,100,1899910
2026-10-01 02:00,atp,ATP 500,Japan Open (Tokyo),Hard,3,Brandon Nakashima,Ugo Humbert,p2_games,under,12.5,0.4992,2.0,1.66,0.562,-6.3,-0.1713,0,100,1899910
2026-10-01 02:00,atp,ATP 500,Japan Open (Tokyo),Hard,3,Brandon Nakashima,Ugo Humbert,game_handicap,player_a,-1.5,0.5027,1.99,,,,,0,100,1899910
2026-10-01 02:00,atp,ATP 500,Japan Open (Tokyo),Hard,3,Brandon Nakashima,Ugo Humbert,game_handicap,player_b,1.5,0.4973,2.01,,,,,0,100,1899910
2026-10-01 02:00,atp,ATP 500,Japan Open (Tokyo),Hard,3,Jaime Faria,Arthur Fery,winner,player_a,,0.443,2.26,1.91,0.5039,-6.1,-0.1538,0,100,1901227
2026-10-01 02:00,atp,ATP 500,Japan Open (Tokyo),Hard,3,Jaime Faria,Arthur Fery,winner,player_b,,0.557,1.8,1.94,0.4961,6.1,0.0805,0,100,1901227
2026-10-01 02:00,atp,ATP 500,Japan Open (Tokyo),Hard,3,Jaime Faria,Arthur Fery,total_games,over,19.5,0.6976,1.43,1.29,0.7389,-4.1,-0.1001,0,100,1901227
2026-10-01 02:00,atp,ATP 500,Japan Open (Tokyo),Hard,3,Jaime Faria,Arthur Fery,total_games,under,19.5,0.3024,3.31,3.65,0.2611,4.1,0.1038,0,100,1901227
2026-10-01 02:00,atp,ATP 500,Japan Open (Tokyo),Hard,3,Jaime Faria,Arthur Fery,total_games,over,20.5,0.6196,1.61,1.44,0.6604,-4.1,-0.1077,0,100,1901227
2026-10-01 02:00,atp,ATP 500,Japan Open (Tokyo),Hard,3,Jaime Faria,Arthur Fery,total_games,under,20.5,0.3804,2.63,2.8,0.3396,4.1,0.065,0,100,1901227
2026-10-01 02:00,atp,ATP 500,Japan Open (Tokyo),Hard,3,Jaime Faria,Arthur Fery,total_games,over,21.5,0.5662,1.77,1.56,0.61,-4.4,-0.1168,0,100,1901227
2026-10-01 02:00,atp,ATP 500,Japan Open (Tokyo),Hard,3,Jaime Faria,Arthur Fery,total_games,under,21.5,0.4338,2.3,2.44,0.39,4.4,0.0586,0,100,1901227
2026-10-01 02:00,atp,ATP 500,Japan Open (Tokyo),Hard,3,Jaime Faria,Arthur Fery,total_games,over,22.5,0.4897,2.04,1.81,0.5262,-3.6,-0.1137,0,100,1901227
2026-10-01 02:00,atp,ATP 500,Japan Open (Tokyo),Hard,3,Jaime Faria,Arthur Fery,total_games,under,22.5,0.5103,1.96,2.01,0.4738,3.6,0.0257,0,100,1901227
2026-10-01 02:00,atp,ATP 500,Japan Open (Tokyo),Hard,3,Jaime Faria,Arthur Fery,total_games,over,23.5,0.4345,2.3,2.05,0.4648,-3.0,-0.1093,0,100,1901227
2026-10-01 02:00,atp,ATP 500,Japan Open (Tokyo),Hard,3,Jaime Faria,Arthur Fery,total_games,under,23.5,0.5655,1.77,1.78,0.5352,3.0,0.0066,0,100,1901227
2026-10-01 02:00,atp,ATP 500,Japan Open (Tokyo),Hard,3,Jaime Faria,Arthur Fery,total_games,over,24.5,0.4217,2.37,2.1,0.4531,-3.1,-0.1145,0,100,1901227
2026-10-01 02:00,atp,ATP 500,Japan Open (Tokyo),Hard,3,Jaime Faria,Arthur Fery,total_games,under,24.5,0.5783,1.73,1.74,0.5469,3.1,0.0063,0,100,1901227
2026-10-01 02:00,atp,ATP 500,Japan Open (Tokyo),Hard,3,Jaime Faria,Arthur Fery,total_games,over,25.5,0.3875,2.58,2.28,0.4184,-3.1,-0.1164,0,100,1901227
2026-10-01 02:00,atp,ATP 500,Japan Open (Tokyo),Hard,3,Jaime Faria,Arthur Fery,total_games,under,25.5,0.6125,1.63,1.64,0.5816,3.1,0.0044,0,100,1901227
2026-10-01 02:00,atp,ATP 500,Japan Open (Tokyo),Hard,3,Jaime Faria,Arthur Fery,p1_games,over,11.5,0.6276,1.59,1.39,0.6722,-4.5,-0.1276,0,100,1901227
2026-10-01 02:00,atp,ATP 500,Japan Open (Tokyo),Hard,3,Jaime Faria,Arthur Fery,p1_games,under,11.5,0.3724,2.69,2.85,0.3278,4.5,0.0613,0,100,1901227
2026-10-01 02:00,atp,ATP 500,Japan Open (Tokyo),Hard,3,Jaime Faria,Arthur Fery,p1_games,over,12.5,0.4532,2.21,1.87,0.4987,-4.5,-0.1525,0,100,1901227
2026-10-01 02:00,atp,ATP 500,Japan Open (Tokyo),Hard,3,Jaime Faria,Arthur Fery,p1_games,under,12.5,0.5468,1.83,1.86,0.5013,4.5,0.017,0,100,1901227
2026-10-01 02:00,atp,ATP 500,Japan Open (Tokyo),Hard,3,Jaime Faria,Arthur Fery,p1_games,over,13.5,0.3119,3.21,2.7,0.3462,-3.4,-0.158,0,100,1901227
2026-10-01 02:00,atp,ATP 500,Japan Open (Tokyo),Hard,3,Jaime Faria,Arthur Fery,p1_games,under,13.5,0.6881,1.45,1.43,0.6538,3.4,-0.0159,0,100,1901227
2026-10-01 02:00,atp,ATP 500,Japan Open (Tokyo),Hard,3,Jaime Faria,Arthur Fery,p2_games,over,11.5,0.7226,1.38,1.4,0.6667,5.6,0.0116,0,100,1901227
2026-10-01 02:00,atp,ATP 500,Japan Open (Tokyo),Hard,3,Jaime Faria,Arthur Fery,p2_games,under,11.5,0.2774,3.6,2.8,0.3333,-5.6,-0.2232,0,100,1901227
2026-10-01 02:00,atp,ATP 500,Japan Open (Tokyo),Hard,3,Jaime Faria,Arthur Fery,p2_games,over,12.5,0.4944,2.02,1.89,0.4947,-0.0,-0.0656,0,100,1901227
2026-10-01 02:00,atp,ATP 500,Japan Open (Tokyo),Hard,3,Jaime Faria,Arthur Fery,p2_games,under,12.5,0.5056,1.98,1.85,0.5053,0.0,-0.0646,0,100,1901227
2026-10-01 02:00,atp,ATP 500,Japan Open (Tokyo),Hard,3,Jaime Faria,Arthur Fery,p2_games,over,13.5,0.331,3.02,2.7,0.3462,-1.5,-0.1062,0,100,1901227
2026-10-01 02:00,atp,ATP 500,Japan Open (Tokyo),Hard,3,Jaime Faria,Arthur Fery,p2_games,under,13.5,0.669,1.49,1.43,0.6538,1.5,-0.0434,0,100,1901227
2026-10-01 02:00,atp,ATP 500,Japan Open (Tokyo),Hard,3,Jaime Faria,Arthur Fery,game_handicap,player_a,1.5,0.4962,2.02,,,,,0,100,1901227
2026-10-01 02:00,atp,ATP 500,Japan Open (Tokyo),Hard,3,Jaime Faria,Arthur Fery,game_handicap,player_b,-1.5,0.5038,1.99,,,,,0,100,1901227
2026-10-01 02:00,atp,ATP 500,Japan Open (Tokyo),Hard,3,Luciano Darderi,Casper Ruud,winner,player_a,,0.28,3.57,2.95,0.3265,-4.6,-0.174,0,100,1899914
2026-10-01 02:00,atp,ATP 500,Japan Open (Tokyo),Hard,3,Luciano Darderi,Casper Ruud,winner,player_b,,0.72,1.39,1.43,0.6735,4.6,0.0296,0,100,1899914
2026-10-01 02:00,atp,ATP 500,Japan Open (Tokyo),Hard,3,Luciano Darderi,Casper Ruud,total_games,over,19.5,0.6577,1.52,1.37,0.6969,-3.9,-0.0989,0,100,1899914
2026-10-01 02:00,atp,ATP 500,Japan Open (Tokyo),Hard,3,Luciano Darderi,Casper Ruud,total_games,under,19.5,0.3423,2.92,3.15,0.3031,3.9,0.0782,0,100,1899914
2026-10-01 02:00,atp,ATP 500,Japan Open (Tokyo),Hard,3,Luciano Darderi,Casper Ruud,total_games,over,20.5,0.5773,1.73,1.53,0.6203,-4.3,-0.1167,0,100,1899914
2026-10-01 02:00,atp,ATP 500,Japan Open (Tokyo),Hard,3,Luciano Darderi,Casper Ruud,total_games,under,20.5,0.4227,2.37,2.5,0.3797,4.3,0.0566,0,100,1899914
2026-10-01 02:00,atp,ATP 500,Japan Open (Tokyo),Hard,3,Luciano Darderi,Casper Ruud,total_games,over,21.5,0.5231,1.91,1.68,0.567,-4.4,-0.1211,0,100,1899914
2026-10-01 02:00,atp,ATP 500,Japan Open (Tokyo),Hard,3,Luciano Darderi,Casper Ruud,total_games,under,21.5,0.4769,2.1,2.2,0.433,4.4,0.0491,0,100,1899914
2026-10-01 02:00,atp,ATP 500,Japan Open (Tokyo),Hard,3,Luciano Darderi,Casper Ruud,total_games,over,22.5,0.4468,2.24,1.95,0.4895,-4.3,-0.1287,0,100,1899914
2026-10-01 02:00,atp,ATP 500,Japan Open (Tokyo),Hard,3,Luciano Darderi,Casper Ruud,total_games,under,22.5,0.5532,1.81,1.87,0.5105,4.3,0.0344,0,100,1899914
2026-10-01 02:00,atp,ATP 500,Japan Open (Tokyo),Hard,3,Luciano Darderi,Casper Ruud,total_games,over,23.5,0.3923,2.55,2.21,0.4319,-4.0,-0.1331,0,100,1899914
2026-10-01 02:00,atp,ATP 500,Japan Open (Tokyo),Hard,3,Luciano Darderi,Casper Ruud,total_games,under,23.5,0.6077,1.65,1.68,0.5681,4.0,0.021,0,100,1899914
2026-10-01 02:00,atp,ATP 500,Japan Open (Tokyo),Hard,3,Luciano Darderi,Casper Ruud,total_games,over,24.5,0.381,2.62,2.27,0.4194,-3.8,-0.135,0,100,1899914
2026-10-01 02:00,atp,ATP 500,Japan Open (Tokyo),Hard,3,Luciano Darderi,Casper Ruud,total_games,under,24.5,0.619,1.62,1.64,0.5806,3.8,0.0151,0,100,1899914
2026-10-01 02:00,atp,ATP 500,Japan Open (Tokyo),Hard,3,Luciano Darderi,Casper Ruud,total_games,over,25.5,0.3498,2.86,2.47,0.3856,-3.6,-0.1359,0,100,1899914
2026-10-01 02:00,atp,ATP 500,Japan Open (Tokyo),Hard,3,Luciano Darderi,Casper Ruud,total_games,under,25.5,0.6502,1.54,1.55,0.6144,3.6,0.0077,0,100,1899914
2026-10-01 02:00,atp,ATP 500,Japan Open (Tokyo),Hard,3,Luciano Darderi,Casper Ruud,p1_games,over,10.5,0.5047,1.98,1.71,0.5464,-4.2,-0.137,0,100,1899914
2026-10-01 02:00,atp,ATP 500,Japan Open (Tokyo),Hard,3,Luciano Darderi,Casper Ruud,p1_games,under,10.5,0.4953,2.02,2.06,0.4536,4.2,0.0203,0,100,1899914
2026-10-01 02:00,atp,ATP 500,Japan Open (Tokyo),Hard,3,Luciano Darderi,Casper Ruud,p1_games,over,11.5,0.4694,2.13,1.84,0.508,-3.9,-0.1364,0,100,1899914
2026-10-01 02:00,atp,ATP 500,Japan Open (Tokyo),Hard,3,Luciano Darderi,Casper Ruud,p1_games,under,11.5,0.5306,1.88,1.9,0.492,3.9,0.0082,0,100,1899914
2026-10-01 02:00,atp,ATP 500,Japan Open (Tokyo),Hard,3,Luciano Darderi,Casper Ruud,p1_games,over,12.5,0.36,2.78,2.41,0.3868,-2.7,-0.1324,0,100,1899914
2026-10-01 02:00,atp,ATP 500,Japan Open (Tokyo),Hard,3,Luciano Darderi,Casper Ruud,p1_games,under,12.5,0.64,1.56,1.52,0.6132,2.7,-0.0272,0,100,1899914
2026-10-01 02:00,atp,ATP 500,Japan Open (Tokyo),Hard,3,Luciano Darderi,Casper Ruud,p2_games,over,11.5,0.8455,1.18,1.18,0.7923,5.3,-0.0023,0,100,1899914
2026-10-01 02:00,atp,ATP 500,Japan Open (Tokyo),Hard,3,Luciano Darderi,Casper Ruud,p2_games,under,11.5,0.1545,6.47,4.5,0.2077,-5.3,-0.3047,0,100,1899914
2026-10-01 02:00,atp,ATP 500,Japan Open (Tokyo),Hard,3,Luciano Darderi,Casper Ruud,p2_games,over,12.5,0.5178,1.93,1.78,0.5253,-0.7,-0.0782,0,100,1899914
2026-10-01 02:00,atp,ATP 500,Japan Open (Tokyo),Hard,3,Luciano Darderi,Casper Ruud,p2_games,under,12.5,0.4822,2.07,1.97,0.4747,0.7,-0.0502,0,100,1899914
2026-10-01 02:00,atp,ATP 500,Japan Open (Tokyo),Hard,3,Luciano Darderi,Casper Ruud,p2_games,over,13.5,0.325,3.08,2.7,0.3462,-2.1,-0.1224,0,100,1899914
2026-10-01 02:00,atp,ATP 500,Japan Open (Tokyo),Hard,3,Luciano Darderi,Casper Ruud,p2_games,under,13.5,0.675,1.48,1.43,0.6538,2.1,-0.0348,0,100,1899914
2026-10-01 02:00,atp,ATP 500,Japan Open (Tokyo),Hard,3,Luciano Darderi,Casper Ruud,game_handicap,player_a,3.5,0.4705,2.13,,,,,0,100,1899914
2026-10-01 02:00,atp,ATP 500,Japan Open (Tokyo),Hard,3,Luciano Darderi,Casper Ruud,game_handicap,player_b,-3.5,0.5295,1.89,,,,,0,100,1899914
2026-10-01 02:00,atp,ATP 500,Japan Open (Tokyo),Hard,3,Taylor Fritz,Jaume Munar,winner,player_a,,0.7207,1.39,1.33,0.7246,-0.4,-0.0414,0,100,1900546
2026-10-01 02:00,atp,ATP 500,Japan Open (Tokyo),Hard,3,Taylor Fritz,Jaume Munar,winner,player_b,,0.2793,3.58,3.5,0.2754,0.4,-0.0225,0,100,1900546
2026-10-01 02:00,atp,ATP 500,Japan Open (Tokyo),Hard,3,Taylor Fritz,Jaume Munar,total_games,over,19.5,0.6873,1.46,1.36,0.7018,-1.4,-0.0653,0,100,1900546
2026-10-01 02:00,atp,ATP 500,Japan Open (Tokyo),Hard,3,Taylor Fritz,Jaume Munar,total_games,under,19.5,0.3127,3.2,3.2,0.2982,1.4,0.0007,0,100,1900546
2026-10-01 02:00,atp,ATP 500,Japan Open (Tokyo),Hard,3,Taylor Fritz,Jaume Munar,total_games,over,20.5,0.6044,1.65,1.53,0.6203,-1.6,-0.0753,0,100,1900546
2026-10-01 02:00,atp,ATP 500,Japan Open (Tokyo),Hard,3,Taylor Fritz,Jaume Munar,total_games,under,20.5,0.3956,2.53,2.5,0.3797,1.6,-0.0109,0,100,1900546
2026-10-01 02:00,atp,ATP 500,Japan Open (Tokyo),Hard,3,Taylor Fritz,Jaume Munar,total_games,over,21.5,0.5496,1.82,1.68,0.567,-1.7,-0.0766,0,100,1900546
2026-10-01 02:00,atp,ATP 500,Japan Open (Tokyo),Hard,3,Taylor Fritz,Jaume Munar,total_games,under,21.5,0.4504,2.22,2.2,0.433,1.7,-0.0092,0,100,1900546
2026-10-01 02:00,atp,ATP 500,Japan Open (Tokyo),Hard,3,Taylor Fritz,Jaume Munar,total_games,over,22.5,0.4661,2.15,1.96,0.4856,-1.9,-0.0865,0,100,1900546
2026-10-01 02:00,atp,ATP 500,Japan Open (Tokyo),Hard,3,Taylor Fritz,Jaume Munar,total_games,under,22.5,0.5339,1.87,1.85,0.5144,1.9,-0.0122,0,100,1900546
2026-10-01 02:00,atp,ATP 500,Japan Open (Tokyo),Hard,3,Taylor Fritz,Jaume Munar,total_games,over,23.5,0.4035,2.48,2.25,0.4231,-2.0,-0.0921,0,100,1900546
2026-10-01 02:00,atp,ATP 500,Japan Open (Tokyo),Hard,3,Taylor Fritz,Jaume Munar,total_games,under,23.5,0.5965,1.68,1.65,0.5769,2.0,-0.0158,0,100,1900546
2026-10-01 02:00,atp,ATP 500,Japan Open (Tokyo),Hard,3,Taylor Fritz,Jaume Munar,total_games,over,24.5,0.3943,2.54,2.31,0.4122,-1.8,-0.0892,0,100,1900546
2026-10-01 02:00,atp,ATP 500,Japan Open (Tokyo),Hard,3,Taylor Fritz,Jaume Munar,total_games,under,24.5,0.6057,1.65,1.62,0.5878,1.8,-0.0187,0,100,1900546
2026-10-01 02:00,atp,ATP 500,Japan Open (Tokyo),Hard,3,Taylor Fritz,Jaume Munar,total_games,over,25.5,0.3637,2.75,2.5,0.3812,-1.7,-0.0907,0,100,1900546
2026-10-01 02:00,atp,ATP 500,Japan Open (Tokyo),Hard,3,Taylor Fritz,Jaume Munar,total_games,under,25.5,0.6363,1.57,1.54,0.6188,1.7,-0.0201,0,100,1900546
2026-10-01 02:00,atp,ATP 500,Japan Open (Tokyo),Hard,3,Taylor Fritz,Jaume Munar,p1_games,over,11.5,0.8512,1.17,1.13,0.827,2.4,-0.0381,0,100,1900546
2026-10-01 02:00,atp,ATP 500,Japan Open (Tokyo),Hard,3,Taylor Fritz,Jaume Munar,p1_games,under,11.5,0.1488,6.72,5.4,0.173,-2.4,-0.1965,0,100,1900546
2026-10-01 02:00,atp,ATP 500,Japan Open (Tokyo),Hard,3,Taylor Fritz,Jaume Munar,p1_games,over,12.5,0.5409,1.85,1.66,0.5632,-2.2,-0.1022,0,100,1900546
2026-10-01 02:00,atp,ATP 500,Japan Open (Tokyo),Hard,3,Taylor Fritz,Jaume Munar,p1_games,under,12.5,0.4591,2.18,2.14,0.4368,2.2,-0.0175,0,100,1900546
2026-10-01 02:00,atp,ATP 500,Japan Open (Tokyo),Hard,3,Taylor Fritz,Jaume Munar,p1_games,over,13.5,0.3394,2.95,2.55,0.3657,-2.6,-0.1346,0,100,1900546
2026-10-01 02:00,atp,ATP 500,Japan Open (Tokyo),Hard,3,Taylor Fritz,Jaume Munar,p1_games,under,13.5,0.6606,1.51,1.47,0.6343,2.6,-0.0289,0,100,1900546
2026-10-01 02:00,atp,ATP 500,Japan Open (Tokyo),Hard,3,Taylor Fritz,Jaume Munar,p2_games,over,10.5,0.516,1.94,1.78,0.5253,-0.9,-0.0815,0,100,1900546
2026-10-01 02:00,atp,ATP 500,Japan Open (Tokyo),Hard,3,Taylor Fritz,Jaume Munar,p2_games,under,10.5,0.484,2.07,1.97,0.4747,0.9,-0.0466,0,100,1900546
2026-10-01 02:00,atp,ATP 500,Japan Open (Tokyo),Hard,3,Taylor Fritz,Jaume Munar,p2_games,over,11.5,0.4818,2.08,1.92,0.4866,-0.5,-0.0749,0,100,1900546
2026-10-01 02:00,atp,ATP 500,Japan Open (Tokyo),Hard,3,Taylor Fritz,Jaume Munar,p2_games,under,11.5,0.5182,1.93,1.82,0.5134,0.5,-0.0569,0,100,1900546
2026-10-01 02:00,atp,ATP 500,Japan Open (Tokyo),Hard,3,Taylor Fritz,Jaume Munar,p2_games,over,12.5,0.3767,2.65,2.41,0.3883,-1.2,-0.0921,0,100,1900546
2026-10-01 02:00,atp,ATP 500,Japan Open (Tokyo),Hard,3,Taylor Fritz,Jaume Munar,p2_games,under,12.5,0.6233,1.6,1.53,0.6117,1.2,-0.0464,0,100,1900546
2026-10-01 02:00,atp,ATP 500,Japan Open (Tokyo),Hard,3,Taylor Fritz,Jaume Munar,game_handicap,player_a,-3.5,0.5108,1.96,,,,,0,100,1900546
2026-10-01 02:00,atp,ATP 500,Japan Open (Tokyo),Hard,3,Taylor Fritz,Jaume Munar,game_handicap,player_b,3.5,0.4892,2.04,,,,,0,100,1900546
2026-10-01 03:30,atp,ATP 500,Japan Open (Tokyo),Hard,3,Tomas Etcheverry,Stefanos Tsitsipas,winner,player_a,,0.3565,2.81,3.55,0.271,8.5,0.2656,0,94,1900548
2026-10-01 03:30,atp,ATP 500,Japan Open (Tokyo),Hard,3,Tomas Etcheverry,Stefanos Tsitsipas,winner,player_b,,0.6435,1.55,1.32,0.729,-8.5,-0.1506,0,94,1900548
2026-10-01 03:30,atp,ATP 500,Japan Open (Tokyo),Hard,3,Tomas Etcheverry,Stefanos Tsitsipas,total_games,over,19.5,0.7463,1.34,1.32,0.7203,2.6,-0.0149,0,94,1900548
2026-10-01 03:30,atp,ATP 500,Japan Open (Tokyo),Hard,3,Tomas Etcheverry,Stefanos Tsitsipas,total_games,under,19.5,0.2537,3.94,3.4,0.2797,-2.6,-0.1373,0,94,1900548
2026-10-01 03:30,atp,ATP 500,Japan Open (Tokyo),Hard,3,Tomas Etcheverry,Stefanos Tsitsipas,total_games,over,20.5,0.6641,1.51,1.45,0.6548,0.9,-0.037,0,94,1900548
2026-10-01 03:30,atp,ATP 500,Japan Open (Tokyo),Hard,3,Tomas Etcheverry,Stefanos Tsitsipas,total_games,under,20.5,0.3359,2.98,2.75,0.3452,-0.9,-0.0763,0,94,1900548
2026-10-01 03:30,atp,ATP 500,Japan Open (Tokyo),Hard,3,Tomas Etcheverry,Stefanos Tsitsipas,total_games,over,21.5,0.6108,1.64,1.6,0.596,1.5,-0.0227,0,94,1900548
2026-10-01 03:30,atp,ATP 500,Japan Open (Tokyo),Hard,3,Tomas Etcheverry,Stefanos Tsitsipas,total_games,under,21.5,0.3892,2.57,2.36,0.404,-1.5,-0.0815,0,94,1900548
2026-10-01 03:30,atp,ATP 500,Japan Open (Tokyo),Hard,3,Tomas Etcheverry,Stefanos Tsitsipas,total_games,over,22.5,0.519,1.93,1.86,0.5118,0.7,-0.0347,0,94,1900548
2026-10-01 03:30,atp,ATP 500,Japan Open (Tokyo),Hard,3,Tomas Etcheverry,Stefanos Tsitsipas,total_games,under,22.5,0.481,2.08,1.95,0.4882,-0.7,-0.062,0,94,1900548
2026-10-01 03:30,atp,ATP 500,Japan Open (Tokyo),Hard,3,Tomas Etcheverry,Stefanos Tsitsipas,total_games,over,23.5,0.4455,2.24,2.17,0.4393,0.6,-0.0334,0,94,1900548
2026-10-01 03:30,atp,ATP 500,Japan Open (Tokyo),Hard,3,Tomas Etcheverry,Stefanos Tsitsipas,total_games,under,23.5,0.5545,1.8,1.7,0.5607,-0.6,-0.0573,0,94,1900548
2026-10-01 03:30,atp,ATP 500,Japan Open (Tokyo),Hard,3,Tomas Etcheverry,Stefanos Tsitsipas,total_games,over,24.5,0.4376,2.29,2.21,0.4304,0.7,-0.0328,0,94,1900548
2026-10-01 03:30,atp,ATP 500,Japan Open (Tokyo),Hard,3,Tomas Etcheverry,Stefanos Tsitsipas,total_games,under,24.5,0.5624,1.78,1.67,0.5696,-0.7,-0.0608,0,94,1900548
2026-10-01 03:30,atp,ATP 500,Japan Open (Tokyo),Hard,3,Tomas Etcheverry,Stefanos Tsitsipas,total_games,over,25.5,0.4059,2.46,2.39,0.398,0.8,-0.0298,0,94,1900548
2026-10-01 03:30,atp,ATP 500,Japan Open (Tokyo),Hard,3,Tomas Etcheverry,Stefanos Tsitsipas,total_games,under,25.5,0.5941,1.68,1.58,0.602,-0.8,-0.0614,0,94,1900548
2026-10-01 03:30,atp,ATP 500,Japan Open (Tokyo),Hard,3,Tomas Etcheverry,Stefanos Tsitsipas,p1_games,over,10.5,0.604,1.66,1.74,0.536,6.8,0.0509,0,94,1900548
2026-10-01 03:30,atp,ATP 500,Japan Open (Tokyo),Hard,3,Tomas Etcheverry,Stefanos Tsitsipas,p1_games,under,10.5,0.396,2.53,2.01,0.464,-6.8,-0.204,0,94,1900548
2026-10-01 03:30,atp,ATP 500,Japan Open (Tokyo),Hard,3,Tomas Etcheverry,Stefanos Tsitsipas,p1_games,over,11.5,0.5732,1.74,1.87,0.5,7.3,0.0718,0,94,1900548
2026-10-01 03:30,atp,ATP 500,Japan Open (Tokyo),Hard,3,Tomas Etcheverry,Stefanos Tsitsipas,p1_games,under,11.5,0.4268,2.34,1.87,0.5,-7.3,-0.2018,0,94,1900548
2026-10-01 03:30,atp,ATP 500,Japan Open (Tokyo),Hard,3,Tomas Etcheverry,Stefanos Tsitsipas,p1_games,over,12.5,0.4488,2.23,2.31,0.4046,4.4,0.0367,0,94,1900548
2026-10-01 03:30,atp,ATP 500,Japan Open (Tokyo),Hard,3,Tomas Etcheverry,Stefanos Tsitsipas,p1_games,under,12.5,0.5512,1.81,1.57,0.5954,-4.4,-0.1346,0,94,1900548
2026-10-01 03:30,atp,ATP 500,Japan Open (Tokyo),Hard,3,Tomas Etcheverry,Stefanos Tsitsipas,p2_games,over,11.5,0.8064,1.24,1.12,0.8382,-3.2,-0.0969,0,94,1900548
2026-10-01 03:30,atp,ATP 500,Japan Open (Tokyo),Hard,3,Tomas Etcheverry,Stefanos Tsitsipas,p2_games,under,11.5,0.1936,5.16,5.8,0.1618,3.2,0.123,0,94,1900548
2026-10-01 03:30,atp,ATP 500,Japan Open (Tokyo),Hard,3,Tomas Etcheverry,Stefanos Tsitsipas,p2_games,over,12.5,0.5623,1.78,1.58,0.5928,-3.0,-0.1115,0,94,1900548
2026-10-01 03:30,atp,ATP 500,Japan Open (Tokyo),Hard,3,Tomas Etcheverry,Stefanos Tsitsipas,p2_games,under,12.5,0.4377,2.28,2.3,0.4072,3.0,0.0067,0,94,1900548
2026-10-01 03:30,atp,ATP 500,Japan Open (Tokyo),Hard,3,Tomas Etcheverry,Stefanos Tsitsipas,p2_games,over,13.5,0.3684,2.71,2.41,0.3883,-2.0,-0.1122,0,94,1900548
2026-10-01 03:30,atp,ATP 500,Japan Open (Tokyo),Hard,3,Tomas Etcheverry,Stefanos Tsitsipas,p2_games,under,13.5,0.6316,1.58,1.53,0.6117,2.0,-0.0336,0,94,1900548
2026-10-01 03:30,atp,ATP 500,Japan Open (Tokyo),Hard,3,Tomas Etcheverry,Stefanos Tsitsipas,game_handicap,player_a,2.5,0.4826,2.07,,,,,0,94,1900548
2026-10-01 03:30,atp,ATP 500,Japan Open (Tokyo),Hard,3,Tomas Etcheverry,Stefanos Tsitsipas,game_handicap,player_b,-2.5,0.5174,1.93,,,,,0,94,1900548
2026-10-01 05:00,atp,ATP 500,Japan Open (Tokyo),Hard,3,Jiri Lehecka,Zizou Bergs,winner,player_a,,0.6732,1.49,,,,,0,94,1899911
2026-10-01 05:00,atp,ATP 500,Japan Open (Tokyo),Hard,3,Jiri Lehecka,Zizou Bergs,winner,player_b,,0.3268,3.06,,,,,0,94,1899911
2026-10-01 05:00,atp,ATP 500,Japan Open (Tokyo),Hard,3,Jiri Lehecka,Zizou Bergs,total_games,over,22.5,0.4791,2.09,,,,,0,94,1899911
2026-10-01 05:00,atp,ATP 500,Japan Open (Tokyo),Hard,3,Jiri Lehecka,Zizou Bergs,total_games,under,22.5,0.5209,1.92,,,,,0,94,1899911
2026-10-01 05:00,atp,ATP 500,Japan Open (Tokyo),Hard,3,Jiri Lehecka,Zizou Bergs,p1_games,over,13.5,0.3427,2.92,,,,,0,94,1899911
2026-10-01 05:00,atp,ATP 500,Japan Open (Tokyo),Hard,3,Jiri Lehecka,Zizou Bergs,p1_games,under,13.5,0.6573,1.52,,,,,0,94,1899911
2026-10-01 05:00,atp,ATP 500,Japan Open (Tokyo),Hard,3,Jiri Lehecka,Zizou Bergs,p2_games,over,12.5,0.4041,2.47,,,,,0,94,1899911
2026-10-01 05:00,atp,ATP 500,Japan Open (Tokyo),Hard,3,Jiri Lehecka,Zizou Bergs,p2_games,under,12.5,0.5959,1.68,,,,,0,94,1899911
2026-10-01 05:00,atp,ATP 500,Japan Open (Tokyo),Hard,3,Jiri Lehecka,Zizou Bergs,game_handicap,player_a,-2.5,0.5625,1.78,,,,,0,94,1899911
2026-10-01 05:00,atp,ATP 500,Japan Open (Tokyo),Hard,3,Jiri Lehecka,Zizou Bergs,game_handicap,player_b,2.5,0.4375,2.29,,,,,0,94,1899911
2026-10-01 06:00,atp,ATP 500,Japan Open (Tokyo),Hard,3,Denis Shapovalov,Sho Shimabukuro,winner,player_a,,0.7623,1.31,1.31,0.7332,2.9,-0.0014,0,100,1899906
2026-10-01 06:00,atp,ATP 500,Japan Open (Tokyo),Hard,3,Denis Shapovalov,Sho Shimabukuro,winner,player_b,,0.2377,4.21,3.6,0.2668,-2.9,-0.1444,0,100,1899906
2026-10-01 06:00,atp,ATP 500,Japan Open (Tokyo),Hard,3,Denis Shapovalov,Sho Shimabukuro,total_games,over,19.5,0.6282,1.59,1.41,0.6766,-4.8,-0.1142,0,100,1899906
2026-10-01 06:00,atp,ATP 500,Japan Open (Tokyo),Hard,3,Denis Shapovalov,Sho Shimabukuro,total_games,under,19.5,0.3718,2.69,2.95,0.3234,4.8,0.0968,0,100,1899906
2026-10-01 06:00,atp,ATP 500,Japan Open (Tokyo),Hard,3,Denis Shapovalov,Sho Shimabukuro,total_games,over,20.5,0.5478,1.83,1.6,0.596,-4.8,-0.1235,0,100,1899906
2026-10-01 06:00,atp,ATP 500,Japan Open (Tokyo),Hard,3,Denis Shapovalov,Sho Shimabukuro,total_games,under,20.5,0.4522,2.21,2.36,0.404,4.8,0.0672,0,100,1899906
2026-10-01 06:00,atp,ATP 500,Japan Open (Tokyo),Hard,3,Denis Shapovalov,Sho Shimabukuro,total_games,over,21.5,0.4936,2.03,1.76,0.5417,-4.8,-0.1312,0,100,1899906
2026-10-01 06:00,atp,ATP 500,Japan Open (Tokyo),Hard,3,Denis Shapovalov,Sho Shimabukuro,total_games,under,21.5,0.5064,1.97,2.08,0.4583,4.8,0.0532,0,100,1899906
2026-10-01 06:00,atp,ATP 500,Japan Open (Tokyo),Hard,3,Denis Shapovalov,Sho Shimabukuro,total_games,over,22.5,0.4199,2.38,2.05,0.4648,-4.5,-0.1392,0,100,1899906
2026-10-01 06:00,atp,ATP 500,Japan Open (Tokyo),Hard,3,Denis Shapovalov,Sho Shimabukuro,total_games,under,22.5,0.5801,1.72,1.78,0.5352,4.5,0.0326,0,100,1899906
2026-10-01 06:00,atp,ATP 500,Japan Open (Tokyo),Hard,3,Denis Shapovalov,Sho Shimabukuro,total_games,over,23.5,0.3682,2.72,2.33,0.4086,-4.0,-0.1421,0,100,1899906
2026-10-01 06:00,atp,ATP 500,Japan Open (Tokyo),Hard,3,Denis Shapovalov,Sho Shimabukuro,total_games,under,23.5,0.6318,1.58,1.61,0.5914,4.0,0.0172,0,100,1899906
2026-10-01 06:00,atp,ATP 500,Japan Open (Tokyo),Hard,3,Denis Shapovalov,Sho Shimabukuro,total_games,over,24.5,0.357,2.8,2.4,0.397,-4.0,-0.1432,0,100,1899906
2026-10-01 06:00,atp,ATP 500,Japan Open (Tokyo),Hard,3,Denis Shapovalov,Sho Shimabukuro,total_games,under,24.5,0.643,1.56,1.58,0.603,4.0,0.0159,0,100,1899906
2026-10-01 06:00,atp,ATP 500,Japan Open (Tokyo),Hard,3,Denis Shapovalov,Sho Shimabukuro,total_games,over,25.5,0.3269,3.06,2.6,0.3659,-3.9,-0.15,0,100,1899906
2026-10-01 06:00,atp,ATP 500,Japan Open (Tokyo),Hard,3,Denis Shapovalov,Sho Shimabukuro,total_games,under,25.5,0.6731,1.49,1.5,0.6341,3.9,0.0096,0,100,1899906
2026-10-01 06:00,atp,ATP 500,Japan Open (Tokyo),Hard,3,Denis Shapovalov,Sho Shimabukuro,p1_games,over,11.5,0.8722,1.15,1.13,0.827,4.5,-0.0144,0,100,1899906
2026-10-01 06:00,atp,ATP 500,Japan Open (Tokyo),Hard,3,Denis Shapovalov,Sho Shimabukuro,p1_games,under,11.5,0.1278,7.82,5.4,0.173,-4.5,-0.3099,0,100,1899906
2026-10-01 06:00,atp,ATP 500,Japan Open (Tokyo),Hard,3,Denis Shapovalov,Sho Shimabukuro,p1_games,over,12.5,0.507,1.97,1.74,0.536,-2.9,-0.1178,0,100,1899906
2026-10-01 06:00,atp,ATP 500,Japan Open (Tokyo),Hard,3,Denis Shapovalov,Sho Shimabukuro,p1_games,under,12.5,0.493,2.03,2.01,0.464,2.9,-0.0091,0,100,1899906
2026-10-01 06:00,atp,ATP 500,Japan Open (Tokyo),Hard,3,Denis Shapovalov,Sho Shimabukuro,p1_games,over,13.5,0.3104,3.22,2.7,0.3462,-3.6,-0.162,0,100,1899906
2026-10-01 06:00,atp,ATP 500,Japan Open (Tokyo),Hard,3,Denis Shapovalov,Sho Shimabukuro,p1_games,under,13.5,0.6896,1.45,1.43,0.6538,3.6,-0.0138,0,100,1899906
2026-10-01 06:00,atp,ATP 500,Japan Open (Tokyo),Hard,3,Denis Shapovalov,Sho Shimabukuro,p2_games,over,9.5,0.505,1.98,1.72,0.5438,-3.9,-0.1314,0,100,1899906
2026-10-01 06:00,atp,ATP 500,Japan Open (Tokyo),Hard,3,Denis Shapovalov,Sho Shimabukuro,p2_games,under,9.5,0.495,2.02,2.05,0.4562,3.9,0.0148,0,100,1899906
2026-10-01 06:00,atp,ATP 500,Japan Open (Tokyo),Hard,3,Denis Shapovalov,Sho Shimabukuro,p2_games,over,10.5,0.4556,2.19,1.89,0.4947,-3.9,-0.1388,0,100,1899906
2026-10-01 06:00,atp,ATP 500,Japan Open (Tokyo),Hard,3,Denis Shapovalov,Sho Shimabukuro,p2_games,under,10.5,0.5444,1.84,1.85,0.5053,3.9,0.0071,0,100,1899906
2026-10-01 06:00,atp,ATP 500,Japan Open (Tokyo),Hard,3,Denis Shapovalov,Sho Shimabukuro,p2_games,over,11.5,0.4197,2.38,2.05,0.4562,-3.7,-0.1396,0,100,1899906
2026-10-01 06:00,atp,ATP 500,Japan Open (Tokyo),Hard,3,Denis Shapovalov,Sho Shimabukuro,p2_games,under,11.5,0.5803,1.72,1.72,0.5438,3.7,-0.0019,0,100,1899906
2026-10-01 06:00,atp,ATP 500,Japan Open (Tokyo),Hard,3,Denis Shapovalov,Sho Shimabukuro,game_handicap,player_a,-3.5,0.58,1.72,,,,,0,100,1899906
2026-10-01 06:00,atp,ATP 500,Japan Open (Tokyo),Hard,3,Denis Shapovalov,Sho Shimabukuro,game_handicap,player_b,3.5,0.42,2.38,,,,,0,100,1899906
2026-10-01 07:00,atp,ATP 500,Japan Open (Tokyo),Hard,3,Carlos Alcaraz,Alex Michelsen,winner,player_a,,0.8824,1.13,1.18,0.815,6.7,0.0412,0,97,1899904
2026-10-01 07:00,atp,ATP 500,Japan Open (Tokyo),Hard,3,Carlos Alcaraz,Alex Michelsen,winner,player_b,,0.1176,8.5,5.2,0.185,-6.7,-0.3885,0,97,1899904
2026-10-01 07:00,atp,ATP 500,Japan Open (Tokyo),Hard,3,Carlos Alcaraz,Alex Michelsen,total_games,over,17.5,0.6659,1.5,1.23,0.7735,-10.8,-0.181,0,97,1899904
2026-10-01 07:00,atp,ATP 500,Japan Open (Tokyo),Hard,3,Carlos Alcaraz,Alex Michelsen,total_games,under,17.5,0.3341,2.99,4.2,0.2265,10.8,0.4033,0,97,1899904
2026-10-01 07:00,atp,ATP 500,Japan Open (Tokyo),Hard,3,Carlos Alcaraz,Alex Michelsen,total_games,over,18.5,0.5634,1.77,1.4,0.6818,-11.8,-0.2112,0,97,1899904
2026-10-01 07:00,atp,ATP 500,Japan Open (Tokyo),Hard,3,Carlos Alcaraz,Alex Michelsen,total_games,under,18.5,0.4366,2.29,3.0,0.3182,11.8,0.3097,0,97,1899904
2026-10-01 07:00,atp,ATP 500,Japan Open (Tokyo),Hard,3,Carlos Alcaraz,Alex Michelsen,total_games,over,19.5,0.4765,2.1,1.59,0.5985,-12.2,-0.2424,0,97,1899904
2026-10-01 07:00,atp,ATP 500,Japan Open (Tokyo),Hard,3,Carlos Alcaraz,Alex Michelsen,total_games,under,19.5,0.5235,1.91,2.37,0.4015,12.2,0.2407,0,97,1899904
2026-10-01 07:00,atp,ATP 500,Japan Open (Tokyo),Hard,3,Carlos Alcaraz,Alex Michelsen,total_games,over,20.5,0.4024,2.48,1.85,0.5144,-11.2,-0.2555,0,97,1899904
2026-10-01 07:00,atp,ATP 500,Japan Open (Tokyo),Hard,3,Carlos Alcaraz,Alex Michelsen,total_games,under,20.5,0.5976,1.67,1.96,0.4856,11.2,0.1712,0,97,1899904
2026-10-01 07:00,atp,ATP 500,Japan Open (Tokyo),Hard,3,Carlos Alcaraz,Alex Michelsen,total_games,over,21.5,0.3528,2.83,2.06,0.4621,-10.9,-0.2733,0,97,1899904
2026-10-01 07:00,atp,ATP 500,Japan Open (Tokyo),Hard,3,Carlos Alcaraz,Alex Michelsen,total_games,under,21.5,0.6472,1.55,1.77,0.5379,10.9,0.1456,0,97,1899904
2026-10-01 07:00,atp,ATP 500,Japan Open (Tokyo),Hard,3,Carlos Alcaraz,Alex Michelsen,total_games,over,22.5,0.2957,3.38,2.43,0.3925,-9.7,-0.2814,0,97,1899904
2026-10-01 07:00,atp,ATP 500,Japan Open (Tokyo),Hard,3,Carlos Alcaraz,Alex Michelsen,total_games,under,22.5,0.7043,1.42,1.57,0.6075,9.7,0.1057,0,97,1899904
2026-10-01 07:00,atp,ATP 500,Japan Open (Tokyo),Hard,3,Carlos Alcaraz,Alex Michelsen,total_games,over,23.5,0.2596,3.85,2.75,0.3468,-8.7,-0.2861,0,97,1899904
2026-10-01 07:00,atp,ATP 500,Japan Open (Tokyo),Hard,3,Carlos Alcaraz,Alex Michelsen,total_games,under,23.5,0.7404,1.35,1.46,0.6532,8.7,0.081,0,97,1899904
2026-10-01 07:00,atp,ATP 500,Japan Open (Tokyo),Hard,3,Carlos Alcaraz,Alex Michelsen,p1_games,over,11.5,0.9415,1.06,1.06,0.8776,6.4,-0.002,0,97,1899904
2026-10-01 07:00,atp,ATP 500,Japan Open (Tokyo),Hard,3,Carlos Alcaraz,Alex Michelsen,p1_games,under,11.5,0.0585,17.09,7.6,0.1224,-6.4,-0.5553,0,97,1899904
2026-10-01 07:00,atp,ATP 500,Japan Open (Tokyo),Hard,3,Carlos Alcaraz,Alex Michelsen,p1_games,over,12.5,0.4168,2.4,1.86,0.5027,-8.6,-0.2247,0,97,1899904
2026-10-01 07:00,atp,ATP 500,Japan Open (Tokyo),Hard,3,Carlos Alcaraz,Alex Michelsen,p1_games,under,12.5,0.5832,1.71,1.88,0.4973,8.6,0.0964,0,97,1899904
2026-10-01 07:00,atp,ATP 500,Japan Open (Tokyo),Hard,3,Carlos Alcaraz,Alex Michelsen,p1_games,over,13.5,0.2304,4.34,3.1,0.3018,-7.1,-0.2857,0,97,1899904
2026-10-01 07:00,atp,ATP 500,Japan Open (Tokyo),Hard,3,Carlos Alcaraz,Alex Michelsen,p1_games,under,13.5,0.7696,1.3,1.34,0.6982,7.1,0.0312,0,97,1899904
2026-10-01 07:00,atp,ATP 500,Japan Open (Tokyo),Hard,3,Carlos Alcaraz,Alex Michelsen,p2_games,over,7.5,0.4623,2.16,1.61,0.5807,-11.8,-0.2557,0,97,1899904
2026-10-01 07:00,atp,ATP 500,Japan Open (Tokyo),Hard,3,Carlos Alcaraz,Alex Michelsen,p2_games,under,7.5,0.5377,1.86,2.23,0.4193,11.8,0.199,0,97,1899904
2026-10-01 07:00,atp,ATP 500,Japan Open (Tokyo),Hard,3,Carlos Alcaraz,Alex Michelsen,p2_games,over,8.5,0.3814,2.62,1.88,0.4973,-11.6,-0.2829,0,97,1899904
2026-10-01 07:00,atp,ATP 500,Japan Open (Tokyo),Hard,3,Carlos Alcaraz,Alex Michelsen,p2_games,under,8.5,0.6186,1.62,1.86,0.5027,11.6,0.1506,0,97,1899904
2026-10-01 07:00,atp,ATP 500,Japan Open (Tokyo),Hard,3,Carlos Alcaraz,Alex Michelsen,p2_games,over,9.5,0.3249,3.08,2.15,0.4342,-10.9,-0.3014,0,97,1899904
2026-10-01 07:00,atp,ATP 500,Japan Open (Tokyo),Hard,3,Carlos Alcaraz,Alex Michelsen,p2_games,under,9.5,0.6751,1.48,1.65,0.5658,10.9,0.1139,0,97,1899904
2026-10-01 07:00,atp,ATP 500,Japan Open (Tokyo),Hard,3,Carlos Alcaraz,Alex Michelsen,game_handicap,player_a,-5.5,0.5095,1.96,,,,,0,97,1899904
2026-10-01 07:00,atp,ATP 500,Japan Open (Tokyo),Hard,3,Carlos Alcaraz,Alex Michelsen,game_handicap,player_b,5.5,0.4905,2.04,,,,,0,97,1899904
2026-10-01 07:30,atp,ATP 500,Japan Open (Tokyo),Hard,3,Alejandro Davidovich Fokina,Matteo Berrettini,winner,player_a,,0.5611,1.78,1.67,0.5751,-1.4,-0.0629,0,100,1899913
2026-10-01 07:30,atp,ATP 500,Japan Open (Tokyo),Hard,3,Alejandro Davidovich Fokina,Matteo Berrettini,winner,player_b,,0.4389,2.28,2.26,0.4249,1.4,-0.0082,0,100,1899913
2026-10-01 07:30,atp,ATP 500,Japan Open (Tokyo),Hard,3,Alejandro Davidovich Fokina,Matteo Berrettini,total_games,over,19.5,0.7356,1.36,1.3,0.732,0.4,-0.0437,0,100,1899913
2026-10-01 07:30,atp,ATP 500,Japan Open (Tokyo),Hard,3,Alejandro Davidovich Fokina,Matteo Berrettini,total_games,under,19.5,0.2644,3.78,3.55,0.268,-0.4,-0.0614,0,100,1899913
2026-10-01 07:30,atp,ATP 500,Japan Open (Tokyo),Hard,3,Alejandro Davidovich Fokina,Matteo Berrettini,total_games,over,20.5,0.6551,1.53,1.45,0.6588,-0.4,-0.05,0,100,1899913
2026-10-01 07:30,atp,ATP 500,Japan Open (Tokyo),Hard,3,Alejandro Davidovich Fokina,Matteo Berrettini,total_games,under,20.5,0.3449,2.9,2.8,0.3412,0.4,-0.0344,0,100,1899913
2026-10-01 07:30,atp,ATP 500,Japan Open (Tokyo),Hard,3,Alejandro Davidovich Fokina,Matteo Berrettini,total_games,over,21.5,0.6018,1.66,1.58,0.604,-0.2,-0.0492,0,100,1899913
2026-10-01 07:30,atp,ATP 500,Japan Open (Tokyo),Hard,3,Alejandro Davidovich Fokina,Matteo Berrettini,total_games,under,21.5,0.3982,2.51,2.41,0.396,0.2,-0.0403,0,100,1899913
2026-10-01 07:30,atp,ATP 500,Japan Open (Tokyo),Hard,3,Alejandro Davidovich Fokina,Matteo Berrettini,total_games,over,22.5,0.516,1.94,1.82,0.5223,-0.6,-0.0608,0,100,1899913
2026-10-01 07:30,atp,ATP 500,Japan Open (Tokyo),Hard,3,Alejandro Davidovich Fokina,Matteo Berrettini,total_games,under,22.5,0.484,2.07,1.99,0.4777,0.6,-0.0369,0,100,1899913
2026-10-01 07:30,atp,ATP 500,Japan Open (Tokyo),Hard,3,Alejandro Davidovich Fokina,Matteo Berrettini,total_games,over,23.5,0.45,2.22,2.07,0.4595,-1.0,-0.0686,0,100,1899913
2026-10-01 07:30,atp,ATP 500,Japan Open (Tokyo),Hard,3,Alejandro Davidovich Fokina,Matteo Berrettini,total_games,under,23.5,0.55,1.82,1.76,0.5405,1.0,-0.0319,0,100,1899913
2026-10-01 07:30,atp,ATP 500,Japan Open (Tokyo),Hard,3,Alejandro Davidovich Fokina,Matteo Berrettini,total_games,over,24.5,0.4403,2.27,2.13,0.4482,-0.8,-0.0621,0,100,1899913
2026-10-01 07:30,atp,ATP 500,Japan Open (Tokyo),Hard,3,Alejandro Davidovich Fokina,Matteo Berrettini,total_games,under,24.5,0.5597,1.79,1.73,0.5518,0.8,-0.0317,0,100,1899913
2026-10-01 07:30,atp,ATP 500,Japan Open (Tokyo),Hard,3,Alejandro Davidovich Fokina,Matteo Berrettini,total_games,over,25.5,0.4076,2.45,2.3,0.4133,-0.6,-0.0626,0,100,1899913
2026-10-01 07:30,atp,ATP 500,Japan Open (Tokyo),Hard,3,Alejandro Davidovich Fokina,Matteo Berrettini,total_games,under,25.5,0.5924,1.69,1.62,0.5867,0.6,-0.0403,0,100,1899913
2026-10-01 07:30,atp,ATP 500,Japan Open (Tokyo),Hard,3,Alejandro Davidovich Fokina,Matteo Berrettini,p1_games,over,11.5,0.738,1.35,1.27,0.7365,0.2,-0.0627,0,100,1899913
2026-10-01 07:30,atp,ATP 500,Japan Open (Tokyo),Hard,3,Alejandro Davidovich Fokina,Matteo Berrettini,p1_games,under,11.5,0.262,3.82,3.55,0.2635,-0.2,-0.07,0,100,1899913
2026-10-01 07:30,atp,ATP 500,Japan Open (Tokyo),Hard,3,Alejandro Davidovich Fokina,Matteo Berrettini,p1_games,over,12.5,0.5243,1.91,1.68,0.5556,-3.1,-0.1192,0,100,1899913
2026-10-01 07:30,atp,ATP 500,Japan Open (Tokyo),Hard,3,Alejandro Davidovich Fokina,Matteo Berrettini,p1_games,under,12.5,0.4757,2.1,2.1,0.4444,3.1,-0.001,0,100,1899913
2026-10-01 07:30,atp,ATP 500,Japan Open (Tokyo),Hard,3,Alejandro Davidovich Fokina,Matteo Berrettini,p1_games,over,13.5,0.3533,2.83,2.42,0.3858,-3.3,-0.1451,0,100,1899913
2026-10-01 07:30,atp,ATP 500,Japan Open (Tokyo),Hard,3,Alejandro Davidovich Fokina,Matteo Berrettini,p1_games,under,13.5,0.6467,1.55,1.52,0.6142,3.3,-0.017,0,100,1899913
2026-10-01 07:30,atp,ATP 500,Japan Open (Tokyo),Hard,3,Alejandro Davidovich Fokina,Matteo Berrettini,p2_games,over,11.5,0.6385,1.57,1.47,0.6343,0.4,-0.0615,0,100,1899913
2026-10-01 07:30,atp,ATP 500,Japan Open (Tokyo),Hard,3,Alejandro Davidovich Fokina,Matteo Berrettini,p2_games,under,11.5,0.3615,2.77,2.55,0.3657,-0.4,-0.0781,0,100,1899913
2026-10-01 07:30,atp,ATP 500,Japan Open (Tokyo),Hard,3,Alejandro Davidovich Fokina,Matteo Berrettini,p2_games,over,12.5,0.4779,2.09,1.88,0.4973,-1.9,-0.1016,0,100,1899913
2026-10-01 07:30,atp,ATP 500,Japan Open (Tokyo),Hard,3,Alejandro Davidovich Fokina,Matteo Berrettini,p2_games,under,12.5,0.5221,1.92,1.86,0.5027,1.9,-0.0288,0,100,1899913
2026-10-01 07:30,atp,ATP 500,Japan Open (Tokyo),Hard,3,Alejandro Davidovich Fokina,Matteo Berrettini,p2_games,over,13.5,0.3332,3.0,2.6,0.3596,-2.6,-0.1337,0,100,1899913
2026-10-01 07:30,atp,ATP 500,Japan Open (Tokyo),Hard,3,Alejandro Davidovich Fokina,Matteo Berrettini,p2_games,under,13.5,0.6668,1.5,1.46,0.6404,2.6,-0.0265,0,100,1899913
2026-10-01 07:30,atp,ATP 500,Japan Open (Tokyo),Hard,3,Alejandro Davidovich Fokina,Matteo Berrettini,game_handicap,player_a,-1.5,0.5041,1.98,,,,,0,100,1899913
2026-10-01 07:30,atp,ATP 500,Japan Open (Tokyo),Hard,3,Alejandro Davidovich Fokina,Matteo Berrettini,game_handicap,player_b,1.5,0.4959,2.02,,,,,0,100,1899913
2026-10-01 08:30,atp,ATP 500,Japan Open (Tokyo),Hard,3,Adolfo Vallejo,Rafael Jodar,winner,player_a,,0.1495,6.69,,,,,0,88,1900547
2026-10-01 08:30,atp,ATP 500,Japan Open (Tokyo),Hard,3,Adolfo Vallejo,Rafael Jodar,winner,player_b,,0.8505,1.18,,,,,0,88,1900547
2026-10-01 08:30,atp,ATP 500,Japan Open (Tokyo),Hard,3,Adolfo Vallejo,Rafael Jodar,total_games,over,19.5,0.4836,2.07,,,,,0,88,1900547
2026-10-01 08:30,atp,ATP 500,Japan Open (Tokyo),Hard,3,Adolfo Vallejo,Rafael Jodar,total_games,under,19.5,0.5164,1.94,,,,,0,88,1900547
2026-10-01 08:30,atp,ATP 500,Japan Open (Tokyo),Hard,3,Adolfo Vallejo,Rafael Jodar,p1_games,over,7.5,0.4813,2.08,,,,,0,88,1900547
2026-10-01 08:30,atp,ATP 500,Japan Open (Tokyo),Hard,3,Adolfo Vallejo,Rafael Jodar,p1_games,under,7.5,0.5187,1.93,,,,,0,88,1900547
2026-10-01 08:30,atp,ATP 500,Japan Open (Tokyo),Hard,3,Adolfo Vallejo,Rafael Jodar,p2_games,over,12.5,0.4181,2.39,,,,,0,88,1900547
2026-10-01 08:30,atp,ATP 500,Japan Open (Tokyo),Hard,3,Adolfo Vallejo,Rafael Jodar,p2_games,under,12.5,0.5819,1.72,,,,,0,88,1900547
2026-10-01 08:30,atp,ATP 500,Japan Open (Tokyo),Hard,3,Adolfo Vallejo,Rafael Jodar,game_handicap,player_a,5.5,0.496,2.02,,,,,0,88,1900547
2026-10-01 08:30,atp,ATP 500,Japan Open (Tokyo),Hard,3,Adolfo Vallejo,Rafael Jodar,game_handicap,player_b,-5.5,0.504,1.98,,,,,0,88,1900547
2026-10-01 03:00,wta,WTA 1000,China Open,Hard,3,Katie Volynets,Robin Montgomery,winner,player_a,,0.5361,1.87,1.76,0.5464,-1.0,-0.0565,0,100,1900580
2026-10-01 03:00,wta,WTA 1000,China Open,Hard,3,Katie Volynets,Robin Montgomery,winner,player_b,,0.4639,2.16,2.12,0.4536,1.0,-0.0165,0,100,1900580
2026-10-01 03:00,wta,WTA 1000,China Open,Hard,3,Katie Volynets,Robin Montgomery,total_games,over,19.5,0.5679,1.76,1.43,0.6659,-9.8,-0.1879,0,100,1900580
2026-10-01 03:00,wta,WTA 1000,China Open,Hard,3,Katie Volynets,Robin Montgomery,total_games,under,19.5,0.4321,2.31,2.85,0.3341,9.8,0.2314,0,100,1900580
2026-10-01 03:00,wta,WTA 1000,China Open,Hard,3,Katie Volynets,Robin Montgomery,total_games,over,20.5,0.5031,1.99,1.61,0.5914,-8.8,-0.19,0,100,1900580
2026-10-01 03:00,wta,WTA 1000,China Open,Hard,3,Katie Volynets,Robin Montgomery,total_games,under,20.5,0.4969,2.01,2.33,0.4086,8.8,0.1577,0,100,1900580
2026-10-01 03:00,wta,WTA 1000,China Open,Hard,3,Katie Volynets,Robin Montgomery,total_games,over,21.5,0.4555,2.2,1.77,0.5379,-8.2,-0.1937,0,100,1900580
2026-10-01 03:00,wta,WTA 1000,China Open,Hard,3,Katie Volynets,Robin Montgomery,total_games,under,21.5,0.5445,1.84,2.06,0.4621,8.2,0.1216,0,100,1900580
2026-10-01 03:00,wta,WTA 1000,China Open,Hard,3,Katie Volynets,Robin Montgomery,total_games,over,22.5,0.4009,2.49,2.04,0.4674,-6.6,-0.1822,0,100,1900580
2026-10-01 03:00,wta,WTA 1000,China Open,Hard,3,Katie Volynets,Robin Montgomery,total_games,under,22.5,0.5991,1.67,1.79,0.5326,6.6,0.0724,0,100,1900580
2026-10-01 03:00,wta,WTA 1000,China Open,Hard,3,Katie Volynets,Robin Montgomery,total_games,over,23.5,0.3655,2.74,2.27,0.4194,-5.4,-0.1704,0,100,1900580
2026-10-01 03:00,wta,WTA 1000,China Open,Hard,3,Katie Volynets,Robin Montgomery,total_games,under,23.5,0.6345,1.58,1.64,0.5806,5.4,0.0406,0,100,1900580
2026-10-01 03:00,wta,WTA 1000,China Open,Hard,3,Katie Volynets,Robin Montgomery,total_games,over,24.5,0.3439,2.91,2.37,0.4015,-5.8,-0.185,0,100,1900580
2026-10-01 03:00,wta,WTA 1000,China Open,Hard,3,Katie Volynets,Robin Montgomery,total_games,under,24.5,0.6561,1.52,1.59,0.5985,5.8,0.0432,0,100,1900580
2026-10-01 03:00,wta,WTA 1000,China Open,Hard,3,Katie Volynets,Robin Montgomery,total_games,over,25.5,0.3075,3.25,2.6,0.3659,-5.8,-0.2004,0,100,1900580
2026-10-01 03:00,wta,WTA 1000,China Open,Hard,3,Katie Volynets,Robin Montgomery,total_games,under,25.5,0.6925,1.44,1.5,0.6341,5.8,0.0387,0,100,1900580
2026-10-01 03:00,wta,WTA 1000,China Open,Hard,3,Katie Volynets,Robin Montgomery,p1_games,over,11.5,0.6636,1.51,1.39,0.6722,-0.9,-0.0776,0,100,1900580
2026-10-01 03:00,wta,WTA 1000,China Open,Hard,3,Katie Volynets,Robin Montgomery,p1_games,under,11.5,0.3364,2.97,2.85,0.3278,0.9,-0.0412,0,100,1900580
2026-10-01 03:00,wta,WTA 1000,China Open,Hard,3,Katie Volynets,Robin Montgomery,p1_games,over,12.5,0.3926,2.55,2.16,0.4331,-4.0,-0.152,0,100,1900580
2026-10-01 03:00,wta,WTA 1000,China Open,Hard,3,Katie Volynets,Robin Montgomery,p1_games,under,12.5,0.6074,1.65,1.65,0.5669,4.0,0.0022,0,100,1900580
2026-10-01 03:00,wta,WTA 1000,China Open,Hard,3,Katie Volynets,Robin Montgomery,p1_games,over,13.5,0.2571,3.89,3.25,0.2873,-3.0,-0.1646,0,100,1900580
2026-10-01 03:00,wta,WTA 1000,China Open,Hard,3,Katie Volynets,Robin Montgomery,p1_games,under,13.5,0.7429,1.35,1.31,0.7127,3.0,-0.0267,0,100,1900580
2026-10-01 03:00,wta,WTA 1000,China Open,Hard,3,Katie Volynets,Robin Montgomery,p2_games,over,10.5,0.6286,1.59,1.52,0.6162,1.2,-0.0446,0,100,1900580
2026-10-01 03:00,wta,WTA 1000,China Open,Hard,3,Katie Volynets,Robin Montgomery,p2_games,under,10.5,0.3714,2.69,2.44,0.3838,-1.2,-0.0937,0,100,1900580
2026-10-01 03:00,wta,WTA 1000,China Open,Hard,3,Katie Volynets,Robin Montgomery,p2_games,over,11.5,0.5994,1.67,1.6,0.5855,1.4,-0.041,0,100,1900580
2026-10-01 03:00,wta,WTA 1000,China Open,Hard,3,Katie Volynets,Robin Montgomery,p2_games,under,11.5,0.4006,2.5,2.26,0.4145,-1.4,-0.0946,0,100,1900580
2026-10-01 03:00,wta,WTA 1000,China Open,Hard,3,Katie Volynets,Robin Montgomery,p2_games,over,12.5,0.3711,2.69,2.36,0.3964,-2.5,-0.1243,0,100,1900580
2026-10-01 03:00,wta,WTA 1000,China Open,Hard,3,Katie Volynets,Robin Montgomery,p2_games,under,12.5,0.6289,1.59,1.55,0.6036,2.5,-0.0252,0,100,1900580
2026-10-01 03:00,wta,WTA 1000,China Open,Hard,3,Katie Volynets,Robin Montgomery,game_handicap,player_a,-0.5,0.5234,1.91,,,,,0,100,1900580
2026-10-01 03:00,wta,WTA 1000,China Open,Hard,3,Katie Volynets,Robin Montgomery,game_handicap,player_b,0.5,0.4766,2.1,,,,,0,100,1900580
2026-10-01 03:00,wta,WTA 1000,China Open,Hard,3,Qinwen Zheng,Han Shi,winner,player_a,,0.8562,1.17,1.08,0.8884,-3.2,-0.0753,0,91,1900578
2026-10-01 03:00,wta,WTA 1000,China Open,Hard,3,Qinwen Zheng,Han Shi,winner,player_b,,0.1438,6.96,8.6,0.1116,3.2,0.2365,0,91,1900578
2026-10-01 03:00,wta,WTA 1000,China Open,Hard,3,Qinwen Zheng,Han Shi,total_games,over,15.5,0.7785,1.28,1.13,0.8415,-6.3,-0.1202,1,91,1900578
2026-10-01 03:00,wta,WTA 1000,China Open,Hard,3,Qinwen Zheng,Han Shi,total_games,under,15.5,0.2215,4.52,6.0,0.1585,6.3,0.3288,1,91,1900578
2026-10-01 03:00,wta,WTA 1000,China Open,Hard,3,Qinwen Zheng,Han Shi,total_games,over,16.5,0.6694,1.49,1.29,0.7415,-7.2,-0.1364,1,91,1900578
2026-10-01 03:00,wta,WTA 1000,China Open,Hard,3,Qinwen Zheng,Han Shi,total_games,under,16.5,0.3306,3.03,3.7,0.2585,7.2,0.2231,1,91,1900578
2026-10-01 03:00,wta,WTA 1000,China Open,Hard,3,Qinwen Zheng,Han Shi,total_games,over,17.5,0.5638,1.77,1.51,0.6281,-6.4,-0.1486,1,91,1900578
2026-10-01 03:00,wta,WTA 1000,China Open,Hard,3,Qinwen Zheng,Han Shi,total_games,under,17.5,0.4362,2.29,2.55,0.3719,6.4,0.1123,1,91,1900578
2026-10-01 03:00,wta,WTA 1000,China Open,Hard,3,Qinwen Zheng,Han Shi,total_games,over,18.5,0.4751,2.1,1.79,0.5314,-5.6,-0.1496,1,91,1900578
2026-10-01 03:00,wta,WTA 1000,China Open,Hard,3,Qinwen Zheng,Han Shi,total_games,under,18.5,0.5249,1.91,2.03,0.4686,5.6,0.0656,1,91,1900578
2026-10-01 03:00,wta,WTA 1000,China Open,Hard,3,Qinwen Zheng,Han Shi,total_games,over,19.5,0.4032,2.48,2.13,0.4468,-4.4,-0.1412,1,91,1900578
2026-10-01 03:00,wta,WTA 1000,China Open,Hard,3,Qinwen Zheng,Han Shi,total_games,under,19.5,0.5968,1.68,1.72,0.5532,4.4,0.0265,1,91,1900578
2026-10-01 03:00,wta,WTA 1000,China Open,Hard,3,Qinwen Zheng,Han Shi,total_games,over,20.5,0.3447,2.9,2.5,0.3797,-3.5,-0.1381,1,91,1900578
2026-10-01 03:00,wta,WTA 1000,China Open,Hard,3,Qinwen Zheng,Han Shi,total_games,under,20.5,0.6553,1.53,1.53,0.6203,3.5,0.0025,1,91,1900578
2026-10-01 03:00,wta,WTA 1000,China Open,Hard,3,Qinwen Zheng,Han Shi,total_games,over,21.5,0.304,3.29,2.9,0.3287,-2.5,-0.1183,1,91,1900578
2026-10-01 03:00,wta,WTA 1000,China Open,Hard,3,Qinwen Zheng,Han Shi,total_games,under,21.5,0.696,1.44,1.42,0.6713,2.5,-0.0117,1,91,1900578
2026-10-01 03:00,wta,WTA 1000,China Open,Hard,3,Qinwen Zheng,Han Shi,p1_games,over,11.5,0.9153,1.09,1.03,0.9066,0.9,-0.0572,1,91,1900578
2026-10-01 03:00,wta,WTA 1000,China Open,Hard,3,Qinwen Zheng,Han Shi,p1_games,under,11.5,0.0847,11.81,10.0,0.0934,-0.9,-0.1533,1,91,1900578
2026-10-01 03:00,wta,WTA 1000,China Open,Hard,3,Qinwen Zheng,Han Shi,p1_games,over,12.5,0.3484,2.87,2.27,0.4119,-6.4,-0.2091,1,91,1900578
2026-10-01 03:00,wta,WTA 1000,China Open,Hard,3,Qinwen Zheng,Han Shi,p1_games,under,12.5,0.6516,1.53,1.59,0.5881,6.4,0.036,1,91,1900578
2026-10-01 03:00,wta,WTA 1000,China Open,Hard,3,Qinwen Zheng,Han Shi,p1_games,over,13.5,0.1981,5.05,3.95,0.236,-3.8,-0.2175,1,91,1900578
2026-10-01 03:00,wta,WTA 1000,China Open,Hard,3,Qinwen Zheng,Han Shi,p1_games,under,13.5,0.8019,1.25,1.22,0.764,3.8,-0.0217,1,91,1900578
2026-10-01 03:00,wta,WTA 1000,China Open,Hard,3,Qinwen Zheng,Han Shi,p2_games,over,5.5,0.5761,1.74,1.49,0.6266,-5.0,-0.1416,1,91,1900578
2026-10-01 03:00,wta,WTA 1000,China Open,Hard,3,Qinwen Zheng,Han Shi,p2_games,under,5.5,0.4239,2.36,2.5,0.3734,5.0,0.0598,1,91,1900578
2026-10-01 03:00,wta,WTA 1000,China Open,Hard,3,Qinwen Zheng,Han Shi,p2_games,over,6.5,0.4836,2.07,1.79,0.5214,-3.8,-0.1344,1,91,1900578
2026-10-01 03:00,wta,WTA 1000,China Open,Hard,3,Qinwen Zheng,Han Shi,p2_games,under,6.5,0.5164,1.94,1.95,0.4786,3.8,0.007,1,91,1900578
2026-10-01 03:00,wta,WTA 1000,China Open,Hard,3,Qinwen Zheng,Han Shi,p2_games,over,7.5,0.4087,2.45,2.17,0.4304,-2.2,-0.1132,1,91,1900578
2026-10-01 03:00,wta,WTA 1000,China Open,Hard,3,Qinwen Zheng,Han Shi,p2_games,under,7.5,0.5913,1.69,1.64,0.5696,2.2,-0.0302,1,91,1900578
2026-10-01 03:00,wta,WTA 1000,China Open,Hard,3,Qinwen Zheng,Han Shi,game_handicap,player_a,-5.5,0.5844,1.71,,,,,1,91,1900578
2026-10-01 03:00,wta,WTA 1000,China Open,Hard,3,Qinwen Zheng,Han Shi,game_handicap,player_b,5.5,0.4156,2.41,,,,,1,91,1900578
2026-10-01 03:00,wta,WTA 1000,China Open,Hard,3,Sofia Kenin,Ashlyn Krueger,winner,player_a,,0.4048,2.47,2.39,0.4025,0.2,-0.0326,0,100,1899987
2026-10-01 03:00,wta,WTA 1000,China Open,Hard,3,Sofia Kenin,Ashlyn Krueger,winner,player_b,,0.5952,1.68,1.61,0.5975,-0.2,-0.0417,0,100,1899987
2026-10-01 03:00,wta,WTA 1000,China Open,Hard,3,Sofia Kenin,Ashlyn Krueger,total_games,over,18.5,0.6667,1.5,1.34,0.7112,-4.4,-0.1066,0,100,1899987
2026-10-01 03:00,wta,WTA 1000,China Open,Hard,3,Sofia Kenin,Ashlyn Krueger,total_games,under,18.5,0.3333,3.0,3.3,0.2888,4.4,0.0997,0,100,1899987
2026-10-01 03:00,wta,WTA 1000,China Open,Hard,3,Sofia Kenin,Ashlyn Krueger,total_games,over,19.5,0.5874,1.7,1.51,0.6281,-4.1,-0.1131,0,100,1899987
2026-10-01 03:00,wta,WTA 1000,China Open,Hard,3,Sofia Kenin,Ashlyn Krueger,total_games,under,19.5,0.4126,2.42,2.55,0.3719,4.1,0.0522,0,100,1899987
2026-10-01 03:00,wta,WTA 1000,China Open,Hard,3,Sofia Kenin,Ashlyn Krueger,total_games,over,20.5,0.5179,1.93,1.71,0.557,-3.9,-0.1143,0,100,1899987
2026-10-01 03:00,wta,WTA 1000,China Open,Hard,3,Sofia Kenin,Ashlyn Krueger,total_games,under,20.5,0.4821,2.07,2.15,0.443,3.9,0.0365,0,100,1899987
2026-10-01 03:00,wta,WTA 1000,China Open,Hard,3,Sofia Kenin,Ashlyn Krueger,total_games,over,21.5,0.4682,2.14,1.89,0.5039,-3.6,-0.1151,0,100,1899987
2026-10-01 03:00,wta,WTA 1000,China Open,Hard,3,Sofia Kenin,Ashlyn Krueger,total_games,under,21.5,0.5318,1.88,1.92,0.4961,3.6,0.021,0,100,1899987
2026-10-01 03:00,wta,WTA 1000,China Open,Hard,3,Sofia Kenin,Ashlyn Krueger,total_games,over,22.5,0.4088,2.45,2.17,0.4393,-3.0,-0.1129,0,100,1899987
2026-10-01 03:00,wta,WTA 1000,China Open,Hard,3,Sofia Kenin,Ashlyn Krueger,total_games,under,22.5,0.5912,1.69,1.7,0.5607,3.0,0.005,0,100,1899987
2026-10-01 03:00,wta,WTA 1000,China Open,Hard,3,Sofia Kenin,Ashlyn Krueger,total_games,over,23.5,0.3697,2.7,2.4,0.397,-2.7,-0.1127,0,100,1899987
2026-10-01 03:00,wta,WTA 1000,China Open,Hard,3,Sofia Kenin,Ashlyn Krueger,total_games,under,23.5,0.6303,1.59,1.58,0.603,2.7,-0.0041,0,100,1899987
2026-10-01 03:00,wta,WTA 1000,China Open,Hard,3,Sofia Kenin,Ashlyn Krueger,total_games,over,24.5,0.3517,2.84,2.5,0.3797,-2.8,-0.1207,0,100,1899987
2026-10-01 03:00,wta,WTA 1000,China Open,Hard,3,Sofia Kenin,Ashlyn Krueger,total_games,under,24.5,0.6483,1.54,1.53,0.6203,2.8,-0.0081,0,100,1899987
2026-10-01 03:00,wta,WTA 1000,China Open,Hard,3,Sofia Kenin,Ashlyn Krueger,p1_games,over,10.5,0.5847,1.71,1.6,0.5855,-0.1,-0.0645,0,100,1899987
2026-10-01 03:00,wta,WTA 1000,China Open,Hard,3,Sofia Kenin,Ashlyn Krueger,p1_games,under,10.5,0.4153,2.41,2.26,0.4145,0.1,-0.0614,0,100,1899987
2026-10-01 03:00,wta,WTA 1000,China Open,Hard,3,Sofia Kenin,Ashlyn Krueger,p1_games,over,11.5,0.5536,1.81,1.69,0.5529,0.1,-0.0644,0,100,1899987
2026-10-01 03:00,wta,WTA 1000,China Open,Hard,3,Sofia Kenin,Ashlyn Krueger,p1_games,under,11.5,0.4464,2.24,2.09,0.4471,-0.1,-0.067,0,100,1899987
2026-10-01 03:00,wta,WTA 1000,China Open,Hard,3,Sofia Kenin,Ashlyn Krueger,p1_games,over,12.5,0.3652,2.74,2.39,0.3903,-2.5,-0.1271,0,100,1899987
2026-10-01 03:00,wta,WTA 1000,China Open,Hard,3,Sofia Kenin,Ashlyn Krueger,p1_games,under,12.5,0.6348,1.58,1.53,0.6097,2.5,-0.0288,0,100,1899987
2026-10-01 03:00,wta,WTA 1000,China Open,Hard,3,Sofia Kenin,Ashlyn Krueger,p2_games,over,11.5,0.7211,1.39,1.31,0.7158,0.5,-0.0553,0,100,1899987
2026-10-01 03:00,wta,WTA 1000,China Open,Hard,3,Sofia Kenin,Ashlyn Krueger,p2_games,under,11.5,0.2789,3.59,3.3,0.2842,-0.5,-0.0797,0,100,1899987
2026-10-01 03:00,wta,WTA 1000,China Open,Hard,3,Sofia Kenin,Ashlyn Krueger,p2_games,over,12.5,0.4229,2.36,2.03,0.4615,-3.9,-0.1416,0,100,1899987
2026-10-01 03:00,wta,WTA 1000,China Open,Hard,3,Sofia Kenin,Ashlyn Krueger,p2_games,under,12.5,0.5771,1.73,1.74,0.5385,3.9,0.0042,0,100,1899987
2026-10-01 03:00,wta,WTA 1000,China Open,Hard,3,Sofia Kenin,Ashlyn Krueger,p2_games,over,13.5,0.2739,3.65,3.05,0.3052,-3.1,-0.1646,0,100,1899987
2026-10-01 03:00,wta,WTA 1000,China Open,Hard,3,Sofia Kenin,Ashlyn Krueger,p2_games,under,13.5,0.7261,1.38,1.34,0.6948,3.1,-0.027,0,100,1899987
2026-10-01 03:00,wta,WTA 1000,China Open,Hard,3,Sofia Kenin,Ashlyn Krueger,game_handicap,player_a,2.5,0.4869,2.05,,,,,0,100,1899987
2026-10-01 03:00,wta,WTA 1000,China Open,Hard,3,Sofia Kenin,Ashlyn Krueger,game_handicap,player_b,-2.5,0.5131,1.95,,,,,0,100,1899987
2026-10-01 03:00,wta,WTA 1000,China Open,Hard,3,Yulia Starodubtsewa,Alina Charaeva,winner,player_a,,0.4763,2.1,,,,,0,62,1899985
2026-10-01 03:00,wta,WTA 1000,China Open,Hard,3,Yulia Starodubtsewa,Alina Charaeva,winner,player_b,,0.5237,1.91,,,,,0,62,1899985
2026-10-01 03:00,wta,WTA 1000,China Open,Hard,3,Yulia Starodubtsewa,Alina Charaeva,total_games,over,21.5,0.4566,2.19,,,,,1,62,1899985
2026-10-01 03:00,wta,WTA 1000,China Open,Hard,3,Yulia Starodubtsewa,Alina Charaeva,total_games,under,21.5,0.5434,1.84,,,,,1,62,1899985
2026-10-01 03:00,wta,WTA 1000,China Open,Hard,3,Yulia Starodubtsewa,Alina Charaeva,p1_games,over,12.5,0.3757,2.66,,,,,1,62,1899985
2026-10-01 03:00,wta,WTA 1000,China Open,Hard,3,Yulia Starodubtsewa,Alina Charaeva,p1_games,under,12.5,0.6243,1.6,,,,,1,62,1899985
2026-10-01 03:00,wta,WTA 1000,China Open,Hard,3,Yulia Starodubtsewa,Alina Charaeva,p2_games,over,12.5,0.3897,2.57,,,,,1,62,1899985
2026-10-01 03:00,wta,WTA 1000,China Open,Hard,3,Yulia Starodubtsewa,Alina Charaeva,p2_games,under,12.5,0.6103,1.64,,,,,1,62,1899985
2026-10-01 03:00,wta,WTA 1000,China Open,Hard,3,Yulia Starodubtsewa,Alina Charaeva,game_handicap,player_a,0.5,0.4896,2.04,,,,,1,62,1899985
2026-10-01 03:00,wta,WTA 1000,China Open,Hard,3,Yulia Starodubtsewa,Alina Charaeva,game_handicap,player_b,-0.5,0.5104,1.96,,,,,1,62,1899985
2026-10-01 04:30,wta,WTA 1000,China Open,Hard,3,Aoi Ito,Kimberly Birrell,winner,player_a,,0.3296,3.03,3.65,0.2641,6.6,0.2031,0,94,1899986
2026-10-01 04:30,wta,WTA 1000,China Open,Hard,3,Aoi Ito,Kimberly Birrell,winner,player_b,,0.6704,1.49,1.31,0.7359,-6.6,-0.1218,0,94,1899986
2026-10-01 04:30,wta,WTA 1000,China Open,Hard,3,Aoi Ito,Kimberly Birrell,total_games,over,17.5,0.6911,1.45,1.31,0.7277,-3.7,-0.0947,1,94,1899986
2026-10-01 04:30,wta,WTA 1000,China Open,Hard,3,Aoi Ito,Kimberly Birrell,total_games,under,17.5,0.3089,3.24,3.5,0.2723,3.7,0.0812,1,94,1899986
2026-10-01 04:30,wta,WTA 1000,China Open,Hard,3,Aoi Ito,Kimberly Birrell,total_games,over,18.5,0.6063,1.65,1.49,0.6401,-3.4,-0.0965,1,94,1899986
2026-10-01 04:30,wta,WTA 1000,China Open,Hard,3,Aoi Ito,Kimberly Birrell,total_games,under,18.5,0.3937,2.54,2.65,0.3599,3.4,0.0432,1,94,1899986
2026-10-01 04:30,wta,WTA 1000,China Open,Hard,3,Aoi Ito,Kimberly Birrell,total_games,over,19.5,0.5314,1.88,1.7,0.5596,-2.8,-0.0966,1,94,1899986
2026-10-01 04:30,wta,WTA 1000,China Open,Hard,3,Aoi Ito,Kimberly Birrell,total_games,under,19.5,0.4686,2.13,2.16,0.4404,2.8,0.0121,1,94,1899986
2026-10-01 04:30,wta,WTA 1000,China Open,Hard,3,Aoi Ito,Kimberly Birrell,total_games,over,20.5,0.4684,2.13,1.94,0.4908,-2.2,-0.0912,1,94,1899986
2026-10-01 04:30,wta,WTA 1000,China Open,Hard,3,Aoi Ito,Kimberly Birrell,total_games,under,20.5,0.5316,1.88,1.87,0.5092,2.2,-0.006,1,94,1899986
2026-10-01 04:30,wta,WTA 1000,China Open,Hard,3,Aoi Ito,Kimberly Birrell,total_games,over,21.5,0.4222,2.37,2.17,0.4393,-1.7,-0.0839,1,94,1899986
2026-10-01 04:30,wta,WTA 1000,China Open,Hard,3,Aoi Ito,Kimberly Birrell,total_games,under,21.5,0.5778,1.73,1.7,0.5607,1.7,-0.0177,1,94,1899986
2026-10-01 04:30,wta,WTA 1000,China Open,Hard,3,Aoi Ito,Kimberly Birrell,total_games,over,22.5,0.3703,2.7,2.49,0.3821,-1.2,-0.0779,1,94,1899986
2026-10-01 04:30,wta,WTA 1000,China Open,Hard,3,Aoi Ito,Kimberly Birrell,total_games,under,22.5,0.6297,1.59,1.54,0.6179,1.2,-0.0303,1,94,1899986
2026-10-01 04:30,wta,WTA 1000,China Open,Hard,3,Aoi Ito,Kimberly Birrell,total_games,over,23.5,0.3372,2.97,2.75,0.3468,-1.0,-0.0728,1,94,1899986
2026-10-01 04:30,wta,WTA 1000,China Open,Hard,3,Aoi Ito,Kimberly Birrell,total_games,under,23.5,0.6628,1.51,1.46,0.6532,1.0,-0.0323,1,94,1899986
2026-10-01 04:30,wta,WTA 1000,China Open,Hard,3,Aoi Ito,Kimberly Birrell,p1_games,over,8.5,0.5747,1.74,1.75,0.5346,4.0,0.0057,1,94,1899986
2026-10-01 04:30,wta,WTA 1000,China Open,Hard,3,Aoi Ito,Kimberly Birrell,p1_games,under,8.5,0.4253,2.35,2.01,0.4654,-4.0,-0.1451,1,94,1899986
2026-10-01 04:30,wta,WTA 1000,China Open,Hard,3,Aoi Ito,Kimberly Birrell,p1_games,over,9.5,0.5333,1.88,1.92,0.4866,4.7,0.0239,1,94,1899986
2026-10-01 04:30,wta,WTA 1000,China Open,Hard,3,Aoi Ito,Kimberly Birrell,p1_games,under,9.5,0.4667,2.14,1.82,0.5134,-4.7,-0.1506,1,94,1899986
2026-10-01 04:30,wta,WTA 1000,China Open,Hard,3,Aoi Ito,Kimberly Birrell,p1_games,over,10.5,0.4972,2.01,2.1,0.4444,5.3,0.0441,1,94,1899986
2026-10-01 04:30,wta,WTA 1000,China Open,Hard,3,Aoi Ito,Kimberly Birrell,p1_games,under,10.5,0.5028,1.99,1.68,0.5556,-5.3,-0.1553,1,94,1899986
2026-10-01 04:30,wta,WTA 1000,China Open,Hard,3,Aoi Ito,Kimberly Birrell,p2_games,over,11.5,0.7722,1.29,1.15,0.8099,-3.8,-0.1119,1,94,1899986
2026-10-01 04:30,wta,WTA 1000,China Open,Hard,3,Aoi Ito,Kimberly Birrell,p2_games,under,11.5,0.2278,4.39,4.9,0.1901,3.8,0.116,1,94,1899986
2026-10-01 04:30,wta,WTA 1000,China Open,Hard,3,Aoi Ito,Kimberly Birrell,p2_games,over,12.5,0.4027,2.48,2.05,0.4562,-5.4,-0.1745,1,94,1899986
2026-10-01 04:30,wta,WTA 1000,China Open,Hard,3,Aoi Ito,Kimberly Birrell,p2_games,under,12.5,0.5973,1.67,1.72,0.5438,5.4,0.0274,1,94,1899986
2026-10-01 04:30,wta,WTA 1000,China Open,Hard,3,Aoi Ito,Kimberly Birrell,p2_games,over,13.5,0.2544,3.93,3.25,0.2873,-3.3,-0.1731,1,94,1899986
2026-10-01 04:30,wta,WTA 1000,China Open,Hard,3,Aoi Ito,Kimberly Birrell,p2_games,under,13.5,0.7456,1.34,1.31,0.7127,3.3,-0.0233,1,94,1899986
2026-10-01 04:30,wta,WTA 1000,China Open,Hard,3,Aoi Ito,Kimberly Birrell,game_handicap,player_a,3.5,0.4551,2.2,,,,,1,94,1899986
2026-10-01 04:30,wta,WTA 1000,China Open,Hard,3,Aoi Ito,Kimberly Birrell,game_handicap,player_b,-3.5,0.5449,1.84,,,,,1,94,1899986
2026-10-01 04:30,wta,WTA 1000,China Open,Hard,3,Paula Badosa,Daria Kasatkina,winner,player_a,,0.636,1.57,1.43,0.6697,-3.4,-0.0906,0,100,1900002
2026-10-01 04:30,wta,WTA 1000,China Open,Hard,3,Paula Badosa,Daria Kasatkina,winner,player_b,,0.364,2.75,2.9,0.3303,3.4,0.0557,0,100,1900002
2026-10-01 04:30,wta,WTA 1000,China Open,Hard,3,Paula Badosa,Daria Kasatkina,total_games,over,17.5,0.691,1.45,1.28,0.743,-5.2,-0.1155,0,100,1900002
2026-10-01 04:30,wta,WTA 1000,China Open,Hard,3,Paula Badosa,Daria Kasatkina,total_games,under,17.5,0.309,3.24,3.7,0.257,5.2,0.1433,0,100,1900002
2026-10-01 04:30,wta,WTA 1000,China Open,Hard,3,Paula Badosa,Daria Kasatkina,total_games,over,18.5,0.6077,1.65,1.44,0.6643,-5.7,-0.1249,0,100,1900002
2026-10-01 04:30,wta,WTA 1000,China Open,Hard,3,Paula Badosa,Daria Kasatkina,total_games,under,18.5,0.3923,2.55,2.85,0.3357,5.7,0.118,0,100,1900002
2026-10-01 04:30,wta,WTA 1000,China Open,Hard,3,Paula Badosa,Daria Kasatkina,total_games,over,19.5,0.5339,1.87,1.64,0.5806,-4.7,-0.1244,0,100,1900002
2026-10-01 04:30,wta,WTA 1000,China Open,Hard,3,Paula Badosa,Daria Kasatkina,total_games,under,19.5,0.4661,2.15,2.27,0.4194,4.7,0.058,0,100,1900002
2026-10-01 04:30,wta,WTA 1000,China Open,Hard,3,Paula Badosa,Daria Kasatkina,total_games,over,20.5,0.4724,2.12,1.85,0.5144,-4.2,-0.1261,0,100,1900002
2026-10-01 04:30,wta,WTA 1000,China Open,Hard,3,Paula Badosa,Daria Kasatkina,total_games,under,20.5,0.5276,1.9,1.96,0.4856,4.2,0.0341,0,100,1900002
2026-10-01 04:30,wta,WTA 1000,China Open,Hard,3,Paula Badosa,Daria Kasatkina,total_games,over,21.5,0.4267,2.34,2.06,0.4621,-3.5,-0.1211,0,100,1900002
2026-10-01 04:30,wta,WTA 1000,China Open,Hard,3,Paula Badosa,Daria Kasatkina,total_games,under,21.5,0.5733,1.74,1.77,0.5379,3.5,0.0148,0,100,1900002
2026-10-01 04:30,wta,WTA 1000,China Open,Hard,3,Paula Badosa,Daria Kasatkina,total_games,over,22.5,0.3756,2.66,2.35,0.4051,-2.9,-0.1173,0,100,1900002
2026-10-01 04:30,wta,WTA 1000,China Open,Hard,3,Paula Badosa,Daria Kasatkina,total_games,under,22.5,0.6244,1.6,1.6,0.5949,2.9,-0.001,0,100,1900002
2026-10-01 04:30,wta,WTA 1000,China Open,Hard,3,Paula Badosa,Daria Kasatkina,total_games,over,23.5,0.3429,2.92,2.6,0.3674,-2.4,-0.1084,0,100,1900002
2026-10-01 04:30,wta,WTA 1000,China Open,Hard,3,Paula Badosa,Daria Kasatkina,total_games,under,23.5,0.6571,1.52,1.51,0.6326,2.4,-0.0078,0,100,1900002
2026-10-01 04:30,wta,WTA 1000,China Open,Hard,3,Paula Badosa,Daria Kasatkina,p1_games,over,11.5,0.7424,1.35,1.22,0.764,-2.2,-0.0943,0,100,1900002
2026-10-01 04:30,wta,WTA 1000,China Open,Hard,3,Paula Badosa,Daria Kasatkina,p1_games,under,11.5,0.2576,3.88,3.95,0.236,2.2,0.0177,0,100,1900002
2026-10-01 04:30,wta,WTA 1000,China Open,Hard,3,Paula Badosa,Daria Kasatkina,p1_games,over,12.5,0.3958,2.53,2.09,0.4471,-5.1,-0.1728,0,100,1900002
2026-10-01 04:30,wta,WTA 1000,China Open,Hard,3,Paula Badosa,Daria Kasatkina,p1_games,under,12.5,0.6042,1.66,1.69,0.5529,5.1,0.0211,0,100,1900002
2026-10-01 04:30,wta,WTA 1000,China Open,Hard,3,Paula Badosa,Daria Kasatkina,p1_games,over,13.5,0.2528,3.96,3.25,0.2873,-3.4,-0.1783,0,100,1900002
2026-10-01 04:30,wta,WTA 1000,China Open,Hard,3,Paula Badosa,Daria Kasatkina,p1_games,under,13.5,0.7472,1.34,1.31,0.7127,3.4,-0.0212,0,100,1900002
2026-10-01 04:30,wta,WTA 1000,China Open,Hard,3,Paula Badosa,Daria Kasatkina,p2_games,over,9.5,0.5636,1.77,1.73,0.5411,2.2,-0.025,0,100,1900002
2026-10-01 04:30,wta,WTA 1000,China Open,Hard,3,Paula Badosa,Daria Kasatkina,p2_games,under,9.5,0.4364,2.29,2.04,0.4589,-2.2,-0.1097,0,100,1900002
2026-10-01 04:30,wta,WTA 1000,China Open,Hard,3,Paula Badosa,Daria Kasatkina,p2_games,over,10.5,0.5285,1.89,1.86,0.5027,2.6,-0.0169,0,100,1900002
2026-10-01 04:30,wta,WTA 1000,China Open,Hard,3,Paula Badosa,Daria Kasatkina,p2_games,under,10.5,0.4715,2.12,1.88,0.4973,-2.6,-0.1137,0,100,1900002
2026-10-01 04:30,wta,WTA 1000,China Open,Hard,3,Paula Badosa,Daria Kasatkina,p2_games,over,11.5,0.4966,2.01,2.0,0.4667,3.0,-0.0068,0,100,1900002
2026-10-01 04:30,wta,WTA 1000,China Open,Hard,3,Paula Badosa,Daria Kasatkina,p2_games,under,11.5,0.5034,1.99,1.75,0.5333,-3.0,-0.119,0,100,1900002
2026-10-01 04:30,wta,WTA 1000,China Open,Hard,3,Paula Badosa,Daria Kasatkina,game_handicap,player_a,-3.5,0.5127,1.95,,,,,0,100,1900002
2026-10-01 04:30,wta,WTA 1000,China Open,Hard,3,Paula Badosa,Daria Kasatkina,game_handicap,player_b,3.5,0.4873,2.05,,,,,0,100,1900002
2026-10-01 04:30,wta,WTA 1000,China Open,Hard,3,Sonay Kartal,Andrea Lazaro Garcia,winner,player_a,,0.6875,1.45,1.27,0.7567,-6.9,-0.1269,0,88,1900577
2026-10-01 04:30,wta,WTA 1000,China Open,Hard,3,Sonay Kartal,Andrea Lazaro Garcia,winner,player_b,,0.3125,3.2,3.95,0.2433,6.9,0.2344,0,88,1900577
2026-10-01 04:30,wta,WTA 1000,China Open,Hard,3,Sonay Kartal,Andrea Lazaro Garcia,total_games,over,16.5,0.794,1.26,1.23,0.7735,2.1,-0.0234,1,88,1900577
2026-10-01 04:30,wta,WTA 1000,China Open,Hard,3,Sonay Kartal,Andrea Lazaro Garcia,total_games,under,16.5,0.206,4.85,4.2,0.2265,-2.1,-0.1348,1,88,1900577
2026-10-01 04:30,wta,WTA 1000,China Open,Hard,3,Sonay Kartal,Andrea Lazaro Garcia,total_games,over,17.5,0.7017,1.43,1.4,0.6818,2.0,-0.0177,1,88,1900577
2026-10-01 04:30,wta,WTA 1000,China Open,Hard,3,Sonay Kartal,Andrea Lazaro Garcia,total_games,under,17.5,0.2983,3.35,3.0,0.3182,-2.0,-0.105,1,88,1900577
2026-10-01 04:30,wta,WTA 1000,China Open,Hard,3,Sonay Kartal,Andrea Lazaro Garcia,total_games,over,18.5,0.6151,1.63,1.6,0.5949,2.0,-0.0158,1,88,1900577
2026-10-01 04:30,wta,WTA 1000,China Open,Hard,3,Sonay Kartal,Andrea Lazaro Garcia,total_games,under,18.5,0.3849,2.6,2.35,0.4051,-2.0,-0.0956,1,88,1900577
2026-10-01 04:30,wta,WTA 1000,China Open,Hard,3,Sonay Kartal,Andrea Lazaro Garcia,total_games,over,19.5,0.5384,1.86,1.84,0.5171,2.1,-0.0094,1,88,1900577
2026-10-01 04:30,wta,WTA 1000,China Open,Hard,3,Sonay Kartal,Andrea Lazaro Garcia,total_games,under,19.5,0.4616,2.17,1.97,0.4829,-2.1,-0.0906,1,88,1900577
2026-10-01 04:30,wta,WTA 1000,China Open,Hard,3,Sonay Kartal,Andrea Lazaro Garcia,total_games,over,20.5,0.4729,2.11,2.1,0.4531,2.0,-0.0069,1,88,1900577
2026-10-01 04:30,wta,WTA 1000,China Open,Hard,3,Sonay Kartal,Andrea Lazaro Garcia,total_games,under,20.5,0.5271,1.9,1.74,0.5469,-2.0,-0.0829,1,88,1900577
2026-10-01 04:30,wta,WTA 1000,China Open,Hard,3,Sonay Kartal,Andrea Lazaro Garcia,total_games,over,21.5,0.4255,2.35,2.35,0.4051,2.0,0.0,1,88,1900577
2026-10-01 04:30,wta,WTA 1000,China Open,Hard,3,Sonay Kartal,Andrea Lazaro Garcia,total_games,under,21.5,0.5745,1.74,1.6,0.5949,-2.0,-0.0809,1,88,1900577
2026-10-01 04:30,wta,WTA 1000,China Open,Hard,3,Sonay Kartal,Andrea Lazaro Garcia,total_games,over,22.5,0.3716,2.69,2.7,0.3541,1.8,0.0034,1,88,1900577
2026-10-01 04:30,wta,WTA 1000,China Open,Hard,3,Sonay Kartal,Andrea Lazaro Garcia,total_games,under,22.5,0.6284,1.59,1.48,0.6459,-1.8,-0.07,1,88,1900577
2026-10-01 04:30,wta,WTA 1000,China Open,Hard,3,Sonay Kartal,Andrea Lazaro Garcia,p1_games,over,11.5,0.7897,1.27,1.14,0.8202,-3.0,-0.0997,1,88,1900577
2026-10-01 04:30,wta,WTA 1000,China Open,Hard,3,Sonay Kartal,Andrea Lazaro Garcia,p1_games,under,11.5,0.2103,4.76,5.2,0.1798,3.0,0.0935,1,88,1900577
2026-10-01 04:30,wta,WTA 1000,China Open,Hard,3,Sonay Kartal,Andrea Lazaro Garcia,p1_games,over,12.5,0.4122,2.43,2.16,0.4331,-2.1,-0.1097,1,88,1900577
2026-10-01 04:30,wta,WTA 1000,China Open,Hard,3,Sonay Kartal,Andrea Lazaro Garcia,p1_games,under,12.5,0.5878,1.7,1.65,0.5669,2.1,-0.0301,1,88,1900577
2026-10-01 04:30,wta,WTA 1000,China Open,Hard,3,Sonay Kartal,Andrea Lazaro Garcia,p1_games,over,13.5,0.2586,3.87,3.45,0.2706,-1.2,-0.1077,1,88,1900577
2026-10-01 04:30,wta,WTA 1000,China Open,Hard,3,Sonay Kartal,Andrea Lazaro Garcia,p1_games,under,13.5,0.7414,1.35,1.28,0.7294,1.2,-0.0511,1,88,1900577
2026-10-01 04:30,wta,WTA 1000,China Open,Hard,3,Sonay Kartal,Andrea Lazaro Garcia,p2_games,over,7.5,0.6197,1.61,1.69,0.5517,6.8,0.0473,1,88,1900577
2026-10-01 04:30,wta,WTA 1000,China Open,Hard,3,Sonay Kartal,Andrea Lazaro Garcia,p2_games,under,7.5,0.3803,2.63,2.08,0.4483,-6.8,-0.209,1,88,1900577
2026-10-01 04:30,wta,WTA 1000,China Open,Hard,3,Sonay Kartal,Andrea Lazaro Garcia,p2_games,over,8.5,0.5644,1.77,1.9,0.492,7.2,0.0723,1,88,1900577
2026-10-01 04:30,wta,WTA 1000,China Open,Hard,3,Sonay Kartal,Andrea Lazaro Garcia,p2_games,under,8.5,0.4356,2.3,1.84,0.508,-7.2,-0.1985,1,88,1900577
2026-10-01 04:30,wta,WTA 1000,China Open,Hard,3,Sonay Kartal,Andrea Lazaro Garcia,p2_games,over,9.5,0.5211,1.92,2.09,0.4471,7.4,0.089,1,88,1900577
2026-10-01 04:30,wta,WTA 1000,China Open,Hard,3,Sonay Kartal,Andrea Lazaro Garcia,p2_games,under,9.5,0.4789,2.09,1.69,0.5529,-7.4,-0.1906,1,88,1900577
2026-10-01 04:30,wta,WTA 1000,China Open,Hard,3,Sonay Kartal,Andrea Lazaro Garcia,game_handicap,player_a,-3.5,0.5579,1.79,,,,,1,88,1900577
2026-10-01 04:30,wta,WTA 1000,China Open,Hard,3,Sonay Kartal,Andrea Lazaro Garcia,game_handicap,player_b,3.5,0.4421,2.26,,,,,1,88,1900577
2026-10-01 06:00,wta,WTA 1000,China Open,Hard,3,Magda Linette,Katerina Siniakova,winner,player_a,,0.4459,2.24,2.65,0.363,8.3,0.1816,0,100,1900000
2026-10-01 06:00,wta,WTA 1000,China Open,Hard,3,Magda Linette,Katerina Siniakova,winner,player_b,,0.5541,1.8,1.51,0.637,-8.3,-0.1633,0,100,1900000
2026-10-01 06:00,wta,WTA 1000,China Open,Hard,3,Magda Linette,Katerina Siniakova,total_games,over,17.5,0.736,1.36,1.27,0.752,-1.6,-0.0653,0,100,1900000
2026-10-01 06:00,wta,WTA 1000,China Open,Hard,3,Magda Linette,Katerina Siniakova,total_games,under,17.5,0.264,3.79,3.85,0.248,1.6,0.0164,0,100,1900000
2026-10-01 06:00,wta,WTA 1000,China Open,Hard,3,Magda Linette,Katerina Siniakova,total_games,over,18.5,0.6512,1.54,1.43,0.6659,-1.5,-0.0688,0,100,1900000
2026-10-01 06:00,wta,WTA 1000,China Open,Hard,3,Magda Linette,Katerina Siniakova,total_games,under,18.5,0.3488,2.87,2.85,0.3341,1.5,-0.0059,0,100,1900000
2026-10-01 06:00,wta,WTA 1000,China Open,Hard,3,Magda Linette,Katerina Siniakova,total_games,over,19.5,0.5743,1.74,1.62,0.5878,-1.4,-0.0697,0,100,1900000
2026-10-01 06:00,wta,WTA 1000,China Open,Hard,3,Magda Linette,Katerina Siniakova,total_games,under,19.5,0.4257,2.35,2.31,0.4122,1.4,-0.0166,0,100,1900000
2026-10-01 06:00,wta,WTA 1000,China Open,Hard,3,Magda Linette,Katerina Siniakova,total_games,over,20.5,0.5081,1.97,1.83,0.5197,-1.2,-0.0702,0,100,1900000
2026-10-01 06:00,wta,WTA 1000,China Open,Hard,3,Magda Linette,Katerina Siniakova,total_games,under,20.5,0.4919,2.03,1.98,0.4803,1.2,-0.026,0,100,1900000
2026-10-01 06:00,wta,WTA 1000,China Open,Hard,3,Magda Linette,Katerina Siniakova,total_games,over,21.5,0.4598,2.17,2.03,0.4686,-0.9,-0.0665,0,100,1900000
2026-10-01 06:00,wta,WTA 1000,China Open,Hard,3,Magda Linette,Katerina Siniakova,total_games,under,21.5,0.5402,1.85,1.79,0.5314,0.9,-0.0331,0,100,1900000
2026-10-01 06:00,wta,WTA 1000,China Open,Hard,3,Magda Linette,Katerina Siniakova,total_games,over,22.5,0.4039,2.48,2.32,0.4112,-0.7,-0.063,0,100,1900000
2026-10-01 06:00,wta,WTA 1000,China Open,Hard,3,Magda Linette,Katerina Siniakova,total_games,under,22.5,0.5961,1.68,1.62,0.5888,0.7,-0.0343,0,100,1900000
2026-10-01 06:00,wta,WTA 1000,China Open,Hard,3,Magda Linette,Katerina Siniakova,total_games,over,23.5,0.3675,2.72,2.55,0.3735,-0.6,-0.063,0,100,1900000
2026-10-01 06:00,wta,WTA 1000,China Open,Hard,3,Magda Linette,Katerina Siniakova,total_games,under,23.5,0.6325,1.58,1.52,0.6265,0.6,-0.0385,0,100,1900000
2026-10-01 06:00,wta,WTA 1000,China Open,Hard,3,Magda Linette,Katerina Siniakova,p1_games,over,10.5,0.6161,1.62,1.74,0.5372,7.9,0.0719,0,100,1900000
2026-10-01 06:00,wta,WTA 1000,China Open,Hard,3,Magda Linette,Katerina Siniakova,p1_games,under,10.5,0.3839,2.6,2.02,0.4628,-7.9,-0.2244,0,100,1900000
2026-10-01 06:00,wta,WTA 1000,China Open,Hard,3,Magda Linette,Katerina Siniakova,p1_games,over,11.5,0.5862,1.71,1.86,0.5027,8.4,0.0904,0,100,1900000
2026-10-01 06:00,wta,WTA 1000,China Open,Hard,3,Magda Linette,Katerina Siniakova,p1_games,under,11.5,0.4138,2.42,1.88,0.4973,-8.4,-0.2221,0,100,1900000
2026-10-01 06:00,wta,WTA 1000,China Open,Hard,3,Magda Linette,Katerina Siniakova,p1_games,over,12.5,0.37,2.7,2.65,0.3521,1.8,-0.0194,0,100,1900000
2026-10-01 06:00,wta,WTA 1000,China Open,Hard,3,Magda Linette,Katerina Siniakova,p1_games,under,12.5,0.63,1.59,1.44,0.6479,-1.8,-0.0928,0,100,1900000
2026-10-01 06:00,wta,WTA 1000,China Open,Hard,3,Magda Linette,Katerina Siniakova,p2_games,over,11.5,0.6807,1.47,1.27,0.7365,-5.6,-0.1355,0,100,1900000
2026-10-01 06:00,wta,WTA 1000,China Open,Hard,3,Magda Linette,Katerina Siniakova,p2_games,under,11.5,0.3193,3.13,3.55,0.2635,5.6,0.1334,0,100,1900000
2026-10-01 06:00,wta,WTA 1000,China Open,Hard,3,Magda Linette,Katerina Siniakova,p2_games,over,12.5,0.4019,2.49,2.1,0.4459,-4.4,-0.156,0,100,1900000
2026-10-01 06:00,wta,WTA 1000,China Open,Hard,3,Magda Linette,Katerina Siniakova,p2_games,under,12.5,0.5981,1.67,1.69,0.5541,4.4,0.0108,0,100,1900000
2026-10-01 06:00,wta,WTA 1000,China Open,Hard,3,Magda Linette,Katerina Siniakova,p2_games,over,13.5,0.2625,3.81,3.25,0.2888,-2.6,-0.1468,0,100,1900000
2026-10-01 06:00,wta,WTA 1000,China Open,Hard,3,Magda Linette,Katerina Siniakova,p2_games,under,13.5,0.7375,1.36,1.32,0.7112,2.6,-0.0265,0,100,1900000
2026-10-01 06:00,wta,WTA 1000,China Open,Hard,3,Magda Linette,Katerina Siniakova,game_handicap,player_a,1.5,0.488,2.05,,,,,0,100,1900000
2026-10-01 06:00,wta,WTA 1000,China Open,Hard,3,Magda Linette,Katerina Siniakova,game_handicap,player_b,-1.5,0.512,1.95,,,,,0,100,1900000
2026-10-01 06:00,wta,WTA 1000,China Open,Hard,3,Yu Jun Lin,Storm Hunter,winner,player_a,,0.3414,2.93,11.0,0.0871,25.4,2.755,0,53,1900579
2026-10-01 06:00,wta,WTA 1000,China Open,Hard,3,Yu Jun Lin,Storm Hunter,winner,player_b,,0.6586,1.52,1.05,0.9129,-25.4,-0.3084,0,53,1900579
2026-10-01 06:00,wta,WTA 1000,China Open,Hard,3,Yu Jun Lin,Storm Hunter,total_games,over,14.5,0.9367,1.07,1.14,0.8357,10.1,0.0678,1,53,1900579
2026-10-01 06:00,wta,WTA 1000,China Open,Hard,3,Yu Jun Lin,Storm Hunter,total_games,under,14.5,0.0633,15.8,5.8,0.1643,-10.1,-0.6328,1,53,1900579
2026-10-01 06:00,wta,WTA 1000,China Open,Hard,3,Yu Jun Lin,Storm Hunter,total_games,over,15.5,0.874,1.14,1.31,0.7248,14.9,0.1449,1,53,1900579
2026-10-01 06:00,wta,WTA 1000,China Open,Hard,3,Yu Jun Lin,Storm Hunter,total_games,under,15.5,0.126,7.94,3.45,0.2752,-14.9,-0.5653,1,53,1900579
2026-10-01 06:00,wta,WTA 1000,China Open,Hard,3,Yu Jun Lin,Storm Hunter,total_games,over,16.5,0.7914,1.26,1.59,0.5985,19.3,0.2583,1,53,1900579
2026-10-01 06:00,wta,WTA 1000,China Open,Hard,3,Yu Jun Lin,Storm Hunter,total_games,under,16.5,0.2086,4.79,2.37,0.4015,-19.3,-0.5055,1,53,1900579
2026-10-01 06:00,wta,WTA 1000,China Open,Hard,3,Yu Jun Lin,Storm Hunter,total_games,over,17.5,0.7004,1.43,1.96,0.4856,21.5,0.3729,1,53,1900579
2026-10-01 06:00,wta,WTA 1000,China Open,Hard,3,Yu Jun Lin,Storm Hunter,total_games,under,17.5,0.2996,3.34,1.85,0.5144,-21.5,-0.4458,1,53,1900579
2026-10-01 06:00,wta,WTA 1000,China Open,Hard,3,Yu Jun Lin,Storm Hunter,total_games,over,18.5,0.6154,1.62,2.39,0.398,21.7,0.4708,1,53,1900579
2026-10-01 06:00,wta,WTA 1000,China Open,Hard,3,Yu Jun Lin,Storm Hunter,total_games,under,18.5,0.3846,2.6,1.58,0.602,-21.7,-0.3923,1,53,1900579
2026-10-01 06:00,wta,WTA 1000,China Open,Hard,3,Yu Jun Lin,Storm Hunter,total_games,over,19.5,0.5399,1.85,2.9,0.3287,21.1,0.5657,1,53,1900579
2026-10-01 06:00,wta,WTA 1000,China Open,Hard,3,Yu Jun Lin,Storm Hunter,total_games,under,19.5,0.4601,2.17,1.42,0.6713,-21.1,-0.3467,1,53,1900579
2026-10-01 06:00,wta,WTA 1000,China Open,Hard,3,Yu Jun Lin,Storm Hunter,total_games,over,20.5,0.476,2.1,3.45,0.2767,19.9,0.6423,1,53,1900579
2026-10-01 06:00,wta,WTA 1000,China Open,Hard,3,Yu Jun Lin,Storm Hunter,total_games,under,20.5,0.524,1.91,1.32,0.7233,-19.9,-0.3084,1,53,1900579
2026-10-01 06:00,wta,WTA 1000,China Open,Hard,3,Yu Jun Lin,Storm Hunter,p1_games,over,4.5,0.8379,1.19,1.6,0.5844,25.3,0.3406,1,53,1900579
2026-10-01 06:00,wta,WTA 1000,China Open,Hard,3,Yu Jun Lin,Storm Hunter,p1_games,under,4.5,0.1621,6.17,2.25,0.4156,-25.3,-0.6352,1,53,1900579
2026-10-01 06:00,wta,WTA 1000,China Open,Hard,3,Yu Jun Lin,Storm Hunter,p1_games,over,5.5,0.7693,1.3,1.99,0.4693,30.0,0.531,1,53,1900579
2026-10-01 06:00,wta,WTA 1000,China Open,Hard,3,Yu Jun Lin,Storm Hunter,p1_games,under,5.5,0.2307,4.34,1.76,0.5307,-30.0,-0.594,1,53,1900579
2026-10-01 06:00,wta,WTA 1000,China Open,Hard,3,Yu Jun Lin,Storm Hunter,p1_games,over,6.5,0.7013,1.43,2.5,0.3734,32.8,0.7534,1,53,1900579
2026-10-01 06:00,wta,WTA 1000,China Open,Hard,3,Yu Jun Lin,Storm Hunter,p1_games,under,6.5,0.2987,3.35,1.49,0.6266,-32.8,-0.555,1,53,1900579
2026-10-01 06:00,wta,WTA 1000,China Open,Hard,3,Yu Jun Lin,Storm Hunter,p2_games,over,11.5,0.7642,1.31,1.02,0.9217,-15.7,-0.2206,1,53,1900579
2026-10-01 06:00,wta,WTA 1000,China Open,Hard,3,Yu Jun Lin,Storm Hunter,p2_games,under,11.5,0.2358,4.24,12.0,0.0783,15.7,1.83,1,53,1900579
2026-10-01 06:00,wta,WTA 1000,China Open,Hard,3,Yu Jun Lin,Storm Hunter,p2_games,over,12.5,0.4059,2.46,2.9,0.3224,8.3,0.1772,1,53,1900579
2026-10-01 06:00,wta,WTA 1000,China Open,Hard,3,Yu Jun Lin,Storm Hunter,p2_games,under,12.5,0.5941,1.68,1.38,0.6776,-8.3,-0.1802,1,53,1900579
2026-10-01 06:00,wta,WTA 1000,China Open,Hard,3,Yu Jun Lin,Storm Hunter,p2_games,over,13.5,0.2575,3.88,5.2,0.1798,7.8,0.3391,1,53,1900579
2026-10-01 06:00,wta,WTA 1000,China Open,Hard,3,Yu Jun Lin,Storm Hunter,p2_games,under,13.5,0.7425,1.35,1.14,0.8202,-7.8,-0.1536,1,53,1900579
2026-10-01 06:00,wta,WTA 1000,China Open,Hard,3,Yu Jun Lin,Storm Hunter,game_handicap,player_a,3.5,0.4692,2.13,,,,,1,53,1900579
2026-10-01 06:00,wta,WTA 1000,China Open,Hard,3,Yu Jun Lin,Storm Hunter,game_handicap,player_b,-3.5,0.5308,1.88,,,,,1,53,1900579
2026-10-01 06:00,wta,WTA 1000,China Open,Hard,3,Yushan Shao,Anastasia Zakharova,winner,player_a,,0.401,2.49,9.8,0.0984,30.3,2.9297,0,53,1899988
2026-10-01 06:00,wta,WTA 1000,China Open,Hard,3,Yushan Shao,Anastasia Zakharova,winner,player_b,,0.599,1.67,1.07,0.9016,-30.3,-0.3591,0,53,1899988
2026-10-01 06:00,wta,WTA 1000,China Open,Hard,3,Yushan Shao,Anastasia Zakharova,total_games,over,14.5,0.9462,1.06,1.11,0.856,9.0,0.0502,1,53,1899988
2026-10-01 06:00,wta,WTA 1000,China Open,Hard,3,Yushan Shao,Anastasia Zakharova,total_games,under,14.5,0.0538,18.58,6.6,0.144,-9.0,-0.6447,1,53,1899988
2026-10-01 06:00,wta,WTA 1000,China Open,Hard,3,Yushan Shao,Anastasia Zakharova,total_games,over,15.5,0.8888,1.13,1.26,0.7558,13.3,0.1199,1,53,1899988
2026-10-01 06:00,wta,WTA 1000,China Open,Hard,3,Yushan Shao,Anastasia Zakharova,total_games,under,15.5,0.1112,8.99,3.9,0.2442,-13.3,-0.5663,1,53,1899988
2026-10-01 06:00,wta,WTA 1000,China Open,Hard,3,Yushan Shao,Anastasia Zakharova,total_games,over,16.5,0.8106,1.23,1.5,0.6341,17.6,0.2158,1,53,1899988
2026-10-01 06:00,wta,WTA 1000,China Open,Hard,3,Yushan Shao,Anastasia Zakharova,total_games,under,16.5,0.1894,5.28,2.6,0.3659,-17.6,-0.5074,1,53,1899988
2026-10-01 06:00,wta,WTA 1000,China Open,Hard,3,Yushan Shao,Anastasia Zakharova,total_games,over,17.5,0.7216,1.39,1.82,0.5236,19.8,0.3132,1,53,1899988
2026-10-01 06:00,wta,WTA 1000,China Open,Hard,3,Yushan Shao,Anastasia Zakharova,total_games,under,17.5,0.2784,3.59,2.0,0.4764,-19.8,-0.4431,1,53,1899988
2026-10-01 06:00,wta,WTA 1000,China Open,Hard,3,Yushan Shao,Anastasia Zakharova,total_games,over,18.5,0.6369,1.57,2.19,0.4341,20.3,0.3947,1,53,1899988
2026-10-01 06:00,wta,WTA 1000,China Open,Hard,3,Yushan Shao,Anastasia Zakharova,total_games,under,18.5,0.3631,2.75,1.68,0.5659,-20.3,-0.3899,1,53,1899988
2026-10-01 06:00,wta,WTA 1000,China Open,Hard,3,Yushan Shao,Anastasia Zakharova,total_games,over,19.5,0.5607,1.78,2.65,0.3599,20.1,0.486,1,53,1899988
2026-10-01 06:00,wta,WTA 1000,China Open,Hard,3,Yushan Shao,Anastasia Zakharova,total_games,under,19.5,0.4393,2.28,1.49,0.6401,-20.1,-0.3455,1,53,1899988
2026-10-01 06:00,wta,WTA 1000,China Open,Hard,3,Yushan Shao,Anastasia Zakharova,total_games,over,20.5,0.4958,2.02,3.1,0.3065,18.9,0.537,1,53,1899988
2026-10-01 06:00,wta,WTA 1000,China Open,Hard,3,Yushan Shao,Anastasia Zakharova,total_games,under,20.5,0.5042,1.98,1.37,0.6935,-18.9,-0.3092,1,53,1899988
2026-10-01 06:00,wta,WTA 1000,China Open,Hard,3,Yushan Shao,Anastasia Zakharova,p1_games,over,4.5,0.8708,1.15,1.47,0.6343,23.6,0.2801,1,53,1899988
2026-10-01 06:00,wta,WTA 1000,China Open,Hard,3,Yushan Shao,Anastasia Zakharova,p1_games,under,4.5,0.1292,7.74,2.55,0.3657,-23.6,-0.6706,1,53,1899988
2026-10-01 06:00,wta,WTA 1000,China Open,Hard,3,Yushan Shao,Anastasia Zakharova,p1_games,over,5.5,0.8111,1.23,1.79,0.5227,28.8,0.4518,1,53,1899988
2026-10-01 06:00,wta,WTA 1000,China Open,Hard,3,Yushan Shao,Anastasia Zakharova,p1_games,under,5.5,0.1889,5.29,1.96,0.4773,-28.8,-0.6297,1,53,1899988
2026-10-01 06:00,wta,WTA 1000,China Open,Hard,3,Yushan Shao,Anastasia Zakharova,p1_games,over,6.5,0.7501,1.33,2.21,0.423,32.7,0.6577,1,53,1899988
2026-10-01 06:00,wta,WTA 1000,China Open,Hard,3,Yushan Shao,Anastasia Zakharova,p1_games,under,6.5,0.2499,4.0,1.62,0.577,-32.7,-0.5952,1,53,1899988
2026-10-01 06:00,wta,WTA 1000,China Open,Hard,3,Yushan Shao,Anastasia Zakharova,p2_games,over,11.5,0.7169,1.39,1.02,0.9151,-19.8,-0.2688,1,53,1899988
2026-10-01 06:00,wta,WTA 1000,China Open,Hard,3,Yushan Shao,Anastasia Zakharova,p2_games,under,11.5,0.2831,3.53,11.0,0.0849,19.8,2.1142,1,53,1899988
2026-10-01 06:00,wta,WTA 1000,China Open,Hard,3,Yushan Shao,Anastasia Zakharova,p2_games,over,12.5,0.4051,2.47,2.65,0.3521,5.3,0.0736,1,53,1899988
2026-10-01 06:00,wta,WTA 1000,China Open,Hard,3,Yushan Shao,Anastasia Zakharova,p2_games,under,12.5,0.5949,1.68,1.44,0.6479,-5.3,-0.1434,1,53,1899988
2026-10-01 06:00,wta,WTA 1000,China Open,Hard,3,Yushan Shao,Anastasia Zakharova,p2_games,over,13.5,0.2617,3.82,4.6,0.2028,5.9,0.2038,1,53,1899988
2026-10-01 06:00,wta,WTA 1000,China Open,Hard,3,Yushan Shao,Anastasia Zakharova,p2_games,under,13.5,0.7383,1.35,1.17,0.7972,-5.9,-0.1362,1,53,1899988
2026-10-01 06:00,wta,WTA 1000,China Open,Hard,3,Yushan Shao,Anastasia Zakharova,game_handicap,player_a,2.5,0.4776,2.09,,,,,1,53,1899988
2026-10-01 06:00,wta,WTA 1000,China Open,Hard,3,Yushan Shao,Anastasia Zakharova,game_handicap,player_b,-2.5,0.5224,1.91,,,,,1,53,1899988
2026-10-01 07:30,wta,WTA 1000,China Open,Hard,3,Harriet Dart,Yihan Qu,winner,player_a,,0.632,1.58,,,,,0,47,1900581
2026-10-01 07:30,wta,WTA 1000,China Open,Hard,3,Harriet Dart,Yihan Qu,winner,player_b,,0.368,2.72,,,,,0,47,1900581
2026-10-01 07:30,wta,WTA 1000,China Open,Hard,3,Harriet Dart,Yihan Qu,total_games,over,20.5,0.483,2.07,,,,,1,47,1900581
2026-10-01 07:30,wta,WTA 1000,China Open,Hard,3,Harriet Dart,Yihan Qu,total_games,under,20.5,0.517,1.93,,,,,1,47,1900581
2026-10-01 07:30,wta,WTA 1000,China Open,Hard,3,Harriet Dart,Yihan Qu,p1_games,over,12.5,0.4041,2.47,,,,,1,47,1900581
2026-10-01 07:30,wta,WTA 1000,China Open,Hard,3,Harriet Dart,Yihan Qu,p1_games,under,12.5,0.5959,1.68,,,,,1,47,1900581
2026-10-01 07:30,wta,WTA 1000,China Open,Hard,3,Harriet Dart,Yihan Qu,p2_games,over,12.5,0.327,3.06,,,,,1,47,1900581
2026-10-01 07:30,wta,WTA 1000,China Open,Hard,3,Harriet Dart,Yihan Qu,p2_games,under,12.5,0.673,1.49,,,,,1,47,1900581
2026-10-01 07:30,wta,WTA 1000,China Open,Hard,3,Harriet Dart,Yihan Qu,game_handicap,player_a,-3.5,0.5039,1.98,,,,,1,47,1900581
2026-10-01 07:30,wta,WTA 1000,China Open,Hard,3,Harriet Dart,Yihan Qu,game_handicap,player_b,3.5,0.4961,2.02,,,,,1,47,1900581
2026-10-01 07:30,wta,WTA 1000,China Open,Hard,3,Lanlana Tararudee,Maria Osorio,winner,player_a,,0.7148,1.4,,,,,0,62,1899989
2026-10-01 07:30,wta,WTA 1000,China Open,Hard,3,Lanlana Tararudee,Maria Osorio,winner,player_b,,0.2852,3.51,,,,,0,62,1899989
2026-10-01 07:30,wta,WTA 1000,China Open,Hard,3,Lanlana Tararudee,Maria Osorio,total_games,over,20.5,0.4511,2.22,,,,,1,62,1899989
2026-10-01 07:30,wta,WTA 1000,China Open,Hard,3,Lanlana Tararudee,Maria Osorio,total_games,under,20.5,0.5489,1.82,,,,,1,62,1899989
2026-10-01 07:30,wta,WTA 1000,China Open,Hard,3,Lanlana Tararudee,Maria Osorio,p1_games,over,12.5,0.4011,2.49,,,,,1,62,1899989
2026-10-01 07:30,wta,WTA 1000,China Open,Hard,3,Lanlana Tararudee,Maria Osorio,p1_games,under,12.5,0.5989,1.67,,,,,1,62,1899989
2026-10-01 07:30,wta,WTA 1000,China Open,Hard,3,Lanlana Tararudee,Maria Osorio,p2_games,over,9.5,0.4864,2.06,,,,,1,62,1899989
2026-10-01 07:30,wta,WTA 1000,China Open,Hard,3,Lanlana Tararudee,Maria Osorio,p2_games,under,9.5,0.5136,1.95,,,,,1,62,1899989
2026-10-01 07:30,wta,WTA 1000,China Open,Hard,3,Lanlana Tararudee,Maria Osorio,game_handicap,player_a,-4.5,0.5097,1.96,,,,,1,62,1899989
2026-10-01 07:30,wta,WTA 1000,China Open,Hard,3,Lanlana Tararudee,Maria Osorio,game_handicap,player_b,4.5,0.4903,2.04,,,,,1,62,1899989
2026-10-01 07:30,wta,WTA 1000,China Open,Hard,3,Marina Bassols Ribera,Kamilla Rakhimova,winner,player_a,,0.2891,3.46,,,,,0,88,1900582
2026-10-01 07:30,wta,WTA 1000,China Open,Hard,3,Marina Bassols Ribera,Kamilla Rakhimova,winner,player_b,,0.7109,1.41,,,,,0,88,1900582
2026-10-01 07:30,wta,WTA 1000,China Open,Hard,3,Marina Bassols Ribera,Kamilla Rakhimova,total_games,over,20.5,0.4496,2.22,,,,,1,88,1900582
2026-10-01 07:30,wta,WTA 1000,China Open,Hard,3,Marina Bassols Ribera,Kamilla Rakhimova,total_games,under,20.5,0.5504,1.82,,,,,1,88,1900582
2026-10-01 07:30,wta,WTA 1000,China Open,Hard,3,Marina Bassols Ribera,Kamilla Rakhimova,p1_games,over,9.5,0.4887,2.05,,,,,1,88,1900582
2026-10-01 07:30,wta,WTA 1000,China Open,Hard,3,Marina Bassols Ribera,Kamilla Rakhimova,p1_games,under,9.5,0.5113,1.96,,,,,1,88,1900582
2026-10-01 07:30,wta,WTA 1000,China Open,Hard,3,Marina Bassols Ribera,Kamilla Rakhimova,p2_games,over,12.5,0.3985,2.51,,,,,1,88,1900582
2026-10-01 07:30,wta,WTA 1000,China Open,Hard,3,Marina Bassols Ribera,Kamilla Rakhimova,p2_games,under,12.5,0.6015,1.66,,,,,1,88,1900582
2026-10-01 07:30,wta,WTA 1000,China Open,Hard,3,Marina Bassols Ribera,Kamilla Rakhimova,game_handicap,player_a,4.5,0.4913,2.04,,,,,1,88,1900582
2026-10-01 07:30,wta,WTA 1000,China Open,Hard,3,Marina Bassols Ribera,Kamilla Rakhimova,game_handicap,player_b,-4.5,0.5087,1.97,,,,,1,88,1900582
2026-10-01 09:00,wta,WTA 1000,China Open,Hard,3,Alycia Parks,Lin Zhu,winner,player_a,,0.4998,2.0,,,,,0,88,1900003
2026-10-01 09:00,wta,WTA 1000,China Open,Hard,3,Alycia Parks,Lin Zhu,winner,player_b,,0.5002,2.0,,,,,0,88,1900003
2026-10-01 09:00,wta,WTA 1000,China Open,Hard,3,Alycia Parks,Lin Zhu,total_games,over,21.5,0.466,2.15,,,,,1,88,1900003
2026-10-01 09:00,wta,WTA 1000,China Open,Hard,3,Alycia Parks,Lin Zhu,total_games,under,21.5,0.534,1.87,,,,,1,88,1900003
2026-10-01 09:00,wta,WTA 1000,China Open,Hard,3,Alycia Parks,Lin Zhu,p1_games,over,12.5,0.3912,2.56,,,,,1,88,1900003
2026-10-01 09:00,wta,WTA 1000,China Open,Hard,3,Alycia Parks,Lin Zhu,p1_games,under,12.5,0.6088,1.64,,,,,1,88,1900003
2026-10-01 09:00,wta,WTA 1000,China Open,Hard,3,Alycia Parks,Lin Zhu,p2_games,over,12.5,0.3916,2.55,,,,,1,88,1900003
2026-10-01 09:00,wta,WTA 1000,China Open,Hard,3,Alycia Parks,Lin Zhu,p2_games,under,12.5,0.6084,1.64,,,,,1,88,1900003
2026-10-01 09:00,wta,WTA 1000,China Open,Hard,3,Alycia Parks,Lin Zhu,game_handicap,player_a,-0.5,0.4859,2.06,,,,,1,88,1900003
2026-10-01 09:00,wta,WTA 1000,China Open,Hard,3,Alycia Parks,Lin Zhu,game_handicap,player_b,0.5,0.5141,1.95,,,,,1,88,1900003
2026-10-01 09:00,wta,WTA 1000,China Open,Hard,3,Xinyu Gao,Panna Udvardy,winner,player_a,,0.3783,2.64,,,,,0,88,1899991
2026-10-01 09:00,wta,WTA 1000,China Open,Hard,3,Xinyu Gao,Panna Udvardy,winner,player_b,,0.6217,1.61,,,,,0,88,1899991
2026-10-01 09:00,wta,WTA 1000,China Open,Hard,3,Xinyu Gao,Panna Udvardy,total_games,over,20.5,0.4948,2.02,,,,,1,88,1899991
2026-10-01 09:00,wta,WTA 1000,China Open,Hard,3,Xinyu Gao,Panna Udvardy,total_games,under,20.5,0.5052,1.98,,,,,1,88,1899991
2026-10-01 09:00,wta,WTA 1000,China Open,Hard,3,Xinyu Gao,Panna Udvardy,p1_games,over,12.5,0.3393,2.95,,,,,1,88,1899991
2026-10-01 09:00,wta,WTA 1000,China Open,Hard,3,Xinyu Gao,Panna Udvardy,p1_games,under,12.5,0.6607,1.51,,,,,1,88,1899991
2026-10-01 09:00,wta,WTA 1000,China Open,Hard,3,Xinyu Gao,Panna Udvardy,p2_games,over,12.5,0.4111,2.43,,,,,1,88,1899991
2026-10-01 09:00,wta,WTA 1000,China Open,Hard,3,Xinyu Gao,Panna Udvardy,p2_games,under,12.5,0.5889,1.7,,,,,1,88,1899991
2026-10-01 09:00,wta,WTA 1000,China Open,Hard,3,Xinyu Gao,Panna Udvardy,game_handicap,player_a,2.5,0.4553,2.2,,,,,1,88,1899991
2026-10-01 09:00,wta,WTA 1000,China Open,Hard,3,Xinyu Gao,Panna Udvardy,game_handicap,player_b,-2.5,0.5447,1.84,,,,,1,88,1899991
2026-10-01 11:00,wta,WTA 1000,China Open,Hard,3,Eva Lys,Xinran Sun,winner,player_a,,0.6841,1.46,,,,,0,47,1900004
2026-10-01 11:00,wta,WTA 1000,China Open,Hard,3,Eva Lys,Xinran Sun,winner,player_b,,0.3159,3.17,,,,,0,47,1900004
2026-10-01 11:00,wta,WTA 1000,China Open,Hard,3,Eva Lys,Xinran Sun,total_games,over,20.5,0.4583,2.18,,,,,1,47,1900004
2026-10-01 11:00,wta,WTA 1000,China Open,Hard,3,Eva Lys,Xinran Sun,total_games,under,20.5,0.5417,1.85,,,,,1,47,1900004
2026-10-01 11:00,wta,WTA 1000,China Open,Hard,3,Eva Lys,Xinran Sun,p1_games,over,12.5,0.3981,2.51,,,,,1,47,1900004
2026-10-01 11:00,wta,WTA 1000,China Open,Hard,3,Eva Lys,Xinran Sun,p1_games,under,12.5,0.6019,1.66,,,,,1,47,1900004
2026-10-01 11:00,wta,WTA 1000,China Open,Hard,3,Eva Lys,Xinran Sun,p2_games,over,10.5,0.4794,2.09,,,,,1,47,1900004
2026-10-01 11:00,wta,WTA 1000,China Open,Hard,3,Eva Lys,Xinran Sun,p2_games,under,10.5,0.5206,1.92,,,,,1,47,1900004
2026-10-01 11:00,wta,WTA 1000,China Open,Hard,3,Eva Lys,Xinran Sun,game_handicap,player_a,-3.5,0.5631,1.78,,,,,1,47,1900004
2026-10-01 11:00,wta,WTA 1000,China Open,Hard,3,Eva Lys,Xinran Sun,game_handicap,player_b,3.5,0.4369,2.29,,,,,1,47,1900004
2026-10-01 09:30,atp,ATP Challenger,"Bari, Italy",Hard,3,Laurent Lokoli,Samuele Pieri,winner,player_a,,0.6128,1.63,1.59,0.5881,2.5,-0.0257,0,94,1900753
2026-10-01 09:30,atp,ATP Challenger,"Bari, Italy",Hard,3,Laurent Lokoli,Samuele Pieri,winner,player_b,,0.3872,2.58,2.27,0.4119,-2.5,-0.121,0,94,1900753
2026-10-01 09:30,atp,ATP Challenger,"Bari, Italy",Hard,3,Laurent Lokoli,Samuele Pieri,total_games,over,21.5,0.5394,1.85,1.81,0.5121,2.7,-0.0237,0,94,1900753
2026-10-01 09:30,atp,ATP Challenger,"Bari, Italy",Hard,3,Laurent Lokoli,Samuele Pieri,total_games,under,21.5,0.4606,2.17,1.9,0.4879,-2.7,-0.1248,0,94,1900753
2026-10-01 09:30,atp,ATP Challenger,"Bari, Italy",Hard,3,Laurent Lokoli,Samuele Pieri,p1_games,over,12.5,0.4922,2.03,1.99,0.4665,2.6,-0.0206,0,94,1900753
2026-10-01 09:30,atp,ATP Challenger,"Bari, Italy",Hard,3,Laurent Lokoli,Samuele Pieri,p1_games,under,12.5,0.5078,1.97,1.74,0.5335,-2.6,-0.1164,0,94,1900753
2026-10-01 09:30,atp,ATP Challenger,"Bari, Italy",Hard,3,Laurent Lokoli,Samuele Pieri,p2_games,over,11.5,0.568,1.76,1.65,0.5612,0.7,-0.0628,0,94,1900753
2026-10-01 09:30,atp,ATP Challenger,"Bari, Italy",Hard,3,Laurent Lokoli,Samuele Pieri,p2_games,under,11.5,0.432,2.31,2.11,0.4388,-0.7,-0.0885,0,94,1900753
2026-10-01 09:30,atp,ATP Challenger,"Bari, Italy",Hard,3,Laurent Lokoli,Samuele Pieri,game_handicap,player_a,-2.5,0.5124,1.95,,,,,0,94,1900753
2026-10-01 09:30,atp,ATP Challenger,"Bari, Italy",Hard,3,Laurent Lokoli,Samuele Pieri,game_handicap,player_b,2.5,0.4876,2.05,,,,,0,94,1900753
2026-10-01 09:30,atp,ATP Challenger,"Bari, Italy",Hard,3,Massimo Giunta,Carlos Taberner,winner,player_a,,0.2779,3.6,2.55,0.3657,-8.8,-0.2913,0,94,1900748
2026-10-01 09:30,atp,ATP Challenger,"Bari, Italy",Hard,3,Massimo Giunta,Carlos Taberner,winner,player_b,,0.7221,1.38,1.47,0.6343,8.8,0.0614,0,94,1900748
2026-10-01 09:30,atp,ATP Challenger,"Bari, Italy",Hard,3,Massimo Giunta,Carlos Taberner,total_games,over,21.5,0.5054,1.98,1.82,0.5081,-0.3,-0.0802,1,94,1900748
2026-10-01 09:30,atp,ATP Challenger,"Bari, Italy",Hard,3,Massimo Giunta,Carlos Taberner,total_games,under,21.5,0.4946,2.02,1.88,0.4919,0.3,-0.0701,1,94,1900748
2026-10-01 09:30,atp,ATP Challenger,"Bari, Italy",Hard,3,Massimo Giunta,Carlos Taberner,p1_games,over,11.5,0.4595,2.18,1.78,0.5202,-6.1,-0.182,1,94,1900748
2026-10-01 09:30,atp,ATP Challenger,"Bari, Italy",Hard,3,Massimo Giunta,Carlos Taberner,p1_games,under,11.5,0.5405,1.85,1.93,0.4798,6.1,0.0431,1,94,1900748
2026-10-01 09:30,atp,ATP Challenger,"Bari, Italy",Hard,3,Massimo Giunta,Carlos Taberner,p2_games,over,12.5,0.5023,1.99,1.92,0.4825,2.0,-0.0355,1,94,1900748
2026-10-01 09:30,atp,ATP Challenger,"Bari, Italy",Hard,3,Massimo Giunta,Carlos Taberner,p2_games,under,12.5,0.4977,2.01,1.79,0.5175,-2.0,-0.1092,1,94,1900748
2026-10-01 09:30,atp,ATP Challenger,"Bari, Italy",Hard,3,Massimo Giunta,Carlos Taberner,game_handicap,player_a,3.5,0.4571,2.19,,,,,1,94,1900748
2026-10-01 09:30,atp,ATP Challenger,"Bari, Italy",Hard,3,Massimo Giunta,Carlos Taberner,game_handicap,player_b,-3.5,0.5429,1.84,,,,,1,94,1900748
2026-10-01 11:00,atp,ATP Challenger,"Bari, Italy",Hard,3,Lorenzo Giustino,Matthew Donald,winner,player_a,,0.6527,1.53,1.77,0.528,12.5,0.1553,0,91,1900625
2026-10-01 11:00,atp,ATP Challenger,"Bari, Italy",Hard,3,Lorenzo Giustino,Matthew Donald,winner,player_b,,0.3473,2.88,1.98,0.472,-12.5,-0.3123,0,91,1900625
2026-10-01 11:00,atp,ATP Challenger,"Bari, Italy",Hard,3,Lorenzo Giustino,Matthew Donald,total_games,over,22.5,0.4331,2.31,1.98,0.4677,-3.5,-0.1425,0,91,1900625
2026-10-01 11:00,atp,ATP Challenger,"Bari, Italy",Hard,3,Lorenzo Giustino,Matthew Donald,total_games,under,22.5,0.5669,1.76,1.74,0.5323,3.5,-0.0135,0,91,1900625
2026-10-01 11:00,atp,ATP Challenger,"Bari, Italy",Hard,3,Lorenzo Giustino,Matthew Donald,p1_games,over,12.5,0.4662,2.14,1.99,0.4651,0.1,-0.0722,0,91,1900625
2026-10-01 11:00,atp,ATP Challenger,"Bari, Italy",Hard,3,Lorenzo Giustino,Matthew Donald,p1_games,under,12.5,0.5338,1.87,1.73,0.5349,-0.1,-0.0766,0,91,1900625
2026-10-01 11:00,atp,ATP Challenger,"Bari, Italy",Hard,3,Lorenzo Giustino,Matthew Donald,p2_games,over,12.5,0.3631,2.75,2.09,0.4427,-8.0,-0.2411,0,91,1900625
2026-10-01 11:00,atp,ATP Challenger,"Bari, Italy",Hard,3,Lorenzo Giustino,Matthew Donald,p2_games,under,12.5,0.6369,1.57,1.66,0.5573,8.0,0.0572,0,91,1900625
2026-10-01 11:00,atp,ATP Challenger,"Bari, Italy",Hard,3,Lorenzo Giustino,Matthew Donald,game_handicap,player_a,-2.5,0.5636,1.77,,,,,0,91,1900625
2026-10-01 11:00,atp,ATP Challenger,"Bari, Italy",Hard,3,Lorenzo Giustino,Matthew Donald,game_handicap,player_b,2.5,0.4364,2.29,,,,,0,91,1900625
2026-10-01 14:30,atp,ATP Challenger,"Bari, Italy",Hard,3,Pierluigi Basile,Martin Krumich,winner,player_a,,0.3149,3.18,2.19,0.4267,-11.2,-0.3105,0,97,1900724
2026-10-01 14:30,atp,ATP Challenger,"Bari, Italy",Hard,3,Pierluigi Basile,Martin Krumich,winner,player_b,,0.6851,1.46,1.63,0.5733,11.2,0.1168,0,97,1900724
2026-10-01 14:30,atp,ATP Challenger,"Bari, Italy",Hard,3,Pierluigi Basile,Martin Krumich,total_games,over,21.5,0.5318,1.88,1.8,0.5148,1.7,-0.0428,0,97,1900724
2026-10-01 14:30,atp,ATP Challenger,"Bari, Italy",Hard,3,Pierluigi Basile,Martin Krumich,total_games,under,21.5,0.4682,2.14,1.91,0.4852,-1.7,-0.1057,0,97,1900724
2026-10-01 14:30,atp,ATP Challenger,"Bari, Italy",Hard,3,Pierluigi Basile,Martin Krumich,p1_games,over,11.5,0.503,1.99,1.61,0.5752,-7.2,-0.1901,0,97,1900724
2026-10-01 14:30,atp,ATP Challenger,"Bari, Italy",Hard,3,Pierluigi Basile,Martin Krumich,p1_games,under,11.5,0.497,2.01,2.18,0.4248,7.2,0.0834,0,97,1900724
2026-10-01 14:30,atp,ATP Challenger,"Bari, Italy",Hard,3,Pierluigi Basile,Martin Krumich,p2_games,over,12.5,0.5124,1.95,2.0,0.4624,5.0,0.0248,0,97,1900724
2026-10-01 14:30,atp,ATP Challenger,"Bari, Italy",Hard,3,Pierluigi Basile,Martin Krumich,p2_games,under,12.5,0.4876,2.05,1.72,0.5376,-5.0,-0.1614,0,97,1900724
2026-10-01 14:30,atp,ATP Challenger,"Bari, Italy",Hard,3,Pierluigi Basile,Martin Krumich,game_handicap,player_a,2.5,0.4166,2.4,,,,,0,97,1900724
2026-10-01 14:30,atp,ATP Challenger,"Bari, Italy",Hard,3,Pierluigi Basile,Martin Krumich,game_handicap,player_b,-2.5,0.5834,1.71,,,,,0,97,1900724
2026-10-01 14:00,atp,ATP Challenger,"Columbus, USA",Hard,3,Abedallah Shelbayh,Danil Ostapenkov,winner,player_a,,0.6646,1.5,1.32,0.708,-4.3,-0.1227,0,94,1900751
2026-10-01 14:00,atp,ATP Challenger,"Columbus, USA",Hard,3,Abedallah Shelbayh,Danil Ostapenkov,winner,player_b,,0.3354,2.98,3.2,0.292,4.3,0.0732,0,94,1900751
2026-10-01 14:00,atp,ATP Challenger,"Columbus, USA",Hard,3,Abedallah Shelbayh,Danil Ostapenkov,total_games,over,21.5,0.5294,1.89,1.9,0.4879,4.2,0.0059,0,94,1900751
2026-10-01 14:00,atp,ATP Challenger,"Columbus, USA",Hard,3,Abedallah Shelbayh,Danil Ostapenkov,total_games,under,21.5,0.4706,2.13,1.81,0.5121,-4.2,-0.1483,0,94,1900751
2026-10-01 14:00,atp,ATP Challenger,"Columbus, USA",Hard,3,Abedallah Shelbayh,Danil Ostapenkov,p1_games,over,12.5,0.5025,1.99,1.87,0.4946,0.8,-0.0604,0,94,1900751
2026-10-01 14:00,atp,ATP Challenger,"Columbus, USA",Hard,3,Abedallah Shelbayh,Danil Ostapenkov,p1_games,under,12.5,0.4975,2.01,1.83,0.5054,-0.8,-0.0895,0,94,1900751
2026-10-01 14:00,atp,ATP Challenger,"Columbus, USA",Hard,3,Abedallah Shelbayh,Danil Ostapenkov,p2_games,over,10.5,0.5545,1.8,1.91,0.4838,7.1,0.0592,0,94,1900751
2026-10-01 14:00,atp,ATP Challenger,"Columbus, USA",Hard,3,Abedallah Shelbayh,Danil Ostapenkov,p2_games,under,10.5,0.4455,2.24,1.79,0.5162,-7.1,-0.2026,0,94,1900751
2026-10-01 14:00,atp,ATP Challenger,"Columbus, USA",Hard,3,Abedallah Shelbayh,Danil Ostapenkov,game_handicap,player_a,-2.5,0.5643,1.77,,,,,0,94,1900751
2026-10-01 14:00,atp,ATP Challenger,"Columbus, USA",Hard,3,Abedallah Shelbayh,Danil Ostapenkov,game_handicap,player_b,2.5,0.4357,2.3,,,,,0,94,1900751
2026-10-01 14:00,atp,ATP Challenger,"Columbus, USA",Hard,3,Aidan Mayo,Colton Smith,winner,player_a,,0.357,2.8,2.6,0.358,-0.1,-0.0717,0,100,1900823
2026-10-01 14:00,atp,ATP Challenger,"Columbus, USA",Hard,3,Aidan Mayo,Colton Smith,winner,player_b,,0.643,1.56,1.45,0.642,0.1,-0.0677,0,100,1900823
2026-10-01 14:00,atp,ATP Challenger,"Columbus, USA",Hard,3,Aidan Mayo,Colton Smith,total_games,over,22.5,0.4632,2.16,,,,,0,100,1900823
2026-10-01 14:00,atp,ATP Challenger,"Columbus, USA",Hard,3,Aidan Mayo,Colton Smith,total_games,under,22.5,0.5368,1.86,,,,,0,100,1900823
2026-10-01 14:00,atp,ATP Challenger,"Columbus, USA",Hard,3,Aidan Mayo,Colton Smith,p1_games,over,12.5,0.3981,2.51,,,,,0,100,1900823
2026-10-01 14:00,atp,ATP Challenger,"Columbus, USA",Hard,3,Aidan Mayo,Colton Smith,p1_games,under,12.5,0.6019,1.66,,,,,0,100,1900823
2026-10-01 14:00,atp,ATP Challenger,"Columbus, USA",Hard,3,Aidan Mayo,Colton Smith,p2_games,over,13.5,0.325,3.08,,,,,0,100,1900823
2026-10-01 14:00,atp,ATP Challenger,"Columbus, USA",Hard,3,Aidan Mayo,Colton Smith,p2_games,under,13.5,0.675,1.48,,,,,0,100,1900823
2026-10-01 14:00,atp,ATP Challenger,"Columbus, USA",Hard,3,Aidan Mayo,Colton Smith,game_handicap,player_a,2.5,0.4571,2.19,,,,,0,100,1900823
2026-10-01 14:00,atp,ATP Challenger,"Columbus, USA",Hard,3,Aidan Mayo,Colton Smith,game_handicap,player_b,-2.5,0.5429,1.84,,,,,0,100,1900823
2026-10-01 14:00,atp,ATP Challenger,"Columbus, USA",Hard,3,Bryce Nakashima,Keegan Smith,winner,player_a,,0.3507,2.85,1.97,0.4747,-12.4,-0.3091,0,81,1900789
2026-10-01 14:00,atp,ATP Challenger,"Columbus, USA",Hard,3,Bryce Nakashima,Keegan Smith,winner,player_b,,0.6493,1.54,1.78,0.5253,12.4,0.1557,0,81,1900789
2026-10-01 14:00,atp,ATP Challenger,"Columbus, USA",Hard,3,Bryce Nakashima,Keegan Smith,total_games,over,23.5,0.4417,2.26,1.92,0.4825,-4.1,-0.1519,1,81,1900789
2026-10-01 14:00,atp,ATP Challenger,"Columbus, USA",Hard,3,Bryce Nakashima,Keegan Smith,total_games,under,23.5,0.5583,1.79,1.79,0.5175,4.1,-0.0007,1,81,1900789
2026-10-01 14:00,atp,ATP Challenger,"Columbus, USA",Hard,3,Bryce Nakashima,Keegan Smith,p1_games,over,12.5,0.4422,2.26,1.75,0.5283,-8.6,-0.2262,1,81,1900789
2026-10-01 14:00,atp,ATP Challenger,"Columbus, USA",Hard,3,Bryce Nakashima,Keegan Smith,p1_games,under,12.5,0.5578,1.79,1.96,0.4717,8.6,0.0933,1,81,1900789
2026-10-01 14:00,atp,ATP Challenger,"Columbus, USA",Hard,3,Bryce Nakashima,Keegan Smith,p2_games,over,12.5,0.5601,1.79,1.68,0.5508,0.9,-0.0591,1,81,1900789
2026-10-01 14:00,atp,ATP Challenger,"Columbus, USA",Hard,3,Bryce Nakashima,Keegan Smith,p2_games,under,12.5,0.4399,2.27,2.06,0.4492,-0.9,-0.0938,1,81,1900789
2026-10-01 14:00,atp,ATP Challenger,"Columbus, USA",Hard,3,Bryce Nakashima,Keegan Smith,game_handicap,player_a,2.5,0.4745,2.11,,,,,1,81,1900789
2026-10-01 14:00,atp,ATP Challenger,"Columbus, USA",Hard,3,Bryce Nakashima,Keegan Smith,game_handicap,player_b,-2.5,0.5255,1.9,,,,,1,81,1900789
2026-10-01 14:00,atp,ATP Challenger,"Columbus, USA",Hard,3,Stefan Kozlov,Mitchell Krueger,winner,player_a,,0.4757,2.1,1.84,0.5067,-3.1,-0.1247,0,100,1900788
2026-10-01 14:00,atp,ATP Challenger,"Columbus, USA",Hard,3,Stefan Kozlov,Mitchell Krueger,winner,player_b,,0.5243,1.91,1.89,0.4933,3.1,-0.009,0,100,1900788
2026-10-01 14:00,atp,ATP Challenger,"Columbus, USA",Hard,3,Stefan Kozlov,Mitchell Krueger,total_games,over,22.5,0.4717,2.12,,,,,0,100,1900788
2026-10-01 14:00,atp,ATP Challenger,"Columbus, USA",Hard,3,Stefan Kozlov,Mitchell Krueger,total_games,under,22.5,0.5283,1.89,,,,,0,100,1900788
2026-10-01 14:00,atp,ATP Challenger,"Columbus, USA",Hard,3,Stefan Kozlov,Mitchell Krueger,p1_games,over,12.5,0.4445,2.25,,,,,0,100,1900788
2026-10-01 14:00,atp,ATP Challenger,"Columbus, USA",Hard,3,Stefan Kozlov,Mitchell Krueger,p1_games,under,12.5,0.5555,1.8,,,,,0,100,1900788
2026-10-01 14:00,atp,ATP Challenger,"Columbus, USA",Hard,3,Stefan Kozlov,Mitchell Krueger,p2_games,over,12.5,0.4613,2.17,,,,,0,100,1900788
2026-10-01 14:00,atp,ATP Challenger,"Columbus, USA",Hard,3,Stefan Kozlov,Mitchell Krueger,p2_games,under,12.5,0.5387,1.86,,,,,0,100,1900788
2026-10-01 14:00,atp,ATP Challenger,"Columbus, USA",Hard,3,Stefan Kozlov,Mitchell Krueger,game_handicap,player_a,0.5,0.4923,2.03,,,,,0,100,1900788
2026-10-01 14:00,atp,ATP Challenger,"Columbus, USA",Hard,3,Stefan Kozlov,Mitchell Krueger,game_handicap,player_b,-0.5,0.5077,1.97,,,,,0,100,1900788
2026-10-01 13:00,atp,ATP Challenger,"Curitiba, Brazil",Clay,3,Guido Justo,Pedro Sakamoto,winner,player_a,,0.708,1.41,1.44,0.6479,6.0,0.0195,0,94,1901751
2026-10-01 13:00,atp,ATP Challenger,"Curitiba, Brazil",Clay,3,Guido Justo,Pedro Sakamoto,winner,player_b,,0.292,3.42,2.65,0.3521,-6.0,-0.2261,0,94,1901751
2026-10-01 13:00,atp,ATP Challenger,"Curitiba, Brazil",Clay,3,Guido Justo,Pedro Sakamoto,total_games,over,21.5,0.4699,2.13,,,,,0,94,1901751
2026-10-01 13:00,atp,ATP Challenger,"Curitiba, Brazil",Clay,3,Guido Justo,Pedro Sakamoto,total_games,under,21.5,0.5301,1.89,,,,,0,94,1901751
2026-10-01 13:00,atp,ATP Challenger,"Curitiba, Brazil",Clay,3,Guido Justo,Pedro Sakamoto,p1_games,over,12.5,0.4636,2.16,,,,,0,94,1901751
2026-10-01 13:00,atp,ATP Challenger,"Curitiba, Brazil",Clay,3,Guido Justo,Pedro Sakamoto,p1_games,under,12.5,0.5364,1.86,,,,,0,94,1901751
2026-10-01 13:00,atp,ATP Challenger,"Curitiba, Brazil",Clay,3,Guido Justo,Pedro Sakamoto,p2_games,over,10.5,0.4884,2.05,,,,,0,94,1901751
2026-10-01 13:00,atp,ATP Challenger,"Curitiba, Brazil",Clay,3,Guido Justo,Pedro Sakamoto,p2_games,under,10.5,0.5116,1.95,,,,,0,94,1901751
2026-10-01 13:00,atp,ATP Challenger,"Curitiba, Brazil",Clay,3,Guido Justo,Pedro Sakamoto,game_handicap,player_a,-3.5,0.5573,1.79,,,,,0,94,1901751
2026-10-01 13:00,atp,ATP Challenger,"Curitiba, Brazil",Clay,3,Guido Justo,Pedro Sakamoto,game_handicap,player_b,3.5,0.4427,2.26,,,,,0,94,1901751
2026-10-01 13:00,atp,ATP Challenger,"Curitiba, Brazil",Clay,3,Joao Eduardo Schiessl,Luis Miguel,winner,player_a,,0.4054,2.47,3.8,0.246,15.9,0.5404,0,66,1901778
2026-10-01 13:00,atp,ATP Challenger,"Curitiba, Brazil",Clay,3,Joao Eduardo Schiessl,Luis Miguel,winner,player_b,,0.5946,1.68,1.24,0.754,-15.9,-0.2627,0,66,1901778
2026-10-01 13:00,atp,ATP Challenger,"Curitiba, Brazil",Clay,3,Joao Eduardo Schiessl,Luis Miguel,total_games,over,22.5,0.4572,2.19,,,,,1,66,1901778
2026-10-01 13:00,atp,ATP Challenger,"Curitiba, Brazil",Clay,3,Joao Eduardo Schiessl,Luis Miguel,total_games,under,22.5,0.5428,1.84,,,,,1,66,1901778
2026-10-01 13:00,atp,ATP Challenger,"Curitiba, Brazil",Clay,3,Joao Eduardo Schiessl,Luis Miguel,p1_games,over,12.5,0.4055,2.47,,,,,1,66,1901778
2026-10-01 13:00,atp,ATP Challenger,"Curitiba, Brazil",Clay,3,Joao Eduardo Schiessl,Luis Miguel,p1_games,under,12.5,0.5945,1.68,,,,,1,66,1901778
2026-10-01 13:00,atp,ATP Challenger,"Curitiba, Brazil",Clay,3,Joao Eduardo Schiessl,Luis Miguel,p2_games,over,12.5,0.4716,2.12,,,,,1,66,1901778
2026-10-01 13:00,atp,ATP Challenger,"Curitiba, Brazil",Clay,3,Joao Eduardo Schiessl,Luis Miguel,p2_games,under,12.5,0.5284,1.89,,,,,1,66,1901778
2026-10-01 13:00,atp,ATP Challenger,"Curitiba, Brazil",Clay,3,Joao Eduardo Schiessl,Luis Miguel,game_handicap,player_a,2.5,0.4998,2.0,,,,,1,66,1901778
2026-10-01 13:00,atp,ATP Challenger,"Curitiba, Brazil",Clay,3,Joao Eduardo Schiessl,Luis Miguel,game_handicap,player_b,-2.5,0.5002,2.0,,,,,1,66,1901778
2026-10-01 13:00,atp,ATP Challenger,"Curitiba, Brazil",Clay,3,Mateus Cardoso Alves,Gonzalo Villanueva,winner,player_a,,0.2894,3.46,1.33,0.7031,-41.4,-0.6151,0,53,1901745
2026-10-01 13:00,atp,ATP Challenger,"Curitiba, Brazil",Clay,3,Mateus Cardoso Alves,Gonzalo Villanueva,winner,player_b,,0.7106,1.41,3.15,0.2969,41.4,1.2384,0,53,1901745
2026-10-01 13:00,atp,ATP Challenger,"Curitiba, Brazil",Clay,3,Mateus Cardoso Alves,Gonzalo Villanueva,total_games,over,21.5,0.4724,2.12,,,,,1,53,1901745
2026-10-01 13:00,atp,ATP Challenger,"Curitiba, Brazil",Clay,3,Mateus Cardoso Alves,Gonzalo Villanueva,total_games,under,21.5,0.5276,1.9,,,,,1,53,1901745
2026-10-01 13:00,atp,ATP Challenger,"Curitiba, Brazil",Clay,3,Mateus Cardoso Alves,Gonzalo Villanueva,p1_games,over,10.5,0.4876,2.05,,,,,1,53,1901745
2026-10-01 13:00,atp,ATP Challenger,"Curitiba, Brazil",Clay,3,Mateus Cardoso Alves,Gonzalo Villanueva,p1_games,under,10.5,0.5124,1.95,,,,,1,53,1901745
2026-10-01 13:00,atp,ATP Challenger,"Curitiba, Brazil",Clay,3,Mateus Cardoso Alves,Gonzalo Villanueva,p2_games,over,12.5,0.4672,2.14,,,,,1,53,1901745
2026-10-01 13:00,atp,ATP Challenger,"Curitiba, Brazil",Clay,3,Mateus Cardoso Alves,Gonzalo Villanueva,p2_games,under,12.5,0.5328,1.88,,,,,1,53,1901745
2026-10-01 13:00,atp,ATP Challenger,"Curitiba, Brazil",Clay,3,Mateus Cardoso Alves,Gonzalo Villanueva,game_handicap,player_a,3.5,0.4423,2.26,,,,,1,53,1901745
2026-10-01 13:00,atp,ATP Challenger,"Curitiba, Brazil",Clay,3,Mateus Cardoso Alves,Gonzalo Villanueva,game_handicap,player_b,-3.5,0.5577,1.79,,,,,1,53,1901745
2026-10-01 13:00,atp,ATP Challenger,"Curitiba, Brazil",Clay,3,Pedro Boscardin Dias,Genaro Alberto Olivieri,winner,player_a,,0.4866,2.06,1.71,0.5464,-6.0,-0.1679,0,100,1901397
2026-10-01 13:00,atp,ATP Challenger,"Curitiba, Brazil",Clay,3,Pedro Boscardin Dias,Genaro Alberto Olivieri,winner,player_b,,0.5134,1.95,2.06,0.4536,6.0,0.0576,0,100,1901397
2026-10-01 13:00,atp,ATP Challenger,"Curitiba, Brazil",Clay,3,Pedro Boscardin Dias,Genaro Alberto Olivieri,total_games,over,22.5,0.4493,2.23,,,,,0,100,1901397
2026-10-01 13:00,atp,ATP Challenger,"Curitiba, Brazil",Clay,3,Pedro Boscardin Dias,Genaro Alberto Olivieri,total_games,under,22.5,0.5507,1.82,,,,,0,100,1901397
2026-10-01 13:00,atp,ATP Challenger,"Curitiba, Brazil",Clay,3,Pedro Boscardin Dias,Genaro Alberto Olivieri,p1_games,over,12.5,0.4213,2.37,,,,,0,100,1901397
2026-10-01 13:00,atp,ATP Challenger,"Curitiba, Brazil",Clay,3,Pedro Boscardin Dias,Genaro Alberto Olivieri,p1_games,under,12.5,0.5787,1.73,,,,,0,100,1901397
2026-10-01 13:00,atp,ATP Challenger,"Curitiba, Brazil",Clay,3,Pedro Boscardin Dias,Genaro Alberto Olivieri,p2_games,over,12.5,0.4305,2.32,,,,,0,100,1901397
2026-10-01 13:00,atp,ATP Challenger,"Curitiba, Brazil",Clay,3,Pedro Boscardin Dias,Genaro Alberto Olivieri,p2_games,under,12.5,0.5695,1.76,,,,,0,100,1901397
2026-10-01 13:00,atp,ATP Challenger,"Curitiba, Brazil",Clay,3,Pedro Boscardin Dias,Genaro Alberto Olivieri,game_handicap,player_a,-0.5,0.4715,2.12,,,,,0,100,1901397
2026-10-01 13:00,atp,ATP Challenger,"Curitiba, Brazil",Clay,3,Pedro Boscardin Dias,Genaro Alberto Olivieri,game_handicap,player_b,0.5,0.5285,1.89,,,,,0,100,1901397
2026-10-01 03:00,atp,ATP Challenger,"Jingshan, China",Hard,3,Adam Walton,Mattia Bellucci,winner,player_a,,0.5202,1.92,1.89,0.4947,2.6,-0.0169,0,100,1900836
2026-10-01 03:00,atp,ATP Challenger,"Jingshan, China",Hard,3,Adam Walton,Mattia Bellucci,winner,player_b,,0.4798,2.08,1.85,0.5053,-2.6,-0.1123,0,100,1900836
2026-10-01 03:00,atp,ATP Challenger,"Jingshan, China",Hard,3,Adam Walton,Mattia Bellucci,total_games,over,22.5,0.5174,1.93,1.79,0.5175,-0.0,-0.0738,0,100,1900836
2026-10-01 03:00,atp,ATP Challenger,"Jingshan, China",Hard,3,Adam Walton,Mattia Bellucci,total_games,under,22.5,0.4826,2.07,1.92,0.4825,0.0,-0.0735,0,100,1900836
2026-10-01 03:00,atp,ATP Challenger,"Jingshan, China",Hard,3,Adam Walton,Mattia Bellucci,p1_games,over,12.5,0.5095,1.96,1.93,0.4798,3.0,-0.0167,0,100,1900836
2026-10-01 03:00,atp,ATP Challenger,"Jingshan, China",Hard,3,Adam Walton,Mattia Bellucci,p1_games,under,12.5,0.4905,2.04,1.78,0.5202,-3.0,-0.1269,0,100,1900836
2026-10-01 03:00,atp,ATP Challenger,"Jingshan, China",Hard,3,Adam Walton,Mattia Bellucci,p2_games,over,12.5,0.4944,2.02,1.92,0.4825,1.2,-0.0507,0,100,1900836
2026-10-01 03:00,atp,ATP Challenger,"Jingshan, China",Hard,3,Adam Walton,Mattia Bellucci,p2_games,under,12.5,0.5056,1.98,1.79,0.5175,-1.2,-0.095,0,100,1900836
2026-10-01 03:00,atp,ATP Challenger,"Jingshan, China",Hard,3,Adam Walton,Mattia Bellucci,game_handicap,player_a,-0.5,0.5013,1.99,,,,,0,100,1900836
2026-10-01 03:00,atp,ATP Challenger,"Jingshan, China",Hard,3,Adam Walton,Mattia Bellucci,game_handicap,player_b,0.5,0.4987,2.01,,,,,0,100,1900836
2026-10-01 03:00,atp,ATP Challenger,"Jingshan, China",Hard,3,Alex Bolt,Evan Zhu,winner,player_a,,0.8616,1.16,1.45,0.6463,21.5,0.2493,0,100,1900855
2026-10-01 03:00,atp,ATP Challenger,"Jingshan, China",Hard,3,Alex Bolt,Evan Zhu,winner,player_b,,0.1384,7.22,2.65,0.3537,-21.5,-0.6332,0,100,1900855
2026-10-01 03:00,atp,ATP Challenger,"Jingshan, China",Hard,3,Alex Bolt,Evan Zhu,total_games,over,21.5,0.4027,2.48,1.76,0.5256,-12.3,-0.2912,0,100,1900855
2026-10-01 03:00,atp,ATP Challenger,"Jingshan, China",Hard,3,Alex Bolt,Evan Zhu,total_games,under,21.5,0.5973,1.67,1.95,0.4744,12.3,0.1647,0,100,1900855
2026-10-01 03:00,atp,ATP Challenger,"Jingshan, China",Hard,3,Alex Bolt,Evan Zhu,p1_games,over,12.5,0.4592,2.18,1.85,0.5013,-4.2,-0.1505,0,100,1900855
2026-10-01 03:00,atp,ATP Challenger,"Jingshan, China",Hard,3,Alex Bolt,Evan Zhu,p1_games,under,12.5,0.5408,1.85,1.86,0.4987,4.2,0.0059,0,100,1900855
2026-10-01 03:00,atp,ATP Challenger,"Jingshan, China",Hard,3,Alex Bolt,Evan Zhu,p2_games,over,11.5,0.2909,3.44,1.78,0.5202,-22.9,-0.4822,0,100,1900855
2026-10-01 03:00,atp,ATP Challenger,"Jingshan, China",Hard,3,Alex Bolt,Evan Zhu,p2_games,under,11.5,0.7091,1.41,1.93,0.4798,22.9,0.3686,0,100,1900855
2026-10-01 03:00,atp,ATP Challenger,"Jingshan, China",Hard,3,Alex Bolt,Evan Zhu,game_handicap,player_a,-4.5,0.5784,1.73,,,,,0,100,1900855
2026-10-01 03:00,atp,ATP Challenger,"Jingshan, China",Hard,3,Alex Bolt,Evan Zhu,game_handicap,player_b,4.5,0.4216,2.37,,,,,0,100,1900855
2026-10-01 03:00,atp,ATP Challenger,"Jingshan, China",Hard,3,Lloyd Harris,Luka Pavlovic,winner,player_a,,0.7483,1.34,1.19,0.7832,-3.5,-0.1095,0,100,1900843
2026-10-01 03:00,atp,ATP Challenger,"Jingshan, China",Hard,3,Lloyd Harris,Luka Pavlovic,winner,player_b,,0.2517,3.97,4.3,0.2168,3.5,0.0824,0,100,1900843
2026-10-01 03:00,atp,ATP Challenger,"Jingshan, China",Hard,3,Lloyd Harris,Luka Pavlovic,total_games,over,21.5,0.5715,1.75,1.75,0.5296,4.2,0.0001,0,100,1900843
2026-10-01 03:00,atp,ATP Challenger,"Jingshan, China",Hard,3,Lloyd Harris,Luka Pavlovic,total_games,under,21.5,0.4285,2.33,1.97,0.4704,-4.2,-0.1558,0,100,1900843
2026-10-01 03:00,atp,ATP Challenger,"Jingshan, China",Hard,3,Lloyd Harris,Luka Pavlovic,p1_games,over,12.5,0.5698,1.75,1.65,0.5612,0.9,-0.0598,0,100,1900843
2026-10-01 03:00,atp,ATP Challenger,"Jingshan, China",Hard,3,Lloyd Harris,Luka Pavlovic,p1_games,under,12.5,0.4302,2.32,2.11,0.4388,-0.9,-0.0923,0,100,1900843
2026-10-01 03:00,atp,ATP Challenger,"Jingshan, China",Hard,3,Lloyd Harris,Luka Pavlovic,p2_games,over,9.5,0.5621,1.78,1.84,0.504,5.8,0.0342,0,100,1900843
2026-10-01 03:00,atp,ATP Challenger,"Jingshan, China",Hard,3,Lloyd Harris,Luka Pavlovic,p2_games,under,9.5,0.4379,2.28,1.87,0.496,-5.8,-0.1811,0,100,1900843
2026-10-01 03:00,atp,ATP Challenger,"Jingshan, China",Hard,3,Lloyd Harris,Luka Pavlovic,game_handicap,player_a,-3.5,0.5143,1.94,,,,,0,100,1900843
2026-10-01 03:00,atp,ATP Challenger,"Jingshan, China",Hard,3,Lloyd Harris,Luka Pavlovic,game_handicap,player_b,3.5,0.4857,2.06,,,,,0,100,1900843
2026-10-01 03:00,atp,ATP Challenger,"Jingshan, China",Hard,3,Petr Bar Biryukov,Dane Sweeny,winner,player_a,,0.529,1.89,,,,,0,94,1900860
2026-10-01 03:00,atp,ATP Challenger,"Jingshan, China",Hard,3,Petr Bar Biryukov,Dane Sweeny,winner,player_b,,0.471,2.12,,,,,0,94,1900860
2026-10-01 03:00,atp,ATP Challenger,"Jingshan, China",Hard,3,Petr Bar Biryukov,Dane Sweeny,total_games,over,23.5,0.4465,2.24,,,,,0,94,1900860
2026-10-01 03:00,atp,ATP Challenger,"Jingshan, China",Hard,3,Petr Bar Biryukov,Dane Sweeny,total_games,under,23.5,0.5535,1.81,,,,,0,94,1900860
2026-10-01 03:00,atp,ATP Challenger,"Jingshan, China",Hard,3,Petr Bar Biryukov,Dane Sweeny,p1_games,over,13.5,0.3417,2.93,,,,,0,94,1900860
2026-10-01 03:00,atp,ATP Challenger,"Jingshan, China",Hard,3,Petr Bar Biryukov,Dane Sweeny,p1_games,under,13.5,0.6583,1.52,,,,,0,94,1900860
2026-10-01 03:00,atp,ATP Challenger,"Jingshan, China",Hard,3,Petr Bar Biryukov,Dane Sweeny,p2_games,over,12.5,0.4823,2.07,,,,,0,94,1900860
2026-10-01 03:00,atp,ATP Challenger,"Jingshan, China",Hard,3,Petr Bar Biryukov,Dane Sweeny,p2_games,under,12.5,0.5177,1.93,,,,,0,94,1900860
2026-10-01 03:00,atp,ATP Challenger,"Jingshan, China",Hard,3,Petr Bar Biryukov,Dane Sweeny,game_handicap,player_a,-0.5,0.5106,1.96,,,,,0,94,1900860
2026-10-01 03:00,atp,ATP Challenger,"Jingshan, China",Hard,3,Petr Bar Biryukov,Dane Sweeny,game_handicap,player_b,0.5,0.4894,2.04,,,,,0,94,1900860
2026-10-01 04:30,atp,ATP Challenger,"Jingshan, China",Hard,3,Andre Ilagan,Marat Sharipov,winner,player_a,,0.312,3.21,3.0,0.3103,0.2,-0.064,0,100,1900852
2026-10-01 04:30,atp,ATP Challenger,"Jingshan, China",Hard,3,Andre Ilagan,Marat Sharipov,winner,player_b,,0.688,1.45,1.35,0.6897,-0.2,-0.0712,0,100,1900852
2026-10-01 04:30,atp,ATP Challenger,"Jingshan, China",Hard,3,Andre Ilagan,Marat Sharipov,total_games,over,22.5,0.4554,2.2,,,,,0,100,1900852
2026-10-01 04:30,atp,ATP Challenger,"Jingshan, China",Hard,3,Andre Ilagan,Marat Sharipov,total_games,under,22.5,0.5446,1.84,,,,,0,100,1900852
2026-10-01 04:30,atp,ATP Challenger,"Jingshan, China",Hard,3,Andre Ilagan,Marat Sharipov,p1_games,over,11.5,0.4996,2.0,,,,,0,100,1900852
2026-10-01 04:30,atp,ATP Challenger,"Jingshan, China",Hard,3,Andre Ilagan,Marat Sharipov,p1_games,under,11.5,0.5004,2.0,,,,,0,100,1900852
2026-10-01 04:30,atp,ATP Challenger,"Jingshan, China",Hard,3,Andre Ilagan,Marat Sharipov,p2_games,over,13.5,0.3267,3.06,,,,,0,100,1900852
2026-10-01 04:30,atp,ATP Challenger,"Jingshan, China",Hard,3,Andre Ilagan,Marat Sharipov,p2_games,under,13.5,0.6733,1.49,,,,,0,100,1900852
2026-10-01 04:30,atp,ATP Challenger,"Jingshan, China",Hard,3,Andre Ilagan,Marat Sharipov,game_handicap,player_a,3.5,0.499,2.0,,,,,0,100,1900852
2026-10-01 04:30,atp,ATP Challenger,"Jingshan, China",Hard,3,Andre Ilagan,Marat Sharipov,game_handicap,player_b,-3.5,0.501,2.0,,,,,0,100,1900852
2026-10-01 04:30,atp,ATP Challenger,"Jingshan, China",Hard,3,Elias Ymer,Federico Cina,winner,player_a,,0.4638,2.16,3.3,0.2842,18.0,0.5304,0,100,1900841
2026-10-01 04:30,atp,ATP Challenger,"Jingshan, China",Hard,3,Elias Ymer,Federico Cina,winner,player_b,,0.5362,1.86,1.31,0.7158,-18.0,-0.2975,0,100,1900841
2026-10-01 04:30,atp,ATP Challenger,"Jingshan, China",Hard,3,Elias Ymer,Federico Cina,total_games,over,21.5,0.5682,1.76,1.81,0.5121,5.6,0.0285,0,100,1900841
2026-10-01 04:30,atp,ATP Challenger,"Jingshan, China",Hard,3,Elias Ymer,Federico Cina,total_games,under,21.5,0.4318,2.32,1.9,0.4879,-5.6,-0.1796,0,100,1900841
2026-10-01 04:30,atp,ATP Challenger,"Jingshan, China",Hard,3,Elias Ymer,Federico Cina,p1_games,over,10.5,0.6757,1.48,1.88,0.4919,18.4,0.2702,0,100,1900841
2026-10-01 04:30,atp,ATP Challenger,"Jingshan, China",Hard,3,Elias Ymer,Federico Cina,p1_games,under,10.5,0.3243,3.08,1.82,0.5081,-18.4,-0.4097,0,100,1900841
2026-10-01 04:30,atp,ATP Challenger,"Jingshan, China",Hard,3,Elias Ymer,Federico Cina,p2_games,over,12.5,0.4884,2.05,1.79,0.5175,-2.9,-0.1257,0,100,1900841
2026-10-01 04:30,atp,ATP Challenger,"Jingshan, China",Hard,3,Elias Ymer,Federico Cina,p2_games,under,12.5,0.5116,1.95,1.92,0.4825,2.9,-0.0178,0,100,1900841
2026-10-01 04:30,atp,ATP Challenger,"Jingshan, China",Hard,3,Elias Ymer,Federico Cina,game_handicap,player_a,0.5,0.4815,2.08,,,,,0,100,1900841
2026-10-01 04:30,atp,ATP Challenger,"Jingshan, China",Hard,3,Elias Ymer,Federico Cina,game_handicap,player_b,-0.5,0.5185,1.93,,,,,0,100,1900841
2026-10-01 04:30,atp,ATP Challenger,"Jingshan, China",Hard,3,Michael Zheng,Yanki Erel,winner,player_a,,0.7822,1.28,1.18,0.7923,-1.0,-0.077,0,100,1900495
2026-10-01 04:30,atp,ATP Challenger,"Jingshan, China",Hard,3,Michael Zheng,Yanki Erel,winner,player_b,,0.2178,4.59,4.5,0.2077,1.0,-0.0198,0,100,1900495
2026-10-01 04:30,atp,ATP Challenger,"Jingshan, China",Hard,3,Michael Zheng,Yanki Erel,total_games,over,20.5,0.5144,1.94,1.91,0.4852,2.9,-0.0174,0,100,1900495
2026-10-01 04:30,atp,ATP Challenger,"Jingshan, China",Hard,3,Michael Zheng,Yanki Erel,total_games,under,20.5,0.4856,2.06,1.8,0.5148,-2.9,-0.126,0,100,1900495
2026-10-01 04:30,atp,ATP Challenger,"Jingshan, China",Hard,3,Michael Zheng,Yanki Erel,p1_games,over,12.5,0.4844,2.06,1.94,0.4771,0.7,-0.0602,0,100,1900495
2026-10-01 04:30,atp,ATP Challenger,"Jingshan, China",Hard,3,Michael Zheng,Yanki Erel,p1_games,under,12.5,0.5156,1.94,1.77,0.5229,-0.7,-0.0874,0,100,1900495
2026-10-01 04:30,atp,ATP Challenger,"Jingshan, China",Hard,3,Michael Zheng,Yanki Erel,p2_games,over,8.5,0.5288,1.89,1.9,0.4865,4.2,0.0047,0,100,1900495
2026-10-01 04:30,atp,ATP Challenger,"Jingshan, China",Hard,3,Michael Zheng,Yanki Erel,p2_games,under,8.5,0.4712,2.12,1.8,0.5135,-4.2,-0.1518,0,100,1900495
2026-10-01 04:30,atp,ATP Challenger,"Jingshan, China",Hard,3,Michael Zheng,Yanki Erel,game_handicap,player_a,-3.5,0.6162,1.62,,,,,0,100,1900495
2026-10-01 04:30,atp,ATP Challenger,"Jingshan, China",Hard,3,Michael Zheng,Yanki Erel,game_handicap,player_b,3.5,0.3838,2.61,,,,,0,100,1900495
2026-10-01 04:30,atp,ATP Challenger,"Jingshan, China",Hard,3,Yuta Shimizu,Bernard Tomic,winner,player_a,,0.4095,2.44,2.27,0.4119,-0.2,-0.0703,0,100,1900596
2026-10-01 04:30,atp,ATP Challenger,"Jingshan, China",Hard,3,Yuta Shimizu,Bernard Tomic,winner,player_b,,0.5905,1.69,1.59,0.5881,0.2,-0.0612,0,100,1900596
2026-10-01 04:30,atp,ATP Challenger,"Jingshan, China",Hard,3,Yuta Shimizu,Bernard Tomic,total_games,over,22.5,0.4846,2.06,1.85,0.5013,-1.7,-0.1036,0,100,1900596
2026-10-01 04:30,atp,ATP Challenger,"Jingshan, China",Hard,3,Yuta Shimizu,Bernard Tomic,total_games,under,22.5,0.5154,1.94,1.86,0.4987,1.7,-0.0413,0,100,1900596
2026-10-01 04:30,atp,ATP Challenger,"Jingshan, China",Hard,3,Yuta Shimizu,Bernard Tomic,p1_games,over,12.5,0.4365,2.29,2.04,0.4531,-1.7,-0.1095,0,100,1900596
2026-10-01 04:30,atp,ATP Challenger,"Jingshan, China",Hard,3,Yuta Shimizu,Bernard Tomic,p1_games,under,12.5,0.5635,1.77,1.69,0.5469,1.7,-0.0477,0,100,1900596
2026-10-01 04:30,atp,ATP Challenger,"Jingshan, China",Hard,3,Yuta Shimizu,Bernard Tomic,p2_games,over,12.5,0.5024,1.99,1.77,0.5229,-2.0,-0.1107,0,100,1900596
2026-10-01 04:30,atp,ATP Challenger,"Jingshan, China",Hard,3,Yuta Shimizu,Bernard Tomic,p2_games,under,12.5,0.4976,2.01,1.94,0.4771,2.0,-0.0347,0,100,1900596
2026-10-01 04:30,atp,ATP Challenger,"Jingshan, China",Hard,3,Yuta Shimizu,Bernard Tomic,game_handicap,player_a,1.5,0.4615,2.17,,,,,0,100,1900596
2026-10-01 04:30,atp,ATP Challenger,"Jingshan, China",Hard,3,Yuta Shimizu,Bernard Tomic,game_handicap,player_b,-1.5,0.5385,1.86,,,,,0,100,1900596
2026-10-01 09:00,atp,ATP Challenger,"Mouilleron-Le-Captif, France",Hard,3,Joel Schwaerzler,Harry Wendelken,winner,player_a,,0.438,2.28,2.04,0.4574,-1.9,-0.1065,0,100,1900628
2026-10-01 09:00,atp,ATP Challenger,"Mouilleron-Le-Captif, France",Hard,3,Joel Schwaerzler,Harry Wendelken,winner,player_b,,0.562,1.78,1.72,0.5426,1.9,-0.0334,0,100,1900628
2026-10-01 09:00,atp,ATP Challenger,"Mouilleron-Le-Captif, France",Hard,3,Joel Schwaerzler,Harry Wendelken,total_games,over,22.5,0.4882,2.05,1.82,0.5081,-2.0,-0.1115,0,100,1900628
2026-10-01 09:00,atp,ATP Challenger,"Mouilleron-Le-Captif, France",Hard,3,Joel Schwaerzler,Harry Wendelken,total_games,under,22.5,0.5118,1.95,1.88,0.4919,2.0,-0.0378,0,100,1900628
2026-10-01 09:00,atp,ATP Challenger,"Mouilleron-Le-Captif, France",Hard,3,Joel Schwaerzler,Harry Wendelken,p1_games,over,12.5,0.4499,2.22,1.94,0.4771,-2.7,-0.1272,0,100,1900628
2026-10-01 09:00,atp,ATP Challenger,"Mouilleron-Le-Captif, France",Hard,3,Joel Schwaerzler,Harry Wendelken,p1_games,under,12.5,0.5501,1.82,1.77,0.5229,2.7,-0.0263,0,100,1900628
2026-10-01 09:00,atp,ATP Challenger,"Mouilleron-Le-Captif, France",Hard,3,Joel Schwaerzler,Harry Wendelken,p2_games,over,12.5,0.4948,2.02,1.81,0.5108,-1.6,-0.1044,0,100,1900628
2026-10-01 09:00,atp,ATP Challenger,"Mouilleron-Le-Captif, France",Hard,3,Joel Schwaerzler,Harry Wendelken,p2_games,under,12.5,0.5052,1.98,1.89,0.4892,1.6,-0.0452,0,100,1900628
2026-10-01 09:00,atp,ATP Challenger,"Mouilleron-Le-Captif, France",Hard,3,Joel Schwaerzler,Harry Wendelken,game_handicap,player_a,1.5,0.4909,2.04,,,,,0,100,1900628
2026-10-01 09:00,atp,ATP Challenger,"Mouilleron-Le-Captif, France",Hard,3,Joel Schwaerzler,Harry Wendelken,game_handicap,player_b,-1.5,0.5091,1.96,,,,,0,100,1900628
2026-10-01 10:30,atp,ATP Challenger,"Mouilleron-Le-Captif, France",Hard,3,Henry Bernet,Dominic Stricker,winner,player_a,,0.2739,3.65,2.15,0.4342,-16.0,-0.4112,0,100,1901286
2026-10-01 10:30,atp,ATP Challenger,"Mouilleron-Le-Captif, France",Hard,3,Henry Bernet,Dominic Stricker,winner,player_b,,0.7261,1.38,1.65,0.5658,16.0,0.1981,0,100,1901286
2026-10-01 10:30,atp,ATP Challenger,"Mouilleron-Le-Captif, France",Hard,3,Henry Bernet,Dominic Stricker,total_games,over,22.5,0.47,2.13,,,,,0,100,1901286
2026-10-01 10:30,atp,ATP Challenger,"Mouilleron-Le-Captif, France",Hard,3,Henry Bernet,Dominic Stricker,total_games,under,22.5,0.53,1.89,,,,,0,100,1901286
2026-10-01 10:30,atp,ATP Challenger,"Mouilleron-Le-Captif, France",Hard,3,Henry Bernet,Dominic Stricker,p1_games,over,11.5,0.4801,2.08,,,,,0,100,1901286
2026-10-01 10:30,atp,ATP Challenger,"Mouilleron-Le-Captif, France",Hard,3,Henry Bernet,Dominic Stricker,p1_games,under,11.5,0.5199,1.92,,,,,0,100,1901286
2026-10-01 10:30,atp,ATP Challenger,"Mouilleron-Le-Captif, France",Hard,3,Henry Bernet,Dominic Stricker,p2_games,over,13.5,0.3428,2.92,,,,,0,100,1901286
2026-10-01 10:30,atp,ATP Challenger,"Mouilleron-Le-Captif, France",Hard,3,Henry Bernet,Dominic Stricker,p2_games,under,13.5,0.6572,1.52,,,,,0,100,1901286
2026-10-01 10:30,atp,ATP Challenger,"Mouilleron-Le-Captif, France",Hard,3,Henry Bernet,Dominic Stricker,game_handicap,player_a,3.5,0.4899,2.04,,,,,0,100,1901286
2026-10-01 10:30,atp,ATP Challenger,"Mouilleron-Le-Captif, France",Hard,3,Henry Bernet,Dominic Stricker,game_handicap,player_b,-3.5,0.5101,1.96,,,,,0,100,1901286
2026-10-01 12:00,atp,ATP Challenger,"Mouilleron-Le-Captif, France",Hard,3,Felix Balshaw,Nicolai Budkov Kjaer,winner,player_a,,0.501,2.0,2.36,0.3964,10.5,0.1823,0,100,1900734
2026-10-01 12:00,atp,ATP Challenger,"Mouilleron-Le-Captif, France",Hard,3,Felix Balshaw,Nicolai Budkov Kjaer,winner,player_b,,0.499,2.0,1.55,0.6036,-10.5,-0.2265,0,100,1900734
2026-10-01 12:00,atp,ATP Challenger,"Mouilleron-Le-Captif, France",Hard,3,Felix Balshaw,Nicolai Budkov Kjaer,total_games,over,22.5,0.4927,2.03,1.92,0.4811,1.2,-0.0539,0,100,1900734
2026-10-01 12:00,atp,ATP Challenger,"Mouilleron-Le-Captif, France",Hard,3,Felix Balshaw,Nicolai Budkov Kjaer,total_games,under,22.5,0.5073,1.97,1.78,0.5189,-1.2,-0.0971,0,100,1900734
2026-10-01 12:00,atp,ATP Challenger,"Mouilleron-Le-Captif, France",Hard,3,Felix Balshaw,Nicolai Budkov Kjaer,p1_games,over,11.5,0.677,1.48,1.63,0.5688,10.8,0.1036,0,100,1900734
2026-10-01 12:00,atp,ATP Challenger,"Mouilleron-Le-Captif, France",Hard,3,Felix Balshaw,Nicolai Budkov Kjaer,p1_games,under,11.5,0.323,3.1,2.15,0.4312,-10.8,-0.3056,0,100,1900734
2026-10-01 12:00,atp,ATP Challenger,"Mouilleron-Le-Captif, France",Hard,3,Felix Balshaw,Nicolai Budkov Kjaer,p2_games,over,12.5,0.4761,2.1,1.82,0.5094,-3.3,-0.1335,0,100,1900734
2026-10-01 12:00,atp,ATP Challenger,"Mouilleron-Le-Captif, France",Hard,3,Felix Balshaw,Nicolai Budkov Kjaer,p2_games,under,12.5,0.5239,1.91,1.89,0.4906,3.3,-0.0098,0,100,1900734
2026-10-01 12:00,atp,ATP Challenger,"Mouilleron-Le-Captif, France",Hard,3,Felix Balshaw,Nicolai Budkov Kjaer,game_handicap,player_a,-0.5,0.4834,2.07,,,,,0,100,1900734
2026-10-01 12:00,atp,ATP Challenger,"Mouilleron-Le-Captif, France",Hard,3,Felix Balshaw,Nicolai Budkov Kjaer,game_handicap,player_b,0.5,0.5166,1.94,,,,,0,100,1900734
2026-10-01 14:00,atp,ATP Challenger,"Mouilleron-Le-Captif, France",Hard,3,Clement Chidekh,Ugo Blanchet,winner,player_a,,0.5708,1.75,1.38,0.6776,-10.7,-0.2123,0,100,1900784
2026-10-01 14:00,atp,ATP Challenger,"Mouilleron-Le-Captif, France",Hard,3,Clement Chidekh,Ugo Blanchet,winner,player_b,,0.4292,2.33,2.9,0.3224,10.7,0.2446,0,100,1900784
2026-10-01 14:00,atp,ATP Challenger,"Mouilleron-Le-Captif, France",Hard,3,Clement Chidekh,Ugo Blanchet,total_games,over,21.5,0.5525,1.81,1.74,0.5323,2.0,-0.0386,0,100,1900784
2026-10-01 14:00,atp,ATP Challenger,"Mouilleron-Le-Captif, France",Hard,3,Clement Chidekh,Ugo Blanchet,total_games,under,21.5,0.4475,2.23,1.98,0.4677,-2.0,-0.114,0,100,1900784
2026-10-01 14:00,atp,ATP Challenger,"Mouilleron-Le-Captif, France",Hard,3,Clement Chidekh,Ugo Blanchet,p1_games,over,12.5,0.4881,2.05,1.78,0.5202,-3.2,-0.1312,0,100,1900784
2026-10-01 14:00,atp,ATP Challenger,"Mouilleron-Le-Captif, France",Hard,3,Clement Chidekh,Ugo Blanchet,p1_games,under,12.5,0.5119,1.95,1.93,0.4798,3.2,-0.012,0,100,1900784
2026-10-01 14:00,atp,ATP Challenger,"Mouilleron-Le-Captif, France",Hard,3,Clement Chidekh,Ugo Blanchet,p2_games,over,11.5,0.6099,1.64,1.86,0.4987,11.1,0.1345,0,100,1900784
2026-10-01 14:00,atp,ATP Challenger,"Mouilleron-Le-Captif, France",Hard,3,Clement Chidekh,Ugo Blanchet,p2_games,under,11.5,0.3901,2.56,1.85,0.5013,-11.1,-0.2784,0,100,1900784
2026-10-01 14:00,atp,ATP Challenger,"Mouilleron-Le-Captif, France",Hard,3,Clement Chidekh,Ugo Blanchet,game_handicap,player_a,-1.5,0.5192,1.93,,,,,0,100,1900784
2026-10-01 14:00,atp,ATP Challenger,"Mouilleron-Le-Captif, France",Hard,3,Clement Chidekh,Ugo Blanchet,game_handicap,player_b,1.5,0.4808,2.08,,,,,0,100,1900784
2026-10-01 17:00,atp,ATP Challenger,"Mouilleron-Le-Captif, France",Hard,3,Harold Mayot,Tristan Schoolkate,winner,player_a,,0.6074,1.65,1.58,0.5928,1.5,-0.0402,0,100,1901283
2026-10-01 17:00,atp,ATP Challenger,"Mouilleron-Le-Captif, France",Hard,3,Harold Mayot,Tristan Schoolkate,winner,player_b,,0.3926,2.55,2.3,0.4072,-1.5,-0.0971,0,100,1901283
2026-10-01 17:00,atp,ATP Challenger,"Mouilleron-Le-Captif, France",Hard,3,Harold Mayot,Tristan Schoolkate,total_games,over,22.5,0.4913,2.04,1.76,0.5269,-3.6,-0.1354,0,100,1901283
2026-10-01 17:00,atp,ATP Challenger,"Mouilleron-Le-Captif, France",Hard,3,Harold Mayot,Tristan Schoolkate,total_games,under,22.5,0.5087,1.97,1.96,0.4731,3.6,-0.0029,0,100,1901283
2026-10-01 17:00,atp,ATP Challenger,"Mouilleron-Le-Captif, France",Hard,3,Harold Mayot,Tristan Schoolkate,p1_games,over,12.5,0.5175,1.93,1.68,0.5508,-3.3,-0.1307,0,100,1901283
2026-10-01 17:00,atp,ATP Challenger,"Mouilleron-Le-Captif, France",Hard,3,Harold Mayot,Tristan Schoolkate,p1_games,under,12.5,0.4825,2.07,2.06,0.4492,3.3,-0.006,0,100,1901283
2026-10-01 17:00,atp,ATP Challenger,"Mouilleron-Le-Captif, France",Hard,3,Harold Mayot,Tristan Schoolkate,p2_games,over,12.5,0.4373,2.29,1.95,0.4744,-3.7,-0.1472,0,100,1901283
2026-10-01 17:00,atp,ATP Challenger,"Mouilleron-Le-Captif, France",Hard,3,Harold Mayot,Tristan Schoolkate,p2_games,under,12.5,0.5627,1.78,1.76,0.5256,3.7,-0.0097,0,100,1901283
2026-10-01 17:00,atp,ATP Challenger,"Mouilleron-Le-Captif, France",Hard,3,Harold Mayot,Tristan Schoolkate,game_handicap,player_a,-1.5,0.5552,1.8,,,,,0,100,1901283
2026-10-01 17:00,atp,ATP Challenger,"Mouilleron-Le-Captif, France",Hard,3,Harold Mayot,Tristan Schoolkate,game_handicap,player_b,1.5,0.4448,2.25,,,,,0,100,1901283
2026-10-01 10:00,atp,ATP Challenger,"Porto 2, Portugal",Clay,3,Daniel Rincon,Laslo Djere,winner,player_a,,0.2565,3.9,2.1,0.4444,-18.8,-0.4614,0,97,1900611
2026-10-01 10:00,atp,ATP Challenger,"Porto 2, Portugal",Clay,3,Daniel Rincon,Laslo Djere,winner,player_b,,0.7435,1.34,1.68,0.5556,18.8,0.2491,0,97,1900611
2026-10-01 10:00,atp,ATP Challenger,"Porto 2, Portugal",Clay,3,Daniel Rincon,Laslo Djere,total_games,over,22.5,0.3934,2.54,1.92,0.4825,-8.9,-0.2447,0,97,1900611
2026-10-01 10:00,atp,ATP Challenger,"Porto 2, Portugal",Clay,3,Daniel Rincon,Laslo Djere,total_games,under,22.5,0.6066,1.65,1.79,0.5175,8.9,0.0858,0,97,1900611
2026-10-01 10:00,atp,ATP Challenger,"Porto 2, Portugal",Clay,3,Daniel Rincon,Laslo Djere,p1_games,over,12.5,0.3016,3.32,2.16,0.4286,-12.7,-0.3485,0,97,1900611
2026-10-01 10:00,atp,ATP Challenger,"Porto 2, Portugal",Clay,3,Daniel Rincon,Laslo Djere,p1_games,under,12.5,0.6984,1.43,1.62,0.5714,12.7,0.1314,0,97,1900611
2026-10-01 10:00,atp,ATP Challenger,"Porto 2, Portugal",Clay,3,Daniel Rincon,Laslo Djere,p2_games,over,12.5,0.4603,2.17,1.96,0.4731,-1.3,-0.0978,0,97,1900611
2026-10-01 10:00,atp,ATP Challenger,"Porto 2, Portugal",Clay,3,Daniel Rincon,Laslo Djere,p2_games,under,12.5,0.5397,1.85,1.76,0.5269,1.3,-0.0502,0,97,1900611
2026-10-01 10:00,atp,ATP Challenger,"Porto 2, Portugal",Clay,3,Daniel Rincon,Laslo Djere,game_handicap,player_a,3.5,0.4047,2.47,,,,,0,97,1900611
2026-10-01 10:00,atp,ATP Challenger,"Porto 2, Portugal",Clay,3,Daniel Rincon,Laslo Djere,game_handicap,player_b,-3.5,0.5953,1.68,,,,,0,97,1900611
2026-10-01 10:00,atp,ATP Challenger,"Porto 2, Portugal",Clay,3,Goncalo Marques,David Jorda Sanchis,winner,player_a,,0.251,3.98,2.19,0.4267,-17.6,-0.4502,0,75,1900622
2026-10-01 10:00,atp,ATP Challenger,"Porto 2, Portugal",Clay,3,Goncalo Marques,David Jorda Sanchis,winner,player_b,,0.749,1.34,1.63,0.5733,17.6,0.2208,0,75,1900622
2026-10-01 10:00,atp,ATP Challenger,"Porto 2, Portugal",Clay,3,Goncalo Marques,David Jorda Sanchis,total_games,over,22.5,0.3981,2.51,1.81,0.5121,-11.4,-0.2794,1,75,1900622
2026-10-01 10:00,atp,ATP Challenger,"Porto 2, Portugal",Clay,3,Goncalo Marques,David Jorda Sanchis,total_games,under,22.5,0.6019,1.66,1.9,0.4879,11.4,0.1435,1,75,1900622
2026-10-01 10:00,atp,ATP Challenger,"Porto 2, Portugal",Clay,3,Goncalo Marques,David Jorda Sanchis,p1_games,over,12.5,0.3056,3.27,2.07,0.448,-14.2,-0.3674,1,75,1900622
2026-10-01 10:00,atp,ATP Challenger,"Porto 2, Portugal",Clay,3,Goncalo Marques,David Jorda Sanchis,p1_games,under,12.5,0.6944,1.44,1.68,0.552,14.2,0.1666,1,75,1900622
2026-10-01 10:00,atp,ATP Challenger,"Porto 2, Portugal",Clay,3,Goncalo Marques,David Jorda Sanchis,p2_games,over,12.5,0.4702,2.13,1.83,0.5054,-3.5,-0.1395,1,75,1900622
2026-10-01 10:00,atp,ATP Challenger,"Porto 2, Portugal",Clay,3,Goncalo Marques,David Jorda Sanchis,p2_games,under,12.5,0.5298,1.89,1.87,0.4946,3.5,-0.0093,1,75,1900622
2026-10-01 10:00,atp,ATP Challenger,"Porto 2, Portugal",Clay,3,Goncalo Marques,David Jorda Sanchis,game_handicap,player_a,3.5,0.4056,2.47,,,,,1,75,1900622
2026-10-01 10:00,atp,ATP Challenger,"Porto 2, Portugal",Clay,3,Goncalo Marques,David Jorda Sanchis,game_handicap,player_b,-3.5,0.5944,1.68,,,,,1,75,1900622
2026-10-01 10:00,atp,ATP Challenger,"Porto 2, Portugal",Clay,3,Toby Samuel,Jerome Kym,winner,player_a,,0.4421,2.26,1.42,0.6553,-21.3,-0.3722,0,94,1900725
2026-10-01 10:00,atp,ATP Challenger,"Porto 2, Portugal",Clay,3,Toby Samuel,Jerome Kym,winner,player_b,,0.5579,1.79,2.7,0.3447,21.3,0.5063,0,94,1900725
2026-10-01 10:00,atp,ATP Challenger,"Porto 2, Portugal",Clay,3,Toby Samuel,Jerome Kym,total_games,over,22.5,0.4759,2.1,1.98,0.4677,0.8,-0.0578,0,94,1900725
2026-10-01 10:00,atp,ATP Challenger,"Porto 2, Portugal",Clay,3,Toby Samuel,Jerome Kym,total_games,under,22.5,0.5241,1.91,1.74,0.5323,-0.8,-0.088,0,94,1900725
2026-10-01 10:00,atp,ATP Challenger,"Porto 2, Portugal",Clay,3,Toby Samuel,Jerome Kym,p1_games,over,12.5,0.4377,2.28,1.88,0.4919,-5.4,-0.1771,0,94,1900725
2026-10-01 10:00,atp,ATP Challenger,"Porto 2, Portugal",Clay,3,Toby Samuel,Jerome Kym,p1_games,under,12.5,0.5623,1.78,1.82,0.5081,5.4,0.0234,0,94,1900725
2026-10-01 10:00,atp,ATP Challenger,"Porto 2, Portugal",Clay,3,Toby Samuel,Jerome Kym,p2_games,over,11.5,0.7173,1.39,1.86,0.4987,21.9,0.3342,0,94,1900725
2026-10-01 10:00,atp,ATP Challenger,"Porto 2, Portugal",Clay,3,Toby Samuel,Jerome Kym,p2_games,under,11.5,0.2827,3.54,1.85,0.5013,-21.9,-0.477,0,94,1900725
2026-10-01 10:00,atp,ATP Challenger,"Porto 2, Portugal",Clay,3,Toby Samuel,Jerome Kym,game_handicap,player_a,1.5,0.4924,2.03,,,,,0,94,1900725
2026-10-01 10:00,atp,ATP Challenger,"Porto 2, Portugal",Clay,3,Toby Samuel,Jerome Kym,game_handicap,player_b,-1.5,0.5076,1.97,,,,,0,94,1900725
2026-10-01 11:30,atp,ATP Challenger,"Porto 2, Portugal",Clay,3,Edas Butvilas,Moez Echargui,winner,player_a,,0.6446,1.55,1.45,0.642,0.3,-0.0653,0,97,1901795
2026-10-01 11:30,atp,ATP Challenger,"Porto 2, Portugal",Clay,3,Edas Butvilas,Moez Echargui,winner,player_b,,0.3554,2.81,2.6,0.358,-0.3,-0.0761,0,97,1901795
2026-10-01 11:30,atp,ATP Challenger,"Porto 2, Portugal",Clay,3,Edas Butvilas,Moez Echargui,total_games,over,22.5,0.445,2.25,1.87,0.496,-5.1,-0.1678,0,97,1901795
2026-10-01 11:30,atp,ATP Challenger,"Porto 2, Portugal",Clay,3,Edas Butvilas,Moez Echargui,total_games,under,22.5,0.555,1.8,1.84,0.504,5.1,0.0211,0,97,1901795
2026-10-01 11:30,atp,ATP Challenger,"Porto 2, Portugal",Clay,3,Edas Butvilas,Moez Echargui,p1_games,over,12.5,0.4783,2.09,1.71,0.5416,-6.3,-0.182,0,97,1901795
2026-10-01 11:30,atp,ATP Challenger,"Porto 2, Portugal",Clay,3,Edas Butvilas,Moez Echargui,p1_games,under,12.5,0.5217,1.92,2.02,0.4584,6.3,0.0537,0,97,1901795
2026-10-01 11:30,atp,ATP Challenger,"Porto 2, Portugal",Clay,3,Edas Butvilas,Moez Echargui,p2_games,over,11.5,0.5267,1.9,1.69,0.5469,-2.0,-0.1099,0,97,1901795
2026-10-01 11:30,atp,ATP Challenger,"Porto 2, Portugal",Clay,3,Edas Butvilas,Moez Echargui,p2_games,under,11.5,0.4733,2.11,2.04,0.4531,2.0,-0.0344,0,97,1901795
2026-10-01 11:30,atp,ATP Challenger,"Porto 2, Portugal",Clay,3,Edas Butvilas,Moez Echargui,game_handicap,player_a,-2.5,0.5519,1.81,,,,,0,97,1901795
2026-10-01 11:30,atp,ATP Challenger,"Porto 2, Portugal",Clay,3,Edas Butvilas,Moez Echargui,game_handicap,player_b,2.5,0.4481,2.23,,,,,0,97,1901795
2026-10-01 11:30,atp,ATP Challenger,"Porto 2, Portugal",Clay,3,Inaki Montes,Jacob Fearnley,winner,player_a,,0.2137,4.68,,,,,0,69,1901754
2026-10-01 11:30,atp,ATP Challenger,"Porto 2, Portugal",Clay,3,Inaki Montes,Jacob Fearnley,winner,player_b,,0.7863,1.27,,,,,0,69,1901754
2026-10-01 11:30,atp,ATP Challenger,"Porto 2, Portugal",Clay,3,Inaki Montes,Jacob Fearnley,total_games,over,20.5,0.4676,2.14,,,,,1,69,1901754
2026-10-01 11:30,atp,ATP Challenger,"Porto 2, Portugal",Clay,3,Inaki Montes,Jacob Fearnley,total_games,under,20.5,0.5324,1.88,,,,,1,69,1901754
2026-10-01 11:30,atp,ATP Challenger,"Porto 2, Portugal",Clay,3,Inaki Montes,Jacob Fearnley,p1_games,over,8.5,0.4901,2.04,,,,,1,69,1901754
2026-10-01 11:30,atp,ATP Challenger,"Porto 2, Portugal",Clay,3,Inaki Montes,Jacob Fearnley,p1_games,under,8.5,0.5099,1.96,,,,,1,69,1901754
2026-10-01 11:30,atp,ATP Challenger,"Porto 2, Portugal",Clay,3,Inaki Montes,Jacob Fearnley,p2_games,over,12.5,0.444,2.25,,,,,1,69,1901754
2026-10-01 11:30,atp,ATP Challenger,"Porto 2, Portugal",Clay,3,Inaki Montes,Jacob Fearnley,p2_games,under,12.5,0.556,1.8,,,,,1,69,1901754
2026-10-01 11:30,atp,ATP Challenger,"Porto 2, Portugal",Clay,3,Inaki Montes,Jacob Fearnley,game_handicap,player_a,4.5,0.4516,2.21,,,,,1,69,1901754
2026-10-01 11:30,atp,ATP Challenger,"Porto 2, Portugal",Clay,3,Inaki Montes,Jacob Fearnley,game_handicap,player_b,-4.5,0.5484,1.82,,,,,1,69,1901754
2026-10-01 12:00,atp,ATP Challenger,"Porto 2, Portugal",Clay,3,Mili Poljicak,Henrique Rocha,winner,player_a,,0.3259,3.07,3.6,0.2593,6.7,0.1734,0,97,1900735
2026-10-01 12:00,atp,ATP Challenger,"Porto 2, Portugal",Clay,3,Mili Poljicak,Henrique Rocha,winner,player_b,,0.6741,1.48,1.26,0.7407,-6.7,-0.1507,0,97,1900735
2026-10-01 12:00,atp,ATP Challenger,"Porto 2, Portugal",Clay,3,Mili Poljicak,Henrique Rocha,total_games,over,20.5,0.5404,1.85,1.78,0.5215,1.9,-0.0381,0,97,1900735
2026-10-01 12:00,atp,ATP Challenger,"Porto 2, Portugal",Clay,3,Mili Poljicak,Henrique Rocha,total_games,under,20.5,0.4596,2.18,1.94,0.4785,-1.9,-0.1084,0,97,1900735
2026-10-01 12:00,atp,ATP Challenger,"Porto 2, Portugal",Clay,3,Mili Poljicak,Henrique Rocha,p1_games,over,9.5,0.5678,1.76,1.93,0.4798,8.8,0.0959,0,97,1900735
2026-10-01 12:00,atp,ATP Challenger,"Porto 2, Portugal",Clay,3,Mili Poljicak,Henrique Rocha,p1_games,under,9.5,0.4322,2.31,1.78,0.5202,-8.8,-0.2307,0,97,1900735
2026-10-01 12:00,atp,ATP Challenger,"Porto 2, Portugal",Clay,3,Mili Poljicak,Henrique Rocha,p2_games,over,12.5,0.4691,2.13,1.94,0.4771,-0.8,-0.0898,0,97,1900735
2026-10-01 12:00,atp,ATP Challenger,"Porto 2, Portugal",Clay,3,Mili Poljicak,Henrique Rocha,p2_games,under,12.5,0.5309,1.88,1.77,0.5229,0.8,-0.0604,0,97,1900735
2026-10-01 12:00,atp,ATP Challenger,"Porto 2, Portugal",Clay,3,Mili Poljicak,Henrique Rocha,game_handicap,player_a,3.5,0.4824,2.07,,,,,0,97,1900735
2026-10-01 12:00,atp,ATP Challenger,"Porto 2, Portugal",Clay,3,Mili Poljicak,Henrique Rocha,game_handicap,player_b,-3.5,0.5176,1.93,,,,,0,97,1900735
2026-10-01 13:00,atp,ATP Challenger,"Porto 2, Portugal",Clay,3,August Holmgren,Andrea Guerrieri,winner,player_a,,0.3675,2.72,2.23,0.4193,-5.2,-0.1804,0,97,1900626
2026-10-01 13:00,atp,ATP Challenger,"Porto 2, Portugal",Clay,3,August Holmgren,Andrea Guerrieri,winner,player_b,,0.6325,1.58,1.61,0.5807,5.2,0.0183,0,97,1900626
2026-10-01 13:00,atp,ATP Challenger,"Porto 2, Portugal",Clay,3,August Holmgren,Andrea Guerrieri,total_games,over,22.5,0.4502,2.22,1.88,0.4933,-4.3,-0.1536,0,97,1900626
2026-10-01 13:00,atp,ATP Challenger,"Porto 2, Portugal",Clay,3,August Holmgren,Andrea Guerrieri,total_games,under,22.5,0.5498,1.82,1.83,0.5067,4.3,0.0061,0,97,1900626
2026-10-01 13:00,atp,ATP Challenger,"Porto 2, Portugal",Clay,3,August Holmgren,Andrea Guerrieri,p1_games,over,12.5,0.3874,2.58,2.15,0.4297,-4.2,-0.1671,0,97,1900626
2026-10-01 13:00,atp,ATP Challenger,"Porto 2, Portugal",Clay,3,August Holmgren,Andrea Guerrieri,p1_games,under,12.5,0.6126,1.63,1.62,0.5703,4.2,-0.0076,0,97,1900626
2026-10-01 13:00,atp,ATP Challenger,"Porto 2, Portugal",Clay,3,August Holmgren,Andrea Guerrieri,p2_games,over,12.5,0.4789,2.09,1.88,0.4933,-1.4,-0.0997,0,97,1900626
2026-10-01 13:00,atp,ATP Challenger,"Porto 2, Portugal",Clay,3,August Holmgren,Andrea Guerrieri,p2_games,under,12.5,0.5211,1.92,1.83,0.5067,1.4,-0.0463,0,97,1900626
2026-10-01 13:00,atp,ATP Challenger,"Porto 2, Portugal",Clay,3,August Holmgren,Andrea Guerrieri,game_handicap,player_a,2.5,0.4624,2.16,,,,,0,97,1900626
2026-10-01 13:00,atp,ATP Challenger,"Porto 2, Portugal",Clay,3,August Holmgren,Andrea Guerrieri,game_handicap,player_b,-2.5,0.5376,1.86,,,,,0,97,1900626
2026-10-01 13:30,atp,ATP Challenger,"Porto 2, Portugal",Clay,3,Tiago Pereira,Hugo Grenier,winner,player_a,,0.4042,2.47,2.19,0.4267,-2.3,-0.1148,0,97,1901396
2026-10-01 13:30,atp,ATP Challenger,"Porto 2, Portugal",Clay,3,Tiago Pereira,Hugo Grenier,winner,player_b,,0.5958,1.68,1.63,0.5733,2.3,-0.0288,0,97,1901396
2026-10-01 13:30,atp,ATP Challenger,"Porto 2, Portugal",Clay,3,Tiago Pereira,Hugo Grenier,total_games,over,22.5,0.4529,2.21,1.95,0.4744,-2.1,-0.1168,0,97,1901396
2026-10-01 13:30,atp,ATP Challenger,"Porto 2, Portugal",Clay,3,Tiago Pereira,Hugo Grenier,total_games,under,22.5,0.5471,1.83,1.76,0.5256,2.1,-0.0371,0,97,1901396
2026-10-01 13:30,atp,ATP Challenger,"Porto 2, Portugal",Clay,3,Tiago Pereira,Hugo Grenier,p1_games,over,11.5,0.5726,1.75,1.6,0.5789,-0.6,-0.0838,0,97,1901396
2026-10-01 13:30,atp,ATP Challenger,"Porto 2, Portugal",Clay,3,Tiago Pereira,Hugo Grenier,p1_games,under,11.5,0.4274,2.34,2.2,0.4211,0.6,-0.0598,0,97,1901396
2026-10-01 13:30,atp,ATP Challenger,"Porto 2, Portugal",Clay,3,Tiago Pereira,Hugo Grenier,p2_games,over,12.5,0.4663,2.14,1.97,0.4704,-0.4,-0.0813,0,97,1901396
2026-10-01 13:30,atp,ATP Challenger,"Porto 2, Portugal",Clay,3,Tiago Pereira,Hugo Grenier,p2_games,under,12.5,0.5337,1.87,1.75,0.5296,0.4,-0.0661,0,97,1901396
2026-10-01 13:30,atp,ATP Challenger,"Porto 2, Portugal",Clay,3,Tiago Pereira,Hugo Grenier,game_handicap,player_a,2.5,0.4979,2.01,,,,,0,97,1901396
2026-10-01 13:30,atp,ATP Challenger,"Porto 2, Portugal",Clay,3,Tiago Pereira,Hugo Grenier,game_handicap,player_b,-2.5,0.5021,1.99,,,,,0,97,1901396
2026-10-01 10:30,wta,WTA,"Adana, Turkiye",N/A,3,Lois Boisson,Anna Blinkova,winner,player_a,,0.4947,2.02,2.22,0.4204,7.4,0.0983,0,88,1901284
2026-10-01 10:30,wta,WTA,"Adana, Turkiye",N/A,3,Lois Boisson,Anna Blinkova,winner,player_b,,0.5053,1.98,1.61,0.5796,-7.4,-0.1865,0,88,1901284
2026-10-01 10:30,wta,WTA,"Adana, Turkiye",N/A,3,Lois Boisson,Anna Blinkova,total_games,over,21.5,0.4561,2.19,,,,,0,88,1901284
2026-10-01 10:30,wta,WTA,"Adana, Turkiye",N/A,3,Lois Boisson,Anna Blinkova,total_games,under,21.5,0.5439,1.84,,,,,0,88,1901284
2026-10-01 10:30,wta,WTA,"Adana, Turkiye",N/A,3,Lois Boisson,Anna Blinkova,p1_games,over,12.5,0.3805,2.63,,,,,0,88,1901284
2026-10-01 10:30,wta,WTA,"Adana, Turkiye",N/A,3,Lois Boisson,Anna Blinkova,p1_games,under,12.5,0.6195,1.61,,,,,0,88,1901284
2026-10-01 10:30,wta,WTA,"Adana, Turkiye",N/A,3,Lois Boisson,Anna Blinkova,p2_games,over,12.5,0.3839,2.61,,,,,0,88,1901284
2026-10-01 10:30,wta,WTA,"Adana, Turkiye",N/A,3,Lois Boisson,Anna Blinkova,p2_games,under,12.5,0.6161,1.62,,,,,0,88,1901284
2026-10-01 10:30,wta,WTA,"Adana, Turkiye",N/A,3,Lois Boisson,Anna Blinkova,game_handicap,player_a,-0.5,0.4813,2.08,,,,,0,88,1901284
2026-10-01 10:30,wta,WTA,"Adana, Turkiye",N/A,3,Lois Boisson,Anna Blinkova,game_handicap,player_b,0.5,0.5187,1.93,,,,,0,88,1901284
2026-10-01 03:00,wta,WTA Challenger,"Jingshan, China",Hard,3,Alevtina Ibragimova,Kyoka Okamura,winner,player_a,,0.6368,1.57,1.3,0.7204,-8.4,-0.1721,0,91,1900517
2026-10-01 03:00,wta,WTA Challenger,"Jingshan, China",Hard,3,Alevtina Ibragimova,Kyoka Okamura,winner,player_b,,0.3632,2.75,3.35,0.2796,8.4,0.2166,0,91,1900517
2026-10-01 03:00,wta,WTA Challenger,"Jingshan, China",Hard,3,Alevtina Ibragimova,Kyoka Okamura,total_games,over,19.5,0.5563,1.8,1.75,0.5296,2.7,-0.0264,1,91,1900517
2026-10-01 03:00,wta,WTA Challenger,"Jingshan, China",Hard,3,Alevtina Ibragimova,Kyoka Okamura,total_games,under,19.5,0.4437,2.25,1.97,0.4704,-2.7,-0.126,1,91,1900517
2026-10-01 03:00,wta,WTA Challenger,"Jingshan, China",Hard,3,Alevtina Ibragimova,Kyoka Okamura,p1_games,over,12.5,0.412,2.43,2.34,0.3953,1.7,-0.0359,1,91,1900517
2026-10-01 03:00,wta,WTA Challenger,"Jingshan, China",Hard,3,Alevtina Ibragimova,Kyoka Okamura,p1_games,under,12.5,0.588,1.7,1.53,0.6047,-1.7,-0.1004,1,91,1900517
2026-10-01 03:00,wta,WTA Challenger,"Jingshan, China",Hard,3,Alevtina Ibragimova,Kyoka Okamura,p2_games,over,8.5,0.6139,1.63,1.91,0.4838,13.0,0.1725,1,91,1900517
2026-10-01 03:00,wta,WTA Challenger,"Jingshan, China",Hard,3,Alevtina Ibragimova,Kyoka Okamura,p2_games,under,8.5,0.3861,2.59,1.79,0.5162,-13.0,-0.3089,1,91,1900517
2026-10-01 03:00,wta,WTA Challenger,"Jingshan, China",Hard,3,Alevtina Ibragimova,Kyoka Okamura,game_handicap,player_a,-3.5,0.5036,1.99,,,,,1,91,1900517
2026-10-01 03:00,wta,WTA Challenger,"Jingshan, China",Hard,3,Alevtina Ibragimova,Kyoka Okamura,game_handicap,player_b,3.5,0.4964,2.01,,,,,1,91,1900517
2026-10-01 03:00,wta,WTA Challenger,"Jingshan, China",Hard,3,Sofya Lansere,Sofia Costoulas,winner,player_a,,0.4757,2.1,3.35,0.2796,19.6,0.5936,0,91,1900571
2026-10-01 03:00,wta,WTA Challenger,"Jingshan, China",Hard,3,Sofya Lansere,Sofia Costoulas,winner,player_b,,0.5243,1.91,1.3,0.7204,-19.6,-0.3184,0,91,1900571
2026-10-01 03:00,wta,WTA Challenger,"Jingshan, China",Hard,3,Sofya Lansere,Sofia Costoulas,total_games,over,19.5,0.5634,1.77,1.75,0.5296,3.4,-0.014,1,91,1900571
2026-10-01 03:00,wta,WTA Challenger,"Jingshan, China",Hard,3,Sofya Lansere,Sofia Costoulas,total_games,under,19.5,0.4366,2.29,1.97,0.4704,-3.4,-0.14,1,91,1900571
2026-10-01 03:00,wta,WTA Challenger,"Jingshan, China",Hard,3,Sofya Lansere,Sofia Costoulas,p1_games,over,8.5,0.7027,1.42,1.9,0.4879,21.5,0.3352,1,91,1900571
2026-10-01 03:00,wta,WTA Challenger,"Jingshan, China",Hard,3,Sofya Lansere,Sofia Costoulas,p1_games,under,8.5,0.2973,3.36,1.81,0.5121,-21.5,-0.4619,1,91,1900571
2026-10-01 03:00,wta,WTA Challenger,"Jingshan, China",Hard,3,Sofya Lansere,Sofia Costoulas,p2_games,over,12.5,0.3863,2.59,2.31,0.4,-1.4,-0.1077,1,91,1900571
2026-10-01 03:00,wta,WTA Challenger,"Jingshan, China",Hard,3,Sofya Lansere,Sofia Costoulas,p2_games,under,12.5,0.6137,1.63,1.54,0.6,1.4,-0.0548,1,91,1900571
2026-10-01 03:00,wta,WTA Challenger,"Jingshan, China",Hard,3,Sofya Lansere,Sofia Costoulas,game_handicap,player_a,0.5,0.4877,2.05,,,,,1,91,1900571
2026-10-01 03:00,wta,WTA Challenger,"Jingshan, China",Hard,3,Sofya Lansere,Sofia Costoulas,game_handicap,player_b,-0.5,0.5123,1.95,,,,,1,91,1900571
2026-10-01 06:00,wta,WTA Challenger,"Jingshan, China",Hard,3,Jessica Bouzas Maneiro,Yuhan Wang,winner,player_a,,0.6273,1.59,1.06,0.8804,-25.3,-0.3351,0,78,1900624
2026-10-01 06:00,wta,WTA Challenger,"Jingshan, China",Hard,3,Jessica Bouzas Maneiro,Yuhan Wang,winner,player_b,,0.3727,2.68,7.8,0.1196,25.3,1.9071,0,78,1900624
2026-10-01 06:00,wta,WTA Challenger,"Jingshan, China",Hard,3,Jessica Bouzas Maneiro,Yuhan Wang,total_games,over,17.5,0.7035,1.42,1.84,0.504,19.9,0.2944,1,78,1900624
2026-10-01 06:00,wta,WTA Challenger,"Jingshan, China",Hard,3,Jessica Bouzas Maneiro,Yuhan Wang,total_games,under,17.5,0.2965,3.37,1.87,0.496,-19.9,-0.4455,1,78,1900624
2026-10-01 06:00,wta,WTA Challenger,"Jingshan, China",Hard,3,Jessica Bouzas Maneiro,Yuhan Wang,p1_games,over,12.5,0.401,2.49,2.85,0.3246,7.6,0.1428,1,78,1900624
2026-10-01 06:00,wta,WTA Challenger,"Jingshan, China",Hard,3,Jessica Bouzas Maneiro,Yuhan Wang,p1_games,under,12.5,0.599,1.67,1.37,0.6754,-7.6,-0.1793,1,78,1900624
2026-10-01 06:00,wta,WTA Challenger,"Jingshan, China",Hard,3,Jessica Bouzas Maneiro,Yuhan Wang,p2_games,over,5.5,0.7861,1.27,1.83,0.5054,28.1,0.4385,1,78,1900624
2026-10-01 06:00,wta,WTA Challenger,"Jingshan, China",Hard,3,Jessica Bouzas Maneiro,Yuhan Wang,p2_games,under,5.5,0.2139,4.67,1.87,0.4946,-28.1,-0.6,1,78,1900624
2026-10-01 06:00,wta,WTA Challenger,"Jingshan, China",Hard,3,Jessica Bouzas Maneiro,Yuhan Wang,game_handicap,player_a,-2.5,0.553,1.81,,,,,1,78,1900624
2026-10-01 06:00,wta,WTA Challenger,"Jingshan, China",Hard,3,Jessica Bouzas Maneiro,Yuhan Wang,game_handicap,player_b,2.5,0.447,2.24,,,,,1,78,1900624
2026-10-01 07:30,wta,WTA Challenger,"Jingshan, China",Hard,3,Aliona Falei,Kristiana Sidorova,winner,player_a,,0.4655,2.15,1.57,0.5943,-12.9,-0.2691,0,78,1900486
2026-10-01 07:30,wta,WTA Challenger,"Jingshan, China",Hard,3,Aliona Falei,Kristiana Sidorova,winner,player_b,,0.5345,1.87,2.3,0.4057,12.9,0.2293,0,78,1900486
2026-10-01 07:30,wta,WTA Challenger,"Jingshan, China",Hard,3,Aliona Falei,Kristiana Sidorova,total_games,over,21.5,0.4629,2.16,1.92,0.4811,-1.8,-0.1113,1,78,1900486
2026-10-01 07:30,wta,WTA Challenger,"Jingshan, China",Hard,3,Aliona Falei,Kristiana Sidorova,total_games,under,21.5,0.5371,1.86,1.78,0.5189,1.8,-0.0439,1,78,1900486
2026-10-01 07:30,wta,WTA Challenger,"Jingshan, China",Hard,3,Aliona Falei,Kristiana Sidorova,p1_games,over,12.5,0.3783,2.64,2.18,0.4248,-4.7,-0.1753,1,78,1900486
2026-10-01 07:30,wta,WTA Challenger,"Jingshan, China",Hard,3,Aliona Falei,Kristiana Sidorova,p1_games,under,12.5,0.6217,1.61,1.61,0.5752,4.7,0.001,1,78,1900486
2026-10-01 07:30,wta,WTA Challenger,"Jingshan, China",Hard,3,Aliona Falei,Kristiana Sidorova,p2_games,over,11.5,0.6652,1.5,1.74,0.5323,13.3,0.1574,1,78,1900486
2026-10-01 07:30,wta,WTA Challenger,"Jingshan, China",Hard,3,Aliona Falei,Kristiana Sidorova,p2_games,under,11.5,0.3348,2.99,1.98,0.4677,-13.3,-0.337,1,78,1900486
2026-10-01 07:30,wta,WTA Challenger,"Jingshan, China",Hard,3,Aliona Falei,Kristiana Sidorova,game_handicap,player_a,0.5,0.4787,2.09,,,,,1,78,1900486
2026-10-01 07:30,wta,WTA Challenger,"Jingshan, China",Hard,3,Aliona Falei,Kristiana Sidorova,game_handicap,player_b,-0.5,0.5213,1.92,,,,,1,78,1900486
