start_utc,tour,category,tournament,surface,best_of,player_a,player_b,market,selection,line,model_probability,fair_odds,bookmaker_odds,implied_fair,edge_pp,ev,low_confidence,data_quality,match_id
2026-10-07 19:55,atp,ATP Challenger,"Antofagasta, Chile",Clay,3,Nick Hardt,Felipe Meligeni Rodrigues Alves,winner,player_a,,0.3684,2.71,,,,,0,88,1903714
2026-10-07 19:55,atp,ATP Challenger,"Antofagasta, Chile",Clay,3,Nick Hardt,Felipe Meligeni Rodrigues Alves,winner,player_b,,0.6316,1.58,,,,,0,88,1903714
2026-10-07 19:55,atp,ATP Challenger,"Antofagasta, Chile",Clay,3,Nick Hardt,Felipe Meligeni Rodrigues Alves,total_games,over,21.5,0.498,2.01,,,,,0,88,1903714
2026-10-07 19:55,atp,ATP Challenger,"Antofagasta, Chile",Clay,3,Nick Hardt,Felipe Meligeni Rodrigues Alves,total_games,under,21.5,0.502,1.99,,,,,0,88,1903714
2026-10-07 19:55,atp,ATP Challenger,"Antofagasta, Chile",Clay,3,Nick Hardt,Felipe Meligeni Rodrigues Alves,p1_games,over,12.5,0.3721,2.69,,,,,0,88,1903714
2026-10-07 19:55,atp,ATP Challenger,"Antofagasta, Chile",Clay,3,Nick Hardt,Felipe Meligeni Rodrigues Alves,p1_games,under,12.5,0.6279,1.59,,,,,0,88,1903714
2026-10-07 19:55,atp,ATP Challenger,"Antofagasta, Chile",Clay,3,Nick Hardt,Felipe Meligeni Rodrigues Alves,p2_games,over,12.5,0.461,2.17,,,,,0,88,1903714
2026-10-07 19:55,atp,ATP Challenger,"Antofagasta, Chile",Clay,3,Nick Hardt,Felipe Meligeni Rodrigues Alves,p2_games,under,12.5,0.539,1.86,,,,,0,88,1903714
2026-10-07 19:55,atp,ATP Challenger,"Antofagasta, Chile",Clay,3,Nick Hardt,Felipe Meligeni Rodrigues Alves,game_handicap,player_a,2.5,0.4574,2.19,,,,,0,88,1903714
2026-10-07 19:55,atp,ATP Challenger,"Antofagasta, Chile",Clay,3,Nick Hardt,Felipe Meligeni Rodrigues Alves,game_handicap,player_b,-2.5,0.5426,1.84,,,,,0,88,1903714
2026-10-08 04:00,atp,ATP 1000,Shanghai Rolex Masters,Hard,3,Camilo Ugo Carabelli,Ilia Simakin,winner,player_a,,0.3982,2.51,2.8,0.3427,5.5,0.1148,0,100,1903700
2026-10-08 04:00,atp,ATP 1000,Shanghai Rolex Masters,Hard,3,Camilo Ugo Carabelli,Ilia Simakin,winner,player_b,,0.6018,1.66,1.46,0.6573,-5.5,-0.1213,0,100,1903700
2026-10-08 04:00,atp,ATP 1000,Shanghai Rolex Masters,Hard,3,Camilo Ugo Carabelli,Ilia Simakin,total_games,over,19.5,0.679,1.47,1.38,0.692,-1.3,-0.063,0,100,1903700
2026-10-08 04:00,atp,ATP 1000,Shanghai Rolex Masters,Hard,3,Camilo Ugo Carabelli,Ilia Simakin,total_games,under,19.5,0.321,3.12,3.1,0.308,1.3,-0.0048,0,100,1903700
2026-10-08 04:00,atp,ATP 1000,Shanghai Rolex Masters,Hard,3,Camilo Ugo Carabelli,Ilia Simakin,total_games,over,20.5,0.6019,1.66,1.55,0.6144,-1.3,-0.0671,0,100,1903700
2026-10-08 04:00,atp,ATP 1000,Shanghai Rolex Masters,Hard,3,Camilo Ugo Carabelli,Ilia Simakin,total_games,under,20.5,0.3981,2.51,2.47,0.3856,1.3,-0.0167,0,100,1903700
2026-10-08 04:00,atp,ATP 1000,Shanghai Rolex Masters,Hard,3,Camilo Ugo Carabelli,Ilia Simakin,total_games,over,21.5,0.5485,1.82,1.7,0.5607,-1.2,-0.0675,0,100,1903700
2026-10-08 04:00,atp,ATP 1000,Shanghai Rolex Masters,Hard,3,Camilo Ugo Carabelli,Ilia Simakin,total_games,under,21.5,0.4515,2.22,2.17,0.4393,1.2,-0.0203,0,100,1903700
2026-10-08 04:00,atp,ATP 1000,Shanghai Rolex Masters,Hard,3,Camilo Ugo Carabelli,Ilia Simakin,total_games,over,22.5,0.475,2.11,1.96,0.4856,-1.1,-0.0689,0,100,1903700
2026-10-08 04:00,atp,ATP 1000,Shanghai Rolex Masters,Hard,3,Camilo Ugo Carabelli,Ilia Simakin,total_games,under,22.5,0.525,1.9,1.85,0.5144,1.1,-0.0288,0,100,1903700
2026-10-08 04:00,atp,ATP 1000,Shanghai Rolex Masters,Hard,3,Camilo Ugo Carabelli,Ilia Simakin,total_games,over,23.5,0.4231,2.36,2.22,0.4293,-0.6,-0.0608,0,100,1903700
2026-10-08 04:00,atp,ATP 1000,Shanghai Rolex Masters,Hard,3,Camilo Ugo Carabelli,Ilia Simakin,total_games,under,23.5,0.5769,1.73,1.67,0.5707,0.6,-0.0365,0,100,1903700
2026-10-08 04:00,atp,ATP 1000,Shanghai Rolex Masters,Hard,3,Camilo Ugo Carabelli,Ilia Simakin,total_games,over,24.5,0.4093,2.44,2.29,0.4158,-0.7,-0.0627,0,100,1903700
2026-10-08 04:00,atp,ATP 1000,Shanghai Rolex Masters,Hard,3,Camilo Ugo Carabelli,Ilia Simakin,total_games,under,24.5,0.5907,1.69,1.63,0.5842,0.7,-0.0372,0,100,1903700
2026-10-08 04:00,atp,ATP 1000,Shanghai Rolex Masters,Hard,3,Camilo Ugo Carabelli,Ilia Simakin,total_games,over,25.5,0.375,2.67,2.49,0.3821,-0.7,-0.0662,0,100,1903700
2026-10-08 04:00,atp,ATP 1000,Shanghai Rolex Masters,Hard,3,Camilo Ugo Carabelli,Ilia Simakin,total_games,under,25.5,0.625,1.6,1.54,0.6179,0.7,-0.0376,0,100,1903700
2026-10-08 04:00,atp,ATP 1000,Shanghai Rolex Masters,Hard,3,Camilo Ugo Carabelli,Ilia Simakin,p1_games,over,10.5,0.6137,1.63,1.64,0.5696,4.4,0.0065,0,100,1903700
2026-10-08 04:00,atp,ATP 1000,Shanghai Rolex Masters,Hard,3,Camilo Ugo Carabelli,Ilia Simakin,p1_games,under,10.5,0.3863,2.59,2.17,0.4304,-4.4,-0.1618,0,100,1903700
2026-10-08 04:00,atp,ATP 1000,Shanghai Rolex Masters,Hard,3,Camilo Ugo Carabelli,Ilia Simakin,p1_games,over,11.5,0.5809,1.72,1.75,0.5346,4.6,0.0166,0,100,1903700
2026-10-08 04:00,atp,ATP 1000,Shanghai Rolex Masters,Hard,3,Camilo Ugo Carabelli,Ilia Simakin,p1_games,under,11.5,0.4191,2.39,2.01,0.4654,-4.6,-0.1576,0,100,1903700
2026-10-08 04:00,atp,ATP 1000,Shanghai Rolex Masters,Hard,3,Camilo Ugo Carabelli,Ilia Simakin,p1_games,over,12.5,0.4227,2.37,2.28,0.4093,1.3,-0.0362,0,100,1903700
2026-10-08 04:00,atp,ATP 1000,Shanghai Rolex Masters,Hard,3,Camilo Ugo Carabelli,Ilia Simakin,p1_games,under,12.5,0.5773,1.73,1.58,0.5907,-1.3,-0.0879,0,100,1903700
2026-10-08 04:00,atp,ATP 1000,Shanghai Rolex Masters,Hard,3,Camilo Ugo Carabelli,Ilia Simakin,p2_games,over,11.5,0.7553,1.32,1.2,0.7818,-2.7,-0.0937,0,100,1903700
2026-10-08 04:00,atp,ATP 1000,Shanghai Rolex Masters,Hard,3,Camilo Ugo Carabelli,Ilia Simakin,p2_games,under,11.5,0.2447,4.09,4.3,0.2182,2.7,0.0523,0,100,1903700
2026-10-08 04:00,atp,ATP 1000,Shanghai Rolex Masters,Hard,3,Camilo Ugo Carabelli,Ilia Simakin,p2_games,over,12.5,0.4964,2.01,1.75,0.5346,-3.8,-0.1313,0,100,1903700
2026-10-08 04:00,atp,ATP 1000,Shanghai Rolex Masters,Hard,3,Camilo Ugo Carabelli,Ilia Simakin,p2_games,under,12.5,0.5036,1.99,2.01,0.4654,3.8,0.0122,0,100,1903700
2026-10-08 04:00,atp,ATP 1000,Shanghai Rolex Masters,Hard,3,Camilo Ugo Carabelli,Ilia Simakin,p2_games,over,13.5,0.3271,3.06,2.65,0.3537,-2.7,-0.1331,0,100,1903700
2026-10-08 04:00,atp,ATP 1000,Shanghai Rolex Masters,Hard,3,Camilo Ugo Carabelli,Ilia Simakin,p2_games,under,13.5,0.6729,1.49,1.45,0.6463,2.7,-0.0244,0,100,1903700
2026-10-08 04:00,atp,ATP 1000,Shanghai Rolex Masters,Hard,3,Camilo Ugo Carabelli,Ilia Simakin,game_handicap,player_a,1.5,0.4481,2.23,,,,,0,100,1903700
2026-10-08 04:00,atp,ATP 1000,Shanghai Rolex Masters,Hard,3,Camilo Ugo Carabelli,Ilia Simakin,game_handicap,player_b,-1.5,0.5519,1.81,,,,,0,100,1903700
2026-10-08 04:00,atp,ATP 1000,Shanghai Rolex Masters,Hard,3,Jaume Munar,Jenson Brooksby,winner,player_a,,0.6193,1.61,1.54,0.6235,-0.4,-0.0463,0,100,1903347
2026-10-08 04:00,atp,ATP 1000,Shanghai Rolex Masters,Hard,3,Jaume Munar,Jenson Brooksby,winner,player_b,,0.3807,2.63,2.55,0.3765,0.4,-0.0292,0,100,1903347
2026-10-08 04:00,atp,ATP 1000,Shanghai Rolex Masters,Hard,3,Jaume Munar,Jenson Brooksby,total_games,over,19.5,0.6497,1.54,1.44,0.6604,-1.1,-0.0645,0,100,1903347
2026-10-08 04:00,atp,ATP 1000,Shanghai Rolex Masters,Hard,3,Jaume Munar,Jenson Brooksby,total_games,under,19.5,0.3503,2.85,2.8,0.3396,1.1,-0.0191,0,100,1903347
2026-10-08 04:00,atp,ATP 1000,Shanghai Rolex Masters,Hard,3,Jaume Munar,Jenson Brooksby,total_games,over,20.5,0.5756,1.74,1.61,0.5903,-1.5,-0.0733,0,100,1903347
2026-10-08 04:00,atp,ATP 1000,Shanghai Rolex Masters,Hard,3,Jaume Munar,Jenson Brooksby,total_games,under,20.5,0.4244,2.36,2.32,0.4097,1.5,-0.0153,0,100,1903347
2026-10-08 04:00,atp,ATP 1000,Shanghai Rolex Masters,Hard,3,Jaume Munar,Jenson Brooksby,total_games,over,21.5,0.5231,1.91,1.77,0.5379,-1.5,-0.0742,0,100,1903347
2026-10-08 04:00,atp,ATP 1000,Shanghai Rolex Masters,Hard,3,Jaume Munar,Jenson Brooksby,total_games,under,21.5,0.4769,2.1,2.06,0.4621,1.5,-0.0175,0,100,1903347
2026-10-08 04:00,atp,ATP 1000,Shanghai Rolex Masters,Hard,3,Jaume Munar,Jenson Brooksby,total_games,over,22.5,0.4555,2.2,2.03,0.4686,-1.3,-0.0753,0,100,1903347
2026-10-08 04:00,atp,ATP 1000,Shanghai Rolex Masters,Hard,3,Jaume Munar,Jenson Brooksby,total_games,under,22.5,0.5445,1.84,1.79,0.5314,1.3,-0.0254,0,100,1903347
2026-10-08 04:00,atp,ATP 1000,Shanghai Rolex Masters,Hard,3,Jaume Munar,Jenson Brooksby,total_games,over,23.5,0.4095,2.44,2.27,0.4194,-1.0,-0.0704,0,100,1903347
2026-10-08 04:00,atp,ATP 1000,Shanghai Rolex Masters,Hard,3,Jaume Munar,Jenson Brooksby,total_games,under,23.5,0.5905,1.69,1.64,0.5806,1.0,-0.0316,0,100,1903347
2026-10-08 04:00,atp,ATP 1000,Shanghai Rolex Masters,Hard,3,Jaume Munar,Jenson Brooksby,total_games,over,24.5,0.3932,2.54,2.36,0.404,-1.1,-0.0721,0,100,1903347
2026-10-08 04:00,atp,ATP 1000,Shanghai Rolex Masters,Hard,3,Jaume Munar,Jenson Brooksby,total_games,under,24.5,0.6068,1.65,1.6,0.596,1.1,-0.0291,0,100,1903347
2026-10-08 04:00,atp,ATP 1000,Shanghai Rolex Masters,Hard,3,Jaume Munar,Jenson Brooksby,total_games,over,25.5,0.3577,2.8,2.6,0.3659,-0.8,-0.0699,0,100,1903347
2026-10-08 04:00,atp,ATP 1000,Shanghai Rolex Masters,Hard,3,Jaume Munar,Jenson Brooksby,total_games,under,25.5,0.6423,1.56,1.5,0.6341,0.8,-0.0366,0,100,1903347
2026-10-08 04:00,atp,ATP 1000,Shanghai Rolex Masters,Hard,3,Jaume Munar,Jenson Brooksby,p1_games,over,11.5,0.7617,1.31,1.25,0.7475,1.4,-0.0479,0,100,1903347
2026-10-08 04:00,atp,ATP 1000,Shanghai Rolex Masters,Hard,3,Jaume Munar,Jenson Brooksby,p1_games,under,11.5,0.2383,4.2,3.7,0.2525,-1.4,-0.1183,0,100,1903347
2026-10-08 04:00,atp,ATP 1000,Shanghai Rolex Masters,Hard,3,Jaume Munar,Jenson Brooksby,p1_games,over,12.5,0.4804,2.08,1.86,0.5027,-2.2,-0.1065,0,100,1903347
2026-10-08 04:00,atp,ATP 1000,Shanghai Rolex Masters,Hard,3,Jaume Munar,Jenson Brooksby,p1_games,under,12.5,0.5196,1.92,1.88,0.4973,2.2,-0.0231,0,100,1903347
2026-10-08 04:00,atp,ATP 1000,Shanghai Rolex Masters,Hard,3,Jaume Munar,Jenson Brooksby,p1_games,over,13.5,0.3139,3.19,2.75,0.3389,-2.5,-0.1367,0,100,1903347
2026-10-08 04:00,atp,ATP 1000,Shanghai Rolex Masters,Hard,3,Jaume Munar,Jenson Brooksby,p1_games,under,13.5,0.6861,1.46,1.41,0.6611,2.5,-0.0326,0,100,1903347
2026-10-08 04:00,atp,ATP 1000,Shanghai Rolex Masters,Hard,3,Jaume Munar,Jenson Brooksby,p2_games,over,10.5,0.5882,1.7,1.6,0.5844,0.4,-0.0589,0,100,1903347
2026-10-08 04:00,atp,ATP 1000,Shanghai Rolex Masters,Hard,3,Jaume Munar,Jenson Brooksby,p2_games,under,10.5,0.4118,2.43,2.25,0.4156,-0.4,-0.0735,0,100,1903347
2026-10-08 04:00,atp,ATP 1000,Shanghai Rolex Masters,Hard,3,Jaume Munar,Jenson Brooksby,p2_games,over,11.5,0.5539,1.81,1.7,0.5491,0.5,-0.0584,0,100,1903347
2026-10-08 04:00,atp,ATP 1000,Shanghai Rolex Masters,Hard,3,Jaume Munar,Jenson Brooksby,p2_games,under,11.5,0.4461,2.24,2.07,0.4509,-0.5,-0.0765,0,100,1903347
2026-10-08 04:00,atp,ATP 1000,Shanghai Rolex Masters,Hard,3,Jaume Munar,Jenson Brooksby,p2_games,over,12.5,0.3965,2.52,2.31,0.4046,-0.8,-0.0841,0,100,1903347
2026-10-08 04:00,atp,ATP 1000,Shanghai Rolex Masters,Hard,3,Jaume Munar,Jenson Brooksby,p2_games,under,12.5,0.6035,1.66,1.57,0.5954,0.8,-0.0525,0,100,1903347
2026-10-08 04:00,atp,ATP 1000,Shanghai Rolex Masters,Hard,3,Jaume Munar,Jenson Brooksby,game_handicap,player_a,-2.5,0.5245,1.91,,,,,0,100,1903347
2026-10-08 04:00,atp,ATP 1000,Shanghai Rolex Masters,Hard,3,Jaume Munar,Jenson Brooksby,game_handicap,player_b,2.5,0.4755,2.1,,,,,0,100,1903347
2026-10-08 04:00,atp,ATP 1000,Shanghai Rolex Masters,Hard,3,Kimmer Coppejans,Stefanos Tsitsipas,winner,player_a,,0.1669,5.99,8.6,0.1116,5.5,0.435,0,100,1903686
2026-10-08 04:00,atp,ATP 1000,Shanghai Rolex Masters,Hard,3,Kimmer Coppejans,Stefanos Tsitsipas,winner,player_b,,0.8331,1.2,1.08,0.8884,-5.5,-0.1002,0,100,1903686
2026-10-08 04:00,atp,ATP 1000,Shanghai Rolex Masters,Hard,3,Kimmer Coppejans,Stefanos Tsitsipas,total_games,over,16.5,0.8462,1.18,1.15,0.8296,1.7,-0.0269,0,100,1903686
2026-10-08 04:00,atp,ATP 1000,Shanghai Rolex Masters,Hard,3,Kimmer Coppejans,Stefanos Tsitsipas,total_games,under,16.5,0.1538,6.5,5.6,0.1704,-1.7,-0.1385,0,100,1903686
2026-10-08 04:00,atp,ATP 1000,Shanghai Rolex Masters,Hard,3,Kimmer Coppejans,Stefanos Tsitsipas,total_games,over,17.5,0.7485,1.34,1.31,0.7248,2.4,-0.0195,0,100,1903686
2026-10-08 04:00,atp,ATP 1000,Shanghai Rolex Masters,Hard,3,Kimmer Coppejans,Stefanos Tsitsipas,total_games,under,17.5,0.2515,3.98,3.45,0.2752,-2.4,-0.1322,0,100,1903686
2026-10-08 04:00,atp,ATP 1000,Shanghai Rolex Masters,Hard,3,Kimmer Coppejans,Stefanos Tsitsipas,total_games,over,18.5,0.6517,1.53,1.5,0.6341,1.8,-0.0224,0,100,1903686
2026-10-08 04:00,atp,ATP 1000,Shanghai Rolex Masters,Hard,3,Kimmer Coppejans,Stefanos Tsitsipas,total_games,under,18.5,0.3483,2.87,2.6,0.3659,-1.8,-0.0945,0,100,1903686
2026-10-08 04:00,atp,ATP 1000,Shanghai Rolex Masters,Hard,3,Kimmer Coppejans,Stefanos Tsitsipas,total_games,over,19.5,0.5616,1.78,1.78,0.5352,2.6,-0.0004,0,100,1903686
2026-10-08 04:00,atp,ATP 1000,Shanghai Rolex Masters,Hard,3,Kimmer Coppejans,Stefanos Tsitsipas,total_games,under,19.5,0.4384,2.28,2.05,0.4648,-2.6,-0.1012,0,100,1903686
2026-10-08 04:00,atp,ATP 1000,Shanghai Rolex Masters,Hard,3,Kimmer Coppejans,Stefanos Tsitsipas,total_games,over,20.5,0.4819,2.08,2.07,0.4595,2.2,-0.0025,0,100,1903686
2026-10-08 04:00,atp,ATP 1000,Shanghai Rolex Masters,Hard,3,Kimmer Coppejans,Stefanos Tsitsipas,total_games,under,20.5,0.5181,1.93,1.76,0.5405,-2.2,-0.0882,0,100,1903686
2026-10-08 04:00,atp,ATP 1000,Shanghai Rolex Masters,Hard,3,Kimmer Coppejans,Stefanos Tsitsipas,total_games,over,21.5,0.4285,2.33,2.38,0.4005,2.8,0.0199,0,100,1903686
2026-10-08 04:00,atp,ATP 1000,Shanghai Rolex Masters,Hard,3,Kimmer Coppejans,Stefanos Tsitsipas,total_games,under,21.5,0.5715,1.75,1.59,0.5995,-2.8,-0.0914,0,100,1903686
2026-10-08 04:00,atp,ATP 1000,Shanghai Rolex Masters,Hard,3,Kimmer Coppejans,Stefanos Tsitsipas,total_games,over,22.5,0.3607,2.77,2.85,0.3341,2.7,0.0279,0,100,1903686
2026-10-08 04:00,atp,ATP 1000,Shanghai Rolex Masters,Hard,3,Kimmer Coppejans,Stefanos Tsitsipas,total_games,under,22.5,0.6393,1.56,1.43,0.6659,-2.7,-0.0858,0,100,1903686
2026-10-08 04:00,atp,ATP 1000,Shanghai Rolex Masters,Hard,3,Kimmer Coppejans,Stefanos Tsitsipas,p1_games,over,6.5,0.6559,1.52,1.47,0.6343,2.2,-0.0359,0,100,1903686
2026-10-08 04:00,atp,ATP 1000,Shanghai Rolex Masters,Hard,3,Kimmer Coppejans,Stefanos Tsitsipas,p1_games,under,6.5,0.3441,2.91,2.55,0.3657,-2.2,-0.1225,0,100,1903686
2026-10-08 04:00,atp,ATP 1000,Shanghai Rolex Masters,Hard,3,Kimmer Coppejans,Stefanos Tsitsipas,p1_games,over,7.5,0.5592,1.79,1.78,0.5253,3.4,-0.0046,0,100,1903686
2026-10-08 04:00,atp,ATP 1000,Shanghai Rolex Masters,Hard,3,Kimmer Coppejans,Stefanos Tsitsipas,p1_games,under,7.5,0.4408,2.27,1.97,0.4747,-3.4,-0.1317,0,100,1903686
2026-10-08 04:00,atp,ATP 1000,Shanghai Rolex Masters,Hard,3,Kimmer Coppejans,Stefanos Tsitsipas,p1_games,over,8.5,0.4734,2.11,2.16,0.4331,4.0,0.0226,0,100,1903686
2026-10-08 04:00,atp,ATP 1000,Shanghai Rolex Masters,Hard,3,Kimmer Coppejans,Stefanos Tsitsipas,p1_games,under,8.5,0.5266,1.9,1.65,0.5669,-4.0,-0.1312,0,100,1903686
2026-10-08 04:00,atp,ATP 1000,Shanghai Rolex Masters,Hard,3,Kimmer Coppejans,Stefanos Tsitsipas,p2_games,over,11.5,0.9152,1.09,1.02,0.9151,0.0,-0.0665,0,100,1903686
2026-10-08 04:00,atp,ATP 1000,Shanghai Rolex Masters,Hard,3,Kimmer Coppejans,Stefanos Tsitsipas,p2_games,under,11.5,0.0848,11.79,11.0,0.0849,-0.0,-0.0671,0,100,1903686
2026-10-08 04:00,atp,ATP 1000,Shanghai Rolex Masters,Hard,3,Kimmer Coppejans,Stefanos Tsitsipas,p2_games,over,12.5,0.473,2.11,1.87,0.4987,-2.6,-0.1155,0,100,1903686
2026-10-08 04:00,atp,ATP 1000,Shanghai Rolex Masters,Hard,3,Kimmer Coppejans,Stefanos Tsitsipas,p2_games,under,12.5,0.527,1.9,1.86,0.5013,2.6,-0.0198,0,100,1903686
2026-10-08 04:00,atp,ATP 1000,Shanghai Rolex Masters,Hard,3,Kimmer Coppejans,Stefanos Tsitsipas,p2_games,over,13.5,0.2741,3.65,3.4,0.2751,-0.1,-0.068,0,100,1903686
2026-10-08 04:00,atp,ATP 1000,Shanghai Rolex Masters,Hard,3,Kimmer Coppejans,Stefanos Tsitsipas,p2_games,under,13.5,0.7259,1.38,1.29,0.7249,0.1,-0.0636,0,100,1903686
2026-10-08 04:00,atp,ATP 1000,Shanghai Rolex Masters,Hard,3,Kimmer Coppejans,Stefanos Tsitsipas,game_handicap,player_a,4.5,0.455,2.2,,,,,0,100,1903686
2026-10-08 04:00,atp,ATP 1000,Shanghai Rolex Masters,Hard,3,Kimmer Coppejans,Stefanos Tsitsipas,game_handicap,player_b,-4.5,0.545,1.83,,,,,0,100,1903686
2026-10-08 04:00,atp,ATP 1000,Shanghai Rolex Masters,Hard,3,Nuno Borges,Facundo Acosta,winner,player_a,,0.7389,1.35,1.28,0.7505,-1.2,-0.0542,0,94,1903352
2026-10-08 04:00,atp,ATP 1000,Shanghai Rolex Masters,Hard,3,Nuno Borges,Facundo Acosta,winner,player_b,,0.2611,3.83,3.85,0.2495,1.2,0.0052,0,94,1903352
2026-10-08 04:00,atp,ATP 1000,Shanghai Rolex Masters,Hard,3,Nuno Borges,Facundo Acosta,total_games,over,18.5,0.7234,1.38,1.28,0.7455,-2.2,-0.0741,0,94,1903352
2026-10-08 04:00,atp,ATP 1000,Shanghai Rolex Masters,Hard,3,Nuno Borges,Facundo Acosta,total_games,under,18.5,0.2766,3.62,3.75,0.2545,2.2,0.0373,0,94,1903352
2026-10-08 04:00,atp,ATP 1000,Shanghai Rolex Masters,Hard,3,Nuno Borges,Facundo Acosta,total_games,over,19.5,0.6362,1.57,1.42,0.6674,-3.1,-0.0966,0,94,1903352
2026-10-08 04:00,atp,ATP 1000,Shanghai Rolex Masters,Hard,3,Nuno Borges,Facundo Acosta,total_games,under,19.5,0.3638,2.75,2.85,0.3326,3.1,0.0368,0,94,1903352
2026-10-08 04:00,atp,ATP 1000,Shanghai Rolex Masters,Hard,3,Nuno Borges,Facundo Acosta,total_games,over,20.5,0.557,1.8,1.63,0.5842,-2.7,-0.0921,0,94,1903352
2026-10-08 04:00,atp,ATP 1000,Shanghai Rolex Masters,Hard,3,Nuno Borges,Facundo Acosta,total_games,under,20.5,0.443,2.26,2.29,0.4158,2.7,0.0146,0,94,1903352
2026-10-08 04:00,atp,ATP 1000,Shanghai Rolex Masters,Hard,3,Nuno Borges,Facundo Acosta,total_games,over,21.5,0.5031,1.99,1.79,0.5314,-2.8,-0.0994,0,94,1903352
2026-10-08 04:00,atp,ATP 1000,Shanghai Rolex Masters,Hard,3,Nuno Borges,Facundo Acosta,total_games,under,21.5,0.4969,2.01,2.03,0.4686,2.8,0.0087,0,94,1903352
2026-10-08 04:00,atp,ATP 1000,Shanghai Rolex Masters,Hard,3,Nuno Borges,Facundo Acosta,total_games,over,22.5,0.4302,2.32,2.1,0.4531,-2.3,-0.0966,0,94,1903352
2026-10-08 04:00,atp,ATP 1000,Shanghai Rolex Masters,Hard,3,Nuno Borges,Facundo Acosta,total_games,under,22.5,0.5698,1.75,1.74,0.5469,2.3,-0.0085,0,94,1903352
2026-10-08 04:00,atp,ATP 1000,Shanghai Rolex Masters,Hard,3,Nuno Borges,Facundo Acosta,total_games,over,23.5,0.3792,2.64,2.39,0.398,-1.9,-0.0937,0,94,1903352
2026-10-08 04:00,atp,ATP 1000,Shanghai Rolex Masters,Hard,3,Nuno Borges,Facundo Acosta,total_games,under,23.5,0.6208,1.61,1.58,0.602,1.9,-0.0191,0,94,1903352
2026-10-08 04:00,atp,ATP 1000,Shanghai Rolex Masters,Hard,3,Nuno Borges,Facundo Acosta,total_games,over,24.5,0.3672,2.72,2.47,0.3856,-1.8,-0.0929,0,94,1903352
2026-10-08 04:00,atp,ATP 1000,Shanghai Rolex Masters,Hard,3,Nuno Borges,Facundo Acosta,total_games,under,24.5,0.6328,1.58,1.55,0.6144,1.8,-0.0192,0,94,1903352
2026-10-08 04:00,atp,ATP 1000,Shanghai Rolex Masters,Hard,3,Nuno Borges,Facundo Acosta,p1_games,over,11.5,0.8552,1.17,1.11,0.8394,1.6,-0.0508,0,94,1903352
2026-10-08 04:00,atp,ATP 1000,Shanghai Rolex Masters,Hard,3,Nuno Borges,Facundo Acosta,p1_games,under,11.5,0.1448,6.9,5.8,0.1606,-1.6,-0.1599,0,94,1903352
2026-10-08 04:00,atp,ATP 1000,Shanghai Rolex Masters,Hard,3,Nuno Borges,Facundo Acosta,p1_games,over,12.5,0.5065,1.97,1.75,0.5346,-2.8,-0.1136,0,94,1903352
2026-10-08 04:00,atp,ATP 1000,Shanghai Rolex Masters,Hard,3,Nuno Borges,Facundo Acosta,p1_games,under,12.5,0.4935,2.03,2.01,0.4654,2.8,-0.0081,0,94,1903352
2026-10-08 04:00,atp,ATP 1000,Shanghai Rolex Masters,Hard,3,Nuno Borges,Facundo Acosta,p1_games,over,13.5,0.3149,3.18,2.75,0.3405,-2.6,-0.134,0,94,1903352
2026-10-08 04:00,atp,ATP 1000,Shanghai Rolex Masters,Hard,3,Nuno Borges,Facundo Acosta,p1_games,under,13.5,0.6851,1.46,1.42,0.6595,2.6,-0.0272,0,94,1903352
2026-10-08 04:00,atp,ATP 1000,Shanghai Rolex Masters,Hard,3,Nuno Borges,Facundo Acosta,p2_games,over,9.5,0.5285,1.89,1.77,0.528,0.1,-0.0645,0,94,1903352
2026-10-08 04:00,atp,ATP 1000,Shanghai Rolex Masters,Hard,3,Nuno Borges,Facundo Acosta,p2_games,under,9.5,0.4715,2.12,1.98,0.472,-0.1,-0.0664,0,94,1903352
2026-10-08 04:00,atp,ATP 1000,Shanghai Rolex Masters,Hard,3,Nuno Borges,Facundo Acosta,p2_games,over,10.5,0.4806,2.08,1.96,0.4773,0.3,-0.058,0,94,1903352
2026-10-08 04:00,atp,ATP 1000,Shanghai Rolex Masters,Hard,3,Nuno Borges,Facundo Acosta,p2_games,under,10.5,0.5194,1.93,1.79,0.5227,-0.3,-0.0703,0,94,1903352
2026-10-08 04:00,atp,ATP 1000,Shanghai Rolex Masters,Hard,3,Nuno Borges,Facundo Acosta,p2_games,over,11.5,0.4446,2.25,2.12,0.4406,0.4,-0.0574,0,94,1903352
2026-10-08 04:00,atp,ATP 1000,Shanghai Rolex Masters,Hard,3,Nuno Borges,Facundo Acosta,p2_games,under,11.5,0.5554,1.8,1.67,0.5594,-0.4,-0.0725,0,94,1903352
2026-10-08 04:00,atp,ATP 1000,Shanghai Rolex Masters,Hard,3,Nuno Borges,Facundo Acosta,game_handicap,player_a,-3.5,0.5564,1.8,,,,,0,94,1903352
2026-10-08 04:00,atp,ATP 1000,Shanghai Rolex Masters,Hard,3,Nuno Borges,Facundo Acosta,game_handicap,player_b,3.5,0.4436,2.25,,,,,0,94,1903352
2026-10-08 04:00,atp,ATP 1000,Shanghai Rolex Masters,Hard,3,Pavel Kotov,Tallon Griekspoor,winner,player_a,,0.3152,3.17,2.8,0.3427,-2.7,-0.1173,0,100,1903684
2026-10-08 04:00,atp,ATP 1000,Shanghai Rolex Masters,Hard,3,Pavel Kotov,Tallon Griekspoor,winner,player_b,,0.6848,1.46,1.46,0.6573,2.7,-0.0003,0,100,1903684
2026-10-08 04:00,atp,ATP 1000,Shanghai Rolex Masters,Hard,3,Pavel Kotov,Tallon Griekspoor,total_games,over,19.5,0.7327,1.36,1.29,0.7389,-0.6,-0.0548,0,100,1903684
2026-10-08 04:00,atp,ATP 1000,Shanghai Rolex Masters,Hard,3,Pavel Kotov,Tallon Griekspoor,total_games,under,19.5,0.2673,3.74,3.65,0.2611,0.6,-0.0243,0,100,1903684
2026-10-08 04:00,atp,ATP 1000,Shanghai Rolex Masters,Hard,3,Pavel Kotov,Tallon Griekspoor,total_games,over,20.5,0.6495,1.54,1.44,0.6604,-1.1,-0.0647,0,100,1903684
2026-10-08 04:00,atp,ATP 1000,Shanghai Rolex Masters,Hard,3,Pavel Kotov,Tallon Griekspoor,total_games,under,20.5,0.3505,2.85,2.8,0.3396,1.1,-0.0186,0,100,1903684
2026-10-08 04:00,atp,ATP 1000,Shanghai Rolex Masters,Hard,3,Pavel Kotov,Tallon Griekspoor,total_games,over,21.5,0.5955,1.68,1.57,0.6065,-1.1,-0.065,0,100,1903684
2026-10-08 04:00,atp,ATP 1000,Shanghai Rolex Masters,Hard,3,Pavel Kotov,Tallon Griekspoor,total_games,under,21.5,0.4045,2.47,2.42,0.3935,1.1,-0.0212,0,100,1903684
2026-10-08 04:00,atp,ATP 1000,Shanghai Rolex Masters,Hard,3,Pavel Kotov,Tallon Griekspoor,total_games,over,22.5,0.504,1.98,1.83,0.5209,-1.7,-0.0776,0,100,1903684
2026-10-08 04:00,atp,ATP 1000,Shanghai Rolex Masters,Hard,3,Pavel Kotov,Tallon Griekspoor,total_games,under,22.5,0.496,2.02,1.99,0.4791,1.7,-0.013,0,100,1903684
2026-10-08 04:00,atp,ATP 1000,Shanghai Rolex Masters,Hard,3,Pavel Kotov,Tallon Griekspoor,total_games,over,23.5,0.4314,2.32,2.1,0.4531,-2.2,-0.094,0,100,1903684
2026-10-08 04:00,atp,ATP 1000,Shanghai Rolex Masters,Hard,3,Pavel Kotov,Tallon Griekspoor,total_games,under,23.5,0.5686,1.76,1.74,0.5469,2.2,-0.0107,0,100,1903684
2026-10-08 04:00,atp,ATP 1000,Shanghai Rolex Masters,Hard,3,Pavel Kotov,Tallon Griekspoor,total_games,over,24.5,0.4237,2.36,2.14,0.4442,-2.0,-0.0933,0,100,1903684
2026-10-08 04:00,atp,ATP 1000,Shanghai Rolex Masters,Hard,3,Pavel Kotov,Tallon Griekspoor,total_games,under,24.5,0.5763,1.74,1.71,0.5558,2.0,-0.0145,0,100,1903684
2026-10-08 04:00,atp,ATP 1000,Shanghai Rolex Masters,Hard,3,Pavel Kotov,Tallon Griekspoor,total_games,over,25.5,0.3926,2.55,2.32,0.4112,-1.9,-0.0892,0,100,1903684
2026-10-08 04:00,atp,ATP 1000,Shanghai Rolex Masters,Hard,3,Pavel Kotov,Tallon Griekspoor,total_games,under,25.5,0.6074,1.65,1.62,0.5888,1.9,-0.016,0,100,1903684
2026-10-08 04:00,atp,ATP 1000,Shanghai Rolex Masters,Hard,3,Pavel Kotov,Tallon Griekspoor,p1_games,over,11.5,0.5318,1.88,1.67,0.5594,-2.8,-0.1119,0,100,1903684
2026-10-08 04:00,atp,ATP 1000,Shanghai Rolex Masters,Hard,3,Pavel Kotov,Tallon Griekspoor,p1_games,under,11.5,0.4682,2.14,2.12,0.4406,2.8,-0.0075,0,100,1903684
2026-10-08 04:00,atp,ATP 1000,Shanghai Rolex Masters,Hard,3,Pavel Kotov,Tallon Griekspoor,p1_games,over,12.5,0.4203,2.38,2.11,0.4433,-2.3,-0.1132,0,100,1903684
2026-10-08 04:00,atp,ATP 1000,Shanghai Rolex Masters,Hard,3,Pavel Kotov,Tallon Griekspoor,p1_games,under,12.5,0.5797,1.73,1.68,0.5567,2.3,-0.0261,0,100,1903684
2026-10-08 04:00,atp,ATP 1000,Shanghai Rolex Masters,Hard,3,Pavel Kotov,Tallon Griekspoor,p1_games,over,13.5,0.3046,3.28,2.9,0.3224,-1.8,-0.1166,0,100,1903684
2026-10-08 04:00,atp,ATP 1000,Shanghai Rolex Masters,Hard,3,Pavel Kotov,Tallon Griekspoor,p1_games,under,13.5,0.6954,1.44,1.38,0.6776,1.8,-0.0404,0,100,1903684
2026-10-08 04:00,atp,ATP 1000,Shanghai Rolex Masters,Hard,3,Pavel Kotov,Tallon Griekspoor,p2_games,over,11.5,0.8345,1.2,1.18,0.7923,4.2,-0.0153,0,100,1903684
2026-10-08 04:00,atp,ATP 1000,Shanghai Rolex Masters,Hard,3,Pavel Kotov,Tallon Griekspoor,p2_games,under,11.5,0.1655,6.04,4.5,0.2077,-4.2,-0.2552,0,100,1903684
2026-10-08 04:00,atp,ATP 1000,Shanghai Rolex Masters,Hard,3,Pavel Kotov,Tallon Griekspoor,p2_games,over,12.5,0.5658,1.77,1.64,0.5696,-0.4,-0.0721,0,100,1903684
2026-10-08 04:00,atp,ATP 1000,Shanghai Rolex Masters,Hard,3,Pavel Kotov,Tallon Griekspoor,p2_games,under,12.5,0.4342,2.3,2.17,0.4304,0.4,-0.0578,0,100,1903684
2026-10-08 04:00,atp,ATP 1000,Shanghai Rolex Masters,Hard,3,Pavel Kotov,Tallon Griekspoor,p2_games,over,13.5,0.3628,2.76,2.44,0.3823,-1.9,-0.1148,0,100,1903684
2026-10-08 04:00,atp,ATP 1000,Shanghai Rolex Masters,Hard,3,Pavel Kotov,Tallon Griekspoor,p2_games,under,13.5,0.6372,1.57,1.51,0.6177,1.9,-0.0378,0,100,1903684
2026-10-08 04:00,atp,ATP 1000,Shanghai Rolex Masters,Hard,3,Pavel Kotov,Tallon Griekspoor,game_handicap,player_a,2.5,0.4389,2.28,,,,,0,100,1903684
2026-10-08 04:00,atp,ATP 1000,Shanghai Rolex Masters,Hard,3,Pavel Kotov,Tallon Griekspoor,game_handicap,player_b,-2.5,0.5611,1.78,,,,,0,100,1903684
2026-10-08 05:30,atp,ATP 1000,Shanghai Rolex Masters,Hard,3,Adolfo Vallejo,Valentin Royer,winner,player_a,,0.5291,1.89,1.74,0.5515,-2.2,-0.0794,0,94,1903342
2026-10-08 05:30,atp,ATP 1000,Shanghai Rolex Masters,Hard,3,Adolfo Vallejo,Valentin Royer,winner,player_b,,0.4709,2.12,2.14,0.4485,2.2,0.0077,0,94,1903342
2026-10-08 05:30,atp,ATP 1000,Shanghai Rolex Masters,Hard,3,Adolfo Vallejo,Valentin Royer,total_games,over,19.5,0.6896,1.45,1.35,0.7033,-1.4,-0.069,0,94,1903342
2026-10-08 05:30,atp,ATP 1000,Shanghai Rolex Masters,Hard,3,Adolfo Vallejo,Valentin Royer,total_games,under,19.5,0.3104,3.22,3.2,0.2967,1.4,-0.0068,0,94,1903342
2026-10-08 05:30,atp,ATP 1000,Shanghai Rolex Masters,Hard,3,Adolfo Vallejo,Valentin Royer,total_games,over,20.5,0.6127,1.63,1.51,0.6281,-1.5,-0.0748,0,94,1903342
2026-10-08 05:30,atp,ATP 1000,Shanghai Rolex Masters,Hard,3,Adolfo Vallejo,Valentin Royer,total_games,under,20.5,0.3873,2.58,2.55,0.3719,1.5,-0.0125,0,94,1903342
2026-10-08 05:30,atp,ATP 1000,Shanghai Rolex Masters,Hard,3,Adolfo Vallejo,Valentin Royer,total_games,over,21.5,0.5594,1.79,1.65,0.5769,-1.7,-0.0769,0,94,1903342
2026-10-08 05:30,atp,ATP 1000,Shanghai Rolex Masters,Hard,3,Adolfo Vallejo,Valentin Royer,total_games,under,21.5,0.4406,2.27,2.25,0.4231,1.7,-0.0087,0,94,1903342
2026-10-08 05:30,atp,ATP 1000,Shanghai Rolex Masters,Hard,3,Adolfo Vallejo,Valentin Royer,total_games,over,22.5,0.4853,2.06,1.9,0.5013,-1.6,-0.078,0,94,1903342
2026-10-08 05:30,atp,ATP 1000,Shanghai Rolex Masters,Hard,3,Adolfo Vallejo,Valentin Royer,total_games,under,22.5,0.5147,1.94,1.91,0.4987,1.6,-0.0169,0,94,1903342
2026-10-08 05:30,atp,ATP 1000,Shanghai Rolex Masters,Hard,3,Adolfo Vallejo,Valentin Royer,total_games,over,23.5,0.4326,2.31,2.14,0.4456,-1.3,-0.0743,0,94,1903342
2026-10-08 05:30,atp,ATP 1000,Shanghai Rolex Masters,Hard,3,Adolfo Vallejo,Valentin Royer,total_games,under,23.5,0.5674,1.76,1.72,0.5544,1.3,-0.024,0,94,1903342
2026-10-08 05:30,atp,ATP 1000,Shanghai Rolex Masters,Hard,3,Adolfo Vallejo,Valentin Royer,total_games,over,24.5,0.4187,2.39,2.21,0.4304,-1.2,-0.0747,0,94,1903342
2026-10-08 05:30,atp,ATP 1000,Shanghai Rolex Masters,Hard,3,Adolfo Vallejo,Valentin Royer,total_games,under,24.5,0.5813,1.72,1.67,0.5696,1.2,-0.0292,0,94,1903342
2026-10-08 05:30,atp,ATP 1000,Shanghai Rolex Masters,Hard,3,Adolfo Vallejo,Valentin Royer,total_games,over,25.5,0.3839,2.6,2.41,0.396,-1.2,-0.0747,0,94,1903342
2026-10-08 05:30,atp,ATP 1000,Shanghai Rolex Masters,Hard,3,Adolfo Vallejo,Valentin Royer,total_games,under,25.5,0.6161,1.62,1.58,0.604,1.2,-0.0266,0,94,1903342
2026-10-08 05:30,atp,ATP 1000,Shanghai Rolex Masters,Hard,3,Adolfo Vallejo,Valentin Royer,p1_games,over,11.5,0.6969,1.43,1.33,0.7031,-0.6,-0.0731,0,94,1903342
2026-10-08 05:30,atp,ATP 1000,Shanghai Rolex Masters,Hard,3,Adolfo Vallejo,Valentin Royer,p1_games,under,11.5,0.3031,3.3,3.15,0.2969,0.6,-0.0452,0,94,1903342
2026-10-08 05:30,atp,ATP 1000,Shanghai Rolex Masters,Hard,3,Adolfo Vallejo,Valentin Royer,p1_games,over,12.5,0.4788,2.09,1.85,0.5053,-2.7,-0.1142,0,94,1903342
2026-10-08 05:30,atp,ATP 1000,Shanghai Rolex Masters,Hard,3,Adolfo Vallejo,Valentin Royer,p1_games,under,12.5,0.5212,1.92,1.89,0.4947,2.7,-0.015,0,94,1903342
2026-10-08 05:30,atp,ATP 1000,Shanghai Rolex Masters,Hard,3,Adolfo Vallejo,Valentin Royer,p1_games,over,13.5,0.3223,3.1,2.7,0.3462,-2.4,-0.1297,0,94,1903342
2026-10-08 05:30,atp,ATP 1000,Shanghai Rolex Masters,Hard,3,Adolfo Vallejo,Valentin Royer,p1_games,under,13.5,0.6777,1.48,1.43,0.6538,2.4,-0.0309,0,94,1903342
2026-10-08 05:30,atp,ATP 1000,Shanghai Rolex Masters,Hard,3,Adolfo Vallejo,Valentin Royer,p2_games,over,11.5,0.6481,1.54,1.5,0.6241,2.4,-0.0279,0,94,1903342
2026-10-08 05:30,atp,ATP 1000,Shanghai Rolex Masters,Hard,3,Adolfo Vallejo,Valentin Royer,p2_games,under,11.5,0.3519,2.84,2.49,0.3759,-2.4,-0.1237,0,94,1903342
2026-10-08 05:30,atp,ATP 1000,Shanghai Rolex Masters,Hard,3,Adolfo Vallejo,Valentin Royer,p2_games,over,12.5,0.4579,2.18,2.02,0.4628,-0.5,-0.075,0,94,1903342
2026-10-08 05:30,atp,ATP 1000,Shanghai Rolex Masters,Hard,3,Adolfo Vallejo,Valentin Royer,p2_games,under,12.5,0.5421,1.84,1.74,0.5372,0.5,-0.0568,0,94,1903342
2026-10-08 05:30,atp,ATP 1000,Shanghai Rolex Masters,Hard,3,Adolfo Vallejo,Valentin Royer,p2_games,over,13.5,0.3124,3.2,2.9,0.3224,-1.0,-0.094,0,94,1903342
2026-10-08 05:30,atp,ATP 1000,Shanghai Rolex Masters,Hard,3,Adolfo Vallejo,Valentin Royer,p2_games,under,13.5,0.6876,1.45,1.38,0.6776,1.0,-0.0511,0,94,1903342
2026-10-08 05:30,atp,ATP 1000,Shanghai Rolex Masters,Hard,3,Adolfo Vallejo,Valentin Royer,game_handicap,player_a,-0.5,0.5121,1.95,,,,,0,94,1903342
2026-10-08 05:30,atp,ATP 1000,Shanghai Rolex Masters,Hard,3,Adolfo Vallejo,Valentin Royer,game_handicap,player_b,0.5,0.4879,2.05,,,,,0,94,1903342
2026-10-08 05:30,atp,ATP 1000,Shanghai Rolex Masters,Hard,3,Bernard Tomic,Matteo Arnaldi,winner,player_a,,0.2868,3.49,2.7,0.3556,-6.9,-0.2255,0,100,1903687
2026-10-08 05:30,atp,ATP 1000,Shanghai Rolex Masters,Hard,3,Bernard Tomic,Matteo Arnaldi,winner,player_b,,0.7132,1.4,1.49,0.6444,6.9,0.0626,0,100,1903687
2026-10-08 05:30,atp,ATP 1000,Shanghai Rolex Masters,Hard,3,Bernard Tomic,Matteo Arnaldi,total_games,over,19.5,0.6526,1.53,1.35,0.7065,-5.4,-0.119,0,100,1903687
2026-10-08 05:30,atp,ATP 1000,Shanghai Rolex Masters,Hard,3,Bernard Tomic,Matteo Arnaldi,total_games,under,19.5,0.3474,2.88,3.25,0.2935,5.4,0.1291,0,100,1903687
2026-10-08 05:30,atp,ATP 1000,Shanghai Rolex Masters,Hard,3,Bernard Tomic,Matteo Arnaldi,total_games,over,20.5,0.5732,1.74,1.51,0.6326,-5.9,-0.1345,0,100,1903687
2026-10-08 05:30,atp,ATP 1000,Shanghai Rolex Masters,Hard,3,Bernard Tomic,Matteo Arnaldi,total_games,under,20.5,0.4268,2.34,2.6,0.3674,5.9,0.1097,0,100,1903687
2026-10-08 05:30,atp,ATP 1000,Shanghai Rolex Masters,Hard,3,Bernard Tomic,Matteo Arnaldi,total_games,over,21.5,0.5192,1.93,1.65,0.5769,-5.8,-0.1433,0,100,1903687
2026-10-08 05:30,atp,ATP 1000,Shanghai Rolex Masters,Hard,3,Bernard Tomic,Matteo Arnaldi,total_games,under,21.5,0.4808,2.08,2.25,0.4231,5.8,0.0817,0,100,1903687
2026-10-08 05:30,atp,ATP 1000,Shanghai Rolex Masters,Hard,3,Bernard Tomic,Matteo Arnaldi,total_games,over,22.5,0.4448,2.25,1.91,0.4987,-5.4,-0.1505,0,100,1903687
2026-10-08 05:30,atp,ATP 1000,Shanghai Rolex Masters,Hard,3,Bernard Tomic,Matteo Arnaldi,total_games,under,22.5,0.5552,1.8,1.9,0.5013,5.4,0.055,0,100,1903687
2026-10-08 05:30,atp,ATP 1000,Shanghai Rolex Masters,Hard,3,Bernard Tomic,Matteo Arnaldi,total_games,over,23.5,0.3921,2.55,2.17,0.4393,-4.7,-0.1491,0,100,1903687
2026-10-08 05:30,atp,ATP 1000,Shanghai Rolex Masters,Hard,3,Bernard Tomic,Matteo Arnaldi,total_games,under,23.5,0.6079,1.65,1.7,0.5607,4.7,0.0334,0,100,1903687
2026-10-08 05:30,atp,ATP 1000,Shanghai Rolex Masters,Hard,3,Bernard Tomic,Matteo Arnaldi,total_games,over,24.5,0.3802,2.63,2.23,0.4267,-4.7,-0.1522,0,100,1903687
2026-10-08 05:30,atp,ATP 1000,Shanghai Rolex Masters,Hard,3,Bernard Tomic,Matteo Arnaldi,total_games,under,24.5,0.6198,1.61,1.66,0.5733,4.7,0.0289,0,100,1903687
2026-10-08 05:30,atp,ATP 1000,Shanghai Rolex Masters,Hard,3,Bernard Tomic,Matteo Arnaldi,total_games,over,25.5,0.3485,2.87,2.42,0.3935,-4.5,-0.1566,0,100,1903687
2026-10-08 05:30,atp,ATP 1000,Shanghai Rolex Masters,Hard,3,Bernard Tomic,Matteo Arnaldi,total_games,under,25.5,0.6515,1.53,1.57,0.6065,4.5,0.0228,0,100,1903687
2026-10-08 05:30,atp,ATP 1000,Shanghai Rolex Masters,Hard,3,Bernard Tomic,Matteo Arnaldi,p1_games,over,10.5,0.5085,1.97,1.61,0.5818,-7.3,-0.1813,0,100,1903687
2026-10-08 05:30,atp,ATP 1000,Shanghai Rolex Masters,Hard,3,Bernard Tomic,Matteo Arnaldi,p1_games,under,10.5,0.4915,2.03,2.24,0.4182,7.3,0.101,0,100,1903687
2026-10-08 05:30,atp,ATP 1000,Shanghai Rolex Masters,Hard,3,Bernard Tomic,Matteo Arnaldi,p1_games,over,11.5,0.473,2.11,1.71,0.5476,-7.5,-0.1912,0,100,1903687
2026-10-08 05:30,atp,ATP 1000,Shanghai Rolex Masters,Hard,3,Bernard Tomic,Matteo Arnaldi,p1_games,under,11.5,0.527,1.9,2.07,0.4524,7.5,0.0909,0,100,1903687
2026-10-08 05:30,atp,ATP 1000,Shanghai Rolex Masters,Hard,3,Bernard Tomic,Matteo Arnaldi,p1_games,over,12.5,0.36,2.78,2.22,0.4204,-6.0,-0.2008,0,100,1903687
2026-10-08 05:30,atp,ATP 1000,Shanghai Rolex Masters,Hard,3,Bernard Tomic,Matteo Arnaldi,p1_games,under,12.5,0.64,1.56,1.61,0.5796,6.0,0.0304,0,100,1903687
2026-10-08 05:30,atp,ATP 1000,Shanghai Rolex Masters,Hard,3,Bernard Tomic,Matteo Arnaldi,p2_games,over,11.5,0.8393,1.19,1.21,0.7721,6.7,0.0155,0,100,1903687
2026-10-08 05:30,atp,ATP 1000,Shanghai Rolex Masters,Hard,3,Bernard Tomic,Matteo Arnaldi,p2_games,under,11.5,0.1607,6.22,4.1,0.2279,-6.7,-0.3411,0,100,1903687
2026-10-08 05:30,atp,ATP 1000,Shanghai Rolex Masters,Hard,3,Bernard Tomic,Matteo Arnaldi,p2_games,over,12.5,0.5119,1.95,1.75,0.5346,-2.3,-0.1042,0,100,1903687
2026-10-08 05:30,atp,ATP 1000,Shanghai Rolex Masters,Hard,3,Bernard Tomic,Matteo Arnaldi,p2_games,under,12.5,0.4881,2.05,2.01,0.4654,2.3,-0.0189,0,100,1903687
2026-10-08 05:30,atp,ATP 1000,Shanghai Rolex Masters,Hard,3,Bernard Tomic,Matteo Arnaldi,p2_games,over,13.5,0.3224,3.1,2.6,0.3596,-3.7,-0.1617,0,100,1903687
2026-10-08 05:30,atp,ATP 1000,Shanghai Rolex Masters,Hard,3,Bernard Tomic,Matteo Arnaldi,p2_games,under,13.5,0.6776,1.48,1.46,0.6404,3.7,-0.0108,0,100,1903687
2026-10-08 05:30,atp,ATP 1000,Shanghai Rolex Masters,Hard,3,Bernard Tomic,Matteo Arnaldi,game_handicap,player_a,3.5,0.4726,2.12,,,,,0,100,1903687
2026-10-08 05:30,atp,ATP 1000,Shanghai Rolex Masters,Hard,3,Bernard Tomic,Matteo Arnaldi,game_handicap,player_b,-3.5,0.5274,1.9,,,,,0,100,1903687
2026-10-08 05:30,atp,ATP 1000,Shanghai Rolex Masters,Hard,3,Hubert Hurkacz,James Duckworth,winner,player_a,,0.7815,1.28,1.41,0.6803,10.1,0.102,0,100,1903346
2026-10-08 05:30,atp,ATP 1000,Shanghai Rolex Masters,Hard,3,Hubert Hurkacz,James Duckworth,winner,player_b,,0.2185,4.58,3.0,0.3197,-10.1,-0.3446,0,100,1903346
2026-10-08 05:30,atp,ATP 1000,Shanghai Rolex Masters,Hard,3,Hubert Hurkacz,James Duckworth,total_games,over,20.5,0.6255,1.6,1.39,0.6834,-5.8,-0.1306,0,100,1903346
2026-10-08 05:30,atp,ATP 1000,Shanghai Rolex Masters,Hard,3,Hubert Hurkacz,James Duckworth,total_games,under,20.5,0.3745,2.67,3.0,0.3166,5.8,0.1236,0,100,1903346
2026-10-08 05:30,atp,ATP 1000,Shanghai Rolex Masters,Hard,3,Hubert Hurkacz,James Duckworth,total_games,over,21.5,0.5695,1.76,1.5,0.6341,-6.5,-0.1457,0,100,1903346
2026-10-08 05:30,atp,ATP 1000,Shanghai Rolex Masters,Hard,3,Hubert Hurkacz,James Duckworth,total_games,under,21.5,0.4305,2.32,2.6,0.3659,6.5,0.1192,0,100,1903346
2026-10-08 05:30,atp,ATP 1000,Shanghai Rolex Masters,Hard,3,Hubert Hurkacz,James Duckworth,total_games,over,22.5,0.4723,2.12,1.76,0.5405,-6.8,-0.1688,0,100,1903346
2026-10-08 05:30,atp,ATP 1000,Shanghai Rolex Masters,Hard,3,Hubert Hurkacz,James Duckworth,total_games,under,22.5,0.5277,1.89,2.07,0.4595,6.8,0.0924,0,100,1903346
2026-10-08 05:30,atp,ATP 1000,Shanghai Rolex Masters,Hard,3,Hubert Hurkacz,James Duckworth,total_games,over,23.5,0.394,2.54,2.05,0.4648,-7.1,-0.1924,0,100,1903346
2026-10-08 05:30,atp,ATP 1000,Shanghai Rolex Masters,Hard,3,Hubert Hurkacz,James Duckworth,total_games,under,23.5,0.606,1.65,1.78,0.5352,7.1,0.0788,0,100,1903346
2026-10-08 05:30,atp,ATP 1000,Shanghai Rolex Masters,Hard,3,Hubert Hurkacz,James Duckworth,total_games,over,24.5,0.3877,2.58,2.09,0.4557,-6.8,-0.1897,0,100,1903346
2026-10-08 05:30,atp,ATP 1000,Shanghai Rolex Masters,Hard,3,Hubert Hurkacz,James Duckworth,total_games,under,24.5,0.6123,1.63,1.75,0.5443,6.8,0.0715,0,100,1903346
2026-10-08 05:30,atp,ATP 1000,Shanghai Rolex Masters,Hard,3,Hubert Hurkacz,James Duckworth,total_games,over,25.5,0.3582,2.79,2.25,0.4231,-6.5,-0.194,0,100,1903346
2026-10-08 05:30,atp,ATP 1000,Shanghai Rolex Masters,Hard,3,Hubert Hurkacz,James Duckworth,total_games,under,25.5,0.6418,1.56,1.65,0.5769,6.5,0.0589,0,100,1903346
2026-10-08 05:30,atp,ATP 1000,Shanghai Rolex Masters,Hard,3,Hubert Hurkacz,James Duckworth,total_games,over,26.5,0.3092,3.23,2.55,0.3735,-6.4,-0.2115,0,100,1903346
2026-10-08 05:30,atp,ATP 1000,Shanghai Rolex Masters,Hard,3,Hubert Hurkacz,James Duckworth,total_games,under,26.5,0.6908,1.45,1.52,0.6265,6.4,0.05,0,100,1903346
2026-10-08 05:30,atp,ATP 1000,Shanghai Rolex Masters,Hard,3,Hubert Hurkacz,James Duckworth,p1_games,over,12.5,0.5808,1.72,1.52,0.6152,-3.4,-0.1171,0,100,1903346
2026-10-08 05:30,atp,ATP 1000,Shanghai Rolex Masters,Hard,3,Hubert Hurkacz,James Duckworth,p1_games,under,12.5,0.4192,2.39,2.43,0.3848,3.4,0.0186,0,100,1903346
2026-10-08 05:30,atp,ATP 1000,Shanghai Rolex Masters,Hard,3,Hubert Hurkacz,James Duckworth,p1_games,over,13.5,0.3479,2.87,2.25,0.4156,-6.8,-0.2173,0,100,1903346
2026-10-08 05:30,atp,ATP 1000,Shanghai Rolex Masters,Hard,3,Hubert Hurkacz,James Duckworth,p1_games,under,13.5,0.6521,1.53,1.6,0.5844,6.8,0.0434,0,100,1903346
2026-10-08 05:30,atp,ATP 1000,Shanghai Rolex Masters,Hard,3,Hubert Hurkacz,James Duckworth,p1_games,over,14.5,0.2812,3.56,2.75,0.3405,-5.9,-0.2267,0,100,1903346
2026-10-08 05:30,atp,ATP 1000,Shanghai Rolex Masters,Hard,3,Hubert Hurkacz,James Duckworth,p1_games,under,14.5,0.7188,1.39,1.42,0.6595,5.9,0.0207,0,100,1903346
2026-10-08 05:30,atp,ATP 1000,Shanghai Rolex Masters,Hard,3,Hubert Hurkacz,James Duckworth,p2_games,over,11.5,0.4373,2.29,1.64,0.5696,-13.2,-0.2829,0,100,1903346
2026-10-08 05:30,atp,ATP 1000,Shanghai Rolex Masters,Hard,3,Hubert Hurkacz,James Duckworth,p2_games,under,11.5,0.5627,1.78,2.17,0.4304,13.2,0.2211,0,100,1903346
2026-10-08 05:30,atp,ATP 1000,Shanghai Rolex Masters,Hard,3,Hubert Hurkacz,James Duckworth,p2_games,over,12.5,0.3542,2.82,2.0,0.4667,-11.2,-0.2916,0,100,1903346
2026-10-08 05:30,atp,ATP 1000,Shanghai Rolex Masters,Hard,3,Hubert Hurkacz,James Duckworth,p2_games,under,12.5,0.6458,1.55,1.75,0.5333,11.2,0.1301,0,100,1903346
2026-10-08 05:30,atp,ATP 1000,Shanghai Rolex Masters,Hard,3,Hubert Hurkacz,James Duckworth,p2_games,over,13.5,0.2658,3.76,2.65,0.3521,-8.6,-0.2956,0,100,1903346
2026-10-08 05:30,atp,ATP 1000,Shanghai Rolex Masters,Hard,3,Hubert Hurkacz,James Duckworth,p2_games,under,13.5,0.7342,1.36,1.44,0.6479,8.6,0.0572,0,100,1903346
2026-10-08 05:30,atp,ATP 1000,Shanghai Rolex Masters,Hard,3,Hubert Hurkacz,James Duckworth,game_handicap,player_a,-3.5,0.5369,1.86,,,,,0,100,1903346
2026-10-08 05:30,atp,ATP 1000,Shanghai Rolex Masters,Hard,3,Hubert Hurkacz,James Duckworth,game_handicap,player_b,3.5,0.4631,2.16,,,,,0,100,1903346
2026-10-08 05:30,atp,ATP 1000,Shanghai Rolex Masters,Hard,3,Mariano Navone,Pablo Carreno Busta,winner,player_a,,0.4343,2.3,1.72,0.559,-12.5,-0.253,0,100,1903339
2026-10-08 05:30,atp,ATP 1000,Shanghai Rolex Masters,Hard,3,Mariano Navone,Pablo Carreno Busta,winner,player_b,,0.5657,1.77,2.18,0.441,12.5,0.2333,0,100,1903339
2026-10-08 05:30,atp,ATP 1000,Shanghai Rolex Masters,Hard,3,Mariano Navone,Pablo Carreno Busta,total_games,over,19.5,0.6409,1.56,1.35,0.7033,-6.2,-0.1347,0,100,1903339
2026-10-08 05:30,atp,ATP 1000,Shanghai Rolex Masters,Hard,3,Mariano Navone,Pablo Carreno Busta,total_games,under,19.5,0.3591,2.78,3.2,0.2967,6.2,0.149,0,100,1903339
2026-10-08 05:30,atp,ATP 1000,Shanghai Rolex Masters,Hard,3,Mariano Navone,Pablo Carreno Busta,total_games,over,20.5,0.5696,1.76,1.52,0.6265,-5.7,-0.1341,0,100,1903339
2026-10-08 05:30,atp,ATP 1000,Shanghai Rolex Masters,Hard,3,Mariano Navone,Pablo Carreno Busta,total_games,under,20.5,0.4304,2.32,2.55,0.3735,5.7,0.0974,0,100,1903339
2026-10-08 05:30,atp,ATP 1000,Shanghai Rolex Masters,Hard,3,Mariano Navone,Pablo Carreno Busta,total_games,over,21.5,0.518,1.93,1.66,0.5744,-5.6,-0.1401,0,100,1903339
2026-10-08 05:30,atp,ATP 1000,Shanghai Rolex Masters,Hard,3,Mariano Navone,Pablo Carreno Busta,total_games,under,21.5,0.482,2.07,2.24,0.4256,5.6,0.0796,0,100,1903339
2026-10-08 05:30,atp,ATP 1000,Shanghai Rolex Masters,Hard,3,Mariano Navone,Pablo Carreno Busta,total_games,over,22.5,0.4541,2.2,1.91,0.4987,-4.5,-0.1327,0,100,1903339
2026-10-08 05:30,atp,ATP 1000,Shanghai Rolex Masters,Hard,3,Mariano Navone,Pablo Carreno Busta,total_games,under,22.5,0.5459,1.83,1.9,0.5013,4.5,0.0373,0,100,1903339
2026-10-08 05:30,atp,ATP 1000,Shanghai Rolex Masters,Hard,3,Mariano Navone,Pablo Carreno Busta,total_games,over,23.5,0.4113,2.43,2.14,0.4442,-3.3,-0.1198,0,100,1903339
2026-10-08 05:30,atp,ATP 1000,Shanghai Rolex Masters,Hard,3,Mariano Navone,Pablo Carreno Busta,total_games,under,23.5,0.5887,1.7,1.71,0.5558,3.3,0.0067,0,100,1903339
2026-10-08 05:30,atp,ATP 1000,Shanghai Rolex Masters,Hard,3,Mariano Navone,Pablo Carreno Busta,total_games,over,24.5,0.3923,2.55,2.21,0.4304,-3.8,-0.1331,0,100,1903339
2026-10-08 05:30,atp,ATP 1000,Shanghai Rolex Masters,Hard,3,Mariano Navone,Pablo Carreno Busta,total_games,under,24.5,0.6077,1.65,1.67,0.5696,3.8,0.0149,0,100,1903339
2026-10-08 05:30,atp,ATP 1000,Shanghai Rolex Masters,Hard,3,Mariano Navone,Pablo Carreno Busta,total_games,over,25.5,0.3549,2.82,2.41,0.3945,-4.0,-0.1446,0,100,1903339
2026-10-08 05:30,atp,ATP 1000,Shanghai Rolex Masters,Hard,3,Mariano Navone,Pablo Carreno Busta,total_games,under,25.5,0.6451,1.55,1.57,0.6055,4.0,0.0127,0,100,1903339
2026-10-08 05:30,atp,ATP 1000,Shanghai Rolex Masters,Hard,3,Mariano Navone,Pablo Carreno Busta,p1_games,over,11.5,0.5977,1.67,1.32,0.708,-11.0,-0.211,0,100,1903339
2026-10-08 05:30,atp,ATP 1000,Shanghai Rolex Masters,Hard,3,Mariano Navone,Pablo Carreno Busta,p1_games,under,11.5,0.4023,2.49,3.2,0.292,11.0,0.2874,0,100,1903339
2026-10-08 05:30,atp,ATP 1000,Shanghai Rolex Masters,Hard,3,Mariano Navone,Pablo Carreno Busta,p1_games,over,12.5,0.4105,2.44,1.85,0.5053,-9.5,-0.2407,0,100,1903339
2026-10-08 05:30,atp,ATP 1000,Shanghai Rolex Masters,Hard,3,Mariano Navone,Pablo Carreno Busta,p1_games,under,12.5,0.5895,1.7,1.89,0.4947,9.5,0.1142,0,100,1903339
2026-10-08 05:30,atp,ATP 1000,Shanghai Rolex Masters,Hard,3,Mariano Navone,Pablo Carreno Busta,p1_games,over,13.5,0.2786,3.59,2.7,0.3462,-6.8,-0.2478,0,100,1903339
2026-10-08 05:30,atp,ATP 1000,Shanghai Rolex Masters,Hard,3,Mariano Navone,Pablo Carreno Busta,p1_games,under,13.5,0.7214,1.39,1.43,0.6538,6.8,0.0316,0,100,1903339
2026-10-08 05:30,atp,ATP 1000,Shanghai Rolex Masters,Hard,3,Mariano Navone,Pablo Carreno Busta,p2_games,over,11.5,0.7126,1.4,1.51,0.6187,9.4,0.076,0,100,1903339
2026-10-08 05:30,atp,ATP 1000,Shanghai Rolex Masters,Hard,3,Mariano Navone,Pablo Carreno Busta,p2_games,under,11.5,0.2874,3.48,2.45,0.3813,-9.4,-0.2959,0,100,1903339
2026-10-08 05:30,atp,ATP 1000,Shanghai Rolex Masters,Hard,3,Mariano Navone,Pablo Carreno Busta,p2_games,over,12.5,0.4559,2.19,2.03,0.4601,-0.4,-0.0745,0,100,1903339
2026-10-08 05:30,atp,ATP 1000,Shanghai Rolex Masters,Hard,3,Mariano Navone,Pablo Carreno Busta,p2_games,under,12.5,0.5441,1.84,1.73,0.5399,0.4,-0.0587,0,100,1903339
2026-10-08 05:30,atp,ATP 1000,Shanghai Rolex Masters,Hard,3,Mariano Navone,Pablo Carreno Busta,p2_games,over,13.5,0.3017,3.31,2.9,0.3224,-2.1,-0.125,0,100,1903339
2026-10-08 05:30,atp,ATP 1000,Shanghai Rolex Masters,Hard,3,Mariano Navone,Pablo Carreno Busta,p2_games,under,13.5,0.6983,1.43,1.38,0.6776,2.1,-0.0364,0,100,1903339
2026-10-08 05:30,atp,ATP 1000,Shanghai Rolex Masters,Hard,3,Mariano Navone,Pablo Carreno Busta,game_handicap,player_a,1.5,0.4815,2.08,,,,,0,100,1903339
2026-10-08 05:30,atp,ATP 1000,Shanghai Rolex Masters,Hard,3,Mariano Navone,Pablo Carreno Busta,game_handicap,player_b,-1.5,0.5185,1.93,,,,,0,100,1903339
2026-10-08 05:30,atp,ATP 1000,Shanghai Rolex Masters,Hard,3,Thiago Agustin Tirante,Hamad Medjedovic,winner,player_a,,0.5033,1.99,1.69,0.5678,-6.4,-0.1494,0,100,1903345
2026-10-08 05:30,atp,ATP 1000,Shanghai Rolex Masters,Hard,3,Thiago Agustin Tirante,Hamad Medjedovic,winner,player_b,,0.4967,2.01,2.22,0.4322,6.4,0.1027,0,100,1903345
2026-10-08 05:30,atp,ATP 1000,Shanghai Rolex Masters,Hard,3,Thiago Agustin Tirante,Hamad Medjedovic,total_games,over,19.5,0.7563,1.32,1.32,0.7233,3.3,-0.0017,0,100,1903345
2026-10-08 05:30,atp,ATP 1000,Shanghai Rolex Masters,Hard,3,Thiago Agustin Tirante,Hamad Medjedovic,total_games,under,19.5,0.2437,4.1,3.45,0.2767,-3.3,-0.1593,0,100,1903345
2026-10-08 05:30,atp,ATP 1000,Shanghai Rolex Masters,Hard,3,Thiago Agustin Tirante,Hamad Medjedovic,total_games,over,20.5,0.6757,1.48,1.47,0.6475,2.8,-0.0067,0,100,1903345
2026-10-08 05:30,atp,ATP 1000,Shanghai Rolex Masters,Hard,3,Thiago Agustin Tirante,Hamad Medjedovic,total_games,under,20.5,0.3243,3.08,2.7,0.3525,-2.8,-0.1244,0,100,1903345
2026-10-08 05:30,atp,ATP 1000,Shanghai Rolex Masters,Hard,3,Thiago Agustin Tirante,Hamad Medjedovic,total_games,over,21.5,0.623,1.61,1.6,0.5949,2.8,-0.0032,0,100,1903345
2026-10-08 05:30,atp,ATP 1000,Shanghai Rolex Masters,Hard,3,Thiago Agustin Tirante,Hamad Medjedovic,total_games,under,21.5,0.377,2.65,2.35,0.4051,-2.8,-0.1141,0,100,1903345
2026-10-08 05:30,atp,ATP 1000,Shanghai Rolex Masters,Hard,3,Thiago Agustin Tirante,Hamad Medjedovic,total_games,over,22.5,0.533,1.88,1.85,0.5144,1.9,-0.014,0,100,1903345
2026-10-08 05:30,atp,ATP 1000,Shanghai Rolex Masters,Hard,3,Thiago Agustin Tirante,Hamad Medjedovic,total_games,under,22.5,0.467,2.14,1.96,0.4856,-1.9,-0.0847,0,100,1903345
2026-10-08 05:30,atp,ATP 1000,Shanghai Rolex Masters,Hard,3,Thiago Agustin Tirante,Hamad Medjedovic,total_games,over,23.5,0.4613,2.17,2.1,0.4545,0.7,-0.0313,0,100,1903345
2026-10-08 05:30,atp,ATP 1000,Shanghai Rolex Masters,Hard,3,Thiago Agustin Tirante,Hamad Medjedovic,total_games,under,23.5,0.5387,1.86,1.75,0.5455,-0.7,-0.0572,0,100,1903345
2026-10-08 05:30,atp,ATP 1000,Shanghai Rolex Masters,Hard,3,Thiago Agustin Tirante,Hamad Medjedovic,total_games,over,24.5,0.4527,2.21,2.15,0.443,1.0,-0.0266,0,100,1903345
2026-10-08 05:30,atp,ATP 1000,Shanghai Rolex Masters,Hard,3,Thiago Agustin Tirante,Hamad Medjedovic,total_games,under,24.5,0.5473,1.83,1.71,0.557,-1.0,-0.0642,0,100,1903345
2026-10-08 05:30,atp,ATP 1000,Shanghai Rolex Masters,Hard,3,Thiago Agustin Tirante,Hamad Medjedovic,total_games,over,25.5,0.4201,2.38,2.34,0.4076,1.3,-0.0169,0,100,1903345
2026-10-08 05:30,atp,ATP 1000,Shanghai Rolex Masters,Hard,3,Thiago Agustin Tirante,Hamad Medjedovic,total_games,under,25.5,0.5799,1.72,1.61,0.5924,-1.3,-0.0664,0,100,1903345
2026-10-08 05:30,atp,ATP 1000,Shanghai Rolex Masters,Hard,3,Thiago Agustin Tirante,Hamad Medjedovic,p1_games,over,11.5,0.6994,1.43,1.27,0.7338,-3.4,-0.1118,0,100,1903345
2026-10-08 05:30,atp,ATP 1000,Shanghai Rolex Masters,Hard,3,Thiago Agustin Tirante,Hamad Medjedovic,p1_games,under,11.5,0.3006,3.33,3.5,0.2662,3.4,0.0521,0,100,1903345
2026-10-08 05:30,atp,ATP 1000,Shanghai Rolex Masters,Hard,3,Thiago Agustin Tirante,Hamad Medjedovic,p1_games,over,12.5,0.5184,1.93,1.67,0.5594,-4.1,-0.1343,0,100,1903345
2026-10-08 05:30,atp,ATP 1000,Shanghai Rolex Masters,Hard,3,Thiago Agustin Tirante,Hamad Medjedovic,p1_games,under,12.5,0.4816,2.08,2.12,0.4406,4.1,0.021,0,100,1903345
2026-10-08 05:30,atp,ATP 1000,Shanghai Rolex Masters,Hard,3,Thiago Agustin Tirante,Hamad Medjedovic,p1_games,over,13.5,0.3573,2.8,2.4,0.3893,-3.2,-0.1425,0,100,1903345
2026-10-08 05:30,atp,ATP 1000,Shanghai Rolex Masters,Hard,3,Thiago Agustin Tirante,Hamad Medjedovic,p1_games,under,13.5,0.6427,1.56,1.53,0.6107,3.2,-0.0166,0,100,1903345
2026-10-08 05:30,atp,ATP 1000,Shanghai Rolex Masters,Hard,3,Thiago Agustin Tirante,Hamad Medjedovic,p2_games,over,11.5,0.6926,1.44,1.45,0.642,5.1,0.0043,0,100,1903345
2026-10-08 05:30,atp,ATP 1000,Shanghai Rolex Masters,Hard,3,Thiago Agustin Tirante,Hamad Medjedovic,p2_games,under,11.5,0.3074,3.25,2.6,0.358,-5.1,-0.2008,0,100,1903345
2026-10-08 05:30,atp,ATP 1000,Shanghai Rolex Masters,Hard,3,Thiago Agustin Tirante,Hamad Medjedovic,p2_games,over,12.5,0.5151,1.94,1.84,0.5067,0.8,-0.0522,0,100,1903345
2026-10-08 05:30,atp,ATP 1000,Shanghai Rolex Masters,Hard,3,Thiago Agustin Tirante,Hamad Medjedovic,p2_games,under,12.5,0.4849,2.06,1.89,0.4933,-0.8,-0.0836,0,100,1903345
2026-10-08 05:30,atp,ATP 1000,Shanghai Rolex Masters,Hard,3,Thiago Agustin Tirante,Hamad Medjedovic,p2_games,over,13.5,0.3559,2.81,2.55,0.3657,-1.0,-0.0925,0,100,1903345
2026-10-08 05:30,atp,ATP 1000,Shanghai Rolex Masters,Hard,3,Thiago Agustin Tirante,Hamad Medjedovic,p2_games,under,13.5,0.6441,1.55,1.47,0.6343,1.0,-0.0532,0,100,1903345
2026-10-08 05:30,atp,ATP 1000,Shanghai Rolex Masters,Hard,3,Thiago Agustin Tirante,Hamad Medjedovic,game_handicap,player_a,-0.5,0.4849,2.06,,,,,0,100,1903345
2026-10-08 05:30,atp,ATP 1000,Shanghai Rolex Masters,Hard,3,Thiago Agustin Tirante,Hamad Medjedovic,game_handicap,player_b,0.5,0.5151,1.94,,,,,0,100,1903345
2026-10-08 07:00,atp,ATP 1000,Shanghai Rolex Masters,Hard,3,Fabian Marozsan,Zachary Svajda,winner,player_a,,0.5795,1.73,,,,,0,94,1903351
2026-10-08 07:00,atp,ATP 1000,Shanghai Rolex Masters,Hard,3,Fabian Marozsan,Zachary Svajda,winner,player_b,,0.4205,2.38,,,,,0,94,1903351
2026-10-08 07:00,atp,ATP 1000,Shanghai Rolex Masters,Hard,3,Fabian Marozsan,Zachary Svajda,total_games,over,22.5,0.495,2.02,,,,,0,94,1903351
2026-10-08 07:00,atp,ATP 1000,Shanghai Rolex Masters,Hard,3,Fabian Marozsan,Zachary Svajda,total_games,under,22.5,0.505,1.98,,,,,0,94,1903351
2026-10-08 07:00,atp,ATP 1000,Shanghai Rolex Masters,Hard,3,Fabian Marozsan,Zachary Svajda,p1_games,over,13.5,0.3396,2.94,,,,,0,94,1903351
2026-10-08 07:00,atp,ATP 1000,Shanghai Rolex Masters,Hard,3,Fabian Marozsan,Zachary Svajda,p1_games,under,13.5,0.6604,1.51,,,,,0,94,1903351
2026-10-08 07:00,atp,ATP 1000,Shanghai Rolex Masters,Hard,3,Fabian Marozsan,Zachary Svajda,p2_games,over,12.5,0.4507,2.22,,,,,0,94,1903351
2026-10-08 07:00,atp,ATP 1000,Shanghai Rolex Masters,Hard,3,Fabian Marozsan,Zachary Svajda,p2_games,under,12.5,0.5493,1.82,,,,,0,94,1903351
2026-10-08 07:00,atp,ATP 1000,Shanghai Rolex Masters,Hard,3,Fabian Marozsan,Zachary Svajda,game_handicap,player_a,-1.5,0.5263,1.9,,,,,0,94,1903351
2026-10-08 07:00,atp,ATP 1000,Shanghai Rolex Masters,Hard,3,Fabian Marozsan,Zachary Svajda,game_handicap,player_b,1.5,0.4737,2.11,,,,,0,94,1903351
2026-10-08 07:00,atp,ATP 1000,Shanghai Rolex Masters,Hard,3,Juan Manuel Cerundolo,Nicolas Mejia,winner,player_a,,0.7044,1.42,,,,,0,94,1903699
2026-10-08 07:00,atp,ATP 1000,Shanghai Rolex Masters,Hard,3,Juan Manuel Cerundolo,Nicolas Mejia,winner,player_b,,0.2956,3.38,,,,,0,94,1903699
2026-10-08 07:00,atp,ATP 1000,Shanghai Rolex Masters,Hard,3,Juan Manuel Cerundolo,Nicolas Mejia,total_games,over,21.5,0.4983,2.01,,,,,0,94,1903699
2026-10-08 07:00,atp,ATP 1000,Shanghai Rolex Masters,Hard,3,Juan Manuel Cerundolo,Nicolas Mejia,total_games,under,21.5,0.5017,1.99,,,,,0,94,1903699
2026-10-08 07:00,atp,ATP 1000,Shanghai Rolex Masters,Hard,3,Juan Manuel Cerundolo,Nicolas Mejia,p1_games,over,12.5,0.4889,2.05,,,,,0,94,1903699
2026-10-08 07:00,atp,ATP 1000,Shanghai Rolex Masters,Hard,3,Juan Manuel Cerundolo,Nicolas Mejia,p1_games,under,12.5,0.5111,1.96,,,,,0,94,1903699
2026-10-08 07:00,atp,ATP 1000,Shanghai Rolex Masters,Hard,3,Juan Manuel Cerundolo,Nicolas Mejia,p2_games,over,11.5,0.471,2.12,,,,,0,94,1903699
2026-10-08 07:00,atp,ATP 1000,Shanghai Rolex Masters,Hard,3,Juan Manuel Cerundolo,Nicolas Mejia,p2_games,under,11.5,0.529,1.89,,,,,0,94,1903699
2026-10-08 07:00,atp,ATP 1000,Shanghai Rolex Masters,Hard,3,Juan Manuel Cerundolo,Nicolas Mejia,game_handicap,player_a,-3.5,0.5343,1.87,,,,,0,94,1903699
2026-10-08 07:00,atp,ATP 1000,Shanghai Rolex Masters,Hard,3,Juan Manuel Cerundolo,Nicolas Mejia,game_handicap,player_b,3.5,0.4657,2.15,,,,,0,94,1903699
2026-10-08 07:00,atp,ATP 1000,Shanghai Rolex Masters,Hard,3,Marcos Giron,Sebastian Baez,winner,player_a,,0.4608,2.17,,,,,0,94,1903343
2026-10-08 07:00,atp,ATP 1000,Shanghai Rolex Masters,Hard,3,Marcos Giron,Sebastian Baez,winner,player_b,,0.5392,1.85,,,,,0,94,1903343
2026-10-08 07:00,atp,ATP 1000,Shanghai Rolex Masters,Hard,3,Marcos Giron,Sebastian Baez,total_games,over,22.5,0.4736,2.11,,,,,0,94,1903343
2026-10-08 07:00,atp,ATP 1000,Shanghai Rolex Masters,Hard,3,Marcos Giron,Sebastian Baez,total_games,under,22.5,0.5264,1.9,,,,,0,94,1903343
2026-10-08 07:00,atp,ATP 1000,Shanghai Rolex Masters,Hard,3,Marcos Giron,Sebastian Baez,p1_games,over,12.5,0.4414,2.27,,,,,0,94,1903343
2026-10-08 07:00,atp,ATP 1000,Shanghai Rolex Masters,Hard,3,Marcos Giron,Sebastian Baez,p1_games,under,12.5,0.5586,1.79,,,,,0,94,1903343
2026-10-08 07:00,atp,ATP 1000,Shanghai Rolex Masters,Hard,3,Marcos Giron,Sebastian Baez,p2_games,over,12.5,0.4693,2.13,,,,,0,94,1903343
2026-10-08 07:00,atp,ATP 1000,Shanghai Rolex Masters,Hard,3,Marcos Giron,Sebastian Baez,p2_games,under,12.5,0.5307,1.88,,,,,0,94,1903343
2026-10-08 07:00,atp,ATP 1000,Shanghai Rolex Masters,Hard,3,Marcos Giron,Sebastian Baez,game_handicap,player_a,0.5,0.4767,2.1,,,,,0,94,1903343
2026-10-08 07:00,atp,ATP 1000,Shanghai Rolex Masters,Hard,3,Marcos Giron,Sebastian Baez,game_handicap,player_b,-0.5,0.5233,1.91,,,,,0,94,1903343
2026-10-08 07:00,atp,ATP 1000,Shanghai Rolex Masters,Hard,3,Martin Landaluce,Jan-Lennard Struff,winner,player_a,,0.1861,5.37,,,,,0,72,1903340
2026-10-08 07:00,atp,ATP 1000,Shanghai Rolex Masters,Hard,3,Martin Landaluce,Jan-Lennard Struff,winner,player_b,,0.8139,1.23,,,,,0,72,1903340
2026-10-08 07:00,atp,ATP 1000,Shanghai Rolex Masters,Hard,3,Martin Landaluce,Jan-Lennard Struff,total_games,over,21.5,0.455,2.2,,,,,1,72,1903340
2026-10-08 07:00,atp,ATP 1000,Shanghai Rolex Masters,Hard,3,Martin Landaluce,Jan-Lennard Struff,total_games,under,21.5,0.545,1.83,,,,,1,72,1903340
2026-10-08 07:00,atp,ATP 1000,Shanghai Rolex Masters,Hard,3,Martin Landaluce,Jan-Lennard Struff,p1_games,over,9.5,0.443,2.26,,,,,1,72,1903340
2026-10-08 07:00,atp,ATP 1000,Shanghai Rolex Masters,Hard,3,Martin Landaluce,Jan-Lennard Struff,p1_games,under,9.5,0.557,1.8,,,,,1,72,1903340
2026-10-08 07:00,atp,ATP 1000,Shanghai Rolex Masters,Hard,3,Martin Landaluce,Jan-Lennard Struff,p2_games,over,12.5,0.4908,2.04,,,,,1,72,1903340
2026-10-08 07:00,atp,ATP 1000,Shanghai Rolex Masters,Hard,3,Martin Landaluce,Jan-Lennard Struff,p2_games,under,12.5,0.5092,1.96,,,,,1,72,1903340
2026-10-08 07:00,atp,ATP 1000,Shanghai Rolex Masters,Hard,3,Martin Landaluce,Jan-Lennard Struff,game_handicap,player_a,4.5,0.4901,2.04,,,,,1,72,1903340
2026-10-08 07:00,atp,ATP 1000,Shanghai Rolex Masters,Hard,3,Martin Landaluce,Jan-Lennard Struff,game_handicap,player_b,-4.5,0.5099,1.96,,,,,1,72,1903340
2026-10-08 08:30,atp,ATP 1000,Shanghai Rolex Masters,Hard,3,Botic van de Zandschulp,Daniel Merida Aguilar,winner,player_a,,0.4601,2.17,,,,,0,94,1903348
2026-10-08 08:30,atp,ATP 1000,Shanghai Rolex Masters,Hard,3,Botic van de Zandschulp,Daniel Merida Aguilar,winner,player_b,,0.5399,1.85,,,,,0,94,1903348
2026-10-08 08:30,atp,ATP 1000,Shanghai Rolex Masters,Hard,3,Botic van de Zandschulp,Daniel Merida Aguilar,total_games,over,22.5,0.4648,2.15,,,,,0,94,1903348
2026-10-08 08:30,atp,ATP 1000,Shanghai Rolex Masters,Hard,3,Botic van de Zandschulp,Daniel Merida Aguilar,total_games,under,22.5,0.5352,1.87,,,,,0,94,1903348
2026-10-08 08:30,atp,ATP 1000,Shanghai Rolex Masters,Hard,3,Botic van de Zandschulp,Daniel Merida Aguilar,p1_games,over,12.5,0.4312,2.32,,,,,0,94,1903348
2026-10-08 08:30,atp,ATP 1000,Shanghai Rolex Masters,Hard,3,Botic van de Zandschulp,Daniel Merida Aguilar,p1_games,under,12.5,0.5688,1.76,,,,,0,94,1903348
2026-10-08 08:30,atp,ATP 1000,Shanghai Rolex Masters,Hard,3,Botic van de Zandschulp,Daniel Merida Aguilar,p2_games,over,12.5,0.4589,2.18,,,,,0,94,1903348
2026-10-08 08:30,atp,ATP 1000,Shanghai Rolex Masters,Hard,3,Botic van de Zandschulp,Daniel Merida Aguilar,p2_games,under,12.5,0.5411,1.85,,,,,0,94,1903348
2026-10-08 08:30,atp,ATP 1000,Shanghai Rolex Masters,Hard,3,Botic van de Zandschulp,Daniel Merida Aguilar,game_handicap,player_a,0.5,0.476,2.1,,,,,0,94,1903348
2026-10-08 08:30,atp,ATP 1000,Shanghai Rolex Masters,Hard,3,Botic van de Zandschulp,Daniel Merida Aguilar,game_handicap,player_b,-0.5,0.524,1.91,,,,,0,94,1903348
2026-10-08 08:30,atp,ATP 1000,Shanghai Rolex Masters,Hard,3,Vit Kopriva,Zizou Bergs,winner,player_a,,0.371,2.7,,,,,0,94,1903344
2026-10-08 08:30,atp,ATP 1000,Shanghai Rolex Masters,Hard,3,Vit Kopriva,Zizou Bergs,winner,player_b,,0.629,1.59,,,,,0,94,1903344
2026-10-08 08:30,atp,ATP 1000,Shanghai Rolex Masters,Hard,3,Vit Kopriva,Zizou Bergs,total_games,over,22.5,0.4534,2.21,,,,,0,94,1903344
2026-10-08 08:30,atp,ATP 1000,Shanghai Rolex Masters,Hard,3,Vit Kopriva,Zizou Bergs,total_games,under,22.5,0.5466,1.83,,,,,0,94,1903344
2026-10-08 08:30,atp,ATP 1000,Shanghai Rolex Masters,Hard,3,Vit Kopriva,Zizou Bergs,p1_games,over,12.5,0.3914,2.55,,,,,0,94,1903344
2026-10-08 08:30,atp,ATP 1000,Shanghai Rolex Masters,Hard,3,Vit Kopriva,Zizou Bergs,p1_games,under,12.5,0.6086,1.64,,,,,0,94,1903344
2026-10-08 08:30,atp,ATP 1000,Shanghai Rolex Masters,Hard,3,Vit Kopriva,Zizou Bergs,p2_games,over,12.5,0.482,2.07,,,,,0,94,1903344
2026-10-08 08:30,atp,ATP 1000,Shanghai Rolex Masters,Hard,3,Vit Kopriva,Zizou Bergs,p2_games,under,12.5,0.518,1.93,,,,,0,94,1903344
2026-10-08 08:30,atp,ATP 1000,Shanghai Rolex Masters,Hard,3,Vit Kopriva,Zizou Bergs,game_handicap,player_a,2.5,0.4655,2.15,,,,,0,94,1903344
2026-10-08 08:30,atp,ATP 1000,Shanghai Rolex Masters,Hard,3,Vit Kopriva,Zizou Bergs,game_handicap,player_b,-2.5,0.5345,1.87,,,,,0,94,1903344
2026-10-08 10:00,atp,ATP 1000,Shanghai Rolex Masters,Hard,3,Luca Van Assche,Bu Yunchaokete,winner,player_a,,0.5517,1.81,,,,,0,94,1903349
2026-10-08 10:00,atp,ATP 1000,Shanghai Rolex Masters,Hard,3,Luca Van Assche,Bu Yunchaokete,winner,player_b,,0.4483,2.23,,,,,0,94,1903349
2026-10-08 10:00,atp,ATP 1000,Shanghai Rolex Masters,Hard,3,Luca Van Assche,Bu Yunchaokete,total_games,over,22.5,0.4883,2.05,,,,,0,94,1903349
2026-10-08 10:00,atp,ATP 1000,Shanghai Rolex Masters,Hard,3,Luca Van Assche,Bu Yunchaokete,total_games,under,22.5,0.5117,1.95,,,,,0,94,1903349
2026-10-08 10:00,atp,ATP 1000,Shanghai Rolex Masters,Hard,3,Luca Van Assche,Bu Yunchaokete,p1_games,over,12.5,0.4908,2.04,,,,,0,94,1903349
2026-10-08 10:00,atp,ATP 1000,Shanghai Rolex Masters,Hard,3,Luca Van Assche,Bu Yunchaokete,p1_games,under,12.5,0.5092,1.96,,,,,0,94,1903349
2026-10-08 10:00,atp,ATP 1000,Shanghai Rolex Masters,Hard,3,Luca Van Assche,Bu Yunchaokete,p2_games,over,12.5,0.4536,2.2,,,,,0,94,1903349
2026-10-08 10:00,atp,ATP 1000,Shanghai Rolex Masters,Hard,3,Luca Van Assche,Bu Yunchaokete,p2_games,under,12.5,0.5464,1.83,,,,,0,94,1903349
2026-10-08 10:00,atp,ATP 1000,Shanghai Rolex Masters,Hard,3,Luca Van Assche,Bu Yunchaokete,game_handicap,player_a,-0.5,0.5344,1.87,,,,,0,94,1903349
2026-10-08 10:00,atp,ATP 1000,Shanghai Rolex Masters,Hard,3,Luca Van Assche,Bu Yunchaokete,game_handicap,player_b,0.5,0.4656,2.15,,,,,0,94,1903349
2026-10-08 11:30,atp,ATP 1000,Shanghai Rolex Masters,Hard,3,Cameron Norrie,Dalibor Svrcina,winner,player_a,,0.728,1.37,,,,,0,94,1903685
2026-10-08 11:30,atp,ATP 1000,Shanghai Rolex Masters,Hard,3,Cameron Norrie,Dalibor Svrcina,winner,player_b,,0.272,3.68,,,,,0,94,1903685
2026-10-08 11:30,atp,ATP 1000,Shanghai Rolex Masters,Hard,3,Cameron Norrie,Dalibor Svrcina,total_games,over,21.5,0.4549,2.2,,,,,0,94,1903685
2026-10-08 11:30,atp,ATP 1000,Shanghai Rolex Masters,Hard,3,Cameron Norrie,Dalibor Svrcina,total_games,under,21.5,0.5451,1.83,,,,,0,94,1903685
2026-10-08 11:30,atp,ATP 1000,Shanghai Rolex Masters,Hard,3,Cameron Norrie,Dalibor Svrcina,p1_games,over,12.5,0.4565,2.19,,,,,0,94,1903685
2026-10-08 11:30,atp,ATP 1000,Shanghai Rolex Masters,Hard,3,Cameron Norrie,Dalibor Svrcina,p1_games,under,12.5,0.5435,1.84,,,,,0,94,1903685
2026-10-08 11:30,atp,ATP 1000,Shanghai Rolex Masters,Hard,3,Cameron Norrie,Dalibor Svrcina,p2_games,over,10.5,0.4641,2.15,,,,,0,94,1903685
2026-10-08 11:30,atp,ATP 1000,Shanghai Rolex Masters,Hard,3,Cameron Norrie,Dalibor Svrcina,p2_games,under,10.5,0.5359,1.87,,,,,0,94,1903685
2026-10-08 11:30,atp,ATP 1000,Shanghai Rolex Masters,Hard,3,Cameron Norrie,Dalibor Svrcina,game_handicap,player_a,-3.5,0.5823,1.72,,,,,0,94,1903685
2026-10-08 11:30,atp,ATP 1000,Shanghai Rolex Masters,Hard,3,Cameron Norrie,Dalibor Svrcina,game_handicap,player_b,3.5,0.4177,2.39,,,,,0,94,1903685
2026-10-08 07:00,wta,WTA 1000,China Open,Hard,3,Karolina Muchova,Nikola Bartunkova,winner,player_a,,0.777,1.29,1.39,0.6938,8.3,0.08,0,100,1903675
2026-10-08 07:00,wta,WTA 1000,China Open,Hard,3,Karolina Muchova,Nikola Bartunkova,winner,player_b,,0.223,4.48,3.15,0.3062,-8.3,-0.2974,0,100,1903675
2026-10-08 07:00,wta,WTA 1000,China Open,Hard,3,Karolina Muchova,Nikola Bartunkova,total_games,over,18.5,0.5736,1.74,1.36,0.7018,-12.8,-0.2199,0,100,1903675
2026-10-08 07:00,wta,WTA 1000,China Open,Hard,3,Karolina Muchova,Nikola Bartunkova,total_games,under,18.5,0.4264,2.35,3.2,0.2982,12.8,0.3645,0,100,1903675
2026-10-08 07:00,wta,WTA 1000,China Open,Hard,3,Karolina Muchova,Nikola Bartunkova,total_games,over,19.5,0.496,2.02,1.54,0.6179,-12.2,-0.2362,0,100,1903675
2026-10-08 07:00,wta,WTA 1000,China Open,Hard,3,Karolina Muchova,Nikola Bartunkova,total_games,under,19.5,0.504,1.98,2.49,0.3821,12.2,0.255,0,100,1903675
2026-10-08 07:00,wta,WTA 1000,China Open,Hard,3,Karolina Muchova,Nikola Bartunkova,total_games,over,20.5,0.4302,2.32,1.76,0.5417,-11.1,-0.2429,0,100,1903675
2026-10-08 07:00,wta,WTA 1000,China Open,Hard,3,Karolina Muchova,Nikola Bartunkova,total_games,under,20.5,0.5698,1.75,2.08,0.4583,11.1,0.1852,0,100,1903675
2026-10-08 07:00,wta,WTA 1000,China Open,Hard,3,Karolina Muchova,Nikola Bartunkova,total_games,over,21.5,0.3837,2.61,1.95,0.4882,-10.5,-0.2518,0,100,1903675
2026-10-08 07:00,wta,WTA 1000,China Open,Hard,3,Karolina Muchova,Nikola Bartunkova,total_games,under,21.5,0.6163,1.62,1.86,0.5118,10.5,0.1464,0,100,1903675
2026-10-08 07:00,wta,WTA 1000,China Open,Hard,3,Karolina Muchova,Nikola Bartunkova,total_games,over,22.5,0.3314,3.02,2.24,0.4242,-9.3,-0.2576,0,100,1903675
2026-10-08 07:00,wta,WTA 1000,China Open,Hard,3,Karolina Muchova,Nikola Bartunkova,total_games,under,22.5,0.6686,1.5,1.65,0.5758,9.3,0.1032,0,100,1903675
2026-10-08 07:00,wta,WTA 1000,China Open,Hard,3,Karolina Muchova,Nikola Bartunkova,total_games,over,23.5,0.2983,3.35,2.5,0.3812,-8.3,-0.2543,0,100,1903675
2026-10-08 07:00,wta,WTA 1000,China Open,Hard,3,Karolina Muchova,Nikola Bartunkova,total_games,under,23.5,0.7017,1.43,1.54,0.6188,8.3,0.0807,0,100,1903675
2026-10-08 07:00,wta,WTA 1000,China Open,Hard,3,Karolina Muchova,Nikola Bartunkova,total_games,over,24.5,0.282,3.55,2.6,0.3659,-8.4,-0.2668,0,100,1903675
2026-10-08 07:00,wta,WTA 1000,China Open,Hard,3,Karolina Muchova,Nikola Bartunkova,total_games,under,24.5,0.718,1.39,1.5,0.6341,8.4,0.077,0,100,1903675
2026-10-08 07:00,wta,WTA 1000,China Open,Hard,3,Karolina Muchova,Nikola Bartunkova,p1_games,over,11.5,0.8606,1.16,1.19,0.7871,7.4,0.0241,0,100,1903675
2026-10-08 07:00,wta,WTA 1000,China Open,Hard,3,Karolina Muchova,Nikola Bartunkova,p1_games,under,11.5,0.1394,7.17,4.4,0.2129,-7.4,-0.3867,0,100,1903675
2026-10-08 07:00,wta,WTA 1000,China Open,Hard,3,Karolina Muchova,Nikola Bartunkova,p1_games,over,12.5,0.4022,2.49,1.95,0.4786,-7.6,-0.2158,0,100,1903675
2026-10-08 07:00,wta,WTA 1000,China Open,Hard,3,Karolina Muchova,Nikola Bartunkova,p1_games,under,12.5,0.5978,1.67,1.79,0.5214,7.6,0.0701,0,100,1903675
2026-10-08 07:00,wta,WTA 1000,China Open,Hard,3,Karolina Muchova,Nikola Bartunkova,p1_games,over,13.5,0.2411,4.15,3.05,0.3068,-6.6,-0.2646,0,100,1903675
2026-10-08 07:00,wta,WTA 1000,China Open,Hard,3,Karolina Muchova,Nikola Bartunkova,p1_games,under,13.5,0.7589,1.32,1.35,0.6932,6.6,0.0245,0,100,1903675
2026-10-08 07:00,wta,WTA 1000,China Open,Hard,3,Karolina Muchova,Nikola Bartunkova,p2_games,over,9.5,0.4225,2.37,1.73,0.5411,-11.9,-0.269,0,100,1903675
2026-10-08 07:00,wta,WTA 1000,China Open,Hard,3,Karolina Muchova,Nikola Bartunkova,p2_games,under,9.5,0.5775,1.73,2.04,0.4589,11.9,0.178,0,100,1903675
2026-10-08 07:00,wta,WTA 1000,China Open,Hard,3,Karolina Muchova,Nikola Bartunkova,p2_games,over,10.5,0.3846,2.6,1.87,0.5,-11.5,-0.2808,0,100,1903675
2026-10-08 07:00,wta,WTA 1000,China Open,Hard,3,Karolina Muchova,Nikola Bartunkova,p2_games,under,10.5,0.6154,1.62,1.87,0.5,11.5,0.1508,0,100,1903675
2026-10-08 07:00,wta,WTA 1000,China Open,Hard,3,Karolina Muchova,Nikola Bartunkova,p2_games,over,11.5,0.3518,2.84,2.02,0.4628,-11.1,-0.2895,0,100,1903675
2026-10-08 07:00,wta,WTA 1000,China Open,Hard,3,Karolina Muchova,Nikola Bartunkova,p2_games,under,11.5,0.6482,1.54,1.74,0.5372,11.1,0.128,0,100,1903675
2026-10-08 07:00,wta,WTA 1000,China Open,Hard,3,Karolina Muchova,Nikola Bartunkova,game_handicap,player_a,-4.5,0.5652,1.77,,,,,0,100,1903675
2026-10-08 07:00,wta,WTA 1000,China Open,Hard,3,Karolina Muchova,Nikola Bartunkova,game_handicap,player_b,4.5,0.4348,2.3,,,,,0,100,1903675
2026-10-08 11:00,wta,WTA 1000,China Open,Hard,3,Ekaterina Alexandrova,Mirra Andreeva,winner,player_a,,0.3135,3.19,3.8,0.2534,6.0,0.1915,0,100,1903534
2026-10-08 11:00,wta,WTA 1000,China Open,Hard,3,Ekaterina Alexandrova,Mirra Andreeva,winner,player_b,,0.6865,1.46,1.29,0.7466,-6.0,-0.1145,0,100,1903534
2026-10-08 11:00,wta,WTA 1000,China Open,Hard,3,Ekaterina Alexandrova,Mirra Andreeva,total_games,over,19.5,0.5381,1.86,1.66,0.5643,-2.6,-0.1067,0,100,1903534
2026-10-08 11:00,wta,WTA 1000,China Open,Hard,3,Ekaterina Alexandrova,Mirra Andreeva,total_games,under,19.5,0.4619,2.17,2.15,0.4357,2.6,-0.007,0,100,1903534
2026-10-08 11:00,wta,WTA 1000,China Open,Hard,3,Ekaterina Alexandrova,Mirra Andreeva,total_games,over,20.5,0.4728,2.12,1.89,0.4947,-2.2,-0.1064,0,100,1903534
2026-10-08 11:00,wta,WTA 1000,China Open,Hard,3,Ekaterina Alexandrova,Mirra Andreeva,total_games,under,20.5,0.5272,1.9,1.85,0.5053,2.2,-0.0247,0,100,1903534
2026-10-08 11:00,wta,WTA 1000,China Open,Hard,3,Ekaterina Alexandrova,Mirra Andreeva,total_games,over,21.5,0.4255,2.35,2.1,0.4444,-1.9,-0.1065,0,100,1903534
2026-10-08 11:00,wta,WTA 1000,China Open,Hard,3,Ekaterina Alexandrova,Mirra Andreeva,total_games,under,21.5,0.5745,1.74,1.68,0.5556,1.9,-0.0348,0,100,1903534
2026-10-08 11:00,wta,WTA 1000,China Open,Hard,3,Ekaterina Alexandrova,Mirra Andreeva,p1_games,over,8.5,0.5654,1.77,1.76,0.5319,3.3,-0.0049,0,100,1903534
2026-10-08 11:00,wta,WTA 1000,China Open,Hard,3,Ekaterina Alexandrova,Mirra Andreeva,p1_games,under,8.5,0.4346,2.3,2.0,0.4681,-3.3,-0.1308,0,100,1903534
2026-10-08 11:00,wta,WTA 1000,China Open,Hard,3,Ekaterina Alexandrova,Mirra Andreeva,p1_games,over,9.5,0.5222,1.91,1.94,0.4813,4.1,0.0131,0,100,1903534
2026-10-08 11:00,wta,WTA 1000,China Open,Hard,3,Ekaterina Alexandrova,Mirra Andreeva,p1_games,under,9.5,0.4778,2.09,1.8,0.5187,-4.1,-0.14,0,100,1903534
2026-10-08 11:00,wta,WTA 1000,China Open,Hard,3,Ekaterina Alexandrova,Mirra Andreeva,p1_games,over,10.5,0.4853,2.06,2.13,0.4395,4.6,0.0338,0,100,1903534
2026-10-08 11:00,wta,WTA 1000,China Open,Hard,3,Ekaterina Alexandrova,Mirra Andreeva,p1_games,under,10.5,0.5147,1.94,1.67,0.5605,-4.6,-0.1405,0,100,1903534
2026-10-08 11:00,wta,WTA 1000,China Open,Hard,3,Ekaterina Alexandrova,Mirra Andreeva,p2_games,over,11.5,0.7884,1.27,1.14,0.8202,-3.2,-0.1013,0,100,1903534
2026-10-08 11:00,wta,WTA 1000,China Open,Hard,3,Ekaterina Alexandrova,Mirra Andreeva,p2_games,under,11.5,0.2116,4.73,5.2,0.1798,3.2,0.1005,0,100,1903534
2026-10-08 11:00,wta,WTA 1000,China Open,Hard,3,Ekaterina Alexandrova,Mirra Andreeva,p2_games,over,12.5,0.4116,2.43,2.01,0.464,-5.2,-0.1727,0,100,1903534
2026-10-08 11:00,wta,WTA 1000,China Open,Hard,3,Ekaterina Alexandrova,Mirra Andreeva,p2_games,under,12.5,0.5884,1.7,1.74,0.536,5.2,0.0238,0,100,1903534
2026-10-08 11:00,wta,WTA 1000,China Open,Hard,3,Ekaterina Alexandrova,Mirra Andreeva,p2_games,over,13.5,0.2584,3.87,3.2,0.292,-3.4,-0.173,0,100,1903534
2026-10-08 11:00,wta,WTA 1000,China Open,Hard,3,Ekaterina Alexandrova,Mirra Andreeva,p2_games,under,13.5,0.7416,1.35,1.32,0.708,3.4,-0.0211,0,100,1903534
2026-10-08 11:00,wta,WTA 1000,China Open,Hard,3,Ekaterina Alexandrova,Mirra Andreeva,game_handicap,player_a,3.5,0.4433,2.26,,,,,0,100,1903534
2026-10-08 11:00,wta,WTA 1000,China Open,Hard,3,Ekaterina Alexandrova,Mirra Andreeva,game_handicap,player_b,-3.5,0.5567,1.8,,,,,0,100,1903534
2026-10-08 13:00,atp,ATP Challenger,"Antofagasta, Chile",Clay,3,Gustavo Heide,Eduardo Ribeiro,winner,player_a,,0.8347,1.2,1.15,0.813,2.2,-0.0401,0,100,1903718
2026-10-08 13:00,atp,ATP Challenger,"Antofagasta, Chile",Clay,3,Gustavo Heide,Eduardo Ribeiro,winner,player_b,,0.1653,6.05,5.0,0.187,-2.2,-0.1735,0,100,1903718
2026-10-08 13:00,atp,ATP Challenger,"Antofagasta, Chile",Clay,3,Gustavo Heide,Eduardo Ribeiro,total_games,over,19.5,0.5124,1.95,1.82,0.5081,0.4,-0.0674,0,100,1903718
2026-10-08 13:00,atp,ATP Challenger,"Antofagasta, Chile",Clay,3,Gustavo Heide,Eduardo Ribeiro,total_games,under,19.5,0.4876,2.05,1.88,0.4919,-0.4,-0.0833,0,100,1903718
2026-10-08 13:00,atp,ATP Challenger,"Antofagasta, Chile",Clay,3,Gustavo Heide,Eduardo Ribeiro,p1_games,over,12.5,0.4367,2.29,2.08,0.4453,-0.9,-0.0917,0,100,1903718
2026-10-08 13:00,atp,ATP Challenger,"Antofagasta, Chile",Clay,3,Gustavo Heide,Eduardo Ribeiro,p1_games,under,12.5,0.5633,1.78,1.67,0.5547,0.9,-0.0592,0,100,1903718
2026-10-08 13:00,atp,ATP Challenger,"Antofagasta, Chile",Clay,3,Gustavo Heide,Eduardo Ribeiro,p2_games,over,7.5,0.5139,1.95,1.83,0.5067,0.7,-0.0597,0,100,1903718
2026-10-08 13:00,atp,ATP Challenger,"Antofagasta, Chile",Clay,3,Gustavo Heide,Eduardo Ribeiro,p2_games,under,7.5,0.4861,2.06,1.88,0.4933,-0.7,-0.086,0,100,1903718
2026-10-08 13:00,atp,ATP Challenger,"Antofagasta, Chile",Clay,3,Gustavo Heide,Eduardo Ribeiro,game_handicap,player_a,-4.5,0.5924,1.69,,,,,0,100,1903718
2026-10-08 13:00,atp,ATP Challenger,"Antofagasta, Chile",Clay,3,Gustavo Heide,Eduardo Ribeiro,game_handicap,player_b,4.5,0.4076,2.45,,,,,0,100,1903718
2026-10-08 13:00,atp,ATP Challenger,"Antofagasta, Chile",Clay,3,Joaquin Aguilar Cardozo,Lautaro Midon,winner,player_a,,0.3385,2.95,1.59,0.5881,-25.0,-0.4619,0,100,1903721
2026-10-08 13:00,atp,ATP Challenger,"Antofagasta, Chile",Clay,3,Joaquin Aguilar Cardozo,Lautaro Midon,winner,player_b,,0.6615,1.51,2.27,0.4119,25.0,0.5017,0,100,1903721
2026-10-08 13:00,atp,ATP Challenger,"Antofagasta, Chile",Clay,3,Joaquin Aguilar Cardozo,Lautaro Midon,total_games,over,21.5,0.471,2.12,1.78,0.5202,-4.9,-0.1617,0,100,1903721
2026-10-08 13:00,atp,ATP Challenger,"Antofagasta, Chile",Clay,3,Joaquin Aguilar Cardozo,Lautaro Midon,total_games,under,21.5,0.529,1.89,1.93,0.4798,4.9,0.021,0,100,1903721
2026-10-08 13:00,atp,ATP Challenger,"Antofagasta, Chile",Clay,3,Joaquin Aguilar Cardozo,Lautaro Midon,p1_games,over,12.5,0.3398,2.94,1.95,0.4744,-13.5,-0.3374,0,100,1903721
2026-10-08 13:00,atp,ATP Challenger,"Antofagasta, Chile",Clay,3,Joaquin Aguilar Cardozo,Lautaro Midon,p1_games,under,12.5,0.6602,1.51,1.76,0.5256,13.5,0.1619,0,100,1903721
2026-10-08 13:00,atp,ATP Challenger,"Antofagasta, Chile",Clay,3,Joaquin Aguilar Cardozo,Lautaro Midon,p2_games,over,11.5,0.7798,1.28,1.64,0.565,21.5,0.2789,0,100,1903721
2026-10-08 13:00,atp,ATP Challenger,"Antofagasta, Chile",Clay,3,Joaquin Aguilar Cardozo,Lautaro Midon,p2_games,under,11.5,0.2202,4.54,2.13,0.435,-21.5,-0.5311,0,100,1903721
2026-10-08 13:00,atp,ATP Challenger,"Antofagasta, Chile",Clay,3,Joaquin Aguilar Cardozo,Lautaro Midon,game_handicap,player_a,3.5,0.4812,2.08,,,,,0,100,1903721
2026-10-08 13:00,atp,ATP Challenger,"Antofagasta, Chile",Clay,3,Joaquin Aguilar Cardozo,Lautaro Midon,game_handicap,player_b,-3.5,0.5188,1.93,,,,,0,100,1903721
2026-10-08 13:00,atp,ATP Challenger,"Antofagasta, Chile",Clay,3,Juan Carlos Prado Angelo,Pedro Boscardin Dias,winner,player_a,,0.5601,1.79,1.54,0.6061,-4.6,-0.1374,0,100,1903713
2026-10-08 13:00,atp,ATP Challenger,"Antofagasta, Chile",Clay,3,Juan Carlos Prado Angelo,Pedro Boscardin Dias,winner,player_b,,0.4399,2.27,2.37,0.3939,4.6,0.0425,0,100,1903713
2026-10-08 13:00,atp,ATP Challenger,"Antofagasta, Chile",Clay,3,Juan Carlos Prado Angelo,Pedro Boscardin Dias,total_games,over,21.5,0.5073,1.97,1.82,0.5081,-0.1,-0.0767,0,100,1903713
2026-10-08 13:00,atp,ATP Challenger,"Antofagasta, Chile",Clay,3,Juan Carlos Prado Angelo,Pedro Boscardin Dias,total_games,under,21.5,0.4927,2.03,1.88,0.4919,0.1,-0.0737,0,100,1903713
2026-10-08 13:00,atp,ATP Challenger,"Antofagasta, Chile",Clay,3,Juan Carlos Prado Angelo,Pedro Boscardin Dias,p1_games,over,12.5,0.4436,2.25,1.97,0.4704,-2.7,-0.1262,0,100,1903713
2026-10-08 13:00,atp,ATP Challenger,"Antofagasta, Chile",Clay,3,Juan Carlos Prado Angelo,Pedro Boscardin Dias,p1_games,under,12.5,0.5564,1.8,1.75,0.5296,2.7,-0.0262,0,100,1903713
2026-10-08 13:00,atp,ATP Challenger,"Antofagasta, Chile",Clay,3,Juan Carlos Prado Angelo,Pedro Boscardin Dias,p2_games,over,11.5,0.598,1.67,1.7,0.5442,5.4,0.0166,0,100,1903713
2026-10-08 13:00,atp,ATP Challenger,"Antofagasta, Chile",Clay,3,Juan Carlos Prado Angelo,Pedro Boscardin Dias,p2_games,under,11.5,0.402,2.49,2.03,0.4558,-5.4,-0.184,0,100,1903713
2026-10-08 13:00,atp,ATP Challenger,"Antofagasta, Chile",Clay,3,Juan Carlos Prado Angelo,Pedro Boscardin Dias,game_handicap,player_a,-1.5,0.5131,1.95,,,,,0,100,1903713
2026-10-08 13:00,atp,ATP Challenger,"Antofagasta, Chile",Clay,3,Juan Carlos Prado Angelo,Pedro Boscardin Dias,game_handicap,player_b,1.5,0.4869,2.05,,,,,0,100,1903713
2026-10-08 13:00,atp,ATP Challenger,"Antofagasta, Chile",Clay,3,Miguel Tobon,Marcelo Barrios,winner,player_a,,0.5146,1.94,,,,,0,72,1903709
2026-10-08 13:00,atp,ATP Challenger,"Antofagasta, Chile",Clay,3,Miguel Tobon,Marcelo Barrios,winner,player_b,,0.4854,2.06,,,,,0,72,1903709
2026-10-08 13:00,atp,ATP Challenger,"Antofagasta, Chile",Clay,3,Miguel Tobon,Marcelo Barrios,total_games,over,22.5,0.4681,2.14,,,,,1,72,1903709
2026-10-08 13:00,atp,ATP Challenger,"Antofagasta, Chile",Clay,3,Miguel Tobon,Marcelo Barrios,total_games,under,22.5,0.5319,1.88,,,,,1,72,1903709
2026-10-08 13:00,atp,ATP Challenger,"Antofagasta, Chile",Clay,3,Miguel Tobon,Marcelo Barrios,p1_games,over,12.5,0.4538,2.2,,,,,1,72,1903709
2026-10-08 13:00,atp,ATP Challenger,"Antofagasta, Chile",Clay,3,Miguel Tobon,Marcelo Barrios,p1_games,under,12.5,0.5462,1.83,,,,,1,72,1903709
2026-10-08 13:00,atp,ATP Challenger,"Antofagasta, Chile",Clay,3,Miguel Tobon,Marcelo Barrios,p2_games,over,12.5,0.4432,2.26,,,,,1,72,1903709
2026-10-08 13:00,atp,ATP Challenger,"Antofagasta, Chile",Clay,3,Miguel Tobon,Marcelo Barrios,p2_games,under,12.5,0.5568,1.8,,,,,1,72,1903709
2026-10-08 13:00,atp,ATP Challenger,"Antofagasta, Chile",Clay,3,Miguel Tobon,Marcelo Barrios,game_handicap,player_a,-0.5,0.4992,2.0,,,,,1,72,1903709
2026-10-08 13:00,atp,ATP Challenger,"Antofagasta, Chile",Clay,3,Miguel Tobon,Marcelo Barrios,game_handicap,player_b,0.5,0.5008,2.0,,,,,1,72,1903709
2026-10-08 09:00,atp,ATP Challenger,"Braga, Portugal",Clay,3,Miguel Damas,Matej Dodig,winner,player_a,,0.237,4.22,3.9,0.2398,-0.3,-0.0758,0,100,1903918
2026-10-08 09:00,atp,ATP Challenger,"Braga, Portugal",Clay,3,Miguel Damas,Matej Dodig,winner,player_b,,0.763,1.31,1.23,0.7602,0.3,-0.0615,0,100,1903918
2026-10-08 09:00,atp,ATP Challenger,"Braga, Portugal",Clay,3,Miguel Damas,Matej Dodig,total_games,over,20.5,0.4827,2.07,1.89,0.4906,-0.8,-0.0878,0,100,1903918
2026-10-08 09:00,atp,ATP Challenger,"Braga, Portugal",Clay,3,Miguel Damas,Matej Dodig,total_games,under,20.5,0.5173,1.93,1.82,0.5094,0.8,-0.0584,0,100,1903918
2026-10-08 09:00,atp,ATP Challenger,"Braga, Portugal",Clay,3,Miguel Damas,Matej Dodig,p1_games,over,8.5,0.5163,1.94,1.81,0.5121,0.4,-0.0654,0,100,1903918
2026-10-08 09:00,atp,ATP Challenger,"Braga, Portugal",Clay,3,Miguel Damas,Matej Dodig,p1_games,under,8.5,0.4837,2.07,1.9,0.4879,-0.4,-0.081,0,100,1903918
2026-10-08 09:00,atp,ATP Challenger,"Braga, Portugal",Clay,3,Miguel Damas,Matej Dodig,p2_games,over,12.5,0.4492,2.23,1.97,0.4704,-2.1,-0.115,0,100,1903918
2026-10-08 09:00,atp,ATP Challenger,"Braga, Portugal",Clay,3,Miguel Damas,Matej Dodig,p2_games,under,12.5,0.5508,1.82,1.75,0.5296,2.1,-0.0362,0,100,1903918
2026-10-08 09:00,atp,ATP Challenger,"Braga, Portugal",Clay,3,Miguel Damas,Matej Dodig,game_handicap,player_a,4.5,0.4773,2.1,,,,,0,100,1903918
2026-10-08 09:00,atp,ATP Challenger,"Braga, Portugal",Clay,3,Miguel Damas,Matej Dodig,game_handicap,player_b,-4.5,0.5227,1.91,,,,,0,100,1903918
2026-10-08 09:00,atp,ATP Challenger,"Braga, Portugal",Clay,3,Patrick Schoen,Max Alcala Gurri,winner,player_a,,0.1791,5.58,2.8,0.3333,-15.4,-0.4986,0,78,1903999
2026-10-08 09:00,atp,ATP Challenger,"Braga, Portugal",Clay,3,Patrick Schoen,Max Alcala Gurri,winner,player_b,,0.8209,1.22,1.4,0.6667,15.4,0.1493,0,78,1903999
2026-10-08 09:00,atp,ATP Challenger,"Braga, Portugal",Clay,3,Patrick Schoen,Max Alcala Gurri,total_games,over,19.5,0.4777,2.09,,,,,1,78,1903999
2026-10-08 09:00,atp,ATP Challenger,"Braga, Portugal",Clay,3,Patrick Schoen,Max Alcala Gurri,total_games,under,19.5,0.5223,1.91,,,,,1,78,1903999
2026-10-08 09:00,atp,ATP Challenger,"Braga, Portugal",Clay,3,Patrick Schoen,Max Alcala Gurri,p1_games,over,7.5,0.4901,2.04,,,,,1,78,1903999
2026-10-08 09:00,atp,ATP Challenger,"Braga, Portugal",Clay,3,Patrick Schoen,Max Alcala Gurri,p1_games,under,7.5,0.5099,1.96,,,,,1,78,1903999
2026-10-08 09:00,atp,ATP Challenger,"Braga, Portugal",Clay,3,Patrick Schoen,Max Alcala Gurri,p2_games,over,12.5,0.4082,2.45,,,,,1,78,1903999
2026-10-08 09:00,atp,ATP Challenger,"Braga, Portugal",Clay,3,Patrick Schoen,Max Alcala Gurri,p2_games,under,12.5,0.5918,1.69,,,,,1,78,1903999
2026-10-08 09:00,atp,ATP Challenger,"Braga, Portugal",Clay,3,Patrick Schoen,Max Alcala Gurri,game_handicap,player_a,5.5,0.4905,2.04,,,,,1,78,1903999
2026-10-08 09:00,atp,ATP Challenger,"Braga, Portugal",Clay,3,Patrick Schoen,Max Alcala Gurri,game_handicap,player_b,-5.5,0.5095,1.96,,,,,1,78,1903999
2026-10-08 10:30,atp,ATP Challenger,"Braga, Portugal",Clay,3,Olle Wallin,Lukas Neumayer,winner,player_a,,0.2825,3.54,3.05,0.3068,-2.4,-0.1385,0,100,1904038
2026-10-08 10:30,atp,ATP Challenger,"Braga, Portugal",Clay,3,Olle Wallin,Lukas Neumayer,winner,player_b,,0.7175,1.39,1.35,0.6932,2.4,-0.0313,0,100,1904038
2026-10-08 10:30,atp,ATP Challenger,"Braga, Portugal",Clay,3,Olle Wallin,Lukas Neumayer,total_games,over,21.5,0.4723,2.12,,,,,0,100,1904038
2026-10-08 10:30,atp,ATP Challenger,"Braga, Portugal",Clay,3,Olle Wallin,Lukas Neumayer,total_games,under,21.5,0.5277,1.9,,,,,0,100,1904038
2026-10-08 10:30,atp,ATP Challenger,"Braga, Portugal",Clay,3,Olle Wallin,Lukas Neumayer,p1_games,over,10.5,0.4829,2.07,,,,,0,100,1904038
2026-10-08 10:30,atp,ATP Challenger,"Braga, Portugal",Clay,3,Olle Wallin,Lukas Neumayer,p1_games,under,10.5,0.5171,1.93,,,,,0,100,1904038
2026-10-08 10:30,atp,ATP Challenger,"Braga, Portugal",Clay,3,Olle Wallin,Lukas Neumayer,p2_games,over,12.5,0.4693,2.13,,,,,0,100,1904038
2026-10-08 10:30,atp,ATP Challenger,"Braga, Portugal",Clay,3,Olle Wallin,Lukas Neumayer,p2_games,under,12.5,0.5307,1.88,,,,,0,100,1904038
2026-10-08 10:30,atp,ATP Challenger,"Braga, Portugal",Clay,3,Olle Wallin,Lukas Neumayer,game_handicap,player_a,3.5,0.4379,2.28,,,,,0,100,1904038
2026-10-08 10:30,atp,ATP Challenger,"Braga, Portugal",Clay,3,Olle Wallin,Lukas Neumayer,game_handicap,player_b,-3.5,0.5621,1.78,,,,,0,100,1904038
2026-10-08 12:00,atp,ATP Challenger,"Braga, Portugal",Clay,3,Oleksii Krutykh,Luka Mikrut,winner,player_a,,0.1388,7.21,3.7,0.2525,-11.4,-0.4865,0,100,1904017
2026-10-08 12:00,atp,ATP Challenger,"Braga, Portugal",Clay,3,Oleksii Krutykh,Luka Mikrut,winner,player_b,,0.8612,1.16,1.25,0.7475,11.4,0.0765,0,100,1904017
2026-10-08 12:00,atp,ATP Challenger,"Braga, Portugal",Clay,3,Oleksii Krutykh,Luka Mikrut,total_games,over,19.5,0.4709,2.12,,,,,0,100,1904017
2026-10-08 12:00,atp,ATP Challenger,"Braga, Portugal",Clay,3,Oleksii Krutykh,Luka Mikrut,total_games,under,19.5,0.5291,1.89,,,,,0,100,1904017
2026-10-08 12:00,atp,ATP Challenger,"Braga, Portugal",Clay,3,Oleksii Krutykh,Luka Mikrut,p1_games,over,7.5,0.4653,2.15,,,,,0,100,1904017
2026-10-08 12:00,atp,ATP Challenger,"Braga, Portugal",Clay,3,Oleksii Krutykh,Luka Mikrut,p1_games,under,7.5,0.5347,1.87,,,,,0,100,1904017
2026-10-08 12:00,atp,ATP Challenger,"Braga, Portugal",Clay,3,Oleksii Krutykh,Luka Mikrut,p2_games,over,12.5,0.4102,2.44,,,,,0,100,1904017
2026-10-08 12:00,atp,ATP Challenger,"Braga, Portugal",Clay,3,Oleksii Krutykh,Luka Mikrut,p2_games,under,12.5,0.5898,1.7,,,,,0,100,1904017
2026-10-08 12:00,atp,ATP Challenger,"Braga, Portugal",Clay,3,Oleksii Krutykh,Luka Mikrut,game_handicap,player_a,5.5,0.4805,2.08,,,,,0,100,1904017
2026-10-08 12:00,atp,ATP Challenger,"Braga, Portugal",Clay,3,Oleksii Krutykh,Luka Mikrut,game_handicap,player_b,-5.5,0.5195,1.93,,,,,0,100,1904017
2026-10-08 12:00,atp,ATP Challenger,"Braga, Portugal",Clay,3,Ryan Nijboer,Marvin Moeller,winner,player_a,,0.2378,4.2,,,,,0,94,1904072
2026-10-08 12:00,atp,ATP Challenger,"Braga, Portugal",Clay,3,Ryan Nijboer,Marvin Moeller,winner,player_b,,0.7622,1.31,,,,,0,94,1904072
2026-10-08 12:00,atp,ATP Challenger,"Braga, Portugal",Clay,3,Ryan Nijboer,Marvin Moeller,total_games,over,20.5,0.4868,2.05,,,,,0,94,1904072
2026-10-08 12:00,atp,ATP Challenger,"Braga, Portugal",Clay,3,Ryan Nijboer,Marvin Moeller,total_games,under,20.5,0.5132,1.95,,,,,0,94,1904072
2026-10-08 12:00,atp,ATP Challenger,"Braga, Portugal",Clay,3,Ryan Nijboer,Marvin Moeller,p1_games,over,9.5,0.4695,2.13,,,,,0,94,1904072
2026-10-08 12:00,atp,ATP Challenger,"Braga, Portugal",Clay,3,Ryan Nijboer,Marvin Moeller,p1_games,under,9.5,0.5305,1.89,,,,,0,94,1904072
2026-10-08 12:00,atp,ATP Challenger,"Braga, Portugal",Clay,3,Ryan Nijboer,Marvin Moeller,p2_games,over,12.5,0.4525,2.21,,,,,0,94,1904072
2026-10-08 12:00,atp,ATP Challenger,"Braga, Portugal",Clay,3,Ryan Nijboer,Marvin Moeller,p2_games,under,12.5,0.5475,1.83,,,,,0,94,1904072
2026-10-08 12:00,atp,ATP Challenger,"Braga, Portugal",Clay,3,Ryan Nijboer,Marvin Moeller,game_handicap,player_a,4.5,0.4824,2.07,,,,,0,94,1904072
2026-10-08 12:00,atp,ATP Challenger,"Braga, Portugal",Clay,3,Ryan Nijboer,Marvin Moeller,game_handicap,player_b,-4.5,0.5176,1.93,,,,,0,94,1904072
2026-10-08 12:00,atp,ATP Challenger,"Braga, Portugal",Clay,3,Tiago Pereira,Nikolas Sanchez Izquierdo,winner,player_a,,0.2446,4.09,3.3,0.2826,-3.8,-0.1927,0,100,1903915
2026-10-08 12:00,atp,ATP Challenger,"Braga, Portugal",Clay,3,Tiago Pereira,Nikolas Sanchez Izquierdo,winner,player_b,,0.7554,1.32,1.3,0.7174,3.8,-0.018,0,100,1903915
2026-10-08 12:00,atp,ATP Challenger,"Braga, Portugal",Clay,3,Tiago Pereira,Nikolas Sanchez Izquierdo,total_games,over,20.5,0.4859,2.06,1.79,0.5175,-3.2,-0.1303,0,100,1903915
2026-10-08 12:00,atp,ATP Challenger,"Braga, Portugal",Clay,3,Tiago Pereira,Nikolas Sanchez Izquierdo,total_games,under,20.5,0.5141,1.94,1.92,0.4825,3.2,-0.0128,0,100,1903915
2026-10-08 12:00,atp,ATP Challenger,"Braga, Portugal",Clay,3,Tiago Pereira,Nikolas Sanchez Izquierdo,p1_games,over,9.5,0.4739,2.11,1.82,0.5094,-3.6,-0.1376,0,100,1903915
2026-10-08 12:00,atp,ATP Challenger,"Braga, Portugal",Clay,3,Tiago Pereira,Nikolas Sanchez Izquierdo,p1_games,under,9.5,0.5261,1.9,1.89,0.4906,3.6,-0.0056,0,100,1903915
2026-10-08 12:00,atp,ATP Challenger,"Braga, Portugal",Clay,3,Tiago Pereira,Nikolas Sanchez Izquierdo,p2_games,over,12.5,0.4493,2.23,1.94,0.4771,-2.8,-0.1284,0,100,1903915
2026-10-08 12:00,atp,ATP Challenger,"Braga, Portugal",Clay,3,Tiago Pereira,Nikolas Sanchez Izquierdo,p2_games,under,12.5,0.5507,1.82,1.77,0.5229,2.8,-0.0253,0,100,1903915
2026-10-08 12:00,atp,ATP Challenger,"Braga, Portugal",Clay,3,Tiago Pereira,Nikolas Sanchez Izquierdo,game_handicap,player_a,4.5,0.4842,2.07,,,,,0,100,1903915
2026-10-08 12:00,atp,ATP Challenger,"Braga, Portugal",Clay,3,Tiago Pereira,Nikolas Sanchez Izquierdo,game_handicap,player_b,-4.5,0.5158,1.94,,,,,0,100,1903915
2026-10-08 13:30,atp,ATP Challenger,"Braga, Portugal",Clay,3,Zsombor Piros,Elmer Moller,winner,player_a,,0.6545,1.53,1.55,0.6036,5.1,0.0144,0,100,1903452
2026-10-08 13:30,atp,ATP Challenger,"Braga, Portugal",Clay,3,Zsombor Piros,Elmer Moller,winner,player_b,,0.3455,2.89,2.36,0.3964,-5.1,-0.1845,0,100,1903452
2026-10-08 13:30,atp,ATP Challenger,"Braga, Portugal",Clay,3,Zsombor Piros,Elmer Moller,total_games,over,21.5,0.4748,2.11,1.82,0.5081,-3.3,-0.1359,0,100,1903452
2026-10-08 13:30,atp,ATP Challenger,"Braga, Portugal",Clay,3,Zsombor Piros,Elmer Moller,total_games,under,21.5,0.5252,1.9,1.88,0.4919,3.3,-0.0126,0,100,1903452
2026-10-08 13:30,atp,ATP Challenger,"Braga, Portugal",Clay,3,Zsombor Piros,Elmer Moller,p1_games,over,12.5,0.4473,2.24,1.97,0.4704,-2.3,-0.1187,0,100,1903452
2026-10-08 13:30,atp,ATP Challenger,"Braga, Portugal",Clay,3,Zsombor Piros,Elmer Moller,p1_games,under,12.5,0.5527,1.81,1.75,0.5296,2.3,-0.0329,0,100,1903452
2026-10-08 13:30,atp,ATP Challenger,"Braga, Portugal",Clay,3,Zsombor Piros,Elmer Moller,p2_games,over,11.5,0.4988,2.0,1.7,0.5455,-4.7,-0.152,0,100,1903452
2026-10-08 13:30,atp,ATP Challenger,"Braga, Portugal",Clay,3,Zsombor Piros,Elmer Moller,p2_games,under,11.5,0.5012,2.0,2.04,0.4545,4.7,0.0224,0,100,1903452
2026-10-08 13:30,atp,ATP Challenger,"Braga, Portugal",Clay,3,Zsombor Piros,Elmer Moller,game_handicap,player_a,-3.5,0.511,1.96,,,,,0,100,1903452
2026-10-08 13:30,atp,ATP Challenger,"Braga, Portugal",Clay,3,Zsombor Piros,Elmer Moller,game_handicap,player_b,3.5,0.489,2.04,,,,,0,100,1903452
2026-10-08 15:00,atp,ATP Challenger,"Braga, Portugal",Clay,3,Vilius Gaubas,Duje Ajdukovic,winner,player_a,,0.6158,1.62,1.37,0.6829,-6.7,-0.1564,0,100,1903444
2026-10-08 15:00,atp,ATP Challenger,"Braga, Portugal",Clay,3,Vilius Gaubas,Duje Ajdukovic,winner,player_b,,0.3842,2.6,2.95,0.3171,6.7,0.1335,0,100,1903444
2026-10-08 15:00,atp,ATP Challenger,"Braga, Portugal",Clay,3,Vilius Gaubas,Duje Ajdukovic,total_games,over,21.5,0.5123,1.95,1.77,0.5242,-1.2,-0.0932,0,100,1903444
2026-10-08 15:00,atp,ATP Challenger,"Braga, Portugal",Clay,3,Vilius Gaubas,Duje Ajdukovic,total_games,under,21.5,0.4877,2.05,1.95,0.4758,1.2,-0.049,0,100,1903444
2026-10-08 15:00,atp,ATP Challenger,"Braga, Portugal",Clay,3,Vilius Gaubas,Duje Ajdukovic,p1_games,over,12.5,0.4686,2.13,1.8,0.5148,-4.6,-0.1565,0,100,1903444
2026-10-08 15:00,atp,ATP Challenger,"Braga, Portugal",Clay,3,Vilius Gaubas,Duje Ajdukovic,p1_games,under,12.5,0.5314,1.88,1.91,0.4852,4.6,0.0149,0,100,1903444
2026-10-08 15:00,atp,ATP Challenger,"Braga, Portugal",Clay,3,Vilius Gaubas,Duje Ajdukovic,p2_games,over,11.5,0.5525,1.81,1.89,0.4892,6.3,0.0443,0,100,1903444
2026-10-08 15:00,atp,ATP Challenger,"Braga, Portugal",Clay,3,Vilius Gaubas,Duje Ajdukovic,p2_games,under,11.5,0.4475,2.23,1.81,0.5108,-6.3,-0.1901,0,100,1903444
2026-10-08 15:00,atp,ATP Challenger,"Braga, Portugal",Clay,3,Vilius Gaubas,Duje Ajdukovic,game_handicap,player_a,-2.5,0.5232,1.91,,,,,0,100,1903444
2026-10-08 15:00,atp,ATP Challenger,"Braga, Portugal",Clay,3,Vilius Gaubas,Duje Ajdukovic,game_handicap,player_b,2.5,0.4768,2.1,,,,,0,100,1903444
2026-10-08 09:00,atp,ATP Challenger,"Villena, Spain",Hard,3,Moez Echargui,Daniil Glinka,winner,player_a,,0.4149,2.41,2.1,0.4459,-3.1,-0.1287,0,100,1903707
2026-10-08 09:00,atp,ATP Challenger,"Villena, Spain",Hard,3,Moez Echargui,Daniil Glinka,winner,player_b,,0.5851,1.71,1.69,0.5541,3.1,-0.0112,0,100,1903707
2026-10-08 09:00,atp,ATP Challenger,"Villena, Spain",Hard,3,Moez Echargui,Daniil Glinka,total_games,over,22.5,0.4843,2.06,1.86,0.4973,-1.3,-0.0992,0,100,1903707
2026-10-08 09:00,atp,ATP Challenger,"Villena, Spain",Hard,3,Moez Echargui,Daniil Glinka,total_games,under,22.5,0.5157,1.94,1.84,0.5027,1.3,-0.0511,0,100,1903707
2026-10-08 09:00,atp,ATP Challenger,"Villena, Spain",Hard,3,Moez Echargui,Daniil Glinka,p1_games,over,12.5,0.4379,2.28,2.15,0.4312,0.7,-0.0585,0,100,1903707
2026-10-08 09:00,atp,ATP Challenger,"Villena, Spain",Hard,3,Moez Echargui,Daniil Glinka,p1_games,under,12.5,0.5621,1.78,1.63,0.5688,-0.7,-0.0838,0,100,1903707
2026-10-08 09:00,atp,ATP Challenger,"Villena, Spain",Hard,3,Moez Echargui,Daniil Glinka,p2_games,over,12.5,0.5,2.0,1.95,0.4744,2.6,-0.025,0,100,1903707
2026-10-08 09:00,atp,ATP Challenger,"Villena, Spain",Hard,3,Moez Echargui,Daniil Glinka,p2_games,under,12.5,0.5,2.0,1.76,0.5256,-2.6,-0.12,0,100,1903707
2026-10-08 09:00,atp,ATP Challenger,"Villena, Spain",Hard,3,Moez Echargui,Daniil Glinka,game_handicap,player_a,1.5,0.4666,2.14,,,,,0,100,1903707
2026-10-08 09:00,atp,ATP Challenger,"Villena, Spain",Hard,3,Moez Echargui,Daniil Glinka,game_handicap,player_b,-1.5,0.5334,1.87,,,,,0,100,1903707
2026-10-08 09:00,atp,ATP Challenger,"Villena, Spain",Hard,3,Philip Henning,Borna Gojo,winner,player_a,,0.2818,3.55,3.15,0.2969,-1.5,-0.1123,0,100,1903913
2026-10-08 09:00,atp,ATP Challenger,"Villena, Spain",Hard,3,Philip Henning,Borna Gojo,winner,player_b,,0.7182,1.39,1.33,0.7031,1.5,-0.0448,0,100,1903913
2026-10-08 09:00,atp,ATP Challenger,"Villena, Spain",Hard,3,Philip Henning,Borna Gojo,total_games,over,22.5,0.4708,2.12,2.0,0.4624,0.8,-0.0585,0,100,1903913
2026-10-08 09:00,atp,ATP Challenger,"Villena, Spain",Hard,3,Philip Henning,Borna Gojo,total_games,under,22.5,0.5292,1.89,1.72,0.5376,-0.8,-0.0897,0,100,1903913
2026-10-08 09:00,atp,ATP Challenger,"Villena, Spain",Hard,3,Philip Henning,Borna Gojo,p1_games,over,10.5,0.5199,1.92,1.85,0.5,2.0,-0.0382,0,100,1903913
2026-10-08 09:00,atp,ATP Challenger,"Villena, Spain",Hard,3,Philip Henning,Borna Gojo,p1_games,under,10.5,0.4801,2.08,1.85,0.5,-2.0,-0.1118,0,100,1903913
2026-10-08 09:00,atp,ATP Challenger,"Villena, Spain",Hard,3,Philip Henning,Borna Gojo,p2_games,over,12.5,0.5455,1.83,1.79,0.5175,2.8,-0.0235,0,100,1903913
2026-10-08 09:00,atp,ATP Challenger,"Villena, Spain",Hard,3,Philip Henning,Borna Gojo,p2_games,under,12.5,0.4545,2.2,1.92,0.4825,-2.8,-0.1274,0,100,1903913
2026-10-08 09:00,atp,ATP Challenger,"Villena, Spain",Hard,3,Philip Henning,Borna Gojo,game_handicap,player_a,3.5,0.4947,2.02,,,,,0,100,1903913
2026-10-08 09:00,atp,ATP Challenger,"Villena, Spain",Hard,3,Philip Henning,Borna Gojo,game_handicap,player_b,-3.5,0.5053,1.98,,,,,0,100,1903913
2026-10-08 10:00,atp,ATP Challenger,"Villena, Spain",Hard,3,Jack Pinnington Jones,Joel Schwaerzler,winner,player_a,,0.4806,2.08,1.71,0.5464,-6.6,-0.1781,0,100,1903703
2026-10-08 10:00,atp,ATP Challenger,"Villena, Spain",Hard,3,Jack Pinnington Jones,Joel Schwaerzler,winner,player_b,,0.5194,1.93,2.06,0.4536,6.6,0.0699,0,100,1903703
2026-10-08 10:00,atp,ATP Challenger,"Villena, Spain",Hard,3,Jack Pinnington Jones,Joel Schwaerzler,total_games,over,22.5,0.5021,1.99,1.86,0.4973,0.5,-0.0661,0,100,1903703
2026-10-08 10:00,atp,ATP Challenger,"Villena, Spain",Hard,3,Jack Pinnington Jones,Joel Schwaerzler,total_games,under,22.5,0.4979,2.01,1.84,0.5027,-0.5,-0.0839,0,100,1903703
2026-10-08 10:00,atp,ATP Challenger,"Villena, Spain",Hard,3,Jack Pinnington Jones,Joel Schwaerzler,p1_games,over,12.5,0.4791,2.09,1.89,0.4892,-1.0,-0.0946,0,100,1903703
2026-10-08 10:00,atp,ATP Challenger,"Villena, Spain",Hard,3,Jack Pinnington Jones,Joel Schwaerzler,p1_games,under,12.5,0.5209,1.92,1.81,0.5108,1.0,-0.0571,0,100,1903703
2026-10-08 10:00,atp,ATP Challenger,"Villena, Spain",Hard,3,Jack Pinnington Jones,Joel Schwaerzler,p2_games,over,12.5,0.4938,2.03,2.04,0.4531,4.1,0.0074,0,100,1903703
2026-10-08 10:00,atp,ATP Challenger,"Villena, Spain",Hard,3,Jack Pinnington Jones,Joel Schwaerzler,p2_games,under,12.5,0.5062,1.98,1.69,0.5469,-4.1,-0.1445,0,100,1903703
2026-10-08 10:00,atp,ATP Challenger,"Villena, Spain",Hard,3,Jack Pinnington Jones,Joel Schwaerzler,game_handicap,player_a,0.5,0.4978,2.01,,,,,0,100,1903703
2026-10-08 10:00,atp,ATP Challenger,"Villena, Spain",Hard,3,Jack Pinnington Jones,Joel Schwaerzler,game_handicap,player_b,-0.5,0.5022,1.99,,,,,0,100,1903703
2026-10-08 10:30,atp,ATP Challenger,"Villena, Spain",Hard,3,Oliver Tarvet,Laslo Djere,winner,player_a,,0.3331,3.0,1.56,0.599,-26.6,-0.4804,0,100,1903894
2026-10-08 10:30,atp,ATP Challenger,"Villena, Spain",Hard,3,Oliver Tarvet,Laslo Djere,winner,player_b,,0.6669,1.5,2.33,0.401,26.6,0.554,0,100,1903894
2026-10-08 10:30,atp,ATP Challenger,"Villena, Spain",Hard,3,Oliver Tarvet,Laslo Djere,total_games,over,22.5,0.4635,2.16,1.95,0.4758,-1.2,-0.0962,0,100,1903894
2026-10-08 10:30,atp,ATP Challenger,"Villena, Spain",Hard,3,Oliver Tarvet,Laslo Djere,total_games,under,22.5,0.5365,1.86,1.77,0.5242,1.2,-0.0504,0,100,1903894
2026-10-08 10:30,atp,ATP Challenger,"Villena, Spain",Hard,3,Oliver Tarvet,Laslo Djere,p1_games,over,12.5,0.3915,2.55,1.92,0.4825,-9.1,-0.2483,0,100,1903894
2026-10-08 10:30,atp,ATP Challenger,"Villena, Spain",Hard,3,Oliver Tarvet,Laslo Djere,p1_games,under,12.5,0.6085,1.64,1.79,0.5175,9.1,0.0892,0,100,1903894
2026-10-08 10:30,atp,ATP Challenger,"Villena, Spain",Hard,3,Oliver Tarvet,Laslo Djere,p2_games,over,11.5,0.806,1.24,1.66,0.5573,24.9,0.338,0,100,1903894
2026-10-08 10:30,atp,ATP Challenger,"Villena, Spain",Hard,3,Oliver Tarvet,Laslo Djere,p2_games,under,11.5,0.194,5.16,2.09,0.4427,-24.9,-0.5946,0,100,1903894
2026-10-08 10:30,atp,ATP Challenger,"Villena, Spain",Hard,3,Oliver Tarvet,Laslo Djere,game_handicap,player_a,2.5,0.4361,2.29,,,,,0,100,1903894
2026-10-08 10:30,atp,ATP Challenger,"Villena, Spain",Hard,3,Oliver Tarvet,Laslo Djere,game_handicap,player_b,-2.5,0.5639,1.77,,,,,0,100,1903894
2026-10-08 11:30,atp,ATP Challenger,"Villena, Spain",Hard,3,Damir Dzumhur,Abedallah Shelbayh,winner,player_a,,0.6083,1.64,1.91,0.4893,11.9,0.1618,0,100,1903893
2026-10-08 11:30,atp,ATP Challenger,"Villena, Spain",Hard,3,Damir Dzumhur,Abedallah Shelbayh,winner,player_b,,0.3917,2.55,1.83,0.5107,-11.9,-0.2832,0,100,1903893
2026-10-08 11:30,atp,ATP Challenger,"Villena, Spain",Hard,3,Damir Dzumhur,Abedallah Shelbayh,total_games,over,22.5,0.4475,2.23,1.97,0.4704,-2.3,-0.1185,0,100,1903893
2026-10-08 11:30,atp,ATP Challenger,"Villena, Spain",Hard,3,Damir Dzumhur,Abedallah Shelbayh,total_games,under,22.5,0.5525,1.81,1.75,0.5296,2.3,-0.033,0,100,1903893
2026-10-08 11:30,atp,ATP Challenger,"Villena, Spain",Hard,3,Damir Dzumhur,Abedallah Shelbayh,p1_games,over,12.5,0.4653,2.15,2.14,0.4324,3.3,-0.0043,0,100,1903893
2026-10-08 11:30,atp,ATP Challenger,"Villena, Spain",Hard,3,Damir Dzumhur,Abedallah Shelbayh,p1_games,under,12.5,0.5347,1.87,1.63,0.5676,-3.3,-0.1284,0,100,1903893
2026-10-08 11:30,atp,ATP Challenger,"Villena, Spain",Hard,3,Damir Dzumhur,Abedallah Shelbayh,p2_games,over,12.5,0.3905,2.56,2.1,0.4415,-5.1,-0.1799,0,100,1903893
2026-10-08 11:30,atp,ATP Challenger,"Villena, Spain",Hard,3,Damir Dzumhur,Abedallah Shelbayh,p2_games,under,12.5,0.6095,1.64,1.66,0.5585,5.1,0.0117,0,100,1903893
2026-10-08 11:30,atp,ATP Challenger,"Villena, Spain",Hard,3,Damir Dzumhur,Abedallah Shelbayh,game_handicap,player_a,-2.5,0.5173,1.93,,,,,0,100,1903893
2026-10-08 11:30,atp,ATP Challenger,"Villena, Spain",Hard,3,Damir Dzumhur,Abedallah Shelbayh,game_handicap,player_b,2.5,0.4827,2.07,,,,,0,100,1903893
2026-10-08 12:00,atp,ATP Challenger,"Villena, Spain",Hard,3,Max Hans Rehberg,Hynek Barton,winner,player_a,,0.5166,1.94,1.65,0.5669,-5.0,-0.1476,0,100,1903952
2026-10-08 12:00,atp,ATP Challenger,"Villena, Spain",Hard,3,Max Hans Rehberg,Hynek Barton,winner,player_b,,0.4834,2.07,2.16,0.4331,5.0,0.0441,0,100,1903952
2026-10-08 12:00,atp,ATP Challenger,"Villena, Spain",Hard,3,Max Hans Rehberg,Hynek Barton,total_games,over,22.5,0.5038,1.98,1.8,0.5148,-1.1,-0.0931,0,100,1903952
2026-10-08 12:00,atp,ATP Challenger,"Villena, Spain",Hard,3,Max Hans Rehberg,Hynek Barton,total_games,under,22.5,0.4962,2.02,1.91,0.4852,1.1,-0.0523,0,100,1903952
2026-10-08 12:00,atp,ATP Challenger,"Villena, Spain",Hard,3,Max Hans Rehberg,Hynek Barton,p1_games,over,12.5,0.4944,2.02,1.78,0.5202,-2.6,-0.12,0,100,1903952
2026-10-08 12:00,atp,ATP Challenger,"Villena, Spain",Hard,3,Max Hans Rehberg,Hynek Barton,p1_games,under,12.5,0.5056,1.98,1.93,0.4798,2.6,-0.0241,0,100,1903952
2026-10-08 12:00,atp,ATP Challenger,"Villena, Spain",Hard,3,Max Hans Rehberg,Hynek Barton,p2_games,over,12.5,0.482,2.07,1.99,0.4651,1.7,-0.0408,0,100,1903952
2026-10-08 12:00,atp,ATP Challenger,"Villena, Spain",Hard,3,Max Hans Rehberg,Hynek Barton,p2_games,under,12.5,0.518,1.93,1.73,0.5349,-1.7,-0.1038,0,100,1903952
2026-10-08 12:00,atp,ATP Challenger,"Villena, Spain",Hard,3,Max Hans Rehberg,Hynek Barton,game_handicap,player_a,-0.5,0.4988,2.0,,,,,0,100,1903952
2026-10-08 12:00,atp,ATP Challenger,"Villena, Spain",Hard,3,Max Hans Rehberg,Hynek Barton,game_handicap,player_b,0.5,0.5012,2.0,,,,,0,100,1903952
2026-10-08 13:30,atp,ATP Challenger,"Villena, Spain",Hard,3,Pablo Llamas Ruiz,Petr Nesterov,winner,player_a,,0.69,1.45,1.38,0.6776,1.2,-0.0478,0,100,1903710
2026-10-08 13:30,atp,ATP Challenger,"Villena, Spain",Hard,3,Pablo Llamas Ruiz,Petr Nesterov,winner,player_b,,0.31,3.23,2.9,0.3224,-1.2,-0.1011,0,100,1903710
2026-10-08 13:30,atp,ATP Challenger,"Villena, Spain",Hard,3,Pablo Llamas Ruiz,Petr Nesterov,total_games,over,21.5,0.5041,1.98,1.83,0.5054,-0.1,-0.0775,0,100,1903710
2026-10-08 13:30,atp,ATP Challenger,"Villena, Spain",Hard,3,Pablo Llamas Ruiz,Petr Nesterov,total_games,under,21.5,0.4959,2.02,1.87,0.4946,0.1,-0.0726,0,100,1903710
2026-10-08 13:30,atp,ATP Challenger,"Villena, Spain",Hard,3,Pablo Llamas Ruiz,Petr Nesterov,p1_games,over,12.5,0.4891,2.04,1.93,0.4798,0.9,-0.056,0,100,1903710
2026-10-08 13:30,atp,ATP Challenger,"Villena, Spain",Hard,3,Pablo Llamas Ruiz,Petr Nesterov,p1_games,under,12.5,0.5109,1.96,1.78,0.5202,-0.9,-0.0906,0,100,1903710
2026-10-08 13:30,atp,ATP Challenger,"Villena, Spain",Hard,3,Pablo Llamas Ruiz,Petr Nesterov,p2_games,over,10.5,0.5214,1.92,1.84,0.5027,1.9,-0.0407,0,100,1903710
2026-10-08 13:30,atp,ATP Challenger,"Villena, Spain",Hard,3,Pablo Llamas Ruiz,Petr Nesterov,p2_games,under,10.5,0.4786,2.09,1.86,0.4973,-1.9,-0.1098,0,100,1903710
2026-10-08 13:30,atp,ATP Challenger,"Villena, Spain",Hard,3,Pablo Llamas Ruiz,Petr Nesterov,game_handicap,player_a,-3.5,0.5199,1.92,,,,,0,100,1903710
2026-10-08 13:30,atp,ATP Challenger,"Villena, Spain",Hard,3,Pablo Llamas Ruiz,Petr Nesterov,game_handicap,player_b,3.5,0.4801,2.08,,,,,0,100,1903710
2026-10-08 16:30,atp,ATP Challenger,"Villena, Spain",Hard,3,Daniel Rincon,Pedro Martinez,winner,player_a,,0.4111,2.43,1.73,0.5399,-12.9,-0.2887,0,100,1903716
2026-10-08 16:30,atp,ATP Challenger,"Villena, Spain",Hard,3,Daniel Rincon,Pedro Martinez,winner,player_b,,0.5889,1.7,2.03,0.4601,12.9,0.1954,0,100,1903716
2026-10-08 16:30,atp,ATP Challenger,"Villena, Spain",Hard,3,Daniel Rincon,Pedro Martinez,total_games,over,22.5,0.4524,2.21,1.97,0.4704,-1.8,-0.1087,0,100,1903716
2026-10-08 16:30,atp,ATP Challenger,"Villena, Spain",Hard,3,Daniel Rincon,Pedro Martinez,total_games,under,22.5,0.5476,1.83,1.75,0.5296,1.8,-0.0418,0,100,1903716
2026-10-08 16:30,atp,ATP Challenger,"Villena, Spain",Hard,3,Daniel Rincon,Pedro Martinez,p1_games,over,12.5,0.402,2.49,2.06,0.4492,-4.7,-0.1719,0,100,1903716
2026-10-08 16:30,atp,ATP Challenger,"Villena, Spain",Hard,3,Daniel Rincon,Pedro Martinez,p1_games,under,12.5,0.598,1.67,1.68,0.5508,4.7,0.0046,0,100,1903716
2026-10-08 16:30,atp,ATP Challenger,"Villena, Spain",Hard,3,Daniel Rincon,Pedro Martinez,p2_games,over,12.5,0.4628,2.16,2.21,0.4184,4.4,0.0229,0,100,1903716
2026-10-08 16:30,atp,ATP Challenger,"Villena, Spain",Hard,3,Daniel Rincon,Pedro Martinez,p2_games,under,12.5,0.5372,1.86,1.59,0.5816,-4.4,-0.1459,0,100,1903716
2026-10-08 16:30,atp,ATP Challenger,"Villena, Spain",Hard,3,Daniel Rincon,Pedro Martinez,game_handicap,player_a,1.5,0.4591,2.18,,,,,0,100,1903716
2026-10-08 16:30,atp,ATP Challenger,"Villena, Spain",Hard,3,Daniel Rincon,Pedro Martinez,game_handicap,player_b,-1.5,0.5409,1.85,,,,,0,100,1903716
2026-10-08 02:00,wta,WTA Challenger,"Suzhou, China",Hard,3,Elvina Kalieva,Tamara Korpatsch,winner,player_a,,0.2722,3.67,1.92,0.4866,-21.4,-0.4775,0,94,1903673
2026-10-08 02:00,wta,WTA Challenger,"Suzhou, China",Hard,3,Elvina Kalieva,Tamara Korpatsch,winner,player_b,,0.7278,1.37,1.82,0.5134,21.4,0.3247,0,94,1903673
2026-10-08 02:00,wta,WTA Challenger,"Suzhou, China",Hard,3,Elvina Kalieva,Tamara Korpatsch,total_games,over,20.5,0.4437,2.25,1.79,0.5175,-7.4,-0.2058,1,94,1903673
2026-10-08 02:00,wta,WTA Challenger,"Suzhou, China",Hard,3,Elvina Kalieva,Tamara Korpatsch,total_games,under,20.5,0.5563,1.8,1.92,0.4825,7.4,0.0681,1,94,1903673
2026-10-08 02:00,wta,WTA Challenger,"Suzhou, China",Hard,3,Elvina Kalieva,Tamara Korpatsch,p1_games,over,11.5,0.4017,2.49,1.55,0.5964,-19.5,-0.3774,1,94,1903673
2026-10-08 02:00,wta,WTA Challenger,"Suzhou, China",Hard,3,Elvina Kalieva,Tamara Korpatsch,p1_games,under,11.5,0.5983,1.67,2.29,0.4036,19.5,0.3701,1,94,1903673
2026-10-08 02:00,wta,WTA Challenger,"Suzhou, China",Hard,3,Elvina Kalieva,Tamara Korpatsch,p2_games,over,12.5,0.3984,2.51,2.42,0.3827,1.6,-0.0359,1,94,1903673
2026-10-08 02:00,wta,WTA Challenger,"Suzhou, China",Hard,3,Elvina Kalieva,Tamara Korpatsch,p2_games,under,12.5,0.6016,1.66,1.5,0.6173,-1.6,-0.0976,1,94,1903673
2026-10-08 02:00,wta,WTA Challenger,"Suzhou, China",Hard,3,Elvina Kalieva,Tamara Korpatsch,game_handicap,player_a,4.5,0.4754,2.1,,,,,1,94,1903673
2026-10-08 02:00,wta,WTA Challenger,"Suzhou, China",Hard,3,Elvina Kalieva,Tamara Korpatsch,game_handicap,player_b,-4.5,0.5246,1.91,,,,,1,94,1903673
2026-10-08 02:00,wta,WTA Challenger,"Suzhou, China",Hard,3,Zhuoxuan Bai,Emerson Jones,winner,player_a,,0.3895,2.57,2.29,0.4083,-1.9,-0.1082,0,94,1903585
2026-10-08 02:00,wta,WTA Challenger,"Suzhou, China",Hard,3,Zhuoxuan Bai,Emerson Jones,winner,player_b,,0.6105,1.64,1.58,0.5917,1.9,-0.0353,0,94,1903585
2026-10-08 02:00,wta,WTA Challenger,"Suzhou, China",Hard,3,Zhuoxuan Bai,Emerson Jones,total_games,over,20.5,0.4891,2.04,1.87,0.496,-0.7,-0.0854,1,94,1903585
2026-10-08 02:00,wta,WTA Challenger,"Suzhou, China",Hard,3,Zhuoxuan Bai,Emerson Jones,total_games,under,20.5,0.5109,1.96,1.84,0.504,0.7,-0.0599,1,94,1903585
2026-10-08 02:00,wta,WTA Challenger,"Suzhou, China",Hard,3,Zhuoxuan Bai,Emerson Jones,p1_games,over,11.5,0.5264,1.9,1.79,0.5175,0.9,-0.0577,1,94,1903585
2026-10-08 02:00,wta,WTA Challenger,"Suzhou, China",Hard,3,Zhuoxuan Bai,Emerson Jones,p1_games,under,11.5,0.4736,2.11,1.92,0.4825,-0.9,-0.0908,1,94,1903585
2026-10-08 02:00,wta,WTA Challenger,"Suzhou, China",Hard,3,Zhuoxuan Bai,Emerson Jones,p2_games,over,12.5,0.403,2.48,2.32,0.399,0.4,-0.065,1,94,1903585
2026-10-08 02:00,wta,WTA Challenger,"Suzhou, China",Hard,3,Zhuoxuan Bai,Emerson Jones,p2_games,under,12.5,0.597,1.68,1.54,0.601,-0.4,-0.0806,1,94,1903585
2026-10-08 02:00,wta,WTA Challenger,"Suzhou, China",Hard,3,Zhuoxuan Bai,Emerson Jones,game_handicap,player_a,2.5,0.4639,2.16,,,,,1,94,1903585
2026-10-08 02:00,wta,WTA Challenger,"Suzhou, China",Hard,3,Zhuoxuan Bai,Emerson Jones,game_handicap,player_b,-2.5,0.5361,1.87,,,,,1,94,1903585
2026-10-08 03:30,wta,WTA Challenger,"Suzhou, China",Hard,3,Katarina Zavatska,Daria Khomutsianskaya,winner,player_a,,0.4487,2.23,2.41,0.3868,6.2,0.0814,0,66,1903550
2026-10-08 03:30,wta,WTA Challenger,"Suzhou, China",Hard,3,Katarina Zavatska,Daria Khomutsianskaya,winner,player_b,,0.5513,1.81,1.52,0.6132,-6.2,-0.1621,0,66,1903550
2026-10-08 03:30,wta,WTA Challenger,"Suzhou, China",Hard,3,Katarina Zavatska,Daria Khomutsianskaya,total_games,over,20.5,0.497,2.01,1.85,0.5,-0.3,-0.0806,1,66,1903550
2026-10-08 03:30,wta,WTA Challenger,"Suzhou, China",Hard,3,Katarina Zavatska,Daria Khomutsianskaya,total_games,under,20.5,0.503,1.99,1.85,0.5,0.3,-0.0694,1,66,1903550
2026-10-08 03:30,wta,WTA Challenger,"Suzhou, China",Hard,3,Katarina Zavatska,Daria Khomutsianskaya,p1_games,over,11.5,0.5825,1.72,1.81,0.5108,7.2,0.0543,1,66,1903550
2026-10-08 03:30,wta,WTA Challenger,"Suzhou, China",Hard,3,Katarina Zavatska,Daria Khomutsianskaya,p1_games,under,11.5,0.4175,2.4,1.89,0.4892,-7.2,-0.2109,1,66,1903550
2026-10-08 03:30,wta,WTA Challenger,"Suzhou, China",Hard,3,Katarina Zavatska,Daria Khomutsianskaya,p2_games,over,12.5,0.3922,2.55,2.2,0.4211,-2.9,-0.1372,1,66,1903550
2026-10-08 03:30,wta,WTA Challenger,"Suzhou, China",Hard,3,Katarina Zavatska,Daria Khomutsianskaya,p2_games,under,12.5,0.6078,1.65,1.6,0.5789,2.9,-0.0275,1,66,1903550
2026-10-08 03:30,wta,WTA Challenger,"Suzhou, China",Hard,3,Katarina Zavatska,Daria Khomutsianskaya,game_handicap,player_a,1.5,0.4881,2.05,,,,,1,66,1903550
2026-10-08 03:30,wta,WTA Challenger,"Suzhou, China",Hard,3,Katarina Zavatska,Daria Khomutsianskaya,game_handicap,player_b,-1.5,0.5119,1.95,,,,,1,66,1903550
2026-10-08 03:30,wta,WTA Challenger,"Suzhou, China",Hard,3,Oleksandra Oliynykova,Aliona Falei,winner,player_a,,0.5536,1.81,1.66,0.5632,-1.0,-0.0811,0,94,1903535
2026-10-08 03:30,wta,WTA Challenger,"Suzhou, China",Hard,3,Oleksandra Oliynykova,Aliona Falei,winner,player_b,,0.4464,2.24,2.14,0.4368,1.0,-0.0446,0,94,1903535
2026-10-08 03:30,wta,WTA Challenger,"Suzhou, China",Hard,3,Oleksandra Oliynykova,Aliona Falei,total_games,over,21.5,0.4551,2.2,1.89,0.4892,-3.4,-0.1399,1,94,1903535
2026-10-08 03:30,wta,WTA Challenger,"Suzhou, China",Hard,3,Oleksandra Oliynykova,Aliona Falei,total_games,under,21.5,0.5449,1.84,1.81,0.5108,3.4,-0.0137,1,94,1903535
2026-10-08 03:30,wta,WTA Challenger,"Suzhou, China",Hard,3,Oleksandra Oliynykova,Aliona Falei,p1_games,over,12.5,0.3976,2.52,2.3,0.4026,-0.5,-0.0856,1,94,1903535
2026-10-08 03:30,wta,WTA Challenger,"Suzhou, China",Hard,3,Oleksandra Oliynykova,Aliona Falei,p1_games,under,12.5,0.6024,1.66,1.55,0.5974,0.5,-0.0662,1,94,1903535
2026-10-08 03:30,wta,WTA Challenger,"Suzhou, China",Hard,3,Oleksandra Oliynykova,Aliona Falei,p2_games,over,11.5,0.5837,1.71,1.68,0.5508,3.3,-0.0195,1,94,1903535
2026-10-08 03:30,wta,WTA Challenger,"Suzhou, China",Hard,3,Oleksandra Oliynykova,Aliona Falei,p2_games,under,11.5,0.4163,2.4,2.06,0.4492,-3.3,-0.1423,1,94,1903535
2026-10-08 03:30,wta,WTA Challenger,"Suzhou, China",Hard,3,Oleksandra Oliynykova,Aliona Falei,game_handicap,player_a,-1.5,0.5129,1.95,,,,,1,94,1903535
2026-10-08 03:30,wta,WTA Challenger,"Suzhou, China",Hard,3,Oleksandra Oliynykova,Aliona Falei,game_handicap,player_b,1.5,0.4871,2.05,,,,,1,94,1903535
2026-10-08 08:00,wta,WTA Challenger,"Samsun, Turkiye",N/A,3,Alicia Dudeney,Ayla Aksu,winner,player_a,,0.6213,1.61,1.67,0.5594,6.2,0.0375,0,59,1903674
2026-10-08 08:00,wta,WTA Challenger,"Samsun, Turkiye",N/A,3,Alicia Dudeney,Ayla Aksu,winner,player_b,,0.3787,2.64,2.12,0.4406,-6.2,-0.1971,0,59,1903674
2026-10-08 08:00,wta,WTA Challenger,"Samsun, Turkiye",N/A,3,Alicia Dudeney,Ayla Aksu,total_games,over,20.5,0.4908,2.04,1.79,0.5175,-2.7,-0.1215,1,59,1903674
2026-10-08 08:00,wta,WTA Challenger,"Samsun, Turkiye",N/A,3,Alicia Dudeney,Ayla Aksu,total_games,under,20.5,0.5092,1.96,1.92,0.4825,2.7,-0.0223,1,59,1903674
2026-10-08 08:00,wta,WTA Challenger,"Samsun, Turkiye",N/A,3,Alicia Dudeney,Ayla Aksu,p1_games,over,12.5,0.4077,2.45,2.34,0.3953,1.2,-0.0459,1,59,1903674
2026-10-08 08:00,wta,WTA Challenger,"Samsun, Turkiye",N/A,3,Alicia Dudeney,Ayla Aksu,p1_games,under,12.5,0.5923,1.69,1.53,0.6047,-1.2,-0.0938,1,59,1903674
2026-10-08 08:00,wta,WTA Challenger,"Samsun, Turkiye",N/A,3,Alicia Dudeney,Ayla Aksu,p2_games,over,11.5,0.5177,1.93,1.67,0.5547,-3.7,-0.1354,1,59,1903674
2026-10-08 08:00,wta,WTA Challenger,"Samsun, Turkiye",N/A,3,Alicia Dudeney,Ayla Aksu,p2_games,under,11.5,0.4823,2.07,2.08,0.4453,3.7,0.0031,1,59,1903674
2026-10-08 08:00,wta,WTA Challenger,"Samsun, Turkiye",N/A,3,Alicia Dudeney,Ayla Aksu,game_handicap,player_a,-2.5,0.5461,1.83,,,,,1,59,1903674
2026-10-08 08:00,wta,WTA Challenger,"Samsun, Turkiye",N/A,3,Alicia Dudeney,Ayla Aksu,game_handicap,player_b,2.5,0.4539,2.2,,,,,1,59,1903674
2026-10-08 09:30,wta,WTA Challenger,"Samsun, Turkiye",N/A,3,Simona Waltert,Linda Klimovicova,winner,player_a,,0.6679,1.5,1.6,0.5844,8.3,0.0686,0,72,1903891
2026-10-08 09:30,wta,WTA Challenger,"Samsun, Turkiye",N/A,3,Simona Waltert,Linda Klimovicova,winner,player_b,,0.3321,3.01,2.25,0.4156,-8.3,-0.2527,0,72,1903891
2026-10-08 09:30,wta,WTA Challenger,"Samsun, Turkiye",N/A,3,Simona Waltert,Linda Klimovicova,total_games,over,21.5,0.4253,2.35,1.8,0.5135,-8.8,-0.2345,1,72,1903891
2026-10-08 09:30,wta,WTA Challenger,"Samsun, Turkiye",N/A,3,Simona Waltert,Linda Klimovicova,total_games,under,21.5,0.5747,1.74,1.9,0.4865,8.8,0.0919,1,72,1903891
2026-10-08 09:30,wta,WTA Challenger,"Samsun, Turkiye",N/A,3,Simona Waltert,Linda Klimovicova,p1_games,over,12.5,0.4054,2.47,2.16,0.4286,-2.3,-0.1243,1,72,1903891
2026-10-08 09:30,wta,WTA Challenger,"Samsun, Turkiye",N/A,3,Simona Waltert,Linda Klimovicova,p1_games,under,12.5,0.5946,1.68,1.62,0.5714,2.3,-0.0368,1,72,1903891
2026-10-08 09:30,wta,WTA Challenger,"Samsun, Turkiye",N/A,3,Simona Waltert,Linda Klimovicova,p2_games,over,11.5,0.4673,2.14,1.72,0.5389,-7.2,-0.1962,1,72,1903891
2026-10-08 09:30,wta,WTA Challenger,"Samsun, Turkiye",N/A,3,Simona Waltert,Linda Klimovicova,p2_games,under,11.5,0.5327,1.88,2.01,0.4611,7.2,0.0707,1,72,1903891
2026-10-08 09:30,wta,WTA Challenger,"Samsun, Turkiye",N/A,3,Simona Waltert,Linda Klimovicova,game_handicap,player_a,-3.5,0.5419,1.85,,,,,1,72,1903891
2026-10-08 09:30,wta,WTA Challenger,"Samsun, Turkiye",N/A,3,Simona Waltert,Linda Klimovicova,game_handicap,player_b,3.5,0.4581,2.18,,,,,1,72,1903891
2026-10-08 11:30,wta,WTA Challenger,"Samsun, Turkiye",N/A,3,Mariam Bolkvadze,Bianca Andreescu,winner,player_a,,0.2616,3.82,4.0,0.2337,2.8,0.0465,0,81,1903815
2026-10-08 11:30,wta,WTA Challenger,"Samsun, Turkiye",N/A,3,Mariam Bolkvadze,Bianca Andreescu,winner,player_b,,0.7384,1.35,1.22,0.7663,-2.8,-0.0992,0,81,1903815
2026-10-08 11:30,wta,WTA Challenger,"Samsun, Turkiye",N/A,3,Mariam Bolkvadze,Bianca Andreescu,total_games,over,19.5,0.4973,2.01,1.78,0.5202,-2.3,-0.1147,1,81,1903815
2026-10-08 11:30,wta,WTA Challenger,"Samsun, Turkiye",N/A,3,Mariam Bolkvadze,Bianca Andreescu,total_games,under,19.5,0.5027,1.99,1.93,0.4798,2.3,-0.0299,1,81,1903815
2026-10-08 11:30,wta,WTA Challenger,"Samsun, Turkiye",N/A,3,Mariam Bolkvadze,Bianca Andreescu,p1_games,over,7.5,0.556,1.8,1.81,0.5121,4.4,0.0063,1,81,1903815
2026-10-08 11:30,wta,WTA Challenger,"Samsun, Turkiye",N/A,3,Mariam Bolkvadze,Bianca Andreescu,p1_games,under,7.5,0.444,2.25,1.9,0.4879,-4.4,-0.1563,1,81,1903815
2026-10-08 11:30,wta,WTA Challenger,"Samsun, Turkiye",N/A,3,Mariam Bolkvadze,Bianca Andreescu,p2_games,over,12.5,0.3945,2.53,2.26,0.4099,-1.5,-0.1085,1,81,1903815
2026-10-08 11:30,wta,WTA Challenger,"Samsun, Turkiye",N/A,3,Mariam Bolkvadze,Bianca Andreescu,p2_games,under,12.5,0.6055,1.65,1.57,0.5901,1.5,-0.0493,1,81,1903815
2026-10-08 11:30,wta,WTA Challenger,"Samsun, Turkiye",N/A,3,Mariam Bolkvadze,Bianca Andreescu,game_handicap,player_a,4.5,0.4605,2.17,,,,,1,81,1903815
2026-10-08 11:30,wta,WTA Challenger,"Samsun, Turkiye",N/A,3,Mariam Bolkvadze,Bianca Andreescu,game_handicap,player_b,-4.5,0.5395,1.85,,,,,1,81,1903815
2026-10-08 13:00,wta,WTA Challenger,"Samsun, Turkiye",N/A,3,Caroline Werner,Anna Blinkova,winner,player_a,,0.1797,5.56,5.2,0.1798,-0.0,-0.0653,0,59,1903889
2026-10-08 13:00,wta,WTA Challenger,"Samsun, Turkiye",N/A,3,Caroline Werner,Anna Blinkova,winner,player_b,,0.8203,1.22,1.14,0.8202,0.0,-0.0649,0,59,1903889
2026-10-08 13:00,wta,WTA Challenger,"Samsun, Turkiye",N/A,3,Caroline Werner,Anna Blinkova,total_games,over,18.5,0.4926,2.03,1.74,0.5323,-4.0,-0.1429,1,59,1903889
2026-10-08 13:00,wta,WTA Challenger,"Samsun, Turkiye",N/A,3,Caroline Werner,Anna Blinkova,total_games,under,18.5,0.5074,1.97,1.98,0.4677,4.0,0.0047,1,59,1903889
2026-10-08 13:00,wta,WTA Challenger,"Samsun, Turkiye",N/A,3,Caroline Werner,Anna Blinkova,p1_games,over,7.5,0.4453,2.25,2.0,0.4638,-1.9,-0.1095,1,59,1903889
2026-10-08 13:00,wta,WTA Challenger,"Samsun, Turkiye",N/A,3,Caroline Werner,Anna Blinkova,p1_games,under,7.5,0.5547,1.8,1.73,0.5362,1.9,-0.0403,1,59,1903889
2026-10-08 13:00,wta,WTA Challenger,"Samsun, Turkiye",N/A,3,Caroline Werner,Anna Blinkova,p2_games,over,12.5,0.3564,2.81,2.35,0.3943,-3.8,-0.1625,1,59,1903889
2026-10-08 13:00,wta,WTA Challenger,"Samsun, Turkiye",N/A,3,Caroline Werner,Anna Blinkova,p2_games,under,12.5,0.6436,1.55,1.53,0.6057,3.8,-0.0152,1,59,1903889
2026-10-08 13:00,wta,WTA Challenger,"Samsun, Turkiye",N/A,3,Caroline Werner,Anna Blinkova,game_handicap,player_a,5.5,0.4441,2.25,,,,,1,59,1903889
2026-10-08 13:00,wta,WTA Challenger,"Samsun, Turkiye",N/A,3,Caroline Werner,Anna Blinkova,game_handicap,player_b,-5.5,0.5559,1.8,,,,,1,59,1903889
2026-10-08 03:00,atp,ATP Challenger,"Wuning 3, China",N/A,3,Jay Dylan Friend,Mitsuki Wei Kang Leong,winner,player_a,,0.749,1.34,1.3,0.7174,3.2,-0.0263,0,81,1903583
2026-10-08 03:00,atp,ATP Challenger,"Wuning 3, China",N/A,3,Jay Dylan Friend,Mitsuki Wei Kang Leong,winner,player_b,,0.251,3.98,3.3,0.2826,-3.2,-0.1717,0,81,1903583
2026-10-08 03:00,atp,ATP Challenger,"Wuning 3, China",N/A,3,Jay Dylan Friend,Mitsuki Wei Kang Leong,total_games,over,21.5,0.4557,2.19,1.91,0.4852,-2.9,-0.1296,0,81,1903583
2026-10-08 03:00,atp,ATP Challenger,"Wuning 3, China",N/A,3,Jay Dylan Friend,Mitsuki Wei Kang Leong,total_games,under,21.5,0.5443,1.84,1.8,0.5148,2.9,-0.0203,0,81,1903583
2026-10-08 03:00,atp,ATP Challenger,"Wuning 3, China",N/A,3,Jay Dylan Friend,Mitsuki Wei Kang Leong,p1_games,over,12.5,0.4655,2.15,1.87,0.4946,-2.9,-0.1295,0,81,1903583
2026-10-08 03:00,atp,ATP Challenger,"Wuning 3, China",N/A,3,Jay Dylan Friend,Mitsuki Wei Kang Leong,p1_games,under,12.5,0.5345,1.87,1.83,0.5054,2.9,-0.0219,0,81,1903583
2026-10-08 03:00,atp,ATP Challenger,"Wuning 3, China",N/A,3,Jay Dylan Friend,Mitsuki Wei Kang Leong,p2_games,over,9.5,0.4914,2.04,1.78,0.5202,-2.9,-0.1254,0,81,1903583
2026-10-08 03:00,atp,ATP Challenger,"Wuning 3, China",N/A,3,Jay Dylan Friend,Mitsuki Wei Kang Leong,p2_games,under,9.5,0.5086,1.97,1.93,0.4798,2.9,-0.0183,0,81,1903583
2026-10-08 03:00,atp,ATP Challenger,"Wuning 3, China",N/A,3,Jay Dylan Friend,Mitsuki Wei Kang Leong,game_handicap,player_a,-3.5,0.5969,1.68,,,,,0,81,1903583
2026-10-08 03:00,atp,ATP Challenger,"Wuning 3, China",N/A,3,Jay Dylan Friend,Mitsuki Wei Kang Leong,game_handicap,player_b,3.5,0.4031,2.48,,,,,0,81,1903583
2026-10-08 03:00,atp,ATP Challenger,"Wuning 3, China",N/A,3,Ryan Seggerman,Kaichi Uchida,winner,player_a,,0.6443,1.55,1.29,0.7249,-8.1,-0.1688,0,88,1903555
2026-10-08 03:00,atp,ATP Challenger,"Wuning 3, China",N/A,3,Ryan Seggerman,Kaichi Uchida,winner,player_b,,0.3557,2.81,3.4,0.2751,8.1,0.2093,0,88,1903555
2026-10-08 03:00,atp,ATP Challenger,"Wuning 3, China",N/A,3,Ryan Seggerman,Kaichi Uchida,total_games,over,22.5,0.5174,1.93,1.72,0.5389,-2.1,-0.1101,0,88,1903555
2026-10-08 03:00,atp,ATP Challenger,"Wuning 3, China",N/A,3,Ryan Seggerman,Kaichi Uchida,total_games,under,22.5,0.4826,2.07,2.01,0.4611,2.1,-0.0299,0,88,1903555
2026-10-08 03:00,atp,ATP Challenger,"Wuning 3, China",N/A,3,Ryan Seggerman,Kaichi Uchida,p1_games,over,13.5,0.3672,2.72,2.22,0.4173,-5.0,-0.1848,0,88,1903555
2026-10-08 03:00,atp,ATP Challenger,"Wuning 3, China",N/A,3,Ryan Seggerman,Kaichi Uchida,p1_games,under,13.5,0.6328,1.58,1.59,0.5827,5.0,0.0061,0,88,1903555
2026-10-08 03:00,atp,ATP Challenger,"Wuning 3, China",N/A,3,Ryan Seggerman,Kaichi Uchida,p2_games,over,11.5,0.5721,1.75,1.76,0.5256,4.7,0.007,0,88,1903555
2026-10-08 03:00,atp,ATP Challenger,"Wuning 3, China",N/A,3,Ryan Seggerman,Kaichi Uchida,p2_games,under,11.5,0.4279,2.34,1.95,0.4744,-4.7,-0.1657,0,88,1903555
2026-10-08 03:00,atp,ATP Challenger,"Wuning 3, China",N/A,3,Ryan Seggerman,Kaichi Uchida,game_handicap,player_a,-2.5,0.5183,1.93,,,,,0,88,1903555
2026-10-08 03:00,atp,ATP Challenger,"Wuning 3, China",N/A,3,Ryan Seggerman,Kaichi Uchida,game_handicap,player_b,2.5,0.4817,2.08,,,,,0,88,1903555
2026-10-08 04:30,atp,ATP Challenger,"Wuning 3, China",N/A,3,Evan Zhu,Alibek Kachmazov,winner,player_a,,0.1967,5.08,2.44,0.3823,-18.6,-0.5201,0,81,1903655
2026-10-08 04:30,atp,ATP Challenger,"Wuning 3, China",N/A,3,Evan Zhu,Alibek Kachmazov,winner,player_b,,0.8033,1.24,1.51,0.6177,18.6,0.213,0,81,1903655
2026-10-08 04:30,atp,ATP Challenger,"Wuning 3, China",N/A,3,Evan Zhu,Alibek Kachmazov,total_games,over,22.5,0.3644,2.74,1.94,0.4771,-11.3,-0.293,1,81,1903655
2026-10-08 04:30,atp,ATP Challenger,"Wuning 3, China",N/A,3,Evan Zhu,Alibek Kachmazov,total_games,under,22.5,0.6356,1.57,1.77,0.5229,11.3,0.125,1,81,1903655
2026-10-08 04:30,atp,ATP Challenger,"Wuning 3, China",N/A,3,Evan Zhu,Alibek Kachmazov,p1_games,over,12.5,0.2633,3.8,2.08,0.4453,-18.2,-0.4524,1,81,1903655
2026-10-08 04:30,atp,ATP Challenger,"Wuning 3, China",N/A,3,Evan Zhu,Alibek Kachmazov,p1_games,under,12.5,0.7367,1.36,1.67,0.5547,18.2,0.2303,1,81,1903655
2026-10-08 04:30,atp,ATP Challenger,"Wuning 3, China",N/A,3,Evan Zhu,Alibek Kachmazov,p2_games,over,12.5,0.4569,2.19,1.73,0.5349,-7.8,-0.2096,1,81,1903655
2026-10-08 04:30,atp,ATP Challenger,"Wuning 3, China",N/A,3,Evan Zhu,Alibek Kachmazov,p2_games,under,12.5,0.5431,1.84,1.99,0.4651,7.8,0.0809,1,81,1903655
2026-10-08 04:30,atp,ATP Challenger,"Wuning 3, China",N/A,3,Evan Zhu,Alibek Kachmazov,game_handicap,player_a,4.5,0.4547,2.2,,,,,1,81,1903655
2026-10-08 04:30,atp,ATP Challenger,"Wuning 3, China",N/A,3,Evan Zhu,Alibek Kachmazov,game_handicap,player_b,-4.5,0.5453,1.83,,,,,1,81,1903655
2026-10-08 04:30,atp,ATP Challenger,"Wuning 3, China",N/A,3,Fajing Sun,Kasidit Samrej,winner,player_a,,0.4628,2.16,1.45,0.6463,-18.4,-0.3289,0,88,1903551
2026-10-08 04:30,atp,ATP Challenger,"Wuning 3, China",N/A,3,Fajing Sun,Kasidit Samrej,winner,player_b,,0.5372,1.86,2.65,0.3537,18.4,0.4235,0,88,1903551
2026-10-08 04:30,atp,ATP Challenger,"Wuning 3, China",N/A,3,Fajing Sun,Kasidit Samrej,total_games,over,22.5,0.4766,2.1,1.94,0.4771,-0.1,-0.0754,0,88,1903551
2026-10-08 04:30,atp,ATP Challenger,"Wuning 3, China",N/A,3,Fajing Sun,Kasidit Samrej,total_games,under,22.5,0.5234,1.91,1.77,0.5229,0.1,-0.0736,0,88,1903551
2026-10-08 04:30,atp,ATP Challenger,"Wuning 3, China",N/A,3,Fajing Sun,Kasidit Samrej,p1_games,over,12.5,0.4453,2.25,1.69,0.5481,-10.3,-0.2475,0,88,1903551
2026-10-08 04:30,atp,ATP Challenger,"Wuning 3, China",N/A,3,Fajing Sun,Kasidit Samrej,p1_games,under,12.5,0.5547,1.8,2.05,0.4519,10.3,0.1372,0,88,1903551
2026-10-08 04:30,atp,ATP Challenger,"Wuning 3, China",N/A,3,Fajing Sun,Kasidit Samrej,p2_games,over,11.5,0.6998,1.43,1.67,0.5535,14.6,0.1687,0,88,1903551
2026-10-08 04:30,atp,ATP Challenger,"Wuning 3, China",N/A,3,Fajing Sun,Kasidit Samrej,p2_games,under,11.5,0.3002,3.33,2.07,0.4465,-14.6,-0.3787,0,88,1903551
2026-10-08 04:30,atp,ATP Challenger,"Wuning 3, China",N/A,3,Fajing Sun,Kasidit Samrej,game_handicap,player_a,0.5,0.4786,2.09,,,,,0,88,1903551
2026-10-08 04:30,atp,ATP Challenger,"Wuning 3, China",N/A,3,Fajing Sun,Kasidit Samrej,game_handicap,player_b,-0.5,0.5214,1.92,,,,,0,88,1903551
2026-10-08 11:00,atp,ATP Challenger,"Palermo, Italy",Clay,3,Buvaysar Gadamauri,Yanaki Milev,winner,player_a,,0.712,1.4,1.51,0.6177,9.4,0.0751,0,100,1903712
2026-10-08 11:00,atp,ATP Challenger,"Palermo, Italy",Clay,3,Buvaysar Gadamauri,Yanaki Milev,winner,player_b,,0.288,3.47,2.44,0.3823,-9.4,-0.2972,0,100,1903712
2026-10-08 11:00,atp,ATP Challenger,"Palermo, Italy",Clay,3,Buvaysar Gadamauri,Yanaki Milev,total_games,over,22.5,0.4207,2.38,1.98,0.4677,-4.7,-0.167,0,100,1903712
2026-10-08 11:00,atp,ATP Challenger,"Palermo, Italy",Clay,3,Buvaysar Gadamauri,Yanaki Milev,total_games,under,22.5,0.5793,1.73,1.74,0.5323,4.7,0.008,0,100,1903712
2026-10-08 11:00,atp,ATP Challenger,"Palermo, Italy",Clay,3,Buvaysar Gadamauri,Yanaki Milev,p1_games,over,12.5,0.4797,2.08,1.85,0.5,-2.0,-0.1126,0,100,1903712
2026-10-08 11:00,atp,ATP Challenger,"Palermo, Italy",Clay,3,Buvaysar Gadamauri,Yanaki Milev,p1_games,under,12.5,0.5203,1.92,1.85,0.5,2.0,-0.0374,0,100,1903712
2026-10-08 11:00,atp,ATP Challenger,"Palermo, Italy",Clay,3,Buvaysar Gadamauri,Yanaki Milev,p2_games,over,11.5,0.4575,2.19,1.68,0.5508,-9.3,-0.2314,0,100,1903712
2026-10-08 11:00,atp,ATP Challenger,"Palermo, Italy",Clay,3,Buvaysar Gadamauri,Yanaki Milev,p2_games,under,11.5,0.5425,1.84,2.06,0.4492,9.3,0.1176,0,100,1903712
2026-10-08 11:00,atp,ATP Challenger,"Palermo, Italy",Clay,3,Buvaysar Gadamauri,Yanaki Milev,game_handicap,player_a,-3.5,0.5492,1.82,,,,,0,100,1903712
2026-10-08 11:00,atp,ATP Challenger,"Palermo, Italy",Clay,3,Buvaysar Gadamauri,Yanaki Milev,game_handicap,player_b,3.5,0.4508,2.22,,,,,0,100,1903712
2026-10-08 12:30,atp,ATP Challenger,"Palermo, Italy",Clay,3,Carlos Sanchez Jover,Lorenzo Giustino,winner,player_a,,0.4777,2.09,2.08,0.4483,2.9,-0.0063,0,100,1903711
2026-10-08 12:30,atp,ATP Challenger,"Palermo, Italy",Clay,3,Carlos Sanchez Jover,Lorenzo Giustino,winner,player_b,,0.5223,1.91,1.69,0.5517,-2.9,-0.1174,0,100,1903711
2026-10-08 12:30,atp,ATP Challenger,"Palermo, Italy",Clay,3,Carlos Sanchez Jover,Lorenzo Giustino,total_games,over,22.5,0.4444,2.25,1.93,0.4798,-3.5,-0.1423,0,100,1903711
2026-10-08 12:30,atp,ATP Challenger,"Palermo, Italy",Clay,3,Carlos Sanchez Jover,Lorenzo Giustino,total_games,under,22.5,0.5556,1.8,1.78,0.5202,3.5,-0.0111,0,100,1903711
2026-10-08 12:30,atp,ATP Challenger,"Palermo, Italy",Clay,3,Carlos Sanchez Jover,Lorenzo Giustino,p1_games,over,12.5,0.4125,2.42,2.08,0.4453,-3.3,-0.142,0,100,1903711
2026-10-08 12:30,atp,ATP Challenger,"Palermo, Italy",Clay,3,Carlos Sanchez Jover,Lorenzo Giustino,p1_games,under,12.5,0.5875,1.7,1.67,0.5547,3.3,-0.0189,0,100,1903711
2026-10-08 12:30,atp,ATP Challenger,"Palermo, Italy",Clay,3,Carlos Sanchez Jover,Lorenzo Giustino,p2_games,over,12.5,0.4276,2.34,1.91,0.4838,-5.6,-0.1833,0,100,1903711
2026-10-08 12:30,atp,ATP Challenger,"Palermo, Italy",Clay,3,Carlos Sanchez Jover,Lorenzo Giustino,p2_games,under,12.5,0.5724,1.75,1.79,0.5162,5.6,0.0246,0,100,1903711
2026-10-08 12:30,atp,ATP Challenger,"Palermo, Italy",Clay,3,Carlos Sanchez Jover,Lorenzo Giustino,game_handicap,player_a,0.5,0.4923,2.03,,,,,0,100,1903711
2026-10-08 12:30,atp,ATP Challenger,"Palermo, Italy",Clay,3,Carlos Sanchez Jover,Lorenzo Giustino,game_handicap,player_b,-0.5,0.5077,1.97,,,,,0,100,1903711
2026-10-08 15:00,atp,ATP Challenger,"Palermo, Italy",Clay,3,Carlo Alberto Caniato,Francesco Passaro,winner,player_a,,0.4479,2.23,1.96,0.4759,-2.8,-0.1222,0,100,1903717
2026-10-08 15:00,atp,ATP Challenger,"Palermo, Italy",Clay,3,Carlo Alberto Caniato,Francesco Passaro,winner,player_b,,0.5521,1.81,1.78,0.5241,2.8,-0.0172,0,100,1903717
2026-10-08 15:00,atp,ATP Challenger,"Palermo, Italy",Clay,3,Carlo Alberto Caniato,Francesco Passaro,total_games,over,22.5,0.5043,1.98,1.89,0.4892,1.5,-0.0469,0,100,1903717
2026-10-08 15:00,atp,ATP Challenger,"Palermo, Italy",Clay,3,Carlo Alberto Caniato,Francesco Passaro,total_games,under,22.5,0.4957,2.02,1.81,0.5108,-1.5,-0.1027,0,100,1903717
2026-10-08 15:00,atp,ATP Challenger,"Palermo, Italy",Clay,3,Carlo Alberto Caniato,Francesco Passaro,p1_games,over,12.5,0.4695,2.13,1.93,0.4798,-1.0,-0.094,0,100,1903717
2026-10-08 15:00,atp,ATP Challenger,"Palermo, Italy",Clay,3,Carlo Alberto Caniato,Francesco Passaro,p1_games,under,12.5,0.5305,1.88,1.78,0.5202,1.0,-0.0556,0,100,1903717
2026-10-08 15:00,atp,ATP Challenger,"Palermo, Italy",Clay,3,Carlo Alberto Caniato,Francesco Passaro,p2_games,over,12.5,0.5088,1.97,1.86,0.4973,1.1,-0.0537,0,100,1903717
2026-10-08 15:00,atp,ATP Challenger,"Palermo, Italy",Clay,3,Carlo Alberto Caniato,Francesco Passaro,p2_games,under,12.5,0.4912,2.04,1.84,0.5027,-1.1,-0.0962,0,100,1903717
2026-10-08 15:00,atp,ATP Challenger,"Palermo, Italy",Clay,3,Carlo Alberto Caniato,Francesco Passaro,game_handicap,player_a,0.5,0.465,2.15,,,,,0,100,1903717
2026-10-08 15:00,atp,ATP Challenger,"Palermo, Italy",Clay,3,Carlo Alberto Caniato,Francesco Passaro,game_handicap,player_b,-0.5,0.535,1.87,,,,,0,100,1903717
2026-10-08 18:00,atp,ATP Challenger,"Palermo, Italy",Clay,3,Gabriele Piraino,Enrico Dalla Valle,winner,player_a,,0.3388,2.95,2.44,0.3838,-4.5,-0.1732,0,100,1903720
2026-10-08 18:00,atp,ATP Challenger,"Palermo, Italy",Clay,3,Gabriele Piraino,Enrico Dalla Valle,winner,player_b,,0.6612,1.51,1.52,0.6162,4.5,0.005,0,100,1903720
2026-10-08 18:00,atp,ATP Challenger,"Palermo, Italy",Clay,3,Gabriele Piraino,Enrico Dalla Valle,total_games,over,21.5,0.5012,2.0,1.83,0.5054,-0.4,-0.0827,0,100,1903720
2026-10-08 18:00,atp,ATP Challenger,"Palermo, Italy",Clay,3,Gabriele Piraino,Enrico Dalla Valle,total_games,under,21.5,0.4988,2.01,1.87,0.4946,0.4,-0.0673,0,100,1903720
2026-10-08 18:00,atp,ATP Challenger,"Palermo, Italy",Clay,3,Gabriele Piraino,Enrico Dalla Valle,p1_games,over,11.5,0.508,1.97,1.73,0.5349,-2.7,-0.1211,0,100,1903720
2026-10-08 18:00,atp,ATP Challenger,"Palermo, Italy",Clay,3,Gabriele Piraino,Enrico Dalla Valle,p1_games,under,11.5,0.492,2.03,1.99,0.4651,2.7,-0.021,0,100,1903720
2026-10-08 18:00,atp,ATP Challenger,"Palermo, Italy",Clay,3,Gabriele Piraino,Enrico Dalla Valle,p2_games,over,12.5,0.4755,2.1,1.96,0.4717,0.4,-0.0681,0,100,1903720
2026-10-08 18:00,atp,ATP Challenger,"Palermo, Italy",Clay,3,Gabriele Piraino,Enrico Dalla Valle,p2_games,under,12.5,0.5245,1.91,1.75,0.5283,-0.4,-0.0821,0,100,1903720
2026-10-08 18:00,atp,ATP Challenger,"Palermo, Italy",Clay,3,Gabriele Piraino,Enrico Dalla Valle,game_handicap,player_a,2.5,0.4297,2.33,,,,,0,100,1903720
2026-10-08 18:00,atp,ATP Challenger,"Palermo, Italy",Clay,3,Gabriele Piraino,Enrico Dalla Valle,game_handicap,player_b,-2.5,0.5703,1.75,,,,,0,100,1903720
