start_utc,tour,category,tournament,surface,best_of,player_a,player_b,market,selection,line,model_probability,fair_odds,bookmaker_odds,implied_fair,edge_pp,ev,low_confidence,data_quality,match_id
2026-10-08 20:15,atp,ATP Challenger,"Antofagasta, Chile",Clay,3,Juan Carlos Prado Angelo,Pedro Boscardin Dias,winner,player_a,,0.5601,1.79,,,,,0,94,1903713
2026-10-08 20:15,atp,ATP Challenger,"Antofagasta, Chile",Clay,3,Juan Carlos Prado Angelo,Pedro Boscardin Dias,winner,player_b,,0.4399,2.27,,,,,0,94,1903713
2026-10-08 20:15,atp,ATP Challenger,"Antofagasta, Chile",Clay,3,Juan Carlos Prado Angelo,Pedro Boscardin Dias,total_games,over,22.5,0.4462,2.24,,,,,0,94,1903713
2026-10-08 20:15,atp,ATP Challenger,"Antofagasta, Chile",Clay,3,Juan Carlos Prado Angelo,Pedro Boscardin Dias,total_games,under,22.5,0.5538,1.81,,,,,0,94,1903713
2026-10-08 20:15,atp,ATP Challenger,"Antofagasta, Chile",Clay,3,Juan Carlos Prado Angelo,Pedro Boscardin Dias,p1_games,over,12.5,0.4436,2.25,,,,,0,94,1903713
2026-10-08 20:15,atp,ATP Challenger,"Antofagasta, Chile",Clay,3,Juan Carlos Prado Angelo,Pedro Boscardin Dias,p1_games,under,12.5,0.5564,1.8,,,,,0,94,1903713
2026-10-08 20:15,atp,ATP Challenger,"Antofagasta, Chile",Clay,3,Juan Carlos Prado Angelo,Pedro Boscardin Dias,p2_games,over,12.5,0.4031,2.48,,,,,0,94,1903713
2026-10-08 20:15,atp,ATP Challenger,"Antofagasta, Chile",Clay,3,Juan Carlos Prado Angelo,Pedro Boscardin Dias,p2_games,under,12.5,0.5969,1.68,,,,,0,94,1903713
2026-10-08 20:15,atp,ATP Challenger,"Antofagasta, Chile",Clay,3,Juan Carlos Prado Angelo,Pedro Boscardin Dias,game_handicap,player_a,-1.5,0.5131,1.95,,,,,0,94,1903713
2026-10-08 20:15,atp,ATP Challenger,"Antofagasta, Chile",Clay,3,Juan Carlos Prado Angelo,Pedro Boscardin Dias,game_handicap,player_b,1.5,0.4869,2.05,,,,,0,94,1903713
2026-10-09 04:00,atp,ATP 1000,Shanghai Rolex Masters,Hard,3,Adrian Mannarino,Flavio Cobolli,winner,player_a,,0.2831,3.53,2.7,0.3571,-7.4,-0.2356,0,100,1903787
2026-10-09 04:00,atp,ATP 1000,Shanghai Rolex Masters,Hard,3,Adrian Mannarino,Flavio Cobolli,winner,player_b,,0.7169,1.39,1.5,0.6429,7.4,0.0753,0,100,1903787
2026-10-09 04:00,atp,ATP 1000,Shanghai Rolex Masters,Hard,3,Adrian Mannarino,Flavio Cobolli,total_games,over,19.5,0.6306,1.59,1.39,0.6834,-5.3,-0.1234,0,100,1903787
2026-10-09 04:00,atp,ATP 1000,Shanghai Rolex Masters,Hard,3,Adrian Mannarino,Flavio Cobolli,total_games,under,19.5,0.3694,2.71,3.0,0.3166,5.3,0.1081,0,100,1903787
2026-10-09 04:00,atp,ATP 1000,Shanghai Rolex Masters,Hard,3,Adrian Mannarino,Flavio Cobolli,total_games,over,20.5,0.5538,1.81,1.56,0.611,-5.7,-0.1361,0,100,1903787
2026-10-09 04:00,atp,ATP 1000,Shanghai Rolex Masters,Hard,3,Adrian Mannarino,Flavio Cobolli,total_games,under,20.5,0.4462,2.24,2.45,0.389,5.7,0.0932,0,100,1903787
2026-10-09 04:00,atp,ATP 1000,Shanghai Rolex Masters,Hard,3,Adrian Mannarino,Flavio Cobolli,total_games,over,21.5,0.5007,2.0,1.71,0.557,-5.6,-0.1438,0,100,1903787
2026-10-09 04:00,atp,ATP 1000,Shanghai Rolex Masters,Hard,3,Adrian Mannarino,Flavio Cobolli,total_games,under,21.5,0.4993,2.0,2.15,0.443,5.6,0.0736,0,100,1903787
2026-10-09 04:00,atp,ATP 1000,Shanghai Rolex Masters,Hard,3,Adrian Mannarino,Flavio Cobolli,total_games,over,22.5,0.4312,2.32,1.97,0.4829,-5.2,-0.1505,0,100,1903787
2026-10-09 04:00,atp,ATP 1000,Shanghai Rolex Masters,Hard,3,Adrian Mannarino,Flavio Cobolli,total_games,under,22.5,0.5688,1.76,1.84,0.5171,5.2,0.0466,0,100,1903787
2026-10-09 04:00,atp,ATP 1000,Shanghai Rolex Masters,Hard,3,Adrian Mannarino,Flavio Cobolli,total_games,over,23.5,0.3835,2.61,2.22,0.4293,-4.6,-0.1485,0,100,1903787
2026-10-09 04:00,atp,ATP 1000,Shanghai Rolex Masters,Hard,3,Adrian Mannarino,Flavio Cobolli,total_games,under,23.5,0.6165,1.62,1.67,0.5707,4.6,0.0295,0,100,1903787
2026-10-09 04:00,atp,ATP 1000,Shanghai Rolex Masters,Hard,3,Adrian Mannarino,Flavio Cobolli,total_games,over,24.5,0.3698,2.7,2.29,0.4158,-4.6,-0.1531,0,100,1903787
2026-10-09 04:00,atp,ATP 1000,Shanghai Rolex Masters,Hard,3,Adrian Mannarino,Flavio Cobolli,total_games,under,24.5,0.6302,1.59,1.63,0.5842,4.6,0.0272,0,100,1903787
2026-10-09 04:00,atp,ATP 1000,Shanghai Rolex Masters,Hard,3,Adrian Mannarino,Flavio Cobolli,total_games,over,25.5,0.3374,2.96,2.5,0.3812,-4.4,-0.1565,0,100,1903787
2026-10-09 04:00,atp,ATP 1000,Shanghai Rolex Masters,Hard,3,Adrian Mannarino,Flavio Cobolli,total_games,under,25.5,0.6626,1.51,1.54,0.6188,4.4,0.0204,0,100,1903787
2026-10-09 04:00,atp,ATP 1000,Shanghai Rolex Masters,Hard,3,Adrian Mannarino,Flavio Cobolli,p1_games,over,10.5,0.4978,2.01,1.62,0.5759,-7.8,-0.1935,0,100,1903787
2026-10-09 04:00,atp,ATP 1000,Shanghai Rolex Masters,Hard,3,Adrian Mannarino,Flavio Cobolli,p1_games,under,10.5,0.5022,1.99,2.2,0.4241,7.8,0.1048,0,100,1903787
2026-10-09 04:00,atp,ATP 1000,Shanghai Rolex Masters,Hard,3,Adrian Mannarino,Flavio Cobolli,p1_games,over,11.5,0.4616,2.17,1.73,0.5399,-7.8,-0.2014,0,100,1903787
2026-10-09 04:00,atp,ATP 1000,Shanghai Rolex Masters,Hard,3,Adrian Mannarino,Flavio Cobolli,p1_games,under,11.5,0.5384,1.86,2.03,0.4601,7.8,0.0929,0,100,1903787
2026-10-09 04:00,atp,ATP 1000,Shanghai Rolex Masters,Hard,3,Adrian Mannarino,Flavio Cobolli,p1_games,over,12.5,0.3461,2.89,2.3,0.4057,-6.0,-0.2039,0,100,1903787
2026-10-09 04:00,atp,ATP 1000,Shanghai Rolex Masters,Hard,3,Adrian Mannarino,Flavio Cobolli,p1_games,under,12.5,0.6539,1.53,1.57,0.5943,6.0,0.0266,0,100,1903787
2026-10-09 04:00,atp,ATP 1000,Shanghai Rolex Masters,Hard,3,Adrian Mannarino,Flavio Cobolli,p2_games,over,11.5,0.8368,1.2,1.22,0.7663,7.1,0.0209,0,100,1903787
2026-10-09 04:00,atp,ATP 1000,Shanghai Rolex Masters,Hard,3,Adrian Mannarino,Flavio Cobolli,p2_games,under,11.5,0.1632,6.13,4.0,0.2337,-7.1,-0.3472,0,100,1903787
2026-10-09 04:00,atp,ATP 1000,Shanghai Rolex Masters,Hard,3,Adrian Mannarino,Flavio Cobolli,p2_games,over,12.5,0.496,2.02,1.8,0.5187,-2.3,-0.1072,0,100,1903787
2026-10-09 04:00,atp,ATP 1000,Shanghai Rolex Masters,Hard,3,Adrian Mannarino,Flavio Cobolli,p2_games,under,12.5,0.504,1.98,1.94,0.4813,2.3,-0.0222,0,100,1903787
2026-10-09 04:00,atp,ATP 1000,Shanghai Rolex Masters,Hard,3,Adrian Mannarino,Flavio Cobolli,p2_games,over,13.5,0.3122,3.2,2.7,0.3462,-3.4,-0.157,0,100,1903787
2026-10-09 04:00,atp,ATP 1000,Shanghai Rolex Masters,Hard,3,Adrian Mannarino,Flavio Cobolli,p2_games,under,13.5,0.6878,1.45,1.43,0.6538,3.4,-0.0165,0,100,1903787
2026-10-09 04:00,atp,ATP 1000,Shanghai Rolex Masters,Hard,3,Adrian Mannarino,Flavio Cobolli,game_handicap,player_a,3.5,0.4578,2.18,,,,,0,100,1903787
2026-10-09 04:00,atp,ATP 1000,Shanghai Rolex Masters,Hard,3,Adrian Mannarino,Flavio Cobolli,game_handicap,player_b,-3.5,0.5422,1.84,,,,,0,100,1903787
2026-10-09 04:00,atp,ATP 1000,Shanghai Rolex Masters,Hard,3,Arthur Gea,Ugo Humbert,winner,player_a,,0.4011,2.49,1.81,0.5311,-13.0,-0.274,0,100,1903784
2026-10-09 04:00,atp,ATP 1000,Shanghai Rolex Masters,Hard,3,Arthur Gea,Ugo Humbert,winner,player_b,,0.5989,1.67,2.05,0.4689,13.0,0.2277,0,100,1903784
2026-10-09 04:00,atp,ATP 1000,Shanghai Rolex Masters,Hard,3,Arthur Gea,Ugo Humbert,total_games,over,19.5,0.698,1.43,1.31,0.7277,-3.0,-0.0856,0,100,1903784
2026-10-09 04:00,atp,ATP 1000,Shanghai Rolex Masters,Hard,3,Arthur Gea,Ugo Humbert,total_games,under,19.5,0.302,3.31,3.5,0.2723,3.0,0.057,0,100,1903784
2026-10-09 04:00,atp,ATP 1000,Shanghai Rolex Masters,Hard,3,Arthur Gea,Ugo Humbert,total_games,over,20.5,0.6192,1.62,1.46,0.649,-3.0,-0.096,0,100,1903784
2026-10-09 04:00,atp,ATP 1000,Shanghai Rolex Masters,Hard,3,Arthur Gea,Ugo Humbert,total_games,under,20.5,0.3808,2.63,2.7,0.351,3.0,0.0282,0,100,1903784
2026-10-09 04:00,atp,ATP 1000,Shanghai Rolex Masters,Hard,3,Arthur Gea,Ugo Humbert,total_games,over,21.5,0.5655,1.77,1.59,0.5985,-3.3,-0.1008,0,100,1903784
2026-10-09 04:00,atp,ATP 1000,Shanghai Rolex Masters,Hard,3,Arthur Gea,Ugo Humbert,total_games,under,21.5,0.4345,2.3,2.37,0.4015,3.3,0.0297,0,100,1903784
2026-10-09 04:00,atp,ATP 1000,Shanghai Rolex Masters,Hard,3,Arthur Gea,Ugo Humbert,total_games,over,22.5,0.4877,2.05,1.84,0.5171,-2.9,-0.1027,0,100,1903784
2026-10-09 04:00,atp,ATP 1000,Shanghai Rolex Masters,Hard,3,Arthur Gea,Ugo Humbert,total_games,under,22.5,0.5123,1.95,1.97,0.4829,2.9,0.0093,0,100,1903784
2026-10-09 04:00,atp,ATP 1000,Shanghai Rolex Masters,Hard,3,Arthur Gea,Ugo Humbert,total_games,over,23.5,0.431,2.32,2.08,0.4583,-2.7,-0.1035,0,100,1903784
2026-10-09 04:00,atp,ATP 1000,Shanghai Rolex Masters,Hard,3,Arthur Gea,Ugo Humbert,total_games,under,23.5,0.569,1.76,1.76,0.5417,2.7,0.0014,0,100,1903784
2026-10-09 04:00,atp,ATP 1000,Shanghai Rolex Masters,Hard,3,Arthur Gea,Ugo Humbert,total_games,over,24.5,0.4189,2.39,2.14,0.4456,-2.7,-0.1035,0,100,1903784
2026-10-09 04:00,atp,ATP 1000,Shanghai Rolex Masters,Hard,3,Arthur Gea,Ugo Humbert,total_games,under,24.5,0.5811,1.72,1.72,0.5544,2.7,-0.0006,0,100,1903784
2026-10-09 04:00,atp,ATP 1000,Shanghai Rolex Masters,Hard,3,Arthur Gea,Ugo Humbert,total_games,over,25.5,0.3855,2.59,2.32,0.4112,-2.6,-0.1057,0,100,1903784
2026-10-09 04:00,atp,ATP 1000,Shanghai Rolex Masters,Hard,3,Arthur Gea,Ugo Humbert,total_games,under,25.5,0.6145,1.63,1.62,0.5888,2.6,-0.0045,0,100,1903784
2026-10-09 04:00,atp,ATP 1000,Shanghai Rolex Masters,Hard,3,Arthur Gea,Ugo Humbert,p1_games,over,11.5,0.592,1.69,1.34,0.6948,-10.3,-0.2067,0,100,1903784
2026-10-09 04:00,atp,ATP 1000,Shanghai Rolex Masters,Hard,3,Arthur Gea,Ugo Humbert,p1_games,under,11.5,0.408,2.45,3.05,0.3052,10.3,0.2444,0,100,1903784
2026-10-09 04:00,atp,ATP 1000,Shanghai Rolex Masters,Hard,3,Arthur Gea,Ugo Humbert,p1_games,over,12.5,0.4371,2.29,1.82,0.5134,-7.6,-0.2044,0,100,1903784
2026-10-09 04:00,atp,ATP 1000,Shanghai Rolex Masters,Hard,3,Arthur Gea,Ugo Humbert,p1_games,under,12.5,0.5629,1.78,1.92,0.4866,7.6,0.0807,0,100,1903784
2026-10-09 04:00,atp,ATP 1000,Shanghai Rolex Masters,Hard,3,Arthur Gea,Ugo Humbert,p1_games,over,13.5,0.3039,3.29,2.65,0.3537,-5.0,-0.1946,0,100,1903784
2026-10-09 04:00,atp,ATP 1000,Shanghai Rolex Masters,Hard,3,Arthur Gea,Ugo Humbert,p1_games,under,13.5,0.6961,1.44,1.45,0.6463,5.0,0.0093,0,100,1903784
2026-10-09 04:00,atp,ATP 1000,Shanghai Rolex Masters,Hard,3,Arthur Gea,Ugo Humbert,p2_games,over,11.5,0.7574,1.32,1.44,0.6522,10.5,0.0906,0,100,1903784
2026-10-09 04:00,atp,ATP 1000,Shanghai Rolex Masters,Hard,3,Arthur Gea,Ugo Humbert,p2_games,under,11.5,0.2426,4.12,2.7,0.3478,-10.5,-0.3449,0,100,1903784
2026-10-09 04:00,atp,ATP 1000,Shanghai Rolex Masters,Hard,3,Arthur Gea,Ugo Humbert,p2_games,over,12.5,0.5092,1.96,1.91,0.4893,2.0,-0.0274,0,100,1903784
2026-10-09 04:00,atp,ATP 1000,Shanghai Rolex Masters,Hard,3,Arthur Gea,Ugo Humbert,p2_games,under,12.5,0.4908,2.04,1.83,0.5107,-2.0,-0.1019,0,100,1903784
2026-10-09 04:00,atp,ATP 1000,Shanghai Rolex Masters,Hard,3,Arthur Gea,Ugo Humbert,p2_games,over,13.5,0.3369,2.97,2.7,0.3447,-0.8,-0.0904,0,100,1903784
2026-10-09 04:00,atp,ATP 1000,Shanghai Rolex Masters,Hard,3,Arthur Gea,Ugo Humbert,p2_games,under,13.5,0.6631,1.51,1.42,0.6553,0.8,-0.0584,0,100,1903784
2026-10-09 04:00,atp,ATP 1000,Shanghai Rolex Masters,Hard,3,Arthur Gea,Ugo Humbert,game_handicap,player_a,1.5,0.4542,2.2,,,,,0,100,1903784
2026-10-09 04:00,atp,ATP 1000,Shanghai Rolex Masters,Hard,3,Arthur Gea,Ugo Humbert,game_handicap,player_b,-1.5,0.5458,1.83,,,,,0,100,1903784
2026-10-09 04:00,atp,ATP 1000,Shanghai Rolex Masters,Hard,3,Ben Shelton,Daniel Altmaier,winner,player_a,,0.8277,1.21,1.12,0.8586,-3.1,-0.073,0,100,1903983
2026-10-09 04:00,atp,ATP 1000,Shanghai Rolex Masters,Hard,3,Ben Shelton,Daniel Altmaier,winner,player_b,,0.1723,5.8,6.8,0.1414,3.1,0.1718,0,100,1903983
2026-10-09 04:00,atp,ATP 1000,Shanghai Rolex Masters,Hard,3,Ben Shelton,Daniel Altmaier,total_games,over,18.5,0.7483,1.34,1.27,0.7495,-0.1,-0.0497,0,100,1903983
2026-10-09 04:00,atp,ATP 1000,Shanghai Rolex Masters,Hard,3,Ben Shelton,Daniel Altmaier,total_games,under,18.5,0.2517,3.97,3.8,0.2505,0.1,-0.0435,0,100,1903983
2026-10-09 04:00,atp,ATP 1000,Shanghai Rolex Masters,Hard,3,Ben Shelton,Daniel Altmaier,total_games,over,19.5,0.6526,1.53,1.48,0.6459,0.7,-0.0342,0,100,1903983
2026-10-09 04:00,atp,ATP 1000,Shanghai Rolex Masters,Hard,3,Ben Shelton,Daniel Altmaier,total_games,under,19.5,0.3474,2.88,2.7,0.3541,-0.7,-0.062,0,100,1903983
2026-10-09 04:00,atp,ATP 1000,Shanghai Rolex Masters,Hard,3,Ben Shelton,Daniel Altmaier,total_games,over,20.5,0.5636,1.77,1.67,0.5696,-0.6,-0.0588,0,100,1903983
2026-10-09 04:00,atp,ATP 1000,Shanghai Rolex Masters,Hard,3,Ben Shelton,Daniel Altmaier,total_games,under,20.5,0.4364,2.29,2.21,0.4304,0.6,-0.0356,0,100,1903983
2026-10-09 04:00,atp,ATP 1000,Shanghai Rolex Masters,Hard,3,Ben Shelton,Daniel Altmaier,total_games,over,21.5,0.5064,1.97,1.88,0.5066,-0.0,-0.048,0,100,1903983
2026-10-09 04:00,atp,ATP 1000,Shanghai Rolex Masters,Hard,3,Ben Shelton,Daniel Altmaier,total_games,under,21.5,0.4936,2.03,1.93,0.4934,0.0,-0.0473,0,100,1903983
2026-10-09 04:00,atp,ATP 1000,Shanghai Rolex Masters,Hard,3,Ben Shelton,Daniel Altmaier,total_games,over,22.5,0.4168,2.4,2.27,0.4194,-0.3,-0.0538,0,100,1903983
2026-10-09 04:00,atp,ATP 1000,Shanghai Rolex Masters,Hard,3,Ben Shelton,Daniel Altmaier,total_games,under,22.5,0.5832,1.71,1.64,0.5806,0.3,-0.0436,0,100,1903983
2026-10-09 04:00,atp,ATP 1000,Shanghai Rolex Masters,Hard,3,Ben Shelton,Daniel Altmaier,total_games,over,23.5,0.3489,2.87,2.7,0.3525,-0.4,-0.0579,0,100,1903983
2026-10-09 04:00,atp,ATP 1000,Shanghai Rolex Masters,Hard,3,Ben Shelton,Daniel Altmaier,total_games,under,23.5,0.6511,1.54,1.47,0.6475,0.4,-0.0429,0,100,1903983
2026-10-09 04:00,atp,ATP 1000,Shanghai Rolex Masters,Hard,3,Ben Shelton,Daniel Altmaier,total_games,over,24.5,0.3421,2.92,2.75,0.3452,-0.3,-0.0593,0,100,1903983
2026-10-09 04:00,atp,ATP 1000,Shanghai Rolex Masters,Hard,3,Ben Shelton,Daniel Altmaier,total_games,under,24.5,0.6579,1.52,1.45,0.6548,0.3,-0.046,0,100,1903983
2026-10-09 04:00,atp,ATP 1000,Shanghai Rolex Masters,Hard,3,Ben Shelton,Daniel Altmaier,p1_games,over,11.5,0.9211,1.09,1.03,0.9066,1.5,-0.0512,0,100,1903983
2026-10-09 04:00,atp,ATP 1000,Shanghai Rolex Masters,Hard,3,Ben Shelton,Daniel Altmaier,p1_games,under,11.5,0.0789,12.68,10.0,0.0934,-1.5,-0.2114,0,100,1903983
2026-10-09 04:00,atp,ATP 1000,Shanghai Rolex Masters,Hard,3,Ben Shelton,Daniel Altmaier,p1_games,over,12.5,0.5433,1.84,1.64,0.5707,-2.7,-0.109,0,100,1903983
2026-10-09 04:00,atp,ATP 1000,Shanghai Rolex Masters,Hard,3,Ben Shelton,Daniel Altmaier,p1_games,under,12.5,0.4567,2.19,2.18,0.4293,2.7,-0.0044,0,100,1903983
2026-10-09 04:00,atp,ATP 1000,Shanghai Rolex Masters,Hard,3,Ben Shelton,Daniel Altmaier,p1_games,over,13.5,0.3113,3.21,2.85,0.3278,-1.7,-0.1127,0,100,1903983
2026-10-09 04:00,atp,ATP 1000,Shanghai Rolex Masters,Hard,3,Ben Shelton,Daniel Altmaier,p1_games,under,13.5,0.6887,1.45,1.39,0.6722,1.7,-0.0427,0,100,1903983
2026-10-09 04:00,atp,ATP 1000,Shanghai Rolex Masters,Hard,3,Ben Shelton,Daniel Altmaier,p2_games,over,7.5,0.6455,1.55,1.5,0.6222,2.3,-0.0317,0,100,1903983
2026-10-09 04:00,atp,ATP 1000,Shanghai Rolex Masters,Hard,3,Ben Shelton,Daniel Altmaier,p2_games,under,7.5,0.3545,2.82,2.47,0.3778,-2.3,-0.1244,0,100,1903983
2026-10-09 04:00,atp,ATP 1000,Shanghai Rolex Masters,Hard,3,Ben Shelton,Daniel Altmaier,p2_games,over,8.5,0.5442,1.84,1.77,0.528,1.6,-0.0368,0,100,1903983
2026-10-09 04:00,atp,ATP 1000,Shanghai Rolex Masters,Hard,3,Ben Shelton,Daniel Altmaier,p2_games,under,8.5,0.4558,2.19,1.98,0.472,-1.6,-0.0975,0,100,1903983
2026-10-09 04:00,atp,ATP 1000,Shanghai Rolex Masters,Hard,3,Ben Shelton,Daniel Altmaier,p2_games,over,9.5,0.4664,2.14,2.08,0.4497,1.7,-0.0299,0,100,1903983
2026-10-09 04:00,atp,ATP 1000,Shanghai Rolex Masters,Hard,3,Ben Shelton,Daniel Altmaier,p2_games,under,9.5,0.5336,1.87,1.7,0.5503,-1.7,-0.0929,0,100,1903983
2026-10-09 04:00,atp,ATP 1000,Shanghai Rolex Masters,Hard,3,Ben Shelton,Daniel Altmaier,game_handicap,player_a,-3.5,0.6114,1.64,,,,,0,100,1903983
2026-10-09 04:00,atp,ATP 1000,Shanghai Rolex Masters,Hard,3,Ben Shelton,Daniel Altmaier,game_handicap,player_b,3.5,0.3886,2.57,,,,,0,100,1903983
2026-10-09 04:00,atp,ATP 1000,Shanghai Rolex Masters,Hard,3,Rei Sakamoto,Andrey Rublev,winner,player_a,,0.2162,4.63,3.25,0.2965,-8.0,-0.2974,0,100,1903811
2026-10-09 04:00,atp,ATP 1000,Shanghai Rolex Masters,Hard,3,Rei Sakamoto,Andrey Rublev,winner,player_b,,0.7838,1.28,1.37,0.7035,8.0,0.0738,0,100,1903811
2026-10-09 04:00,atp,ATP 1000,Shanghai Rolex Masters,Hard,3,Rei Sakamoto,Andrey Rublev,total_games,over,19.5,0.6505,1.54,1.3,0.7347,-8.4,-0.1543,0,100,1903811
2026-10-09 04:00,atp,ATP 1000,Shanghai Rolex Masters,Hard,3,Rei Sakamoto,Andrey Rublev,total_games,under,19.5,0.3495,2.86,3.6,0.2653,8.4,0.2582,0,100,1903811
2026-10-09 04:00,atp,ATP 1000,Shanghai Rolex Masters,Hard,3,Rei Sakamoto,Andrey Rublev,total_games,over,20.5,0.5658,1.77,1.45,0.6548,-8.9,-0.1796,0,100,1903811
2026-10-09 04:00,atp,ATP 1000,Shanghai Rolex Masters,Hard,3,Rei Sakamoto,Andrey Rublev,total_games,under,20.5,0.4342,2.3,2.75,0.3452,8.9,0.1941,0,100,1903811
2026-10-09 04:00,atp,ATP 1000,Shanghai Rolex Masters,Hard,3,Rei Sakamoto,Andrey Rublev,total_games,over,21.5,0.5102,1.96,1.58,0.602,-9.2,-0.1939,0,100,1903811
2026-10-09 04:00,atp,ATP 1000,Shanghai Rolex Masters,Hard,3,Rei Sakamoto,Andrey Rublev,total_games,under,21.5,0.4898,2.04,2.39,0.398,9.2,0.1706,0,100,1903811
2026-10-09 04:00,atp,ATP 1000,Shanghai Rolex Masters,Hard,3,Rei Sakamoto,Andrey Rublev,total_games,over,22.5,0.4281,2.34,1.85,0.5144,-8.6,-0.2081,0,100,1903811
2026-10-09 04:00,atp,ATP 1000,Shanghai Rolex Masters,Hard,3,Rei Sakamoto,Andrey Rublev,total_games,under,22.5,0.5719,1.75,1.96,0.4856,8.6,0.121,0,100,1903811
2026-10-09 04:00,atp,ATP 1000,Shanghai Rolex Masters,Hard,3,Rei Sakamoto,Andrey Rublev,total_games,over,23.5,0.3677,2.72,2.14,0.4456,-7.8,-0.213,0,100,1903811
2026-10-09 04:00,atp,ATP 1000,Shanghai Rolex Masters,Hard,3,Rei Sakamoto,Andrey Rublev,total_games,under,23.5,0.6323,1.58,1.72,0.5544,7.8,0.0875,0,100,1903811
2026-10-09 04:00,atp,ATP 1000,Shanghai Rolex Masters,Hard,3,Rei Sakamoto,Andrey Rublev,total_games,over,24.5,0.359,2.79,2.18,0.4367,-7.8,-0.2173,0,100,1903811
2026-10-09 04:00,atp,ATP 1000,Shanghai Rolex Masters,Hard,3,Rei Sakamoto,Andrey Rublev,total_games,under,24.5,0.641,1.56,1.69,0.5633,7.8,0.0832,0,100,1903811
2026-10-09 04:00,atp,ATP 1000,Shanghai Rolex Masters,Hard,3,Rei Sakamoto,Andrey Rublev,total_games,over,25.5,0.3304,3.03,2.36,0.404,-7.4,-0.2203,0,100,1903811
2026-10-09 04:00,atp,ATP 1000,Shanghai Rolex Masters,Hard,3,Rei Sakamoto,Andrey Rublev,total_games,under,25.5,0.6696,1.49,1.6,0.596,7.4,0.0714,0,100,1903811
2026-10-09 04:00,atp,ATP 1000,Shanghai Rolex Masters,Hard,3,Rei Sakamoto,Andrey Rublev,p1_games,over,10.5,0.4437,2.25,1.68,0.5567,-11.3,-0.2545,0,100,1903811
2026-10-09 04:00,atp,ATP 1000,Shanghai Rolex Masters,Hard,3,Rei Sakamoto,Andrey Rublev,p1_games,under,10.5,0.5563,1.8,2.11,0.4433,11.3,0.1737,0,100,1903811
2026-10-09 04:00,atp,ATP 1000,Shanghai Rolex Masters,Hard,3,Rei Sakamoto,Andrey Rublev,p1_games,over,11.5,0.4088,2.45,1.79,0.5214,-11.3,-0.2682,0,100,1903811
2026-10-09 04:00,atp,ATP 1000,Shanghai Rolex Masters,Hard,3,Rei Sakamoto,Andrey Rublev,p1_games,under,11.5,0.5912,1.69,1.95,0.4786,11.3,0.1528,0,100,1903811
2026-10-09 04:00,atp,ATP 1000,Shanghai Rolex Masters,Hard,3,Rei Sakamoto,Andrey Rublev,p1_games,over,12.5,0.3235,3.09,2.23,0.4193,-9.6,-0.2787,0,100,1903811
2026-10-09 04:00,atp,ATP 1000,Shanghai Rolex Masters,Hard,3,Rei Sakamoto,Andrey Rublev,p1_games,under,12.5,0.6765,1.48,1.61,0.5807,9.6,0.0892,0,100,1903811
2026-10-09 04:00,atp,ATP 1000,Shanghai Rolex Masters,Hard,3,Rei Sakamoto,Andrey Rublev,p2_games,over,11.5,0.8919,1.12,1.14,0.8202,7.2,0.0167,0,100,1903811
2026-10-09 04:00,atp,ATP 1000,Shanghai Rolex Masters,Hard,3,Rei Sakamoto,Andrey Rublev,p2_games,under,11.5,0.1081,9.25,5.2,0.1798,-7.2,-0.4377,0,100,1903811
2026-10-09 04:00,atp,ATP 1000,Shanghai Rolex Masters,Hard,3,Rei Sakamoto,Andrey Rublev,p2_games,over,12.5,0.5304,1.89,1.6,0.5833,-5.3,-0.1514,0,100,1903811
2026-10-09 04:00,atp,ATP 1000,Shanghai Rolex Masters,Hard,3,Rei Sakamoto,Andrey Rublev,p2_games,under,12.5,0.4696,2.13,2.24,0.4167,5.3,0.0519,0,100,1903811
2026-10-09 04:00,atp,ATP 1000,Shanghai Rolex Masters,Hard,3,Rei Sakamoto,Andrey Rublev,p2_games,over,13.5,0.3183,3.14,2.43,0.3848,-6.7,-0.2266,0,100,1903811
2026-10-09 04:00,atp,ATP 1000,Shanghai Rolex Masters,Hard,3,Rei Sakamoto,Andrey Rublev,p2_games,under,13.5,0.6817,1.47,1.52,0.6152,6.7,0.0363,0,100,1903811
2026-10-09 04:00,atp,ATP 1000,Shanghai Rolex Masters,Hard,3,Rei Sakamoto,Andrey Rublev,game_handicap,player_a,3.5,0.4174,2.4,,,,,0,100,1903811
2026-10-09 04:00,atp,ATP 1000,Shanghai Rolex Masters,Hard,3,Rei Sakamoto,Andrey Rublev,game_handicap,player_b,-3.5,0.5826,1.72,,,,,0,100,1903811
2026-10-09 05:30,atp,ATP 1000,Shanghai Rolex Masters,Hard,3,Alexander Zverev,Yibing Wu,winner,player_a,,0.8566,1.17,1.11,0.8696,-1.3,-0.0491,0,100,1903892
2026-10-09 05:30,atp,ATP 1000,Shanghai Rolex Masters,Hard,3,Alexander Zverev,Yibing Wu,winner,player_b,,0.1434,6.98,7.4,0.1304,1.3,0.0608,0,100,1903892
2026-10-09 05:30,atp,ATP 1000,Shanghai Rolex Masters,Hard,3,Alexander Zverev,Yibing Wu,total_games,over,17.5,0.7452,1.34,1.19,0.798,-5.3,-0.1132,0,100,1903892
2026-10-09 05:30,atp,ATP 1000,Shanghai Rolex Masters,Hard,3,Alexander Zverev,Yibing Wu,total_games,under,17.5,0.2548,3.92,4.7,0.202,5.3,0.1976,0,100,1903892
2026-10-09 05:30,atp,ATP 1000,Shanghai Rolex Masters,Hard,3,Alexander Zverev,Yibing Wu,total_games,over,18.5,0.6456,1.55,1.37,0.6935,-4.8,-0.1155,0,100,1903892
2026-10-09 05:30,atp,ATP 1000,Shanghai Rolex Masters,Hard,3,Alexander Zverev,Yibing Wu,total_games,under,18.5,0.3544,2.82,3.1,0.3065,4.8,0.0987,0,100,1903892
2026-10-09 05:30,atp,ATP 1000,Shanghai Rolex Masters,Hard,3,Alexander Zverev,Yibing Wu,total_games,over,19.5,0.5526,1.81,1.55,0.6144,-6.2,-0.1434,0,100,1903892
2026-10-09 05:30,atp,ATP 1000,Shanghai Rolex Masters,Hard,3,Alexander Zverev,Yibing Wu,total_games,under,19.5,0.4474,2.24,2.47,0.3856,6.2,0.105,0,100,1903892
2026-10-09 05:30,atp,ATP 1000,Shanghai Rolex Masters,Hard,3,Alexander Zverev,Yibing Wu,total_games,over,20.5,0.4705,2.13,1.85,0.5144,-4.4,-0.1296,0,100,1903892
2026-10-09 05:30,atp,ATP 1000,Shanghai Rolex Masters,Hard,3,Alexander Zverev,Yibing Wu,total_games,under,20.5,0.5295,1.89,1.96,0.4856,4.4,0.0379,0,100,1903892
2026-10-09 05:30,atp,ATP 1000,Shanghai Rolex Masters,Hard,3,Alexander Zverev,Yibing Wu,total_games,over,21.5,0.4162,2.4,2.07,0.4595,-4.3,-0.1384,0,100,1903892
2026-10-09 05:30,atp,ATP 1000,Shanghai Rolex Masters,Hard,3,Alexander Zverev,Yibing Wu,total_games,under,21.5,0.5838,1.71,1.76,0.5405,4.3,0.0274,0,100,1903892
2026-10-09 05:30,atp,ATP 1000,Shanghai Rolex Masters,Hard,3,Alexander Zverev,Yibing Wu,total_games,over,22.5,0.3462,2.89,2.55,0.375,-2.9,-0.1172,0,100,1903892
2026-10-09 05:30,atp,ATP 1000,Shanghai Rolex Masters,Hard,3,Alexander Zverev,Yibing Wu,total_games,under,22.5,0.6538,1.53,1.53,0.625,2.9,0.0003,0,100,1903892
2026-10-09 05:30,atp,ATP 1000,Shanghai Rolex Masters,Hard,3,Alexander Zverev,Yibing Wu,total_games,over,23.5,0.2988,3.35,2.95,0.3218,-2.3,-0.1186,0,100,1903892
2026-10-09 05:30,atp,ATP 1000,Shanghai Rolex Masters,Hard,3,Alexander Zverev,Yibing Wu,total_games,under,23.5,0.7012,1.43,1.4,0.6782,2.3,-0.0183,0,100,1903892
2026-10-09 05:30,atp,ATP 1000,Shanghai Rolex Masters,Hard,3,Alexander Zverev,Yibing Wu,p1_games,over,11.5,0.9304,1.07,1.03,0.9066,2.4,-0.0417,0,100,1903892
2026-10-09 05:30,atp,ATP 1000,Shanghai Rolex Masters,Hard,3,Alexander Zverev,Yibing Wu,p1_games,under,11.5,0.0696,14.36,10.0,0.0934,-2.4,-0.3038,0,100,1903892
2026-10-09 05:30,atp,ATP 1000,Shanghai Rolex Masters,Hard,3,Alexander Zverev,Yibing Wu,p1_games,over,12.5,0.4704,2.13,1.73,0.5399,-6.9,-0.1862,0,100,1903892
2026-10-09 05:30,atp,ATP 1000,Shanghai Rolex Masters,Hard,3,Alexander Zverev,Yibing Wu,p1_games,under,12.5,0.5296,1.89,2.03,0.4601,6.9,0.075,0,100,1903892
2026-10-09 05:30,atp,ATP 1000,Shanghai Rolex Masters,Hard,3,Alexander Zverev,Yibing Wu,p1_games,over,13.5,0.2646,3.78,3.05,0.3068,-4.2,-0.1929,0,100,1903892
2026-10-09 05:30,atp,ATP 1000,Shanghai Rolex Masters,Hard,3,Alexander Zverev,Yibing Wu,p1_games,under,13.5,0.7354,1.36,1.35,0.6932,4.2,-0.0072,0,100,1903892
2026-10-09 05:30,atp,ATP 1000,Shanghai Rolex Masters,Hard,3,Alexander Zverev,Yibing Wu,p2_games,over,7.5,0.5425,1.84,1.54,0.6071,-6.5,-0.1645,0,100,1903892
2026-10-09 05:30,atp,ATP 1000,Shanghai Rolex Masters,Hard,3,Alexander Zverev,Yibing Wu,p2_games,under,7.5,0.4575,2.19,2.38,0.3929,6.5,0.0887,0,100,1903892
2026-10-09 05:30,atp,ATP 1000,Shanghai Rolex Masters,Hard,3,Alexander Zverev,Yibing Wu,p2_games,over,8.5,0.4514,2.22,1.88,0.4973,-4.6,-0.1513,0,100,1903892
2026-10-09 05:30,atp,ATP 1000,Shanghai Rolex Masters,Hard,3,Alexander Zverev,Yibing Wu,p2_games,under,8.5,0.5486,1.82,1.86,0.5027,4.6,0.0203,0,100,1903892
2026-10-09 05:30,atp,ATP 1000,Shanghai Rolex Masters,Hard,3,Alexander Zverev,Yibing Wu,p2_games,over,9.5,0.3866,2.59,2.24,0.4167,-3.0,-0.134,0,100,1903892
2026-10-09 05:30,atp,ATP 1000,Shanghai Rolex Masters,Hard,3,Alexander Zverev,Yibing Wu,p2_games,under,9.5,0.6134,1.63,1.6,0.5833,3.0,-0.0186,0,100,1903892
2026-10-09 05:30,atp,ATP 1000,Shanghai Rolex Masters,Hard,3,Alexander Zverev,Yibing Wu,game_handicap,player_a,-4.5,0.5612,1.78,,,,,0,100,1903892
2026-10-09 05:30,atp,ATP 1000,Shanghai Rolex Masters,Hard,3,Alexander Zverev,Yibing Wu,game_handicap,player_b,4.5,0.4388,2.28,,,,,0,100,1903892
2026-10-09 05:30,atp,ATP 1000,Shanghai Rolex Masters,Hard,3,Matteo Berrettini,Brandon Nakashima,winner,player_a,,0.46,2.17,2.27,0.4239,3.6,0.0442,0,100,1903785
2026-10-09 05:30,atp,ATP 1000,Shanghai Rolex Masters,Hard,3,Matteo Berrettini,Brandon Nakashima,winner,player_b,,0.54,1.85,1.67,0.5761,-3.6,-0.0982,0,100,1903785
2026-10-09 05:30,atp,ATP 1000,Shanghai Rolex Masters,Hard,3,Matteo Berrettini,Brandon Nakashima,total_games,over,20.5,0.7295,1.37,1.37,0.6969,3.3,-0.0006,0,100,1903785
2026-10-09 05:30,atp,ATP 1000,Shanghai Rolex Masters,Hard,3,Matteo Berrettini,Brandon Nakashima,total_games,under,20.5,0.2705,3.7,3.15,0.3031,-3.3,-0.1478,0,100,1903785
2026-10-09 05:30,atp,ATP 1000,Shanghai Rolex Masters,Hard,3,Matteo Berrettini,Brandon Nakashima,total_games,over,21.5,0.6799,1.47,1.48,0.6459,3.4,0.0062,0,100,1903785
2026-10-09 05:30,atp,ATP 1000,Shanghai Rolex Masters,Hard,3,Matteo Berrettini,Brandon Nakashima,total_games,under,21.5,0.3201,3.12,2.7,0.3541,-3.4,-0.1357,0,100,1903785
2026-10-09 05:30,atp,ATP 1000,Shanghai Rolex Masters,Hard,3,Matteo Berrettini,Brandon Nakashima,total_games,over,22.5,0.5779,1.73,1.71,0.557,2.1,-0.0118,0,100,1903785
2026-10-09 05:30,atp,ATP 1000,Shanghai Rolex Masters,Hard,3,Matteo Berrettini,Brandon Nakashima,total_games,under,22.5,0.4221,2.37,2.15,0.443,-2.1,-0.0924,0,100,1903785
2026-10-09 05:30,atp,ATP 1000,Shanghai Rolex Masters,Hard,3,Matteo Berrettini,Brandon Nakashima,total_games,over,23.5,0.4884,2.05,1.98,0.4817,0.7,-0.0329,0,100,1903785
2026-10-09 05:30,atp,ATP 1000,Shanghai Rolex Masters,Hard,3,Matteo Berrettini,Brandon Nakashima,total_games,under,23.5,0.5116,1.95,1.84,0.5183,-0.7,-0.0587,0,100,1903785
2026-10-09 05:30,atp,ATP 1000,Shanghai Rolex Masters,Hard,3,Matteo Berrettini,Brandon Nakashima,total_games,over,24.5,0.4825,2.07,2.01,0.4738,0.9,-0.0301,0,100,1903785
2026-10-09 05:30,atp,ATP 1000,Shanghai Rolex Masters,Hard,3,Matteo Berrettini,Brandon Nakashima,total_games,under,24.5,0.5175,1.93,1.81,0.5262,-0.9,-0.0634,0,100,1903785
2026-10-09 05:30,atp,ATP 1000,Shanghai Rolex Masters,Hard,3,Matteo Berrettini,Brandon Nakashima,total_games,over,25.5,0.4495,2.22,2.17,0.4393,1.0,-0.0246,0,100,1903785
2026-10-09 05:30,atp,ATP 1000,Shanghai Rolex Masters,Hard,3,Matteo Berrettini,Brandon Nakashima,total_games,under,25.5,0.5505,1.82,1.7,0.5607,-1.0,-0.0641,0,100,1903785
2026-10-09 05:30,atp,ATP 1000,Shanghai Rolex Masters,Hard,3,Matteo Berrettini,Brandon Nakashima,total_games,over,26.5,0.3883,2.58,2.45,0.389,-0.1,-0.0487,0,100,1903785
2026-10-09 05:30,atp,ATP 1000,Shanghai Rolex Masters,Hard,3,Matteo Berrettini,Brandon Nakashima,total_games,under,26.5,0.6117,1.63,1.56,0.611,0.1,-0.0457,0,100,1903785
2026-10-09 05:30,atp,ATP 1000,Shanghai Rolex Masters,Hard,3,Matteo Berrettini,Brandon Nakashima,p1_games,over,11.5,0.6847,1.46,1.42,0.6595,2.5,-0.0277,0,100,1903785
2026-10-09 05:30,atp,ATP 1000,Shanghai Rolex Masters,Hard,3,Matteo Berrettini,Brandon Nakashima,p1_games,under,11.5,0.3153,3.17,2.75,0.3405,-2.5,-0.1329,0,100,1903785
2026-10-09 05:30,atp,ATP 1000,Shanghai Rolex Masters,Hard,3,Matteo Berrettini,Brandon Nakashima,p1_games,over,12.5,0.5378,1.86,1.74,0.5372,0.1,-0.0643,0,100,1903785
2026-10-09 05:30,atp,ATP 1000,Shanghai Rolex Masters,Hard,3,Matteo Berrettini,Brandon Nakashima,p1_games,under,12.5,0.4622,2.16,2.02,0.4628,-0.1,-0.0663,0,100,1903785
2026-10-09 05:30,atp,ATP 1000,Shanghai Rolex Masters,Hard,3,Matteo Berrettini,Brandon Nakashima,p1_games,over,13.5,0.3837,2.61,2.37,0.3939,-1.0,-0.0906,0,100,1903785
2026-10-09 05:30,atp,ATP 1000,Shanghai Rolex Masters,Hard,3,Matteo Berrettini,Brandon Nakashima,p1_games,under,13.5,0.6163,1.62,1.54,0.6061,1.0,-0.0509,0,100,1903785
2026-10-09 05:30,atp,ATP 1000,Shanghai Rolex Masters,Hard,3,Matteo Berrettini,Brandon Nakashima,p2_games,over,12.5,0.5714,1.75,1.56,0.6,-2.9,-0.1087,0,100,1903785
2026-10-09 05:30,atp,ATP 1000,Shanghai Rolex Masters,Hard,3,Matteo Berrettini,Brandon Nakashima,p2_games,under,12.5,0.4286,2.33,2.34,0.4,2.9,0.003,0,100,1903785
2026-10-09 05:30,atp,ATP 1000,Shanghai Rolex Masters,Hard,3,Matteo Berrettini,Brandon Nakashima,p2_games,over,13.5,0.3964,2.52,2.18,0.4293,-3.3,-0.1358,0,100,1903785
2026-10-09 05:30,atp,ATP 1000,Shanghai Rolex Masters,Hard,3,Matteo Berrettini,Brandon Nakashima,p2_games,under,13.5,0.6036,1.66,1.64,0.5707,3.3,-0.0101,0,100,1903785
2026-10-09 05:30,atp,ATP 1000,Shanghai Rolex Masters,Hard,3,Matteo Berrettini,Brandon Nakashima,p2_games,over,14.5,0.3199,3.13,2.7,0.3462,-2.6,-0.1362,0,100,1903785
2026-10-09 05:30,atp,ATP 1000,Shanghai Rolex Masters,Hard,3,Matteo Berrettini,Brandon Nakashima,p2_games,under,14.5,0.6801,1.47,1.43,0.6538,2.6,-0.0275,0,100,1903785
2026-10-09 05:30,atp,ATP 1000,Shanghai Rolex Masters,Hard,3,Matteo Berrettini,Brandon Nakashima,game_handicap,player_a,0.5,0.4819,2.08,,,,,0,100,1903785
2026-10-09 05:30,atp,ATP 1000,Shanghai Rolex Masters,Hard,3,Matteo Berrettini,Brandon Nakashima,game_handicap,player_b,-0.5,0.5181,1.93,,,,,0,100,1903785
2026-10-09 05:30,atp,ATP 1000,Shanghai Rolex Masters,Hard,3,Quentin Halys,Alexander Blockx,winner,player_a,,0.459,2.18,2.13,0.451,0.8,-0.0224,0,100,1903871
2026-10-09 05:30,atp,ATP 1000,Shanghai Rolex Masters,Hard,3,Quentin Halys,Alexander Blockx,winner,player_b,,0.541,1.85,1.75,0.549,-0.8,-0.0532,0,100,1903871
2026-10-09 05:30,atp,ATP 1000,Shanghai Rolex Masters,Hard,3,Quentin Halys,Alexander Blockx,total_games,over,20.5,0.6971,1.43,1.38,0.6885,0.9,-0.038,0,100,1903871
2026-10-09 05:30,atp,ATP 1000,Shanghai Rolex Masters,Hard,3,Quentin Halys,Alexander Blockx,total_games,under,20.5,0.3029,3.3,3.05,0.3115,-0.9,-0.0762,0,100,1903871
2026-10-09 05:30,atp,ATP 1000,Shanghai Rolex Masters,Hard,3,Quentin Halys,Alexander Blockx,total_games,over,21.5,0.6454,1.55,1.49,0.6401,0.5,-0.0384,0,100,1903871
2026-10-09 05:30,atp,ATP 1000,Shanghai Rolex Masters,Hard,3,Quentin Halys,Alexander Blockx,total_games,under,21.5,0.3546,2.82,2.65,0.3599,-0.5,-0.0602,0,100,1903871
2026-10-09 05:30,atp,ATP 1000,Shanghai Rolex Masters,Hard,3,Quentin Halys,Alexander Blockx,total_games,over,22.5,0.55,1.82,1.73,0.5506,-0.1,-0.0485,0,100,1903871
2026-10-09 05:30,atp,ATP 1000,Shanghai Rolex Masters,Hard,3,Quentin Halys,Alexander Blockx,total_games,under,22.5,0.45,2.22,2.12,0.4494,0.1,-0.0461,0,100,1903871
2026-10-09 05:30,atp,ATP 1000,Shanghai Rolex Masters,Hard,3,Quentin Halys,Alexander Blockx,total_games,over,23.5,0.4709,2.12,1.99,0.4791,-0.8,-0.0628,0,100,1903871
2026-10-09 05:30,atp,ATP 1000,Shanghai Rolex Masters,Hard,3,Quentin Halys,Alexander Blockx,total_games,under,23.5,0.5291,1.89,1.83,0.5209,0.8,-0.0318,0,100,1903871
2026-10-09 05:30,atp,ATP 1000,Shanghai Rolex Masters,Hard,3,Quentin Halys,Alexander Blockx,total_games,over,24.5,0.4637,2.16,2.03,0.47,-0.6,-0.0587,0,100,1903871
2026-10-09 05:30,atp,ATP 1000,Shanghai Rolex Masters,Hard,3,Quentin Halys,Alexander Blockx,total_games,under,24.5,0.5363,1.86,1.8,0.53,0.6,-0.0347,0,100,1903871
2026-10-09 05:30,atp,ATP 1000,Shanghai Rolex Masters,Hard,3,Quentin Halys,Alexander Blockx,total_games,over,25.5,0.4312,2.32,2.18,0.4367,-0.5,-0.06,0,100,1903871
2026-10-09 05:30,atp,ATP 1000,Shanghai Rolex Masters,Hard,3,Quentin Halys,Alexander Blockx,total_games,under,25.5,0.5688,1.76,1.69,0.5633,0.5,-0.0387,0,100,1903871
2026-10-09 05:30,atp,ATP 1000,Shanghai Rolex Masters,Hard,3,Quentin Halys,Alexander Blockx,total_games,over,26.5,0.3783,2.64,2.47,0.3856,-0.7,-0.0655,0,100,1903871
2026-10-09 05:30,atp,ATP 1000,Shanghai Rolex Masters,Hard,3,Quentin Halys,Alexander Blockx,total_games,under,26.5,0.6217,1.61,1.55,0.6144,0.7,-0.0364,0,100,1903871
2026-10-09 05:30,atp,ATP 1000,Shanghai Rolex Masters,Hard,3,Quentin Halys,Alexander Blockx,p1_games,over,11.5,0.6704,1.49,1.41,0.6611,0.9,-0.0548,0,100,1903871
2026-10-09 05:30,atp,ATP 1000,Shanghai Rolex Masters,Hard,3,Quentin Halys,Alexander Blockx,p1_games,under,11.5,0.3296,3.03,2.75,0.3389,-0.9,-0.0935,0,100,1903871
2026-10-09 05:30,atp,ATP 1000,Shanghai Rolex Masters,Hard,3,Quentin Halys,Alexander Blockx,p1_games,over,12.5,0.5151,1.94,1.77,0.5267,-1.2,-0.0883,0,100,1903871
2026-10-09 05:30,atp,ATP 1000,Shanghai Rolex Masters,Hard,3,Quentin Halys,Alexander Blockx,p1_games,under,12.5,0.4849,2.06,1.97,0.4733,1.2,-0.0447,0,100,1903871
2026-10-09 05:30,atp,ATP 1000,Shanghai Rolex Masters,Hard,3,Quentin Halys,Alexander Blockx,p1_games,over,13.5,0.3628,2.76,2.45,0.3813,-1.8,-0.1111,0,100,1903871
2026-10-09 05:30,atp,ATP 1000,Shanghai Rolex Masters,Hard,3,Quentin Halys,Alexander Blockx,p1_games,under,13.5,0.6372,1.57,1.51,0.6187,1.8,-0.0379,0,100,1903871
2026-10-09 05:30,atp,ATP 1000,Shanghai Rolex Masters,Hard,3,Quentin Halys,Alexander Blockx,p2_games,over,11.5,0.7366,1.36,1.28,0.7294,0.7,-0.0571,0,100,1903871
2026-10-09 05:30,atp,ATP 1000,Shanghai Rolex Masters,Hard,3,Quentin Halys,Alexander Blockx,p2_games,under,11.5,0.2634,3.8,3.45,0.2706,-0.7,-0.0913,0,100,1903871
2026-10-09 05:30,atp,ATP 1000,Shanghai Rolex Masters,Hard,3,Quentin Halys,Alexander Blockx,p2_games,over,12.5,0.5489,1.82,1.65,0.5658,-1.7,-0.0943,0,100,1903871
2026-10-09 05:30,atp,ATP 1000,Shanghai Rolex Masters,Hard,3,Quentin Halys,Alexander Blockx,p2_games,under,12.5,0.4511,2.22,2.15,0.4342,1.7,-0.0301,0,100,1903871
2026-10-09 05:30,atp,ATP 1000,Shanghai Rolex Masters,Hard,3,Quentin Halys,Alexander Blockx,p2_games,over,13.5,0.3763,2.66,2.34,0.3985,-2.2,-0.1193,0,100,1903871
2026-10-09 05:30,atp,ATP 1000,Shanghai Rolex Masters,Hard,3,Quentin Halys,Alexander Blockx,p2_games,under,13.5,0.6237,1.6,1.55,0.6015,2.2,-0.0333,0,100,1903871
2026-10-09 05:30,atp,ATP 1000,Shanghai Rolex Masters,Hard,3,Quentin Halys,Alexander Blockx,game_handicap,player_a,0.5,0.4783,2.09,,,,,0,100,1903871
2026-10-09 05:30,atp,ATP 1000,Shanghai Rolex Masters,Hard,3,Quentin Halys,Alexander Blockx,game_handicap,player_b,-0.5,0.5217,1.92,,,,,0,100,1903871
2026-10-09 05:30,atp,ATP 1000,Shanghai Rolex Masters,Hard,3,Yannick Hanfmann,Frances Tiafoe,winner,player_a,,0.3126,3.2,3.2,0.3013,1.1,0.0002,0,100,1903819
2026-10-09 05:30,atp,ATP 1000,Shanghai Rolex Masters,Hard,3,Yannick Hanfmann,Frances Tiafoe,winner,player_b,,0.6874,1.45,1.38,0.6987,-1.1,-0.0513,0,100,1903819
2026-10-09 05:30,atp,ATP 1000,Shanghai Rolex Masters,Hard,3,Yannick Hanfmann,Frances Tiafoe,total_games,over,19.5,0.71,1.41,1.34,0.7112,-0.1,-0.0486,0,100,1903819
2026-10-09 05:30,atp,ATP 1000,Shanghai Rolex Masters,Hard,3,Yannick Hanfmann,Frances Tiafoe,total_games,under,19.5,0.29,3.45,3.3,0.2888,0.1,-0.0431,0,100,1903819
2026-10-09 05:30,atp,ATP 1000,Shanghai Rolex Masters,Hard,3,Yannick Hanfmann,Frances Tiafoe,total_games,over,20.5,0.6274,1.59,1.5,0.6341,-0.7,-0.0589,0,100,1903819
2026-10-09 05:30,atp,ATP 1000,Shanghai Rolex Masters,Hard,3,Yannick Hanfmann,Frances Tiafoe,total_games,under,20.5,0.3726,2.68,2.6,0.3659,0.7,-0.0313,0,100,1903819
2026-10-09 05:30,atp,ATP 1000,Shanghai Rolex Masters,Hard,3,Yannick Hanfmann,Frances Tiafoe,total_games,over,21.5,0.5731,1.74,1.64,0.5806,-0.7,-0.0601,0,100,1903819
2026-10-09 05:30,atp,ATP 1000,Shanghai Rolex Masters,Hard,3,Yannick Hanfmann,Frances Tiafoe,total_games,under,21.5,0.4269,2.34,2.27,0.4194,0.7,-0.0309,0,100,1903819
2026-10-09 05:30,atp,ATP 1000,Shanghai Rolex Masters,Hard,3,Yannick Hanfmann,Frances Tiafoe,total_games,over,22.5,0.4869,2.05,1.91,0.4974,-1.0,-0.07,0,100,1903819
2026-10-09 05:30,atp,ATP 1000,Shanghai Rolex Masters,Hard,3,Yannick Hanfmann,Frances Tiafoe,total_games,under,22.5,0.5131,1.95,1.89,0.5026,1.0,-0.0303,0,100,1903819
2026-10-09 05:30,atp,ATP 1000,Shanghai Rolex Masters,Hard,3,Yannick Hanfmann,Frances Tiafoe,total_games,over,23.5,0.421,2.38,2.19,0.4341,-1.3,-0.0781,0,100,1903819
2026-10-09 05:30,atp,ATP 1000,Shanghai Rolex Masters,Hard,3,Yannick Hanfmann,Frances Tiafoe,total_games,under,23.5,0.579,1.73,1.68,0.5659,1.3,-0.0272,0,100,1903819
2026-10-09 05:30,atp,ATP 1000,Shanghai Rolex Masters,Hard,3,Yannick Hanfmann,Frances Tiafoe,total_games,over,24.5,0.4121,2.43,2.25,0.4231,-1.1,-0.0728,0,100,1903819
2026-10-09 05:30,atp,ATP 1000,Shanghai Rolex Masters,Hard,3,Yannick Hanfmann,Frances Tiafoe,total_games,under,24.5,0.5879,1.7,1.65,0.5769,1.1,-0.0299,0,100,1903819
2026-10-09 05:30,atp,ATP 1000,Shanghai Rolex Masters,Hard,3,Yannick Hanfmann,Frances Tiafoe,total_games,over,25.5,0.3809,2.63,2.44,0.39,-0.9,-0.0705,0,100,1903819
2026-10-09 05:30,atp,ATP 1000,Shanghai Rolex Masters,Hard,3,Yannick Hanfmann,Frances Tiafoe,total_games,under,25.5,0.6191,1.62,1.56,0.61,0.9,-0.0343,0,100,1903819
2026-10-09 05:30,atp,ATP 1000,Shanghai Rolex Masters,Hard,3,Yannick Hanfmann,Frances Tiafoe,p1_games,over,10.5,0.553,1.81,1.68,0.5556,-0.3,-0.0709,0,100,1903819
2026-10-09 05:30,atp,ATP 1000,Shanghai Rolex Masters,Hard,3,Yannick Hanfmann,Frances Tiafoe,p1_games,under,10.5,0.447,2.24,2.1,0.4444,0.3,-0.0614,0,100,1903819
2026-10-09 05:30,atp,ATP 1000,Shanghai Rolex Masters,Hard,3,Yannick Hanfmann,Frances Tiafoe,p1_games,over,11.5,0.5199,1.92,1.8,0.52,-0.0,-0.0641,0,100,1903819
2026-10-09 05:30,atp,ATP 1000,Shanghai Rolex Masters,Hard,3,Yannick Hanfmann,Frances Tiafoe,p1_games,under,11.5,0.4801,2.08,1.95,0.48,0.0,-0.0639,0,100,1903819
2026-10-09 05:30,atp,ATP 1000,Shanghai Rolex Masters,Hard,3,Yannick Hanfmann,Frances Tiafoe,p1_games,over,12.5,0.4058,2.46,2.25,0.4156,-1.0,-0.0871,0,100,1903819
2026-10-09 05:30,atp,ATP 1000,Shanghai Rolex Masters,Hard,3,Yannick Hanfmann,Frances Tiafoe,p1_games,under,12.5,0.5942,1.68,1.6,0.5844,1.0,-0.0492,0,100,1903819
2026-10-09 05:30,atp,ATP 1000,Shanghai Rolex Masters,Hard,3,Yannick Hanfmann,Frances Tiafoe,p2_games,over,11.5,0.8313,1.2,1.15,0.813,1.8,-0.044,0,100,1903819
2026-10-09 05:30,atp,ATP 1000,Shanghai Rolex Masters,Hard,3,Yannick Hanfmann,Frances Tiafoe,p2_games,under,11.5,0.1687,5.93,5.0,0.187,-1.8,-0.1567,0,100,1903819
2026-10-09 05:30,atp,ATP 1000,Shanghai Rolex Masters,Hard,3,Yannick Hanfmann,Frances Tiafoe,p2_games,over,12.5,0.5485,1.82,1.63,0.5722,-2.4,-0.1059,0,100,1903819
2026-10-09 05:30,atp,ATP 1000,Shanghai Rolex Masters,Hard,3,Yannick Hanfmann,Frances Tiafoe,p2_games,under,12.5,0.4515,2.21,2.18,0.4278,2.4,-0.0158,0,100,1903819
2026-10-09 05:30,atp,ATP 1000,Shanghai Rolex Masters,Hard,3,Yannick Hanfmann,Frances Tiafoe,p2_games,over,13.5,0.3506,2.85,2.48,0.3769,-2.6,-0.1305,0,100,1903819
2026-10-09 05:30,atp,ATP 1000,Shanghai Rolex Masters,Hard,3,Yannick Hanfmann,Frances Tiafoe,p2_games,under,13.5,0.6494,1.54,1.5,0.6231,2.6,-0.0259,0,100,1903819
2026-10-09 05:30,atp,ATP 1000,Shanghai Rolex Masters,Hard,3,Yannick Hanfmann,Frances Tiafoe,game_handicap,player_a,2.5,0.4284,2.33,,,,,0,100,1903819
2026-10-09 05:30,atp,ATP 1000,Shanghai Rolex Masters,Hard,3,Yannick Hanfmann,Frances Tiafoe,game_handicap,player_b,-2.5,0.5716,1.75,,,,,0,100,1903819
2026-10-09 07:00,atp,ATP 1000,Shanghai Rolex Masters,Hard,3,Alejandro Davidovich Fokina,Jenson Brooksby,winner,player_a,,0.6824,1.47,1.41,0.6803,0.2,-0.0378,0,100,1904238
2026-10-09 07:00,atp,ATP 1000,Shanghai Rolex Masters,Hard,3,Alejandro Davidovich Fokina,Jenson Brooksby,winner,player_b,,0.3176,3.15,3.0,0.3197,-0.2,-0.0472,0,100,1904238
2026-10-09 07:00,atp,ATP 1000,Shanghai Rolex Masters,Hard,3,Alejandro Davidovich Fokina,Jenson Brooksby,total_games,over,18.5,0.7075,1.41,1.3,0.7347,-2.7,-0.0803,0,100,1904238
2026-10-09 07:00,atp,ATP 1000,Shanghai Rolex Masters,Hard,3,Alejandro Davidovich Fokina,Jenson Brooksby,total_games,under,18.5,0.2925,3.42,3.6,0.2653,2.7,0.053,0,100,1904238
2026-10-09 07:00,atp,ATP 1000,Shanghai Rolex Masters,Hard,3,Alejandro Davidovich Fokina,Jenson Brooksby,total_games,over,19.5,0.6251,1.6,1.45,0.6548,-3.0,-0.0936,0,100,1904238
2026-10-09 07:00,atp,ATP 1000,Shanghai Rolex Masters,Hard,3,Alejandro Davidovich Fokina,Jenson Brooksby,total_games,under,19.5,0.3749,2.67,2.75,0.3452,3.0,0.031,0,100,1904238
2026-10-09 07:00,atp,ATP 1000,Shanghai Rolex Masters,Hard,3,Alejandro Davidovich Fokina,Jenson Brooksby,total_games,over,20.5,0.5513,1.81,1.65,0.578,-2.7,-0.0903,0,100,1904238
2026-10-09 07:00,atp,ATP 1000,Shanghai Rolex Masters,Hard,3,Alejandro Davidovich Fokina,Jenson Brooksby,total_games,under,20.5,0.4487,2.23,2.26,0.422,2.7,0.014,0,100,1904238
2026-10-09 07:00,atp,ATP 1000,Shanghai Rolex Masters,Hard,3,Alejandro Davidovich Fokina,Jenson Brooksby,total_games,over,21.5,0.4992,2.0,1.81,0.5262,-2.7,-0.0965,0,100,1904238
2026-10-09 07:00,atp,ATP 1000,Shanghai Rolex Masters,Hard,3,Alejandro Davidovich Fokina,Jenson Brooksby,total_games,under,21.5,0.5008,2.0,2.01,0.4738,2.7,0.0066,0,100,1904238
2026-10-09 07:00,atp,ATP 1000,Shanghai Rolex Masters,Hard,3,Alejandro Davidovich Fokina,Jenson Brooksby,total_games,over,22.5,0.4336,2.31,2.09,0.4557,-2.2,-0.0938,0,100,1904238
2026-10-09 07:00,atp,ATP 1000,Shanghai Rolex Masters,Hard,3,Alejandro Davidovich Fokina,Jenson Brooksby,total_games,under,22.5,0.5664,1.77,1.75,0.5443,2.2,-0.0088,0,100,1904238
2026-10-09 07:00,atp,ATP 1000,Shanghai Rolex Masters,Hard,3,Alejandro Davidovich Fokina,Jenson Brooksby,total_games,over,23.5,0.3895,2.57,2.33,0.4086,-1.9,-0.0925,0,100,1904238
2026-10-09 07:00,atp,ATP 1000,Shanghai Rolex Masters,Hard,3,Alejandro Davidovich Fokina,Jenson Brooksby,total_games,under,23.5,0.6105,1.64,1.61,0.5914,1.9,-0.0171,0,100,1904238
2026-10-09 07:00,atp,ATP 1000,Shanghai Rolex Masters,Hard,3,Alejandro Davidovich Fokina,Jenson Brooksby,total_games,over,24.5,0.3733,2.68,2.43,0.3925,-1.9,-0.0929,0,100,1904238
2026-10-09 07:00,atp,ATP 1000,Shanghai Rolex Masters,Hard,3,Alejandro Davidovich Fokina,Jenson Brooksby,total_games,under,24.5,0.6267,1.6,1.57,0.6075,1.9,-0.0161,0,100,1904238
2026-10-09 07:00,atp,ATP 1000,Shanghai Rolex Masters,Hard,3,Alejandro Davidovich Fokina,Jenson Brooksby,p1_games,over,11.5,0.8082,1.24,1.19,0.7871,2.1,-0.0382,0,100,1904238
2026-10-09 07:00,atp,ATP 1000,Shanghai Rolex Masters,Hard,3,Alejandro Davidovich Fokina,Jenson Brooksby,p1_games,under,11.5,0.1918,5.21,4.4,0.2129,-2.1,-0.1562,0,100,1904238
2026-10-09 07:00,atp,ATP 1000,Shanghai Rolex Masters,Hard,3,Alejandro Davidovich Fokina,Jenson Brooksby,p1_games,over,12.5,0.4819,2.08,1.82,0.5134,-3.2,-0.123,0,100,1904238
2026-10-09 07:00,atp,ATP 1000,Shanghai Rolex Masters,Hard,3,Alejandro Davidovich Fokina,Jenson Brooksby,p1_games,under,12.5,0.5181,1.93,1.92,0.4866,3.2,-0.0052,0,100,1904238
2026-10-09 07:00,atp,ATP 1000,Shanghai Rolex Masters,Hard,3,Alejandro Davidovich Fokina,Jenson Brooksby,p1_games,over,13.5,0.3079,3.25,2.8,0.3349,-2.7,-0.138,0,100,1904238
2026-10-09 07:00,atp,ATP 1000,Shanghai Rolex Masters,Hard,3,Alejandro Davidovich Fokina,Jenson Brooksby,p1_games,under,13.5,0.6921,1.44,1.41,0.6651,2.7,-0.0241,0,100,1904238
2026-10-09 07:00,atp,ATP 1000,Shanghai Rolex Masters,Hard,3,Alejandro Davidovich Fokina,Jenson Brooksby,p2_games,over,10.5,0.5248,1.91,1.74,0.536,-1.1,-0.0868,0,100,1904238
2026-10-09 07:00,atp,ATP 1000,Shanghai Rolex Masters,Hard,3,Alejandro Davidovich Fokina,Jenson Brooksby,p2_games,under,10.5,0.4752,2.1,2.01,0.464,1.1,-0.0449,0,100,1904238
2026-10-09 07:00,atp,ATP 1000,Shanghai Rolex Masters,Hard,3,Alejandro Davidovich Fokina,Jenson Brooksby,p2_games,over,11.5,0.4887,2.05,1.87,0.5,-1.1,-0.0862,0,100,1904238
2026-10-09 07:00,atp,ATP 1000,Shanghai Rolex Masters,Hard,3,Alejandro Davidovich Fokina,Jenson Brooksby,p2_games,under,11.5,0.5113,1.96,1.87,0.5,1.1,-0.0438,0,100,1904238
2026-10-09 07:00,atp,ATP 1000,Shanghai Rolex Masters,Hard,3,Alejandro Davidovich Fokina,Jenson Brooksby,p2_games,over,12.5,0.3565,2.8,2.49,0.3759,-1.9,-0.1123,0,100,1904238
2026-10-09 07:00,atp,ATP 1000,Shanghai Rolex Masters,Hard,3,Alejandro Davidovich Fokina,Jenson Brooksby,p2_games,under,12.5,0.6435,1.55,1.5,0.6241,1.9,-0.0348,0,100,1904238
2026-10-09 07:00,atp,ATP 1000,Shanghai Rolex Masters,Hard,3,Alejandro Davidovich Fokina,Jenson Brooksby,game_handicap,player_a,-3.5,0.5177,1.93,,,,,0,100,1904238
2026-10-09 07:00,atp,ATP 1000,Shanghai Rolex Masters,Hard,3,Alejandro Davidovich Fokina,Jenson Brooksby,game_handicap,player_b,3.5,0.4823,2.07,,,,,0,100,1904238
2026-10-09 07:00,atp,ATP 1000,Shanghai Rolex Masters,Hard,3,Alex de Minaur,Alex Molcan,winner,player_a,,0.8258,1.21,1.35,0.7128,11.3,0.1148,0,100,1903792
2026-10-09 07:00,atp,ATP 1000,Shanghai Rolex Masters,Hard,3,Alex de Minaur,Alex Molcan,winner,player_b,,0.1742,5.74,3.35,0.2872,-11.3,-0.4163,0,100,1903792
2026-10-09 07:00,atp,ATP 1000,Shanghai Rolex Masters,Hard,3,Alex de Minaur,Alex Molcan,total_games,over,18.5,0.5953,1.68,1.3,0.732,-13.7,-0.2261,0,100,1903792
2026-10-09 07:00,atp,ATP 1000,Shanghai Rolex Masters,Hard,3,Alex de Minaur,Alex Molcan,total_games,under,18.5,0.4047,2.47,3.55,0.268,13.7,0.4366,0,100,1903792
2026-10-09 07:00,atp,ATP 1000,Shanghai Rolex Masters,Hard,3,Alex de Minaur,Alex Molcan,total_games,over,19.5,0.5133,1.95,1.47,0.6475,-13.4,-0.2454,0,100,1903792
2026-10-09 07:00,atp,ATP 1000,Shanghai Rolex Masters,Hard,3,Alex de Minaur,Alex Molcan,total_games,under,19.5,0.4867,2.05,2.7,0.3525,13.4,0.314,0,100,1903792
2026-10-09 07:00,atp,ATP 1000,Shanghai Rolex Masters,Hard,3,Alex de Minaur,Alex Molcan,total_games,over,20.5,0.4432,2.26,1.66,0.5744,-13.1,-0.2642,0,100,1903792
2026-10-09 07:00,atp,ATP 1000,Shanghai Rolex Masters,Hard,3,Alex de Minaur,Alex Molcan,total_games,under,20.5,0.5568,1.8,2.24,0.4256,13.1,0.2471,0,100,1903792
2026-10-09 07:00,atp,ATP 1000,Shanghai Rolex Masters,Hard,3,Alex de Minaur,Alex Molcan,total_games,over,21.5,0.3944,2.54,1.83,0.5209,-12.7,-0.2783,0,100,1903792
2026-10-09 07:00,atp,ATP 1000,Shanghai Rolex Masters,Hard,3,Alex de Minaur,Alex Molcan,total_games,under,21.5,0.6056,1.65,1.99,0.4791,12.7,0.2052,0,100,1903792
2026-10-09 07:00,atp,ATP 1000,Shanghai Rolex Masters,Hard,3,Alex de Minaur,Alex Molcan,total_games,over,22.5,0.3387,2.95,2.11,0.4505,-11.2,-0.2854,0,100,1903792
2026-10-09 07:00,atp,ATP 1000,Shanghai Rolex Masters,Hard,3,Alex de Minaur,Alex Molcan,total_games,under,22.5,0.6613,1.51,1.73,0.5495,11.2,0.1441,0,100,1903792
2026-10-09 07:00,atp,ATP 1000,Shanghai Rolex Masters,Hard,3,Alex de Minaur,Alex Molcan,total_games,over,23.5,0.3033,3.3,2.37,0.4015,-9.8,-0.2813,0,100,1903792
2026-10-09 07:00,atp,ATP 1000,Shanghai Rolex Masters,Hard,3,Alex de Minaur,Alex Molcan,total_games,under,23.5,0.6967,1.44,1.59,0.5985,9.8,0.1078,0,100,1903792
2026-10-09 07:00,atp,ATP 1000,Shanghai Rolex Masters,Hard,3,Alex de Minaur,Alex Molcan,total_games,over,24.5,0.288,3.47,2.47,0.3856,-9.8,-0.2886,0,100,1903792
2026-10-09 07:00,atp,ATP 1000,Shanghai Rolex Masters,Hard,3,Alex de Minaur,Alex Molcan,total_games,under,24.5,0.712,1.4,1.55,0.6144,9.8,0.1036,0,100,1903792
2026-10-09 07:00,atp,ATP 1000,Shanghai Rolex Masters,Hard,3,Alex de Minaur,Alex Molcan,p1_games,over,11.5,0.9038,1.11,1.15,0.813,9.1,0.0394,0,100,1903792
2026-10-09 07:00,atp,ATP 1000,Shanghai Rolex Masters,Hard,3,Alex de Minaur,Alex Molcan,p1_games,under,11.5,0.0962,10.4,5.0,0.187,-9.1,-0.5192,0,100,1903792
2026-10-09 07:00,atp,ATP 1000,Shanghai Rolex Masters,Hard,3,Alex de Minaur,Alex Molcan,p1_games,over,12.5,0.4356,2.3,1.79,0.5214,-8.6,-0.2203,0,100,1903792
2026-10-09 07:00,atp,ATP 1000,Shanghai Rolex Masters,Hard,3,Alex de Minaur,Alex Molcan,p1_games,under,12.5,0.5644,1.77,1.95,0.4786,8.6,0.1006,0,100,1903792
2026-10-09 07:00,atp,ATP 1000,Shanghai Rolex Masters,Hard,3,Alex de Minaur,Alex Molcan,p1_games,over,13.5,0.2573,3.89,2.75,0.3389,-8.2,-0.2923,0,100,1903792
2026-10-09 07:00,atp,ATP 1000,Shanghai Rolex Masters,Hard,3,Alex de Minaur,Alex Molcan,p1_games,under,13.5,0.7427,1.35,1.41,0.6611,8.2,0.0472,0,100,1903792
2026-10-09 07:00,atp,ATP 1000,Shanghai Rolex Masters,Hard,3,Alex de Minaur,Alex Molcan,p2_games,over,9.5,0.3937,2.54,1.68,0.5556,-16.2,-0.3386,0,100,1903792
2026-10-09 07:00,atp,ATP 1000,Shanghai Rolex Masters,Hard,3,Alex de Minaur,Alex Molcan,p2_games,under,9.5,0.6063,1.65,2.1,0.4444,16.2,0.2732,0,100,1903792
2026-10-09 07:00,atp,ATP 1000,Shanghai Rolex Masters,Hard,3,Alex de Minaur,Alex Molcan,p2_games,over,10.5,0.3511,2.85,1.84,0.508,-15.7,-0.354,0,100,1903792
2026-10-09 07:00,atp,ATP 1000,Shanghai Rolex Masters,Hard,3,Alex de Minaur,Alex Molcan,p2_games,under,10.5,0.6489,1.54,1.9,0.492,15.7,0.2329,0,100,1903792
2026-10-09 07:00,atp,ATP 1000,Shanghai Rolex Masters,Hard,3,Alex de Minaur,Alex Molcan,p2_games,over,11.5,0.3151,3.17,1.98,0.472,-15.7,-0.3761,0,100,1903792
2026-10-09 07:00,atp,ATP 1000,Shanghai Rolex Masters,Hard,3,Alex de Minaur,Alex Molcan,p2_games,under,11.5,0.6849,1.46,1.77,0.528,15.7,0.2122,0,100,1903792
2026-10-09 07:00,atp,ATP 1000,Shanghai Rolex Masters,Hard,3,Alex de Minaur,Alex Molcan,game_handicap,player_a,-4.5,0.5877,1.7,,,,,0,100,1903792
2026-10-09 07:00,atp,ATP 1000,Shanghai Rolex Masters,Hard,3,Alex de Minaur,Alex Molcan,game_handicap,player_b,4.5,0.4123,2.43,,,,,0,100,1903792
2026-10-09 07:00,atp,ATP 1000,Shanghai Rolex Masters,Hard,3,Karen Khachanov,Arthur Fery,winner,player_a,,0.5746,1.74,,,,,0,94,1903916
2026-10-09 07:00,atp,ATP 1000,Shanghai Rolex Masters,Hard,3,Karen Khachanov,Arthur Fery,winner,player_b,,0.4254,2.35,,,,,0,94,1903916
2026-10-09 07:00,atp,ATP 1000,Shanghai Rolex Masters,Hard,3,Karen Khachanov,Arthur Fery,total_games,over,22.5,0.4999,2.0,,,,,0,94,1903916
2026-10-09 07:00,atp,ATP 1000,Shanghai Rolex Masters,Hard,3,Karen Khachanov,Arthur Fery,total_games,under,22.5,0.5001,2.0,,,,,0,94,1903916
2026-10-09 07:00,atp,ATP 1000,Shanghai Rolex Masters,Hard,3,Karen Khachanov,Arthur Fery,p1_games,over,13.5,0.3428,2.92,,,,,0,94,1903916
2026-10-09 07:00,atp,ATP 1000,Shanghai Rolex Masters,Hard,3,Karen Khachanov,Arthur Fery,p1_games,under,13.5,0.6572,1.52,,,,,0,94,1903916
2026-10-09 07:00,atp,ATP 1000,Shanghai Rolex Masters,Hard,3,Karen Khachanov,Arthur Fery,p2_games,over,12.5,0.4573,2.19,,,,,0,94,1903916
2026-10-09 07:00,atp,ATP 1000,Shanghai Rolex Masters,Hard,3,Karen Khachanov,Arthur Fery,p2_games,under,12.5,0.5427,1.84,,,,,0,94,1903916
2026-10-09 07:00,atp,ATP 1000,Shanghai Rolex Masters,Hard,3,Karen Khachanov,Arthur Fery,game_handicap,player_a,-1.5,0.5205,1.92,,,,,0,94,1903916
2026-10-09 07:00,atp,ATP 1000,Shanghai Rolex Masters,Hard,3,Karen Khachanov,Arthur Fery,game_handicap,player_b,1.5,0.4795,2.09,,,,,0,94,1903916
2026-10-09 08:30,atp,ATP 1000,Shanghai Rolex Masters,Hard,3,Alexander Bublik,Tomas Machac,winner,player_a,,0.5457,1.83,,,,,0,94,1903813
2026-10-09 08:30,atp,ATP 1000,Shanghai Rolex Masters,Hard,3,Alexander Bublik,Tomas Machac,winner,player_b,,0.4543,2.2,,,,,0,94,1903813
2026-10-09 08:30,atp,ATP 1000,Shanghai Rolex Masters,Hard,3,Alexander Bublik,Tomas Machac,total_games,over,23.5,0.4484,2.23,,,,,0,94,1903813
2026-10-09 08:30,atp,ATP 1000,Shanghai Rolex Masters,Hard,3,Alexander Bublik,Tomas Machac,total_games,under,23.5,0.5516,1.81,,,,,0,94,1903813
2026-10-09 08:30,atp,ATP 1000,Shanghai Rolex Masters,Hard,3,Alexander Bublik,Tomas Machac,p1_games,over,13.5,0.3479,2.87,,,,,0,94,1903813
2026-10-09 08:30,atp,ATP 1000,Shanghai Rolex Masters,Hard,3,Alexander Bublik,Tomas Machac,p1_games,under,13.5,0.6521,1.53,,,,,0,94,1903813
2026-10-09 08:30,atp,ATP 1000,Shanghai Rolex Masters,Hard,3,Alexander Bublik,Tomas Machac,p2_games,over,12.5,0.48,2.08,,,,,0,94,1903813
2026-10-09 08:30,atp,ATP 1000,Shanghai Rolex Masters,Hard,3,Alexander Bublik,Tomas Machac,p2_games,under,12.5,0.52,1.92,,,,,0,94,1903813
2026-10-09 08:30,atp,ATP 1000,Shanghai Rolex Masters,Hard,3,Alexander Bublik,Tomas Machac,game_handicap,player_a,-0.5,0.5276,1.9,,,,,0,94,1903813
2026-10-09 08:30,atp,ATP 1000,Shanghai Rolex Masters,Hard,3,Alexander Bublik,Tomas Machac,game_handicap,player_b,0.5,0.4724,2.12,,,,,0,94,1903813
2026-10-09 08:30,atp,ATP 1000,Shanghai Rolex Masters,Hard,3,Francisco Cerundolo,Roman Safiullin,winner,player_a,,0.5934,1.69,,,,,0,94,1903817
2026-10-09 08:30,atp,ATP 1000,Shanghai Rolex Masters,Hard,3,Francisco Cerundolo,Roman Safiullin,winner,player_b,,0.4066,2.46,,,,,0,94,1903817
2026-10-09 08:30,atp,ATP 1000,Shanghai Rolex Masters,Hard,3,Francisco Cerundolo,Roman Safiullin,total_games,over,22.5,0.4673,2.14,,,,,0,94,1903817
2026-10-09 08:30,atp,ATP 1000,Shanghai Rolex Masters,Hard,3,Francisco Cerundolo,Roman Safiullin,total_games,under,22.5,0.5327,1.88,,,,,0,94,1903817
2026-10-09 08:30,atp,ATP 1000,Shanghai Rolex Masters,Hard,3,Francisco Cerundolo,Roman Safiullin,p1_games,over,12.5,0.4838,2.07,,,,,0,94,1903817
2026-10-09 08:30,atp,ATP 1000,Shanghai Rolex Masters,Hard,3,Francisco Cerundolo,Roman Safiullin,p1_games,under,12.5,0.5162,1.94,,,,,0,94,1903817
2026-10-09 08:30,atp,ATP 1000,Shanghai Rolex Masters,Hard,3,Francisco Cerundolo,Roman Safiullin,p2_games,over,12.5,0.417,2.4,,,,,0,94,1903817
2026-10-09 08:30,atp,ATP 1000,Shanghai Rolex Masters,Hard,3,Francisco Cerundolo,Roman Safiullin,p2_games,under,12.5,0.583,1.72,,,,,0,94,1903817
2026-10-09 08:30,atp,ATP 1000,Shanghai Rolex Masters,Hard,3,Francisco Cerundolo,Roman Safiullin,game_handicap,player_a,-1.5,0.5449,1.84,,,,,0,94,1903817
2026-10-09 08:30,atp,ATP 1000,Shanghai Rolex Masters,Hard,3,Francisco Cerundolo,Roman Safiullin,game_handicap,player_b,1.5,0.4551,2.2,,,,,0,94,1903817
2026-10-09 08:30,atp,ATP 1000,Shanghai Rolex Masters,Hard,3,Miomir Kecmanovic,Jakub Mensik,winner,player_a,,0.6228,1.61,,,,,0,72,1903776
2026-10-09 08:30,atp,ATP 1000,Shanghai Rolex Masters,Hard,3,Miomir Kecmanovic,Jakub Mensik,winner,player_b,,0.3772,2.65,,,,,0,72,1903776
2026-10-09 08:30,atp,ATP 1000,Shanghai Rolex Masters,Hard,3,Miomir Kecmanovic,Jakub Mensik,total_games,over,22.5,0.476,2.1,,,,,1,72,1903776
2026-10-09 08:30,atp,ATP 1000,Shanghai Rolex Masters,Hard,3,Miomir Kecmanovic,Jakub Mensik,total_games,under,22.5,0.524,1.91,,,,,1,72,1903776
2026-10-09 08:30,atp,ATP 1000,Shanghai Rolex Masters,Hard,3,Miomir Kecmanovic,Jakub Mensik,p1_games,over,13.5,0.3318,3.01,,,,,1,72,1903776
2026-10-09 08:30,atp,ATP 1000,Shanghai Rolex Masters,Hard,3,Miomir Kecmanovic,Jakub Mensik,p1_games,under,13.5,0.6682,1.5,,,,,1,72,1903776
2026-10-09 08:30,atp,ATP 1000,Shanghai Rolex Masters,Hard,3,Miomir Kecmanovic,Jakub Mensik,p2_games,over,12.5,0.4172,2.4,,,,,1,72,1903776
2026-10-09 08:30,atp,ATP 1000,Shanghai Rolex Masters,Hard,3,Miomir Kecmanovic,Jakub Mensik,p2_games,under,12.5,0.5828,1.72,,,,,1,72,1903776
2026-10-09 08:30,atp,ATP 1000,Shanghai Rolex Masters,Hard,3,Miomir Kecmanovic,Jakub Mensik,game_handicap,player_a,-2.5,0.5189,1.93,,,,,1,72,1903776
2026-10-09 08:30,atp,ATP 1000,Shanghai Rolex Masters,Hard,3,Miomir Kecmanovic,Jakub Mensik,game_handicap,player_b,2.5,0.4811,2.08,,,,,1,72,1903776
2026-10-09 10:00,atp,ATP 1000,Shanghai Rolex Masters,Hard,3,Novak Djokovic,Hubert Hurkacz,winner,player_a,,0.8023,1.25,,,,,0,94,1904244
2026-10-09 10:00,atp,ATP 1000,Shanghai Rolex Masters,Hard,3,Novak Djokovic,Hubert Hurkacz,winner,player_b,,0.1977,5.06,,,,,0,94,1904244
2026-10-09 10:00,atp,ATP 1000,Shanghai Rolex Masters,Hard,3,Novak Djokovic,Hubert Hurkacz,total_games,over,22.5,0.4331,2.31,,,,,0,94,1904244
2026-10-09 10:00,atp,ATP 1000,Shanghai Rolex Masters,Hard,3,Novak Djokovic,Hubert Hurkacz,total_games,under,22.5,0.5669,1.76,,,,,0,94,1904244
2026-10-09 10:00,atp,ATP 1000,Shanghai Rolex Masters,Hard,3,Novak Djokovic,Hubert Hurkacz,p1_games,over,13.5,0.3222,3.1,,,,,0,94,1904244
2026-10-09 10:00,atp,ATP 1000,Shanghai Rolex Masters,Hard,3,Novak Djokovic,Hubert Hurkacz,p1_games,under,13.5,0.6778,1.48,,,,,0,94,1904244
2026-10-09 10:00,atp,ATP 1000,Shanghai Rolex Masters,Hard,3,Novak Djokovic,Hubert Hurkacz,p2_games,over,9.5,0.4939,2.02,,,,,0,94,1904244
2026-10-09 10:00,atp,ATP 1000,Shanghai Rolex Masters,Hard,3,Novak Djokovic,Hubert Hurkacz,p2_games,under,9.5,0.5061,1.98,,,,,0,94,1904244
2026-10-09 10:00,atp,ATP 1000,Shanghai Rolex Masters,Hard,3,Novak Djokovic,Hubert Hurkacz,game_handicap,player_a,-3.5,0.5851,1.71,,,,,0,94,1904244
2026-10-09 10:00,atp,ATP 1000,Shanghai Rolex Masters,Hard,3,Novak Djokovic,Hubert Hurkacz,game_handicap,player_b,3.5,0.4149,2.41,,,,,0,94,1904244
2026-10-09 11:30,atp,ATP 1000,Shanghai Rolex Masters,Hard,3,Yi Zhou,Lorenzo Musetti,winner,player_a,,0.0815,12.27,,,,,0,94,1903914
2026-10-09 11:30,atp,ATP 1000,Shanghai Rolex Masters,Hard,3,Yi Zhou,Lorenzo Musetti,winner,player_b,,0.9185,1.09,,,,,0,94,1903914
2026-10-09 11:30,atp,ATP 1000,Shanghai Rolex Masters,Hard,3,Yi Zhou,Lorenzo Musetti,total_games,over,19.5,0.4247,2.35,,,,,0,94,1903914
2026-10-09 11:30,atp,ATP 1000,Shanghai Rolex Masters,Hard,3,Yi Zhou,Lorenzo Musetti,total_games,under,19.5,0.5753,1.74,,,,,0,94,1903914
2026-10-09 11:30,atp,ATP 1000,Shanghai Rolex Masters,Hard,3,Yi Zhou,Lorenzo Musetti,p1_games,over,7.5,0.4016,2.49,,,,,0,94,1903914
2026-10-09 11:30,atp,ATP 1000,Shanghai Rolex Masters,Hard,3,Yi Zhou,Lorenzo Musetti,p1_games,under,7.5,0.5984,1.67,,,,,0,94,1903914
2026-10-09 11:30,atp,ATP 1000,Shanghai Rolex Masters,Hard,3,Yi Zhou,Lorenzo Musetti,p2_games,over,12.5,0.3802,2.63,,,,,0,94,1903914
2026-10-09 11:30,atp,ATP 1000,Shanghai Rolex Masters,Hard,3,Yi Zhou,Lorenzo Musetti,p2_games,under,12.5,0.6198,1.61,,,,,0,94,1903914
2026-10-09 11:30,atp,ATP 1000,Shanghai Rolex Masters,Hard,3,Yi Zhou,Lorenzo Musetti,game_handicap,player_a,5.5,0.4346,2.3,,,,,0,94,1903914
2026-10-09 11:30,atp,ATP 1000,Shanghai Rolex Masters,Hard,3,Yi Zhou,Lorenzo Musetti,game_handicap,player_b,-5.5,0.5654,1.77,,,,,0,94,1903914
2026-10-09 07:00,wta,WTA 1000,China Open,Hard,3,Qinwen Zheng,Elina Svitolina,winner,player_a,,0.3527,2.84,2.24,0.4286,-7.6,-0.21,0,100,1903980
2026-10-09 07:00,wta,WTA 1000,China Open,Hard,3,Qinwen Zheng,Elina Svitolina,winner,player_b,,0.6473,1.54,1.68,0.5714,7.6,0.0875,0,100,1903980
2026-10-09 07:00,wta,WTA 1000,China Open,Hard,3,Qinwen Zheng,Elina Svitolina,total_games,over,18.5,0.6413,1.56,1.31,0.7248,-8.3,-0.1599,0,100,1903980
2026-10-09 07:00,wta,WTA 1000,China Open,Hard,3,Qinwen Zheng,Elina Svitolina,total_games,under,18.5,0.3587,2.79,3.45,0.2752,8.3,0.2374,0,100,1903980
2026-10-09 07:00,wta,WTA 1000,China Open,Hard,3,Qinwen Zheng,Elina Svitolina,total_games,over,19.5,0.5632,1.78,1.48,0.6416,-7.8,-0.1664,0,100,1903980
2026-10-09 07:00,wta,WTA 1000,China Open,Hard,3,Qinwen Zheng,Elina Svitolina,total_games,under,19.5,0.4368,2.29,2.65,0.3584,7.8,0.1575,0,100,1903980
2026-10-09 07:00,wta,WTA 1000,China Open,Hard,3,Qinwen Zheng,Elina Svitolina,total_games,over,20.5,0.4957,2.02,1.67,0.5696,-7.4,-0.1721,0,100,1903980
2026-10-09 07:00,wta,WTA 1000,China Open,Hard,3,Qinwen Zheng,Elina Svitolina,total_games,under,20.5,0.5043,1.98,2.21,0.4304,7.4,0.1145,0,100,1903980
2026-10-09 07:00,wta,WTA 1000,China Open,Hard,3,Qinwen Zheng,Elina Svitolina,total_games,over,21.5,0.4471,2.24,1.84,0.5171,-7.0,-0.1773,0,100,1903980
2026-10-09 07:00,wta,WTA 1000,China Open,Hard,3,Qinwen Zheng,Elina Svitolina,total_games,under,21.5,0.5529,1.81,1.97,0.4829,7.0,0.0892,0,100,1903980
2026-10-09 07:00,wta,WTA 1000,China Open,Hard,3,Qinwen Zheng,Elina Svitolina,total_games,over,22.5,0.3905,2.56,2.12,0.4494,-5.9,-0.1722,0,100,1903980
2026-10-09 07:00,wta,WTA 1000,China Open,Hard,3,Qinwen Zheng,Elina Svitolina,total_games,under,22.5,0.6095,1.64,1.73,0.5506,5.9,0.0545,0,100,1903980
2026-10-09 07:00,wta,WTA 1000,China Open,Hard,3,Qinwen Zheng,Elina Svitolina,total_games,over,23.5,0.3537,2.83,2.35,0.4051,-5.1,-0.1688,0,100,1903980
2026-10-09 07:00,wta,WTA 1000,China Open,Hard,3,Qinwen Zheng,Elina Svitolina,total_games,under,23.5,0.6463,1.55,1.6,0.5949,5.1,0.034,0,100,1903980
2026-10-09 07:00,wta,WTA 1000,China Open,Hard,3,Qinwen Zheng,Elina Svitolina,total_games,over,24.5,0.335,2.99,2.46,0.3865,-5.2,-0.176,0,100,1903980
2026-10-09 07:00,wta,WTA 1000,China Open,Hard,3,Qinwen Zheng,Elina Svitolina,total_games,under,24.5,0.665,1.5,1.55,0.6135,5.2,0.0308,0,100,1903980
2026-10-09 07:00,wta,WTA 1000,China Open,Hard,3,Qinwen Zheng,Elina Svitolina,p1_games,over,10.5,0.5297,1.89,1.54,0.6061,-7.6,-0.1843,0,100,1903980
2026-10-09 07:00,wta,WTA 1000,China Open,Hard,3,Qinwen Zheng,Elina Svitolina,p1_games,under,10.5,0.4703,2.13,2.37,0.3939,7.6,0.1147,0,100,1903980
2026-10-09 07:00,wta,WTA 1000,China Open,Hard,3,Qinwen Zheng,Elina Svitolina,p1_games,over,11.5,0.4971,2.01,1.63,0.5744,-7.7,-0.1897,0,100,1903980
2026-10-09 07:00,wta,WTA 1000,China Open,Hard,3,Qinwen Zheng,Elina Svitolina,p1_games,under,11.5,0.5029,1.99,2.2,0.4256,7.7,0.1063,0,100,1903980
2026-10-09 07:00,wta,WTA 1000,China Open,Hard,3,Qinwen Zheng,Elina Svitolina,p1_games,over,12.5,0.3323,3.01,2.34,0.4,-6.8,-0.2224,0,100,1903980
2026-10-09 07:00,wta,WTA 1000,China Open,Hard,3,Qinwen Zheng,Elina Svitolina,p1_games,under,12.5,0.6677,1.5,1.56,0.6,6.8,0.0416,0,100,1903980
2026-10-09 07:00,wta,WTA 1000,China Open,Hard,3,Qinwen Zheng,Elina Svitolina,p2_games,over,11.5,0.7606,1.31,1.35,0.6932,6.7,0.0268,0,100,1903980
2026-10-09 07:00,wta,WTA 1000,China Open,Hard,3,Qinwen Zheng,Elina Svitolina,p2_games,under,11.5,0.2394,4.18,3.05,0.3068,-6.7,-0.2698,0,100,1903980
2026-10-09 07:00,wta,WTA 1000,China Open,Hard,3,Qinwen Zheng,Elina Svitolina,p2_games,over,12.5,0.4199,2.38,2.07,0.4509,-3.1,-0.1308,0,100,1903980
2026-10-09 07:00,wta,WTA 1000,China Open,Hard,3,Qinwen Zheng,Elina Svitolina,p2_games,under,12.5,0.5801,1.72,1.7,0.5491,3.1,-0.0138,0,100,1903980
2026-10-09 07:00,wta,WTA 1000,China Open,Hard,3,Qinwen Zheng,Elina Svitolina,p2_games,over,13.5,0.2674,3.74,3.1,0.3018,-3.4,-0.1709,0,100,1903980
2026-10-09 07:00,wta,WTA 1000,China Open,Hard,3,Qinwen Zheng,Elina Svitolina,p2_games,under,13.5,0.7326,1.37,1.34,0.6982,3.4,-0.0184,0,100,1903980
2026-10-09 07:00,wta,WTA 1000,China Open,Hard,3,Qinwen Zheng,Elina Svitolina,game_handicap,player_a,3.5,0.4892,2.04,,,,,0,100,1903980
2026-10-09 07:00,wta,WTA 1000,China Open,Hard,3,Qinwen Zheng,Elina Svitolina,game_handicap,player_b,-3.5,0.5108,1.96,,,,,0,100,1903980
2026-10-09 11:00,wta,WTA 1000,China Open,Hard,3,Elise Mertens,Iga Swiatek,winner,player_a,,0.1718,5.82,4.6,0.2096,-3.8,-0.2097,0,100,1903809
2026-10-09 11:00,wta,WTA 1000,China Open,Hard,3,Elise Mertens,Iga Swiatek,winner,player_b,,0.8282,1.21,1.22,0.7904,3.8,0.0104,0,100,1903809
2026-10-09 11:00,wta,WTA 1000,China Open,Hard,3,Elise Mertens,Iga Swiatek,total_games,over,18.5,0.5022,1.99,1.57,0.5954,-9.3,-0.2115,0,100,1903809
2026-10-09 11:00,wta,WTA 1000,China Open,Hard,3,Elise Mertens,Iga Swiatek,total_games,under,18.5,0.4978,2.01,2.31,0.4046,9.3,0.1498,0,100,1903809
2026-10-09 11:00,wta,WTA 1000,China Open,Hard,3,Elise Mertens,Iga Swiatek,total_games,over,19.5,0.4298,2.33,1.81,0.516,-8.6,-0.2221,0,100,1903809
2026-10-09 11:00,wta,WTA 1000,China Open,Hard,3,Elise Mertens,Iga Swiatek,total_games,under,19.5,0.5702,1.75,1.93,0.484,8.6,0.1006,0,100,1903809
2026-10-09 11:00,wta,WTA 1000,China Open,Hard,3,Elise Mertens,Iga Swiatek,total_games,over,20.5,0.3704,2.7,2.07,0.4509,-8.0,-0.2332,0,100,1903809
2026-10-09 11:00,wta,WTA 1000,China Open,Hard,3,Elise Mertens,Iga Swiatek,total_games,under,20.5,0.6296,1.59,1.7,0.5491,8.0,0.0703,0,100,1903809
2026-10-09 11:00,wta,WTA 1000,China Open,Hard,3,Elise Mertens,Iga Swiatek,p1_games,over,6.5,0.5199,1.92,1.55,0.6026,-8.3,-0.1941,0,100,1903809
2026-10-09 11:00,wta,WTA 1000,China Open,Hard,3,Elise Mertens,Iga Swiatek,p1_games,under,6.5,0.4801,2.08,2.35,0.3974,8.3,0.1281,0,100,1903809
2026-10-09 11:00,wta,WTA 1000,China Open,Hard,3,Elise Mertens,Iga Swiatek,p1_games,over,7.5,0.4468,2.24,1.79,0.5227,-7.6,-0.2003,0,100,1903809
2026-10-09 11:00,wta,WTA 1000,China Open,Hard,3,Elise Mertens,Iga Swiatek,p1_games,under,7.5,0.5532,1.81,1.96,0.4773,7.6,0.0843,0,100,1903809
2026-10-09 11:00,wta,WTA 1000,China Open,Hard,3,Elise Mertens,Iga Swiatek,p1_games,over,8.5,0.3889,2.57,2.03,0.4615,-7.3,-0.2106,0,100,1903809
2026-10-09 11:00,wta,WTA 1000,China Open,Hard,3,Elise Mertens,Iga Swiatek,p1_games,under,8.5,0.6111,1.64,1.74,0.5385,7.3,0.0634,0,100,1903809
2026-10-09 11:00,wta,WTA 1000,China Open,Hard,3,Elise Mertens,Iga Swiatek,p2_games,over,11.5,0.8944,1.12,1.1,0.8451,4.9,-0.0161,0,100,1903809
2026-10-09 11:00,wta,WTA 1000,China Open,Hard,3,Elise Mertens,Iga Swiatek,p2_games,under,11.5,0.1056,9.47,6.0,0.1549,-4.9,-0.3667,0,100,1903809
2026-10-09 11:00,wta,WTA 1000,China Open,Hard,3,Elise Mertens,Iga Swiatek,p2_games,over,12.5,0.3634,2.75,2.15,0.4342,-7.1,-0.2188,0,100,1903809
2026-10-09 11:00,wta,WTA 1000,China Open,Hard,3,Elise Mertens,Iga Swiatek,p2_games,under,12.5,0.6366,1.57,1.65,0.5658,7.1,0.0505,0,100,1903809
2026-10-09 11:00,wta,WTA 1000,China Open,Hard,3,Elise Mertens,Iga Swiatek,p2_games,over,13.5,0.2115,4.73,3.5,0.2678,-5.6,-0.2599,0,100,1903809
2026-10-09 11:00,wta,WTA 1000,China Open,Hard,3,Elise Mertens,Iga Swiatek,p2_games,under,13.5,0.7885,1.27,1.28,0.7322,5.6,0.0093,0,100,1903809
2026-10-09 11:00,wta,WTA 1000,China Open,Hard,3,Elise Mertens,Iga Swiatek,game_handicap,player_a,5.5,0.4509,2.22,,,,,0,100,1903809
2026-10-09 11:00,wta,WTA 1000,China Open,Hard,3,Elise Mertens,Iga Swiatek,game_handicap,player_b,-5.5,0.5491,1.82,,,,,0,100,1903809
2026-10-09 13:00,atp,ATP Challenger,"Antofagasta, Chile",Clay,3,Eduardo Ribeiro,Lautaro Midon,winner,player_a,,0.2745,3.64,2.7,0.3478,-7.3,-0.2588,0,100,1904450
2026-10-09 13:00,atp,ATP Challenger,"Antofagasta, Chile",Clay,3,Eduardo Ribeiro,Lautaro Midon,winner,player_b,,0.7255,1.38,1.44,0.6522,7.3,0.0447,0,100,1904450
2026-10-09 13:00,atp,ATP Challenger,"Antofagasta, Chile",Clay,3,Eduardo Ribeiro,Lautaro Midon,total_games,over,21.5,0.4528,2.21,,,,,0,100,1904450
2026-10-09 13:00,atp,ATP Challenger,"Antofagasta, Chile",Clay,3,Eduardo Ribeiro,Lautaro Midon,total_games,under,21.5,0.5472,1.83,,,,,0,100,1904450
2026-10-09 13:00,atp,ATP Challenger,"Antofagasta, Chile",Clay,3,Eduardo Ribeiro,Lautaro Midon,p1_games,over,10.5,0.4649,2.15,,,,,0,100,1904450
2026-10-09 13:00,atp,ATP Challenger,"Antofagasta, Chile",Clay,3,Eduardo Ribeiro,Lautaro Midon,p1_games,under,10.5,0.5351,1.87,,,,,0,100,1904450
2026-10-09 13:00,atp,ATP Challenger,"Antofagasta, Chile",Clay,3,Eduardo Ribeiro,Lautaro Midon,p2_games,over,12.5,0.4534,2.21,,,,,0,100,1904450
2026-10-09 13:00,atp,ATP Challenger,"Antofagasta, Chile",Clay,3,Eduardo Ribeiro,Lautaro Midon,p2_games,under,12.5,0.5466,1.83,,,,,0,100,1904450
2026-10-09 13:00,atp,ATP Challenger,"Antofagasta, Chile",Clay,3,Eduardo Ribeiro,Lautaro Midon,game_handicap,player_a,3.5,0.4182,2.39,,,,,0,100,1904450
2026-10-09 13:00,atp,ATP Challenger,"Antofagasta, Chile",Clay,3,Eduardo Ribeiro,Lautaro Midon,game_handicap,player_b,-3.5,0.5818,1.72,,,,,0,100,1904450
2026-10-09 13:00,atp,ATP Challenger,"Antofagasta, Chile",Clay,3,Matheus Pucinelli de Almeida,Joao Lucas Da Silva,winner,player_a,,0.5581,1.79,1.49,0.6266,-6.8,-0.1685,0,81,1904067
2026-10-09 13:00,atp,ATP Challenger,"Antofagasta, Chile",Clay,3,Matheus Pucinelli de Almeida,Joao Lucas Da Silva,winner,player_b,,0.4419,2.26,2.5,0.3734,6.8,0.1048,0,81,1904067
2026-10-09 13:00,atp,ATP Challenger,"Antofagasta, Chile",Clay,3,Matheus Pucinelli de Almeida,Joao Lucas Da Silva,total_games,over,21.5,0.514,1.95,1.76,0.5269,-1.3,-0.0953,1,81,1904067
2026-10-09 13:00,atp,ATP Challenger,"Antofagasta, Chile",Clay,3,Matheus Pucinelli de Almeida,Joao Lucas Da Silva,total_games,under,21.5,0.486,2.06,1.96,0.4731,1.3,-0.0475,1,81,1904067
2026-10-09 13:00,atp,ATP Challenger,"Antofagasta, Chile",Clay,3,Matheus Pucinelli de Almeida,Joao Lucas Da Silva,p1_games,over,12.5,0.4492,2.23,1.87,0.4946,-4.5,-0.16,1,81,1904067
2026-10-09 13:00,atp,ATP Challenger,"Antofagasta, Chile",Clay,3,Matheus Pucinelli de Almeida,Joao Lucas Da Silva,p1_games,under,12.5,0.5508,1.82,1.83,0.5054,4.5,0.008,1,81,1904067
2026-10-09 13:00,atp,ATP Challenger,"Antofagasta, Chile",Clay,3,Matheus Pucinelli de Almeida,Joao Lucas Da Silva,p2_games,over,11.5,0.6031,1.66,1.73,0.5362,6.7,0.0433,1,81,1904067
2026-10-09 13:00,atp,ATP Challenger,"Antofagasta, Chile",Clay,3,Matheus Pucinelli de Almeida,Joao Lucas Da Silva,p2_games,under,11.5,0.3969,2.52,2.0,0.4638,-6.7,-0.2061,1,81,1904067
2026-10-09 13:00,atp,ATP Challenger,"Antofagasta, Chile",Clay,3,Matheus Pucinelli de Almeida,Joao Lucas Da Silva,game_handicap,player_a,-1.5,0.5104,1.96,,,,,1,81,1904067
2026-10-09 13:00,atp,ATP Challenger,"Antofagasta, Chile",Clay,3,Matheus Pucinelli de Almeida,Joao Lucas Da Silva,game_handicap,player_b,1.5,0.4896,2.04,,,,,1,81,1904067
2026-10-09 13:00,atp,ATP Challenger,"Antofagasta, Chile",Clay,3,Thiago Seyboth Wild,Felipe Meligeni Rodrigues Alves,winner,player_a,,0.6261,1.6,1.33,0.6998,-7.4,-0.1673,0,94,1904075
2026-10-09 13:00,atp,ATP Challenger,"Antofagasta, Chile",Clay,3,Thiago Seyboth Wild,Felipe Meligeni Rodrigues Alves,winner,player_b,,0.3739,2.67,3.1,0.3002,7.4,0.1591,0,94,1904075
2026-10-09 13:00,atp,ATP Challenger,"Antofagasta, Chile",Clay,3,Thiago Seyboth Wild,Felipe Meligeni Rodrigues Alves,total_games,over,21.5,0.5408,1.85,1.89,0.4906,5.0,0.0221,0,94,1904075
2026-10-09 13:00,atp,ATP Challenger,"Antofagasta, Chile",Clay,3,Thiago Seyboth Wild,Felipe Meligeni Rodrigues Alves,total_games,under,21.5,0.4592,2.18,1.82,0.5094,-5.0,-0.1642,0,94,1904075
2026-10-09 13:00,atp,ATP Challenger,"Antofagasta, Chile",Clay,3,Thiago Seyboth Wild,Felipe Meligeni Rodrigues Alves,p1_games,over,12.5,0.4982,2.01,1.88,0.4919,0.6,-0.0634,0,94,1904075
2026-10-09 13:00,atp,ATP Challenger,"Antofagasta, Chile",Clay,3,Thiago Seyboth Wild,Felipe Meligeni Rodrigues Alves,p1_games,under,12.5,0.5018,1.99,1.82,0.5081,-0.6,-0.0867,0,94,1904075
2026-10-09 13:00,atp,ATP Challenger,"Antofagasta, Chile",Clay,3,Thiago Seyboth Wild,Felipe Meligeni Rodrigues Alves,p2_games,over,10.5,0.5914,1.69,1.88,0.4933,9.8,0.1119,0,94,1904075
2026-10-09 13:00,atp,ATP Challenger,"Antofagasta, Chile",Clay,3,Thiago Seyboth Wild,Felipe Meligeni Rodrigues Alves,p2_games,under,10.5,0.4086,2.45,1.83,0.5067,-9.8,-0.2523,0,94,1904075
2026-10-09 13:00,atp,ATP Challenger,"Antofagasta, Chile",Clay,3,Thiago Seyboth Wild,Felipe Meligeni Rodrigues Alves,game_handicap,player_a,-2.5,0.5243,1.91,,,,,0,94,1904075
2026-10-09 13:00,atp,ATP Challenger,"Antofagasta, Chile",Clay,3,Thiago Seyboth Wild,Felipe Meligeni Rodrigues Alves,game_handicap,player_b,2.5,0.4757,2.1,,,,,0,94,1904075
2026-10-09 12:00,atp,ATP Challenger,"Braga, Portugal",Clay,3,Lukas Neumayer,Max Alcala Gurri,winner,player_a,,0.4863,2.06,2.02,0.4628,2.4,-0.0177,0,100,1904358
2026-10-09 12:00,atp,ATP Challenger,"Braga, Portugal",Clay,3,Lukas Neumayer,Max Alcala Gurri,winner,player_b,,0.5137,1.95,1.74,0.5372,-2.4,-0.1061,0,100,1904358
2026-10-09 12:00,atp,ATP Challenger,"Braga, Portugal",Clay,3,Lukas Neumayer,Max Alcala Gurri,total_games,over,21.5,0.4989,2.0,,,,,0,100,1904358
2026-10-09 12:00,atp,ATP Challenger,"Braga, Portugal",Clay,3,Lukas Neumayer,Max Alcala Gurri,total_games,under,21.5,0.5011,2.0,,,,,0,100,1904358
2026-10-09 12:00,atp,ATP Challenger,"Braga, Portugal",Clay,3,Lukas Neumayer,Max Alcala Gurri,p1_games,over,12.5,0.4106,2.44,,,,,0,100,1904358
2026-10-09 12:00,atp,ATP Challenger,"Braga, Portugal",Clay,3,Lukas Neumayer,Max Alcala Gurri,p1_games,under,12.5,0.5894,1.7,,,,,0,100,1904358
2026-10-09 12:00,atp,ATP Challenger,"Braga, Portugal",Clay,3,Lukas Neumayer,Max Alcala Gurri,p2_games,over,12.5,0.4195,2.38,,,,,0,100,1904358
2026-10-09 12:00,atp,ATP Challenger,"Braga, Portugal",Clay,3,Lukas Neumayer,Max Alcala Gurri,p2_games,under,12.5,0.5805,1.72,,,,,0,100,1904358
2026-10-09 12:00,atp,ATP Challenger,"Braga, Portugal",Clay,3,Lukas Neumayer,Max Alcala Gurri,game_handicap,player_a,-0.5,0.4722,2.12,,,,,0,100,1904358
2026-10-09 12:00,atp,ATP Challenger,"Braga, Portugal",Clay,3,Lukas Neumayer,Max Alcala Gurri,game_handicap,player_b,0.5,0.5278,1.89,,,,,0,100,1904358
2026-10-09 12:00,atp,ATP Challenger,"Braga, Portugal",Clay,3,Marvin Moeller,Matej Dodig,winner,player_a,,0.4427,2.26,2.46,0.3804,6.2,0.0891,0,100,1904382
2026-10-09 12:00,atp,ATP Challenger,"Braga, Portugal",Clay,3,Marvin Moeller,Matej Dodig,winner,player_b,,0.5573,1.79,1.51,0.6196,-6.2,-0.1585,0,100,1904382
2026-10-09 12:00,atp,ATP Challenger,"Braga, Portugal",Clay,3,Marvin Moeller,Matej Dodig,total_games,over,22.5,0.458,2.18,,,,,0,100,1904382
2026-10-09 12:00,atp,ATP Challenger,"Braga, Portugal",Clay,3,Marvin Moeller,Matej Dodig,total_games,under,22.5,0.542,1.85,,,,,0,100,1904382
2026-10-09 12:00,atp,ATP Challenger,"Braga, Portugal",Clay,3,Marvin Moeller,Matej Dodig,p1_games,over,12.5,0.4177,2.39,,,,,0,100,1904382
2026-10-09 12:00,atp,ATP Challenger,"Braga, Portugal",Clay,3,Marvin Moeller,Matej Dodig,p1_games,under,12.5,0.5823,1.72,,,,,0,100,1904382
2026-10-09 12:00,atp,ATP Challenger,"Braga, Portugal",Clay,3,Marvin Moeller,Matej Dodig,p2_games,over,12.5,0.4574,2.19,,,,,0,100,1904382
2026-10-09 12:00,atp,ATP Challenger,"Braga, Portugal",Clay,3,Marvin Moeller,Matej Dodig,p2_games,under,12.5,0.5426,1.84,,,,,0,100,1904382
2026-10-09 12:00,atp,ATP Challenger,"Braga, Portugal",Clay,3,Marvin Moeller,Matej Dodig,game_handicap,player_a,1.5,0.4908,2.04,,,,,0,100,1904382
2026-10-09 12:00,atp,ATP Challenger,"Braga, Portugal",Clay,3,Marvin Moeller,Matej Dodig,game_handicap,player_b,-1.5,0.5092,1.96,,,,,0,100,1904382
2026-10-09 13:30,atp,ATP Challenger,"Braga, Portugal",Clay,3,Elmer Moller,Tiago Pereira,winner,player_a,,0.7611,1.31,1.34,0.6982,6.3,0.0199,0,100,1904410
2026-10-09 13:30,atp,ATP Challenger,"Braga, Portugal",Clay,3,Elmer Moller,Tiago Pereira,winner,player_b,,0.2389,4.19,3.1,0.3018,-6.3,-0.2594,0,100,1904410
2026-10-09 13:30,atp,ATP Challenger,"Braga, Portugal",Clay,3,Elmer Moller,Tiago Pereira,total_games,over,20.5,0.4674,2.14,,,,,0,100,1904410
2026-10-09 13:30,atp,ATP Challenger,"Braga, Portugal",Clay,3,Elmer Moller,Tiago Pereira,total_games,under,20.5,0.5326,1.88,,,,,0,100,1904410
2026-10-09 13:30,atp,ATP Challenger,"Braga, Portugal",Clay,3,Elmer Moller,Tiago Pereira,p1_games,over,12.5,0.4343,2.3,,,,,0,100,1904410
2026-10-09 13:30,atp,ATP Challenger,"Braga, Portugal",Clay,3,Elmer Moller,Tiago Pereira,p1_games,under,12.5,0.5657,1.77,,,,,0,100,1904410
2026-10-09 13:30,atp,ATP Challenger,"Braga, Portugal",Clay,3,Elmer Moller,Tiago Pereira,p2_games,over,9.5,0.4585,2.18,,,,,0,100,1904410
2026-10-09 13:30,atp,ATP Challenger,"Braga, Portugal",Clay,3,Elmer Moller,Tiago Pereira,p2_games,under,9.5,0.5415,1.85,,,,,0,100,1904410
2026-10-09 13:30,atp,ATP Challenger,"Braga, Portugal",Clay,3,Elmer Moller,Tiago Pereira,game_handicap,player_a,-4.5,0.5376,1.86,,,,,0,100,1904410
2026-10-09 13:30,atp,ATP Challenger,"Braga, Portugal",Clay,3,Elmer Moller,Tiago Pereira,game_handicap,player_b,4.5,0.4624,2.16,,,,,0,100,1904410
2026-10-09 13:30,atp,ATP Challenger,"Braga, Portugal",Clay,3,Vilius Gaubas,Luka Mikrut,winner,player_a,,0.2854,3.5,2.38,0.3929,-10.7,-0.3207,0,100,1904451
2026-10-09 13:30,atp,ATP Challenger,"Braga, Portugal",Clay,3,Vilius Gaubas,Luka Mikrut,winner,player_b,,0.7146,1.4,1.54,0.6071,10.7,0.1004,0,100,1904451
2026-10-09 13:30,atp,ATP Challenger,"Braga, Portugal",Clay,3,Vilius Gaubas,Luka Mikrut,total_games,over,21.5,0.4797,2.08,,,,,0,100,1904451
2026-10-09 13:30,atp,ATP Challenger,"Braga, Portugal",Clay,3,Vilius Gaubas,Luka Mikrut,total_games,under,21.5,0.5203,1.92,,,,,0,100,1904451
2026-10-09 13:30,atp,ATP Challenger,"Braga, Portugal",Clay,3,Vilius Gaubas,Luka Mikrut,p1_games,over,10.5,0.4885,2.05,,,,,0,100,1904451
2026-10-09 13:30,atp,ATP Challenger,"Braga, Portugal",Clay,3,Vilius Gaubas,Luka Mikrut,p1_games,under,10.5,0.5115,1.96,,,,,0,100,1904451
2026-10-09 13:30,atp,ATP Challenger,"Braga, Portugal",Clay,3,Vilius Gaubas,Luka Mikrut,p2_games,over,12.5,0.4757,2.1,,,,,0,100,1904451
2026-10-09 13:30,atp,ATP Challenger,"Braga, Portugal",Clay,3,Vilius Gaubas,Luka Mikrut,p2_games,under,12.5,0.5243,1.91,,,,,0,100,1904451
2026-10-09 13:30,atp,ATP Challenger,"Braga, Portugal",Clay,3,Vilius Gaubas,Luka Mikrut,game_handicap,player_a,3.5,0.4445,2.25,,,,,0,100,1904451
2026-10-09 13:30,atp,ATP Challenger,"Braga, Portugal",Clay,3,Vilius Gaubas,Luka Mikrut,game_handicap,player_b,-3.5,0.5555,1.8,,,,,0,100,1904451
2026-10-09 10:00,atp,ATP Challenger,"Villena, Spain",Hard,3,Jack Pinnington Jones,Borna Gojo,winner,player_a,,0.364,2.75,1.93,0.4853,-12.1,-0.2975,0,100,1904347
2026-10-09 10:00,atp,ATP Challenger,"Villena, Spain",Hard,3,Jack Pinnington Jones,Borna Gojo,winner,player_b,,0.636,1.57,1.82,0.5147,12.1,0.1575,0,100,1904347
2026-10-09 10:00,atp,ATP Challenger,"Villena, Spain",Hard,3,Jack Pinnington Jones,Borna Gojo,total_games,over,23.5,0.4339,2.3,1.94,0.4771,-4.3,-0.1582,0,100,1904347
2026-10-09 10:00,atp,ATP Challenger,"Villena, Spain",Hard,3,Jack Pinnington Jones,Borna Gojo,total_games,under,23.5,0.5661,1.77,1.77,0.5229,4.3,0.0019,0,100,1904347
2026-10-09 10:00,atp,ATP Challenger,"Villena, Spain",Hard,3,Jack Pinnington Jones,Borna Gojo,p1_games,over,12.5,0.4343,2.3,1.84,0.504,-7.0,-0.2008,0,100,1904347
2026-10-09 10:00,atp,ATP Challenger,"Villena, Spain",Hard,3,Jack Pinnington Jones,Borna Gojo,p1_games,under,12.5,0.5657,1.77,1.87,0.496,7.0,0.0578,0,100,1904347
2026-10-09 10:00,atp,ATP Challenger,"Villena, Spain",Hard,3,Jack Pinnington Jones,Borna Gojo,p2_games,over,12.5,0.5366,1.86,1.79,0.5175,1.9,-0.0394,0,100,1904347
2026-10-09 10:00,atp,ATP Challenger,"Villena, Spain",Hard,3,Jack Pinnington Jones,Borna Gojo,p2_games,under,12.5,0.4634,2.16,1.92,0.4825,-1.9,-0.1104,0,100,1904347
2026-10-09 10:00,atp,ATP Challenger,"Villena, Spain",Hard,3,Jack Pinnington Jones,Borna Gojo,game_handicap,player_a,2.5,0.4804,2.08,,,,,0,100,1904347
2026-10-09 10:00,atp,ATP Challenger,"Villena, Spain",Hard,3,Jack Pinnington Jones,Borna Gojo,game_handicap,player_b,-2.5,0.5196,1.92,,,,,0,100,1904347
2026-10-09 11:30,atp,ATP Challenger,"Villena, Spain",Hard,3,Abedallah Shelbayh,Daniil Glinka,winner,player_a,,0.494,2.02,2.29,0.4083,8.6,0.1313,0,100,1904384
2026-10-09 11:30,atp,ATP Challenger,"Villena, Spain",Hard,3,Abedallah Shelbayh,Daniil Glinka,winner,player_b,,0.506,1.98,1.58,0.5917,-8.6,-0.2005,0,100,1904384
2026-10-09 11:30,atp,ATP Challenger,"Villena, Spain",Hard,3,Abedallah Shelbayh,Daniil Glinka,total_games,over,22.5,0.4844,2.06,1.88,0.4919,-0.8,-0.0894,0,100,1904384
2026-10-09 11:30,atp,ATP Challenger,"Villena, Spain",Hard,3,Abedallah Shelbayh,Daniil Glinka,total_games,under,22.5,0.5156,1.94,1.82,0.5081,0.8,-0.0615,0,100,1904384
2026-10-09 11:30,atp,ATP Challenger,"Villena, Spain",Hard,3,Abedallah Shelbayh,Daniil Glinka,p1_games,over,11.5,0.6667,1.5,1.62,0.5726,9.4,0.0801,0,100,1904384
2026-10-09 11:30,atp,ATP Challenger,"Villena, Spain",Hard,3,Abedallah Shelbayh,Daniil Glinka,p1_games,under,11.5,0.3333,3.0,2.17,0.4274,-9.4,-0.2768,0,100,1904384
2026-10-09 11:30,atp,ATP Challenger,"Villena, Spain",Hard,3,Abedallah Shelbayh,Daniil Glinka,p2_games,over,12.5,0.4693,2.13,1.85,0.5,-3.1,-0.1318,0,100,1904384
2026-10-09 11:30,atp,ATP Challenger,"Villena, Spain",Hard,3,Abedallah Shelbayh,Daniil Glinka,p2_games,under,12.5,0.5307,1.88,1.85,0.5,3.1,-0.0182,0,100,1904384
2026-10-09 11:30,atp,ATP Challenger,"Villena, Spain",Hard,3,Abedallah Shelbayh,Daniil Glinka,game_handicap,player_a,-0.5,0.477,2.1,,,,,0,100,1904384
2026-10-09 11:30,atp,ATP Challenger,"Villena, Spain",Hard,3,Abedallah Shelbayh,Daniil Glinka,game_handicap,player_b,0.5,0.523,1.91,,,,,0,100,1904384
2026-10-09 14:00,atp,ATP Challenger,"Villena, Spain",Hard,3,Laslo Djere,Hynek Barton,winner,player_a,,0.658,1.52,1.4,0.6667,-0.9,-0.0788,0,100,1904411
2026-10-09 14:00,atp,ATP Challenger,"Villena, Spain",Hard,3,Laslo Djere,Hynek Barton,winner,player_b,,0.342,2.92,2.8,0.3333,0.9,-0.0425,0,100,1904411
2026-10-09 14:00,atp,ATP Challenger,"Villena, Spain",Hard,3,Laslo Djere,Hynek Barton,total_games,over,22.5,0.475,2.11,1.9,0.4879,-1.3,-0.0975,0,100,1904411
2026-10-09 14:00,atp,ATP Challenger,"Villena, Spain",Hard,3,Laslo Djere,Hynek Barton,total_games,under,22.5,0.525,1.9,1.81,0.5121,1.3,-0.0497,0,100,1904411
2026-10-09 14:00,atp,ATP Challenger,"Villena, Spain",Hard,3,Laslo Djere,Hynek Barton,p1_games,over,12.5,0.5211,1.92,1.75,0.5283,-0.7,-0.088,0,100,1904411
2026-10-09 14:00,atp,ATP Challenger,"Villena, Spain",Hard,3,Laslo Djere,Hynek Barton,p1_games,under,12.5,0.4789,2.09,1.96,0.4717,0.7,-0.0614,0,100,1904411
2026-10-09 14:00,atp,ATP Challenger,"Villena, Spain",Hard,3,Laslo Djere,Hynek Barton,p2_games,over,11.5,0.5359,1.87,1.81,0.5108,2.5,-0.0301,0,100,1904411
2026-10-09 14:00,atp,ATP Challenger,"Villena, Spain",Hard,3,Laslo Djere,Hynek Barton,p2_games,under,11.5,0.4641,2.15,1.89,0.4892,-2.5,-0.1228,0,100,1904411
2026-10-09 14:00,atp,ATP Challenger,"Villena, Spain",Hard,3,Laslo Djere,Hynek Barton,game_handicap,player_a,-2.5,0.551,1.81,,,,,0,100,1904411
2026-10-09 14:00,atp,ATP Challenger,"Villena, Spain",Hard,3,Laslo Djere,Hynek Barton,game_handicap,player_b,2.5,0.449,2.23,,,,,0,100,1904411
2026-10-09 15:30,atp,ATP Challenger,"Villena, Spain",Hard,3,Pablo Llamas Ruiz,Pedro Martinez,winner,player_a,,0.4951,2.02,,,,,0,94,1904456
2026-10-09 15:30,atp,ATP Challenger,"Villena, Spain",Hard,3,Pablo Llamas Ruiz,Pedro Martinez,winner,player_b,,0.5049,1.98,,,,,0,94,1904456
2026-10-09 15:30,atp,ATP Challenger,"Villena, Spain",Hard,3,Pablo Llamas Ruiz,Pedro Martinez,total_games,over,22.5,0.4639,2.16,,,,,0,94,1904456
2026-10-09 15:30,atp,ATP Challenger,"Villena, Spain",Hard,3,Pablo Llamas Ruiz,Pedro Martinez,total_games,under,22.5,0.5361,1.87,,,,,0,94,1904456
2026-10-09 15:30,atp,ATP Challenger,"Villena, Spain",Hard,3,Pablo Llamas Ruiz,Pedro Martinez,p1_games,over,12.5,0.4419,2.26,,,,,0,94,1904456
2026-10-09 15:30,atp,ATP Challenger,"Villena, Spain",Hard,3,Pablo Llamas Ruiz,Pedro Martinez,p1_games,under,12.5,0.5581,1.79,,,,,0,94,1904456
2026-10-09 15:30,atp,ATP Challenger,"Villena, Spain",Hard,3,Pablo Llamas Ruiz,Pedro Martinez,p2_games,over,12.5,0.4449,2.25,,,,,0,94,1904456
2026-10-09 15:30,atp,ATP Challenger,"Villena, Spain",Hard,3,Pablo Llamas Ruiz,Pedro Martinez,p2_games,under,12.5,0.5551,1.8,,,,,0,94,1904456
2026-10-09 15:30,atp,ATP Challenger,"Villena, Spain",Hard,3,Pablo Llamas Ruiz,Pedro Martinez,game_handicap,player_a,-0.5,0.4798,2.08,,,,,0,94,1904456
2026-10-09 15:30,atp,ATP Challenger,"Villena, Spain",Hard,3,Pablo Llamas Ruiz,Pedro Martinez,game_handicap,player_b,0.5,0.5202,1.92,,,,,0,94,1904456
2026-10-09 02:00,wta,WTA Challenger,"Suzhou, China",Hard,3,Zhuoxuan Bai,Kyoka Okamura,winner,player_a,,0.4579,2.18,1.33,0.7031,-24.5,-0.391,0,94,1904130
2026-10-09 02:00,wta,WTA Challenger,"Suzhou, China",Hard,3,Zhuoxuan Bai,Kyoka Okamura,winner,player_b,,0.5421,1.84,3.15,0.2969,24.5,0.7077,0,94,1904130
2026-10-09 02:00,wta,WTA Challenger,"Suzhou, China",Hard,3,Zhuoxuan Bai,Kyoka Okamura,total_games,over,20.5,0.5116,1.95,1.86,0.4987,1.3,-0.0483,1,94,1904130
2026-10-09 02:00,wta,WTA Challenger,"Suzhou, China",Hard,3,Zhuoxuan Bai,Kyoka Okamura,total_games,under,20.5,0.4884,2.05,1.85,0.5013,-1.3,-0.0965,1,94,1904130
2026-10-09 02:00,wta,WTA Challenger,"Suzhou, China",Hard,3,Zhuoxuan Bai,Kyoka Okamura,p1_games,over,12.5,0.3762,2.66,2.19,0.4222,-4.6,-0.1761,1,94,1904130
2026-10-09 02:00,wta,WTA Challenger,"Suzhou, China",Hard,3,Zhuoxuan Bai,Kyoka Okamura,p1_games,under,12.5,0.6238,1.6,1.6,0.5778,4.6,-0.002,1,94,1904130
2026-10-09 02:00,wta,WTA Challenger,"Suzhou, China",Hard,3,Zhuoxuan Bai,Kyoka Okamura,p2_games,over,9.5,0.7269,1.38,1.87,0.4946,23.2,0.3593,1,94,1904130
2026-10-09 02:00,wta,WTA Challenger,"Suzhou, China",Hard,3,Zhuoxuan Bai,Kyoka Okamura,p2_games,under,9.5,0.2731,3.66,1.83,0.5054,-23.2,-0.5002,1,94,1904130
2026-10-09 02:00,wta,WTA Challenger,"Suzhou, China",Hard,3,Zhuoxuan Bai,Kyoka Okamura,game_handicap,player_a,1.5,0.4994,2.0,,,,,1,94,1904130
2026-10-09 02:00,wta,WTA Challenger,"Suzhou, China",Hard,3,Zhuoxuan Bai,Kyoka Okamura,game_handicap,player_b,-1.5,0.5006,2.0,,,,,1,94,1904130
2026-10-09 03:00,wta,WTA Challenger,"Suzhou, China",Hard,3,Katarina Zavatska,Renata Zarazua,winner,player_a,,0.3572,2.8,4.9,0.1901,16.7,0.7502,0,94,1904237
2026-10-09 03:00,wta,WTA Challenger,"Suzhou, China",Hard,3,Katarina Zavatska,Renata Zarazua,winner,player_b,,0.6428,1.56,1.15,0.8099,-16.7,-0.2608,0,94,1904237
2026-10-09 03:00,wta,WTA Challenger,"Suzhou, China",Hard,3,Katarina Zavatska,Renata Zarazua,total_games,over,19.5,0.5343,1.87,1.92,0.4825,5.2,0.0259,1,94,1904237
2026-10-09 03:00,wta,WTA Challenger,"Suzhou, China",Hard,3,Katarina Zavatska,Renata Zarazua,total_games,under,19.5,0.4657,2.15,1.79,0.5175,-5.2,-0.1664,1,94,1904237
2026-10-09 03:00,wta,WTA Challenger,"Suzhou, China",Hard,3,Katarina Zavatska,Renata Zarazua,p1_games,over,7.5,0.6468,1.55,1.96,0.4717,17.5,0.2677,1,94,1904237
2026-10-09 03:00,wta,WTA Challenger,"Suzhou, China",Hard,3,Katarina Zavatska,Renata Zarazua,p1_games,under,7.5,0.3532,2.83,1.75,0.5283,-17.5,-0.3819,1,94,1904237
2026-10-09 03:00,wta,WTA Challenger,"Suzhou, China",Hard,3,Katarina Zavatska,Renata Zarazua,p2_games,over,12.5,0.398,2.51,2.31,0.4016,-0.4,-0.0807,1,94,1904237
2026-10-09 03:00,wta,WTA Challenger,"Suzhou, China",Hard,3,Katarina Zavatska,Renata Zarazua,p2_games,under,12.5,0.602,1.66,1.55,0.5984,0.4,-0.0668,1,94,1904237
2026-10-09 03:00,wta,WTA Challenger,"Suzhou, China",Hard,3,Katarina Zavatska,Renata Zarazua,game_handicap,player_a,3.5,0.4809,2.08,,,,,1,94,1904237
2026-10-09 03:00,wta,WTA Challenger,"Suzhou, China",Hard,3,Katarina Zavatska,Renata Zarazua,game_handicap,player_b,-3.5,0.5191,1.93,,,,,1,94,1904237
2026-10-09 03:30,wta,WTA Challenger,"Suzhou, China",Hard,3,Aliaksandra Sasnovich,Elvina Kalieva,winner,player_a,,0.7549,1.32,1.29,0.7249,3.0,-0.0262,0,94,1904129
2026-10-09 03:30,wta,WTA Challenger,"Suzhou, China",Hard,3,Aliaksandra Sasnovich,Elvina Kalieva,winner,player_b,,0.2451,4.08,3.4,0.2751,-3.0,-0.1666,0,94,1904129
2026-10-09 03:30,wta,WTA Challenger,"Suzhou, China",Hard,3,Aliaksandra Sasnovich,Elvina Kalieva,total_games,over,20.5,0.4287,2.33,1.88,0.4933,-6.5,-0.1941,1,94,1904129
2026-10-09 03:30,wta,WTA Challenger,"Suzhou, China",Hard,3,Aliaksandra Sasnovich,Elvina Kalieva,total_games,under,20.5,0.5713,1.75,1.83,0.5067,6.5,0.0455,1,94,1904129
2026-10-09 03:30,wta,WTA Challenger,"Suzhou, China",Hard,3,Aliaksandra Sasnovich,Elvina Kalieva,p1_games,over,12.5,0.3937,2.54,2.1,0.4415,-4.8,-0.1732,1,94,1904129
2026-10-09 03:30,wta,WTA Challenger,"Suzhou, China",Hard,3,Aliaksandra Sasnovich,Elvina Kalieva,p1_games,under,12.5,0.6063,1.65,1.66,0.5585,4.8,0.0065,1,94,1904129
2026-10-09 03:30,wta,WTA Challenger,"Suzhou, China",Hard,3,Aliaksandra Sasnovich,Elvina Kalieva,p2_games,over,8.5,0.4836,2.07,1.79,0.5175,-3.4,-0.1344,1,94,1904129
2026-10-09 03:30,wta,WTA Challenger,"Suzhou, China",Hard,3,Aliaksandra Sasnovich,Elvina Kalieva,p2_games,under,8.5,0.5164,1.94,1.92,0.4825,3.4,-0.0084,1,94,1904129
2026-10-09 03:30,wta,WTA Challenger,"Suzhou, China",Hard,3,Aliaksandra Sasnovich,Elvina Kalieva,game_handicap,player_a,-4.5,0.5556,1.8,,,,,1,94,1904129
2026-10-09 03:30,wta,WTA Challenger,"Suzhou, China",Hard,3,Aliaksandra Sasnovich,Elvina Kalieva,game_handicap,player_b,4.5,0.4444,2.25,,,,,1,94,1904129
2026-10-09 05:00,wta,WTA Challenger,"Suzhou, China",Hard,3,Aliona Falei,Rebecca Sramkova,winner,player_a,,0.481,2.08,2.3,0.4057,7.5,0.1064,0,94,1904239
2026-10-09 05:00,wta,WTA Challenger,"Suzhou, China",Hard,3,Aliona Falei,Rebecca Sramkova,winner,player_b,,0.519,1.93,1.57,0.5943,-7.5,-0.1852,0,94,1904239
2026-10-09 05:00,wta,WTA Challenger,"Suzhou, China",Hard,3,Aliona Falei,Rebecca Sramkova,total_games,over,21.5,0.4644,2.15,1.86,0.4987,-3.4,-0.1363,1,94,1904239
2026-10-09 05:00,wta,WTA Challenger,"Suzhou, China",Hard,3,Aliona Falei,Rebecca Sramkova,total_games,under,21.5,0.5356,1.87,1.85,0.5013,3.4,-0.0091,1,94,1904239
2026-10-09 05:00,wta,WTA Challenger,"Suzhou, China",Hard,3,Aliona Falei,Rebecca Sramkova,p1_games,over,11.5,0.6192,1.62,1.75,0.5283,9.1,0.0835,1,94,1904239
2026-10-09 05:00,wta,WTA Challenger,"Suzhou, China",Hard,3,Aliona Falei,Rebecca Sramkova,p1_games,under,11.5,0.3808,2.63,1.96,0.4717,-9.1,-0.2536,1,94,1904239
2026-10-09 05:00,wta,WTA Challenger,"Suzhou, China",Hard,3,Aliona Falei,Rebecca Sramkova,p2_games,over,12.5,0.3954,2.53,2.16,0.4286,-3.3,-0.1458,1,94,1904239
2026-10-09 05:00,wta,WTA Challenger,"Suzhou, China",Hard,3,Aliona Falei,Rebecca Sramkova,p2_games,under,12.5,0.6046,1.65,1.62,0.5714,3.3,-0.0206,1,94,1904239
2026-10-09 05:00,wta,WTA Challenger,"Suzhou, China",Hard,3,Aliona Falei,Rebecca Sramkova,game_handicap,player_a,0.5,0.4949,2.02,,,,,1,94,1904239
2026-10-09 05:00,wta,WTA Challenger,"Suzhou, China",Hard,3,Aliona Falei,Rebecca Sramkova,game_handicap,player_b,-0.5,0.5051,1.98,,,,,1,94,1904239
2026-10-09 09:00,wta,WTA Challenger,"Samsun, Turkiye",N/A,3,Ayla Aksu,Fiona Crawley,winner,player_a,,0.3939,2.54,2.75,0.3389,5.5,0.0831,0,81,1904337
2026-10-09 09:00,wta,WTA Challenger,"Samsun, Turkiye",N/A,3,Ayla Aksu,Fiona Crawley,winner,player_b,,0.6061,1.65,1.41,0.6611,-5.5,-0.1453,0,81,1904337
2026-10-09 09:00,wta,WTA Challenger,"Samsun, Turkiye",N/A,3,Ayla Aksu,Fiona Crawley,total_games,over,20.5,0.4905,2.04,1.84,0.5027,-1.2,-0.0974,1,81,1904337
2026-10-09 09:00,wta,WTA Challenger,"Samsun, Turkiye",N/A,3,Ayla Aksu,Fiona Crawley,total_games,under,20.5,0.5095,1.96,1.86,0.4973,1.2,-0.0524,1,81,1904337
2026-10-09 09:00,wta,WTA Challenger,"Samsun, Turkiye",N/A,3,Ayla Aksu,Fiona Crawley,p1_games,over,10.5,0.5627,1.78,1.87,0.4946,6.8,0.0522,1,81,1904337
2026-10-09 09:00,wta,WTA Challenger,"Samsun, Turkiye",N/A,3,Ayla Aksu,Fiona Crawley,p1_games,under,10.5,0.4373,2.29,1.83,0.5054,-6.8,-0.1997,1,81,1904337
2026-10-09 09:00,wta,WTA Challenger,"Samsun, Turkiye",N/A,3,Ayla Aksu,Fiona Crawley,p2_games,over,12.5,0.4029,2.48,2.26,0.4099,-0.7,-0.0895,1,81,1904337
2026-10-09 09:00,wta,WTA Challenger,"Samsun, Turkiye",N/A,3,Ayla Aksu,Fiona Crawley,p2_games,under,12.5,0.5971,1.67,1.57,0.5901,0.7,-0.0625,1,81,1904337
2026-10-09 09:00,wta,WTA Challenger,"Samsun, Turkiye",N/A,3,Ayla Aksu,Fiona Crawley,game_handicap,player_a,2.5,0.4688,2.13,,,,,1,81,1904337
2026-10-09 09:00,wta,WTA Challenger,"Samsun, Turkiye",N/A,3,Ayla Aksu,Fiona Crawley,game_handicap,player_b,-2.5,0.5312,1.88,,,,,1,81,1904337
2026-10-09 10:30,wta,WTA Challenger,"Samsun, Turkiye",N/A,3,Lucrezia Stefanini,Polina Iatcenko,winner,player_a,,0.5305,1.89,1.63,0.5733,-4.3,-0.1353,0,81,1903919
2026-10-09 10:30,wta,WTA Challenger,"Samsun, Turkiye",N/A,3,Lucrezia Stefanini,Polina Iatcenko,winner,player_b,,0.4695,2.13,2.19,0.4267,4.3,0.0283,0,81,1903919
2026-10-09 10:30,wta,WTA Challenger,"Samsun, Turkiye",N/A,3,Lucrezia Stefanini,Polina Iatcenko,total_games,over,21.5,0.4433,2.26,1.89,0.4892,-4.6,-0.1622,1,81,1903919
2026-10-09 10:30,wta,WTA Challenger,"Samsun, Turkiye",N/A,3,Lucrezia Stefanini,Polina Iatcenko,total_games,under,21.5,0.5567,1.8,1.81,0.5108,4.6,0.0076,1,81,1903919
2026-10-09 10:30,wta,WTA Challenger,"Samsun, Turkiye",N/A,3,Lucrezia Stefanini,Polina Iatcenko,p1_games,over,12.5,0.3795,2.64,2.24,0.4136,-3.4,-0.15,1,81,1903919
2026-10-09 10:30,wta,WTA Challenger,"Samsun, Turkiye",N/A,3,Lucrezia Stefanini,Polina Iatcenko,p1_games,under,12.5,0.6205,1.61,1.58,0.5864,3.4,-0.0195,1,81,1903919
2026-10-09 10:30,wta,WTA Challenger,"Samsun, Turkiye",N/A,3,Lucrezia Stefanini,Polina Iatcenko,p2_games,over,11.5,0.5975,1.67,1.7,0.5442,5.3,0.0157,1,81,1903919
2026-10-09 10:30,wta,WTA Challenger,"Samsun, Turkiye",N/A,3,Lucrezia Stefanini,Polina Iatcenko,p2_games,under,11.5,0.4025,2.48,2.03,0.4558,-5.3,-0.1828,1,81,1903919
2026-10-09 10:30,wta,WTA Challenger,"Samsun, Turkiye",N/A,3,Lucrezia Stefanini,Polina Iatcenko,game_handicap,player_a,-0.5,0.5194,1.93,,,,,1,81,1903919
2026-10-09 10:30,wta,WTA Challenger,"Samsun, Turkiye",N/A,3,Lucrezia Stefanini,Polina Iatcenko,game_handicap,player_b,0.5,0.4806,2.08,,,,,1,81,1903919
2026-10-09 12:00,wta,WTA Challenger,"Samsun, Turkiye",N/A,3,Simona Waltert,Himeno Sakatsume,winner,player_a,,0.5396,1.85,1.88,0.496,4.4,0.0145,0,81,1904356
2026-10-09 12:00,wta,WTA Challenger,"Samsun, Turkiye",N/A,3,Simona Waltert,Himeno Sakatsume,winner,player_b,,0.4604,2.17,1.85,0.504,-4.4,-0.1483,0,81,1904356
2026-10-09 12:00,wta,WTA Challenger,"Samsun, Turkiye",N/A,3,Simona Waltert,Himeno Sakatsume,total_games,over,21.5,0.4546,2.2,1.8,0.5148,-6.0,-0.1818,1,81,1904356
2026-10-09 12:00,wta,WTA Challenger,"Samsun, Turkiye",N/A,3,Simona Waltert,Himeno Sakatsume,total_games,under,21.5,0.5454,1.83,1.91,0.4852,6.0,0.0417,1,81,1904356
2026-10-09 12:00,wta,WTA Challenger,"Samsun, Turkiye",N/A,3,Simona Waltert,Himeno Sakatsume,p1_games,over,12.5,0.3927,2.55,2.36,0.3918,0.1,-0.0733,1,81,1904356
2026-10-09 12:00,wta,WTA Challenger,"Samsun, Turkiye",N/A,3,Simona Waltert,Himeno Sakatsume,p1_games,under,12.5,0.6073,1.65,1.52,0.6082,-0.1,-0.0769,1,81,1904356
2026-10-09 12:00,wta,WTA Challenger,"Samsun, Turkiye",N/A,3,Simona Waltert,Himeno Sakatsume,p2_games,over,12.5,0.3692,2.71,2.35,0.3943,-2.5,-0.1323,1,81,1904356
2026-10-09 12:00,wta,WTA Challenger,"Samsun, Turkiye",N/A,3,Simona Waltert,Himeno Sakatsume,p2_games,under,12.5,0.6308,1.59,1.53,0.6057,2.5,-0.0349,1,81,1904356
2026-10-09 12:00,wta,WTA Challenger,"Samsun, Turkiye",N/A,3,Simona Waltert,Himeno Sakatsume,game_handicap,player_a,-0.5,0.5267,1.9,,,,,1,81,1904356
2026-10-09 12:00,wta,WTA Challenger,"Samsun, Turkiye",N/A,3,Simona Waltert,Himeno Sakatsume,game_handicap,player_b,0.5,0.4733,2.11,,,,,1,81,1904356
2026-10-09 13:30,wta,WTA Challenger,"Samsun, Turkiye",N/A,3,Bianca Andreescu,Anna Blinkova,winner,player_a,,0.4634,2.16,1.82,0.5134,-5.0,-0.1567,0,88,1904396
2026-10-09 13:30,wta,WTA Challenger,"Samsun, Turkiye",N/A,3,Bianca Andreescu,Anna Blinkova,winner,player_b,,0.5366,1.86,1.92,0.4866,5.0,0.0303,0,88,1904396
2026-10-09 13:30,wta,WTA Challenger,"Samsun, Turkiye",N/A,3,Bianca Andreescu,Anna Blinkova,total_games,over,21.5,0.452,2.21,1.85,0.5,-4.8,-0.1639,0,88,1904396
2026-10-09 13:30,wta,WTA Challenger,"Samsun, Turkiye",N/A,3,Bianca Andreescu,Anna Blinkova,total_games,under,21.5,0.548,1.82,1.85,0.5,4.8,0.0139,0,88,1904396
2026-10-09 13:30,wta,WTA Challenger,"Samsun, Turkiye",N/A,3,Bianca Andreescu,Anna Blinkova,p1_games,over,12.5,0.3677,2.72,2.31,0.4016,-3.4,-0.1505,0,88,1904396
2026-10-09 13:30,wta,WTA Challenger,"Samsun, Turkiye",N/A,3,Bianca Andreescu,Anna Blinkova,p1_games,under,12.5,0.6323,1.58,1.55,0.5984,3.4,-0.02,0,88,1904396
2026-10-09 13:30,wta,WTA Challenger,"Samsun, Turkiye",N/A,3,Bianca Andreescu,Anna Blinkova,p2_games,over,11.5,0.6621,1.51,1.53,0.6047,5.7,0.013,0,88,1904396
2026-10-09 13:30,wta,WTA Challenger,"Samsun, Turkiye",N/A,3,Bianca Andreescu,Anna Blinkova,p2_games,under,11.5,0.3379,2.96,2.34,0.3953,-5.7,-0.2092,0,88,1904396
2026-10-09 13:30,wta,WTA Challenger,"Samsun, Turkiye",N/A,3,Bianca Andreescu,Anna Blinkova,game_handicap,player_a,0.5,0.4764,2.1,,,,,0,88,1904396
2026-10-09 13:30,wta,WTA Challenger,"Samsun, Turkiye",N/A,3,Bianca Andreescu,Anna Blinkova,game_handicap,player_b,-0.5,0.5236,1.91,,,,,0,88,1904396
2026-10-09 03:00,atp,ATP Challenger,"Wuning 3, China",N/A,3,Keisuke Saitoh,Akira Santillan,winner,player_a,,0.2772,3.61,2.22,0.4204,-14.3,-0.3845,0,81,1903775
2026-10-09 03:00,atp,ATP Challenger,"Wuning 3, China",N/A,3,Keisuke Saitoh,Akira Santillan,winner,player_b,,0.7228,1.38,1.61,0.5796,14.3,0.1636,0,81,1903775
2026-10-09 03:00,atp,ATP Challenger,"Wuning 3, China",N/A,3,Keisuke Saitoh,Akira Santillan,total_games,over,21.5,0.5019,1.99,1.74,0.5323,-3.0,-0.1266,1,81,1903775
2026-10-09 03:00,atp,ATP Challenger,"Wuning 3, China",N/A,3,Keisuke Saitoh,Akira Santillan,total_games,under,21.5,0.4981,2.01,1.98,0.4677,3.0,-0.0138,1,81,1903775
2026-10-09 03:00,atp,ATP Challenger,"Wuning 3, China",N/A,3,Keisuke Saitoh,Akira Santillan,p1_games,over,11.5,0.4564,2.19,1.6,0.5789,-12.3,-0.2697,1,81,1903775
2026-10-09 03:00,atp,ATP Challenger,"Wuning 3, China",N/A,3,Keisuke Saitoh,Akira Santillan,p1_games,under,11.5,0.5436,1.84,2.2,0.4211,12.3,0.1959,1,81,1903775
2026-10-09 03:00,atp,ATP Challenger,"Wuning 3, China",N/A,3,Keisuke Saitoh,Akira Santillan,p2_games,over,12.5,0.4998,2.0,1.92,0.4825,1.7,-0.0404,1,81,1903775
2026-10-09 03:00,atp,ATP Challenger,"Wuning 3, China",N/A,3,Keisuke Saitoh,Akira Santillan,p2_games,under,12.5,0.5002,2.0,1.79,0.5175,-1.7,-0.1047,1,81,1903775
2026-10-09 03:00,atp,ATP Challenger,"Wuning 3, China",N/A,3,Keisuke Saitoh,Akira Santillan,game_handicap,player_a,3.5,0.4535,2.2,,,,,1,81,1903775
2026-10-09 03:00,atp,ATP Challenger,"Wuning 3, China",N/A,3,Keisuke Saitoh,Akira Santillan,game_handicap,player_b,-3.5,0.5465,1.83,,,,,1,81,1903775
2026-10-09 03:00,atp,ATP Challenger,"Wuning 3, China",N/A,3,Timofei Derepasko,Omar Jasika,winner,player_a,,0.4292,2.33,3.55,0.2635,16.6,0.5238,0,81,1903782
2026-10-09 03:00,atp,ATP Challenger,"Wuning 3, China",N/A,3,Timofei Derepasko,Omar Jasika,winner,player_b,,0.5708,1.75,1.27,0.7365,-16.6,-0.2751,0,81,1903782
2026-10-09 03:00,atp,ATP Challenger,"Wuning 3, China",N/A,3,Timofei Derepasko,Omar Jasika,total_games,over,20.5,0.5643,1.77,1.86,0.4987,6.6,0.0495,1,81,1903782
2026-10-09 03:00,atp,ATP Challenger,"Wuning 3, China",N/A,3,Timofei Derepasko,Omar Jasika,total_games,under,20.5,0.4357,2.29,1.85,0.5013,-6.6,-0.1939,1,81,1903782
2026-10-09 03:00,atp,ATP Challenger,"Wuning 3, China",N/A,3,Timofei Derepasko,Omar Jasika,p1_games,over,9.5,0.6605,1.51,1.93,0.4798,18.1,0.2747,1,81,1903782
2026-10-09 03:00,atp,ATP Challenger,"Wuning 3, China",N/A,3,Timofei Derepasko,Omar Jasika,p1_games,under,9.5,0.3395,2.95,1.78,0.5202,-18.1,-0.3956,1,81,1903782
2026-10-09 03:00,atp,ATP Challenger,"Wuning 3, China",N/A,3,Timofei Derepasko,Omar Jasika,p2_games,over,12.5,0.4532,2.21,1.97,0.469,-1.6,-0.1072,1,81,1903782
2026-10-09 03:00,atp,ATP Challenger,"Wuning 3, China",N/A,3,Timofei Derepasko,Omar Jasika,p2_games,under,12.5,0.5468,1.83,1.74,0.531,1.6,-0.0486,1,81,1903782
2026-10-09 03:00,atp,ATP Challenger,"Wuning 3, China",N/A,3,Timofei Derepasko,Omar Jasika,game_handicap,player_a,1.5,0.4755,2.1,,,,,1,81,1903782
2026-10-09 03:00,atp,ATP Challenger,"Wuning 3, China",N/A,3,Timofei Derepasko,Omar Jasika,game_handicap,player_b,-1.5,0.5245,1.91,,,,,1,81,1903782
2026-10-09 04:30,atp,ATP Challenger,"Wuning 3, China",N/A,3,Fajing Sun,Alibek Kachmazov,winner,player_a,,0.4736,2.11,2.32,0.4036,7.0,0.0988,0,81,1904246
2026-10-09 04:30,atp,ATP Challenger,"Wuning 3, China",N/A,3,Fajing Sun,Alibek Kachmazov,winner,player_b,,0.5264,1.9,1.57,0.5964,-7.0,-0.1736,0,81,1904246
2026-10-09 04:30,atp,ATP Challenger,"Wuning 3, China",N/A,3,Fajing Sun,Alibek Kachmazov,total_games,over,22.5,0.4773,2.1,1.86,0.4987,-2.1,-0.1122,1,81,1904246
2026-10-09 04:30,atp,ATP Challenger,"Wuning 3, China",N/A,3,Fajing Sun,Alibek Kachmazov,total_games,under,22.5,0.5227,1.91,1.85,0.5013,2.1,-0.033,1,81,1904246
2026-10-09 04:30,atp,ATP Challenger,"Wuning 3, China",N/A,3,Fajing Sun,Alibek Kachmazov,p1_games,over,12.5,0.4504,2.22,2.07,0.448,0.2,-0.0677,1,81,1904246
2026-10-09 04:30,atp,ATP Challenger,"Wuning 3, China",N/A,3,Fajing Sun,Alibek Kachmazov,p1_games,under,12.5,0.5496,1.82,1.68,0.552,-0.2,-0.0766,1,81,1904246
2026-10-09 04:30,atp,ATP Challenger,"Wuning 3, China",N/A,3,Fajing Sun,Alibek Kachmazov,p2_games,over,12.5,0.4683,2.14,1.77,0.5242,-5.6,-0.1711,1,81,1904246
2026-10-09 04:30,atp,ATP Challenger,"Wuning 3, China",N/A,3,Fajing Sun,Alibek Kachmazov,p2_games,under,12.5,0.5317,1.88,1.95,0.4758,5.6,0.0369,1,81,1904246
2026-10-09 04:30,atp,ATP Challenger,"Wuning 3, China",N/A,3,Fajing Sun,Alibek Kachmazov,game_handicap,player_a,0.5,0.4912,2.04,,,,,1,81,1904246
2026-10-09 04:30,atp,ATP Challenger,"Wuning 3, China",N/A,3,Fajing Sun,Alibek Kachmazov,game_handicap,player_b,-0.5,0.5088,1.97,,,,,1,81,1904246
2026-10-09 04:30,atp,ATP Challenger,"Wuning 3, China",N/A,3,Jay Dylan Friend,Ryan Seggerman,winner,player_a,,0.6791,1.47,1.53,0.6107,6.8,0.0391,0,81,1904131
2026-10-09 04:30,atp,ATP Challenger,"Wuning 3, China",N/A,3,Jay Dylan Friend,Ryan Seggerman,winner,player_b,,0.3209,3.12,2.4,0.3893,-6.8,-0.2299,0,81,1904131
2026-10-09 04:30,atp,ATP Challenger,"Wuning 3, China",N/A,3,Jay Dylan Friend,Ryan Seggerman,total_games,over,23.5,0.4144,2.41,1.93,0.4798,-6.5,-0.2001,0,81,1904131
2026-10-09 04:30,atp,ATP Challenger,"Wuning 3, China",N/A,3,Jay Dylan Friend,Ryan Seggerman,total_games,under,23.5,0.5856,1.71,1.78,0.5202,6.5,0.0423,0,81,1904131
2026-10-09 04:30,atp,ATP Challenger,"Wuning 3, China",N/A,3,Jay Dylan Friend,Ryan Seggerman,p1_games,over,13.5,0.3392,2.95,2.18,0.4248,-8.6,-0.2606,0,81,1904131
2026-10-09 04:30,atp,ATP Challenger,"Wuning 3, China",N/A,3,Jay Dylan Friend,Ryan Seggerman,p1_games,under,13.5,0.6608,1.51,1.61,0.5752,8.6,0.064,0,81,1904131
2026-10-09 04:30,atp,ATP Challenger,"Wuning 3, China",N/A,3,Jay Dylan Friend,Ryan Seggerman,p2_games,over,12.5,0.3975,2.52,1.79,0.5162,-11.9,-0.2885,0,81,1904131
2026-10-09 04:30,atp,ATP Challenger,"Wuning 3, China",N/A,3,Jay Dylan Friend,Ryan Seggerman,p2_games,under,12.5,0.6025,1.66,1.91,0.4838,11.9,0.1508,0,81,1904131
2026-10-09 04:30,atp,ATP Challenger,"Wuning 3, China",N/A,3,Jay Dylan Friend,Ryan Seggerman,game_handicap,player_a,-2.5,0.5695,1.76,,,,,0,81,1904131
2026-10-09 04:30,atp,ATP Challenger,"Wuning 3, China",N/A,3,Jay Dylan Friend,Ryan Seggerman,game_handicap,player_b,2.5,0.4305,2.32,,,,,0,81,1904131
2026-10-09 10:00,atp,ATP Challenger,"Palermo, Italy",Clay,3,Enrico Dalla Valle,Francesco Passaro,winner,player_a,,0.3876,2.58,,,,,0,94,1904466
2026-10-09 10:00,atp,ATP Challenger,"Palermo, Italy",Clay,3,Enrico Dalla Valle,Francesco Passaro,winner,player_b,,0.6124,1.63,,,,,0,94,1904466
2026-10-09 10:00,atp,ATP Challenger,"Palermo, Italy",Clay,3,Enrico Dalla Valle,Francesco Passaro,total_games,over,22.5,0.4707,2.12,,,,,0,94,1904466
2026-10-09 10:00,atp,ATP Challenger,"Palermo, Italy",Clay,3,Enrico Dalla Valle,Francesco Passaro,total_games,under,22.5,0.5293,1.89,,,,,0,94,1904466
2026-10-09 10:00,atp,ATP Challenger,"Palermo, Italy",Clay,3,Enrico Dalla Valle,Francesco Passaro,p1_games,over,12.5,0.415,2.41,,,,,0,94,1904466
2026-10-09 10:00,atp,ATP Challenger,"Palermo, Italy",Clay,3,Enrico Dalla Valle,Francesco Passaro,p1_games,under,12.5,0.585,1.71,,,,,0,94,1904466
2026-10-09 10:00,atp,ATP Challenger,"Palermo, Italy",Clay,3,Enrico Dalla Valle,Francesco Passaro,p2_games,over,12.5,0.4955,2.02,,,,,0,94,1904466
2026-10-09 10:00,atp,ATP Challenger,"Palermo, Italy",Clay,3,Enrico Dalla Valle,Francesco Passaro,p2_games,under,12.5,0.5045,1.98,,,,,0,94,1904466
2026-10-09 10:00,atp,ATP Challenger,"Palermo, Italy",Clay,3,Enrico Dalla Valle,Francesco Passaro,game_handicap,player_a,2.5,0.4889,2.05,,,,,0,94,1904466
2026-10-09 10:00,atp,ATP Challenger,"Palermo, Italy",Clay,3,Enrico Dalla Valle,Francesco Passaro,game_handicap,player_b,-2.5,0.5111,1.96,,,,,0,94,1904466
2026-10-09 13:00,atp,ATP Challenger,"Palermo, Italy",Clay,3,Michele Ribecai,Jonas Forejtek,winner,player_a,,0.4399,2.27,2.15,0.4342,0.6,-0.0543,0,100,1903899
2026-10-09 13:00,atp,ATP Challenger,"Palermo, Italy",Clay,3,Michele Ribecai,Jonas Forejtek,winner,player_b,,0.5601,1.79,1.65,0.5658,-0.6,-0.0758,0,100,1903899
2026-10-09 13:00,atp,ATP Challenger,"Palermo, Italy",Clay,3,Michele Ribecai,Jonas Forejtek,total_games,over,22.5,0.4558,2.19,,,,,0,100,1903899
2026-10-09 13:00,atp,ATP Challenger,"Palermo, Italy",Clay,3,Michele Ribecai,Jonas Forejtek,total_games,under,22.5,0.5442,1.84,,,,,0,100,1903899
2026-10-09 13:00,atp,ATP Challenger,"Palermo, Italy",Clay,3,Michele Ribecai,Jonas Forejtek,p1_games,over,12.5,0.4141,2.42,,,,,0,100,1903899
2026-10-09 13:00,atp,ATP Challenger,"Palermo, Italy",Clay,3,Michele Ribecai,Jonas Forejtek,p1_games,under,12.5,0.5859,1.71,,,,,0,100,1903899
2026-10-09 13:00,atp,ATP Challenger,"Palermo, Italy",Clay,3,Michele Ribecai,Jonas Forejtek,p2_games,over,12.5,0.4559,2.19,,,,,0,100,1903899
2026-10-09 13:00,atp,ATP Challenger,"Palermo, Italy",Clay,3,Michele Ribecai,Jonas Forejtek,p2_games,under,12.5,0.5441,1.84,,,,,0,100,1903899
2026-10-09 13:00,atp,ATP Challenger,"Palermo, Italy",Clay,3,Michele Ribecai,Jonas Forejtek,game_handicap,player_a,1.5,0.4871,2.05,,,,,0,100,1903899
2026-10-09 13:00,atp,ATP Challenger,"Palermo, Italy",Clay,3,Michele Ribecai,Jonas Forejtek,game_handicap,player_b,-1.5,0.5129,1.95,,,,,0,100,1903899
2026-10-09 14:30,atp,ATP Challenger,"Palermo, Italy",Clay,3,Yanaki Milev,Carlos Sanchez Jover,winner,player_a,,0.3907,2.56,2.65,0.3537,3.7,0.0354,0,100,1904395
2026-10-09 14:30,atp,ATP Challenger,"Palermo, Italy",Clay,3,Yanaki Milev,Carlos Sanchez Jover,winner,player_b,,0.6093,1.64,1.45,0.6463,-3.7,-0.1165,0,100,1904395
2026-10-09 14:30,atp,ATP Challenger,"Palermo, Italy",Clay,3,Yanaki Milev,Carlos Sanchez Jover,total_games,over,21.5,0.4961,2.02,,,,,0,100,1904395
2026-10-09 14:30,atp,ATP Challenger,"Palermo, Italy",Clay,3,Yanaki Milev,Carlos Sanchez Jover,total_games,under,21.5,0.5039,1.98,,,,,0,100,1904395
2026-10-09 14:30,atp,ATP Challenger,"Palermo, Italy",Clay,3,Yanaki Milev,Carlos Sanchez Jover,p1_games,over,12.5,0.3772,2.65,,,,,0,100,1904395
2026-10-09 14:30,atp,ATP Challenger,"Palermo, Italy",Clay,3,Yanaki Milev,Carlos Sanchez Jover,p1_games,under,12.5,0.6228,1.61,,,,,0,100,1904395
2026-10-09 14:30,atp,ATP Challenger,"Palermo, Italy",Clay,3,Yanaki Milev,Carlos Sanchez Jover,p2_games,over,12.5,0.4512,2.22,,,,,0,100,1904395
2026-10-09 14:30,atp,ATP Challenger,"Palermo, Italy",Clay,3,Yanaki Milev,Carlos Sanchez Jover,p2_games,under,12.5,0.5488,1.82,,,,,0,100,1904395
2026-10-09 14:30,atp,ATP Challenger,"Palermo, Italy",Clay,3,Yanaki Milev,Carlos Sanchez Jover,game_handicap,player_a,2.5,0.4774,2.09,,,,,0,100,1904395
2026-10-09 14:30,atp,ATP Challenger,"Palermo, Italy",Clay,3,Yanaki Milev,Carlos Sanchez Jover,game_handicap,player_b,-2.5,0.5226,1.91,,,,,0,100,1904395
2026-10-09 15:00,atp,ATP Challenger,"Palermo, Italy",Clay,3,Massimo Giunta,Alejandro Moro Canas,winner,player_a,,0.2153,4.65,2.31,0.4046,-18.9,-0.5027,0,100,1904073
2026-10-09 15:00,atp,ATP Challenger,"Palermo, Italy",Clay,3,Massimo Giunta,Alejandro Moro Canas,winner,player_b,,0.7847,1.27,1.57,0.5954,18.9,0.232,0,100,1904073
2026-10-09 15:00,atp,ATP Challenger,"Palermo, Italy",Clay,3,Massimo Giunta,Alejandro Moro Canas,total_games,over,20.5,0.4992,2.0,,,,,0,100,1904073
2026-10-09 15:00,atp,ATP Challenger,"Palermo, Italy",Clay,3,Massimo Giunta,Alejandro Moro Canas,total_games,under,20.5,0.5008,2.0,,,,,0,100,1904073
2026-10-09 15:00,atp,ATP Challenger,"Palermo, Italy",Clay,3,Massimo Giunta,Alejandro Moro Canas,p1_games,over,9.5,0.4589,2.18,,,,,0,100,1904073
2026-10-09 15:00,atp,ATP Challenger,"Palermo, Italy",Clay,3,Massimo Giunta,Alejandro Moro Canas,p1_games,under,9.5,0.5411,1.85,,,,,0,100,1904073
2026-10-09 15:00,atp,ATP Challenger,"Palermo, Italy",Clay,3,Massimo Giunta,Alejandro Moro Canas,p2_games,over,12.5,0.4721,2.12,,,,,0,100,1904073
2026-10-09 15:00,atp,ATP Challenger,"Palermo, Italy",Clay,3,Massimo Giunta,Alejandro Moro Canas,p2_games,under,12.5,0.5279,1.89,,,,,0,100,1904073
2026-10-09 15:00,atp,ATP Challenger,"Palermo, Italy",Clay,3,Massimo Giunta,Alejandro Moro Canas,game_handicap,player_a,4.5,0.487,2.05,,,,,0,100,1904073
2026-10-09 15:00,atp,ATP Challenger,"Palermo, Italy",Clay,3,Massimo Giunta,Alejandro Moro Canas,game_handicap,player_b,-4.5,0.513,1.95,,,,,0,100,1904073
