start_utc,tour,category,tournament,surface,best_of,player_a,player_b,market,selection,line,model_probability,fair_odds,bookmaker_odds,implied_fair,edge_pp,ev,low_confidence,data_quality,match_id
2026-09-29 19:15,atp,ATP Challenger,"Columbus, USA",Hard,3,Igor Ribeiro Marcondes,Andrew Fenty,winner,player_a,,0.7447,1.34,,,,,0,94,1899562
2026-09-29 19:15,atp,ATP Challenger,"Columbus, USA",Hard,3,Igor Ribeiro Marcondes,Andrew Fenty,winner,player_b,,0.2553,3.92,,,,,0,94,1899562
2026-09-29 19:15,atp,ATP Challenger,"Columbus, USA",Hard,3,Igor Ribeiro Marcondes,Andrew Fenty,total_games,over,22.5,0.4371,2.29,,,,,0,94,1899562
2026-09-29 19:15,atp,ATP Challenger,"Columbus, USA",Hard,3,Igor Ribeiro Marcondes,Andrew Fenty,total_games,under,22.5,0.5629,1.78,,,,,0,94,1899562
2026-09-29 19:15,atp,ATP Challenger,"Columbus, USA",Hard,3,Igor Ribeiro Marcondes,Andrew Fenty,p1_games,over,13.5,0.3209,3.12,,,,,0,94,1899562
2026-09-29 19:15,atp,ATP Challenger,"Columbus, USA",Hard,3,Igor Ribeiro Marcondes,Andrew Fenty,p1_games,under,13.5,0.6791,1.47,,,,,0,94,1899562
2026-09-29 19:15,atp,ATP Challenger,"Columbus, USA",Hard,3,Igor Ribeiro Marcondes,Andrew Fenty,p2_games,over,10.5,0.4804,2.08,,,,,0,94,1899562
2026-09-29 19:15,atp,ATP Challenger,"Columbus, USA",Hard,3,Igor Ribeiro Marcondes,Andrew Fenty,p2_games,under,10.5,0.5196,1.92,,,,,0,94,1899562
2026-09-29 19:15,atp,ATP Challenger,"Columbus, USA",Hard,3,Igor Ribeiro Marcondes,Andrew Fenty,game_handicap,player_a,-3.5,0.5529,1.81,,,,,0,94,1899562
2026-09-29 19:15,atp,ATP Challenger,"Columbus, USA",Hard,3,Igor Ribeiro Marcondes,Andrew Fenty,game_handicap,player_b,3.5,0.4471,2.24,,,,,0,94,1899562
2026-09-29 19:35,atp,ATP Challenger,"Columbus, USA",Hard,3,Duncan Chan,Colton Smith,winner,player_a,,0.2843,3.52,,,,,0,88,1900422
2026-09-29 19:35,atp,ATP Challenger,"Columbus, USA",Hard,3,Duncan Chan,Colton Smith,winner,player_b,,0.7157,1.4,,,,,0,88,1900422
2026-09-29 19:35,atp,ATP Challenger,"Columbus, USA",Hard,3,Duncan Chan,Colton Smith,total_games,over,22.5,0.4428,2.26,,,,,1,88,1900422
2026-09-29 19:35,atp,ATP Challenger,"Columbus, USA",Hard,3,Duncan Chan,Colton Smith,total_games,under,22.5,0.5572,1.79,,,,,1,88,1900422
2026-09-29 19:35,atp,ATP Challenger,"Columbus, USA",Hard,3,Duncan Chan,Colton Smith,p1_games,over,11.5,0.4705,2.13,,,,,1,88,1900422
2026-09-29 19:35,atp,ATP Challenger,"Columbus, USA",Hard,3,Duncan Chan,Colton Smith,p1_games,under,11.5,0.5295,1.89,,,,,1,88,1900422
2026-09-29 19:35,atp,ATP Challenger,"Columbus, USA",Hard,3,Duncan Chan,Colton Smith,p2_games,over,13.5,0.3212,3.11,,,,,1,88,1900422
2026-09-29 19:35,atp,ATP Challenger,"Columbus, USA",Hard,3,Duncan Chan,Colton Smith,p2_games,under,13.5,0.6788,1.47,,,,,1,88,1900422
2026-09-29 19:35,atp,ATP Challenger,"Columbus, USA",Hard,3,Duncan Chan,Colton Smith,game_handicap,player_a,3.5,0.4697,2.13,,,,,1,88,1900422
2026-09-29 19:35,atp,ATP Challenger,"Columbus, USA",Hard,3,Duncan Chan,Colton Smith,game_handicap,player_b,-3.5,0.5303,1.89,,,,,1,88,1900422
2026-09-29 20:45,atp,ATP Challenger,"Columbus, USA",Hard,3,Trevor Svajda,Andres Andrade,winner,player_a,,0.5003,2.0,1.58,0.5917,-9.1,-0.2095,0,100,1899568
2026-09-29 20:45,atp,ATP Challenger,"Columbus, USA",Hard,3,Trevor Svajda,Andres Andrade,winner,player_b,,0.4997,2.0,2.29,0.4083,9.1,0.1442,0,100,1899568
2026-09-29 20:45,atp,ATP Challenger,"Columbus, USA",Hard,3,Trevor Svajda,Andres Andrade,total_games,over,21.5,0.5223,1.91,1.8,0.5135,0.9,-0.0598,0,100,1899568
2026-09-29 20:45,atp,ATP Challenger,"Columbus, USA",Hard,3,Trevor Svajda,Andres Andrade,total_games,under,21.5,0.4777,2.09,1.9,0.4865,-0.9,-0.0924,0,100,1899568
2026-09-29 20:45,atp,ATP Challenger,"Columbus, USA",Hard,3,Trevor Svajda,Andres Andrade,p1_games,over,12.5,0.4368,2.29,1.97,0.4704,-3.4,-0.1395,0,100,1899568
2026-09-29 20:45,atp,ATP Challenger,"Columbus, USA",Hard,3,Trevor Svajda,Andres Andrade,p1_games,under,12.5,0.5632,1.78,1.75,0.5296,3.4,-0.0144,0,100,1899568
2026-09-29 20:45,atp,ATP Challenger,"Columbus, USA",Hard,3,Trevor Svajda,Andres Andrade,p2_games,over,11.5,0.6562,1.52,1.66,0.5585,9.8,0.0892,0,100,1899568
2026-09-29 20:45,atp,ATP Challenger,"Columbus, USA",Hard,3,Trevor Svajda,Andres Andrade,p2_games,under,11.5,0.3438,2.91,2.1,0.4415,-9.8,-0.2779,0,100,1899568
2026-09-29 20:45,atp,ATP Challenger,"Columbus, USA",Hard,3,Trevor Svajda,Andres Andrade,game_handicap,player_a,-0.5,0.4852,2.06,,,,,0,100,1899568
2026-09-29 20:45,atp,ATP Challenger,"Columbus, USA",Hard,3,Trevor Svajda,Andres Andrade,game_handicap,player_b,0.5,0.5148,1.94,,,,,0,100,1899568
2026-09-29 21:15,atp,ATP Challenger,"Columbus, USA",Hard,3,Stefan Kozlov,James Kent Trotter,winner,player_a,,0.5352,1.87,1.82,0.5134,2.2,-0.0259,0,94,1900743
2026-09-29 21:15,atp,ATP Challenger,"Columbus, USA",Hard,3,Stefan Kozlov,James Kent Trotter,winner,player_b,,0.4648,2.15,1.92,0.4866,-2.2,-0.1076,0,94,1900743
2026-09-29 21:15,atp,ATP Challenger,"Columbus, USA",Hard,3,Stefan Kozlov,James Kent Trotter,total_games,over,22.5,0.4941,2.02,1.91,0.4852,0.9,-0.0562,0,94,1900743
2026-09-29 21:15,atp,ATP Challenger,"Columbus, USA",Hard,3,Stefan Kozlov,James Kent Trotter,total_games,under,22.5,0.5059,1.98,1.8,0.5148,-0.9,-0.0894,0,94,1900743
2026-09-29 21:15,atp,ATP Challenger,"Columbus, USA",Hard,3,Stefan Kozlov,James Kent Trotter,p1_games,over,12.5,0.4912,2.04,1.94,0.4771,1.4,-0.0471,0,94,1900743
2026-09-29 21:15,atp,ATP Challenger,"Columbus, USA",Hard,3,Stefan Kozlov,James Kent Trotter,p1_games,under,12.5,0.5088,1.97,1.77,0.5229,-1.4,-0.0994,0,94,1900743
2026-09-29 21:15,atp,ATP Challenger,"Columbus, USA",Hard,3,Stefan Kozlov,James Kent Trotter,p2_games,over,12.5,0.4651,2.15,1.98,0.4677,-0.3,-0.0791,0,94,1900743
2026-09-29 21:15,atp,ATP Challenger,"Columbus, USA",Hard,3,Stefan Kozlov,James Kent Trotter,p2_games,under,12.5,0.5349,1.87,1.74,0.5323,0.3,-0.0693,0,94,1900743
2026-09-29 21:15,atp,ATP Challenger,"Columbus, USA",Hard,3,Stefan Kozlov,James Kent Trotter,game_handicap,player_a,-0.5,0.5184,1.93,,,,,0,94,1900743
2026-09-29 21:15,atp,ATP Challenger,"Columbus, USA",Hard,3,Stefan Kozlov,James Kent Trotter,game_handicap,player_b,0.5,0.4816,2.08,,,,,0,94,1900743
2026-09-29 22:15,atp,ATP Challenger,"Columbus, USA",Hard,3,Kaylan Bigun,Keegan Smith,winner,player_a,,0.1908,5.24,2.9,0.3224,-13.2,-0.4465,0,100,1900423
2026-09-29 22:15,atp,ATP Challenger,"Columbus, USA",Hard,3,Kaylan Bigun,Keegan Smith,winner,player_b,,0.8092,1.24,1.38,0.6776,13.2,0.1166,0,100,1900423
2026-09-29 22:15,atp,ATP Challenger,"Columbus, USA",Hard,3,Kaylan Bigun,Keegan Smith,total_games,over,21.5,0.4533,2.21,1.75,0.5296,-7.6,-0.2067,0,100,1900423
2026-09-29 22:15,atp,ATP Challenger,"Columbus, USA",Hard,3,Kaylan Bigun,Keegan Smith,total_games,under,21.5,0.5467,1.83,1.97,0.4704,7.6,0.077,0,100,1900423
2026-09-29 22:15,atp,ATP Challenger,"Columbus, USA",Hard,3,Kaylan Bigun,Keegan Smith,p1_games,over,11.5,0.3608,2.77,1.82,0.5081,-14.7,-0.3434,0,100,1900423
2026-09-29 22:15,atp,ATP Challenger,"Columbus, USA",Hard,3,Kaylan Bigun,Keegan Smith,p1_games,under,11.5,0.6392,1.56,1.88,0.4919,14.7,0.2017,0,100,1900423
2026-09-29 22:15,atp,ATP Challenger,"Columbus, USA",Hard,3,Kaylan Bigun,Keegan Smith,p2_games,over,12.5,0.4871,2.05,1.74,0.5323,-4.5,-0.1524,0,100,1900423
2026-09-29 22:15,atp,ATP Challenger,"Columbus, USA",Hard,3,Kaylan Bigun,Keegan Smith,p2_games,under,12.5,0.5129,1.95,1.98,0.4677,4.5,0.0155,0,100,1900423
2026-09-29 22:15,atp,ATP Challenger,"Columbus, USA",Hard,3,Kaylan Bigun,Keegan Smith,game_handicap,player_a,4.5,0.489,2.05,,,,,0,100,1900423
2026-09-29 22:15,atp,ATP Challenger,"Columbus, USA",Hard,3,Kaylan Bigun,Keegan Smith,game_handicap,player_b,-4.5,0.511,1.96,,,,,0,100,1900423
2026-09-29 22:45,atp,ATP Challenger,"Columbus, USA",Hard,3,Bryce Nakashima,Jack Kennedy,winner,player_a,,0.4997,2.0,1.61,0.5807,-8.1,-0.1955,0,69,1899570
2026-09-29 22:45,atp,ATP Challenger,"Columbus, USA",Hard,3,Bryce Nakashima,Jack Kennedy,winner,player_b,,0.5003,2.0,2.23,0.4193,8.1,0.1156,0,69,1899570
2026-09-29 22:45,atp,ATP Challenger,"Columbus, USA",Hard,3,Bryce Nakashima,Jack Kennedy,total_games,over,21.5,0.5844,1.71,1.8,0.5148,7.0,0.0519,1,69,1899570
2026-09-29 22:45,atp,ATP Challenger,"Columbus, USA",Hard,3,Bryce Nakashima,Jack Kennedy,total_games,under,21.5,0.4156,2.41,1.91,0.4852,-7.0,-0.2062,1,69,1899570
2026-09-29 22:45,atp,ATP Challenger,"Columbus, USA",Hard,3,Bryce Nakashima,Jack Kennedy,p1_games,over,12.5,0.4879,2.05,1.98,0.4677,2.0,-0.0339,1,69,1899570
2026-09-29 22:45,atp,ATP Challenger,"Columbus, USA",Hard,3,Bryce Nakashima,Jack Kennedy,p1_games,under,12.5,0.5121,1.95,1.74,0.5323,-2.0,-0.109,1,69,1899570
2026-09-29 22:45,atp,ATP Challenger,"Columbus, USA",Hard,3,Bryce Nakashima,Jack Kennedy,p2_games,over,11.5,0.6828,1.46,1.63,0.5688,11.4,0.1129,1,69,1899570
2026-09-29 22:45,atp,ATP Challenger,"Columbus, USA",Hard,3,Bryce Nakashima,Jack Kennedy,p2_games,under,11.5,0.3172,3.15,2.15,0.4312,-11.4,-0.318,1,69,1899570
2026-09-29 22:45,atp,ATP Challenger,"Columbus, USA",Hard,3,Bryce Nakashima,Jack Kennedy,game_handicap,player_a,-0.5,0.4814,2.08,,,,,1,69,1899570
2026-09-29 22:45,atp,ATP Challenger,"Columbus, USA",Hard,3,Bryce Nakashima,Jack Kennedy,game_handicap,player_b,0.5,0.5186,1.93,,,,,1,69,1899570
2026-09-29 23:45,atp,ATP Challenger,"Columbus, USA",Hard,3,Nikita Samuel Filin,Aidan Mayo,winner,player_a,,0.3213,3.11,3.25,0.2873,3.4,0.0443,0,72,1899565
2026-09-29 23:45,atp,ATP Challenger,"Columbus, USA",Hard,3,Nikita Samuel Filin,Aidan Mayo,winner,player_b,,0.6787,1.47,1.31,0.7127,-3.4,-0.1109,0,72,1899565
2026-09-29 23:45,atp,ATP Challenger,"Columbus, USA",Hard,3,Nikita Samuel Filin,Aidan Mayo,total_games,over,21.5,0.5475,1.83,1.9,0.4879,6.0,0.0403,1,72,1899565
2026-09-29 23:45,atp,ATP Challenger,"Columbus, USA",Hard,3,Nikita Samuel Filin,Aidan Mayo,total_games,under,21.5,0.4525,2.21,1.81,0.5121,-6.0,-0.1811,1,72,1899565
2026-09-29 23:45,atp,ATP Challenger,"Columbus, USA",Hard,3,Nikita Samuel Filin,Aidan Mayo,p1_games,over,10.5,0.5503,1.82,1.92,0.4825,6.8,0.0566,1,72,1899565
2026-09-29 23:45,atp,ATP Challenger,"Columbus, USA",Hard,3,Nikita Samuel Filin,Aidan Mayo,p1_games,under,10.5,0.4497,2.22,1.79,0.5175,-6.8,-0.1951,1,72,1899565
2026-09-29 23:45,atp,ATP Challenger,"Columbus, USA",Hard,3,Nikita Samuel Filin,Aidan Mayo,p2_games,over,12.5,0.5236,1.91,1.87,0.4946,2.9,-0.0208,1,72,1899565
2026-09-29 23:45,atp,ATP Challenger,"Columbus, USA",Hard,3,Nikita Samuel Filin,Aidan Mayo,p2_games,under,12.5,0.4764,2.1,1.83,0.5054,-2.9,-0.1282,1,72,1899565
2026-09-29 23:45,atp,ATP Challenger,"Columbus, USA",Hard,3,Nikita Samuel Filin,Aidan Mayo,game_handicap,player_a,2.5,0.4282,2.34,,,,,1,72,1899565
2026-09-29 23:45,atp,ATP Challenger,"Columbus, USA",Hard,3,Nikita Samuel Filin,Aidan Mayo,game_handicap,player_b,-2.5,0.5718,1.75,,,,,1,72,1899565
2026-09-29 20:30,atp,ATP Challenger,"Curitiba, Brazil",Clay,3,Guido Justo,Franco Roncadelli,winner,player_a,,0.4964,2.01,1.76,0.5319,-3.6,-0.1264,0,94,1899553
2026-09-29 20:30,atp,ATP Challenger,"Curitiba, Brazil",Clay,3,Guido Justo,Franco Roncadelli,winner,player_b,,0.5036,1.99,2.0,0.4681,3.6,0.0072,0,94,1899553
2026-09-29 20:30,atp,ATP Challenger,"Curitiba, Brazil",Clay,3,Guido Justo,Franco Roncadelli,total_games,over,21.5,0.4972,2.01,1.86,0.4987,-0.1,-0.0752,0,94,1899553
2026-09-29 20:30,atp,ATP Challenger,"Curitiba, Brazil",Clay,3,Guido Justo,Franco Roncadelli,total_games,under,21.5,0.5028,1.99,1.85,0.5013,0.1,-0.0698,0,94,1899553
2026-09-29 20:30,atp,ATP Challenger,"Curitiba, Brazil",Clay,3,Guido Justo,Franco Roncadelli,p1_games,over,12.5,0.4123,2.43,2.13,0.435,-2.3,-0.1217,0,94,1899553
2026-09-29 20:30,atp,ATP Challenger,"Curitiba, Brazil",Clay,3,Guido Justo,Franco Roncadelli,p1_games,under,12.5,0.5877,1.7,1.64,0.565,2.3,-0.0362,0,94,1899553
2026-09-29 20:30,atp,ATP Challenger,"Curitiba, Brazil",Clay,3,Guido Justo,Franco Roncadelli,p2_games,over,12.5,0.4143,2.41,2.25,0.411,0.3,-0.0678,0,94,1899553
2026-09-29 20:30,atp,ATP Challenger,"Curitiba, Brazil",Clay,3,Guido Justo,Franco Roncadelli,p2_games,under,12.5,0.5857,1.71,1.57,0.589,-0.3,-0.0805,0,94,1899553
2026-09-29 20:30,atp,ATP Challenger,"Curitiba, Brazil",Clay,3,Guido Justo,Franco Roncadelli,game_handicap,player_a,-0.5,0.4827,2.07,,,,,0,94,1899553
2026-09-29 20:30,atp,ATP Challenger,"Curitiba, Brazil",Clay,3,Guido Justo,Franco Roncadelli,game_handicap,player_b,0.5,0.5173,1.93,,,,,0,94,1899553
2026-09-29 21:30,atp,ATP Challenger,"Curitiba, Brazil",Clay,3,Luis Miguel,Facundo Mena,winner,player_a,,0.2446,4.09,2.05,0.4562,-21.2,-0.4985,0,66,1899556
2026-09-29 21:30,atp,ATP Challenger,"Curitiba, Brazil",Clay,3,Luis Miguel,Facundo Mena,winner,player_b,,0.7554,1.32,1.72,0.5438,21.2,0.2992,0,66,1899556
2026-09-29 21:30,atp,ATP Challenger,"Curitiba, Brazil",Clay,3,Luis Miguel,Facundo Mena,total_games,over,21.5,0.4581,2.18,1.76,0.5269,-6.9,-0.1938,1,66,1899556
2026-09-29 21:30,atp,ATP Challenger,"Curitiba, Brazil",Clay,3,Luis Miguel,Facundo Mena,total_games,under,21.5,0.5419,1.85,1.96,0.4731,6.9,0.0622,1,66,1899556
2026-09-29 21:30,atp,ATP Challenger,"Curitiba, Brazil",Clay,3,Luis Miguel,Facundo Mena,p1_games,over,12.5,0.3023,3.31,2.16,0.4286,-12.6,-0.347,1,66,1899556
2026-09-29 21:30,atp,ATP Challenger,"Curitiba, Brazil",Clay,3,Luis Miguel,Facundo Mena,p1_games,under,12.5,0.6977,1.43,1.62,0.5714,12.6,0.1303,1,66,1899556
2026-09-29 21:30,atp,ATP Challenger,"Curitiba, Brazil",Clay,3,Luis Miguel,Facundo Mena,p2_games,over,12.5,0.4704,2.13,2.0,0.4624,0.8,-0.0592,1,66,1899556
2026-09-29 21:30,atp,ATP Challenger,"Curitiba, Brazil",Clay,3,Luis Miguel,Facundo Mena,p2_games,under,12.5,0.5296,1.89,1.72,0.5376,-0.8,-0.0891,1,66,1899556
2026-09-29 21:30,atp,ATP Challenger,"Curitiba, Brazil",Clay,3,Luis Miguel,Facundo Mena,game_handicap,player_a,3.5,0.4002,2.5,,,,,1,66,1899556
2026-09-29 21:30,atp,ATP Challenger,"Curitiba, Brazil",Clay,3,Luis Miguel,Facundo Mena,game_handicap,player_b,-3.5,0.5998,1.67,,,,,1,66,1899556
2026-09-30 03:00,atp,ATP 500,China Open,Hard,3,Karen Khachanov,Felix Auger Aliassime,winner,player_a,,0.2682,3.73,2.34,0.4106,-14.2,-0.3724,0,100,1899922
2026-09-30 03:00,atp,ATP 500,China Open,Hard,3,Karen Khachanov,Felix Auger Aliassime,winner,player_b,,0.7318,1.37,1.63,0.5894,14.2,0.1928,0,100,1899922
2026-09-30 03:00,atp,ATP 500,China Open,Hard,3,Karen Khachanov,Felix Auger Aliassime,total_games,over,19.5,0.7022,1.42,1.3,0.732,-3.0,-0.0872,0,100,1899922
2026-09-30 03:00,atp,ATP 500,China Open,Hard,3,Karen Khachanov,Felix Auger Aliassime,total_games,under,19.5,0.2978,3.36,3.55,0.268,3.0,0.0572,0,100,1899922
2026-09-30 03:00,atp,ATP 500,China Open,Hard,3,Karen Khachanov,Felix Auger Aliassime,total_games,over,20.5,0.6178,1.62,1.45,0.6548,-3.7,-0.1042,0,100,1899922
2026-09-30 03:00,atp,ATP 500,China Open,Hard,3,Karen Khachanov,Felix Auger Aliassime,total_games,under,20.5,0.3822,2.62,2.75,0.3452,3.7,0.051,0,100,1899922
2026-09-30 03:00,atp,ATP 500,China Open,Hard,3,Karen Khachanov,Felix Auger Aliassime,total_games,over,21.5,0.5628,1.78,1.58,0.602,-3.9,-0.1107,0,100,1899922
2026-09-30 03:00,atp,ATP 500,China Open,Hard,3,Karen Khachanov,Felix Auger Aliassime,total_games,under,21.5,0.4372,2.29,2.39,0.398,3.9,0.0448,0,100,1899922
2026-09-30 03:00,atp,ATP 500,China Open,Hard,3,Karen Khachanov,Felix Auger Aliassime,total_games,over,22.5,0.4744,2.11,1.83,0.5209,-4.7,-0.1319,0,100,1899922
2026-09-30 03:00,atp,ATP 500,China Open,Hard,3,Karen Khachanov,Felix Auger Aliassime,total_games,under,22.5,0.5256,1.9,1.99,0.4791,4.7,0.046,0,100,1899922
2026-09-30 03:00,atp,ATP 500,China Open,Hard,3,Karen Khachanov,Felix Auger Aliassime,total_games,over,23.5,0.4061,2.46,2.08,0.4583,-5.2,-0.1553,0,100,1899922
2026-09-30 03:00,atp,ATP 500,China Open,Hard,3,Karen Khachanov,Felix Auger Aliassime,total_games,under,23.5,0.5939,1.68,1.76,0.5417,5.2,0.0452,0,100,1899922
2026-09-30 03:00,atp,ATP 500,China Open,Hard,3,Karen Khachanov,Felix Auger Aliassime,total_games,over,24.5,0.3981,2.51,2.13,0.4468,-4.9,-0.1521,0,100,1899922
2026-09-30 03:00,atp,ATP 500,China Open,Hard,3,Karen Khachanov,Felix Auger Aliassime,total_games,under,24.5,0.6019,1.66,1.72,0.5532,4.9,0.0353,0,100,1899922
2026-09-30 03:00,atp,ATP 500,China Open,Hard,3,Karen Khachanov,Felix Auger Aliassime,total_games,over,25.5,0.3679,2.72,2.31,0.4122,-4.4,-0.1501,0,100,1899922
2026-09-30 03:00,atp,ATP 500,China Open,Hard,3,Karen Khachanov,Felix Auger Aliassime,total_games,under,25.5,0.6321,1.58,1.62,0.5878,4.4,0.024,0,100,1899922
2026-09-30 03:00,atp,ATP 500,China Open,Hard,3,Karen Khachanov,Felix Auger Aliassime,p1_games,over,11.5,0.4777,2.09,1.54,0.6081,-13.0,-0.2643,0,100,1899922
2026-09-30 03:00,atp,ATP 500,China Open,Hard,3,Karen Khachanov,Felix Auger Aliassime,p1_games,under,11.5,0.5223,1.91,2.39,0.3919,13.0,0.2482,0,100,1899922
2026-09-30 03:00,atp,ATP 500,China Open,Hard,3,Karen Khachanov,Felix Auger Aliassime,p1_games,over,12.5,0.3788,2.64,1.99,0.4693,-9.1,-0.2462,0,100,1899922
2026-09-30 03:00,atp,ATP 500,China Open,Hard,3,Karen Khachanov,Felix Auger Aliassime,p1_games,under,12.5,0.6212,1.61,1.76,0.5307,9.1,0.0933,0,100,1899922
2026-09-30 03:00,atp,ATP 500,China Open,Hard,3,Karen Khachanov,Felix Auger Aliassime,p1_games,over,13.5,0.2755,3.63,2.8,0.3333,-5.8,-0.2285,0,100,1899922
2026-09-30 03:00,atp,ATP 500,China Open,Hard,3,Karen Khachanov,Felix Auger Aliassime,p1_games,under,13.5,0.7245,1.38,1.4,0.6667,5.8,0.0142,0,100,1899922
2026-09-30 03:00,atp,ATP 500,China Open,Hard,3,Karen Khachanov,Felix Auger Aliassime,p2_games,over,11.5,0.8627,1.16,1.26,0.7407,12.2,0.087,0,100,1899922
2026-09-30 03:00,atp,ATP 500,China Open,Hard,3,Karen Khachanov,Felix Auger Aliassime,p2_games,under,11.5,0.1373,7.28,3.6,0.2593,-12.2,-0.5058,0,100,1899922
2026-09-30 03:00,atp,ATP 500,China Open,Hard,3,Karen Khachanov,Felix Auger Aliassime,p2_games,over,12.5,0.5564,1.8,1.73,0.5399,1.7,-0.0374,0,100,1899922
2026-09-30 03:00,atp,ATP 500,China Open,Hard,3,Karen Khachanov,Felix Auger Aliassime,p2_games,under,12.5,0.4436,2.25,2.03,0.4601,-1.7,-0.0995,0,100,1899922
2026-09-30 03:00,atp,ATP 500,China Open,Hard,3,Karen Khachanov,Felix Auger Aliassime,p2_games,over,13.5,0.3465,2.89,2.55,0.3672,-2.1,-0.1163,0,100,1899922
2026-09-30 03:00,atp,ATP 500,China Open,Hard,3,Karen Khachanov,Felix Auger Aliassime,p2_games,under,13.5,0.6535,1.53,1.48,0.6328,2.1,-0.0329,0,100,1899922
2026-09-30 03:00,atp,ATP 500,China Open,Hard,3,Karen Khachanov,Felix Auger Aliassime,game_handicap,player_a,3.5,0.4905,2.04,,,,,0,100,1899922
2026-09-30 03:00,atp,ATP 500,China Open,Hard,3,Karen Khachanov,Felix Auger Aliassime,game_handicap,player_b,-3.5,0.5095,1.96,,,,,0,100,1899922
2026-09-30 05:00,atp,ATP 500,China Open,Hard,3,Jan-Lennard Struff,Thiago Agustin Tirante,winner,player_a,,0.3925,2.55,2.45,0.3921,0.0,-0.0383,0,100,1899924
2026-09-30 05:00,atp,ATP 500,China Open,Hard,3,Jan-Lennard Struff,Thiago Agustin Tirante,winner,player_b,,0.6075,1.65,1.58,0.6079,-0.0,-0.0402,0,100,1899924
2026-09-30 05:00,atp,ATP 500,China Open,Hard,3,Jan-Lennard Struff,Thiago Agustin Tirante,total_games,over,19.5,0.7438,1.34,1.33,0.7188,2.5,-0.0107,0,100,1899924
2026-09-30 05:00,atp,ATP 500,China Open,Hard,3,Jan-Lennard Struff,Thiago Agustin Tirante,total_games,under,19.5,0.2562,3.9,3.4,0.2812,-2.5,-0.129,0,100,1899924
2026-09-30 05:00,atp,ATP 500,China Open,Hard,3,Jan-Lennard Struff,Thiago Agustin Tirante,total_games,over,20.5,0.6625,1.51,1.48,0.6416,2.1,-0.0195,0,100,1899924
2026-09-30 05:00,atp,ATP 500,China Open,Hard,3,Jan-Lennard Struff,Thiago Agustin Tirante,total_games,under,20.5,0.3375,2.96,2.65,0.3584,-2.1,-0.1055,0,100,1899924
2026-09-30 05:00,atp,ATP 500,China Open,Hard,3,Jan-Lennard Struff,Thiago Agustin Tirante,total_games,over,21.5,0.6092,1.64,1.62,0.5888,2.0,-0.0131,0,100,1899924
2026-09-30 05:00,atp,ATP 500,China Open,Hard,3,Jan-Lennard Struff,Thiago Agustin Tirante,total_games,under,21.5,0.3908,2.56,2.32,0.4112,-2.0,-0.0934,0,100,1899924
2026-09-30 05:00,atp,ATP 500,China Open,Hard,3,Jan-Lennard Struff,Thiago Agustin Tirante,total_games,over,22.5,0.5199,1.92,1.87,0.5092,1.1,-0.0278,0,100,1899924
2026-09-30 05:00,atp,ATP 500,China Open,Hard,3,Jan-Lennard Struff,Thiago Agustin Tirante,total_games,under,22.5,0.4801,2.08,1.94,0.4908,-1.1,-0.0686,0,100,1899924
2026-09-30 05:00,atp,ATP 500,China Open,Hard,3,Jan-Lennard Struff,Thiago Agustin Tirante,total_games,over,23.5,0.4494,2.23,2.12,0.4494,0.0,-0.0472,0,100,1899924
2026-09-30 05:00,atp,ATP 500,China Open,Hard,3,Jan-Lennard Struff,Thiago Agustin Tirante,total_games,under,23.5,0.5506,1.82,1.73,0.5506,-0.0,-0.0475,0,100,1899924
2026-09-30 05:00,atp,ATP 500,China Open,Hard,3,Jan-Lennard Struff,Thiago Agustin Tirante,total_games,over,24.5,0.4409,2.27,2.18,0.4367,0.4,-0.0389,0,100,1899924
2026-09-30 05:00,atp,ATP 500,China Open,Hard,3,Jan-Lennard Struff,Thiago Agustin Tirante,total_games,under,24.5,0.5591,1.79,1.69,0.5633,-0.4,-0.0551,0,100,1899924
2026-09-30 05:00,atp,ATP 500,China Open,Hard,3,Jan-Lennard Struff,Thiago Agustin Tirante,total_games,over,25.5,0.4087,2.45,2.36,0.4025,0.6,-0.0354,0,100,1899924
2026-09-30 05:00,atp,ATP 500,China Open,Hard,3,Jan-Lennard Struff,Thiago Agustin Tirante,total_games,under,25.5,0.5913,1.69,1.59,0.5975,-0.6,-0.0599,0,100,1899924
2026-09-30 05:00,atp,ATP 500,China Open,Hard,3,Jan-Lennard Struff,Thiago Agustin Tirante,p1_games,over,11.5,0.6029,1.66,1.59,0.5881,1.5,-0.0413,0,100,1899924
2026-09-30 05:00,atp,ATP 500,China Open,Hard,3,Jan-Lennard Struff,Thiago Agustin Tirante,p1_games,under,11.5,0.3971,2.52,2.27,0.4119,-1.5,-0.0987,0,100,1899924
2026-09-30 05:00,atp,ATP 500,China Open,Hard,3,Jan-Lennard Struff,Thiago Agustin Tirante,p1_games,over,12.5,0.4639,2.16,2.07,0.4509,1.3,-0.0397,0,100,1899924
2026-09-30 05:00,atp,ATP 500,China Open,Hard,3,Jan-Lennard Struff,Thiago Agustin Tirante,p1_games,under,12.5,0.5361,1.87,1.7,0.5491,-1.3,-0.0886,0,100,1899924
2026-09-30 05:00,atp,ATP 500,China Open,Hard,3,Jan-Lennard Struff,Thiago Agustin Tirante,p1_games,over,13.5,0.3289,3.04,2.9,0.3224,0.7,-0.0461,0,100,1899924
2026-09-30 05:00,atp,ATP 500,China Open,Hard,3,Jan-Lennard Struff,Thiago Agustin Tirante,p1_games,under,13.5,0.6711,1.49,1.38,0.6776,-0.7,-0.0739,0,100,1899924
2026-09-30 05:00,atp,ATP 500,China Open,Hard,3,Jan-Lennard Struff,Thiago Agustin Tirante,p2_games,over,11.5,0.7774,1.29,1.25,0.75,2.7,-0.0282,0,100,1899924
2026-09-30 05:00,atp,ATP 500,China Open,Hard,3,Jan-Lennard Struff,Thiago Agustin Tirante,p2_games,under,11.5,0.2226,4.49,3.75,0.25,-2.7,-0.1653,0,100,1899924
2026-09-30 05:00,atp,ATP 500,China Open,Hard,3,Jan-Lennard Struff,Thiago Agustin Tirante,p2_games,over,12.5,0.5474,1.83,1.74,0.5372,1.0,-0.0475,0,100,1899924
2026-09-30 05:00,atp,ATP 500,China Open,Hard,3,Jan-Lennard Struff,Thiago Agustin Tirante,p2_games,under,12.5,0.4526,2.21,2.02,0.4628,-1.0,-0.0858,0,100,1899924
2026-09-30 05:00,atp,ATP 500,China Open,Hard,3,Jan-Lennard Struff,Thiago Agustin Tirante,p2_games,over,13.5,0.3638,2.75,2.55,0.3657,-0.2,-0.0724,0,100,1899924
2026-09-30 05:00,atp,ATP 500,China Open,Hard,3,Jan-Lennard Struff,Thiago Agustin Tirante,p2_games,under,13.5,0.6362,1.57,1.47,0.6343,0.2,-0.0647,0,100,1899924
2026-09-30 05:00,atp,ATP 500,China Open,Hard,3,Jan-Lennard Struff,Thiago Agustin Tirante,game_handicap,player_a,1.5,0.4504,2.22,,,,,0,100,1899924
2026-09-30 05:00,atp,ATP 500,China Open,Hard,3,Jan-Lennard Struff,Thiago Agustin Tirante,game_handicap,player_b,-1.5,0.5496,1.82,,,,,0,100,1899924
2026-09-30 06:30,atp,ATP 500,China Open,Hard,3,Juan Manuel Cerundolo,Bu Yunchaokete,winner,player_a,,0.5396,1.85,2.35,0.4095,13.0,0.2681,0,100,1899916
2026-09-30 06:30,atp,ATP 500,China Open,Hard,3,Juan Manuel Cerundolo,Bu Yunchaokete,winner,player_b,,0.4604,2.17,1.63,0.5905,-13.0,-0.2496,0,100,1899916
2026-09-30 06:30,atp,ATP 500,China Open,Hard,3,Juan Manuel Cerundolo,Bu Yunchaokete,total_games,over,19.5,0.6997,1.43,1.36,0.6984,0.1,-0.0484,0,100,1899916
2026-09-30 06:30,atp,ATP 500,China Open,Hard,3,Juan Manuel Cerundolo,Bu Yunchaokete,total_games,under,19.5,0.3003,3.33,3.15,0.3016,-0.1,-0.0541,0,100,1899916
2026-09-30 06:30,atp,ATP 500,China Open,Hard,3,Juan Manuel Cerundolo,Bu Yunchaokete,total_games,over,20.5,0.6218,1.61,1.53,0.625,-0.3,-0.0487,0,100,1899916
2026-09-30 06:30,atp,ATP 500,China Open,Hard,3,Juan Manuel Cerundolo,Bu Yunchaokete,total_games,under,20.5,0.3782,2.64,2.55,0.375,0.3,-0.0355,0,100,1899916
2026-09-30 06:30,atp,ATP 500,China Open,Hard,3,Juan Manuel Cerundolo,Bu Yunchaokete,total_games,over,21.5,0.5683,1.76,1.67,0.5707,-0.2,-0.0509,0,100,1899916
2026-09-30 06:30,atp,ATP 500,China Open,Hard,3,Juan Manuel Cerundolo,Bu Yunchaokete,total_games,under,21.5,0.4317,2.32,2.22,0.4293,0.2,-0.0416,0,100,1899916
2026-09-30 06:30,atp,ATP 500,China Open,Hard,3,Juan Manuel Cerundolo,Bu Yunchaokete,total_games,over,22.5,0.4916,2.03,1.92,0.4961,-0.4,-0.0561,0,100,1899916
2026-09-30 06:30,atp,ATP 500,China Open,Hard,3,Juan Manuel Cerundolo,Bu Yunchaokete,total_games,under,22.5,0.5084,1.97,1.89,0.5039,0.4,-0.0392,0,100,1899916
2026-09-30 06:30,atp,ATP 500,China Open,Hard,3,Juan Manuel Cerundolo,Bu Yunchaokete,total_games,over,23.5,0.4362,2.29,2.16,0.4404,-0.4,-0.0578,0,100,1899916
2026-09-30 06:30,atp,ATP 500,China Open,Hard,3,Juan Manuel Cerundolo,Bu Yunchaokete,total_games,under,23.5,0.5638,1.77,1.7,0.5596,0.4,-0.0415,0,100,1899916
2026-09-30 06:30,atp,ATP 500,China Open,Hard,3,Juan Manuel Cerundolo,Bu Yunchaokete,total_games,over,24.5,0.4234,2.36,2.23,0.4267,-0.3,-0.0558,0,100,1899916
2026-09-30 06:30,atp,ATP 500,China Open,Hard,3,Juan Manuel Cerundolo,Bu Yunchaokete,total_games,under,24.5,0.5766,1.73,1.66,0.5733,0.3,-0.0429,0,100,1899916
2026-09-30 06:30,atp,ATP 500,China Open,Hard,3,Juan Manuel Cerundolo,Bu Yunchaokete,total_games,over,25.5,0.3892,2.57,2.43,0.391,-0.2,-0.0542,0,100,1899916
2026-09-30 06:30,atp,ATP 500,China Open,Hard,3,Juan Manuel Cerundolo,Bu Yunchaokete,total_games,under,25.5,0.6108,1.64,1.56,0.609,0.2,-0.0472,0,100,1899916
2026-09-30 06:30,atp,ATP 500,China Open,Hard,3,Juan Manuel Cerundolo,Bu Yunchaokete,p1_games,over,11.5,0.7088,1.41,1.58,0.5917,11.7,0.1199,0,100,1899916
2026-09-30 06:30,atp,ATP 500,China Open,Hard,3,Juan Manuel Cerundolo,Bu Yunchaokete,p1_games,under,11.5,0.2912,3.43,2.29,0.4083,-11.7,-0.3331,0,100,1899916
2026-09-30 06:30,atp,ATP 500,China Open,Hard,3,Juan Manuel Cerundolo,Bu Yunchaokete,p1_games,over,12.5,0.4898,2.04,2.1,0.4444,4.5,0.0286,0,100,1899916
2026-09-30 06:30,atp,ATP 500,China Open,Hard,3,Juan Manuel Cerundolo,Bu Yunchaokete,p1_games,under,12.5,0.5102,1.96,1.68,0.5556,-4.5,-0.1429,0,100,1899916
2026-09-30 06:30,atp,ATP 500,China Open,Hard,3,Juan Manuel Cerundolo,Bu Yunchaokete,p1_games,over,13.5,0.3296,3.03,3.0,0.3119,1.8,-0.0113,0,100,1899916
2026-09-30 06:30,atp,ATP 500,China Open,Hard,3,Juan Manuel Cerundolo,Bu Yunchaokete,p1_games,under,13.5,0.6704,1.49,1.36,0.6881,-1.8,-0.0882,0,100,1899916
2026-09-30 06:30,atp,ATP 500,China Open,Hard,3,Juan Manuel Cerundolo,Bu Yunchaokete,p2_games,over,11.5,0.6432,1.55,1.28,0.7322,-8.9,-0.1768,0,100,1899916
2026-09-30 06:30,atp,ATP 500,China Open,Hard,3,Juan Manuel Cerundolo,Bu Yunchaokete,p2_games,under,11.5,0.3568,2.8,3.5,0.2678,8.9,0.249,0,100,1899916
2026-09-30 06:30,atp,ATP 500,China Open,Hard,3,Juan Manuel Cerundolo,Bu Yunchaokete,p2_games,over,12.5,0.4612,2.17,1.81,0.516,-5.5,-0.1651,0,100,1899916
2026-09-30 06:30,atp,ATP 500,China Open,Hard,3,Juan Manuel Cerundolo,Bu Yunchaokete,p2_games,under,12.5,0.5388,1.86,1.93,0.484,5.5,0.0398,0,100,1899916
2026-09-30 06:30,atp,ATP 500,China Open,Hard,3,Juan Manuel Cerundolo,Bu Yunchaokete,p2_games,over,13.5,0.3163,3.16,2.65,0.3521,-3.6,-0.1619,0,100,1899916
2026-09-30 06:30,atp,ATP 500,China Open,Hard,3,Juan Manuel Cerundolo,Bu Yunchaokete,p2_games,under,13.5,0.6837,1.46,1.44,0.6479,3.6,-0.0154,0,100,1899916
2026-09-30 06:30,atp,ATP 500,China Open,Hard,3,Juan Manuel Cerundolo,Bu Yunchaokete,game_handicap,player_a,-0.5,0.522,1.92,,,,,0,100,1899916
2026-09-30 06:30,atp,ATP 500,China Open,Hard,3,Juan Manuel Cerundolo,Bu Yunchaokete,game_handicap,player_b,0.5,0.478,2.09,,,,,0,100,1899916
2026-09-30 09:00,atp,ATP 500,China Open,Hard,3,Zhizhen Zhang,Arthur Gea,winner,player_a,,0.3003,3.33,3.75,0.256,4.4,0.126,0,100,1900550
2026-09-30 09:00,atp,ATP 500,China Open,Hard,3,Zhizhen Zhang,Arthur Gea,winner,player_b,,0.6997,1.43,1.29,0.744,-4.4,-0.0973,0,100,1900550
2026-09-30 09:00,atp,ATP 500,China Open,Hard,3,Zhizhen Zhang,Arthur Gea,total_games,over,20.5,0.5864,1.71,1.59,0.587,-0.1,-0.0676,0,100,1900550
2026-09-30 09:00,atp,ATP 500,China Open,Hard,3,Zhizhen Zhang,Arthur Gea,total_games,under,20.5,0.4136,2.42,2.26,0.413,0.1,-0.0652,0,100,1900550
2026-09-30 09:00,atp,ATP 500,China Open,Hard,3,Zhizhen Zhang,Arthur Gea,total_games,over,21.5,0.5323,1.88,1.76,0.5307,0.2,-0.0631,0,100,1900550
2026-09-30 09:00,atp,ATP 500,China Open,Hard,3,Zhizhen Zhang,Arthur Gea,total_games,under,21.5,0.4677,2.14,1.99,0.4693,-0.2,-0.0693,0,100,1900550
2026-09-30 09:00,atp,ATP 500,China Open,Hard,3,Zhizhen Zhang,Arthur Gea,total_games,over,22.5,0.4558,2.19,2.04,0.4589,-0.3,-0.0702,0,100,1900550
2026-09-30 09:00,atp,ATP 500,China Open,Hard,3,Zhizhen Zhang,Arthur Gea,total_games,under,22.5,0.5442,1.84,1.73,0.5411,0.3,-0.0585,0,100,1900550
2026-09-30 09:00,atp,ATP 500,China Open,Hard,3,Zhizhen Zhang,Arthur Gea,p1_games,over,9.5,0.5738,1.74,1.72,0.5426,3.1,-0.013,0,100,1900550
2026-09-30 09:00,atp,ATP 500,China Open,Hard,3,Zhizhen Zhang,Arthur Gea,p1_games,under,9.5,0.4262,2.35,2.04,0.4574,-3.1,-0.1306,0,100,1900550
2026-09-30 09:00,atp,ATP 500,China Open,Hard,3,Zhizhen Zhang,Arthur Gea,p1_games,over,10.5,0.5259,1.9,1.9,0.492,3.4,-0.0009,0,100,1900550
2026-09-30 09:00,atp,ATP 500,China Open,Hard,3,Zhizhen Zhang,Arthur Gea,p1_games,under,10.5,0.4741,2.11,1.84,0.508,-3.4,-0.1276,0,100,1900550
2026-09-30 09:00,atp,ATP 500,China Open,Hard,3,Zhizhen Zhang,Arthur Gea,p1_games,over,11.5,0.4909,2.04,2.06,0.4536,3.7,0.0112,0,100,1900550
2026-09-30 09:00,atp,ATP 500,China Open,Hard,3,Zhizhen Zhang,Arthur Gea,p1_games,under,11.5,0.5091,1.96,1.71,0.5464,-3.7,-0.1294,0,100,1900550
2026-09-30 09:00,atp,ATP 500,China Open,Hard,3,Zhizhen Zhang,Arthur Gea,p2_games,over,11.5,0.8314,1.2,1.12,0.8382,-0.7,-0.0688,0,100,1900550
2026-09-30 09:00,atp,ATP 500,China Open,Hard,3,Zhizhen Zhang,Arthur Gea,p2_games,under,11.5,0.1686,5.93,5.8,0.1618,0.7,-0.0221,0,100,1900550
2026-09-30 09:00,atp,ATP 500,China Open,Hard,3,Zhizhen Zhang,Arthur Gea,p2_games,over,12.5,0.5183,1.93,1.72,0.5438,-2.5,-0.1084,0,100,1900550
2026-09-30 09:00,atp,ATP 500,China Open,Hard,3,Zhizhen Zhang,Arthur Gea,p2_games,under,12.5,0.4817,2.08,2.05,0.4562,2.5,-0.0126,0,100,1900550
2026-09-30 09:00,atp,ATP 500,China Open,Hard,3,Zhizhen Zhang,Arthur Gea,p2_games,over,13.5,0.3288,3.04,2.65,0.3521,-2.3,-0.1286,0,100,1900550
2026-09-30 09:00,atp,ATP 500,China Open,Hard,3,Zhizhen Zhang,Arthur Gea,p2_games,under,13.5,0.6712,1.49,1.44,0.6479,2.3,-0.0335,0,100,1900550
2026-09-30 09:00,atp,ATP 500,China Open,Hard,3,Zhizhen Zhang,Arthur Gea,game_handicap,player_a,3.5,0.4918,2.03,,,,,0,100,1900550
2026-09-30 09:00,atp,ATP 500,China Open,Hard,3,Zhizhen Zhang,Arthur Gea,game_handicap,player_b,-3.5,0.5082,1.97,,,,,0,100,1900550
2026-09-30 11:00,atp,ATP 500,China Open,Hard,3,Nuno Borges,Novak Djokovic,winner,player_a,,0.1352,7.4,2.95,0.3249,-19.0,-0.6012,0,100,1899920
2026-09-30 11:00,atp,ATP 500,China Open,Hard,3,Nuno Borges,Novak Djokovic,winner,player_b,,0.8648,1.16,1.42,0.6751,19.0,0.228,0,100,1899920
2026-09-30 11:00,atp,ATP 500,China Open,Hard,3,Nuno Borges,Novak Djokovic,total_games,over,21.5,0.4124,2.42,1.57,0.5954,-18.3,-0.3525,0,100,1899920
2026-09-30 11:00,atp,ATP 500,China Open,Hard,3,Nuno Borges,Novak Djokovic,total_games,under,21.5,0.5876,1.7,2.31,0.4046,18.3,0.3574,0,100,1899920
2026-09-30 11:00,atp,ATP 500,China Open,Hard,3,Nuno Borges,Novak Djokovic,total_games,over,22.5,0.3413,2.93,1.81,0.516,-17.5,-0.3823,0,100,1899920
2026-09-30 11:00,atp,ATP 500,China Open,Hard,3,Nuno Borges,Novak Djokovic,total_games,under,22.5,0.6587,1.52,1.93,0.484,17.5,0.2713,0,100,1899920
2026-09-30 11:00,atp,ATP 500,China Open,Hard,3,Nuno Borges,Novak Djokovic,total_games,over,23.5,0.293,3.41,2.08,0.4497,-15.7,-0.3906,0,100,1899920
2026-09-30 11:00,atp,ATP 500,China Open,Hard,3,Nuno Borges,Novak Djokovic,total_games,under,23.5,0.707,1.41,1.7,0.5503,15.7,0.2019,0,100,1899920
2026-09-30 11:00,atp,ATP 500,China Open,Hard,3,Nuno Borges,Novak Djokovic,p1_games,over,10.5,0.3271,3.06,1.66,0.5632,-23.6,-0.457,0,100,1899920
2026-09-30 11:00,atp,ATP 500,China Open,Hard,3,Nuno Borges,Novak Djokovic,p1_games,under,10.5,0.6729,1.49,2.14,0.4368,23.6,0.44,0,100,1899920
2026-09-30 11:00,atp,ATP 500,China Open,Hard,3,Nuno Borges,Novak Djokovic,p1_games,over,11.5,0.2931,3.41,1.77,0.528,-23.5,-0.4812,0,100,1899920
2026-09-30 11:00,atp,ATP 500,China Open,Hard,3,Nuno Borges,Novak Djokovic,p1_games,under,11.5,0.7069,1.41,1.98,0.472,23.5,0.3997,0,100,1899920
2026-09-30 11:00,atp,ATP 500,China Open,Hard,3,Nuno Borges,Novak Djokovic,p1_games,over,12.5,0.2308,4.33,2.26,0.4145,-18.4,-0.4784,0,100,1899920
2026-09-30 11:00,atp,ATP 500,China Open,Hard,3,Nuno Borges,Novak Djokovic,p1_games,under,12.5,0.7692,1.3,1.6,0.5855,18.4,0.2307,0,100,1899920
2026-09-30 11:00,atp,ATP 500,China Open,Hard,3,Nuno Borges,Novak Djokovic,p2_games,over,11.5,0.9356,1.07,1.17,0.8007,13.5,0.0946,0,100,1899920
2026-09-30 11:00,atp,ATP 500,China Open,Hard,3,Nuno Borges,Novak Djokovic,p2_games,under,11.5,0.0644,15.52,4.7,0.1993,-13.5,-0.6972,0,100,1899920
2026-09-30 11:00,atp,ATP 500,China Open,Hard,3,Nuno Borges,Novak Djokovic,p2_games,over,12.5,0.47,2.13,1.67,0.5594,-8.9,-0.2152,0,100,1899920
2026-09-30 11:00,atp,ATP 500,China Open,Hard,3,Nuno Borges,Novak Djokovic,p2_games,under,12.5,0.53,1.89,2.12,0.4406,8.9,0.1237,0,100,1899920
2026-09-30 11:00,atp,ATP 500,China Open,Hard,3,Nuno Borges,Novak Djokovic,p2_games,over,13.5,0.2612,3.83,2.5,0.3734,-11.2,-0.3471,0,100,1899920
2026-09-30 11:00,atp,ATP 500,China Open,Hard,3,Nuno Borges,Novak Djokovic,p2_games,under,13.5,0.7388,1.35,1.49,0.6266,11.2,0.1009,0,100,1899920
2026-09-30 11:00,atp,ATP 500,China Open,Hard,3,Nuno Borges,Novak Djokovic,game_handicap,player_a,4.5,0.4341,2.3,,,,,0,100,1899920
2026-09-30 11:00,atp,ATP 500,China Open,Hard,3,Nuno Borges,Novak Djokovic,game_handicap,player_b,-4.5,0.5659,1.77,,,,,0,100,1899920
2026-09-30 02:00,atp,ATP 500,Japan Open (Tokyo),Hard,3,Jiri Lehecka,Zizou Bergs,winner,player_a,,0.6732,1.49,1.39,0.6938,-2.1,-0.0643,0,100,1899911
2026-09-30 02:00,atp,ATP 500,Japan Open (Tokyo),Hard,3,Jiri Lehecka,Zizou Bergs,winner,player_b,,0.3268,3.06,3.15,0.3062,2.1,0.0296,0,100,1899911
2026-09-30 02:00,atp,ATP 500,Japan Open (Tokyo),Hard,3,Jiri Lehecka,Zizou Bergs,total_games,over,19.5,0.6961,1.44,1.42,0.6713,2.5,-0.0115,0,100,1899911
2026-09-30 02:00,atp,ATP 500,Japan Open (Tokyo),Hard,3,Jiri Lehecka,Zizou Bergs,total_games,under,19.5,0.3039,3.29,2.9,0.3287,-2.5,-0.1188,0,100,1899911
2026-09-30 02:00,atp,ATP 500,Japan Open (Tokyo),Hard,3,Jiri Lehecka,Zizou Bergs,total_games,over,20.5,0.6149,1.63,1.61,0.5924,2.3,-0.01,0,100,1899911
2026-09-30 02:00,atp,ATP 500,Japan Open (Tokyo),Hard,3,Jiri Lehecka,Zizou Bergs,total_games,under,20.5,0.3851,2.6,2.34,0.4076,-2.3,-0.099,0,100,1899911
2026-09-30 02:00,atp,ATP 500,Japan Open (Tokyo),Hard,3,Jiri Lehecka,Zizou Bergs,total_games,over,21.5,0.5608,1.78,1.77,0.5391,2.2,-0.0075,0,100,1899911
2026-09-30 02:00,atp,ATP 500,Japan Open (Tokyo),Hard,3,Jiri Lehecka,Zizou Bergs,total_games,under,21.5,0.4392,2.28,2.07,0.4609,-2.2,-0.0908,0,100,1899911
2026-09-30 02:00,atp,ATP 500,Japan Open (Tokyo),Hard,3,Jiri Lehecka,Zizou Bergs,total_games,over,22.5,0.4791,2.09,2.04,0.466,1.3,-0.0226,0,100,1899911
2026-09-30 02:00,atp,ATP 500,Japan Open (Tokyo),Hard,3,Jiri Lehecka,Zizou Bergs,total_games,under,22.5,0.5209,1.92,1.78,0.534,-1.3,-0.0728,0,100,1899911
2026-09-30 02:00,atp,ATP 500,Japan Open (Tokyo),Hard,3,Jiri Lehecka,Zizou Bergs,total_games,over,23.5,0.4184,2.39,2.3,0.4133,0.5,-0.0376,0,100,1899911
2026-09-30 02:00,atp,ATP 500,Japan Open (Tokyo),Hard,3,Jiri Lehecka,Zizou Bergs,total_games,under,23.5,0.5816,1.72,1.62,0.5867,-0.5,-0.0578,0,100,1899911
2026-09-30 02:00,atp,ATP 500,Japan Open (Tokyo),Hard,3,Jiri Lehecka,Zizou Bergs,total_games,over,24.5,0.4082,2.45,2.38,0.4005,0.8,-0.0285,0,100,1899911
2026-09-30 02:00,atp,ATP 500,Japan Open (Tokyo),Hard,3,Jiri Lehecka,Zizou Bergs,total_games,under,24.5,0.5918,1.69,1.59,0.5995,-0.8,-0.059,0,100,1899911
2026-09-30 02:00,atp,ATP 500,Japan Open (Tokyo),Hard,3,Jiri Lehecka,Zizou Bergs,total_games,over,25.5,0.3765,2.66,2.6,0.3659,1.1,-0.0212,0,100,1899911
2026-09-30 02:00,atp,ATP 500,Japan Open (Tokyo),Hard,3,Jiri Lehecka,Zizou Bergs,total_games,under,25.5,0.6235,1.6,1.5,0.6341,-1.1,-0.0647,0,100,1899911
2026-09-30 02:00,atp,ATP 500,Japan Open (Tokyo),Hard,3,Jiri Lehecka,Zizou Bergs,p1_games,over,11.5,0.8171,1.22,1.17,0.8007,1.6,-0.044,0,100,1899911
2026-09-30 02:00,atp,ATP 500,Japan Open (Tokyo),Hard,3,Jiri Lehecka,Zizou Bergs,p1_games,under,11.5,0.1829,5.47,4.7,0.1993,-1.6,-0.1405,0,100,1899911
2026-09-30 02:00,atp,ATP 500,Japan Open (Tokyo),Hard,3,Jiri Lehecka,Zizou Bergs,p1_games,over,12.5,0.5329,1.88,1.77,0.5293,0.4,-0.0567,0,100,1899911
2026-09-30 02:00,atp,ATP 500,Japan Open (Tokyo),Hard,3,Jiri Lehecka,Zizou Bergs,p1_games,under,12.5,0.4671,2.14,1.99,0.4707,-0.4,-0.0705,0,100,1899911
2026-09-30 02:00,atp,ATP 500,Japan Open (Tokyo),Hard,3,Jiri Lehecka,Zizou Bergs,p1_games,over,13.5,0.3427,2.92,2.7,0.3462,-0.4,-0.0747,0,100,1899911
2026-09-30 02:00,atp,ATP 500,Japan Open (Tokyo),Hard,3,Jiri Lehecka,Zizou Bergs,p1_games,under,13.5,0.6573,1.52,1.43,0.6538,0.4,-0.0601,0,100,1899911
2026-09-30 02:00,atp,ATP 500,Japan Open (Tokyo),Hard,3,Jiri Lehecka,Zizou Bergs,p2_games,over,10.5,0.5601,1.79,1.75,0.5333,2.7,-0.0198,0,100,1899911
2026-09-30 02:00,atp,ATP 500,Japan Open (Tokyo),Hard,3,Jiri Lehecka,Zizou Bergs,p2_games,under,10.5,0.4399,2.27,2.0,0.4667,-2.7,-0.1202,0,100,1899911
2026-09-30 02:00,atp,ATP 500,Japan Open (Tokyo),Hard,3,Jiri Lehecka,Zizou Bergs,p2_games,over,11.5,0.5266,1.9,1.88,0.496,3.1,-0.0101,0,100,1899911
2026-09-30 02:00,atp,ATP 500,Japan Open (Tokyo),Hard,3,Jiri Lehecka,Zizou Bergs,p2_games,under,11.5,0.4734,2.11,1.85,0.504,-3.1,-0.1241,0,100,1899911
2026-09-30 02:00,atp,ATP 500,Japan Open (Tokyo),Hard,3,Jiri Lehecka,Zizou Bergs,p2_games,over,12.5,0.4041,2.47,2.46,0.3804,2.4,-0.0058,0,100,1899911
2026-09-30 02:00,atp,ATP 500,Japan Open (Tokyo),Hard,3,Jiri Lehecka,Zizou Bergs,p2_games,under,12.5,0.5959,1.68,1.51,0.6196,-2.4,-0.1003,0,100,1899911
2026-09-30 02:00,atp,ATP 500,Japan Open (Tokyo),Hard,3,Jiri Lehecka,Zizou Bergs,game_handicap,player_a,-2.5,0.5625,1.78,,,,,0,100,1899911
2026-09-30 02:00,atp,ATP 500,Japan Open (Tokyo),Hard,3,Jiri Lehecka,Zizou Bergs,game_handicap,player_b,2.5,0.4375,2.29,,,,,0,100,1899911
2026-09-30 02:00,atp,ATP 500,Japan Open (Tokyo),Hard,3,Valentin Vacherot,Alexander Blockx,winner,player_a,,0.4922,2.03,2.23,0.4311,6.1,0.0976,0,100,1899915
2026-09-30 02:00,atp,ATP 500,Japan Open (Tokyo),Hard,3,Valentin Vacherot,Alexander Blockx,winner,player_b,,0.5078,1.97,1.69,0.5689,-6.1,-0.1418,0,100,1899915
2026-09-30 02:00,atp,ATP 500,Japan Open (Tokyo),Hard,3,Valentin Vacherot,Alexander Blockx,total_games,over,19.5,0.7458,1.34,1.3,0.7347,1.1,-0.0305,0,100,1899915
2026-09-30 02:00,atp,ATP 500,Japan Open (Tokyo),Hard,3,Valentin Vacherot,Alexander Blockx,total_games,under,19.5,0.2542,3.93,3.6,0.2653,-1.1,-0.0849,0,100,1899915
2026-09-30 02:00,atp,ATP 500,Japan Open (Tokyo),Hard,3,Valentin Vacherot,Alexander Blockx,total_games,over,20.5,0.6653,1.5,1.45,0.6588,0.7,-0.0353,0,100,1899915
2026-09-30 02:00,atp,ATP 500,Japan Open (Tokyo),Hard,3,Valentin Vacherot,Alexander Blockx,total_games,under,20.5,0.3347,2.99,2.8,0.3412,-0.7,-0.0629,0,100,1899915
2026-09-30 02:00,atp,ATP 500,Japan Open (Tokyo),Hard,3,Valentin Vacherot,Alexander Blockx,total_games,over,21.5,0.6123,1.63,1.57,0.6065,0.6,-0.0387,0,100,1899915
2026-09-30 02:00,atp,ATP 500,Japan Open (Tokyo),Hard,3,Valentin Vacherot,Alexander Blockx,total_games,under,21.5,0.3877,2.58,2.42,0.3935,-0.6,-0.0617,0,100,1899915
2026-09-30 02:00,atp,ATP 500,Japan Open (Tokyo),Hard,3,Valentin Vacherot,Alexander Blockx,total_games,over,22.5,0.5248,1.91,1.82,0.5236,0.1,-0.0449,0,100,1899915
2026-09-30 02:00,atp,ATP 500,Japan Open (Tokyo),Hard,3,Valentin Vacherot,Alexander Blockx,total_games,under,22.5,0.4752,2.1,2.0,0.4764,-0.1,-0.0496,0,100,1899915
2026-09-30 02:00,atp,ATP 500,Japan Open (Tokyo),Hard,3,Valentin Vacherot,Alexander Blockx,total_games,over,23.5,0.4564,2.19,2.07,0.4595,-0.3,-0.0553,0,100,1899915
2026-09-30 02:00,atp,ATP 500,Japan Open (Tokyo),Hard,3,Valentin Vacherot,Alexander Blockx,total_games,under,23.5,0.5436,1.84,1.76,0.5405,0.3,-0.0432,0,100,1899915
2026-09-30 02:00,atp,ATP 500,Japan Open (Tokyo),Hard,3,Valentin Vacherot,Alexander Blockx,total_games,over,24.5,0.4472,2.24,2.12,0.4494,-0.2,-0.052,0,100,1899915
2026-09-30 02:00,atp,ATP 500,Japan Open (Tokyo),Hard,3,Valentin Vacherot,Alexander Blockx,total_games,under,24.5,0.5528,1.81,1.73,0.5506,0.2,-0.0436,0,100,1899915
2026-09-30 02:00,atp,ATP 500,Japan Open (Tokyo),Hard,3,Valentin Vacherot,Alexander Blockx,total_games,over,25.5,0.4144,2.41,2.3,0.4148,-0.0,-0.0468,0,100,1899915
2026-09-30 02:00,atp,ATP 500,Japan Open (Tokyo),Hard,3,Valentin Vacherot,Alexander Blockx,total_games,under,25.5,0.5856,1.71,1.63,0.5852,0.0,-0.0455,0,100,1899915
2026-09-30 02:00,atp,ATP 500,Japan Open (Tokyo),Hard,3,Valentin Vacherot,Alexander Blockx,p1_games,over,11.5,0.6859,1.46,1.47,0.6343,5.2,0.0083,0,100,1899915
2026-09-30 02:00,atp,ATP 500,Japan Open (Tokyo),Hard,3,Valentin Vacherot,Alexander Blockx,p1_games,under,11.5,0.3141,3.18,2.55,0.3657,-5.2,-0.1992,0,100,1899915
2026-09-30 02:00,atp,ATP 500,Japan Open (Tokyo),Hard,3,Valentin Vacherot,Alexander Blockx,p1_games,over,12.5,0.5061,1.98,1.89,0.4947,1.1,-0.0435,0,100,1899915
2026-09-30 02:00,atp,ATP 500,Japan Open (Tokyo),Hard,3,Valentin Vacherot,Alexander Blockx,p1_games,under,12.5,0.4939,2.02,1.85,0.5053,-1.1,-0.0863,0,100,1899915
2026-09-30 02:00,atp,ATP 500,Japan Open (Tokyo),Hard,3,Valentin Vacherot,Alexander Blockx,p1_games,over,13.5,0.3488,2.87,2.65,0.3537,-0.5,-0.0756,0,100,1899915
2026-09-30 02:00,atp,ATP 500,Japan Open (Tokyo),Hard,3,Valentin Vacherot,Alexander Blockx,p1_games,under,13.5,0.6512,1.54,1.45,0.6463,0.5,-0.0558,0,100,1899915
2026-09-30 02:00,atp,ATP 500,Japan Open (Tokyo),Hard,3,Valentin Vacherot,Alexander Blockx,p2_games,over,11.5,0.6985,1.43,1.28,0.7294,-3.1,-0.1059,0,100,1899915
2026-09-30 02:00,atp,ATP 500,Japan Open (Tokyo),Hard,3,Valentin Vacherot,Alexander Blockx,p2_games,under,11.5,0.3015,3.32,3.45,0.2706,3.1,0.04,0,100,1899915
2026-09-30 02:00,atp,ATP 500,Japan Open (Tokyo),Hard,3,Valentin Vacherot,Alexander Blockx,p2_games,over,12.5,0.5121,1.95,1.71,0.5464,-3.4,-0.1244,0,100,1899915
2026-09-30 02:00,atp,ATP 500,Japan Open (Tokyo),Hard,3,Valentin Vacherot,Alexander Blockx,p2_games,under,12.5,0.4879,2.05,2.06,0.4536,3.4,0.0052,0,100,1899915
2026-09-30 02:00,atp,ATP 500,Japan Open (Tokyo),Hard,3,Valentin Vacherot,Alexander Blockx,p2_games,over,13.5,0.3514,2.85,2.47,0.3778,-2.6,-0.132,0,100,1899915
2026-09-30 02:00,atp,ATP 500,Japan Open (Tokyo),Hard,3,Valentin Vacherot,Alexander Blockx,p2_games,under,13.5,0.6486,1.54,1.5,0.6222,2.6,-0.0271,0,100,1899915
2026-09-30 02:00,atp,ATP 500,Japan Open (Tokyo),Hard,3,Valentin Vacherot,Alexander Blockx,game_handicap,player_a,-0.5,0.4733,2.11,,,,,0,100,1899915
2026-09-30 02:00,atp,ATP 500,Japan Open (Tokyo),Hard,3,Valentin Vacherot,Alexander Blockx,game_handicap,player_b,0.5,0.5267,1.9,,,,,0,100,1899915
2026-09-30 03:30,atp,ATP 500,Japan Open (Tokyo),Hard,3,Alejandro Tabilo,Tommy Paul,winner,player_a,,0.2664,3.75,3.2,0.3013,-3.5,-0.1477,0,100,1899907
2026-09-30 03:30,atp,ATP 500,Japan Open (Tokyo),Hard,3,Alejandro Tabilo,Tommy Paul,winner,player_b,,0.7336,1.36,1.38,0.6987,3.5,0.0124,0,100,1899907
2026-09-30 03:30,atp,ATP 500,Japan Open (Tokyo),Hard,3,Alejandro Tabilo,Tommy Paul,total_games,over,19.5,0.6523,1.53,1.35,0.7065,-5.4,-0.1194,0,100,1899907
2026-09-30 03:30,atp,ATP 500,Japan Open (Tokyo),Hard,3,Alejandro Tabilo,Tommy Paul,total_games,under,19.5,0.3477,2.88,3.25,0.2935,5.4,0.1301,0,100,1899907
2026-09-30 03:30,atp,ATP 500,Japan Open (Tokyo),Hard,3,Alejandro Tabilo,Tommy Paul,total_games,over,20.5,0.5716,1.75,1.53,0.625,-5.3,-0.1255,0,100,1899907
2026-09-30 03:30,atp,ATP 500,Japan Open (Tokyo),Hard,3,Alejandro Tabilo,Tommy Paul,total_games,under,20.5,0.4284,2.33,2.55,0.375,5.3,0.0925,0,100,1899907
2026-09-30 03:30,atp,ATP 500,Japan Open (Tokyo),Hard,3,Alejandro Tabilo,Tommy Paul,total_games,over,21.5,0.5173,1.93,1.67,0.5707,-5.3,-0.1362,0,100,1899907
2026-09-30 03:30,atp,ATP 500,Japan Open (Tokyo),Hard,3,Alejandro Tabilo,Tommy Paul,total_games,under,21.5,0.4827,2.07,2.22,0.4293,5.3,0.0717,0,100,1899907
2026-09-30 03:30,atp,ATP 500,Japan Open (Tokyo),Hard,3,Alejandro Tabilo,Tommy Paul,total_games,over,22.5,0.4409,2.27,1.95,0.4882,-4.7,-0.1402,0,100,1899907
2026-09-30 03:30,atp,ATP 500,Japan Open (Tokyo),Hard,3,Alejandro Tabilo,Tommy Paul,total_games,under,22.5,0.5591,1.79,1.86,0.5118,4.7,0.0399,0,100,1899907
2026-09-30 03:30,atp,ATP 500,Japan Open (Tokyo),Hard,3,Alejandro Tabilo,Tommy Paul,total_games,over,23.5,0.3865,2.59,2.22,0.4293,-4.3,-0.1421,0,100,1899907
2026-09-30 03:30,atp,ATP 500,Japan Open (Tokyo),Hard,3,Alejandro Tabilo,Tommy Paul,total_games,under,23.5,0.6135,1.63,1.67,0.5707,4.3,0.0246,0,100,1899907
2026-09-30 03:30,atp,ATP 500,Japan Open (Tokyo),Hard,3,Alejandro Tabilo,Tommy Paul,total_games,over,24.5,0.3754,2.66,2.28,0.4184,-4.3,-0.144,0,100,1899907
2026-09-30 03:30,atp,ATP 500,Japan Open (Tokyo),Hard,3,Alejandro Tabilo,Tommy Paul,total_games,under,24.5,0.6246,1.6,1.64,0.5816,4.3,0.0243,0,100,1899907
2026-09-30 03:30,atp,ATP 500,Japan Open (Tokyo),Hard,3,Alejandro Tabilo,Tommy Paul,total_games,over,25.5,0.3446,2.9,2.48,0.3846,-4.0,-0.1453,0,100,1899907
2026-09-30 03:30,atp,ATP 500,Japan Open (Tokyo),Hard,3,Alejandro Tabilo,Tommy Paul,total_games,under,25.5,0.6554,1.53,1.55,0.6154,4.0,0.0158,0,100,1899907
2026-09-30 03:30,atp,ATP 500,Japan Open (Tokyo),Hard,3,Alejandro Tabilo,Tommy Paul,p1_games,over,10.5,0.4911,2.04,1.71,0.5464,-5.5,-0.1602,0,100,1899907
2026-09-30 03:30,atp,ATP 500,Japan Open (Tokyo),Hard,3,Alejandro Tabilo,Tommy Paul,p1_games,under,10.5,0.5089,1.97,2.06,0.4536,5.5,0.0483,0,100,1899907
2026-09-30 03:30,atp,ATP 500,Japan Open (Tokyo),Hard,3,Alejandro Tabilo,Tommy Paul,p1_games,over,11.5,0.4556,2.19,1.83,0.5107,-5.5,-0.1662,0,100,1899907
2026-09-30 03:30,atp,ATP 500,Japan Open (Tokyo),Hard,3,Alejandro Tabilo,Tommy Paul,p1_games,under,11.5,0.5444,1.84,1.91,0.4893,5.5,0.0397,0,100,1899907
2026-09-30 03:30,atp,ATP 500,Japan Open (Tokyo),Hard,3,Alejandro Tabilo,Tommy Paul,p1_games,over,12.5,0.3508,2.85,2.33,0.401,-5.0,-0.1825,0,100,1899907
2026-09-30 03:30,atp,ATP 500,Japan Open (Tokyo),Hard,3,Alejandro Tabilo,Tommy Paul,p1_games,under,12.5,0.6492,1.54,1.56,0.599,5.0,0.0127,0,100,1899907
2026-09-30 03:30,atp,ATP 500,Japan Open (Tokyo),Hard,3,Alejandro Tabilo,Tommy Paul,p2_games,over,11.5,0.8544,1.17,1.15,0.8099,4.4,-0.0175,0,100,1899907
2026-09-30 03:30,atp,ATP 500,Japan Open (Tokyo),Hard,3,Alejandro Tabilo,Tommy Paul,p2_games,under,11.5,0.1456,6.87,4.9,0.1901,-4.4,-0.2865,0,100,1899907
2026-09-30 03:30,atp,ATP 500,Japan Open (Tokyo),Hard,3,Alejandro Tabilo,Tommy Paul,p2_games,over,12.5,0.5174,1.93,1.68,0.5556,-3.8,-0.1307,0,100,1899907
2026-09-30 03:30,atp,ATP 500,Japan Open (Tokyo),Hard,3,Alejandro Tabilo,Tommy Paul,p2_games,under,12.5,0.4826,2.07,2.1,0.4444,3.8,0.0134,0,100,1899907
2026-09-30 03:30,atp,ATP 500,Japan Open (Tokyo),Hard,3,Alejandro Tabilo,Tommy Paul,p2_games,over,13.5,0.3224,3.1,2.55,0.3657,-4.3,-0.1779,0,100,1899907
2026-09-30 03:30,atp,ATP 500,Japan Open (Tokyo),Hard,3,Alejandro Tabilo,Tommy Paul,p2_games,under,13.5,0.6776,1.48,1.47,0.6343,4.3,-0.0039,0,100,1899907
2026-09-30 03:30,atp,ATP 500,Japan Open (Tokyo),Hard,3,Alejandro Tabilo,Tommy Paul,game_handicap,player_a,3.5,0.4571,2.19,,,,,0,100,1899907
2026-09-30 03:30,atp,ATP 500,Japan Open (Tokyo),Hard,3,Alejandro Tabilo,Tommy Paul,game_handicap,player_b,-3.5,0.5429,1.84,,,,,0,100,1899907
2026-09-30 03:30,atp,ATP 500,Japan Open (Tokyo),Hard,3,Tomas Etcheverry,Stefanos Tsitsipas,winner,player_a,,0.3565,2.81,3.35,0.2872,6.9,0.1943,0,94,1900548
2026-09-30 03:30,atp,ATP 500,Japan Open (Tokyo),Hard,3,Tomas Etcheverry,Stefanos Tsitsipas,winner,player_b,,0.6435,1.55,1.35,0.7128,-6.9,-0.1313,0,94,1900548
2026-09-30 03:30,atp,ATP 500,Japan Open (Tokyo),Hard,3,Tomas Etcheverry,Stefanos Tsitsipas,total_games,over,19.5,0.7463,1.34,1.31,0.7277,1.9,-0.0224,0,94,1900548
2026-09-30 03:30,atp,ATP 500,Japan Open (Tokyo),Hard,3,Tomas Etcheverry,Stefanos Tsitsipas,total_games,under,19.5,0.2537,3.94,3.5,0.2723,-1.9,-0.1119,0,94,1900548
2026-09-30 03:30,atp,ATP 500,Japan Open (Tokyo),Hard,3,Tomas Etcheverry,Stefanos Tsitsipas,total_games,over,20.5,0.6641,1.51,1.47,0.6475,1.7,-0.0238,0,94,1900548
2026-09-30 03:30,atp,ATP 500,Japan Open (Tokyo),Hard,3,Tomas Etcheverry,Stefanos Tsitsipas,total_games,under,20.5,0.3359,2.98,2.7,0.3525,-1.7,-0.0931,0,94,1900548
2026-09-30 03:30,atp,ATP 500,Japan Open (Tokyo),Hard,3,Tomas Etcheverry,Stefanos Tsitsipas,total_games,over,21.5,0.6108,1.64,1.6,0.596,1.5,-0.0227,0,94,1900548
2026-09-30 03:30,atp,ATP 500,Japan Open (Tokyo),Hard,3,Tomas Etcheverry,Stefanos Tsitsipas,total_games,under,21.5,0.3892,2.57,2.36,0.404,-1.5,-0.0815,0,94,1900548
2026-09-30 03:30,atp,ATP 500,Japan Open (Tokyo),Hard,3,Tomas Etcheverry,Stefanos Tsitsipas,total_games,over,22.5,0.519,1.93,1.87,0.5092,1.0,-0.0295,0,94,1900548
2026-09-30 03:30,atp,ATP 500,Japan Open (Tokyo),Hard,3,Tomas Etcheverry,Stefanos Tsitsipas,total_games,under,22.5,0.481,2.08,1.94,0.4908,-1.0,-0.0668,0,94,1900548
2026-09-30 03:30,atp,ATP 500,Japan Open (Tokyo),Hard,3,Tomas Etcheverry,Stefanos Tsitsipas,total_games,over,23.5,0.4455,2.24,2.16,0.4404,0.5,-0.0378,0,94,1900548
2026-09-30 03:30,atp,ATP 500,Japan Open (Tokyo),Hard,3,Tomas Etcheverry,Stefanos Tsitsipas,total_games,under,23.5,0.5545,1.8,1.7,0.5596,-0.5,-0.0573,0,94,1900548
2026-09-30 03:30,atp,ATP 500,Japan Open (Tokyo),Hard,3,Tomas Etcheverry,Stefanos Tsitsipas,total_games,over,24.5,0.4376,2.29,2.21,0.4304,0.7,-0.0328,0,94,1900548
2026-09-30 03:30,atp,ATP 500,Japan Open (Tokyo),Hard,3,Tomas Etcheverry,Stefanos Tsitsipas,total_games,under,24.5,0.5624,1.78,1.67,0.5696,-0.7,-0.0608,0,94,1900548
2026-09-30 03:30,atp,ATP 500,Japan Open (Tokyo),Hard,3,Tomas Etcheverry,Stefanos Tsitsipas,total_games,over,25.5,0.4059,2.46,2.39,0.398,0.8,-0.0298,0,94,1900548
2026-09-30 03:30,atp,ATP 500,Japan Open (Tokyo),Hard,3,Tomas Etcheverry,Stefanos Tsitsipas,total_games,under,25.5,0.5941,1.68,1.58,0.602,-0.8,-0.0614,0,94,1900548
2026-09-30 03:30,atp,ATP 500,Japan Open (Tokyo),Hard,3,Tomas Etcheverry,Stefanos Tsitsipas,p1_games,over,10.5,0.604,1.66,1.71,0.5464,5.8,0.0328,0,94,1900548
2026-09-30 03:30,atp,ATP 500,Japan Open (Tokyo),Hard,3,Tomas Etcheverry,Stefanos Tsitsipas,p1_games,under,10.5,0.396,2.53,2.06,0.4536,-5.8,-0.1842,0,94,1900548
2026-09-30 03:30,atp,ATP 500,Japan Open (Tokyo),Hard,3,Tomas Etcheverry,Stefanos Tsitsipas,p1_games,over,11.5,0.5732,1.74,1.83,0.5107,6.2,0.0489,0,94,1900548
2026-09-30 03:30,atp,ATP 500,Japan Open (Tokyo),Hard,3,Tomas Etcheverry,Stefanos Tsitsipas,p1_games,under,11.5,0.4268,2.34,1.91,0.4893,-6.2,-0.1847,0,94,1900548
2026-09-30 03:30,atp,ATP 500,Japan Open (Tokyo),Hard,3,Tomas Etcheverry,Stefanos Tsitsipas,p1_games,over,12.5,0.4488,2.23,2.27,0.4119,3.7,0.0188,0,94,1900548
2026-09-30 03:30,atp,ATP 500,Japan Open (Tokyo),Hard,3,Tomas Etcheverry,Stefanos Tsitsipas,p1_games,under,12.5,0.5512,1.81,1.59,0.5881,-3.7,-0.1236,0,94,1900548
2026-09-30 03:30,atp,ATP 500,Japan Open (Tokyo),Hard,3,Tomas Etcheverry,Stefanos Tsitsipas,p2_games,over,11.5,0.8064,1.24,1.13,0.827,-2.1,-0.0888,0,94,1900548
2026-09-30 03:30,atp,ATP 500,Japan Open (Tokyo),Hard,3,Tomas Etcheverry,Stefanos Tsitsipas,p2_games,under,11.5,0.1936,5.16,5.4,0.173,2.1,0.0456,0,94,1900548
2026-09-30 03:30,atp,ATP 500,Japan Open (Tokyo),Hard,3,Tomas Etcheverry,Stefanos Tsitsipas,p2_games,over,12.5,0.5623,1.78,1.61,0.5818,-1.9,-0.0947,0,94,1900548
2026-09-30 03:30,atp,ATP 500,Japan Open (Tokyo),Hard,3,Tomas Etcheverry,Stefanos Tsitsipas,p2_games,under,12.5,0.4377,2.28,2.24,0.4182,1.9,-0.0196,0,94,1900548
2026-09-30 03:30,atp,ATP 500,Japan Open (Tokyo),Hard,3,Tomas Etcheverry,Stefanos Tsitsipas,p2_games,over,13.5,0.3684,2.71,2.45,0.3813,-1.3,-0.0975,0,94,1900548
2026-09-30 03:30,atp,ATP 500,Japan Open (Tokyo),Hard,3,Tomas Etcheverry,Stefanos Tsitsipas,p2_games,under,13.5,0.6316,1.58,1.51,0.6187,1.3,-0.0462,0,94,1900548
2026-09-30 03:30,atp,ATP 500,Japan Open (Tokyo),Hard,3,Tomas Etcheverry,Stefanos Tsitsipas,game_handicap,player_a,2.5,0.4826,2.07,,,,,0,94,1900548
2026-09-30 03:30,atp,ATP 500,Japan Open (Tokyo),Hard,3,Tomas Etcheverry,Stefanos Tsitsipas,game_handicap,player_b,-2.5,0.5174,1.93,,,,,0,94,1900548
2026-09-30 07:00,atp,ATP 500,Japan Open (Tokyo),Hard,3,Arthur Fils,Luca Van Assche,winner,player_a,,0.8229,1.22,1.15,0.8392,-1.6,-0.0537,0,100,1900549
2026-09-30 07:00,atp,ATP 500,Japan Open (Tokyo),Hard,3,Arthur Fils,Luca Van Assche,winner,player_b,,0.1771,5.65,6.0,0.1608,1.6,0.0626,0,100,1900549
2026-09-30 07:00,atp,ATP 500,Japan Open (Tokyo),Hard,3,Arthur Fils,Luca Van Assche,total_games,over,17.5,0.7343,1.36,1.28,0.743,-0.9,-0.0602,0,100,1900549
2026-09-30 07:00,atp,ATP 500,Japan Open (Tokyo),Hard,3,Arthur Fils,Luca Van Assche,total_games,under,17.5,0.2657,3.76,3.7,0.257,0.9,-0.0167,0,100,1900549
2026-09-30 07:00,atp,ATP 500,Japan Open (Tokyo),Hard,3,Arthur Fils,Luca Van Assche,total_games,over,18.5,0.6385,1.57,1.45,0.6548,-1.6,-0.0742,0,100,1900549
2026-09-30 07:00,atp,ATP 500,Japan Open (Tokyo),Hard,3,Arthur Fils,Luca Van Assche,total_games,under,18.5,0.3615,2.77,2.75,0.3452,1.6,-0.0059,0,100,1900549
2026-09-30 07:00,atp,ATP 500,Japan Open (Tokyo),Hard,3,Arthur Fils,Luca Van Assche,total_games,over,19.5,0.5513,1.81,1.69,0.5633,-1.2,-0.0683,0,100,1900549
2026-09-30 07:00,atp,ATP 500,Japan Open (Tokyo),Hard,3,Arthur Fils,Luca Van Assche,total_games,under,19.5,0.4487,2.23,2.18,0.4367,1.2,-0.0219,0,100,1900549
2026-09-30 07:00,atp,ATP 500,Japan Open (Tokyo),Hard,3,Arthur Fils,Luca Van Assche,total_games,over,20.5,0.4749,2.11,1.94,0.4908,-1.6,-0.0787,0,100,1900549
2026-09-30 07:00,atp,ATP 500,Japan Open (Tokyo),Hard,3,Arthur Fils,Luca Van Assche,total_games,under,20.5,0.5251,1.9,1.87,0.5092,1.6,-0.0181,0,100,1900549
2026-09-30 07:00,atp,ATP 500,Japan Open (Tokyo),Hard,3,Arthur Fils,Luca Van Assche,total_games,over,21.5,0.4229,2.36,2.19,0.4341,-1.1,-0.0739,0,100,1900549
2026-09-30 07:00,atp,ATP 500,Japan Open (Tokyo),Hard,3,Arthur Fils,Luca Van Assche,total_games,under,21.5,0.5771,1.73,1.68,0.5659,1.1,-0.0305,0,100,1900549
2026-09-30 07:00,atp,ATP 500,Japan Open (Tokyo),Hard,3,Arthur Fils,Luca Van Assche,total_games,over,22.5,0.3592,2.78,2.6,0.3674,-0.8,-0.0661,0,100,1900549
2026-09-30 07:00,atp,ATP 500,Japan Open (Tokyo),Hard,3,Arthur Fils,Luca Van Assche,total_games,under,22.5,0.6408,1.56,1.51,0.6326,0.8,-0.0324,0,100,1900549
2026-09-30 07:00,atp,ATP 500,Japan Open (Tokyo),Hard,3,Arthur Fils,Luca Van Assche,total_games,over,23.5,0.3172,3.15,2.95,0.3234,-0.6,-0.0642,0,100,1900549
2026-09-30 07:00,atp,ATP 500,Japan Open (Tokyo),Hard,3,Arthur Fils,Luca Van Assche,total_games,under,23.5,0.6828,1.46,1.41,0.6766,0.6,-0.0373,0,100,1900549
2026-09-30 07:00,atp,ATP 500,Japan Open (Tokyo),Hard,3,Arthur Fils,Luca Van Assche,p1_games,over,11.5,0.9062,1.1,1.05,0.8912,1.5,-0.0485,0,100,1900549
2026-09-30 07:00,atp,ATP 500,Japan Open (Tokyo),Hard,3,Arthur Fils,Luca Van Assche,p1_games,under,11.5,0.0938,10.66,8.6,0.1088,-1.5,-0.1936,0,100,1900549
2026-09-30 07:00,atp,ATP 500,Japan Open (Tokyo),Hard,3,Arthur Fils,Luca Van Assche,p1_games,over,12.5,0.4631,2.16,1.91,0.4893,-2.6,-0.1154,0,100,1900549
2026-09-30 07:00,atp,ATP 500,Japan Open (Tokyo),Hard,3,Arthur Fils,Luca Van Assche,p1_games,under,12.5,0.5369,1.86,1.83,0.5107,2.6,-0.0176,0,100,1900549
2026-09-30 07:00,atp,ATP 500,Japan Open (Tokyo),Hard,3,Arthur Fils,Luca Van Assche,p1_games,over,13.5,0.2723,3.67,3.2,0.292,-2.0,-0.1286,0,100,1900549
2026-09-30 07:00,atp,ATP 500,Japan Open (Tokyo),Hard,3,Arthur Fils,Luca Van Assche,p1_games,under,13.5,0.7277,1.37,1.32,0.708,2.0,-0.0394,0,100,1900549
2026-09-30 07:00,atp,ATP 500,Japan Open (Tokyo),Hard,3,Arthur Fils,Luca Van Assche,p2_games,over,7.5,0.5542,1.8,1.73,0.5399,1.4,-0.0413,0,100,1900549
2026-09-30 07:00,atp,ATP 500,Japan Open (Tokyo),Hard,3,Arthur Fils,Luca Van Assche,p2_games,under,7.5,0.4458,2.24,2.03,0.4601,-1.4,-0.0949,0,100,1900549
2026-09-30 07:00,atp,ATP 500,Japan Open (Tokyo),Hard,3,Arthur Fils,Luca Van Assche,p2_games,over,8.5,0.4739,2.11,2.03,0.4601,1.4,-0.0381,0,100,1900549
2026-09-30 07:00,atp,ATP 500,Japan Open (Tokyo),Hard,3,Arthur Fils,Luca Van Assche,p2_games,under,8.5,0.5261,1.9,1.73,0.5399,-1.4,-0.0898,0,100,1900549
2026-09-30 07:00,atp,ATP 500,Japan Open (Tokyo),Hard,3,Arthur Fils,Luca Van Assche,p2_games,over,9.5,0.4156,2.41,2.33,0.401,1.5,-0.0317,0,100,1900549
2026-09-30 07:00,atp,ATP 500,Japan Open (Tokyo),Hard,3,Arthur Fils,Luca Van Assche,p2_games,under,9.5,0.5844,1.71,1.56,0.599,-1.5,-0.0883,0,100,1900549
2026-09-30 07:00,atp,ATP 500,Japan Open (Tokyo),Hard,3,Arthur Fils,Luca Van Assche,game_handicap,player_a,-4.5,0.5509,1.82,,,,,0,100,1900549
2026-09-30 07:00,atp,ATP 500,Japan Open (Tokyo),Hard,3,Arthur Fils,Luca Van Assche,game_handicap,player_b,4.5,0.4491,2.23,,,,,0,100,1900549
2026-09-30 08:30,atp,ATP 500,Japan Open (Tokyo),Hard,3,Matteo Arnaldi,Rei Sakamoto,winner,player_a,,0.6681,1.5,2.09,0.4599,20.8,0.3963,0,100,1899905
2026-09-30 08:30,atp,ATP 500,Japan Open (Tokyo),Hard,3,Matteo Arnaldi,Rei Sakamoto,winner,player_b,,0.3319,3.01,1.78,0.5401,-20.8,-0.4092,0,100,1899905
2026-09-30 08:30,atp,ATP 500,Japan Open (Tokyo),Hard,3,Matteo Arnaldi,Rei Sakamoto,total_games,over,19.5,0.683,1.46,1.31,0.7277,-4.5,-0.1053,0,100,1899905
2026-09-30 08:30,atp,ATP 500,Japan Open (Tokyo),Hard,3,Matteo Arnaldi,Rei Sakamoto,total_games,under,19.5,0.317,3.15,3.5,0.2723,4.5,0.1095,0,100,1899905
2026-09-30 08:30,atp,ATP 500,Japan Open (Tokyo),Hard,3,Matteo Arnaldi,Rei Sakamoto,total_games,over,20.5,0.6031,1.66,1.47,0.6475,-4.4,-0.1134,0,100,1899905
2026-09-30 08:30,atp,ATP 500,Japan Open (Tokyo),Hard,3,Matteo Arnaldi,Rei Sakamoto,total_games,under,20.5,0.3969,2.52,2.7,0.3525,4.4,0.0716,0,100,1899905
2026-09-30 08:30,atp,ATP 500,Japan Open (Tokyo),Hard,3,Matteo Arnaldi,Rei Sakamoto,total_games,over,21.5,0.5491,1.82,1.59,0.5985,-4.9,-0.1269,0,100,1899905
2026-09-30 08:30,atp,ATP 500,Japan Open (Tokyo),Hard,3,Matteo Arnaldi,Rei Sakamoto,total_games,under,21.5,0.4509,2.22,2.37,0.4015,4.9,0.0686,0,100,1899905
2026-09-30 08:30,atp,ATP 500,Japan Open (Tokyo),Hard,3,Matteo Arnaldi,Rei Sakamoto,total_games,over,22.5,0.4711,2.12,1.84,0.5171,-4.6,-0.1332,0,100,1899905
2026-09-30 08:30,atp,ATP 500,Japan Open (Tokyo),Hard,3,Matteo Arnaldi,Rei Sakamoto,total_games,under,22.5,0.5289,1.89,1.97,0.4829,4.6,0.042,0,100,1899905
2026-09-30 08:30,atp,ATP 500,Japan Open (Tokyo),Hard,3,Matteo Arnaldi,Rei Sakamoto,total_games,over,23.5,0.4144,2.41,2.08,0.4569,-4.3,-0.1381,0,100,1899905
2026-09-30 08:30,atp,ATP 500,Japan Open (Tokyo),Hard,3,Matteo Arnaldi,Rei Sakamoto,total_games,under,23.5,0.5856,1.71,1.75,0.5431,4.3,0.0248,0,100,1899905
2026-09-30 08:30,atp,ATP 500,Japan Open (Tokyo),Hard,3,Matteo Arnaldi,Rei Sakamoto,total_games,over,24.5,0.403,2.48,2.14,0.4442,-4.1,-0.1376,0,100,1899905
2026-09-30 08:30,atp,ATP 500,Japan Open (Tokyo),Hard,3,Matteo Arnaldi,Rei Sakamoto,total_games,under,24.5,0.597,1.68,1.71,0.5558,4.1,0.0209,0,100,1899905
2026-09-30 08:30,atp,ATP 500,Japan Open (Tokyo),Hard,3,Matteo Arnaldi,Rei Sakamoto,total_games,over,25.5,0.3707,2.7,2.32,0.4097,-3.9,-0.1399,0,100,1899905
2026-09-30 08:30,atp,ATP 500,Japan Open (Tokyo),Hard,3,Matteo Arnaldi,Rei Sakamoto,total_games,under,25.5,0.6293,1.59,1.61,0.5903,3.9,0.0132,0,100,1899905
2026-09-30 08:30,atp,ATP 500,Japan Open (Tokyo),Hard,3,Matteo Arnaldi,Rei Sakamoto,p1_games,over,11.5,0.8098,1.23,1.47,0.6343,17.5,0.1904,0,100,1899905
2026-09-30 08:30,atp,ATP 500,Japan Open (Tokyo),Hard,3,Matteo Arnaldi,Rei Sakamoto,p1_games,under,11.5,0.1902,5.26,2.55,0.3657,-17.5,-0.515,0,100,1899905
2026-09-30 08:30,atp,ATP 500,Japan Open (Tokyo),Hard,3,Matteo Arnaldi,Rei Sakamoto,p1_games,over,12.5,0.5211,1.92,1.99,0.4693,5.2,0.0369,0,100,1899905
2026-09-30 08:30,atp,ATP 500,Japan Open (Tokyo),Hard,3,Matteo Arnaldi,Rei Sakamoto,p1_games,under,12.5,0.4789,2.09,1.76,0.5307,-5.2,-0.1571,0,100,1899905
2026-09-30 08:30,atp,ATP 500,Japan Open (Tokyo),Hard,3,Matteo Arnaldi,Rei Sakamoto,p1_games,over,13.5,0.3356,2.98,2.85,0.3294,0.6,-0.0434,0,100,1899905
2026-09-30 08:30,atp,ATP 500,Japan Open (Tokyo),Hard,3,Matteo Arnaldi,Rei Sakamoto,p1_games,under,13.5,0.6644,1.51,1.4,0.6706,-0.6,-0.0699,0,100,1899905
2026-09-30 08:30,atp,ATP 500,Japan Open (Tokyo),Hard,3,Matteo Arnaldi,Rei Sakamoto,p2_games,over,11.5,0.5258,1.9,1.34,0.6948,-16.9,-0.2955,0,100,1899905
2026-09-30 08:30,atp,ATP 500,Japan Open (Tokyo),Hard,3,Matteo Arnaldi,Rei Sakamoto,p2_games,under,11.5,0.4742,2.11,3.05,0.3052,16.9,0.4464,0,100,1899905
2026-09-30 08:30,atp,ATP 500,Japan Open (Tokyo),Hard,3,Matteo Arnaldi,Rei Sakamoto,p2_games,over,12.5,0.3985,2.51,1.87,0.5,-10.2,-0.2549,0,100,1899905
2026-09-30 08:30,atp,ATP 500,Japan Open (Tokyo),Hard,3,Matteo Arnaldi,Rei Sakamoto,p2_games,under,12.5,0.6015,1.66,1.87,0.5,10.2,0.1249,0,100,1899905
2026-09-30 08:30,atp,ATP 500,Japan Open (Tokyo),Hard,3,Matteo Arnaldi,Rei Sakamoto,p2_games,over,13.5,0.2808,3.56,2.75,0.3405,-6.0,-0.2278,0,100,1899905
2026-09-30 08:30,atp,ATP 500,Japan Open (Tokyo),Hard,3,Matteo Arnaldi,Rei Sakamoto,p2_games,under,13.5,0.7192,1.39,1.42,0.6595,6.0,0.0213,0,100,1899905
2026-09-30 08:30,atp,ATP 500,Japan Open (Tokyo),Hard,3,Matteo Arnaldi,Rei Sakamoto,game_handicap,player_a,-2.5,0.5615,1.78,,,,,0,100,1899905
2026-09-30 08:30,atp,ATP 500,Japan Open (Tokyo),Hard,3,Matteo Arnaldi,Rei Sakamoto,game_handicap,player_b,2.5,0.4385,2.28,,,,,0,100,1899905
2026-09-30 03:00,wta,WTA 1000,China Open,Hard,3,Caty McNally,Dayana Yastremska,winner,player_a,,0.5928,1.69,1.47,0.6517,-5.9,-0.1285,0,100,1899999
2026-09-30 03:00,wta,WTA 1000,China Open,Hard,3,Caty McNally,Dayana Yastremska,winner,player_b,,0.4072,2.46,2.75,0.3483,5.9,0.1197,0,100,1899999
2026-09-30 03:00,wta,WTA 1000,China Open,Hard,3,Caty McNally,Dayana Yastremska,total_games,over,18.5,0.6325,1.58,1.4,0.6818,-4.9,-0.1145,0,100,1899999
2026-09-30 03:00,wta,WTA 1000,China Open,Hard,3,Caty McNally,Dayana Yastremska,total_games,under,18.5,0.3675,2.72,3.0,0.3182,4.9,0.1024,0,100,1899999
2026-09-30 03:00,wta,WTA 1000,China Open,Hard,3,Caty McNally,Dayana Yastremska,total_games,over,19.5,0.557,1.8,1.58,0.602,-4.5,-0.1199,0,100,1899999
2026-09-30 03:00,wta,WTA 1000,China Open,Hard,3,Caty McNally,Dayana Yastremska,total_games,under,19.5,0.443,2.26,2.39,0.398,4.5,0.0587,0,100,1899999
2026-09-30 03:00,wta,WTA 1000,China Open,Hard,3,Caty McNally,Dayana Yastremska,total_games,over,20.5,0.493,2.03,1.8,0.53,-3.7,-0.1127,0,100,1899999
2026-09-30 03:00,wta,WTA 1000,China Open,Hard,3,Caty McNally,Dayana Yastremska,total_games,under,20.5,0.507,1.97,2.03,0.47,3.7,0.0293,0,100,1899999
2026-09-30 03:00,wta,WTA 1000,China Open,Hard,3,Caty McNally,Dayana Yastremska,total_games,over,21.5,0.4458,2.24,1.99,0.4791,-3.3,-0.1128,0,100,1899999
2026-09-30 03:00,wta,WTA 1000,China Open,Hard,3,Caty McNally,Dayana Yastremska,total_games,under,21.5,0.5542,1.8,1.83,0.5209,3.3,0.0141,0,100,1899999
2026-09-30 03:00,wta,WTA 1000,China Open,Hard,3,Caty McNally,Dayana Yastremska,total_games,over,22.5,0.3921,2.55,2.28,0.4184,-2.6,-0.1059,0,100,1899999
2026-09-30 03:00,wta,WTA 1000,China Open,Hard,3,Caty McNally,Dayana Yastremska,total_games,under,22.5,0.6079,1.65,1.64,0.5816,2.6,-0.0031,0,100,1899999
2026-09-30 03:00,wta,WTA 1000,China Open,Hard,3,Caty McNally,Dayana Yastremska,total_games,over,23.5,0.3575,2.8,2.5,0.3797,-2.2,-0.1062,0,100,1899999
2026-09-30 03:00,wta,WTA 1000,China Open,Hard,3,Caty McNally,Dayana Yastremska,total_games,under,23.5,0.6425,1.56,1.53,0.6203,2.2,-0.017,0,100,1899999
2026-09-30 03:00,wta,WTA 1000,China Open,Hard,3,Caty McNally,Dayana Yastremska,total_games,over,24.5,0.3358,2.98,2.65,0.3584,-2.3,-0.1102,0,100,1899999
2026-09-30 03:00,wta,WTA 1000,China Open,Hard,3,Caty McNally,Dayana Yastremska,total_games,under,24.5,0.6642,1.51,1.48,0.6416,2.3,-0.017,0,100,1899999
2026-09-30 03:00,wta,WTA 1000,China Open,Hard,3,Caty McNally,Dayana Yastremska,p1_games,over,11.5,0.7104,1.41,1.24,0.7515,-4.1,-0.1191,0,100,1899999
2026-09-30 03:00,wta,WTA 1000,China Open,Hard,3,Caty McNally,Dayana Yastremska,p1_games,under,11.5,0.2896,3.45,3.75,0.2485,4.1,0.0861,0,100,1899999
2026-09-30 03:00,wta,WTA 1000,China Open,Hard,3,Caty McNally,Dayana Yastremska,p1_games,over,12.5,0.4008,2.49,2.07,0.4524,-5.2,-0.1703,0,100,1899999
2026-09-30 03:00,wta,WTA 1000,China Open,Hard,3,Caty McNally,Dayana Yastremska,p1_games,under,12.5,0.5992,1.67,1.71,0.5476,5.2,0.0246,0,100,1899999
2026-09-30 03:00,wta,WTA 1000,China Open,Hard,3,Caty McNally,Dayana Yastremska,p1_games,over,13.5,0.2592,3.86,3.2,0.292,-3.3,-0.1705,0,100,1899999
2026-09-30 03:00,wta,WTA 1000,China Open,Hard,3,Caty McNally,Dayana Yastremska,p1_games,under,13.5,0.7408,1.35,1.32,0.708,3.3,-0.0222,0,100,1899999
2026-09-30 03:00,wta,WTA 1000,China Open,Hard,3,Caty McNally,Dayana Yastremska,p2_games,over,10.5,0.5757,1.74,1.78,0.5253,5.0,0.0247,0,100,1899999
2026-09-30 03:00,wta,WTA 1000,China Open,Hard,3,Caty McNally,Dayana Yastremska,p2_games,under,10.5,0.4243,2.36,1.97,0.4747,-5.0,-0.1641,0,100,1899999
2026-09-30 03:00,wta,WTA 1000,China Open,Hard,3,Caty McNally,Dayana Yastremska,p2_games,over,11.5,0.5446,1.84,1.91,0.4893,5.5,0.0403,0,100,1899999
2026-09-30 03:00,wta,WTA 1000,China Open,Hard,3,Caty McNally,Dayana Yastremska,p2_games,under,11.5,0.4554,2.2,1.83,0.5107,-5.5,-0.1667,0,100,1899999
2026-09-30 03:00,wta,WTA 1000,China Open,Hard,3,Caty McNally,Dayana Yastremska,p2_games,over,12.5,0.3462,2.89,2.7,0.3462,-0.0,-0.0652,0,100,1899999
2026-09-30 03:00,wta,WTA 1000,China Open,Hard,3,Caty McNally,Dayana Yastremska,p2_games,under,12.5,0.6538,1.53,1.43,0.6538,0.0,-0.0651,0,100,1899999
2026-09-30 03:00,wta,WTA 1000,China Open,Hard,3,Caty McNally,Dayana Yastremska,game_handicap,player_a,-2.5,0.517,1.93,,,,,0,100,1899999
2026-09-30 03:00,wta,WTA 1000,China Open,Hard,3,Caty McNally,Dayana Yastremska,game_handicap,player_b,2.5,0.483,2.07,,,,,0,100,1899999
2026-09-30 03:00,wta,WTA 1000,China Open,Hard,3,Darja Vidmanova,Maria Timofeeva,winner,player_a,,0.4131,2.42,2.31,0.4167,-0.4,-0.0457,0,94,1899998
2026-09-30 03:00,wta,WTA 1000,China Open,Hard,3,Darja Vidmanova,Maria Timofeeva,winner,player_b,,0.5869,1.7,1.65,0.5833,0.4,-0.0316,0,94,1899998
2026-09-30 03:00,wta,WTA 1000,China Open,Hard,3,Darja Vidmanova,Maria Timofeeva,total_games,over,18.5,0.631,1.58,1.36,0.6984,-6.7,-0.1418,1,94,1899998
2026-09-30 03:00,wta,WTA 1000,China Open,Hard,3,Darja Vidmanova,Maria Timofeeva,total_games,under,18.5,0.369,2.71,3.15,0.3016,6.7,0.1623,1,94,1899998
2026-09-30 03:00,wta,WTA 1000,China Open,Hard,3,Darja Vidmanova,Maria Timofeeva,total_games,over,19.5,0.5558,1.8,1.54,0.6179,-6.2,-0.144,1,94,1899998
2026-09-30 03:00,wta,WTA 1000,China Open,Hard,3,Darja Vidmanova,Maria Timofeeva,total_games,under,19.5,0.4442,2.25,2.49,0.3821,6.2,0.106,1,94,1899998
2026-09-30 03:00,wta,WTA 1000,China Open,Hard,3,Darja Vidmanova,Maria Timofeeva,total_games,over,20.5,0.4922,2.03,1.74,0.5469,-5.5,-0.1436,1,94,1899998
2026-09-30 03:00,wta,WTA 1000,China Open,Hard,3,Darja Vidmanova,Maria Timofeeva,total_games,under,20.5,0.5078,1.97,2.1,0.4531,5.5,0.0665,1,94,1899998
2026-09-30 03:00,wta,WTA 1000,China Open,Hard,3,Darja Vidmanova,Maria Timofeeva,total_games,over,21.5,0.4452,2.25,1.92,0.4961,-5.1,-0.1452,1,94,1899998
2026-09-30 03:00,wta,WTA 1000,China Open,Hard,3,Darja Vidmanova,Maria Timofeeva,total_games,under,21.5,0.5548,1.8,1.89,0.5039,5.1,0.0485,1,94,1899998
2026-09-30 03:00,wta,WTA 1000,China Open,Hard,3,Darja Vidmanova,Maria Timofeeva,total_games,over,22.5,0.3919,2.55,2.2,0.433,-4.1,-0.1379,1,94,1899998
2026-09-30 03:00,wta,WTA 1000,China Open,Hard,3,Darja Vidmanova,Maria Timofeeva,total_games,under,22.5,0.6081,1.64,1.68,0.567,4.1,0.0217,1,94,1899998
2026-09-30 03:00,wta,WTA 1000,China Open,Hard,3,Darja Vidmanova,Maria Timofeeva,total_games,over,23.5,0.3575,2.8,2.43,0.3925,-3.5,-0.1313,1,94,1899998
2026-09-30 03:00,wta,WTA 1000,China Open,Hard,3,Darja Vidmanova,Maria Timofeeva,total_games,under,23.5,0.6425,1.56,1.57,0.6075,3.5,0.0088,1,94,1899998
2026-09-30 03:00,wta,WTA 1000,China Open,Hard,3,Darja Vidmanova,Maria Timofeeva,total_games,over,24.5,0.3354,2.98,2.55,0.3719,-3.7,-0.1447,1,94,1899998
2026-09-30 03:00,wta,WTA 1000,China Open,Hard,3,Darja Vidmanova,Maria Timofeeva,total_games,under,24.5,0.6646,1.5,1.51,0.6281,3.7,0.0035,1,94,1899998
2026-09-30 03:00,wta,WTA 1000,China Open,Hard,3,Darja Vidmanova,Maria Timofeeva,p1_games,over,10.5,0.5804,1.72,1.6,0.5844,-0.4,-0.0713,1,94,1899998
2026-09-30 03:00,wta,WTA 1000,China Open,Hard,3,Darja Vidmanova,Maria Timofeeva,p1_games,under,10.5,0.4196,2.38,2.25,0.4156,0.4,-0.056,1,94,1899998
2026-09-30 03:00,wta,WTA 1000,China Open,Hard,3,Darja Vidmanova,Maria Timofeeva,p1_games,over,11.5,0.5496,1.82,1.69,0.5529,-0.3,-0.0712,1,94,1899998
2026-09-30 03:00,wta,WTA 1000,China Open,Hard,3,Darja Vidmanova,Maria Timofeeva,p1_games,under,11.5,0.4504,2.22,2.09,0.4471,0.3,-0.0587,1,94,1899998
2026-09-30 03:00,wta,WTA 1000,China Open,Hard,3,Darja Vidmanova,Maria Timofeeva,p1_games,over,12.5,0.3473,2.88,2.48,0.3769,-3.0,-0.1387,1,94,1899998
2026-09-30 03:00,wta,WTA 1000,China Open,Hard,3,Darja Vidmanova,Maria Timofeeva,p1_games,under,12.5,0.6527,1.53,1.5,0.6231,3.0,-0.0209,1,94,1899998
2026-09-30 03:00,wta,WTA 1000,China Open,Hard,3,Darja Vidmanova,Maria Timofeeva,p2_games,over,11.5,0.7047,1.42,1.34,0.6982,0.7,-0.0557,1,94,1899998
2026-09-30 03:00,wta,WTA 1000,China Open,Hard,3,Darja Vidmanova,Maria Timofeeva,p2_games,under,11.5,0.2953,3.39,3.1,0.3018,-0.7,-0.0846,1,94,1899998
2026-09-30 03:00,wta,WTA 1000,China Open,Hard,3,Darja Vidmanova,Maria Timofeeva,p2_games,over,12.5,0.3983,2.51,2.13,0.438,-4.0,-0.1516,1,94,1899998
2026-09-30 03:00,wta,WTA 1000,China Open,Hard,3,Darja Vidmanova,Maria Timofeeva,p2_games,under,12.5,0.6017,1.66,1.66,0.562,4.0,-0.0012,1,94,1899998
2026-09-30 03:00,wta,WTA 1000,China Open,Hard,3,Darja Vidmanova,Maria Timofeeva,p2_games,over,13.5,0.2579,3.88,3.25,0.2873,-2.9,-0.1617,1,94,1899998
2026-09-30 03:00,wta,WTA 1000,China Open,Hard,3,Darja Vidmanova,Maria Timofeeva,p2_games,under,13.5,0.7421,1.35,1.31,0.7127,2.9,-0.0279,1,94,1899998
2026-09-30 03:00,wta,WTA 1000,China Open,Hard,3,Darja Vidmanova,Maria Timofeeva,game_handicap,player_a,2.5,0.4887,2.05,,,,,1,94,1899998
2026-09-30 03:00,wta,WTA 1000,China Open,Hard,3,Darja Vidmanova,Maria Timofeeva,game_handicap,player_b,-2.5,0.5113,1.96,,,,,1,94,1899998
2026-09-30 03:00,wta,WTA 1000,China Open,Hard,3,Gabriela Ruse,Lilli Tagger,winner,player_a,,0.5237,1.91,2.03,0.4741,5.0,0.0632,0,91,1899990
2026-09-30 03:00,wta,WTA 1000,China Open,Hard,3,Gabriela Ruse,Lilli Tagger,winner,player_b,,0.4763,2.1,1.83,0.5259,-5.0,-0.1285,0,91,1899990
2026-09-30 03:00,wta,WTA 1000,China Open,Hard,3,Gabriela Ruse,Lilli Tagger,total_games,over,19.5,0.5727,1.75,1.43,0.6659,-9.3,-0.1811,0,91,1899990
2026-09-30 03:00,wta,WTA 1000,China Open,Hard,3,Gabriela Ruse,Lilli Tagger,total_games,under,19.5,0.4273,2.34,2.85,0.3341,9.3,0.2179,0,91,1899990
2026-09-30 03:00,wta,WTA 1000,China Open,Hard,3,Gabriela Ruse,Lilli Tagger,total_games,over,20.5,0.5071,1.97,1.61,0.5924,-8.5,-0.1835,0,91,1899990
2026-09-30 03:00,wta,WTA 1000,China Open,Hard,3,Gabriela Ruse,Lilli Tagger,total_games,under,20.5,0.4929,2.03,2.34,0.4076,8.5,0.1533,0,91,1899990
2026-09-30 03:00,wta,WTA 1000,China Open,Hard,3,Gabriela Ruse,Lilli Tagger,total_games,over,21.5,0.4592,2.18,1.77,0.5391,-8.0,-0.1872,0,91,1899990
2026-09-30 03:00,wta,WTA 1000,China Open,Hard,3,Gabriela Ruse,Lilli Tagger,total_games,under,21.5,0.5408,1.85,2.07,0.4609,8.0,0.1195,0,91,1899990
2026-09-30 03:00,wta,WTA 1000,China Open,Hard,3,Gabriela Ruse,Lilli Tagger,total_games,over,22.5,0.4038,2.48,2.03,0.4686,-6.5,-0.1803,0,91,1899990
2026-09-30 03:00,wta,WTA 1000,China Open,Hard,3,Gabriela Ruse,Lilli Tagger,total_games,under,22.5,0.5962,1.68,1.79,0.5314,6.5,0.0672,0,91,1899990
2026-09-30 03:00,wta,WTA 1000,China Open,Hard,3,Gabriela Ruse,Lilli Tagger,total_games,over,23.5,0.3678,2.72,2.27,0.4194,-5.2,-0.165,0,91,1899990
2026-09-30 03:00,wta,WTA 1000,China Open,Hard,3,Gabriela Ruse,Lilli Tagger,total_games,under,23.5,0.6322,1.58,1.64,0.5806,5.2,0.0368,0,91,1899990
2026-09-30 03:00,wta,WTA 1000,China Open,Hard,3,Gabriela Ruse,Lilli Tagger,total_games,over,24.5,0.3467,2.88,2.36,0.404,-5.7,-0.1817,0,91,1899990
2026-09-30 03:00,wta,WTA 1000,China Open,Hard,3,Gabriela Ruse,Lilli Tagger,total_games,under,24.5,0.6533,1.53,1.6,0.596,5.7,0.0452,0,91,1899990
2026-09-30 03:00,wta,WTA 1000,China Open,Hard,3,Gabriela Ruse,Lilli Tagger,total_games,over,25.5,0.3105,3.22,2.6,0.3659,-5.5,-0.1927,0,91,1899990
2026-09-30 03:00,wta,WTA 1000,China Open,Hard,3,Gabriela Ruse,Lilli Tagger,total_games,under,25.5,0.6895,1.45,1.5,0.6341,5.5,0.0342,0,91,1899990
2026-09-30 03:00,wta,WTA 1000,China Open,Hard,3,Gabriela Ruse,Lilli Tagger,p1_games,over,11.5,0.6537,1.53,1.52,0.6142,4.0,-0.0063,0,91,1899990
2026-09-30 03:00,wta,WTA 1000,China Open,Hard,3,Gabriela Ruse,Lilli Tagger,p1_games,under,11.5,0.3463,2.89,2.42,0.3858,-4.0,-0.1621,0,91,1899990
2026-09-30 03:00,wta,WTA 1000,China Open,Hard,3,Gabriela Ruse,Lilli Tagger,p1_games,over,12.5,0.3921,2.55,2.22,0.4204,-2.8,-0.1295,0,91,1899990
2026-09-30 03:00,wta,WTA 1000,China Open,Hard,3,Gabriela Ruse,Lilli Tagger,p1_games,under,12.5,0.6079,1.65,1.61,0.5796,2.8,-0.0213,0,91,1899990
2026-09-30 03:00,wta,WTA 1000,China Open,Hard,3,Gabriela Ruse,Lilli Tagger,p1_games,over,13.5,0.2575,3.88,3.3,0.2842,-2.7,-0.1503,0,91,1899990
2026-09-30 03:00,wta,WTA 1000,China Open,Hard,3,Gabriela Ruse,Lilli Tagger,p1_games,under,13.5,0.7425,1.35,1.31,0.7158,2.7,-0.0273,0,91,1899990
2026-09-30 03:00,wta,WTA 1000,China Open,Hard,3,Gabriela Ruse,Lilli Tagger,p2_games,over,11.5,0.6124,1.63,1.42,0.6595,-4.7,-0.1304,0,91,1899990
2026-09-30 03:00,wta,WTA 1000,China Open,Hard,3,Gabriela Ruse,Lilli Tagger,p2_games,under,11.5,0.3876,2.58,2.75,0.3405,4.7,0.0659,0,91,1899990
2026-09-30 03:00,wta,WTA 1000,China Open,Hard,3,Gabriela Ruse,Lilli Tagger,p2_games,over,12.5,0.3782,2.64,2.12,0.4406,-6.2,-0.1982,0,91,1899990
2026-09-30 03:00,wta,WTA 1000,China Open,Hard,3,Gabriela Ruse,Lilli Tagger,p2_games,under,12.5,0.6218,1.61,1.67,0.5594,6.2,0.0384,0,91,1899990
2026-09-30 03:00,wta,WTA 1000,China Open,Hard,3,Gabriela Ruse,Lilli Tagger,p2_games,over,13.5,0.2501,4.0,3.15,0.2969,-4.7,-0.2123,0,91,1899990
2026-09-30 03:00,wta,WTA 1000,China Open,Hard,3,Gabriela Ruse,Lilli Tagger,p2_games,under,13.5,0.7499,1.33,1.33,0.7031,4.7,-0.0026,0,91,1899990
2026-09-30 03:00,wta,WTA 1000,China Open,Hard,3,Gabriela Ruse,Lilli Tagger,game_handicap,player_a,-0.5,0.5103,1.96,,,,,0,91,1899990
2026-09-30 03:00,wta,WTA 1000,China Open,Hard,3,Gabriela Ruse,Lilli Tagger,game_handicap,player_b,0.5,0.4897,2.04,,,,,0,91,1899990
2026-09-30 03:00,wta,WTA 1000,China Open,Hard,3,Janice Tjen,Anhelina Kalinina,winner,player_a,,0.4858,2.06,1.85,0.5207,-3.5,-0.1014,0,100,1899992
2026-09-30 03:00,wta,WTA 1000,China Open,Hard,3,Janice Tjen,Anhelina Kalinina,winner,player_b,,0.5142,1.94,2.01,0.4793,3.5,0.0336,0,100,1899992
2026-09-30 03:00,wta,WTA 1000,China Open,Hard,3,Janice Tjen,Anhelina Kalinina,total_games,over,18.5,0.6603,1.51,1.34,0.7112,-5.1,-0.1151,0,100,1899992
2026-09-30 03:00,wta,WTA 1000,China Open,Hard,3,Janice Tjen,Anhelina Kalinina,total_games,under,18.5,0.3397,2.94,3.3,0.2888,5.1,0.1209,0,100,1899992
2026-09-30 03:00,wta,WTA 1000,China Open,Hard,3,Janice Tjen,Anhelina Kalinina,total_games,over,19.5,0.5827,1.72,1.51,0.6326,-5.0,-0.1201,0,100,1899992
2026-09-30 03:00,wta,WTA 1000,China Open,Hard,3,Janice Tjen,Anhelina Kalinina,total_games,under,19.5,0.4173,2.4,2.6,0.3674,5.0,0.0849,0,100,1899992
2026-09-30 03:00,wta,WTA 1000,China Open,Hard,3,Janice Tjen,Anhelina Kalinina,total_games,over,20.5,0.5155,1.94,1.7,0.5596,-4.4,-0.1236,0,100,1899992
2026-09-30 03:00,wta,WTA 1000,China Open,Hard,3,Janice Tjen,Anhelina Kalinina,total_games,under,20.5,0.4845,2.06,2.16,0.4404,4.4,0.0465,0,100,1899992
2026-09-30 03:00,wta,WTA 1000,China Open,Hard,3,Janice Tjen,Anhelina Kalinina,total_games,over,21.5,0.4667,2.14,1.88,0.5066,-4.0,-0.1225,0,100,1899992
2026-09-30 03:00,wta,WTA 1000,China Open,Hard,3,Janice Tjen,Anhelina Kalinina,total_games,under,21.5,0.5333,1.88,1.93,0.4934,4.0,0.0292,0,100,1899992
2026-09-30 03:00,wta,WTA 1000,China Open,Hard,3,Janice Tjen,Anhelina Kalinina,total_games,over,22.5,0.4096,2.44,2.15,0.443,-3.3,-0.1195,0,100,1899992
2026-09-30 03:00,wta,WTA 1000,China Open,Hard,3,Janice Tjen,Anhelina Kalinina,total_games,under,22.5,0.5904,1.69,1.71,0.557,3.3,0.0097,0,100,1899992
2026-09-30 03:00,wta,WTA 1000,China Open,Hard,3,Janice Tjen,Anhelina Kalinina,total_games,over,23.5,0.3722,2.69,2.37,0.4015,-2.9,-0.1179,0,100,1899992
2026-09-30 03:00,wta,WTA 1000,China Open,Hard,3,Janice Tjen,Anhelina Kalinina,total_games,under,23.5,0.6278,1.59,1.59,0.5985,2.9,-0.0018,0,100,1899992
2026-09-30 03:00,wta,WTA 1000,China Open,Hard,3,Janice Tjen,Anhelina Kalinina,total_games,over,24.5,0.3523,2.84,2.5,0.3812,-2.9,-0.1193,0,100,1899992
2026-09-30 03:00,wta,WTA 1000,China Open,Hard,3,Janice Tjen,Anhelina Kalinina,total_games,under,24.5,0.6477,1.54,1.54,0.6188,2.9,-0.0025,0,100,1899992
2026-09-30 03:00,wta,WTA 1000,China Open,Hard,3,Janice Tjen,Anhelina Kalinina,p1_games,over,11.5,0.6243,1.6,1.44,0.6479,-2.4,-0.101,0,100,1899992
2026-09-30 03:00,wta,WTA 1000,China Open,Hard,3,Janice Tjen,Anhelina Kalinina,p1_games,under,11.5,0.3757,2.66,2.65,0.3521,2.4,-0.0044,0,100,1899992
2026-09-30 03:00,wta,WTA 1000,China Open,Hard,3,Janice Tjen,Anhelina Kalinina,p1_games,over,12.5,0.3879,2.58,2.19,0.4267,-3.9,-0.1505,0,100,1899992
2026-09-30 03:00,wta,WTA 1000,China Open,Hard,3,Janice Tjen,Anhelina Kalinina,p1_games,under,12.5,0.6121,1.63,1.63,0.5733,3.9,-0.0023,0,100,1899992
2026-09-30 03:00,wta,WTA 1000,China Open,Hard,3,Janice Tjen,Anhelina Kalinina,p1_games,over,13.5,0.2566,3.9,3.3,0.2842,-2.8,-0.1532,0,100,1899992
2026-09-30 03:00,wta,WTA 1000,China Open,Hard,3,Janice Tjen,Anhelina Kalinina,p1_games,under,13.5,0.7434,1.35,1.31,0.7158,2.8,-0.0261,0,100,1899992
2026-09-30 03:00,wta,WTA 1000,China Open,Hard,3,Janice Tjen,Anhelina Kalinina,p2_games,over,11.5,0.6485,1.54,1.52,0.6142,3.4,-0.0143,0,100,1899992
2026-09-30 03:00,wta,WTA 1000,China Open,Hard,3,Janice Tjen,Anhelina Kalinina,p2_games,under,11.5,0.3515,2.85,2.42,0.3858,-3.4,-0.1494,0,100,1899992
2026-09-30 03:00,wta,WTA 1000,China Open,Hard,3,Janice Tjen,Anhelina Kalinina,p2_games,over,12.5,0.3962,2.52,2.27,0.4119,-1.6,-0.1005,0,100,1899992
2026-09-30 03:00,wta,WTA 1000,China Open,Hard,3,Janice Tjen,Anhelina Kalinina,p2_games,under,12.5,0.6038,1.66,1.59,0.5881,1.6,-0.04,0,100,1899992
2026-09-30 03:00,wta,WTA 1000,China Open,Hard,3,Janice Tjen,Anhelina Kalinina,p2_games,over,13.5,0.261,3.83,3.35,0.278,-1.7,-0.1258,0,100,1899992
2026-09-30 03:00,wta,WTA 1000,China Open,Hard,3,Janice Tjen,Anhelina Kalinina,p2_games,under,13.5,0.739,1.35,1.29,0.722,1.7,-0.0466,0,100,1899992
2026-09-30 03:00,wta,WTA 1000,China Open,Hard,3,Janice Tjen,Anhelina Kalinina,game_handicap,player_a,0.5,0.4996,2.0,,,,,0,100,1899992
2026-09-30 03:00,wta,WTA 1000,China Open,Hard,3,Janice Tjen,Anhelina Kalinina,game_handicap,player_b,-0.5,0.5004,2.0,,,,,0,100,1899992
2026-09-30 03:00,wta,WTA 1000,China Open,Hard,3,Maya Joint,Sinja Kraus,winner,player_a,,0.6879,1.45,1.32,0.729,-4.1,-0.0919,0,100,1900001
2026-09-30 03:00,wta,WTA 1000,China Open,Hard,3,Maya Joint,Sinja Kraus,winner,player_b,,0.3121,3.2,3.55,0.271,4.1,0.1079,0,100,1900001
2026-09-30 03:00,wta,WTA 1000,China Open,Hard,3,Maya Joint,Sinja Kraus,total_games,over,17.5,0.6861,1.46,1.34,0.7112,-2.5,-0.0806,0,100,1900001
2026-09-30 03:00,wta,WTA 1000,China Open,Hard,3,Maya Joint,Sinja Kraus,total_games,under,17.5,0.3139,3.19,3.3,0.2888,2.5,0.0357,0,100,1900001
2026-09-30 03:00,wta,WTA 1000,China Open,Hard,3,Maya Joint,Sinja Kraus,total_games,over,18.5,0.6009,1.66,1.53,0.625,-2.4,-0.0806,0,100,1900001
2026-09-30 03:00,wta,WTA 1000,China Open,Hard,3,Maya Joint,Sinja Kraus,total_games,under,18.5,0.3991,2.51,2.55,0.375,2.4,0.0177,0,100,1900001
2026-09-30 03:00,wta,WTA 1000,China Open,Hard,3,Maya Joint,Sinja Kraus,total_games,over,19.5,0.5258,1.9,1.75,0.5443,-1.8,-0.0798,0,100,1900001
2026-09-30 03:00,wta,WTA 1000,China Open,Hard,3,Maya Joint,Sinja Kraus,total_games,under,19.5,0.4742,2.11,2.09,0.4557,1.8,-0.009,0,100,1900001
2026-09-30 03:00,wta,WTA 1000,China Open,Hard,3,Maya Joint,Sinja Kraus,total_games,over,20.5,0.4627,2.16,2.0,0.4764,-1.4,-0.0747,0,100,1900001
2026-09-30 03:00,wta,WTA 1000,China Open,Hard,3,Maya Joint,Sinja Kraus,total_games,under,20.5,0.5373,1.86,1.82,0.5236,1.4,-0.0221,0,100,1900001
2026-09-30 03:00,wta,WTA 1000,China Open,Hard,3,Maya Joint,Sinja Kraus,total_games,over,21.5,0.4165,2.4,2.22,0.4293,-1.3,-0.0755,0,100,1900001
2026-09-30 03:00,wta,WTA 1000,China Open,Hard,3,Maya Joint,Sinja Kraus,total_games,under,21.5,0.5835,1.71,1.67,0.5707,1.3,-0.0255,0,100,1900001
2026-09-30 03:00,wta,WTA 1000,China Open,Hard,3,Maya Joint,Sinja Kraus,total_games,over,22.5,0.3647,2.74,2.55,0.3735,-0.9,-0.0699,0,100,1900001
2026-09-30 03:00,wta,WTA 1000,China Open,Hard,3,Maya Joint,Sinja Kraus,total_games,under,22.5,0.6353,1.57,1.52,0.6265,0.9,-0.0344,0,100,1900001
2026-09-30 03:00,wta,WTA 1000,China Open,Hard,3,Maya Joint,Sinja Kraus,total_games,over,23.5,0.3318,3.01,2.8,0.3396,-0.8,-0.0711,0,100,1900001
2026-09-30 03:00,wta,WTA 1000,China Open,Hard,3,Maya Joint,Sinja Kraus,total_games,under,23.5,0.6682,1.5,1.44,0.6604,0.8,-0.0377,0,100,1900001
2026-09-30 03:00,wta,WTA 1000,China Open,Hard,3,Maya Joint,Sinja Kraus,p1_games,over,11.5,0.7871,1.27,1.16,0.8054,-1.8,-0.0869,0,100,1900001
2026-09-30 03:00,wta,WTA 1000,China Open,Hard,3,Maya Joint,Sinja Kraus,p1_games,under,11.5,0.2129,4.7,4.8,0.1946,1.8,0.0218,0,100,1900001
2026-09-30 03:00,wta,WTA 1000,China Open,Hard,3,Maya Joint,Sinja Kraus,p1_games,over,12.5,0.4032,2.48,2.1,0.4444,-4.1,-0.1534,0,100,1900001
2026-09-30 03:00,wta,WTA 1000,China Open,Hard,3,Maya Joint,Sinja Kraus,p1_games,under,12.5,0.5968,1.68,1.68,0.5556,4.1,0.0027,0,100,1900001
2026-09-30 03:00,wta,WTA 1000,China Open,Hard,3,Maya Joint,Sinja Kraus,p1_games,over,13.5,0.253,3.95,3.35,0.2796,-2.7,-0.1525,0,100,1900001
2026-09-30 03:00,wta,WTA 1000,China Open,Hard,3,Maya Joint,Sinja Kraus,p1_games,under,13.5,0.747,1.34,1.3,0.7204,2.7,-0.0289,0,100,1900001
2026-09-30 03:00,wta,WTA 1000,China Open,Hard,3,Maya Joint,Sinja Kraus,p2_games,over,8.5,0.5573,1.79,1.77,0.528,2.9,-0.0136,0,100,1900001
2026-09-30 03:00,wta,WTA 1000,China Open,Hard,3,Maya Joint,Sinja Kraus,p2_games,under,8.5,0.4427,2.26,1.98,0.472,-2.9,-0.1234,0,100,1900001
2026-09-30 03:00,wta,WTA 1000,China Open,Hard,3,Maya Joint,Sinja Kraus,p2_games,over,9.5,0.5151,1.94,1.94,0.4813,3.4,-0.0007,0,100,1900001
2026-09-30 03:00,wta,WTA 1000,China Open,Hard,3,Maya Joint,Sinja Kraus,p2_games,under,9.5,0.4849,2.06,1.8,0.5187,-3.4,-0.1271,0,100,1900001
2026-09-30 03:00,wta,WTA 1000,China Open,Hard,3,Maya Joint,Sinja Kraus,p2_games,over,10.5,0.4786,2.09,2.12,0.4406,3.8,0.0146,0,100,1900001
2026-09-30 03:00,wta,WTA 1000,China Open,Hard,3,Maya Joint,Sinja Kraus,p2_games,under,10.5,0.5214,1.92,1.67,0.5594,-3.8,-0.1293,0,100,1900001
2026-09-30 03:00,wta,WTA 1000,China Open,Hard,3,Maya Joint,Sinja Kraus,game_handicap,player_a,-3.5,0.5638,1.77,,,,,0,100,1900001
2026-09-30 03:00,wta,WTA 1000,China Open,Hard,3,Maya Joint,Sinja Kraus,game_handicap,player_b,3.5,0.4362,2.29,,,,,0,100,1900001
2026-09-30 04:30,wta,WTA 1000,China Open,Hard,3,Aliaksandra Sasnovich,Talia Gibson,winner,player_a,,0.4049,2.47,2.06,0.4663,-6.1,-0.1658,0,100,1900585
2026-09-30 04:30,wta,WTA 1000,China Open,Hard,3,Aliaksandra Sasnovich,Talia Gibson,winner,player_b,,0.5951,1.68,1.8,0.5337,6.1,0.0711,0,100,1900585
2026-09-30 04:30,wta,WTA 1000,China Open,Hard,3,Aliaksandra Sasnovich,Talia Gibson,total_games,over,18.5,0.6434,1.55,1.33,0.7188,-7.5,-0.1442,0,100,1900585
2026-09-30 04:30,wta,WTA 1000,China Open,Hard,3,Aliaksandra Sasnovich,Talia Gibson,total_games,under,18.5,0.3566,2.8,3.4,0.2812,7.5,0.2123,0,100,1900585
2026-09-30 04:30,wta,WTA 1000,China Open,Hard,3,Aliaksandra Sasnovich,Talia Gibson,total_games,over,19.5,0.5666,1.76,1.49,0.6357,-6.9,-0.1557,0,100,1900585
2026-09-30 04:30,wta,WTA 1000,China Open,Hard,3,Aliaksandra Sasnovich,Talia Gibson,total_games,under,19.5,0.4334,2.31,2.6,0.3643,6.9,0.1267,0,100,1900585
2026-09-30 04:30,wta,WTA 1000,China Open,Hard,3,Aliaksandra Sasnovich,Talia Gibson,total_games,over,20.5,0.5007,2.0,1.69,0.5644,-6.4,-0.1538,0,100,1900585
2026-09-30 04:30,wta,WTA 1000,China Open,Hard,3,Aliaksandra Sasnovich,Talia Gibson,total_games,under,20.5,0.4993,2.0,2.19,0.4356,6.4,0.0934,0,100,1900585
2026-09-30 04:30,wta,WTA 1000,China Open,Hard,3,Aliaksandra Sasnovich,Talia Gibson,total_games,over,21.5,0.4527,2.21,1.86,0.5118,-5.9,-0.158,0,100,1900585
2026-09-30 04:30,wta,WTA 1000,China Open,Hard,3,Aliaksandra Sasnovich,Talia Gibson,total_games,under,21.5,0.5473,1.83,1.95,0.4882,5.9,0.0672,0,100,1900585
2026-09-30 04:30,wta,WTA 1000,China Open,Hard,3,Aliaksandra Sasnovich,Talia Gibson,total_games,over,22.5,0.3972,2.52,2.13,0.4468,-5.0,-0.1539,0,100,1900585
2026-09-30 04:30,wta,WTA 1000,China Open,Hard,3,Aliaksandra Sasnovich,Talia Gibson,total_games,under,22.5,0.6028,1.66,1.72,0.5532,5.0,0.0368,0,100,1900585
2026-09-30 04:30,wta,WTA 1000,China Open,Hard,3,Aliaksandra Sasnovich,Talia Gibson,total_games,over,23.5,0.3613,2.77,2.36,0.404,-4.3,-0.1474,0,100,1900585
2026-09-30 04:30,wta,WTA 1000,China Open,Hard,3,Aliaksandra Sasnovich,Talia Gibson,total_games,under,23.5,0.6387,1.57,1.6,0.596,4.3,0.0219,0,100,1900585
2026-09-30 04:30,wta,WTA 1000,China Open,Hard,3,Aliaksandra Sasnovich,Talia Gibson,total_games,over,24.5,0.3409,2.93,2.48,0.3846,-4.4,-0.1547,0,100,1900585
2026-09-30 04:30,wta,WTA 1000,China Open,Hard,3,Aliaksandra Sasnovich,Talia Gibson,total_games,under,24.5,0.6591,1.52,1.55,0.6154,4.4,0.0217,0,100,1900585
2026-09-30 04:30,wta,WTA 1000,China Open,Hard,3,Aliaksandra Sasnovich,Talia Gibson,p1_games,over,10.5,0.5768,1.73,1.49,0.6266,-5.0,-0.1406,0,100,1900585
2026-09-30 04:30,wta,WTA 1000,China Open,Hard,3,Aliaksandra Sasnovich,Talia Gibson,p1_games,under,10.5,0.4232,2.36,2.5,0.3734,5.0,0.058,0,100,1900585
2026-09-30 04:30,wta,WTA 1000,China Open,Hard,3,Aliaksandra Sasnovich,Talia Gibson,p1_games,over,11.5,0.5456,1.83,1.56,0.5979,-5.2,-0.1488,0,100,1900585
2026-09-30 04:30,wta,WTA 1000,China Open,Hard,3,Aliaksandra Sasnovich,Talia Gibson,p1_games,under,11.5,0.4544,2.2,2.32,0.4021,5.2,0.0542,0,100,1900585
2026-09-30 04:30,wta,WTA 1000,China Open,Hard,3,Aliaksandra Sasnovich,Talia Gibson,p1_games,over,12.5,0.3516,2.84,2.35,0.3974,-4.6,-0.1738,0,100,1900585
2026-09-30 04:30,wta,WTA 1000,China Open,Hard,3,Aliaksandra Sasnovich,Talia Gibson,p1_games,under,12.5,0.6484,1.54,1.55,0.6026,4.6,0.005,0,100,1900585
2026-09-30 04:30,wta,WTA 1000,China Open,Hard,3,Aliaksandra Sasnovich,Talia Gibson,p2_games,over,11.5,0.7156,1.4,1.43,0.6538,6.2,0.0234,0,100,1900585
2026-09-30 04:30,wta,WTA 1000,China Open,Hard,3,Aliaksandra Sasnovich,Talia Gibson,p2_games,under,11.5,0.2844,3.52,2.7,0.3462,-6.2,-0.2322,0,100,1900585
2026-09-30 04:30,wta,WTA 1000,China Open,Hard,3,Aliaksandra Sasnovich,Talia Gibson,p2_games,over,12.5,0.4084,2.45,2.21,0.423,-1.5,-0.0975,0,100,1900585
2026-09-30 04:30,wta,WTA 1000,China Open,Hard,3,Aliaksandra Sasnovich,Talia Gibson,p2_games,under,12.5,0.5916,1.69,1.62,0.577,1.5,-0.0416,0,100,1900585
2026-09-30 04:30,wta,WTA 1000,China Open,Hard,3,Aliaksandra Sasnovich,Talia Gibson,p2_games,over,13.5,0.2641,3.79,3.3,0.2826,-1.8,-0.1284,0,100,1900585
2026-09-30 04:30,wta,WTA 1000,China Open,Hard,3,Aliaksandra Sasnovich,Talia Gibson,p2_games,under,13.5,0.7359,1.36,1.3,0.7174,1.8,-0.0433,0,100,1900585
2026-09-30 04:30,wta,WTA 1000,China Open,Hard,3,Aliaksandra Sasnovich,Talia Gibson,game_handicap,player_a,2.5,0.4821,2.07,,,,,0,100,1900585
2026-09-30 04:30,wta,WTA 1000,China Open,Hard,3,Aliaksandra Sasnovich,Talia Gibson,game_handicap,player_b,-2.5,0.5179,1.93,,,,,0,100,1900585
2026-09-30 04:30,wta,WTA 1000,China Open,Hard,3,Daria Snigur,Katarzyna Kawa,winner,player_a,,0.6971,1.43,1.15,0.8392,-14.2,-0.1983,0,100,1900587
2026-09-30 04:30,wta,WTA 1000,China Open,Hard,3,Daria Snigur,Katarzyna Kawa,winner,player_b,,0.3029,3.3,6.0,0.1608,14.2,0.8174,0,100,1900587
2026-09-30 04:30,wta,WTA 1000,China Open,Hard,3,Daria Snigur,Katarzyna Kawa,total_games,over,15.5,0.8525,1.17,1.16,0.8232,2.9,-0.0111,0,100,1900587
2026-09-30 04:30,wta,WTA 1000,China Open,Hard,3,Daria Snigur,Katarzyna Kawa,total_games,under,15.5,0.1475,6.78,5.4,0.1768,-2.9,-0.2035,0,100,1900587
2026-09-30 04:30,wta,WTA 1000,China Open,Hard,3,Daria Snigur,Katarzyna Kawa,total_games,over,16.5,0.7643,1.31,1.31,0.7248,3.9,0.0012,0,100,1900587
2026-09-30 04:30,wta,WTA 1000,China Open,Hard,3,Daria Snigur,Katarzyna Kawa,total_games,under,16.5,0.2357,4.24,3.45,0.2752,-3.9,-0.1867,0,100,1900587
2026-09-30 04:30,wta,WTA 1000,China Open,Hard,3,Daria Snigur,Katarzyna Kawa,total_games,over,17.5,0.6719,1.49,1.53,0.6203,5.2,0.0281,0,100,1900587
2026-09-30 04:30,wta,WTA 1000,China Open,Hard,3,Daria Snigur,Katarzyna Kawa,total_games,under,17.5,0.3281,3.05,2.5,0.3797,-5.2,-0.1798,0,100,1900587
2026-09-30 04:30,wta,WTA 1000,China Open,Hard,3,Daria Snigur,Katarzyna Kawa,total_games,over,18.5,0.5875,1.7,1.79,0.5326,5.5,0.0517,0,100,1900587
2026-09-30 04:30,wta,WTA 1000,China Open,Hard,3,Daria Snigur,Katarzyna Kawa,total_games,under,18.5,0.4125,2.42,2.04,0.4674,-5.5,-0.1585,0,100,1900587
2026-09-30 04:30,wta,WTA 1000,China Open,Hard,3,Daria Snigur,Katarzyna Kawa,total_games,over,19.5,0.5136,1.95,2.09,0.4557,5.8,0.0734,0,100,1900587
2026-09-30 04:30,wta,WTA 1000,China Open,Hard,3,Daria Snigur,Katarzyna Kawa,total_games,under,19.5,0.4864,2.06,1.75,0.5443,-5.8,-0.1487,0,100,1900587
2026-09-30 04:30,wta,WTA 1000,China Open,Hard,3,Daria Snigur,Katarzyna Kawa,total_games,over,20.5,0.452,2.21,2.42,0.3935,5.9,0.0939,0,100,1900587
2026-09-30 04:30,wta,WTA 1000,China Open,Hard,3,Daria Snigur,Katarzyna Kawa,total_games,under,20.5,0.548,1.82,1.57,0.6065,-5.9,-0.1397,0,100,1900587
2026-09-30 04:30,wta,WTA 1000,China Open,Hard,3,Daria Snigur,Katarzyna Kawa,total_games,over,21.5,0.4067,2.46,2.75,0.3468,6.0,0.1184,0,100,1900587
2026-09-30 04:30,wta,WTA 1000,China Open,Hard,3,Daria Snigur,Katarzyna Kawa,total_games,under,21.5,0.5933,1.69,1.46,0.6532,-6.0,-0.1338,0,100,1900587
2026-09-30 04:30,wta,WTA 1000,China Open,Hard,3,Daria Snigur,Katarzyna Kawa,p1_games,over,11.5,0.7932,1.26,1.07,0.8766,-8.3,-0.1512,0,100,1900587
2026-09-30 04:30,wta,WTA 1000,China Open,Hard,3,Daria Snigur,Katarzyna Kawa,p1_games,under,11.5,0.2068,4.84,7.6,0.1234,8.3,0.5714,0,100,1900587
2026-09-30 04:30,wta,WTA 1000,China Open,Hard,3,Daria Snigur,Katarzyna Kawa,p1_games,over,12.5,0.3967,2.52,2.28,0.4093,-1.3,-0.0955,0,100,1900587
2026-09-30 04:30,wta,WTA 1000,China Open,Hard,3,Daria Snigur,Katarzyna Kawa,p1_games,under,12.5,0.6033,1.66,1.58,0.5907,1.3,-0.0468,0,100,1900587
2026-09-30 04:30,wta,WTA 1000,China Open,Hard,3,Daria Snigur,Katarzyna Kawa,p1_games,over,13.5,0.248,4.03,3.8,0.246,0.2,-0.0577,0,100,1900587
2026-09-30 04:30,wta,WTA 1000,China Open,Hard,3,Daria Snigur,Katarzyna Kawa,p1_games,under,13.5,0.752,1.33,1.24,0.754,-0.2,-0.0675,0,100,1900587
2026-09-30 04:30,wta,WTA 1000,China Open,Hard,3,Daria Snigur,Katarzyna Kawa,p2_games,over,5.5,0.7301,1.37,1.48,0.6328,9.7,0.0805,0,100,1900587
2026-09-30 04:30,wta,WTA 1000,China Open,Hard,3,Daria Snigur,Katarzyna Kawa,p2_games,under,5.5,0.2699,3.7,2.55,0.3672,-9.7,-0.3117,0,100,1900587
2026-09-30 04:30,wta,WTA 1000,China Open,Hard,3,Daria Snigur,Katarzyna Kawa,p2_games,over,6.5,0.6582,1.52,1.74,0.5372,12.1,0.1453,0,100,1900587
2026-09-30 04:30,wta,WTA 1000,China Open,Hard,3,Daria Snigur,Katarzyna Kawa,p2_games,under,6.5,0.3418,2.93,2.02,0.4628,-12.1,-0.3096,0,100,1900587
2026-09-30 04:30,wta,WTA 1000,China Open,Hard,3,Daria Snigur,Katarzyna Kawa,p2_games,over,7.5,0.595,1.68,2.04,0.4574,13.8,0.2138,0,100,1900587
2026-09-30 04:30,wta,WTA 1000,China Open,Hard,3,Daria Snigur,Katarzyna Kawa,p2_games,under,7.5,0.405,2.47,1.72,0.5426,-13.8,-0.3034,0,100,1900587
2026-09-30 04:30,wta,WTA 1000,China Open,Hard,3,Daria Snigur,Katarzyna Kawa,game_handicap,player_a,-3.5,0.5783,1.73,,,,,0,100,1900587
2026-09-30 04:30,wta,WTA 1000,China Open,Hard,3,Daria Snigur,Katarzyna Kawa,game_handicap,player_b,3.5,0.4217,2.37,,,,,0,100,1900587
2026-09-30 04:30,wta,WTA 1000,China Open,Hard,3,Mayar Sherif,Polina Kudermetova,winner,player_a,,0.467,2.14,,,,,0,94,1899995
2026-09-30 04:30,wta,WTA 1000,China Open,Hard,3,Mayar Sherif,Polina Kudermetova,winner,player_b,,0.533,1.88,,,,,0,94,1899995
2026-09-30 04:30,wta,WTA 1000,China Open,Hard,3,Mayar Sherif,Polina Kudermetova,total_games,over,21.5,0.4588,2.18,,,,,0,94,1899995
2026-09-30 04:30,wta,WTA 1000,China Open,Hard,3,Mayar Sherif,Polina Kudermetova,total_games,under,21.5,0.5412,1.85,,,,,0,94,1899995
2026-09-30 04:30,wta,WTA 1000,China Open,Hard,3,Mayar Sherif,Polina Kudermetova,p1_games,over,12.5,0.375,2.67,,,,,0,94,1899995
2026-09-30 04:30,wta,WTA 1000,China Open,Hard,3,Mayar Sherif,Polina Kudermetova,p1_games,under,12.5,0.625,1.6,,,,,0,94,1899995
2026-09-30 04:30,wta,WTA 1000,China Open,Hard,3,Mayar Sherif,Polina Kudermetova,p2_games,over,12.5,0.3946,2.53,,,,,0,94,1899995
2026-09-30 04:30,wta,WTA 1000,China Open,Hard,3,Mayar Sherif,Polina Kudermetova,p2_games,under,12.5,0.6054,1.65,,,,,0,94,1899995
2026-09-30 04:30,wta,WTA 1000,China Open,Hard,3,Mayar Sherif,Polina Kudermetova,game_handicap,player_a,0.5,0.4801,2.08,,,,,0,94,1899995
2026-09-30 04:30,wta,WTA 1000,China Open,Hard,3,Mayar Sherif,Polina Kudermetova,game_handicap,player_b,-0.5,0.5199,1.92,,,,,0,94,1899995
2026-09-30 04:30,wta,WTA 1000,China Open,Hard,3,Viktorija Golubic,Elvina Kalieva,winner,player_a,,0.7941,1.26,1.49,0.6444,15.0,0.1832,0,94,1900586
2026-09-30 04:30,wta,WTA 1000,China Open,Hard,3,Viktorija Golubic,Elvina Kalieva,winner,player_b,,0.2059,4.86,2.7,0.3556,-15.0,-0.444,0,94,1900586
2026-09-30 04:30,wta,WTA 1000,China Open,Hard,3,Viktorija Golubic,Elvina Kalieva,total_games,over,17.5,0.6193,1.61,1.27,0.7495,-13.0,-0.2135,1,94,1900586
2026-09-30 04:30,wta,WTA 1000,China Open,Hard,3,Viktorija Golubic,Elvina Kalieva,total_games,under,17.5,0.3807,2.63,3.8,0.2505,13.0,0.4467,1,94,1900586
2026-09-30 04:30,wta,WTA 1000,China Open,Hard,3,Viktorija Golubic,Elvina Kalieva,total_games,over,18.5,0.5323,1.88,1.43,0.6659,-13.4,-0.2388,1,94,1900586
2026-09-30 04:30,wta,WTA 1000,China Open,Hard,3,Viktorija Golubic,Elvina Kalieva,total_games,under,18.5,0.4677,2.14,2.85,0.3341,13.4,0.3329,1,94,1900586
2026-09-30 04:30,wta,WTA 1000,China Open,Hard,3,Viktorija Golubic,Elvina Kalieva,total_games,over,19.5,0.4589,2.18,1.62,0.5867,-12.8,-0.2566,1,94,1900586
2026-09-30 04:30,wta,WTA 1000,China Open,Hard,3,Viktorija Golubic,Elvina Kalieva,total_games,under,19.5,0.5411,1.85,2.3,0.4133,12.8,0.2446,1,94,1900586
2026-09-30 04:30,wta,WTA 1000,China Open,Hard,3,Viktorija Golubic,Elvina Kalieva,total_games,over,20.5,0.3982,2.51,1.84,0.5183,-12.0,-0.2672,1,94,1900586
2026-09-30 04:30,wta,WTA 1000,China Open,Hard,3,Viktorija Golubic,Elvina Kalieva,total_games,under,20.5,0.6018,1.66,1.98,0.4817,12.0,0.1915,1,94,1900586
2026-09-30 04:30,wta,WTA 1000,China Open,Hard,3,Viktorija Golubic,Elvina Kalieva,total_games,over,21.5,0.3548,2.82,2.04,0.4674,-11.3,-0.2762,1,94,1900586
2026-09-30 04:30,wta,WTA 1000,China Open,Hard,3,Viktorija Golubic,Elvina Kalieva,total_games,under,21.5,0.6452,1.55,1.79,0.5326,11.3,0.1549,1,94,1900586
2026-09-30 04:30,wta,WTA 1000,China Open,Hard,3,Viktorija Golubic,Elvina Kalieva,total_games,over,22.5,0.308,3.25,2.32,0.4097,-10.2,-0.2855,1,94,1900586
2026-09-30 04:30,wta,WTA 1000,China Open,Hard,3,Viktorija Golubic,Elvina Kalieva,total_games,under,22.5,0.692,1.45,1.61,0.5903,10.2,0.1142,1,94,1900586
2026-09-30 04:30,wta,WTA 1000,China Open,Hard,3,Viktorija Golubic,Elvina Kalieva,total_games,over,23.5,0.2787,3.59,2.55,0.3735,-9.5,-0.2894,1,94,1900586
2026-09-30 04:30,wta,WTA 1000,China Open,Hard,3,Viktorija Golubic,Elvina Kalieva,total_games,under,23.5,0.7213,1.39,1.52,0.6265,9.5,0.0964,1,94,1900586
2026-09-30 04:30,wta,WTA 1000,China Open,Hard,3,Viktorija Golubic,Elvina Kalieva,p1_games,over,11.5,0.8698,1.15,1.26,0.7407,12.9,0.0959,1,94,1900586
2026-09-30 04:30,wta,WTA 1000,China Open,Hard,3,Viktorija Golubic,Elvina Kalieva,p1_games,under,11.5,0.1302,7.68,3.6,0.2593,-12.9,-0.5312,1,94,1900586
2026-09-30 04:30,wta,WTA 1000,China Open,Hard,3,Viktorija Golubic,Elvina Kalieva,p1_games,over,12.5,0.3785,2.64,2.09,0.4471,-6.9,-0.209,1,94,1900586
2026-09-30 04:30,wta,WTA 1000,China Open,Hard,3,Viktorija Golubic,Elvina Kalieva,p1_games,under,12.5,0.6215,1.61,1.69,0.5529,6.9,0.0504,1,94,1900586
2026-09-30 04:30,wta,WTA 1000,China Open,Hard,3,Viktorija Golubic,Elvina Kalieva,p1_games,over,13.5,0.2252,4.44,3.25,0.2888,-6.4,-0.2682,1,94,1900586
2026-09-30 04:30,wta,WTA 1000,China Open,Hard,3,Viktorija Golubic,Elvina Kalieva,p1_games,under,13.5,0.7748,1.29,1.32,0.7112,6.4,0.0228,1,94,1900586
2026-09-30 04:30,wta,WTA 1000,China Open,Hard,3,Viktorija Golubic,Elvina Kalieva,p2_games,over,10.5,0.3528,2.83,1.76,0.5319,-17.9,-0.3791,1,94,1900586
2026-09-30 04:30,wta,WTA 1000,China Open,Hard,3,Viktorija Golubic,Elvina Kalieva,p2_games,under,10.5,0.6472,1.55,2.0,0.4681,17.9,0.2944,1,94,1900586
2026-09-30 04:30,wta,WTA 1000,China Open,Hard,3,Viktorija Golubic,Elvina Kalieva,p2_games,over,11.5,0.321,3.12,1.88,0.4973,-17.6,-0.3966,1,94,1900586
2026-09-30 04:30,wta,WTA 1000,China Open,Hard,3,Viktorija Golubic,Elvina Kalieva,p2_games,under,11.5,0.679,1.47,1.86,0.5027,17.6,0.263,1,94,1900586
2026-09-30 04:30,wta,WTA 1000,China Open,Hard,3,Viktorija Golubic,Elvina Kalieva,p2_games,over,12.5,0.2236,4.47,2.7,0.3462,-12.3,-0.3962,1,94,1900586
2026-09-30 04:30,wta,WTA 1000,China Open,Hard,3,Viktorija Golubic,Elvina Kalieva,p2_games,under,12.5,0.7764,1.29,1.43,0.6538,12.3,0.1102,1,94,1900586
2026-09-30 04:30,wta,WTA 1000,China Open,Hard,3,Viktorija Golubic,Elvina Kalieva,game_handicap,player_a,-5.5,0.5072,1.97,,,,,1,94,1900586
2026-09-30 04:30,wta,WTA 1000,China Open,Hard,3,Viktorija Golubic,Elvina Kalieva,game_handicap,player_b,5.5,0.4928,2.03,,,,,1,94,1900586
2026-09-30 06:00,wta,WTA 1000,China Open,Hard,3,Maddison Inglis,Zeynep Sonmez,winner,player_a,,0.3747,2.67,,,,,0,88,1900588
2026-09-30 06:00,wta,WTA 1000,China Open,Hard,3,Maddison Inglis,Zeynep Sonmez,winner,player_b,,0.6253,1.6,,,,,0,88,1900588
2026-09-30 06:00,wta,WTA 1000,China Open,Hard,3,Maddison Inglis,Zeynep Sonmez,total_games,over,20.5,0.4921,2.03,,,,,1,88,1900588
2026-09-30 06:00,wta,WTA 1000,China Open,Hard,3,Maddison Inglis,Zeynep Sonmez,total_games,under,20.5,0.5079,1.97,,,,,1,88,1900588
2026-09-30 06:00,wta,WTA 1000,China Open,Hard,3,Maddison Inglis,Zeynep Sonmez,p1_games,over,12.5,0.3361,2.97,,,,,1,88,1900588
2026-09-30 06:00,wta,WTA 1000,China Open,Hard,3,Maddison Inglis,Zeynep Sonmez,p1_games,under,12.5,0.6639,1.51,,,,,1,88,1900588
2026-09-30 06:00,wta,WTA 1000,China Open,Hard,3,Maddison Inglis,Zeynep Sonmez,p2_games,over,12.5,0.4098,2.44,,,,,1,88,1900588
2026-09-30 06:00,wta,WTA 1000,China Open,Hard,3,Maddison Inglis,Zeynep Sonmez,p2_games,under,12.5,0.5902,1.69,,,,,1,88,1900588
2026-09-30 06:00,wta,WTA 1000,China Open,Hard,3,Maddison Inglis,Zeynep Sonmez,game_handicap,player_a,2.5,0.4513,2.22,,,,,1,88,1900588
2026-09-30 06:00,wta,WTA 1000,China Open,Hard,3,Maddison Inglis,Zeynep Sonmez,game_handicap,player_b,-2.5,0.5487,1.82,,,,,1,88,1900588
2026-09-30 06:00,wta,WTA 1000,China Open,Hard,3,Oleksandra Oliynykova,Yue Yuan,winner,player_a,,0.5319,1.88,,,,,0,94,1899996
2026-09-30 06:00,wta,WTA 1000,China Open,Hard,3,Oleksandra Oliynykova,Yue Yuan,winner,player_b,,0.4681,2.14,,,,,0,94,1899996
2026-09-30 06:00,wta,WTA 1000,China Open,Hard,3,Oleksandra Oliynykova,Yue Yuan,total_games,over,21.5,0.4583,2.18,,,,,0,94,1899996
2026-09-30 06:00,wta,WTA 1000,China Open,Hard,3,Oleksandra Oliynykova,Yue Yuan,total_games,under,21.5,0.5417,1.85,,,,,0,94,1899996
2026-09-30 06:00,wta,WTA 1000,China Open,Hard,3,Oleksandra Oliynykova,Yue Yuan,p1_games,over,12.5,0.3937,2.54,,,,,0,94,1899996
2026-09-30 06:00,wta,WTA 1000,China Open,Hard,3,Oleksandra Oliynykova,Yue Yuan,p1_games,under,12.5,0.6063,1.65,,,,,0,94,1899996
2026-09-30 06:00,wta,WTA 1000,China Open,Hard,3,Oleksandra Oliynykova,Yue Yuan,p2_games,over,12.5,0.3751,2.67,,,,,0,94,1899996
2026-09-30 06:00,wta,WTA 1000,China Open,Hard,3,Oleksandra Oliynykova,Yue Yuan,p2_games,under,12.5,0.6249,1.6,,,,,0,94,1899996
2026-09-30 06:00,wta,WTA 1000,China Open,Hard,3,Oleksandra Oliynykova,Yue Yuan,game_handicap,player_a,-0.5,0.5183,1.93,,,,,0,94,1899996
2026-09-30 06:00,wta,WTA 1000,China Open,Hard,3,Oleksandra Oliynykova,Yue Yuan,game_handicap,player_b,0.5,0.4817,2.08,,,,,0,94,1899996
2026-09-30 06:00,wta,WTA 1000,China Open,Hard,3,Zhuoxuan Bai,Linda Fruhvirtova,winner,player_a,,0.5414,1.85,1.68,0.5736,-3.2,-0.0904,0,94,1900589
2026-09-30 06:00,wta,WTA 1000,China Open,Hard,3,Zhuoxuan Bai,Linda Fruhvirtova,winner,player_b,,0.4586,2.18,2.26,0.4264,3.2,0.0364,0,94,1900589
2026-09-30 06:00,wta,WTA 1000,China Open,Hard,3,Zhuoxuan Bai,Linda Fruhvirtova,total_games,over,18.5,0.6389,1.57,1.28,0.743,-10.4,-0.1823,1,94,1900589
2026-09-30 06:00,wta,WTA 1000,China Open,Hard,3,Zhuoxuan Bai,Linda Fruhvirtova,total_games,under,18.5,0.3611,2.77,3.7,0.257,10.4,0.3362,1,94,1900589
2026-09-30 06:00,wta,WTA 1000,China Open,Hard,3,Zhuoxuan Bai,Linda Fruhvirtova,total_games,over,19.5,0.5634,1.77,1.44,0.6643,-10.1,-0.1886,1,94,1900589
2026-09-30 06:00,wta,WTA 1000,China Open,Hard,3,Zhuoxuan Bai,Linda Fruhvirtova,total_games,under,19.5,0.4366,2.29,2.85,0.3357,10.1,0.2442,1,94,1900589
2026-09-30 06:00,wta,WTA 1000,China Open,Hard,3,Zhuoxuan Bai,Linda Fruhvirtova,total_games,over,20.5,0.4994,2.0,1.63,0.5852,-8.6,-0.186,1,94,1900589
2026-09-30 06:00,wta,WTA 1000,China Open,Hard,3,Zhuoxuan Bai,Linda Fruhvirtova,total_games,under,20.5,0.5006,2.0,2.3,0.4148,8.6,0.1514,1,94,1900589
2026-09-30 06:00,wta,WTA 1000,China Open,Hard,3,Zhuoxuan Bai,Linda Fruhvirtova,total_games,over,21.5,0.4522,2.21,1.79,0.5326,-8.0,-0.1906,1,94,1900589
2026-09-30 06:00,wta,WTA 1000,China Open,Hard,3,Zhuoxuan Bai,Linda Fruhvirtova,total_games,under,21.5,0.5478,1.83,2.04,0.4674,8.0,0.1176,1,94,1900589
2026-09-30 06:00,wta,WTA 1000,China Open,Hard,3,Zhuoxuan Bai,Linda Fruhvirtova,total_games,over,22.5,0.3982,2.51,2.06,0.4621,-6.4,-0.1796,1,94,1900589
2026-09-30 06:00,wta,WTA 1000,China Open,Hard,3,Zhuoxuan Bai,Linda Fruhvirtova,total_games,under,22.5,0.6018,1.66,1.77,0.5379,6.4,0.0651,1,94,1900589
2026-09-30 06:00,wta,WTA 1000,China Open,Hard,3,Zhuoxuan Bai,Linda Fruhvirtova,total_games,over,23.5,0.3634,2.75,2.3,0.4148,-5.1,-0.1643,1,94,1900589
2026-09-30 06:00,wta,WTA 1000,China Open,Hard,3,Zhuoxuan Bai,Linda Fruhvirtova,total_games,under,23.5,0.6366,1.57,1.63,0.5852,5.1,0.0377,1,94,1900589
2026-09-30 06:00,wta,WTA 1000,China Open,Hard,3,Zhuoxuan Bai,Linda Fruhvirtova,total_games,over,24.5,0.3413,2.93,2.4,0.397,-5.6,-0.1809,1,94,1900589
2026-09-30 06:00,wta,WTA 1000,China Open,Hard,3,Zhuoxuan Bai,Linda Fruhvirtova,total_games,under,24.5,0.6587,1.52,1.58,0.603,5.6,0.0408,1,94,1900589
2026-09-30 06:00,wta,WTA 1000,China Open,Hard,3,Zhuoxuan Bai,Linda Fruhvirtova,p1_games,over,11.5,0.6665,1.5,1.34,0.6948,-2.8,-0.1068,1,94,1900589
2026-09-30 06:00,wta,WTA 1000,China Open,Hard,3,Zhuoxuan Bai,Linda Fruhvirtova,p1_games,under,11.5,0.3335,3.0,3.05,0.3052,2.8,0.017,1,94,1900589
2026-09-30 06:00,wta,WTA 1000,China Open,Hard,3,Zhuoxuan Bai,Linda Fruhvirtova,p1_games,over,12.5,0.3909,2.56,2.1,0.4444,-5.4,-0.1791,1,94,1900589
2026-09-30 06:00,wta,WTA 1000,China Open,Hard,3,Zhuoxuan Bai,Linda Fruhvirtova,p1_games,under,12.5,0.6091,1.64,1.68,0.5556,5.4,0.0233,1,94,1900589
2026-09-30 06:00,wta,WTA 1000,China Open,Hard,3,Zhuoxuan Bai,Linda Fruhvirtova,p1_games,over,13.5,0.2556,3.91,3.2,0.292,-3.6,-0.1821,1,94,1900589
2026-09-30 06:00,wta,WTA 1000,China Open,Hard,3,Zhuoxuan Bai,Linda Fruhvirtova,p1_games,under,13.5,0.7444,1.34,1.32,0.708,3.6,-0.0174,1,94,1900589
2026-09-30 06:00,wta,WTA 1000,China Open,Hard,3,Zhuoxuan Bai,Linda Fruhvirtova,p2_games,over,10.5,0.6228,1.61,1.56,0.5979,2.5,-0.0285,1,94,1900589
2026-09-30 06:00,wta,WTA 1000,China Open,Hard,3,Zhuoxuan Bai,Linda Fruhvirtova,p2_games,under,10.5,0.3772,2.65,2.32,0.4021,-2.5,-0.1248,1,94,1900589
2026-09-30 06:00,wta,WTA 1000,China Open,Hard,3,Zhuoxuan Bai,Linda Fruhvirtova,p2_games,over,11.5,0.5934,1.69,1.65,0.5658,2.8,-0.0209,1,94,1900589
2026-09-30 06:00,wta,WTA 1000,China Open,Hard,3,Zhuoxuan Bai,Linda Fruhvirtova,p2_games,under,11.5,0.4066,2.46,2.15,0.4342,-2.8,-0.1258,1,94,1900589
2026-09-30 06:00,wta,WTA 1000,China Open,Hard,3,Zhuoxuan Bai,Linda Fruhvirtova,p2_games,over,12.5,0.3665,2.73,2.39,0.3903,-2.4,-0.124,1,94,1900589
2026-09-30 06:00,wta,WTA 1000,China Open,Hard,3,Zhuoxuan Bai,Linda Fruhvirtova,p2_games,under,12.5,0.6335,1.58,1.53,0.6097,2.4,-0.0308,1,94,1900589
2026-09-30 06:00,wta,WTA 1000,China Open,Hard,3,Zhuoxuan Bai,Linda Fruhvirtova,game_handicap,player_a,-1.5,0.5005,2.0,,,,,1,94,1900589
2026-09-30 06:00,wta,WTA 1000,China Open,Hard,3,Zhuoxuan Bai,Linda Fruhvirtova,game_handicap,player_b,1.5,0.4995,2.0,,,,,1,94,1900589
2026-09-30 07:30,wta,WTA 1000,China Open,Hard,3,Mai Hontama,Katie Boulter,winner,player_a,,0.2882,3.47,,,,,0,88,1900591
2026-09-30 07:30,wta,WTA 1000,China Open,Hard,3,Mai Hontama,Katie Boulter,winner,player_b,,0.7118,1.4,,,,,0,88,1900591
2026-09-30 07:30,wta,WTA 1000,China Open,Hard,3,Mai Hontama,Katie Boulter,total_games,over,20.5,0.4508,2.22,,,,,1,88,1900591
2026-09-30 07:30,wta,WTA 1000,China Open,Hard,3,Mai Hontama,Katie Boulter,total_games,under,20.5,0.5492,1.82,,,,,1,88,1900591
2026-09-30 07:30,wta,WTA 1000,China Open,Hard,3,Mai Hontama,Katie Boulter,p1_games,over,9.5,0.4884,2.05,,,,,1,88,1900591
2026-09-30 07:30,wta,WTA 1000,China Open,Hard,3,Mai Hontama,Katie Boulter,p1_games,under,9.5,0.5116,1.95,,,,,1,88,1900591
2026-09-30 07:30,wta,WTA 1000,China Open,Hard,3,Mai Hontama,Katie Boulter,p2_games,over,12.5,0.4001,2.5,,,,,1,88,1900591
2026-09-30 07:30,wta,WTA 1000,China Open,Hard,3,Mai Hontama,Katie Boulter,p2_games,under,12.5,0.5999,1.67,,,,,1,88,1900591
2026-09-30 07:30,wta,WTA 1000,China Open,Hard,3,Mai Hontama,Katie Boulter,game_handicap,player_a,4.5,0.4917,2.03,,,,,1,88,1900591
2026-09-30 07:30,wta,WTA 1000,China Open,Hard,3,Mai Hontama,Katie Boulter,game_handicap,player_b,-4.5,0.5083,1.97,,,,,1,88,1900591
2026-09-30 07:30,wta,WTA 1000,China Open,Hard,3,Taylah Preston,Tamara Korpatsch,winner,player_a,,0.5566,1.8,,,,,0,88,1899994
2026-09-30 07:30,wta,WTA 1000,China Open,Hard,3,Taylah Preston,Tamara Korpatsch,winner,player_b,,0.4434,2.26,,,,,0,88,1899994
2026-09-30 07:30,wta,WTA 1000,China Open,Hard,3,Taylah Preston,Tamara Korpatsch,total_games,over,20.5,0.4877,2.05,,,,,1,88,1899994
2026-09-30 07:30,wta,WTA 1000,China Open,Hard,3,Taylah Preston,Tamara Korpatsch,total_games,under,20.5,0.5123,1.95,,,,,1,88,1899994
2026-09-30 07:30,wta,WTA 1000,China Open,Hard,3,Taylah Preston,Tamara Korpatsch,p1_games,over,12.5,0.3856,2.59,,,,,1,88,1899994
2026-09-30 07:30,wta,WTA 1000,China Open,Hard,3,Taylah Preston,Tamara Korpatsch,p1_games,under,12.5,0.6144,1.63,,,,,1,88,1899994
2026-09-30 07:30,wta,WTA 1000,China Open,Hard,3,Taylah Preston,Tamara Korpatsch,p2_games,over,12.5,0.3522,2.84,,,,,1,88,1899994
2026-09-30 07:30,wta,WTA 1000,China Open,Hard,3,Taylah Preston,Tamara Korpatsch,p2_games,under,12.5,0.6478,1.54,,,,,1,88,1899994
2026-09-30 07:30,wta,WTA 1000,China Open,Hard,3,Taylah Preston,Tamara Korpatsch,game_handicap,player_a,-1.5,0.5176,1.93,,,,,1,88,1899994
2026-09-30 07:30,wta,WTA 1000,China Open,Hard,3,Taylah Preston,Tamara Korpatsch,game_handicap,player_b,1.5,0.4824,2.07,,,,,1,88,1899994
2026-09-30 11:00,wta,WTA 1000,China Open,Hard,3,Elsa Jacquemot,Magdalena Frech,winner,player_a,,0.2883,3.47,,,,,0,94,1900595
2026-09-30 11:00,wta,WTA 1000,China Open,Hard,3,Elsa Jacquemot,Magdalena Frech,winner,player_b,,0.7117,1.41,,,,,0,94,1900595
2026-09-30 11:00,wta,WTA 1000,China Open,Hard,3,Elsa Jacquemot,Magdalena Frech,total_games,over,20.5,0.4565,2.19,,,,,0,94,1900595
2026-09-30 11:00,wta,WTA 1000,China Open,Hard,3,Elsa Jacquemot,Magdalena Frech,total_games,under,20.5,0.5435,1.84,,,,,0,94,1900595
2026-09-30 11:00,wta,WTA 1000,China Open,Hard,3,Elsa Jacquemot,Magdalena Frech,p1_games,over,9.5,0.4919,2.03,,,,,0,94,1900595
2026-09-30 11:00,wta,WTA 1000,China Open,Hard,3,Elsa Jacquemot,Magdalena Frech,p1_games,under,9.5,0.5081,1.97,,,,,0,94,1900595
2026-09-30 11:00,wta,WTA 1000,China Open,Hard,3,Elsa Jacquemot,Magdalena Frech,p2_games,over,12.5,0.405,2.47,,,,,0,94,1900595
2026-09-30 11:00,wta,WTA 1000,China Open,Hard,3,Elsa Jacquemot,Magdalena Frech,p2_games,under,12.5,0.595,1.68,,,,,0,94,1900595
2026-09-30 11:00,wta,WTA 1000,China Open,Hard,3,Elsa Jacquemot,Magdalena Frech,game_handicap,player_a,4.5,0.4973,2.01,,,,,0,94,1900595
2026-09-30 11:00,wta,WTA 1000,China Open,Hard,3,Elsa Jacquemot,Magdalena Frech,game_handicap,player_b,-4.5,0.5027,1.99,,,,,0,94,1900595
2026-09-30 12:30,wta,WTA 1000,China Open,Hard,3,Anna Bondar,Renata Zarazua,winner,player_a,,0.5904,1.69,,,,,0,94,1899997
2026-09-30 12:30,wta,WTA 1000,China Open,Hard,3,Anna Bondar,Renata Zarazua,winner,player_b,,0.4096,2.44,,,,,0,94,1899997
2026-09-30 12:30,wta,WTA 1000,China Open,Hard,3,Anna Bondar,Renata Zarazua,total_games,over,21.5,0.454,2.2,,,,,0,94,1899997
2026-09-30 12:30,wta,WTA 1000,China Open,Hard,3,Anna Bondar,Renata Zarazua,total_games,under,21.5,0.546,1.83,,,,,0,94,1899997
2026-09-30 12:30,wta,WTA 1000,China Open,Hard,3,Anna Bondar,Renata Zarazua,p1_games,over,12.5,0.4081,2.45,,,,,0,94,1899997
2026-09-30 12:30,wta,WTA 1000,China Open,Hard,3,Anna Bondar,Renata Zarazua,p1_games,under,12.5,0.5919,1.69,,,,,0,94,1899997
2026-09-30 12:30,wta,WTA 1000,China Open,Hard,3,Anna Bondar,Renata Zarazua,p2_games,over,12.5,0.3541,2.82,,,,,0,94,1899997
2026-09-30 12:30,wta,WTA 1000,China Open,Hard,3,Anna Bondar,Renata Zarazua,p2_games,under,12.5,0.6459,1.55,,,,,0,94,1899997
2026-09-30 12:30,wta,WTA 1000,China Open,Hard,3,Anna Bondar,Renata Zarazua,game_handicap,player_a,-2.5,0.513,1.95,,,,,0,94,1899997
2026-09-30 12:30,wta,WTA 1000,China Open,Hard,3,Anna Bondar,Renata Zarazua,game_handicap,player_b,2.5,0.487,2.05,,,,,0,94,1899997
2026-09-30 08:30,atp,ATP Challenger,"Bari, Italy",N/A,3,Gianluca Cadenasso,Lorenzo Angelini,winner,player_a,,0.7443,1.34,1.18,0.7923,-4.8,-0.1217,0,59,1900515
2026-09-30 08:30,atp,ATP Challenger,"Bari, Italy",N/A,3,Gianluca Cadenasso,Lorenzo Angelini,winner,player_b,,0.2557,3.91,4.5,0.2077,4.8,0.1506,0,59,1900515
2026-09-30 08:30,atp,ATP Challenger,"Bari, Italy",N/A,3,Gianluca Cadenasso,Lorenzo Angelini,total_games,over,19.5,0.5845,1.71,1.89,0.4892,9.5,0.1047,1,59,1900515
2026-09-30 08:30,atp,ATP Challenger,"Bari, Italy",N/A,3,Gianluca Cadenasso,Lorenzo Angelini,total_games,under,19.5,0.4155,2.41,1.81,0.5108,-9.5,-0.2479,1,59,1900515
2026-09-30 08:30,atp,ATP Challenger,"Bari, Italy",N/A,3,Gianluca Cadenasso,Lorenzo Angelini,p1_games,over,12.5,0.4691,2.13,2.18,0.4248,4.4,0.0226,1,59,1900515
2026-09-30 08:30,atp,ATP Challenger,"Bari, Italy",N/A,3,Gianluca Cadenasso,Lorenzo Angelini,p1_games,under,12.5,0.5309,1.88,1.61,0.5752,-4.4,-0.1452,1,59,1900515
2026-09-30 08:30,atp,ATP Challenger,"Bari, Italy",N/A,3,Gianluca Cadenasso,Lorenzo Angelini,p2_games,over,7.5,0.6194,1.61,1.84,0.5027,11.7,0.1397,1,59,1900515
2026-09-30 08:30,atp,ATP Challenger,"Bari, Italy",N/A,3,Gianluca Cadenasso,Lorenzo Angelini,p2_games,under,7.5,0.3806,2.63,1.86,0.4973,-11.7,-0.2921,1,59,1900515
2026-09-30 08:30,atp,ATP Challenger,"Bari, Italy",N/A,3,Gianluca Cadenasso,Lorenzo Angelini,game_handicap,player_a,-3.5,0.5899,1.7,,,,,1,59,1900515
2026-09-30 08:30,atp,ATP Challenger,"Bari, Italy",N/A,3,Gianluca Cadenasso,Lorenzo Angelini,game_handicap,player_b,3.5,0.4101,2.44,,,,,1,59,1900515
2026-09-30 08:30,atp,ATP Challenger,"Bari, Italy",N/A,3,Juan Martin,Jay Clarke,winner,player_a,,0.3638,2.75,,,,,0,75,1900612
2026-09-30 08:30,atp,ATP Challenger,"Bari, Italy",N/A,3,Juan Martin,Jay Clarke,winner,player_b,,0.6362,1.57,,,,,0,75,1900612
2026-09-30 08:30,atp,ATP Challenger,"Bari, Italy",N/A,3,Juan Martin,Jay Clarke,total_games,over,22.5,0.4577,2.18,,,,,1,75,1900612
2026-09-30 08:30,atp,ATP Challenger,"Bari, Italy",N/A,3,Juan Martin,Jay Clarke,total_games,under,22.5,0.5423,1.84,,,,,1,75,1900612
2026-09-30 08:30,atp,ATP Challenger,"Bari, Italy",N/A,3,Juan Martin,Jay Clarke,p1_games,over,12.5,0.3944,2.54,,,,,1,75,1900612
2026-09-30 08:30,atp,ATP Challenger,"Bari, Italy",N/A,3,Juan Martin,Jay Clarke,p1_games,under,12.5,0.6056,1.65,,,,,1,75,1900612
2026-09-30 08:30,atp,ATP Challenger,"Bari, Italy",N/A,3,Juan Martin,Jay Clarke,p2_games,over,12.5,0.4901,2.04,,,,,1,75,1900612
2026-09-30 08:30,atp,ATP Challenger,"Bari, Italy",N/A,3,Juan Martin,Jay Clarke,p2_games,under,12.5,0.5099,1.96,,,,,1,75,1900612
2026-09-30 08:30,atp,ATP Challenger,"Bari, Italy",N/A,3,Juan Martin,Jay Clarke,game_handicap,player_a,2.5,0.4617,2.17,,,,,1,75,1900612
2026-09-30 08:30,atp,ATP Challenger,"Bari, Italy",N/A,3,Juan Martin,Jay Clarke,game_handicap,player_b,-2.5,0.5383,1.86,,,,,1,75,1900612
2026-09-30 10:00,atp,ATP Challenger,"Bari, Italy",N/A,3,Dimitar Kuzmanov,Vitaliy Sachko,winner,player_a,,0.3776,2.65,2.42,0.3858,-0.8,-0.0863,0,88,1900516
2026-09-30 10:00,atp,ATP Challenger,"Bari, Italy",N/A,3,Dimitar Kuzmanov,Vitaliy Sachko,winner,player_b,,0.6224,1.61,1.52,0.6142,0.8,-0.0539,0,88,1900516
2026-09-30 10:00,atp,ATP Challenger,"Bari, Italy",N/A,3,Dimitar Kuzmanov,Vitaliy Sachko,total_games,over,21.5,0.5128,1.95,1.8,0.5135,-0.1,-0.077,0,88,1900516
2026-09-30 10:00,atp,ATP Challenger,"Bari, Italy",N/A,3,Dimitar Kuzmanov,Vitaliy Sachko,total_games,under,21.5,0.4872,2.05,1.9,0.4865,0.1,-0.0743,0,88,1900516
2026-09-30 10:00,atp,ATP Challenger,"Bari, Italy",N/A,3,Dimitar Kuzmanov,Vitaliy Sachko,p1_games,over,11.5,0.547,1.83,1.71,0.5416,0.5,-0.0647,0,88,1900516
2026-09-30 10:00,atp,ATP Challenger,"Bari, Italy",N/A,3,Dimitar Kuzmanov,Vitaliy Sachko,p1_games,under,11.5,0.453,2.21,2.02,0.4584,-0.5,-0.0848,0,88,1900516
2026-09-30 10:00,atp,ATP Challenger,"Bari, Italy",N/A,3,Dimitar Kuzmanov,Vitaliy Sachko,p2_games,over,12.5,0.4717,2.12,1.94,0.4785,-0.7,-0.085,0,88,1900516
2026-09-30 10:00,atp,ATP Challenger,"Bari, Italy",N/A,3,Dimitar Kuzmanov,Vitaliy Sachko,p2_games,under,12.5,0.5283,1.89,1.78,0.5215,0.7,-0.0596,0,88,1900516
2026-09-30 10:00,atp,ATP Challenger,"Bari, Italy",N/A,3,Dimitar Kuzmanov,Vitaliy Sachko,game_handicap,player_a,2.5,0.4704,2.13,,,,,0,88,1900516
2026-09-30 10:00,atp,ATP Challenger,"Bari, Italy",N/A,3,Dimitar Kuzmanov,Vitaliy Sachko,game_handicap,player_b,-2.5,0.5296,1.89,,,,,0,88,1900516
2026-09-30 11:30,atp,ATP Challenger,"Bari, Italy",N/A,3,Zsombor Piros,Enrico Dalla Valle,winner,player_a,,0.777,1.29,1.4,0.6667,11.0,0.0878,0,88,1900388
2026-09-30 11:30,atp,ATP Challenger,"Bari, Italy",N/A,3,Zsombor Piros,Enrico Dalla Valle,winner,player_b,,0.223,4.48,2.8,0.3333,-11.0,-0.3757,0,88,1900388
2026-09-30 11:30,atp,ATP Challenger,"Bari, Italy",N/A,3,Zsombor Piros,Enrico Dalla Valle,total_games,over,21.5,0.4557,2.19,1.77,0.5229,-6.7,-0.1934,0,88,1900388
2026-09-30 11:30,atp,ATP Challenger,"Bari, Italy",N/A,3,Zsombor Piros,Enrico Dalla Valle,total_games,under,21.5,0.5443,1.84,1.94,0.4771,6.7,0.056,0,88,1900388
2026-09-30 11:30,atp,ATP Challenger,"Bari, Italy",N/A,3,Zsombor Piros,Enrico Dalla Valle,p1_games,over,12.5,0.4771,2.1,1.83,0.5067,-3.0,-0.1269,0,88,1900388
2026-09-30 11:30,atp,ATP Challenger,"Bari, Italy",N/A,3,Zsombor Piros,Enrico Dalla Valle,p1_games,under,12.5,0.5229,1.91,1.88,0.4933,3.0,-0.0169,0,88,1900388
2026-09-30 11:30,atp,ATP Challenger,"Bari, Italy",N/A,3,Zsombor Piros,Enrico Dalla Valle,p2_games,over,11.5,0.3878,2.58,1.85,0.5013,-11.4,-0.2827,0,88,1900388
2026-09-30 11:30,atp,ATP Challenger,"Bari, Italy",N/A,3,Zsombor Piros,Enrico Dalla Valle,p2_games,under,11.5,0.6122,1.63,1.86,0.4987,11.4,0.1388,0,88,1900388
2026-09-30 11:30,atp,ATP Challenger,"Bari, Italy",N/A,3,Zsombor Piros,Enrico Dalla Valle,game_handicap,player_a,-4.5,0.5007,2.0,,,,,0,88,1900388
2026-09-30 11:30,atp,ATP Challenger,"Bari, Italy",N/A,3,Zsombor Piros,Enrico Dalla Valle,game_handicap,player_b,4.5,0.4993,2.0,,,,,0,88,1900388
2026-09-30 14:00,atp,ATP Challenger,"Columbus, USA",Hard,3,Abedallah Shelbayh,Danil Ostapenkov,winner,player_a,,0.6646,1.5,1.3,0.7174,-5.3,-0.136,0,94,1900751
2026-09-30 14:00,atp,ATP Challenger,"Columbus, USA",Hard,3,Abedallah Shelbayh,Danil Ostapenkov,winner,player_b,,0.3354,2.98,3.3,0.2826,5.3,0.1067,0,94,1900751
2026-09-30 14:00,atp,ATP Challenger,"Columbus, USA",Hard,3,Abedallah Shelbayh,Danil Ostapenkov,total_games,over,22.5,0.4571,2.19,,,,,0,94,1900751
2026-09-30 14:00,atp,ATP Challenger,"Columbus, USA",Hard,3,Abedallah Shelbayh,Danil Ostapenkov,total_games,under,22.5,0.5429,1.84,,,,,0,94,1900751
2026-09-30 14:00,atp,ATP Challenger,"Columbus, USA",Hard,3,Abedallah Shelbayh,Danil Ostapenkov,p1_games,over,13.5,0.3238,3.09,,,,,0,94,1900751
2026-09-30 14:00,atp,ATP Challenger,"Columbus, USA",Hard,3,Abedallah Shelbayh,Danil Ostapenkov,p1_games,under,13.5,0.6762,1.48,,,,,0,94,1900751
2026-09-30 14:00,atp,ATP Challenger,"Columbus, USA",Hard,3,Abedallah Shelbayh,Danil Ostapenkov,p2_games,over,12.5,0.3859,2.59,,,,,0,94,1900751
2026-09-30 14:00,atp,ATP Challenger,"Columbus, USA",Hard,3,Abedallah Shelbayh,Danil Ostapenkov,p2_games,under,12.5,0.6141,1.63,,,,,0,94,1900751
2026-09-30 14:00,atp,ATP Challenger,"Columbus, USA",Hard,3,Abedallah Shelbayh,Danil Ostapenkov,game_handicap,player_a,-2.5,0.5643,1.77,,,,,0,94,1900751
2026-09-30 14:00,atp,ATP Challenger,"Columbus, USA",Hard,3,Abedallah Shelbayh,Danil Ostapenkov,game_handicap,player_b,2.5,0.4357,2.3,,,,,0,94,1900751
2026-09-30 14:00,atp,ATP Challenger,"Columbus, USA",Hard,3,Braden Shick,Mees Rottgering,winner,player_a,,0.4637,2.16,2.08,0.4497,1.4,-0.0354,0,100,1900425
2026-09-30 14:00,atp,ATP Challenger,"Columbus, USA",Hard,3,Braden Shick,Mees Rottgering,winner,player_b,,0.5363,1.86,1.7,0.5503,-1.4,-0.0883,0,100,1900425
2026-09-30 14:00,atp,ATP Challenger,"Columbus, USA",Hard,3,Braden Shick,Mees Rottgering,total_games,over,22.5,0.4714,2.12,,,,,0,100,1900425
2026-09-30 14:00,atp,ATP Challenger,"Columbus, USA",Hard,3,Braden Shick,Mees Rottgering,total_games,under,22.5,0.5286,1.89,,,,,0,100,1900425
2026-09-30 14:00,atp,ATP Challenger,"Columbus, USA",Hard,3,Braden Shick,Mees Rottgering,p1_games,over,12.5,0.44,2.27,,,,,0,100,1900425
2026-09-30 14:00,atp,ATP Challenger,"Columbus, USA",Hard,3,Braden Shick,Mees Rottgering,p1_games,under,12.5,0.56,1.79,,,,,0,100,1900425
2026-09-30 14:00,atp,ATP Challenger,"Columbus, USA",Hard,3,Braden Shick,Mees Rottgering,p2_games,over,12.5,0.4654,2.15,,,,,0,100,1900425
2026-09-30 14:00,atp,ATP Challenger,"Columbus, USA",Hard,3,Braden Shick,Mees Rottgering,p2_games,under,12.5,0.5346,1.87,,,,,0,100,1900425
2026-09-30 14:00,atp,ATP Challenger,"Columbus, USA",Hard,3,Braden Shick,Mees Rottgering,game_handicap,player_a,0.5,0.4801,2.08,,,,,0,100,1900425
2026-09-30 14:00,atp,ATP Challenger,"Columbus, USA",Hard,3,Braden Shick,Mees Rottgering,game_handicap,player_b,-0.5,0.5199,1.92,,,,,0,100,1900425
2026-09-30 14:00,atp,ATP Challenger,"Columbus, USA",Hard,3,Darwin Blanch,Daniel Milavsky,winner,player_a,,0.65,1.54,1.61,0.5807,6.9,0.0465,0,100,1900763
2026-09-30 14:00,atp,ATP Challenger,"Columbus, USA",Hard,3,Darwin Blanch,Daniel Milavsky,winner,player_b,,0.35,2.86,2.23,0.4193,-6.9,-0.2195,0,100,1900763
2026-09-30 14:00,atp,ATP Challenger,"Columbus, USA",Hard,3,Darwin Blanch,Daniel Milavsky,total_games,over,22.5,0.4972,2.01,,,,,0,100,1900763
2026-09-30 14:00,atp,ATP Challenger,"Columbus, USA",Hard,3,Darwin Blanch,Daniel Milavsky,total_games,under,22.5,0.5028,1.99,,,,,0,100,1900763
2026-09-30 14:00,atp,ATP Challenger,"Columbus, USA",Hard,3,Darwin Blanch,Daniel Milavsky,p1_games,over,13.5,0.3529,2.83,,,,,0,100,1900763
2026-09-30 14:00,atp,ATP Challenger,"Columbus, USA",Hard,3,Darwin Blanch,Daniel Milavsky,p1_games,under,13.5,0.6471,1.55,,,,,0,100,1900763
2026-09-30 14:00,atp,ATP Challenger,"Columbus, USA",Hard,3,Darwin Blanch,Daniel Milavsky,p2_games,over,12.5,0.4284,2.33,,,,,0,100,1900763
2026-09-30 14:00,atp,ATP Challenger,"Columbus, USA",Hard,3,Darwin Blanch,Daniel Milavsky,p2_games,under,12.5,0.5716,1.75,,,,,0,100,1900763
2026-09-30 14:00,atp,ATP Challenger,"Columbus, USA",Hard,3,Darwin Blanch,Daniel Milavsky,game_handicap,player_a,-2.5,0.5328,1.88,,,,,0,100,1900763
2026-09-30 14:00,atp,ATP Challenger,"Columbus, USA",Hard,3,Darwin Blanch,Daniel Milavsky,game_handicap,player_b,2.5,0.4672,2.14,,,,,0,100,1900763
2026-09-30 13:00,atp,ATP Challenger,"Curitiba, Brazil",Clay,3,Bruno Fernandez,Lautaro Midon,winner,player_a,,0.1781,5.62,7.0,0.1337,4.4,0.2464,0,100,1900764
2026-09-30 13:00,atp,ATP Challenger,"Curitiba, Brazil",Clay,3,Bruno Fernandez,Lautaro Midon,winner,player_b,,0.8219,1.22,1.08,0.8663,-4.4,-0.1123,0,100,1900764
2026-09-30 13:00,atp,ATP Challenger,"Curitiba, Brazil",Clay,3,Bruno Fernandez,Lautaro Midon,total_games,over,19.5,0.4929,2.03,,,,,0,100,1900764
2026-09-30 13:00,atp,ATP Challenger,"Curitiba, Brazil",Clay,3,Bruno Fernandez,Lautaro Midon,total_games,under,19.5,0.5071,1.97,,,,,0,100,1900764
2026-09-30 13:00,atp,ATP Challenger,"Curitiba, Brazil",Clay,3,Bruno Fernandez,Lautaro Midon,p1_games,over,8.5,0.4368,2.29,,,,,0,100,1900764
2026-09-30 13:00,atp,ATP Challenger,"Curitiba, Brazil",Clay,3,Bruno Fernandez,Lautaro Midon,p1_games,under,8.5,0.5632,1.78,,,,,0,100,1900764
2026-09-30 13:00,atp,ATP Challenger,"Curitiba, Brazil",Clay,3,Bruno Fernandez,Lautaro Midon,p2_games,over,12.5,0.4197,2.38,,,,,0,100,1900764
2026-09-30 13:00,atp,ATP Challenger,"Curitiba, Brazil",Clay,3,Bruno Fernandez,Lautaro Midon,p2_games,under,12.5,0.5803,1.72,,,,,0,100,1900764
2026-09-30 13:00,atp,ATP Challenger,"Curitiba, Brazil",Clay,3,Bruno Fernandez,Lautaro Midon,game_handicap,player_a,4.5,0.3958,2.53,,,,,0,100,1900764
2026-09-30 13:00,atp,ATP Challenger,"Curitiba, Brazil",Clay,3,Bruno Fernandez,Lautaro Midon,game_handicap,player_b,-4.5,0.6042,1.66,,,,,0,100,1900764
2026-09-30 13:00,atp,ATP Challenger,"Curitiba, Brazil",Clay,3,Gustavo Heide,Felipe Meligeni Rodrigues Alves,winner,player_a,,0.7204,1.39,1.53,0.6097,11.1,0.1022,0,94,1900754
2026-09-30 13:00,atp,ATP Challenger,"Curitiba, Brazil",Clay,3,Gustavo Heide,Felipe Meligeni Rodrigues Alves,winner,player_b,,0.2796,3.58,2.39,0.3903,-11.1,-0.3318,0,94,1900754
2026-09-30 13:00,atp,ATP Challenger,"Curitiba, Brazil",Clay,3,Gustavo Heide,Felipe Meligeni Rodrigues Alves,total_games,over,21.5,0.4944,2.02,,,,,0,94,1900754
2026-09-30 13:00,atp,ATP Challenger,"Curitiba, Brazil",Clay,3,Gustavo Heide,Felipe Meligeni Rodrigues Alves,total_games,under,21.5,0.5056,1.98,,,,,0,94,1900754
2026-09-30 13:00,atp,ATP Challenger,"Curitiba, Brazil",Clay,3,Gustavo Heide,Felipe Meligeni Rodrigues Alves,p1_games,over,12.5,0.492,2.03,,,,,0,94,1900754
2026-09-30 13:00,atp,ATP Challenger,"Curitiba, Brazil",Clay,3,Gustavo Heide,Felipe Meligeni Rodrigues Alves,p1_games,under,12.5,0.508,1.97,,,,,0,94,1900754
2026-09-30 13:00,atp,ATP Challenger,"Curitiba, Brazil",Clay,3,Gustavo Heide,Felipe Meligeni Rodrigues Alves,p2_games,over,10.5,0.4909,2.04,,,,,0,94,1900754
2026-09-30 13:00,atp,ATP Challenger,"Curitiba, Brazil",Clay,3,Gustavo Heide,Felipe Meligeni Rodrigues Alves,p2_games,under,10.5,0.5091,1.96,,,,,0,94,1900754
2026-09-30 13:00,atp,ATP Challenger,"Curitiba, Brazil",Clay,3,Gustavo Heide,Felipe Meligeni Rodrigues Alves,game_handicap,player_a,-3.5,0.55,1.82,,,,,0,94,1900754
2026-09-30 13:00,atp,ATP Challenger,"Curitiba, Brazil",Clay,3,Gustavo Heide,Felipe Meligeni Rodrigues Alves,game_handicap,player_b,3.5,0.45,2.22,,,,,0,94,1900754
2026-09-30 13:00,atp,ATP Challenger,"Curitiba, Brazil",Clay,3,Joao Lucas Da Silva,Matheus Pucinelli de Almeida,winner,player_a,,0.427,2.34,2.35,0.3974,3.0,0.0035,0,81,1900752
2026-09-30 13:00,atp,ATP Challenger,"Curitiba, Brazil",Clay,3,Joao Lucas Da Silva,Matheus Pucinelli de Almeida,winner,player_b,,0.573,1.75,1.55,0.6026,-3.0,-0.1119,0,81,1900752
2026-09-30 13:00,atp,ATP Challenger,"Curitiba, Brazil",Clay,3,Joao Lucas Da Silva,Matheus Pucinelli de Almeida,total_games,over,22.5,0.4492,2.23,,,,,1,81,1900752
2026-09-30 13:00,atp,ATP Challenger,"Curitiba, Brazil",Clay,3,Joao Lucas Da Silva,Matheus Pucinelli de Almeida,total_games,under,22.5,0.5508,1.82,,,,,1,81,1900752
2026-09-30 13:00,atp,ATP Challenger,"Curitiba, Brazil",Clay,3,Joao Lucas Da Silva,Matheus Pucinelli de Almeida,p1_games,over,12.5,0.4026,2.48,,,,,1,81,1900752
2026-09-30 13:00,atp,ATP Challenger,"Curitiba, Brazil",Clay,3,Joao Lucas Da Silva,Matheus Pucinelli de Almeida,p1_games,under,12.5,0.5974,1.67,,,,,1,81,1900752
2026-09-30 13:00,atp,ATP Challenger,"Curitiba, Brazil",Clay,3,Joao Lucas Da Silva,Matheus Pucinelli de Almeida,p2_games,over,12.5,0.4527,2.21,,,,,1,81,1900752
2026-09-30 13:00,atp,ATP Challenger,"Curitiba, Brazil",Clay,3,Joao Lucas Da Silva,Matheus Pucinelli de Almeida,p2_games,under,12.5,0.5473,1.83,,,,,1,81,1900752
2026-09-30 13:00,atp,ATP Challenger,"Curitiba, Brazil",Clay,3,Joao Lucas Da Silva,Matheus Pucinelli de Almeida,game_handicap,player_a,1.5,0.4736,2.11,,,,,1,81,1900752
2026-09-30 13:00,atp,ATP Challenger,"Curitiba, Brazil",Clay,3,Joao Lucas Da Silva,Matheus Pucinelli de Almeida,game_handicap,player_b,-1.5,0.5264,1.9,,,,,1,81,1900752
2026-09-30 13:00,atp,ATP Challenger,"Curitiba, Brazil",Clay,3,Juan Bautista Torres,Marcelo Barrios,winner,player_a,,0.7843,1.28,,,,,0,62,1900749
2026-09-30 13:00,atp,ATP Challenger,"Curitiba, Brazil",Clay,3,Juan Bautista Torres,Marcelo Barrios,winner,player_b,,0.2157,4.64,,,,,0,62,1900749
2026-09-30 13:00,atp,ATP Challenger,"Curitiba, Brazil",Clay,3,Juan Bautista Torres,Marcelo Barrios,total_games,over,20.5,0.4551,2.2,,,,,1,62,1900749
2026-09-30 13:00,atp,ATP Challenger,"Curitiba, Brazil",Clay,3,Juan Bautista Torres,Marcelo Barrios,total_games,under,20.5,0.5449,1.84,,,,,1,62,1900749
2026-09-30 13:00,atp,ATP Challenger,"Curitiba, Brazil",Clay,3,Juan Bautista Torres,Marcelo Barrios,p1_games,over,12.5,0.4314,2.32,,,,,1,62,1900749
2026-09-30 13:00,atp,ATP Challenger,"Curitiba, Brazil",Clay,3,Juan Bautista Torres,Marcelo Barrios,p1_games,under,12.5,0.5686,1.76,,,,,1,62,1900749
2026-09-30 13:00,atp,ATP Challenger,"Curitiba, Brazil",Clay,3,Juan Bautista Torres,Marcelo Barrios,p2_games,over,8.5,0.4821,2.07,,,,,1,62,1900749
2026-09-30 13:00,atp,ATP Challenger,"Curitiba, Brazil",Clay,3,Juan Bautista Torres,Marcelo Barrios,p2_games,under,8.5,0.5179,1.93,,,,,1,62,1900749
2026-09-30 13:00,atp,ATP Challenger,"Curitiba, Brazil",Clay,3,Juan Bautista Torres,Marcelo Barrios,game_handicap,player_a,-4.5,0.5609,1.78,,,,,1,62,1900749
2026-09-30 13:00,atp,ATP Challenger,"Curitiba, Brazil",Clay,3,Juan Bautista Torres,Marcelo Barrios,game_handicap,player_b,4.5,0.4391,2.28,,,,,1,62,1900749
2026-09-30 03:00,atp,ATP Challenger,"Jingshan, China",Hard,3,Adam Walton,Moise Kouame,winner,player_a,,0.7472,1.34,1.44,0.6479,9.9,0.076,0,100,1900584
2026-09-30 03:00,atp,ATP Challenger,"Jingshan, China",Hard,3,Adam Walton,Moise Kouame,winner,player_b,,0.2528,3.96,2.65,0.3521,-9.9,-0.3301,0,100,1900584
2026-09-30 03:00,atp,ATP Challenger,"Jingshan, China",Hard,3,Adam Walton,Moise Kouame,total_games,over,21.5,0.4949,2.02,1.8,0.5148,-2.0,-0.1092,0,100,1900584
2026-09-30 03:00,atp,ATP Challenger,"Jingshan, China",Hard,3,Adam Walton,Moise Kouame,total_games,under,21.5,0.5051,1.98,1.91,0.4852,2.0,-0.0352,0,100,1900584
2026-09-30 03:00,atp,ATP Challenger,"Jingshan, China",Hard,3,Adam Walton,Moise Kouame,p1_games,over,12.5,0.5022,1.99,1.88,0.4933,0.9,-0.0559,0,100,1900584
2026-09-30 03:00,atp,ATP Challenger,"Jingshan, China",Hard,3,Adam Walton,Moise Kouame,p1_games,under,12.5,0.4978,2.01,1.83,0.5067,-0.9,-0.089,0,100,1900584
2026-09-30 03:00,atp,ATP Challenger,"Jingshan, China",Hard,3,Adam Walton,Moise Kouame,p2_games,over,11.5,0.4335,2.31,1.81,0.5121,-7.9,-0.2155,0,100,1900584
2026-09-30 03:00,atp,ATP Challenger,"Jingshan, China",Hard,3,Adam Walton,Moise Kouame,p2_games,under,11.5,0.5665,1.77,1.9,0.4879,7.9,0.0764,0,100,1900584
2026-09-30 03:00,atp,ATP Challenger,"Jingshan, China",Hard,3,Adam Walton,Moise Kouame,game_handicap,player_a,-3.5,0.5682,1.76,,,,,0,100,1900584
2026-09-30 03:00,atp,ATP Challenger,"Jingshan, China",Hard,3,Adam Walton,Moise Kouame,game_handicap,player_b,3.5,0.4318,2.32,,,,,0,100,1900584
2026-09-30 03:00,atp,ATP Challenger,"Jingshan, China",Hard,3,Elias Ymer,Terence Atmane,winner,player_a,,0.2411,4.15,3.9,0.2398,0.1,-0.0599,0,100,1900583
2026-09-30 03:00,atp,ATP Challenger,"Jingshan, China",Hard,3,Elias Ymer,Terence Atmane,winner,player_b,,0.7589,1.32,1.23,0.7602,-0.1,-0.0665,0,100,1900583
2026-09-30 03:00,atp,ATP Challenger,"Jingshan, China",Hard,3,Elias Ymer,Terence Atmane,total_games,over,21.5,0.5107,1.96,1.78,0.5202,-1.0,-0.0909,0,100,1900583
2026-09-30 03:00,atp,ATP Challenger,"Jingshan, China",Hard,3,Elias Ymer,Terence Atmane,total_games,under,21.5,0.4893,2.04,1.93,0.4798,1.0,-0.0557,0,100,1900583
2026-09-30 03:00,atp,ATP Challenger,"Jingshan, China",Hard,3,Elias Ymer,Terence Atmane,p1_games,over,9.5,0.5181,1.93,1.88,0.4919,2.6,-0.026,0,100,1900583
2026-09-30 03:00,atp,ATP Challenger,"Jingshan, China",Hard,3,Elias Ymer,Terence Atmane,p1_games,under,9.5,0.4819,2.08,1.82,0.5081,-2.6,-0.1229,0,100,1900583
2026-09-30 03:00,atp,ATP Challenger,"Jingshan, China",Hard,3,Elias Ymer,Terence Atmane,p2_games,over,12.5,0.5211,1.92,1.76,0.5256,-0.4,-0.0828,0,100,1900583
2026-09-30 03:00,atp,ATP Challenger,"Jingshan, China",Hard,3,Elias Ymer,Terence Atmane,p2_games,under,12.5,0.4789,2.09,1.95,0.4744,0.4,-0.0662,0,100,1900583
2026-09-30 03:00,atp,ATP Challenger,"Jingshan, China",Hard,3,Elias Ymer,Terence Atmane,game_handicap,player_a,3.5,0.4347,2.3,,,,,0,100,1900583
2026-09-30 03:00,atp,ATP Challenger,"Jingshan, China",Hard,3,Elias Ymer,Terence Atmane,game_handicap,player_b,-3.5,0.5653,1.77,,,,,0,100,1900583
2026-09-30 03:00,atp,ATP Challenger,"Jingshan, China",Hard,3,Evan Zhu,Hanyi Liu,winner,player_a,,0.6176,1.62,1.22,0.7663,-14.9,-0.2466,0,100,1900575
2026-09-30 03:00,atp,ATP Challenger,"Jingshan, China",Hard,3,Evan Zhu,Hanyi Liu,winner,player_b,,0.3824,2.61,4.0,0.2337,14.9,0.5297,0,100,1900575
2026-09-30 03:00,atp,ATP Challenger,"Jingshan, China",Hard,3,Evan Zhu,Hanyi Liu,total_games,over,20.5,0.6111,1.64,1.88,0.4933,11.8,0.1489,0,100,1900575
2026-09-30 03:00,atp,ATP Challenger,"Jingshan, China",Hard,3,Evan Zhu,Hanyi Liu,total_games,under,20.5,0.3889,2.57,1.83,0.5067,-11.8,-0.2884,0,100,1900575
2026-09-30 03:00,atp,ATP Challenger,"Jingshan, China",Hard,3,Evan Zhu,Hanyi Liu,p1_games,over,12.5,0.5094,1.96,2.03,0.4558,5.4,0.034,0,100,1900575
2026-09-30 03:00,atp,ATP Challenger,"Jingshan, China",Hard,3,Evan Zhu,Hanyi Liu,p1_games,under,12.5,0.4906,2.04,1.7,0.5442,-5.4,-0.1659,0,100,1900575
2026-09-30 03:00,atp,ATP Challenger,"Jingshan, China",Hard,3,Evan Zhu,Hanyi Liu,p2_games,over,8.5,0.7006,1.43,1.91,0.4852,21.5,0.3381,0,100,1900575
2026-09-30 03:00,atp,ATP Challenger,"Jingshan, China",Hard,3,Evan Zhu,Hanyi Liu,p2_games,under,8.5,0.2994,3.34,1.8,0.5148,-21.5,-0.4611,0,100,1900575
2026-09-30 03:00,atp,ATP Challenger,"Jingshan, China",Hard,3,Evan Zhu,Hanyi Liu,game_handicap,player_a,-2.5,0.5107,1.96,,,,,0,100,1900575
2026-09-30 03:00,atp,ATP Challenger,"Jingshan, China",Hard,3,Evan Zhu,Hanyi Liu,game_handicap,player_b,2.5,0.4893,2.04,,,,,0,100,1900575
2026-09-30 03:00,atp,ATP Challenger,"Jingshan, China",Hard,3,Masamichi Imamura,Petr Bar Biryukov,winner,player_a,,0.3819,2.62,2.08,0.4497,-6.8,-0.2056,0,100,1899752
2026-09-30 03:00,atp,ATP Challenger,"Jingshan, China",Hard,3,Masamichi Imamura,Petr Bar Biryukov,winner,player_b,,0.6181,1.62,1.7,0.5503,6.8,0.0507,0,100,1899752
2026-09-30 03:00,atp,ATP Challenger,"Jingshan, China",Hard,3,Masamichi Imamura,Petr Bar Biryukov,total_games,over,22.5,0.4926,2.03,1.86,0.4973,-0.5,-0.0837,0,100,1899752
2026-09-30 03:00,atp,ATP Challenger,"Jingshan, China",Hard,3,Masamichi Imamura,Petr Bar Biryukov,total_games,under,22.5,0.5074,1.97,1.84,0.5027,0.5,-0.0665,0,100,1899752
2026-09-30 03:00,atp,ATP Challenger,"Jingshan, China",Hard,3,Masamichi Imamura,Petr Bar Biryukov,p1_games,over,12.5,0.4354,2.3,2.08,0.4453,-1.0,-0.0943,0,100,1899752
2026-09-30 03:00,atp,ATP Challenger,"Jingshan, China",Hard,3,Masamichi Imamura,Petr Bar Biryukov,p1_games,under,12.5,0.5646,1.77,1.67,0.5547,1.0,-0.0571,0,100,1899752
2026-09-30 03:00,atp,ATP Challenger,"Jingshan, China",Hard,3,Masamichi Imamura,Petr Bar Biryukov,p2_games,over,12.5,0.5231,1.91,1.91,0.4852,3.8,-0.0008,0,100,1899752
2026-09-30 03:00,atp,ATP Challenger,"Jingshan, China",Hard,3,Masamichi Imamura,Petr Bar Biryukov,p2_games,under,12.5,0.4769,2.1,1.8,0.5148,-3.8,-0.1417,0,100,1899752
2026-09-30 03:00,atp,ATP Challenger,"Jingshan, China",Hard,3,Masamichi Imamura,Petr Bar Biryukov,game_handicap,player_a,2.5,0.4937,2.03,,,,,0,100,1899752
2026-09-30 03:00,atp,ATP Challenger,"Jingshan, China",Hard,3,Masamichi Imamura,Petr Bar Biryukov,game_handicap,player_b,-2.5,0.5063,1.98,,,,,0,100,1899752
2026-09-30 03:00,atp,ATP Challenger,"Jingshan, China",Hard,3,Mattia Bellucci,Alexandre Muller,winner,player_a,,0.5331,1.88,1.43,0.6538,-12.1,-0.2377,0,100,1900573
2026-09-30 03:00,atp,ATP Challenger,"Jingshan, China",Hard,3,Mattia Bellucci,Alexandre Muller,winner,player_b,,0.4669,2.14,2.7,0.3462,12.1,0.2606,0,100,1900573
2026-09-30 03:00,atp,ATP Challenger,"Jingshan, China",Hard,3,Mattia Bellucci,Alexandre Muller,total_games,over,21.5,0.5707,1.75,1.8,0.5148,5.6,0.0273,0,100,1900573
2026-09-30 03:00,atp,ATP Challenger,"Jingshan, China",Hard,3,Mattia Bellucci,Alexandre Muller,total_games,under,21.5,0.4293,2.33,1.91,0.4852,-5.6,-0.1801,0,100,1900573
2026-09-30 03:00,atp,ATP Challenger,"Jingshan, China",Hard,3,Mattia Bellucci,Alexandre Muller,p1_games,over,12.5,0.4899,2.04,1.88,0.4933,-0.3,-0.0789,0,100,1900573
2026-09-30 03:00,atp,ATP Challenger,"Jingshan, China",Hard,3,Mattia Bellucci,Alexandre Muller,p1_games,under,12.5,0.5101,1.96,1.83,0.5067,0.3,-0.0666,0,100,1900573
2026-09-30 03:00,atp,ATP Challenger,"Jingshan, China",Hard,3,Mattia Bellucci,Alexandre Muller,p2_games,over,11.5,0.6484,1.54,1.81,0.5108,13.8,0.1736,0,100,1900573
2026-09-30 03:00,atp,ATP Challenger,"Jingshan, China",Hard,3,Mattia Bellucci,Alexandre Muller,p2_games,under,11.5,0.3516,2.84,1.89,0.4892,-13.8,-0.3354,0,100,1900573
2026-09-30 03:00,atp,ATP Challenger,"Jingshan, China",Hard,3,Mattia Bellucci,Alexandre Muller,game_handicap,player_a,-0.5,0.5169,1.93,,,,,0,100,1900573
2026-09-30 03:00,atp,ATP Challenger,"Jingshan, China",Hard,3,Mattia Bellucci,Alexandre Muller,game_handicap,player_b,0.5,0.4831,2.07,,,,,0,100,1900573
2026-09-30 04:30,atp,ATP Challenger,"Jingshan, China",Hard,3,James McCabe,Federico Cina,winner,player_a,,0.4225,2.37,3.9,0.2398,18.3,0.6477,0,100,1899760
2026-09-30 04:30,atp,ATP Challenger,"Jingshan, China",Hard,3,James McCabe,Federico Cina,winner,player_b,,0.5775,1.73,1.23,0.7602,-18.3,-0.2897,0,100,1899760
2026-09-30 04:30,atp,ATP Challenger,"Jingshan, China",Hard,3,James McCabe,Federico Cina,total_games,over,20.5,0.6418,1.56,1.78,0.5202,12.2,0.1424,0,100,1899760
2026-09-30 04:30,atp,ATP Challenger,"Jingshan, China",Hard,3,James McCabe,Federico Cina,total_games,under,20.5,0.3582,2.79,1.93,0.4798,-12.2,-0.3087,0,100,1899760
2026-09-30 04:30,atp,ATP Challenger,"Jingshan, China",Hard,3,James McCabe,Federico Cina,p1_games,over,9.5,0.6931,1.44,1.93,0.4798,21.3,0.3377,0,100,1899760
2026-09-30 04:30,atp,ATP Challenger,"Jingshan, China",Hard,3,James McCabe,Federico Cina,p1_games,under,9.5,0.3069,3.26,1.78,0.5202,-21.3,-0.4537,0,100,1899760
2026-09-30 04:30,atp,ATP Challenger,"Jingshan, China",Hard,3,James McCabe,Federico Cina,p2_games,over,12.5,0.5201,1.92,1.87,0.496,2.4,-0.0274,0,100,1899760
2026-09-30 04:30,atp,ATP Challenger,"Jingshan, China",Hard,3,James McCabe,Federico Cina,p2_games,under,12.5,0.4799,2.08,1.84,0.504,-2.4,-0.117,0,100,1899760
2026-09-30 04:30,atp,ATP Challenger,"Jingshan, China",Hard,3,James McCabe,Federico Cina,game_handicap,player_a,1.5,0.4773,2.1,,,,,0,100,1899760
2026-09-30 04:30,atp,ATP Challenger,"Jingshan, China",Hard,3,James McCabe,Federico Cina,game_handicap,player_b,-1.5,0.5227,1.91,,,,,0,100,1899760
2026-09-30 04:30,atp,ATP Challenger,"Jingshan, China",Hard,3,Lloyd Harris,Alexis Galarneau,winner,player_a,,0.6857,1.46,1.26,0.7434,-5.8,-0.136,0,100,1899756
2026-09-30 04:30,atp,ATP Challenger,"Jingshan, China",Hard,3,Lloyd Harris,Alexis Galarneau,winner,player_b,,0.3143,3.18,3.65,0.2566,5.8,0.1472,0,100,1899756
2026-09-30 04:30,atp,ATP Challenger,"Jingshan, China",Hard,3,Lloyd Harris,Alexis Galarneau,total_games,over,22.5,0.4632,2.16,2.01,0.4597,0.4,-0.069,0,100,1899756
2026-09-30 04:30,atp,ATP Challenger,"Jingshan, China",Hard,3,Lloyd Harris,Alexis Galarneau,total_games,under,22.5,0.5368,1.86,1.71,0.5403,-0.4,-0.0821,0,100,1899756
2026-09-30 04:30,atp,ATP Challenger,"Jingshan, China",Hard,3,Lloyd Harris,Alexis Galarneau,p1_games,over,12.5,0.5199,1.92,1.7,0.5442,-2.4,-0.1162,0,100,1899756
2026-09-30 04:30,atp,ATP Challenger,"Jingshan, China",Hard,3,Lloyd Harris,Alexis Galarneau,p1_games,under,12.5,0.4801,2.08,2.03,0.4558,2.4,-0.0254,0,100,1899756
2026-09-30 04:30,atp,ATP Challenger,"Jingshan, China",Hard,3,Lloyd Harris,Alexis Galarneau,p2_games,over,10.5,0.542,1.85,1.95,0.4744,6.8,0.0568,0,100,1899756
2026-09-30 04:30,atp,ATP Challenger,"Jingshan, China",Hard,3,Lloyd Harris,Alexis Galarneau,p2_games,under,10.5,0.458,2.18,1.76,0.5256,-6.8,-0.1938,0,100,1899756
2026-09-30 04:30,atp,ATP Challenger,"Jingshan, China",Hard,3,Lloyd Harris,Alexis Galarneau,game_handicap,player_a,-2.5,0.5803,1.72,,,,,0,100,1899756
2026-09-30 04:30,atp,ATP Challenger,"Jingshan, China",Hard,3,Lloyd Harris,Alexis Galarneau,game_handicap,player_b,2.5,0.4197,2.38,,,,,0,100,1899756
2026-09-30 04:30,atp,ATP Challenger,"Jingshan, China",Hard,3,Marat Sharipov,Dalibor Svrcina,winner,player_a,,0.5189,1.93,1.92,0.4866,3.2,-0.0038,0,100,1900574
2026-09-30 04:30,atp,ATP Challenger,"Jingshan, China",Hard,3,Marat Sharipov,Dalibor Svrcina,winner,player_b,,0.4811,2.08,1.82,0.5134,-3.2,-0.1243,0,100,1900574
2026-09-30 04:30,atp,ATP Challenger,"Jingshan, China",Hard,3,Marat Sharipov,Dalibor Svrcina,total_games,over,22.5,0.4592,2.18,1.97,0.4704,-1.1,-0.0953,0,100,1900574
2026-09-30 04:30,atp,ATP Challenger,"Jingshan, China",Hard,3,Marat Sharipov,Dalibor Svrcina,total_games,under,22.5,0.5408,1.85,1.75,0.5296,1.1,-0.0537,0,100,1900574
2026-09-30 04:30,atp,ATP Challenger,"Jingshan, China",Hard,3,Marat Sharipov,Dalibor Svrcina,p1_games,over,12.5,0.4444,2.25,2.05,0.4519,-0.8,-0.0891,0,100,1900574
2026-09-30 04:30,atp,ATP Challenger,"Jingshan, China",Hard,3,Marat Sharipov,Dalibor Svrcina,p1_games,under,12.5,0.5556,1.8,1.69,0.5481,0.8,-0.061,0,100,1900574
2026-09-30 04:30,atp,ATP Challenger,"Jingshan, China",Hard,3,Marat Sharipov,Dalibor Svrcina,p2_games,over,12.5,0.4316,2.32,2.01,0.4611,-3.0,-0.1325,0,100,1900574
2026-09-30 04:30,atp,ATP Challenger,"Jingshan, China",Hard,3,Marat Sharipov,Dalibor Svrcina,p2_games,under,12.5,0.5684,1.76,1.72,0.5389,3.0,-0.0223,0,100,1900574
2026-09-30 04:30,atp,ATP Challenger,"Jingshan, China",Hard,3,Marat Sharipov,Dalibor Svrcina,game_handicap,player_a,-0.5,0.5031,1.99,,,,,0,100,1900574
2026-09-30 04:30,atp,ATP Challenger,"Jingshan, China",Hard,3,Marat Sharipov,Dalibor Svrcina,game_handicap,player_b,0.5,0.4969,2.01,,,,,0,100,1900574
2026-09-30 06:00,atp,ATP Challenger,"Jingshan, China",Hard,3,Omar Jasika,Dane Sweeny,winner,player_a,,0.3232,3.09,2.55,0.3672,-4.4,-0.1759,0,100,1900576
2026-09-30 06:00,atp,ATP Challenger,"Jingshan, China",Hard,3,Omar Jasika,Dane Sweeny,winner,player_b,,0.6768,1.48,1.48,0.6328,4.4,0.0017,0,100,1900576
2026-09-30 06:00,atp,ATP Challenger,"Jingshan, China",Hard,3,Omar Jasika,Dane Sweeny,total_games,over,21.5,0.492,2.03,1.78,0.5202,-2.8,-0.1242,0,100,1900576
2026-09-30 06:00,atp,ATP Challenger,"Jingshan, China",Hard,3,Omar Jasika,Dane Sweeny,total_games,under,21.5,0.508,1.97,1.93,0.4798,2.8,-0.0196,0,100,1900576
2026-09-30 06:00,atp,ATP Challenger,"Jingshan, China",Hard,3,Omar Jasika,Dane Sweeny,p1_games,over,11.5,0.4897,2.04,1.82,0.5094,-2.0,-0.1088,0,100,1900576
2026-09-30 06:00,atp,ATP Challenger,"Jingshan, China",Hard,3,Omar Jasika,Dane Sweeny,p1_games,under,11.5,0.5103,1.96,1.89,0.4906,2.0,-0.0354,0,100,1900576
2026-09-30 06:00,atp,ATP Challenger,"Jingshan, China",Hard,3,Omar Jasika,Dane Sweeny,p2_games,over,12.5,0.4729,2.11,1.98,0.4677,0.5,-0.0637,0,100,1900576
2026-09-30 06:00,atp,ATP Challenger,"Jingshan, China",Hard,3,Omar Jasika,Dane Sweeny,p2_games,under,12.5,0.5271,1.9,1.74,0.5323,-0.5,-0.0828,0,100,1900576
2026-09-30 06:00,atp,ATP Challenger,"Jingshan, China",Hard,3,Omar Jasika,Dane Sweeny,game_handicap,player_a,3.5,0.482,2.07,,,,,0,100,1900576
2026-09-30 06:00,atp,ATP Challenger,"Jingshan, China",Hard,3,Omar Jasika,Dane Sweeny,game_handicap,player_b,-3.5,0.518,1.93,,,,,0,100,1900576
2026-09-30 09:00,atp,ATP Challenger,"Mouilleron-Le-Captif, France",Hard,3,Clement Chidekh,Ugo Blanchet,winner,player_a,,0.5708,1.75,,,,,0,94,1900784
2026-09-30 09:00,atp,ATP Challenger,"Mouilleron-Le-Captif, France",Hard,3,Clement Chidekh,Ugo Blanchet,winner,player_b,,0.4292,2.33,,,,,0,94,1900784
2026-09-30 09:00,atp,ATP Challenger,"Mouilleron-Le-Captif, France",Hard,3,Clement Chidekh,Ugo Blanchet,total_games,over,22.5,0.4793,2.09,,,,,0,94,1900784
2026-09-30 09:00,atp,ATP Challenger,"Mouilleron-Le-Captif, France",Hard,3,Clement Chidekh,Ugo Blanchet,total_games,under,22.5,0.5207,1.92,,,,,0,94,1900784
2026-09-30 09:00,atp,ATP Challenger,"Mouilleron-Le-Captif, France",Hard,3,Clement Chidekh,Ugo Blanchet,p1_games,over,12.5,0.4881,2.05,,,,,0,94,1900784
2026-09-30 09:00,atp,ATP Challenger,"Mouilleron-Le-Captif, France",Hard,3,Clement Chidekh,Ugo Blanchet,p1_games,under,12.5,0.5119,1.95,,,,,0,94,1900784
2026-09-30 09:00,atp,ATP Challenger,"Mouilleron-Le-Captif, France",Hard,3,Clement Chidekh,Ugo Blanchet,p2_games,over,12.5,0.4375,2.29,,,,,0,94,1900784
2026-09-30 09:00,atp,ATP Challenger,"Mouilleron-Le-Captif, France",Hard,3,Clement Chidekh,Ugo Blanchet,p2_games,under,12.5,0.5625,1.78,,,,,0,94,1900784
2026-09-30 09:00,atp,ATP Challenger,"Mouilleron-Le-Captif, France",Hard,3,Clement Chidekh,Ugo Blanchet,game_handicap,player_a,-1.5,0.5192,1.93,,,,,0,94,1900784
2026-09-30 09:00,atp,ATP Challenger,"Mouilleron-Le-Captif, France",Hard,3,Clement Chidekh,Ugo Blanchet,game_handicap,player_b,1.5,0.4808,2.08,,,,,0,94,1900784
2026-09-30 09:00,atp,ATP Challenger,"Mouilleron-Le-Captif, France",Hard,3,Liam Broady,Dominic Stricker,winner,player_a,,0.462,2.16,2.95,0.3171,14.5,0.3629,0,100,1899547
2026-09-30 09:00,atp,ATP Challenger,"Mouilleron-Le-Captif, France",Hard,3,Liam Broady,Dominic Stricker,winner,player_b,,0.538,1.86,1.37,0.6829,-14.5,-0.2629,0,100,1899547
2026-09-30 09:00,atp,ATP Challenger,"Mouilleron-Le-Captif, France",Hard,3,Liam Broady,Dominic Stricker,total_games,over,21.5,0.5758,1.74,1.81,0.5108,6.5,0.0422,0,100,1899547
2026-09-30 09:00,atp,ATP Challenger,"Mouilleron-Le-Captif, France",Hard,3,Liam Broady,Dominic Stricker,total_games,under,21.5,0.4242,2.36,1.89,0.4892,-6.5,-0.1983,0,100,1899547
2026-09-30 09:00,atp,ATP Challenger,"Mouilleron-Le-Captif, France",Hard,3,Liam Broady,Dominic Stricker,p1_games,over,11.5,0.6477,1.54,1.9,0.4879,16.0,0.2307,0,100,1899547
2026-09-30 09:00,atp,ATP Challenger,"Mouilleron-Le-Captif, France",Hard,3,Liam Broady,Dominic Stricker,p1_games,under,11.5,0.3523,2.84,1.81,0.5121,-16.0,-0.3624,0,100,1899547
2026-09-30 09:00,atp,ATP Challenger,"Mouilleron-Le-Captif, France",Hard,3,Liam Broady,Dominic Stricker,p2_games,over,12.5,0.4952,2.02,1.82,0.5094,-1.4,-0.0987,0,100,1899547
2026-09-30 09:00,atp,ATP Challenger,"Mouilleron-Le-Captif, France",Hard,3,Liam Broady,Dominic Stricker,p2_games,under,12.5,0.5048,1.98,1.89,0.4906,1.4,-0.046,0,100,1899547
2026-09-30 09:00,atp,ATP Challenger,"Mouilleron-Le-Captif, France",Hard,3,Liam Broady,Dominic Stricker,game_handicap,player_a,0.5,0.4801,2.08,,,,,0,100,1899547
2026-09-30 09:00,atp,ATP Challenger,"Mouilleron-Le-Captif, France",Hard,3,Liam Broady,Dominic Stricker,game_handicap,player_b,-0.5,0.5199,1.92,,,,,0,100,1899547
2026-09-30 09:00,atp,ATP Challenger,"Mouilleron-Le-Captif, France",Hard,3,Philip Henning,Tristan Schoolkate,winner,player_a,,0.3977,2.51,2.9,0.3208,7.7,0.1534,0,100,1899548
2026-09-30 09:00,atp,ATP Challenger,"Mouilleron-Le-Captif, France",Hard,3,Philip Henning,Tristan Schoolkate,winner,player_b,,0.6023,1.66,1.37,0.6792,-7.7,-0.1749,0,100,1899548
2026-09-30 09:00,atp,ATP Challenger,"Mouilleron-Le-Captif, France",Hard,3,Philip Henning,Tristan Schoolkate,total_games,over,22.5,0.4955,2.02,1.87,0.4946,0.1,-0.0734,0,100,1899548
2026-09-30 09:00,atp,ATP Challenger,"Mouilleron-Le-Captif, France",Hard,3,Philip Henning,Tristan Schoolkate,total_games,under,22.5,0.5045,1.98,1.83,0.5054,-0.1,-0.0768,0,100,1899548
2026-09-30 09:00,atp,ATP Challenger,"Mouilleron-Le-Captif, France",Hard,3,Philip Henning,Tristan Schoolkate,p1_games,over,11.5,0.5927,1.69,1.79,0.5175,7.5,0.061,0,100,1899548
2026-09-30 09:00,atp,ATP Challenger,"Mouilleron-Le-Captif, France",Hard,3,Philip Henning,Tristan Schoolkate,p1_games,under,11.5,0.4073,2.46,1.92,0.4825,-7.5,-0.218,0,100,1899548
2026-09-30 09:00,atp,ATP Challenger,"Mouilleron-Le-Captif, France",Hard,3,Philip Henning,Tristan Schoolkate,p2_games,over,12.5,0.5199,1.92,1.66,0.5573,-3.7,-0.1369,0,100,1899548
2026-09-30 09:00,atp,ATP Challenger,"Mouilleron-Le-Captif, France",Hard,3,Philip Henning,Tristan Schoolkate,p2_games,under,12.5,0.4801,2.08,2.09,0.4427,3.7,0.0033,0,100,1899548
2026-09-30 09:00,atp,ATP Challenger,"Mouilleron-Le-Captif, France",Hard,3,Philip Henning,Tristan Schoolkate,game_handicap,player_a,1.5,0.4507,2.22,,,,,0,100,1899548
2026-09-30 09:00,atp,ATP Challenger,"Mouilleron-Le-Captif, France",Hard,3,Philip Henning,Tristan Schoolkate,game_handicap,player_b,-1.5,0.5493,1.82,,,,,0,100,1899548
2026-09-30 10:30,atp,ATP Challenger,"Mouilleron-Le-Captif, France",Hard,3,Daniil Glinka,Henry Bernet,winner,player_a,,0.7398,1.35,1.65,0.5669,17.3,0.2206,0,100,1899545
2026-09-30 10:30,atp,ATP Challenger,"Mouilleron-Le-Captif, France",Hard,3,Daniil Glinka,Henry Bernet,winner,player_b,,0.2602,3.84,2.16,0.4331,-17.3,-0.4379,0,100,1899545
2026-09-30 10:30,atp,ATP Challenger,"Mouilleron-Le-Captif, France",Hard,3,Daniil Glinka,Henry Bernet,total_games,over,22.5,0.4449,2.25,1.78,0.5202,-7.5,-0.208,0,100,1899545
2026-09-30 10:30,atp,ATP Challenger,"Mouilleron-Le-Captif, France",Hard,3,Daniil Glinka,Henry Bernet,total_games,under,22.5,0.5551,1.8,1.93,0.4798,7.5,0.0713,0,100,1899545
2026-09-30 10:30,atp,ATP Challenger,"Mouilleron-Le-Captif, France",Hard,3,Daniil Glinka,Henry Bernet,p1_games,over,12.5,0.5258,1.9,1.68,0.5508,-2.5,-0.1167,0,100,1899545
2026-09-30 10:30,atp,ATP Challenger,"Mouilleron-Le-Captif, France",Hard,3,Daniil Glinka,Henry Bernet,p1_games,under,12.5,0.4742,2.11,2.06,0.4492,2.5,-0.0231,0,100,1899545
2026-09-30 10:30,atp,ATP Challenger,"Mouilleron-Le-Captif, France",Hard,3,Daniil Glinka,Henry Bernet,p2_games,over,12.5,0.3524,2.84,1.86,0.4973,-14.5,-0.3445,0,100,1899545
2026-09-30 10:30,atp,ATP Challenger,"Mouilleron-Le-Captif, France",Hard,3,Daniil Glinka,Henry Bernet,p2_games,under,12.5,0.6476,1.54,1.84,0.5027,14.5,0.1916,0,100,1899545
2026-09-30 10:30,atp,ATP Challenger,"Mouilleron-Le-Captif, France",Hard,3,Daniil Glinka,Henry Bernet,game_handicap,player_a,-3.5,0.5426,1.84,,,,,0,100,1899545
2026-09-30 10:30,atp,ATP Challenger,"Mouilleron-Le-Captif, France",Hard,3,Daniil Glinka,Henry Bernet,game_handicap,player_b,3.5,0.4574,2.19,,,,,0,100,1899545
2026-09-30 10:30,atp,ATP Challenger,"Mouilleron-Le-Captif, France",Hard,3,Harold Mayot,Niels Visker,winner,player_a,,0.7661,1.31,1.2,0.7818,-1.6,-0.0807,0,100,1900377
2026-09-30 10:30,atp,ATP Challenger,"Mouilleron-Le-Captif, France",Hard,3,Harold Mayot,Niels Visker,winner,player_b,,0.2339,4.28,4.3,0.2182,1.6,0.0057,0,100,1900377
2026-09-30 10:30,atp,ATP Challenger,"Mouilleron-Le-Captif, France",Hard,3,Harold Mayot,Niels Visker,total_games,over,21.5,0.5481,1.82,1.76,0.5269,2.1,-0.0353,0,100,1900377
2026-09-30 10:30,atp,ATP Challenger,"Mouilleron-Le-Captif, France",Hard,3,Harold Mayot,Niels Visker,total_games,under,21.5,0.4519,2.21,1.96,0.4731,-2.1,-0.1143,0,100,1900377
2026-09-30 10:30,atp,ATP Challenger,"Mouilleron-Le-Captif, France",Hard,3,Harold Mayot,Niels Visker,p1_games,over,12.5,0.5567,1.8,1.66,0.5573,-0.1,-0.0759,0,100,1900377
2026-09-30 10:30,atp,ATP Challenger,"Mouilleron-Le-Captif, France",Hard,3,Harold Mayot,Niels Visker,p1_games,under,12.5,0.4433,2.26,2.09,0.4427,0.1,-0.0735,0,100,1900377
2026-09-30 10:30,atp,ATP Challenger,"Mouilleron-Le-Captif, France",Hard,3,Harold Mayot,Niels Visker,p2_games,over,9.5,0.5355,1.87,1.84,0.5027,3.3,-0.0147,0,100,1900377
2026-09-30 10:30,atp,ATP Challenger,"Mouilleron-Le-Captif, France",Hard,3,Harold Mayot,Niels Visker,p2_games,under,9.5,0.4645,2.15,1.86,0.4973,-3.3,-0.136,0,100,1900377
2026-09-30 10:30,atp,ATP Challenger,"Mouilleron-Le-Captif, France",Hard,3,Harold Mayot,Niels Visker,game_handicap,player_a,-3.5,0.543,1.84,,,,,0,100,1900377
2026-09-30 10:30,atp,ATP Challenger,"Mouilleron-Le-Captif, France",Hard,3,Harold Mayot,Niels Visker,game_handicap,player_b,3.5,0.457,2.19,,,,,0,100,1900377
2026-09-30 12:00,atp,ATP Challenger,"Mouilleron-Le-Captif, France",Hard,3,Sascha Gueymard-Wayenburg,Gauthier Onclin,winner,player_a,,0.5225,1.91,1.51,0.6187,-9.6,-0.211,0,100,1900411
2026-09-30 12:00,atp,ATP Challenger,"Mouilleron-Le-Captif, France",Hard,3,Sascha Gueymard-Wayenburg,Gauthier Onclin,winner,player_b,,0.4775,2.09,2.45,0.3813,9.6,0.1699,0,100,1900411
2026-09-30 12:00,atp,ATP Challenger,"Mouilleron-Le-Captif, France",Hard,3,Sascha Gueymard-Wayenburg,Gauthier Onclin,total_games,over,21.5,0.5323,1.88,1.74,0.5323,0.0,-0.0738,0,100,1900411
2026-09-30 12:00,atp,ATP Challenger,"Mouilleron-Le-Captif, France",Hard,3,Sascha Gueymard-Wayenburg,Gauthier Onclin,total_games,under,21.5,0.4677,2.14,1.98,0.4677,-0.0,-0.074,0,100,1900411
2026-09-30 12:00,atp,ATP Challenger,"Mouilleron-Le-Captif, France",Hard,3,Sascha Gueymard-Wayenburg,Gauthier Onclin,p1_games,over,12.5,0.4533,2.21,1.86,0.4973,-4.4,-0.1569,0,100,1900411
2026-09-30 12:00,atp,ATP Challenger,"Mouilleron-Le-Captif, France",Hard,3,Sascha Gueymard-Wayenburg,Gauthier Onclin,p1_games,under,12.5,0.5467,1.83,1.84,0.5027,4.4,0.006,0,100,1900411
2026-09-30 12:00,atp,ATP Challenger,"Mouilleron-Le-Captif, France",Hard,3,Sascha Gueymard-Wayenburg,Gauthier Onclin,p2_games,over,11.5,0.642,1.56,1.69,0.5481,9.4,0.085,0,100,1900411
2026-09-30 12:00,atp,ATP Challenger,"Mouilleron-Le-Captif, France",Hard,3,Sascha Gueymard-Wayenburg,Gauthier Onclin,p2_games,under,11.5,0.358,2.79,2.05,0.4519,-9.4,-0.2661,0,100,1900411
2026-09-30 12:00,atp,ATP Challenger,"Mouilleron-Le-Captif, France",Hard,3,Sascha Gueymard-Wayenburg,Gauthier Onclin,game_handicap,player_a,-0.5,0.5065,1.97,,,,,0,100,1900411
2026-09-30 12:00,atp,ATP Challenger,"Mouilleron-Le-Captif, France",Hard,3,Sascha Gueymard-Wayenburg,Gauthier Onclin,game_handicap,player_b,0.5,0.4935,2.03,,,,,0,100,1900411
2026-09-30 14:00,atp,ATP Challenger,"Mouilleron-Le-Captif, France",Hard,3,Clement Tabur,Thomas Faurel,winner,player_a,,0.7295,1.37,1.32,0.708,2.2,-0.0371,0,100,1900424
2026-09-30 14:00,atp,ATP Challenger,"Mouilleron-Le-Captif, France",Hard,3,Clement Tabur,Thomas Faurel,winner,player_b,,0.2705,3.7,3.2,0.292,-2.2,-0.1343,0,100,1900424
2026-09-30 14:00,atp,ATP Challenger,"Mouilleron-Le-Captif, France",Hard,3,Clement Tabur,Thomas Faurel,total_games,over,21.5,0.4848,2.06,1.89,0.4906,-0.6,-0.0838,0,100,1900424
2026-09-30 14:00,atp,ATP Challenger,"Mouilleron-Le-Captif, France",Hard,3,Clement Tabur,Thomas Faurel,total_games,under,21.5,0.5152,1.94,1.82,0.5094,0.6,-0.0623,0,100,1900424
2026-09-30 14:00,atp,ATP Challenger,"Mouilleron-Le-Captif, France",Hard,3,Clement Tabur,Thomas Faurel,p1_games,over,12.5,0.4863,2.06,1.87,0.4946,-0.8,-0.0906,0,100,1900424
2026-09-30 14:00,atp,ATP Challenger,"Mouilleron-Le-Captif, France",Hard,3,Clement Tabur,Thomas Faurel,p1_games,under,12.5,0.5137,1.95,1.83,0.5054,0.8,-0.06,0,100,1900424
2026-09-30 14:00,atp,ATP Challenger,"Mouilleron-Le-Captif, France",Hard,3,Clement Tabur,Thomas Faurel,p2_games,over,10.5,0.4787,2.09,1.9,0.4879,-0.9,-0.0904,0,100,1900424
2026-09-30 14:00,atp,ATP Challenger,"Mouilleron-Le-Captif, France",Hard,3,Clement Tabur,Thomas Faurel,p2_games,under,10.5,0.5213,1.92,1.81,0.5121,0.9,-0.0565,0,100,1900424
2026-09-30 14:00,atp,ATP Challenger,"Mouilleron-Le-Captif, France",Hard,3,Clement Tabur,Thomas Faurel,game_handicap,player_a,-3.5,0.5632,1.78,,,,,0,100,1900424
2026-09-30 14:00,atp,ATP Challenger,"Mouilleron-Le-Captif, France",Hard,3,Clement Tabur,Thomas Faurel,game_handicap,player_b,3.5,0.4368,2.29,,,,,0,100,1900424
2026-09-30 18:30,atp,ATP Challenger,"Mouilleron-Le-Captif, France",Hard,3,Lucas Poullain,Remy Bertola,winner,player_a,,0.5259,1.9,,,,,0,94,1900767
2026-09-30 18:30,atp,ATP Challenger,"Mouilleron-Le-Captif, France",Hard,3,Lucas Poullain,Remy Bertola,winner,player_b,,0.4741,2.11,,,,,0,94,1900767
2026-09-30 18:30,atp,ATP Challenger,"Mouilleron-Le-Captif, France",Hard,3,Lucas Poullain,Remy Bertola,total_games,over,22.5,0.4744,2.11,,,,,0,94,1900767
2026-09-30 18:30,atp,ATP Challenger,"Mouilleron-Le-Captif, France",Hard,3,Lucas Poullain,Remy Bertola,total_games,under,22.5,0.5256,1.9,,,,,0,94,1900767
2026-09-30 18:30,atp,ATP Challenger,"Mouilleron-Le-Captif, France",Hard,3,Lucas Poullain,Remy Bertola,p1_games,over,12.5,0.465,2.15,,,,,0,94,1900767
2026-09-30 18:30,atp,ATP Challenger,"Mouilleron-Le-Captif, France",Hard,3,Lucas Poullain,Remy Bertola,p1_games,under,12.5,0.535,1.87,,,,,0,94,1900767
2026-09-30 18:30,atp,ATP Challenger,"Mouilleron-Le-Captif, France",Hard,3,Lucas Poullain,Remy Bertola,p2_games,over,12.5,0.4469,2.24,,,,,0,94,1900767
2026-09-30 18:30,atp,ATP Challenger,"Mouilleron-Le-Captif, France",Hard,3,Lucas Poullain,Remy Bertola,p2_games,under,12.5,0.5531,1.81,,,,,0,94,1900767
2026-09-30 18:30,atp,ATP Challenger,"Mouilleron-Le-Captif, France",Hard,3,Lucas Poullain,Remy Bertola,game_handicap,player_a,-0.5,0.5093,1.96,,,,,0,94,1900767
2026-09-30 18:30,atp,ATP Challenger,"Mouilleron-Le-Captif, France",Hard,3,Lucas Poullain,Remy Bertola,game_handicap,player_b,0.5,0.4907,2.04,,,,,0,94,1900767
2026-09-30 11:30,atp,ATP Challenger,"Porto 2, Portugal",Clay,3,Alejo Sanchez Quilez,Jacob Fearnley,winner,player_a,,0.2168,4.61,,,,,0,94,1900410
2026-09-30 11:30,atp,ATP Challenger,"Porto 2, Portugal",Clay,3,Alejo Sanchez Quilez,Jacob Fearnley,winner,player_b,,0.7832,1.28,,,,,0,94,1900410
2026-09-30 11:30,atp,ATP Challenger,"Porto 2, Portugal",Clay,3,Alejo Sanchez Quilez,Jacob Fearnley,total_games,over,20.5,0.449,2.23,,,,,0,94,1900410
2026-09-30 11:30,atp,ATP Challenger,"Porto 2, Portugal",Clay,3,Alejo Sanchez Quilez,Jacob Fearnley,total_games,under,20.5,0.551,1.81,,,,,0,94,1900410
2026-09-30 11:30,atp,ATP Challenger,"Porto 2, Portugal",Clay,3,Alejo Sanchez Quilez,Jacob Fearnley,p1_games,over,8.5,0.4778,2.09,,,,,0,94,1900410
2026-09-30 11:30,atp,ATP Challenger,"Porto 2, Portugal",Clay,3,Alejo Sanchez Quilez,Jacob Fearnley,p1_games,under,8.5,0.5222,1.92,,,,,0,94,1900410
2026-09-30 11:30,atp,ATP Challenger,"Porto 2, Portugal",Clay,3,Alejo Sanchez Quilez,Jacob Fearnley,p2_games,over,12.5,0.4256,2.35,,,,,0,94,1900410
2026-09-30 11:30,atp,ATP Challenger,"Porto 2, Portugal",Clay,3,Alejo Sanchez Quilez,Jacob Fearnley,p2_games,under,12.5,0.5744,1.74,,,,,0,94,1900410
2026-09-30 11:30,atp,ATP Challenger,"Porto 2, Portugal",Clay,3,Alejo Sanchez Quilez,Jacob Fearnley,game_handicap,player_a,4.5,0.4329,2.31,,,,,0,94,1900410
2026-09-30 11:30,atp,ATP Challenger,"Porto 2, Portugal",Clay,3,Alejo Sanchez Quilez,Jacob Fearnley,game_handicap,player_b,-4.5,0.5671,1.76,,,,,0,94,1900410
2026-09-30 11:30,atp,ATP Challenger,"Porto 2, Portugal",Clay,3,Hugo Grenier,Carl Overbeck,winner,player_a,,0.6059,1.65,,,,,0,84,1899795
2026-09-30 11:30,atp,ATP Challenger,"Porto 2, Portugal",Clay,3,Hugo Grenier,Carl Overbeck,winner,player_b,,0.3941,2.54,,,,,0,84,1899795
2026-09-30 11:30,atp,ATP Challenger,"Porto 2, Portugal",Clay,3,Hugo Grenier,Carl Overbeck,total_games,over,22.5,0.4666,2.14,,,,,0,84,1899795
2026-09-30 11:30,atp,ATP Challenger,"Porto 2, Portugal",Clay,3,Hugo Grenier,Carl Overbeck,total_games,under,22.5,0.5334,1.87,,,,,0,84,1899795
2026-09-30 11:30,atp,ATP Challenger,"Porto 2, Portugal",Clay,3,Hugo Grenier,Carl Overbeck,p1_games,over,12.5,0.4878,2.05,,,,,0,84,1899795
2026-09-30 11:30,atp,ATP Challenger,"Porto 2, Portugal",Clay,3,Hugo Grenier,Carl Overbeck,p1_games,under,12.5,0.5122,1.95,,,,,0,84,1899795
2026-09-30 11:30,atp,ATP Challenger,"Porto 2, Portugal",Clay,3,Hugo Grenier,Carl Overbeck,p2_games,over,12.5,0.4126,2.42,,,,,0,84,1899795
2026-09-30 11:30,atp,ATP Challenger,"Porto 2, Portugal",Clay,3,Hugo Grenier,Carl Overbeck,p2_games,under,12.5,0.5874,1.7,,,,,0,84,1899795
2026-09-30 11:30,atp,ATP Challenger,"Porto 2, Portugal",Clay,3,Hugo Grenier,Carl Overbeck,game_handicap,player_a,-2.5,0.5067,1.97,,,,,0,84,1899795
2026-09-30 11:30,atp,ATP Challenger,"Porto 2, Portugal",Clay,3,Hugo Grenier,Carl Overbeck,game_handicap,player_b,2.5,0.4933,2.03,,,,,0,84,1899795
2026-09-30 12:00,atp,ATP Challenger,"Porto 2, Portugal",Clay,3,Luca Potenza,Inaki Montes,winner,player_a,,0.3993,2.5,,,,,0,72,1900408
2026-09-30 12:00,atp,ATP Challenger,"Porto 2, Portugal",Clay,3,Luca Potenza,Inaki Montes,winner,player_b,,0.6007,1.66,,,,,0,72,1900408
2026-09-30 12:00,atp,ATP Challenger,"Porto 2, Portugal",Clay,3,Luca Potenza,Inaki Montes,total_games,over,22.5,0.4497,2.22,,,,,1,72,1900408
2026-09-30 12:00,atp,ATP Challenger,"Porto 2, Portugal",Clay,3,Luca Potenza,Inaki Montes,total_games,under,22.5,0.5503,1.82,,,,,1,72,1900408
2026-09-30 12:00,atp,ATP Challenger,"Porto 2, Portugal",Clay,3,Luca Potenza,Inaki Montes,p1_games,over,12.5,0.3956,2.53,,,,,1,72,1900408
2026-09-30 12:00,atp,ATP Challenger,"Porto 2, Portugal",Clay,3,Luca Potenza,Inaki Montes,p1_games,under,12.5,0.6044,1.65,,,,,1,72,1900408
2026-09-30 12:00,atp,ATP Challenger,"Porto 2, Portugal",Clay,3,Luca Potenza,Inaki Montes,p2_games,over,12.5,0.4644,2.15,,,,,1,72,1900408
2026-09-30 12:00,atp,ATP Challenger,"Porto 2, Portugal",Clay,3,Luca Potenza,Inaki Montes,p2_games,under,12.5,0.5356,1.87,,,,,1,72,1900408
2026-09-30 12:00,atp,ATP Challenger,"Porto 2, Portugal",Clay,3,Luca Potenza,Inaki Montes,game_handicap,player_a,2.5,0.4918,2.03,,,,,1,72,1900408
2026-09-30 12:00,atp,ATP Challenger,"Porto 2, Portugal",Clay,3,Luca Potenza,Inaki Montes,game_handicap,player_b,-2.5,0.5082,1.97,,,,,1,72,1900408
2026-09-30 12:00,atp,ATP Challenger,"Porto 2, Portugal",Clay,3,Otto Virtanen,Tiago Pereira,winner,player_a,,0.7816,1.28,,,,,0,94,1899397
2026-09-30 12:00,atp,ATP Challenger,"Porto 2, Portugal",Clay,3,Otto Virtanen,Tiago Pereira,winner,player_b,,0.2184,4.58,,,,,0,94,1899397
2026-09-30 12:00,atp,ATP Challenger,"Porto 2, Portugal",Clay,3,Otto Virtanen,Tiago Pereira,total_games,over,20.5,0.4903,2.04,,,,,0,94,1899397
2026-09-30 12:00,atp,ATP Challenger,"Porto 2, Portugal",Clay,3,Otto Virtanen,Tiago Pereira,total_games,under,20.5,0.5097,1.96,,,,,0,94,1899397
2026-09-30 12:00,atp,ATP Challenger,"Porto 2, Portugal",Clay,3,Otto Virtanen,Tiago Pereira,p1_games,over,12.5,0.4626,2.16,,,,,0,94,1899397
2026-09-30 12:00,atp,ATP Challenger,"Porto 2, Portugal",Clay,3,Otto Virtanen,Tiago Pereira,p1_games,under,12.5,0.5374,1.86,,,,,0,94,1899397
2026-09-30 12:00,atp,ATP Challenger,"Porto 2, Portugal",Clay,3,Otto Virtanen,Tiago Pereira,p2_games,over,9.5,0.4567,2.19,,,,,0,94,1899397
2026-09-30 12:00,atp,ATP Challenger,"Porto 2, Portugal",Clay,3,Otto Virtanen,Tiago Pereira,p2_games,under,9.5,0.5433,1.84,,,,,0,94,1899397
2026-09-30 12:00,atp,ATP Challenger,"Porto 2, Portugal",Clay,3,Otto Virtanen,Tiago Pereira,game_handicap,player_a,-4.5,0.5215,1.92,,,,,0,94,1899397
2026-09-30 12:00,atp,ATP Challenger,"Porto 2, Portugal",Clay,3,Otto Virtanen,Tiago Pereira,game_handicap,player_b,4.5,0.4785,2.09,,,,,0,94,1899397
2026-09-30 13:00,atp,ATP Challenger,"Porto 2, Portugal",Clay,3,Edas Butvilas,Michael Geerts,winner,player_a,,0.6996,1.43,1.2,0.7818,-8.2,-0.1605,0,100,1900409
2026-09-30 13:00,atp,ATP Challenger,"Porto 2, Portugal",Clay,3,Edas Butvilas,Michael Geerts,winner,player_b,,0.3004,3.33,4.3,0.2182,8.2,0.2918,0,100,1900409
2026-09-30 13:00,atp,ATP Challenger,"Porto 2, Portugal",Clay,3,Edas Butvilas,Michael Geerts,total_games,over,20.5,0.5674,1.76,1.81,0.5108,5.7,0.027,0,100,1900409
2026-09-30 13:00,atp,ATP Challenger,"Porto 2, Portugal",Clay,3,Edas Butvilas,Michael Geerts,total_games,under,20.5,0.4326,2.31,1.89,0.4892,-5.7,-0.1824,0,100,1900409
2026-09-30 13:00,atp,ATP Challenger,"Porto 2, Portugal",Clay,3,Edas Butvilas,Michael Geerts,p1_games,over,12.5,0.5019,1.99,1.87,0.496,0.6,-0.0615,0,100,1900409
2026-09-30 13:00,atp,ATP Challenger,"Porto 2, Portugal",Clay,3,Edas Butvilas,Michael Geerts,p1_games,under,12.5,0.4981,2.01,1.84,0.504,-0.6,-0.0835,0,100,1900409
2026-09-30 13:00,atp,ATP Challenger,"Porto 2, Portugal",Clay,3,Edas Butvilas,Michael Geerts,p2_games,over,8.5,0.6185,1.62,1.8,0.5148,10.4,0.1133,0,100,1900409
2026-09-30 13:00,atp,ATP Challenger,"Porto 2, Portugal",Clay,3,Edas Butvilas,Michael Geerts,p2_games,under,8.5,0.3815,2.62,1.91,0.4852,-10.4,-0.2713,0,100,1900409
2026-09-30 13:00,atp,ATP Challenger,"Porto 2, Portugal",Clay,3,Edas Butvilas,Michael Geerts,game_handicap,player_a,-3.5,0.5206,1.92,,,,,0,100,1900409
2026-09-30 13:00,atp,ATP Challenger,"Porto 2, Portugal",Clay,3,Edas Butvilas,Michael Geerts,game_handicap,player_b,3.5,0.4794,2.09,,,,,0,100,1900409
2026-09-30 14:30,atp,ATP Challenger,"Porto 2, Portugal",Clay,3,Moez Echargui,Damir Dzumhur,winner,player_a,,0.2487,4.02,2.2,0.4256,-17.7,-0.4529,0,100,1899394
2026-09-30 14:30,atp,ATP Challenger,"Porto 2, Portugal",Clay,3,Moez Echargui,Damir Dzumhur,winner,player_b,,0.7513,1.33,1.63,0.5744,17.7,0.2247,0,100,1899394
2026-09-30 14:30,atp,ATP Challenger,"Porto 2, Portugal",Clay,3,Moez Echargui,Damir Dzumhur,total_games,over,21.5,0.4335,2.31,1.73,0.5349,-10.1,-0.25,0,100,1899394
2026-09-30 14:30,atp,ATP Challenger,"Porto 2, Portugal",Clay,3,Moez Echargui,Damir Dzumhur,total_games,under,21.5,0.5665,1.77,1.99,0.4651,10.1,0.1273,0,100,1899394
2026-09-30 14:30,atp,ATP Challenger,"Porto 2, Portugal",Clay,3,Moez Echargui,Damir Dzumhur,p1_games,over,11.5,0.3958,2.53,1.65,0.5623,-16.7,-0.347,0,100,1899394
2026-09-30 14:30,atp,ATP Challenger,"Porto 2, Portugal",Clay,3,Moez Echargui,Damir Dzumhur,p1_games,under,11.5,0.6042,1.65,2.12,0.4377,16.7,0.281,0,100,1899394
2026-09-30 14:30,atp,ATP Challenger,"Porto 2, Portugal",Clay,3,Moez Echargui,Damir Dzumhur,p2_games,over,12.5,0.4444,2.25,2.06,0.4492,-0.5,-0.0845,0,100,1899394
2026-09-30 14:30,atp,ATP Challenger,"Porto 2, Portugal",Clay,3,Moez Echargui,Damir Dzumhur,p2_games,under,12.5,0.5556,1.8,1.68,0.5508,0.5,-0.0666,0,100,1899394
2026-09-30 14:30,atp,ATP Challenger,"Porto 2, Portugal",Clay,3,Moez Echargui,Damir Dzumhur,game_handicap,player_a,4.5,0.4817,2.08,,,,,0,100,1899394
2026-09-30 14:30,atp,ATP Challenger,"Porto 2, Portugal",Clay,3,Moez Echargui,Damir Dzumhur,game_handicap,player_b,-4.5,0.5183,1.93,,,,,0,100,1899394
2026-09-30 09:00,wta,WTA,"Adana, Turkiye",N/A,3,Antonia Ruzic,Julia Riera,winner,player_a,,0.5451,1.83,1.51,0.6187,-7.4,-0.177,0,88,1900286
2026-09-30 09:00,wta,WTA,"Adana, Turkiye",N/A,3,Antonia Ruzic,Julia Riera,winner,player_b,,0.4549,2.2,2.45,0.3813,7.4,0.1146,0,88,1900286
2026-09-30 09:00,wta,WTA,"Adana, Turkiye",N/A,3,Antonia Ruzic,Julia Riera,total_games,over,21.5,0.4548,2.2,1.91,0.4852,-3.0,-0.1314,0,88,1900286
2026-09-30 09:00,wta,WTA,"Adana, Turkiye",N/A,3,Antonia Ruzic,Julia Riera,total_games,under,21.5,0.5452,1.83,1.8,0.5148,3.0,-0.0186,0,88,1900286
2026-09-30 09:00,wta,WTA,"Adana, Turkiye",N/A,3,Antonia Ruzic,Julia Riera,p1_games,over,12.5,0.3949,2.53,2.14,0.4324,-3.8,-0.155,0,88,1900286
2026-09-30 09:00,wta,WTA,"Adana, Turkiye",N/A,3,Antonia Ruzic,Julia Riera,p1_games,under,12.5,0.6051,1.65,1.63,0.5676,3.8,-0.0136,0,88,1900286
2026-09-30 09:00,wta,WTA,"Adana, Turkiye",N/A,3,Antonia Ruzic,Julia Riera,p2_games,over,11.5,0.5904,1.69,1.81,0.5108,8.0,0.0686,0,88,1900286
2026-09-30 09:00,wta,WTA,"Adana, Turkiye",N/A,3,Antonia Ruzic,Julia Riera,p2_games,under,11.5,0.4096,2.44,1.89,0.4892,-8.0,-0.2258,0,88,1900286
2026-09-30 09:00,wta,WTA,"Adana, Turkiye",N/A,3,Antonia Ruzic,Julia Riera,game_handicap,player_a,-1.5,0.5051,1.98,,,,,0,88,1900286
2026-09-30 09:00,wta,WTA,"Adana, Turkiye",N/A,3,Antonia Ruzic,Julia Riera,game_handicap,player_b,1.5,0.4949,2.02,,,,,0,88,1900286
2026-09-30 09:00,wta,WTA,"Adana, Turkiye",N/A,3,Erika Andreeva,Simona Waltert,winner,player_a,,0.3595,2.78,2.01,0.4654,-10.6,-0.2774,0,81,1900723
2026-09-30 09:00,wta,WTA,"Adana, Turkiye",N/A,3,Erika Andreeva,Simona Waltert,winner,player_b,,0.6405,1.56,1.75,0.5346,10.6,0.1209,0,81,1900723
2026-09-30 09:00,wta,WTA,"Adana, Turkiye",N/A,3,Erika Andreeva,Simona Waltert,total_games,over,21.5,0.442,2.26,1.85,0.5,-5.8,-0.1823,1,81,1900723
2026-09-30 09:00,wta,WTA,"Adana, Turkiye",N/A,3,Erika Andreeva,Simona Waltert,total_games,under,21.5,0.558,1.79,1.85,0.5,5.8,0.0323,1,81,1900723
2026-09-30 09:00,wta,WTA,"Adana, Turkiye",N/A,3,Erika Andreeva,Simona Waltert,p1_games,over,11.5,0.5005,2.0,1.56,0.5927,-9.2,-0.2192,1,81,1900723
2026-09-30 09:00,wta,WTA,"Adana, Turkiye",N/A,3,Erika Andreeva,Simona Waltert,p1_games,under,11.5,0.4995,2.0,2.27,0.4073,9.2,0.1339,1,81,1900723
2026-09-30 09:00,wta,WTA,"Adana, Turkiye",N/A,3,Erika Andreeva,Simona Waltert,p2_games,over,12.5,0.4127,2.42,2.23,0.4147,-0.2,-0.0797,1,81,1900723
2026-09-30 09:00,wta,WTA,"Adana, Turkiye",N/A,3,Erika Andreeva,Simona Waltert,p2_games,under,12.5,0.5873,1.7,1.58,0.5853,0.2,-0.072,1,81,1900723
2026-09-30 09:00,wta,WTA,"Adana, Turkiye",N/A,3,Erika Andreeva,Simona Waltert,game_handicap,player_a,3.5,0.4921,2.03,,,,,1,81,1900723
2026-09-30 09:00,wta,WTA,"Adana, Turkiye",N/A,3,Erika Andreeva,Simona Waltert,game_handicap,player_b,-3.5,0.5079,1.97,,,,,1,81,1900723
2026-09-30 09:00,wta,WTA,"Adana, Turkiye",N/A,3,Lois Boisson,Martyna Kubka,winner,player_a,,0.7281,1.37,1.36,0.6881,4.0,-0.0097,0,81,1900744
2026-09-30 09:00,wta,WTA,"Adana, Turkiye",N/A,3,Lois Boisson,Martyna Kubka,winner,player_b,,0.2719,3.68,3.0,0.3119,-4.0,-0.1844,0,81,1900744
2026-09-30 09:00,wta,WTA,"Adana, Turkiye",N/A,3,Lois Boisson,Martyna Kubka,total_games,over,20.5,0.4591,2.18,1.81,0.5121,-5.3,-0.169,1,81,1900744
2026-09-30 09:00,wta,WTA,"Adana, Turkiye",N/A,3,Lois Boisson,Martyna Kubka,total_games,under,20.5,0.5409,1.85,1.9,0.4879,5.3,0.0277,1,81,1900744
2026-09-30 09:00,wta,WTA,"Adana, Turkiye",N/A,3,Lois Boisson,Martyna Kubka,p1_games,over,12.5,0.4129,2.42,2.02,0.4584,-4.6,-0.1659,1,81,1900744
2026-09-30 09:00,wta,WTA,"Adana, Turkiye",N/A,3,Lois Boisson,Martyna Kubka,p1_games,under,12.5,0.5871,1.7,1.71,0.5416,4.6,0.0039,1,81,1900744
2026-09-30 09:00,wta,WTA,"Adana, Turkiye",N/A,3,Lois Boisson,Martyna Kubka,p2_games,over,10.5,0.441,2.27,1.9,0.4865,-4.5,-0.162,1,81,1900744
2026-09-30 09:00,wta,WTA,"Adana, Turkiye",N/A,3,Lois Boisson,Martyna Kubka,p2_games,under,10.5,0.559,1.79,1.8,0.5135,4.5,0.0061,1,81,1900744
2026-09-30 09:00,wta,WTA,"Adana, Turkiye",N/A,3,Lois Boisson,Martyna Kubka,game_handicap,player_a,-4.5,0.5107,1.96,,,,,1,81,1900744
2026-09-30 09:00,wta,WTA,"Adana, Turkiye",N/A,3,Lois Boisson,Martyna Kubka,game_handicap,player_b,4.5,0.4893,2.04,,,,,1,81,1900744
2026-09-30 11:00,wta,WTA,"Adana, Turkiye",N/A,3,Fiona Crawley,Elena Pridankina,winner,player_a,,0.4819,2.08,1.8,0.52,-3.8,-0.1326,0,72,1900572
2026-09-30 11:00,wta,WTA,"Adana, Turkiye",N/A,3,Fiona Crawley,Elena Pridankina,winner,player_b,,0.5181,1.93,1.95,0.48,3.8,0.0103,0,72,1900572
2026-09-30 11:00,wta,WTA,"Adana, Turkiye",N/A,3,Fiona Crawley,Elena Pridankina,total_games,over,20.5,0.4957,2.02,1.79,0.5175,-2.2,-0.1126,1,72,1900572
2026-09-30 11:00,wta,WTA,"Adana, Turkiye",N/A,3,Fiona Crawley,Elena Pridankina,total_games,under,20.5,0.5043,1.98,1.92,0.4825,2.2,-0.0318,1,72,1900572
2026-09-30 11:00,wta,WTA,"Adana, Turkiye",N/A,3,Fiona Crawley,Elena Pridankina,p1_games,over,12.5,0.3701,2.7,2.29,0.4036,-3.4,-0.1524,1,72,1900572
2026-09-30 11:00,wta,WTA,"Adana, Turkiye",N/A,3,Fiona Crawley,Elena Pridankina,p1_games,under,12.5,0.6299,1.59,1.55,0.5964,3.4,-0.0237,1,72,1900572
2026-09-30 11:00,wta,WTA,"Adana, Turkiye",N/A,3,Fiona Crawley,Elena Pridankina,p2_games,over,11.5,0.6449,1.55,1.54,0.601,4.4,-0.0068,1,72,1900572
2026-09-30 11:00,wta,WTA,"Adana, Turkiye",N/A,3,Fiona Crawley,Elena Pridankina,p2_games,under,11.5,0.3551,2.82,2.32,0.399,-4.4,-0.1763,1,72,1900572
2026-09-30 11:00,wta,WTA,"Adana, Turkiye",N/A,3,Fiona Crawley,Elena Pridankina,game_handicap,player_a,0.5,0.4941,2.02,,,,,1,72,1900572
2026-09-30 11:00,wta,WTA,"Adana, Turkiye",N/A,3,Fiona Crawley,Elena Pridankina,game_handicap,player_b,-0.5,0.5059,1.98,,,,,1,72,1900572
2026-09-30 11:00,wta,WTA,"Adana, Turkiye",N/A,3,Viktoria Hruncakova,Anna Blinkova,winner,player_a,,0.3616,2.77,5.6,0.1667,19.5,1.0249,0,81,1900373
2026-09-30 11:00,wta,WTA,"Adana, Turkiye",N/A,3,Viktoria Hruncakova,Anna Blinkova,winner,player_b,,0.6384,1.57,1.12,0.8333,-19.5,-0.285,0,81,1900373
2026-09-30 11:00,wta,WTA,"Adana, Turkiye",N/A,3,Viktoria Hruncakova,Anna Blinkova,total_games,over,19.5,0.5453,1.83,1.99,0.4651,8.0,0.0851,1,81,1900373
2026-09-30 11:00,wta,WTA,"Adana, Turkiye",N/A,3,Viktoria Hruncakova,Anna Blinkova,total_games,under,19.5,0.4547,2.2,1.73,0.5349,-8.0,-0.2134,1,81,1900373
2026-09-30 11:00,wta,WTA,"Adana, Turkiye",N/A,3,Viktoria Hruncakova,Anna Blinkova,p1_games,over,6.5,0.7166,1.4,1.81,0.5121,20.4,0.297,1,81,1900373
2026-09-30 11:00,wta,WTA,"Adana, Turkiye",N/A,3,Viktoria Hruncakova,Anna Blinkova,p1_games,under,6.5,0.2834,3.53,1.9,0.4879,-20.4,-0.4615,1,81,1900373
2026-09-30 11:00,wta,WTA,"Adana, Turkiye",N/A,3,Viktoria Hruncakova,Anna Blinkova,p2_games,over,12.5,0.4046,2.47,2.4,0.3862,1.8,-0.029,1,81,1900373
2026-09-30 11:00,wta,WTA,"Adana, Turkiye",N/A,3,Viktoria Hruncakova,Anna Blinkova,p2_games,under,12.5,0.5954,1.68,1.51,0.6138,-1.8,-0.1009,1,81,1900373
2026-09-30 11:00,wta,WTA,"Adana, Turkiye",N/A,3,Viktoria Hruncakova,Anna Blinkova,game_handicap,player_a,3.5,0.4899,2.04,,,,,1,81,1900373
2026-09-30 11:00,wta,WTA,"Adana, Turkiye",N/A,3,Viktoria Hruncakova,Anna Blinkova,game_handicap,player_b,-3.5,0.5101,1.96,,,,,1,81,1900373
2026-09-30 12:00,wta,WTA,"Adana, Turkiye",N/A,3,Teodora Kostovic,Dalma Galfi,winner,player_a,,0.5381,1.86,1.62,0.577,-3.9,-0.1283,0,81,1900766
2026-09-30 12:00,wta,WTA,"Adana, Turkiye",N/A,3,Teodora Kostovic,Dalma Galfi,winner,player_b,,0.4619,2.17,2.21,0.423,3.9,0.0208,0,81,1900766
2026-09-30 12:00,wta,WTA,"Adana, Turkiye",N/A,3,Teodora Kostovic,Dalma Galfi,total_games,over,20.5,0.5147,1.94,1.81,0.5108,0.4,-0.0683,1,81,1900766
2026-09-30 12:00,wta,WTA,"Adana, Turkiye",N/A,3,Teodora Kostovic,Dalma Galfi,total_games,under,20.5,0.4853,2.06,1.89,0.4892,-0.4,-0.0829,1,81,1900766
2026-09-30 12:00,wta,WTA,"Adana, Turkiye",N/A,3,Teodora Kostovic,Dalma Galfi,p1_games,over,12.5,0.4028,2.48,2.22,0.4173,-1.5,-0.1058,1,81,1900766
2026-09-30 12:00,wta,WTA,"Adana, Turkiye",N/A,3,Teodora Kostovic,Dalma Galfi,p1_games,under,12.5,0.5972,1.67,1.59,0.5827,1.5,-0.0504,1,81,1900766
2026-09-30 12:00,wta,WTA,"Adana, Turkiye",N/A,3,Teodora Kostovic,Dalma Galfi,p2_games,over,11.5,0.6029,1.66,1.68,0.5508,5.2,0.0129,1,81,1900766
2026-09-30 12:00,wta,WTA,"Adana, Turkiye",N/A,3,Teodora Kostovic,Dalma Galfi,p2_games,under,11.5,0.3971,2.52,2.06,0.4492,-5.2,-0.182,1,81,1900766
2026-09-30 12:00,wta,WTA,"Adana, Turkiye",N/A,3,Teodora Kostovic,Dalma Galfi,game_handicap,player_a,-0.5,0.5244,1.91,,,,,1,81,1900766
2026-09-30 12:00,wta,WTA,"Adana, Turkiye",N/A,3,Teodora Kostovic,Dalma Galfi,game_handicap,player_b,0.5,0.4756,2.1,,,,,1,81,1900766
2026-09-30 13:30,wta,WTA,"Adana, Turkiye",N/A,3,Leolia Jeanjean,Melisa Ercan,winner,player_a,,0.5806,1.72,1.11,0.8394,-25.9,-0.3556,0,72,1900623
2026-09-30 13:30,wta,WTA,"Adana, Turkiye",N/A,3,Leolia Jeanjean,Melisa Ercan,winner,player_b,,0.4194,2.38,5.8,0.1606,25.9,1.4327,0,72,1900623
2026-09-30 13:30,wta,WTA,"Adana, Turkiye",N/A,3,Leolia Jeanjean,Melisa Ercan,total_games,over,18.5,0.6356,1.57,1.84,0.504,13.2,0.1695,1,72,1900623
2026-09-30 13:30,wta,WTA,"Adana, Turkiye",N/A,3,Leolia Jeanjean,Melisa Ercan,total_games,under,18.5,0.3644,2.74,1.87,0.496,-13.2,-0.3186,1,72,1900623
2026-09-30 13:30,wta,WTA,"Adana, Turkiye",N/A,3,Leolia Jeanjean,Melisa Ercan,p1_games,over,12.5,0.3996,2.5,2.41,0.3836,1.6,-0.037,1,72,1900623
2026-09-30 13:30,wta,WTA,"Adana, Turkiye",N/A,3,Leolia Jeanjean,Melisa Ercan,p1_games,under,12.5,0.6004,1.67,1.5,0.6164,-1.6,-0.0994,1,72,1900623
2026-09-30 13:30,wta,WTA,"Adana, Turkiye",N/A,3,Leolia Jeanjean,Melisa Ercan,p2_games,over,6.5,0.7599,1.32,1.82,0.5094,25.0,0.383,1,72,1900623
2026-09-30 13:30,wta,WTA,"Adana, Turkiye",N/A,3,Leolia Jeanjean,Melisa Ercan,p2_games,under,6.5,0.2401,4.16,1.89,0.4906,-25.0,-0.5462,1,72,1900623
2026-09-30 13:30,wta,WTA,"Adana, Turkiye",N/A,3,Leolia Jeanjean,Melisa Ercan,game_handicap,player_a,-2.5,0.5044,1.98,,,,,1,72,1900623
2026-09-30 13:30,wta,WTA,"Adana, Turkiye",N/A,3,Leolia Jeanjean,Melisa Ercan,game_handicap,player_b,2.5,0.4956,2.02,,,,,1,72,1900623
2026-09-30 15:00,wta,WTA,"Adana, Turkiye",N/A,3,Cagla Buyukakcay,Lucrezia Stefanini,winner,player_a,,0.4435,2.25,5.2,0.1798,26.4,1.3064,0,81,1900765
2026-09-30 15:00,wta,WTA,"Adana, Turkiye",N/A,3,Cagla Buyukakcay,Lucrezia Stefanini,winner,player_b,,0.5565,1.8,1.14,0.8202,-26.4,-0.3656,0,81,1900765
2026-09-30 15:00,wta,WTA,"Adana, Turkiye",N/A,3,Cagla Buyukakcay,Lucrezia Stefanini,total_games,over,18.5,0.625,1.6,1.8,0.5148,11.0,0.125,1,81,1900765
2026-09-30 15:00,wta,WTA,"Adana, Turkiye",N/A,3,Cagla Buyukakcay,Lucrezia Stefanini,total_games,under,18.5,0.375,2.67,1.91,0.4852,-11.0,-0.2837,1,81,1900765
2026-09-30 15:00,wta,WTA,"Adana, Turkiye",N/A,3,Cagla Buyukakcay,Lucrezia Stefanini,p1_games,over,6.5,0.7672,1.3,1.76,0.5269,24.0,0.3502,1,81,1900765
2026-09-30 15:00,wta,WTA,"Adana, Turkiye",N/A,3,Cagla Buyukakcay,Lucrezia Stefanini,p1_games,under,6.5,0.2328,4.3,1.96,0.4731,-24.0,-0.5437,1,81,1900765
2026-09-30 15:00,wta,WTA,"Adana, Turkiye",N/A,3,Cagla Buyukakcay,Lucrezia Stefanini,p2_games,over,12.5,0.3866,2.59,2.38,0.3882,-0.2,-0.0798,1,81,1900765
2026-09-30 15:00,wta,WTA,"Adana, Turkiye",N/A,3,Cagla Buyukakcay,Lucrezia Stefanini,p2_games,under,12.5,0.6134,1.63,1.51,0.6118,0.2,-0.0738,1,81,1900765
2026-09-30 15:00,wta,WTA,"Adana, Turkiye",N/A,3,Cagla Buyukakcay,Lucrezia Stefanini,game_handicap,player_a,1.5,0.4826,2.07,,,,,1,81,1900765
2026-09-30 15:00,wta,WTA,"Adana, Turkiye",N/A,3,Cagla Buyukakcay,Lucrezia Stefanini,game_handicap,player_b,-1.5,0.5174,1.93,,,,,1,81,1900765
2026-09-30 03:00,wta,WTA Challenger,"Jingshan, China",Hard,3,Alexandra Shubladze,Jiajing Lu,winner,player_a,,0.4831,2.07,1.17,0.7972,-31.4,-0.4348,0,66,1900475
2026-09-30 03:00,wta,WTA Challenger,"Jingshan, China",Hard,3,Alexandra Shubladze,Jiajing Lu,winner,player_b,,0.5169,1.93,4.6,0.2028,31.4,1.3777,0,66,1900475
2026-09-30 03:00,wta,WTA Challenger,"Jingshan, China",Hard,3,Alexandra Shubladze,Jiajing Lu,total_games,over,18.5,0.6511,1.54,1.73,0.5349,11.6,0.1265,1,66,1900475
2026-09-30 03:00,wta,WTA Challenger,"Jingshan, China",Hard,3,Alexandra Shubladze,Jiajing Lu,total_games,under,18.5,0.3489,2.87,1.99,0.4651,-11.6,-0.3058,1,66,1900475
2026-09-30 03:00,wta,WTA Challenger,"Jingshan, China",Hard,3,Alexandra Shubladze,Jiajing Lu,p1_games,over,12.5,0.3815,2.62,2.34,0.3953,-1.4,-0.1074,1,66,1900475
2026-09-30 03:00,wta,WTA Challenger,"Jingshan, China",Hard,3,Alexandra Shubladze,Jiajing Lu,p1_games,under,12.5,0.6185,1.62,1.53,0.6047,1.4,-0.0536,1,66,1900475
2026-09-30 03:00,wta,WTA Challenger,"Jingshan, China",Hard,3,Alexandra Shubladze,Jiajing Lu,p2_games,over,7.5,0.7797,1.28,1.93,0.4798,30.0,0.5047,1,66,1900475
2026-09-30 03:00,wta,WTA Challenger,"Jingshan, China",Hard,3,Alexandra Shubladze,Jiajing Lu,p2_games,under,7.5,0.2203,4.54,1.78,0.5202,-30.0,-0.6078,1,66,1900475
2026-09-30 03:00,wta,WTA Challenger,"Jingshan, China",Hard,3,Alexandra Shubladze,Jiajing Lu,game_handicap,player_a,0.5,0.4963,2.01,,,,,1,66,1900475
2026-09-30 03:00,wta,WTA Challenger,"Jingshan, China",Hard,3,Alexandra Shubladze,Jiajing Lu,game_handicap,player_b,-0.5,0.5037,1.99,,,,,1,66,1900475
2026-09-30 04:30,wta,WTA Challenger,"Jingshan, China",Hard,3,Chenting Zhu,Emerson Jones,winner,player_a,,0.4248,2.35,5.4,0.173,25.2,1.2938,0,78,1899858
2026-09-30 04:30,wta,WTA Challenger,"Jingshan, China",Hard,3,Chenting Zhu,Emerson Jones,winner,player_b,,0.5752,1.74,1.13,0.827,-25.2,-0.35,0,78,1899858
2026-09-30 04:30,wta,WTA Challenger,"Jingshan, China",Hard,3,Chenting Zhu,Emerson Jones,total_games,over,18.5,0.6384,1.57,1.83,0.5067,13.2,0.1684,1,78,1899858
2026-09-30 04:30,wta,WTA Challenger,"Jingshan, China",Hard,3,Chenting Zhu,Emerson Jones,total_games,under,18.5,0.3616,2.77,1.88,0.4933,-13.2,-0.3203,1,78,1899858
2026-09-30 04:30,wta,WTA Challenger,"Jingshan, China",Hard,3,Chenting Zhu,Emerson Jones,p1_games,over,6.5,0.7645,1.31,1.8,0.5148,25.0,0.3761,1,78,1899858
2026-09-30 04:30,wta,WTA Challenger,"Jingshan, China",Hard,3,Chenting Zhu,Emerson Jones,p1_games,under,6.5,0.2355,4.25,1.91,0.4852,-25.0,-0.5502,1,78,1899858
2026-09-30 04:30,wta,WTA Challenger,"Jingshan, China",Hard,3,Chenting Zhu,Emerson Jones,p2_games,over,12.5,0.4001,2.5,2.41,0.3836,1.6,-0.0358,1,78,1899858
2026-09-30 04:30,wta,WTA Challenger,"Jingshan, China",Hard,3,Chenting Zhu,Emerson Jones,p2_games,under,12.5,0.5999,1.67,1.5,0.6164,-1.6,-0.1001,1,78,1899858
2026-09-30 04:30,wta,WTA Challenger,"Jingshan, China",Hard,3,Chenting Zhu,Emerson Jones,game_handicap,player_a,1.5,0.4645,2.15,,,,,1,78,1899858
2026-09-30 04:30,wta,WTA Challenger,"Jingshan, China",Hard,3,Chenting Zhu,Emerson Jones,game_handicap,player_b,-1.5,0.5355,1.87,,,,,1,78,1899858
2026-09-30 06:00,wta,WTA Challenger,"Jingshan, China",Hard,3,Wushuang Zheng,Sara Sorribes Tormo,winner,player_a,,0.2589,3.86,4.5,0.2077,5.1,0.1649,0,94,1900487
2026-09-30 06:00,wta,WTA Challenger,"Jingshan, China",Hard,3,Wushuang Zheng,Sara Sorribes Tormo,winner,player_b,,0.7411,1.35,1.18,0.7923,-5.1,-0.1255,0,94,1900487
2026-09-30 06:00,wta,WTA Challenger,"Jingshan, China",Hard,3,Wushuang Zheng,Sara Sorribes Tormo,total_games,over,18.5,0.5546,1.8,1.73,0.5362,1.8,-0.0406,1,94,1900487
2026-09-30 06:00,wta,WTA Challenger,"Jingshan, China",Hard,3,Wushuang Zheng,Sara Sorribes Tormo,total_games,under,18.5,0.4454,2.25,2.0,0.4638,-1.8,-0.1092,1,94,1900487
2026-09-30 06:00,wta,WTA Challenger,"Jingshan, China",Hard,3,Wushuang Zheng,Sara Sorribes Tormo,p1_games,over,7.5,0.5434,1.84,1.92,0.4825,6.1,0.0433,1,94,1900487
2026-09-30 06:00,wta,WTA Challenger,"Jingshan, China",Hard,3,Wushuang Zheng,Sara Sorribes Tormo,p1_games,under,7.5,0.4566,2.19,1.79,0.5175,-6.1,-0.1826,1,94,1900487
2026-09-30 06:00,wta,WTA Challenger,"Jingshan, China",Hard,3,Wushuang Zheng,Sara Sorribes Tormo,p2_games,over,12.5,0.3839,2.61,2.33,0.3979,-1.4,-0.1056,1,94,1900487
2026-09-30 06:00,wta,WTA Challenger,"Jingshan, China",Hard,3,Wushuang Zheng,Sara Sorribes Tormo,p2_games,under,12.5,0.6161,1.62,1.54,0.6021,1.4,-0.0512,1,94,1900487
2026-09-30 06:00,wta,WTA Challenger,"Jingshan, China",Hard,3,Wushuang Zheng,Sara Sorribes Tormo,game_handicap,player_a,4.5,0.4477,2.23,,,,,1,94,1900487
2026-09-30 06:00,wta,WTA Challenger,"Jingshan, China",Hard,3,Wushuang Zheng,Sara Sorribes Tormo,game_handicap,player_b,-4.5,0.5523,1.81,,,,,1,94,1900487
