date,tournament,round,surface,player_a,player_b,market,selection,line,model_probability,fair_odds,bookmaker_odds,implied,edge_pp,result,won,match_id,data_quality,recorded_at,settled_at,kind
2026-09-28,"Columbus, USA",,Hard,Tyler Zink,Mitchell Krueger,winner,player_b,,0.6305,1.59,1.68,0.5567,7.4,6-7/3-6,1,1899566,100,2026-09-28 18:32 UTC,2026-09-29 06:19 UTC,
2026-09-28,"Columbus, USA",,Hard,Daniel Milavsky,Blaise Bicknell,winner,player_a,,0.6074,1.65,1.34,0.6948,-8.7,6-3/6-2,1,1899561,100,2026-09-28 18:32 UTC,2026-09-29 06:19 UTC,
2026-09-28,"Columbus, USA",,Hard,Daniel Milavsky,Blaise Bicknell,p2_games,over,10.5,0.6246,1.6,1.82,0.5094,11.5,6-3/6-2,0,1899561,100,2026-09-28 18:32 UTC,2026-09-29 06:19 UTC,
2026-09-28,"Columbus, USA",,Hard,Braden Shick,Ozan Baris,winner,player_a,,0.7077,1.41,1.83,0.5107,19.7,7-6/0-6/6-3,1,1899564,94,2026-09-28 18:32 UTC,2026-09-29 06:19 UTC,strong+day+highlight+favourite
2026-09-28,"Columbus, USA",,Hard,Mees Rottgering,Edward Winter,winner,player_a,,0.5975,1.67,1.3,0.7174,-12.0,7-5/6-3,1,1899567,100,2026-09-28 18:32 UTC,2026-09-29 06:19 UTC,favourite
2026-09-28,"Columbus, USA",,Hard,Mees Rottgering,Edward Winter,p2_games,over,9.5,0.6552,1.53,1.84,0.5027,15.3,7-5/6-3,0,1899567,100,2026-09-28 18:32 UTC,2026-09-29 06:19 UTC,day+highlight
2026-09-28,"Curitiba, Brazil",,Clay,Guido Justo,Franco Roncadelli,winner,player_b,,0.5036,1.99,1.97,0.4747,2.9,7-6/6-2,0,1899553,94,2026-09-28 18:32 UTC,2026-09-30 16:17 UTC,favourite
2026-09-28,"Curitiba, Brazil",,Clay,Felipe Meligeni Rodrigues Alves,Carlos Maria Zarate,winner,player_a,,0.7491,1.33,1.27,0.7365,1.3,6-4/6-2,1,1899550,94,2026-09-28 18:32 UTC,2026-09-29 16:17 UTC,favourite
2026-09-28,"Curitiba, Brazil",,Clay,Gonzalo Villanueva,Juan Carlos Prado Angelo,winner,player_b,,0.6413,1.56,1.37,0.6829,-4.2,3-6/6-3/6-4,0,1899558,100,2026-09-28 18:32 UTC,2026-09-30 16:17 UTC,day+favourite
2026-09-28,"Curitiba, Brazil",,Clay,Gustavo Heide,Hernan Casanova,winner,player_a,,0.7675,1.3,1.15,0.813,-4.6,6-2/6-1,1,1899549,100,2026-09-28 18:32 UTC,2026-09-29 20:16 UTC,favourite
2026-09-28,"Mouilleron-Le-Captif, France",,Hard,Clement Tabur,Matteo Martineau,winner,player_a,,0.6684,1.5,1.47,0.6388,3.0,7-6/6-7/6-3,1,1899540,100,2026-09-28 18:32 UTC,2026-09-29 06:19 UTC,
2026-09-29,"China Open, Qualification",Q,Hard,Marco Trungelliti,Alex Molcan,winner,player_b,,0.6219,1.61,1.72,0.559,6.3,4-6/5-7,1,1899984,100,2026-09-28 18:32 UTC,2026-09-29 06:19 UTC,highlight+favourite
2026-09-29,"China Open, Qualification",Q,Hard,Tomas Machac,Arthur Gea,winner,player_a,,0.6245,1.6,2.18,0.441,18.4,3-6/4-6,0,1899840,100,2026-09-28 18:32 UTC,2026-09-29 06:19 UTC,highlight+favourite
2026-09-29,"China Open, Qualification",Q,Hard,Adrian Mannarino,Pablo Carreno Busta,winner,player_b,,0.6135,1.63,1.56,0.6158,-0.2,3-6/4-6,1,1900365,100,2026-09-28 18:32 UTC,2026-09-29 10:16 UTC,favourite
2026-09-29,"China Open, Qualification",Q,Hard,Botic van de Zandschulp,Jie Cui,winner,player_a,,0.8679,1.15,1.15,0.8345,3.3,6-4/6-4,1,1900364,100,2026-09-28 18:32 UTC,2026-09-29 10:16 UTC,favourite
2026-09-29,Japan Open (Tokyo): Qualification,Q,Hard,Stefanos Tsitsipas,Rinky Hijikata,winner,player_a,,0.648,1.54,1.31,0.7332,-8.5,6-4/6-3,1,1899838,100,2026-09-28 18:32 UTC,2026-09-29 06:19 UTC,favourite
2026-09-29,Japan Open (Tokyo): Qualification,Q,Hard,Jaume Munar,Aleksandar Kovacevic,winner,player_a,,0.6321,1.58,1.59,0.6045,2.8,6-2/6-3,1,1899860,100,2026-09-28 18:32 UTC,2026-09-29 06:19 UTC,favourite
2026-09-29,Japan Open (Tokyo): Qualification,Q,Hard,Arthur Fils,Kamil Majchrzak,winner,player_a,,0.8356,1.2,1.26,0.7605,7.5,6-2/3-6/6-1,1,1900284,100,2026-09-28 18:32 UTC,2026-09-29 06:19 UTC,favourite
2026-09-29,Japan Open (Tokyo): Qualification,Q,Hard,Arthur Fils,Kamil Majchrzak,p2_games,under,9.5,0.5859,1.71,1.96,0.4773,10.9,6-2/3-6/6-1,1,1900284,100,2026-09-28 18:32 UTC,2026-09-29 06:19 UTC,highlight
2026-09-29,Japan Open (Tokyo): Qualification,Q,Hard,Adolfo Vallejo,Jaime Faria,winner,player_b,,0.6431,1.55,1.58,0.6079,3.5,6-4/5-7/7-5,0,1900017,94,2026-09-28 18:32 UTC,2026-09-29 10:16 UTC,favourite
2026-09-29,Chengdu Open,,Hard,Hubert Hurkacz,Alejandro Davidovich Fokina,winner,player_a,,0.5002,2.0,1.68,0.5725,-7.2,4-6/6-7,0,1900374,100,2026-09-28 18:32 UTC,2026-09-29 16:17 UTC,favourite
2026-09-29,Hangzhou Open,,Hard,Daniil Medvedev,Andrey Rublev,winner,player_a,,0.6131,1.63,1.5,0.6429,-3.0,7-5/6-4,1,1900366,100,2026-09-28 18:32 UTC,2026-09-29 16:17 UTC,favourite
2026-09-29,China Open: Qualification,Q,Hard,Elsa Jacquemot,Vivian Wolff,winner,player_a,,0.5698,1.75,1.36,0.7082,-13.8,6-3/6-4,1,1899900,81,2026-09-28 18:32 UTC,2026-09-29 06:19 UTC,favourite
2026-09-29,China Open: Qualification,Q,Hard,Harriet Dart,Yexin Ma,winner,player_a,,0.5185,1.93,1.51,0.637,-11.8,6-3/6-2,1,1899899,88,2026-09-28 18:32 UTC,2026-09-29 06:19 UTC,favourite
2026-09-29,China Open: Qualification,Q,Hard,Jiaqi Wang,Zhuoxuan Bai,winner,player_b,,0.5088,1.97,1.22,0.7867,-27.8,1-6/0-6,1,1899898,66,2026-09-28 18:32 UTC,2026-09-29 06:19 UTC,favourite
2026-09-29,China Open: Qualification,Q,Hard,Katarzyna Kawa,Valeria Savinykh,winner,player_b,,0.5854,1.71,3.45,0.2782,30.7,6-3/7-5,0,1899902,66,2026-09-28 18:32 UTC,2026-09-29 06:19 UTC,favourite
2026-09-29,China Open: Qualification,Q,Hard,Aliaksandra Sasnovich,Varvara Lepchenko,winner,player_a,,0.6884,1.45,1.26,0.7605,-7.2,6-4/6-1,1,1900285,100,2026-09-28 18:32 UTC,2026-09-29 10:16 UTC,favourite
2026-09-29,China Open: Qualification,Q,Hard,Andrea Lazaro Garcia,Linda Fruhvirtova,winner,player_a,,0.6195,1.61,2.2,0.4373,18.2,6-1/6-3,1,1899903,91,2026-09-28 18:32 UTC,2026-09-29 06:19 UTC,favourite
2026-09-29,China Open: Qualification,Q,Hard,Elvina Kalieva,Han Shi,winner,player_b,,0.6113,1.64,2.12,0.4536,15.8,7-6/5-7/3-6,1,1900006,91,2026-09-28 18:32 UTC,2026-09-29 10:16 UTC,favourite
2026-09-29,China Open: Qualification,Q,Hard,Marina Bassols Ribera,Xiaodi You,winner,player_b,,0.525,1.9,2.36,0.407,11.8,6-4/6-4,0,1899901,94,2026-09-28 18:32 UTC,2026-09-29 10:16 UTC,favourite
2026-09-29,China Open: Qualification,Q,Hard,Jodie Burrage,Mai Hontama,winner,player_a,,0.5473,1.83,1.99,0.4831,6.4,6-2/1-6/2-6,0,1900328,94,2026-09-28 18:32 UTC,2026-09-29 10:16 UTC,favourite
2026-09-29,China Open: Qualification,Q,Hard,Maddison Inglis,Darya Astakhova,winner,player_b,,0.5489,1.82,1.92,0.5,4.9,6-2/7-5,0,1900361,78,2026-09-28 18:32 UTC,2026-09-29 10:16 UTC,favourite
2026-09-29,"Bari, Italy",,N/A,Geoffrey Blancaneaux,Dimitar Kuzmanov,winner,player_b,,0.6162,1.62,1.58,0.5907,2.6,3-6/0-6,1,1900015,88,2026-09-28 18:32 UTC,2026-09-29 10:16 UTC,day+favourite
2026-09-29,"Bari, Italy",,N/A,Gianluca Cadenasso,Benito Sanchez Martinez,winner,player_a,,0.6909,1.45,1.66,0.562,12.9,6-3/6-1,1,1900010,81,2026-09-28 18:32 UTC,2026-09-29 10:16 UTC,favourite
2026-09-29,"Bari, Italy",,N/A,Olle Wallin,Matthew Donald,winner,player_a,,0.5307,1.88,1.69,0.5529,-2.2,3-6/5-7,0,1900382,81,2026-09-28 18:32 UTC,2026-09-29 10:16 UTC,favourite
2026-09-29,"Bari, Italy",,N/A,Fabrizio Andaloro,Jay Clarke,winner,player_b,,0.7842,1.28,1.14,0.8202,-3.6,2-6/1-6,1,1900386,88,2026-09-28 18:32 UTC,2026-09-29 16:17 UTC,favourite
2026-09-29,"Bari, Italy",,N/A,Lorenzo Giustino,John Sperle,winner,player_a,,0.7558,1.32,1.43,0.6538,10.2,7-5/6-7/6-4,1,1900387,88,2026-09-28 18:32 UTC,2026-09-29 16:17 UTC,strong+day+highlight+favourite
2026-09-29,"Bari, Italy",,N/A,Max Wiskandt,Pierluigi Basile,winner,player_b,,0.5161,1.94,1.51,0.6187,-10.3,7-6/6-7/3-6,1,1900385,88,2026-09-28 18:32 UTC,2026-09-29 16:17 UTC,favourite
2026-09-29,"Bari, Italy",,N/A,Imanol Lopez Morillo,Martin Krumich,winner,player_b,,0.7484,1.34,1.41,0.6611,8.7,1-6/2-4,1,1900383,88,2026-09-28 18:32 UTC,2026-09-29 16:17 UTC,strong+day+highlight+favourite
2026-09-29,"Bari, Italy",,N/A,Massimo Giunta,Federico Arnaboldi,winner,player_b,,0.6788,1.47,2.01,0.4654,21.3,6-3/6-1,0,1900384,88,2026-09-28 18:32 UTC,2026-09-29 16:17 UTC,favourite
2026-09-29,"Bari, Italy",,N/A,Samuele Pieri,Andrej Martin,winner,player_b,,0.6519,1.53,2.12,0.4406,21.1,6-4/6-4,0,1900013,88,2026-09-28 18:32 UTC,2026-09-29 16:17 UTC,favourite
2026-09-29,"Bari, Italy",,N/A,Pol Martin Tiffon,Laurent Lokoli,winner,player_a,,0.6748,1.48,1.65,0.5658,10.9,7-6/3-6/5-7,0,1900016,88,2026-09-28 18:32 UTC,2026-09-29 20:16 UTC,day+highlight+favourite
2026-09-29,"Columbus, USA",,Hard,Bryce Nakashima,Jack Kennedy,winner,player_b,,0.5003,2.0,2.22,0.4204,8.0,4-6/6-2/7-6,0,1899570,69,2026-09-28 18:32 UTC,2026-09-30 06:19 UTC,favourite
2026-09-29,"Columbus, USA",,Hard,Darwin Blanch,Patrick Maloney,winner,player_a,,0.6991,1.43,1.14,0.8202,-12.1,6-4/7-5,1,1899560,94,2026-09-28 18:32 UTC,2026-09-29 20:16 UTC,favourite
2026-09-29,"Columbus, USA",,Hard,Dylan Dietrich,Jeffrey John Wolf,winner,player_b,,0.5933,1.69,1.59,0.587,0.6,7-6/6-3,0,1899563,94,2026-09-28 18:32 UTC,2026-09-29 20:16 UTC,favourite
2026-09-29,"Columbus, USA",,Hard,Igor Ribeiro Marcondes,Andrew Fenty,winner,player_a,,0.7447,1.34,1.65,0.5669,17.8,2-6/4-6,0,1899562,100,2026-09-28 18:32 UTC,2026-09-30 06:19 UTC,strong+day+highlight+favourite
2026-09-29,"Columbus, USA",,Hard,Nikita Samuel Filin,Aidan Mayo,winner,player_b,,0.6787,1.47,1.31,0.7127,-3.4,4-6/4-6,1,1899565,72,2026-09-28 18:32 UTC,2026-09-30 06:19 UTC,favourite
2026-09-29,"Columbus, USA",,Hard,Stefan Kozlov,Aidan Kim,winner,player_a,,0.6893,1.45,1.93,0.484,20.5,,,1899569,94,2026-09-28 18:32 UTC,,favourite
2026-09-29,"Curitiba, Brazil",,Clay,Joao Lucas Da Silva,Murkel Dellien,winner,player_a,,0.7371,1.36,1.17,0.7972,-6.0,6-1/7-5,1,1899559,69,2026-09-28 18:32 UTC,2026-09-29 16:17 UTC,favourite
2026-09-29,"Curitiba, Brazil",,Clay,Lucas Da Silva,Genaro Alberto Olivieri,winner,player_b,,0.6678,1.5,1.67,0.5605,10.7,,,1899552,69,2026-09-28 18:32 UTC,,favourite
2026-09-29,"Curitiba, Brazil",,Clay,Luis Miguel,Facundo Mena,winner,player_b,,0.7554,1.32,1.41,0.6611,9.4,6-2/2-1,0,1899556,66,2026-09-28 18:32 UTC,2026-09-30 16:17 UTC,favourite
2026-09-29,"Curitiba, Brazil",,Clay,Matias Soto,Lautaro Midon,winner,player_b,,0.6273,1.59,1.53,0.6097,1.8,3-6/3-6,1,1899551,100,2026-09-28 18:32 UTC,2026-09-29 16:17 UTC,day+favourite
2026-09-29,"Curitiba, Brazil",,Clay,Thiago Seyboth Wild,Pedro Boscardin Dias,winner,player_a,,0.6765,1.48,1.24,0.7515,-7.5,,,1899557,100,2026-09-28 18:32 UTC,,favourite
2026-09-29,"Jingshan, China",,Hard,Akira Santillan,Luka Pavlovic,winner,player_b,,0.6542,1.53,1.6,0.5844,7.0,2-6/4-6,1,1899761,100,2026-09-28 18:32 UTC,2026-09-29 10:16 UTC,day+highlight+favourite
2026-09-29,"Jingshan, China",,Hard,Arthur Weber,Yanki Erel,winner,player_b,,0.6859,1.46,1.47,0.6343,5.2,4-6/2-6,1,1899754,100,2026-09-28 18:32 UTC,2026-09-29 10:16 UTC,day+highlight+favourite
2026-09-29,"Jingshan, China",,Hard,Michael Zheng,Yaojie Zeng,winner,player_a,,0.95,1.05,1.01,0.9279,2.2,7-6/6-1,1,1899753,100,2026-09-28 18:32 UTC,2026-09-29 10:16 UTC,favourite
2026-09-29,"Jingshan, China",,Hard,Stefanos Sakellaridis,Yuta Shimizu,winner,player_a,,0.7287,1.37,1.44,0.6479,8.1,6-7/2-6,0,1899755,100,2026-09-28 18:32 UTC,2026-09-29 10:16 UTC,strong+day+highlight+favourite
2026-09-29,"Mouilleron-Le-Captif, France",,Hard,Billy Harris,Felix Balshaw,winner,player_b,,0.6217,1.61,1.64,0.5696,5.2,6-7/6-3/6-7,1,1899546,100,2026-09-28 18:32 UTC,2026-09-29 16:17 UTC,day+highlight+favourite
2026-09-29,"Mouilleron-Le-Captif, France",,Hard,Filippo Romano,Harry Wendelken,winner,player_b,,0.6404,1.56,1.68,0.5567,8.4,3-6/1-6,1,1900376,100,2026-09-28 18:32 UTC,2026-09-29 16:17 UTC,day+highlight+favourite
2026-09-29,"Mouilleron-Le-Captif, France",,Hard,Yanis Durand,Nicolai Budkov Kjaer,winner,player_b,,0.7872,1.27,1.19,0.7832,0.4,3-6/2-6,1,1900380,88,2026-09-28 18:32 UTC,2026-09-29 16:17 UTC,favourite
2026-09-29,"Mouilleron-Le-Captif, France",,Hard,Alberto Barroso Campos,Joel Schwaerzler,winner,player_b,,0.6861,1.46,1.29,0.7249,-3.9,3-6/5-7,1,1900378,100,2026-09-28 18:32 UTC,2026-09-29 16:17 UTC,favourite
2026-09-29,"Mouilleron-Le-Captif, France",,Hard,Alexandre Reco,Remy Bertola,winner,player_b,,0.7193,1.39,1.29,0.7249,-0.6,4-6/3-6,1,1900375,91,2026-09-28 18:32 UTC,2026-09-29 16:17 UTC,favourite
2026-09-29,"Mouilleron-Le-Captif, France",,Hard,Mark Lajal,Lucas Poullain,winner,player_a,,0.7101,1.41,1.22,0.764,-5.4,6-7/7-5/3-6,0,1899539,100,2026-09-28 18:32 UTC,2026-09-29 20:16 UTC,favourite
2026-09-29,"Mouilleron-Le-Captif, France",,Hard,Clement Chidekh,David Goffin,winner,player_b,,0.5681,1.76,3.05,0.3052,26.3,6-1/6-0,0,1899544,100,2026-09-28 18:32 UTC,2026-09-29 20:16 UTC,favourite
2026-09-29,"Mouilleron-Le-Captif, France",,Hard,Viktor Durasovic,Ugo Blanchet,winner,player_b,,0.693,1.44,1.32,0.708,-1.5,3-6/4-6,1,1900379,100,2026-09-28 18:32 UTC,2026-09-29 20:16 UTC,day+favourite
2026-09-29,"Porto 2, Portugal",,Clay,Cezar Cretu,Henrique Rocha,winner,player_b,,0.6578,1.52,1.25,0.7475,-9.0,5-7/3-6,1,1899390,100,2026-09-28 18:32 UTC,2026-09-29 16:17 UTC,favourite
2026-09-29,"Porto 2, Portugal",,Clay,David Jorda Sanchis,Jesper de Jong,winner,player_b,,0.7325,1.37,1.2,0.7818,-4.9,6-4/3-5,0,1899399,100,2026-09-28 18:32 UTC,2026-09-29 16:17 UTC,favourite
2026-09-29,"Porto 2, Portugal",,Clay,Hugo Grenier,Carl Overbeck,winner,player_a,,0.6059,1.65,1.74,0.5372,6.9,6-4/6-2,1,1899795,91,2026-09-28 18:32 UTC,2026-09-30 16:17 UTC,day+highlight+favourite
2026-09-29,"Porto 2, Portugal",,Clay,Moez Echargui,Damir Dzumhur,winner,player_b,,0.7513,1.33,1.63,0.5744,17.7,7-5/6-0,0,1899394,100,2026-09-28 18:32 UTC,2026-09-30 20:16 UTC,strong+day+highlight+favourite
2026-09-29,"Porto 2, Portugal",,Clay,Toby Samuel,Mackenzie McDonald,winner,player_a,,0.5723,1.75,1.33,0.7031,-13.1,7-5/6-1,1,1899393,97,2026-09-28 18:32 UTC,2026-09-29 16:17 UTC,favourite
2026-09-29,"Porto 2, Portugal",,Clay,Toby Samuel,Mackenzie McDonald,p2_games,over,10.5,0.6276,1.59,1.93,0.4798,14.8,7-5/6-1,0,1899393,97,2026-09-28 18:32 UTC,2026-09-29 16:17 UTC,day+highlight
2026-09-29,"Adana, Turkiye",,N/A,Anastasia Tikhonova,Simona Waltert,winner,player_b,,0.7888,1.27,1.32,0.708,8.1,6-3/6-7/3-6,1,1900040,81,2026-09-28 18:32 UTC,2026-09-29 16:17 UTC,favourite
2026-09-29,"Adana, Turkiye",,N/A,Elena Pridankina,Ayla Aksu,winner,player_a,,0.5995,1.67,1.4,0.6667,-6.7,6-3/6-3,1,1900028,81,2026-09-28 18:32 UTC,2026-09-29 16:17 UTC,favourite
2026-09-29,"Adana, Turkiye",,N/A,Lola Radivojevic,Melisa Ercan,winner,player_b,,0.6432,1.55,4.6,0.2028,44.0,2-6/2-6,1,1900036,69,2026-09-28 18:32 UTC,2026-09-29 16:17 UTC,favourite
2026-09-29,"Adana, Turkiye",,N/A,Lucia Bronzetti,Lois Boisson,winner,player_b,,0.5135,1.95,1.63,0.5722,-5.9,1-6/2-6,1,1900041,88,2026-09-28 18:32 UTC,2026-09-29 16:17 UTC,favourite
2026-09-29,"Adana, Turkiye",,N/A,Polina Iatcenko,Erika Andreeva,winner,player_a,,0.597,1.68,1.6,0.5844,1.3,3-6/2-6,0,1900042,81,2026-09-28 18:32 UTC,2026-09-29 16:17 UTC,favourite
2026-09-29,"Adana, Turkiye",,N/A,Carole Monnet,Cagla Buyukakcay,winner,player_a,,0.5096,1.96,1.22,0.7663,-25.7,6-2/3-6/6-7,0,1900026,81,2026-09-28 18:32 UTC,2026-09-29 20:16 UTC,favourite
2026-09-29,"Adana, Turkiye",,N/A,Teodora Kostovic,Berfu Cengiz,winner,player_a,,0.5292,1.89,1.46,0.6404,-11.1,6-1/0-0,1,1900033,81,2026-09-28 18:32 UTC,2026-09-29 20:16 UTC,favourite
2026-09-29,"Jingshan, China",,Hard,Alexandra Shubladze,Rina Saigo,winner,player_a,,0.6025,1.66,1.04,0.8964,-29.4,7-5/6-3,1,1899580,66,2026-09-28 18:32 UTC,2026-09-29 06:19 UTC,favourite
2026-09-29,"Jingshan, China",,Hard,Kristina Mladenovic,Sofia Costoulas,winner,player_a,,0.6258,1.6,4.7,0.198,42.8,2-6/5-7,0,1899585,91,2026-09-28 18:32 UTC,2026-09-29 06:19 UTC,favourite
2026-09-29,"Jingshan, China",,Hard,Tyra Caterina Grant,Aliona Falei,winner,player_b,,0.5192,1.93,2.55,0.3672,15.2,4-6/1-6,1,1899575,81,2026-09-28 18:32 UTC,2026-09-29 06:19 UTC,favourite
2026-09-29,"Jingshan, China",,Hard,Kristiana Sidorova,Daria Egorova,winner,player_a,,0.5072,1.97,2.11,0.4433,6.4,6-3/6-4,1,1899581,62,2026-09-28 18:32 UTC,2026-09-29 10:16 UTC,favourite
2026-09-29,"Jingshan, China",,Hard,Kyoka Okamura,Xi Wu Ru,winner,player_b,,0.5401,1.85,4.7,0.1993,34.1,6-2/6-4,0,1899576,53,2026-09-28 18:32 UTC,2026-09-29 10:16 UTC,favourite
2026-09-29,"Jingshan, China",,Hard,Viktoria Morvayova,Sara Sorribes Tormo,winner,player_b,,0.6461,1.55,1.19,0.7871,-14.1,0-6/6-2/6-7,1,1899574,91,2026-09-28 18:32 UTC,2026-09-29 10:16 UTC,favourite
2026-09-29,"Jingshan, China",,Hard,Alevtina Ibragimova,Daria Khomutsianskaya,winner,player_a,,0.616,1.62,1.33,0.7031,-8.7,3-6/6-4/7-5,1,1899579,66,2026-09-28 18:32 UTC,2026-09-29 10:16 UTC,favourite
2026-09-29,"Jingshan, China",,Hard,Amelia Rajecki,Yuhan Wang,winner,player_a,,0.5135,1.95,1.8,0.5187,-0.5,4-6/6-3/6-7,0,1899572,75,2026-09-28 18:32 UTC,2026-09-29 16:17 UTC,favourite
2026-09-29,"Jingshan, China",,Hard,Katarina Zavatska,Sofya Lansere,winner,player_b,,0.5037,1.99,1.86,0.5013,0.2,3-6/0-6,1,1899573,91,2026-09-28 18:32 UTC,2026-09-29 16:17 UTC,favourite
2026-09-29,"Jingshan, China",,Hard,Jessica Bouzas Maneiro,Fangran Tian,winner,player_a,,0.6402,1.56,1.16,0.8054,-16.5,6-3/4-1,1,1899571,81,2026-09-28 18:32 UTC,2026-09-29 16:17 UTC,favourite
2026-09-29,"China Open, Qualification",Q,Hard,Marco Trungelliti,Alex Molcan,p2_games,over,11.5,0.7625,1.31,1.31,0.7127,5.0,4-6/5-7,1,1899984,100,2026-09-28 19:35 UTC,2026-09-29 06:19 UTC,strong+day
2026-09-29,"China Open, Qualification",Q,Hard,Marco Trungelliti,Alex Molcan,p1_games,under,13.5,0.7284,1.37,1.39,0.6722,5.6,4-6/5-7,1,1899984,100,2026-09-28 19:35 UTC,2026-09-29 06:19 UTC,strong
2026-09-29,"China Open, Qualification",Q,Hard,Tomas Machac,Arthur Gea,p1_games,over,11.5,0.7701,1.3,1.53,0.6117,15.8,3-6/4-6,0,1899840,100,2026-09-28 19:35 UTC,2026-09-29 06:19 UTC,strong+day
2026-09-29,"China Open, Qualification",Q,Hard,Tomas Machac,Arthur Gea,p2_games,under,13.5,0.7184,1.39,1.45,0.6463,7.2,3-6/4-6,1,1899840,100,2026-09-28 19:35 UTC,2026-09-29 06:19 UTC,strong
2026-09-29,"China Open, Qualification",Q,Hard,Adrian Mannarino,Pablo Carreno Busta,p2_games,under,13.5,0.6741,1.48,1.42,0.6595,1.5,3-6/4-6,1,1900365,100,2026-09-28 19:35 UTC,2026-09-29 10:16 UTC,day
2026-09-29,"China Open, Qualification",Q,Hard,Botic van de Zandschulp,Jie Cui,p1_games,under,13.5,0.7591,1.32,1.34,0.6982,6.1,6-4/6-4,1,1900364,100,2026-09-28 19:35 UTC,2026-09-29 10:16 UTC,strong+day
2026-09-29,"China Open, Qualification",Q,Hard,Botic van de Zandschulp,Jie Cui,total_games,under,23.5,0.7258,1.38,1.43,0.6659,6.0,6-4/6-4,1,1900364,100,2026-09-28 19:35 UTC,2026-09-29 10:16 UTC,strong
2026-09-29,Japan Open (Tokyo): Qualification,Q,Hard,Stefanos Tsitsipas,Rinky Hijikata,total_games,over,19.5,0.7032,1.42,1.42,0.6713,3.2,6-4/6-3,0,1899838,100,2026-09-28 19:35 UTC,2026-09-29 06:19 UTC,strong+day
2026-09-29,Japan Open (Tokyo): Qualification,Q,Hard,Jaume Munar,Aleksandar Kovacevic,total_games,over,19.5,0.72,1.39,1.33,0.7158,0.4,6-2/6-3,0,1899860,100,2026-09-28 19:35 UTC,2026-09-29 06:19 UTC,strong+day
2026-09-29,Japan Open (Tokyo): Qualification,Q,Hard,Arthur Fils,Kamil Majchrzak,p1_games,under,13.5,0.7231,1.38,1.42,0.6595,6.4,6-2/3-6/6-1,0,1900284,100,2026-09-28 19:35 UTC,2026-09-29 06:19 UTC,strong+day
2026-09-29,Japan Open (Tokyo): Qualification,Q,Hard,Adolfo Vallejo,Jaime Faria,p1_games,under,13.5,0.732,1.37,1.37,0.6792,5.3,6-4/5-7/7-5,0,1900017,94,2026-09-28 19:35 UTC,2026-09-29 10:16 UTC,strong+day
2026-09-29,Chengdu Open,,Hard,Hubert Hurkacz,Alejandro Davidovich Fokina,p2_games,over,11.5,0.6878,1.45,1.45,0.6463,4.1,4-6/6-7,1,1900374,100,2026-09-28 19:35 UTC,2026-09-29 16:17 UTC,day
2026-09-29,Hangzhou Open,,Hard,Daniil Medvedev,Andrey Rublev,p1_games,under,13.5,0.6688,1.5,1.47,0.6343,3.5,7-5/6-4,1,1900366,100,2026-09-28 19:35 UTC,2026-09-29 16:17 UTC,day
2026-09-29,China Open: Qualification,Q,Hard,Aliaksandra Sasnovich,Varvara Lepchenko,total_games,over,17.5,0.6948,1.44,1.36,0.6984,-0.4,6-4/6-1,0,1900285,100,2026-09-28 19:35 UTC,2026-09-29 10:16 UTC,day
2026-09-29,"Bari, Italy",,N/A,Samuele Pieri,Andrej Martin,p1_games,under,12.5,0.6142,1.63,1.71,0.5416,7.3,6-4/6-4,1,1900013,88,2026-09-28 19:35 UTC,2026-09-29 16:17 UTC,day
2026-09-29,"Columbus, USA",,Hard,Trevor Svajda,Andres Andrade,p2_games,over,11.5,0.6562,1.52,1.67,0.5547,10.1,4-6/2-6,1,1899568,100,2026-09-28 19:35 UTC,2026-09-30 06:19 UTC,day+highlight
2026-09-29,"Columbus, USA",,Hard,Trevor Svajda,Andres Andrade,winner,player_a,,0.5003,2.0,1.58,0.5907,-9.0,4-6/2-6,0,1899568,100,2026-09-28 19:35 UTC,2026-09-30 06:19 UTC,favourite
2026-09-29,"Porto 2, Portugal",,Clay,Fausto Tabacco,Daniel Rincon,winner,player_b,,0.8422,1.19,1.28,0.7294,11.3,1-6/1-6,1,1900407,94,2026-09-28 19:35 UTC,2026-09-29 16:17 UTC,favourite
2026-09-29,"Porto 2, Portugal",,Clay,Goncalo Marques,Petr Nesterov,winner,player_b,,0.6884,1.45,1.61,0.5807,10.8,7-5/1-6/6-4,0,1900406,78,2026-09-28 19:35 UTC,2026-09-29 16:17 UTC,favourite
2026-09-29,"Porto 2, Portugal",,Clay,Anton Matusevich,Andrea Guerrieri,winner,player_b,,0.6866,1.46,1.56,0.599,8.8,4-6/6-4/0-6,1,1900405,100,2026-09-28 19:35 UTC,2026-09-29 16:17 UTC,day+highlight+favourite
2026-09-29,"Porto 2, Portugal",,Clay,Alejo Sanchez Quilez,Jacob Fearnley,winner,player_b,,0.7832,1.28,1.21,0.7721,1.1,1-6/2-6,1,1900410,100,2026-09-28 19:35 UTC,2026-09-30 16:17 UTC,favourite
2026-09-29,"Porto 2, Portugal",,Clay,Edas Butvilas,Michael Geerts,winner,player_a,,0.6996,1.43,1.31,0.7127,-1.3,6-4/6-1,1,1900409,100,2026-09-28 19:35 UTC,2026-09-30 16:17 UTC,day+favourite
2026-09-29,"Adana, Turkiye",,N/A,Lucia Bronzetti,Lois Boisson,p1_games,over,11.5,0.6252,1.6,1.64,0.565,6.0,1-6/2-6,0,1900041,88,2026-09-28 19:35 UTC,2026-09-29 16:17 UTC,day
2026-09-29,"China Open, Qualification",Q,Hard,Botic van de Zandschulp,Jie Cui,total_games,under,24.5,0.7377,1.36,1.45,0.6548,8.3,6-4/6-4,1,1900364,100,2026-09-28 20:13 UTC,2026-09-29 10:16 UTC,strong
2026-09-29,"China Open, Qualification",Q,Hard,Botic van de Zandschulp,Jie Cui,p2_games,under,8.5,0.5969,1.68,1.97,0.4747,12.2,6-4/6-4,1,1900364,100,2026-09-28 20:13 UTC,2026-09-29 10:16 UTC,highlight
2026-09-29,Japan Open (Tokyo): Qualification,Q,Hard,Jaume Munar,Aleksandar Kovacevic,p2_games,under,13.5,0.6905,1.45,1.43,0.6538,3.7,6-2/6-3,1,1899860,100,2026-09-28 20:13 UTC,2026-09-29 06:19 UTC,day
2026-09-29,"Curitiba, Brazil",,Clay,Miguel Tobon,Juan Bautista Torres,winner,player_b,,0.6239,1.6,1.4,0.6667,-4.3,2-6/6-3/1-6,1,1899555,100,2026-09-28 20:13 UTC,2026-09-29 16:17 UTC,day+favourite
2026-09-29,Chengdu Open,,Hard,Hubert Hurkacz,Alejandro Davidovich Fokina,p1_games,under,14.5,0.7247,1.38,1.42,0.6553,6.9,4-6/6-7,1,1900374,100,2026-09-29 06:19 UTC,2026-09-29 16:17 UTC,strong+day
2026-09-29,China Open: Qualification,Q,Hard,Robin Montgomery,Anna-Lena Friedsam,winner,player_b,,0.5268,1.9,4.9,0.1967,33.0,6-3/6-2,0,1900360,94,2026-09-29 06:19 UTC,2026-09-29 10:16 UTC,favourite
2026-09-29,China Open: Qualification,Q,Hard,Ksenia Zaytseva,Storm Hunter,winner,player_b,,0.5693,1.76,1.41,0.6803,-11.1,0-6/1-6,1,1900043,66,2026-09-29 06:19 UTC,2026-09-29 10:16 UTC,favourite
2026-09-29,"Bari, Italy",,N/A,Max Wiskandt,Pierluigi Basile,p1_games,over,11.5,0.6629,1.51,1.66,0.5573,10.6,7-6/6-7/3-6,1,1900385,88,2026-09-29 06:19 UTC,2026-09-29 16:17 UTC,day+highlight
2026-09-29,"Bari, Italy",,N/A,Massimo Giunta,Federico Arnaboldi,p1_games,under,12.5,0.6177,1.62,1.77,0.5229,9.5,6-3/6-1,1,1900384,88,2026-09-29 06:19 UTC,2026-09-29 16:17 UTC,day
2026-09-29,"Columbus, USA",,Hard,Abedallah Shelbayh,Li Tu,winner,player_b,,0.5058,1.98,2.5,0.3734,13.2,3-6/6-2/6-3,0,1900420,100,2026-09-29 06:19 UTC,2026-09-29 16:17 UTC,favourite
2026-09-29,"Columbus, USA",,Hard,Raphael Perot,Danil Ostapenkov,winner,player_b,,0.6308,1.59,3.0,0.3103,32.0,6-1/3-6/4-6,1,1900421,94,2026-09-29 06:19 UTC,2026-09-29 20:16 UTC,favourite
2026-09-29,"Columbus, USA",,Hard,Oliver Okonkwo,Luca Staeheli,winner,player_b,,0.5295,1.89,1.44,0.6479,-11.8,7-6/4-6/1-6,1,1900419,91,2026-09-29 06:19 UTC,2026-09-29 20:16 UTC,favourite
2026-09-29,"Columbus, USA",,Hard,Igor Ribeiro Marcondes,Andrew Fenty,p2_games,under,12.5,0.6558,1.52,1.66,0.5573,9.9,2-6/4-6,1,1899562,100,2026-09-29 06:19 UTC,2026-09-30 06:19 UTC,day
2026-09-29,"Columbus, USA",,Hard,Duncan Chan,Colton Smith,winner,player_b,,0.7157,1.4,1.44,0.6479,6.8,2-6/4-6,1,1900422,94,2026-09-29 06:19 UTC,2026-09-30 06:19 UTC,favourite
2026-09-29,"Columbus, USA",,Hard,Kaylan Bigun,Keegan Smith,winner,player_b,,0.8092,1.24,1.49,0.6266,18.3,6-4/6-7/2-6,1,1900423,100,2026-09-29 06:19 UTC,2026-09-30 06:19 UTC,strong+day+highlight+favourite
2026-09-29,"Curitiba, Brazil",,Clay,Matheus Pucinelli de Almeida,Paulo Dos Santos,winner,player_a,,0.7925,1.26,1.19,0.7832,0.9,3-6/6-3/6-0,1,1900468,66,2026-09-29 06:19 UTC,2026-09-29 20:16 UTC,favourite
2026-09-29,"Curitiba, Brazil",,Clay,Bruno Fernandez,Ryan Dickerson,winner,player_a,,0.5677,1.76,1.58,0.5907,-2.3,,,1900470,100,2026-09-29 06:19 UTC,,favourite
2026-09-29,"Curitiba, Brazil",,Clay,Jose Pereira,Mateus Cardoso Alves,winner,player_b,,0.5575,1.79,1.09,0.8545,-29.7,,,1900472,53,2026-09-29 06:19 UTC,,favourite
2026-09-29,"Jingshan, China",,Hard,Alex Bolt,Semen Pankin,winner,player_a,,0.771,1.3,1.28,0.7294,4.2,6-3/6-2,1,1899759,100,2026-09-29 06:19 UTC,2026-09-29 10:16 UTC,favourite
2026-09-29,"Jingshan, China",,Hard,Matthew Dellavedova,Andre Ilagan,winner,player_b,,0.8213,1.22,1.45,0.6463,17.5,4-6/3-6,1,1899757,100,2026-09-29 06:19 UTC,2026-09-29 10:16 UTC,strong+day+favourite
2026-09-29,"Jingshan, China",,Hard,Matthew Dellavedova,Andre Ilagan,p1_games,under,11.5,0.6734,1.49,1.93,0.4798,19.4,4-6/3-6,1,1899757,100,2026-09-29 06:19 UTC,2026-09-29 10:16 UTC,highlight
2026-09-29,"Jingshan, China",,Hard,Bernard Tomic,Fajing Sun,winner,player_a,,0.5926,1.69,1.63,0.5722,2.0,6-4/6-7/6-3,1,1899758,100,2026-09-29 06:19 UTC,2026-09-29 16:17 UTC,favourite
2026-09-29,"Porto 2, Portugal",,Clay,Anton Matusevich,Andrea Guerrieri,p1_games,under,12.5,0.6633,1.51,1.8,0.5148,14.8,4-6/6-4/0-6,1,1900405,100,2026-09-29 06:19 UTC,2026-09-29 16:17 UTC,highlight
2026-09-29,"Porto 2, Portugal",,Clay,Edas Butvilas,Michael Geerts,p2_games,over,8.5,0.6185,1.62,1.81,0.5108,10.8,6-4/6-1,0,1900409,100,2026-09-29 06:19 UTC,2026-09-30 16:17 UTC,day+highlight
2026-09-30,China Open,,Hard,Alex de Minaur,Mariano Navone,p1_games,under,13.5,0.7361,1.36,1.33,0.7031,3.3,7-6/6-2,1,1899925,100,2026-09-29 06:19 UTC,2026-10-02 16:28 UTC,strong+day
2026-09-30,China Open,,Hard,Alex de Minaur,Mariano Navone,winner,player_a,,0.7938,1.26,1.2,0.8033,-0.9,7-6/6-2,1,1899925,100,2026-09-29 06:19 UTC,2026-10-02 16:28 UTC,favourite
2026-09-30,China Open,,Hard,Alexander Bublik,Jakub Mensik,winner,player_a,,0.8218,1.22,2.47,0.3901,43.2,4-6/6-7,0,1899918,78,2026-09-29 06:19 UTC,2026-10-02 16:28 UTC,favourite
2026-09-30,China Open,,Hard,Ignacio Buse,Quentin Halys,p1_games,over,11.5,0.7081,1.41,1.52,0.6142,9.4,1-6/6-7,0,1899921,100,2026-09-29 06:19 UTC,2026-10-02 16:28 UTC,strong+day
2026-09-30,China Open,,Hard,Ignacio Buse,Quentin Halys,winner,player_a,,0.5228,1.91,2.22,0.4337,8.9,1-6/6-7,0,1899921,100,2026-09-29 06:19 UTC,2026-10-02 16:28 UTC,favourite
2026-09-30,China Open,,Hard,Jan-Lennard Struff,Thiago Agustin Tirante,p1_games,under,13.5,0.6711,1.49,1.38,0.6776,-0.7,6-1/6-4,1,1899924,100,2026-09-29 06:19 UTC,2026-09-30 10:16 UTC,day
2026-09-30,China Open,,Hard,Jan-Lennard Struff,Thiago Agustin Tirante,winner,player_b,,0.6075,1.65,1.61,0.5985,0.9,6-1/6-4,0,1899924,100,2026-09-29 06:19 UTC,2026-09-30 10:16 UTC,favourite
2026-09-30,China Open,,Hard,Juan Manuel Cerundolo,Bu Yunchaokete,p1_games,over,11.5,0.7088,1.41,1.56,0.6,10.9,2-6/7-5/4-6,1,1899916,100,2026-09-29 06:19 UTC,2026-09-30 10:16 UTC,strong+day+highlight
2026-09-30,China Open,,Hard,Juan Manuel Cerundolo,Bu Yunchaokete,winner,player_a,,0.5396,1.85,2.36,0.407,13.3,2-6/7-5/4-6,0,1899916,100,2026-09-29 06:19 UTC,2026-09-30 10:16 UTC,favourite
2026-09-30,China Open,,Hard,Juncheng Shang,Sebastian Baez,p2_games,over,11.5,0.7062,1.42,1.55,0.6026,10.4,5-7/6-3/7-5,1,1899919,100,2026-09-29 06:19 UTC,2026-10-02 16:28 UTC,strong+day+highlight
2026-09-30,China Open,,Hard,Juncheng Shang,Sebastian Baez,winner,player_b,,0.5439,1.84,2.19,0.4385,10.5,5-7/6-3/7-5,0,1899919,100,2026-09-29 06:19 UTC,2026-10-02 16:28 UTC,favourite
2026-09-30,China Open,,Hard,Karen Khachanov,Felix Auger Aliassime,winner,player_b,,0.7318,1.37,1.63,0.5894,14.2,6-3/6-3,0,1899922,100,2026-09-29 06:19 UTC,2026-09-30 06:19 UTC,strong+day+highlight+favourite
2026-09-30,China Open,,Hard,Karen Khachanov,Felix Auger Aliassime,p1_games,under,13.5,0.7245,1.38,1.42,0.6595,6.5,6-3/6-3,1,1899922,100,2026-09-29 06:19 UTC,2026-09-30 06:19 UTC,strong
2026-09-30,China Open,,Hard,Nuno Borges,Novak Djokovic,winner,player_b,,0.8648,1.16,1.44,0.6682,19.7,3-6/6-7,1,1899920,100,2026-09-29 06:19 UTC,2026-09-30 16:17 UTC,strong+day+highlight+favourite
2026-09-30,China Open,,Hard,Nuno Borges,Novak Djokovic,p1_games,under,12.5,0.7692,1.3,1.59,0.587,18.2,3-6/6-7,1,1899920,100,2026-09-29 06:19 UTC,2026-09-30 16:17 UTC,strong+highlight
2026-09-30,China Open,,Hard,Nuno Borges,Novak Djokovic,p2_games,under,13.5,0.7388,1.35,1.48,0.6328,10.6,3-6/6-7,1,1899920,100,2026-09-29 06:19 UTC,2026-09-30 16:17 UTC,strong
2026-09-30,China Open,,Hard,Nuno Borges,Novak Djokovic,total_games,under,23.5,0.707,1.41,1.69,0.5529,15.4,3-6/6-7,1,1899920,100,2026-09-29 06:19 UTC,2026-09-30 16:17 UTC,strong
2026-09-30,China Open,,Hard,Roman Safiullin,Flavio Cobolli,p2_games,over,11.5,0.788,1.27,1.35,0.6897,9.8,6-3/6-2,0,1899923,100,2026-09-29 06:19 UTC,2026-10-02 16:28 UTC,strong+day
2026-09-30,China Open,,Hard,Roman Safiullin,Flavio Cobolli,p1_games,under,13.5,0.7179,1.39,1.4,0.6667,5.1,6-3/6-2,1,1899923,100,2026-09-29 06:19 UTC,2026-10-02 16:28 UTC,strong
2026-09-30,China Open,,Hard,Roman Safiullin,Flavio Cobolli,winner,player_b,,0.6425,1.56,1.81,0.5311,11.1,6-3/6-2,0,1899923,100,2026-09-29 06:19 UTC,2026-10-02 16:28 UTC,highlight+favourite
2026-09-30,China Open,,Hard,Tallon Griekspoor,Andrey Rublev,p1_games,under,13.5,0.6606,1.51,1.37,0.6829,-2.2,4-6/7-5/6-7,0,1899927,100,2026-09-29 06:19 UTC,2026-10-02 16:28 UTC,day
2026-09-30,China Open,,Hard,Tallon Griekspoor,Andrey Rublev,winner,player_b,,0.5946,1.68,1.48,0.6501,-5.5,4-6/7-5/6-7,1,1899927,100,2026-09-29 06:19 UTC,2026-10-02 16:28 UTC,favourite
2026-09-30,Japan Open (Tokyo),,Hard,Alejandro Davidovich Fokina,Matteo Berrettini,p2_games,under,13.5,0.6633,1.51,1.46,0.6404,2.3,6-1/6-7/4-6,0,1899913,100,2026-09-29 06:19 UTC,2026-10-02 16:28 UTC,day
2026-09-30,Japan Open (Tokyo),,Hard,Alejandro Davidovich Fokina,Matteo Berrettini,winner,player_a,,0.5465,1.83,1.69,0.5689,-2.2,6-1/6-7/4-6,0,1899913,100,2026-09-29 06:19 UTC,2026-10-02 16:28 UTC,favourite
2026-09-30,Japan Open (Tokyo),,Hard,Brandon Nakashima,Ugo Humbert,p2_games,over,10.5,0.6772,1.48,1.67,0.5594,11.8,3-6/2-6,1,1899910,100,2026-09-29 06:19 UTC,2026-10-02 16:28 UTC,day
2026-09-30,Japan Open (Tokyo),,Hard,Brandon Nakashima,Ugo Humbert,p2_games,over,11.5,0.6498,1.54,1.78,0.5241,12.6,3-6/2-6,1,1899910,100,2026-09-29 06:19 UTC,2026-10-02 16:28 UTC,highlight
2026-09-30,Japan Open (Tokyo),,Hard,Brandon Nakashima,Ugo Humbert,winner,player_a,,0.5641,1.77,1.41,0.6839,-12.0,3-6/2-6,0,1899910,100,2026-09-29 06:19 UTC,2026-10-02 16:28 UTC,favourite
2026-09-30,Japan Open (Tokyo),,Hard,Carlos Alcaraz,Alex Michelsen,p1_games,under,13.5,0.7696,1.3,1.35,0.6932,7.6,7-6/4-6/6-1,0,1899904,97,2026-09-29 06:19 UTC,2026-10-02 16:28 UTC,strong+day
2026-09-30,Japan Open (Tokyo),,Hard,Carlos Alcaraz,Alex Michelsen,p2_games,under,8.5,0.6186,1.62,1.88,0.4973,12.1,7-6/4-6/6-1,0,1899904,97,2026-09-29 06:19 UTC,2026-10-02 16:28 UTC,highlight
2026-09-30,Japan Open (Tokyo),,Hard,Carlos Alcaraz,Alex Michelsen,winner,player_a,,0.8824,1.13,1.17,0.8219,6.0,7-6/4-6/6-1,1,1899904,97,2026-09-29 06:19 UTC,2026-10-02 16:28 UTC,favourite
2026-09-30,Japan Open (Tokyo),,Hard,Denis Shapovalov,Sho Shimabukuro,p1_games,under,13.5,0.6896,1.45,1.37,0.6829,0.7,7-5/6-1,1,1899906,100,2026-09-29 06:19 UTC,2026-10-02 16:28 UTC,day
2026-09-30,Japan Open (Tokyo),,Hard,Denis Shapovalov,Sho Shimabukuro,winner,player_a,,0.7623,1.31,1.23,0.7815,-1.9,7-5/6-1,1,1899906,100,2026-09-29 06:19 UTC,2026-10-02 16:28 UTC,favourite+strong+day
2026-09-30,Japan Open (Tokyo),,Hard,Holger Rune,Kyrian Jacquet,winner,player_a,,0.7573,1.32,1.52,0.6355,12.2,3-6/1-6,0,1899909,91,2026-09-29 06:19 UTC,2026-10-02 16:28 UTC,strong+day+highlight+favourite
2026-09-30,Japan Open (Tokyo),,Hard,Jiri Lehecka,Zizou Bergs,winner,player_a,,0.6732,1.49,1.39,0.6904,-1.7,6-3/6-7/6-3,1,1899911,100,2026-09-29 06:19 UTC,2026-10-02 16:28 UTC,day+favourite
2026-09-30,Japan Open (Tokyo),,Hard,Kei Nishikori,Frances Tiafoe,p2_games,under,13.5,0.6739,1.48,1.37,0.6829,-0.9,4-6/4-6,1,1899912,100,2026-09-29 06:19 UTC,2026-10-02 16:28 UTC,day
2026-09-30,Japan Open (Tokyo),,Hard,Kei Nishikori,Frances Tiafoe,p1_games,over,9.5,0.5806,1.72,1.98,0.472,10.9,4-6/4-6,0,1899912,100,2026-09-29 06:19 UTC,2026-10-02 16:28 UTC,highlight
2026-09-30,Japan Open (Tokyo),,Hard,Kei Nishikori,Frances Tiafoe,winner,player_b,,0.6881,1.45,1.22,0.7867,-9.9,4-6/4-6,1,1899912,100,2026-09-29 06:19 UTC,2026-10-02 16:28 UTC,favourite
2026-09-30,Japan Open (Tokyo),,Hard,Lorenzo Musetti,Arthur Fery,winner,player_a,,0.7364,1.36,1.46,0.6573,7.9,,,1899908,100,2026-09-29 06:19 UTC,,strong+day+highlight+favourite
2026-09-30,Japan Open (Tokyo),,Hard,Luciano Darderi,Casper Ruud,winner,player_b,,0.72,1.39,1.35,0.7128,0.7,7-6/6-3,0,1899914,100,2026-09-29 06:19 UTC,2026-10-02 16:28 UTC,strong+day+favourite
2026-09-30,Japan Open (Tokyo),,Hard,Matteo Arnaldi,Rei Sakamoto,p1_games,over,11.5,0.8098,1.23,1.43,0.6538,15.6,2-6/6-4/6-4,1,1899905,100,2026-09-29 06:19 UTC,2026-09-30 16:17 UTC,strong+day+highlight
2026-09-30,Japan Open (Tokyo),,Hard,Matteo Arnaldi,Rei Sakamoto,p2_games,under,13.5,0.7192,1.39,1.46,0.6404,7.9,2-6/6-4/6-4,0,1899905,100,2026-09-29 06:19 UTC,2026-09-30 16:17 UTC,strong+day
2026-09-30,Japan Open (Tokyo),,Hard,Matteo Arnaldi,Rei Sakamoto,winner,player_a,,0.6681,1.5,2.06,0.4677,20.0,2-6/6-4/6-4,1,1899905,100,2026-09-29 06:19 UTC,2026-09-30 16:17 UTC,highlight+favourite
2026-09-30,China Open,,Hard,Anna Bondar,Renata Zarazua,p1_games,under,13.5,0.7357,1.36,1.3,0.7174,1.8,6-7/3-6,1,1899997,100,2026-09-29 06:19 UTC,2026-09-30 16:17 UTC,strong+day
2026-09-30,China Open,,Hard,Anna Bondar,Renata Zarazua,winner,player_a,,0.5904,1.69,1.46,0.6573,-6.7,6-7/3-6,0,1899997,100,2026-09-29 06:19 UTC,2026-09-30 16:17 UTC,favourite
2026-09-30,China Open,,Hard,Aoi Ito,Kimberly Birrell,winner,player_b,,0.6704,1.49,1.23,0.7815,-11.1,1-6/1-6,1,1899986,94,2026-09-29 06:19 UTC,2026-10-02 16:28 UTC,favourite+day
2026-09-30,China Open,,Hard,Maya Joint,Sinja Kraus,winner,player_a,,0.6879,1.45,1.3,0.74,-5.2,3-6/6-3/5-7,0,1900001,100,2026-09-29 06:19 UTC,2026-09-30 06:19 UTC,day+favourite
2026-09-30,China Open,,Hard,Paula Badosa,Daria Kasatkina,winner,player_a,,0.636,1.57,1.42,0.6787,-4.3,4-6/7-6/6-4,1,1900002,100,2026-09-29 06:19 UTC,2026-10-02 16:28 UTC,day+favourite
2026-09-30,China Open,,Hard,Viktorija Golubic,Alina Korneeva,winner,player_b,,0.6054,1.65,1.51,0.637,-3.2,,,1899993,94,2026-09-29 06:19 UTC,,day+favourite
2026-09-30,China Open,,Hard,Xinyu Gao,Panna Udvardy,winner,player_b,,0.6217,1.61,1.5,0.6429,-2.1,6-2/6-3,0,1899991,94,2026-09-29 06:19 UTC,2026-10-02 16:28 UTC,favourite
2026-09-30,"Jingshan, China",,Hard,James McCabe,Federico Cina,p1_games,over,9.5,0.6931,1.44,1.79,0.5162,17.7,2-6/3-6,0,1899760,100,2026-09-29 06:19 UTC,2026-09-30 06:19 UTC,day+highlight
2026-09-30,"Jingshan, China",,Hard,James McCabe,Federico Cina,winner,player_b,,0.5775,1.73,1.28,0.7322,-15.5,2-6/3-6,1,1899760,100,2026-09-29 06:19 UTC,2026-09-30 06:19 UTC,favourite
2026-09-30,"Jingshan, China",,Hard,Lloyd Harris,Alexis Galarneau,winner,player_a,,0.6857,1.46,1.35,0.6932,-0.7,6-2/6-3,1,1899756,100,2026-09-29 06:19 UTC,2026-09-30 06:19 UTC,day+favourite
2026-09-30,"Jingshan, China",,Hard,Masamichi Imamura,Petr Bar Biryukov,winner,player_b,,0.6181,1.62,1.77,0.528,9.0,5-7/4-6,1,1899752,100,2026-09-29 06:19 UTC,2026-09-30 06:19 UTC,day+highlight+favourite
2026-09-30,"Mouilleron-Le-Captif, France",,Hard,Daniil Glinka,Henry Bernet,winner,player_a,,0.7398,1.35,1.7,0.5503,19.0,4-6/4-6,0,1899545,100,2026-09-29 06:19 UTC,2026-09-30 16:17 UTC,strong+day+highlight+favourite
2026-09-30,"Mouilleron-Le-Captif, France",,Hard,Liam Broady,Dominic Stricker,p1_games,over,10.5,0.677,1.48,1.79,0.5175,15.9,4-6/6-3/1-6,1,1899547,100,2026-09-29 06:19 UTC,2026-09-30 16:17 UTC,day+highlight
2026-09-30,"Mouilleron-Le-Captif, France",,Hard,Liam Broady,Dominic Stricker,winner,player_b,,0.538,1.86,1.36,0.6881,-15.0,4-6/6-3/1-6,1,1899547,100,2026-09-29 06:19 UTC,2026-09-30 16:17 UTC,favourite
2026-09-30,"Adana, Turkiye",,N/A,Antonia Ruzic,Julia Riera,p1_games,under,12.5,0.6051,1.65,1.64,0.5638,4.1,6-3/6-4,1,1900286,88,2026-09-29 06:19 UTC,2026-09-30 16:17 UTC,day
2026-09-30,"Adana, Turkiye",,N/A,Antonia Ruzic,Julia Riera,winner,player_a,,0.5451,1.83,1.49,0.6266,-8.2,6-3/6-4,1,1900286,88,2026-09-29 06:19 UTC,2026-09-30 16:17 UTC,favourite
2026-09-30,"Adana, Turkiye",,N/A,Viktoria Hruncakova,Anna Blinkova,winner,player_b,,0.6384,1.57,1.12,0.8333,-19.5,2-6/0-6,1,1900373,81,2026-09-29 06:19 UTC,2026-09-30 16:17 UTC,favourite
2026-09-30,"Jingshan, China",,Hard,Chenting Zhu,Emerson Jones,winner,player_b,,0.5752,1.74,1.13,0.827,-25.2,1-6/4-6,1,1899858,78,2026-09-29 06:19 UTC,2026-09-30 06:19 UTC,favourite
2026-09-30,"Jingshan, China",,Hard,Sijia Wei,Fiona Ferro,winner,player_b,,0.6353,1.57,1.4,0.6667,-3.1,,,1899842,94,2026-09-29 06:19 UTC,,favourite
2026-09-29,Hangzhou Open,,Hard,Daniil Medvedev,Andrey Rublev,total_games,over,19.5,0.684,1.46,1.32,0.7203,-3.6,7-5/6-4,1,1900366,100,2026-09-29 10:16 UTC,2026-09-29 16:17 UTC,day
2026-09-29,"Bari, Italy",,N/A,Carlos Taberner,Elmer Moller,winner,player_a,,0.5683,1.76,1.86,0.5027,6.6,6-3/6-4,1,1900014,81,2026-09-29 10:16 UTC,2026-09-29 16:17 UTC,highlight+favourite
2026-09-29,"Columbus, USA",,Hard,Abedallah Shelbayh,Li Tu,p2_games,over,11.5,0.6808,1.47,1.63,0.5688,11.2,3-6/6-2/6-3,0,1900420,100,2026-09-29 10:16 UTC,2026-09-29 16:17 UTC,day+highlight
2026-09-29,"Columbus, USA",,Hard,Kaylan Bigun,Keegan Smith,p1_games,under,11.5,0.6392,1.56,1.87,0.496,14.3,6-4/6-7/2-6,0,1900423,100,2026-09-29 10:16 UTC,2026-09-30 06:19 UTC,highlight
2026-09-29,"Porto 2, Portugal",,Clay,Cezar Cretu,Henrique Rocha,p1_games,over,9.5,0.5761,1.74,1.95,0.4744,10.2,5-7/3-6,0,1899390,100,2026-09-29 10:16 UTC,2026-09-29 16:17 UTC,highlight
2026-09-29,"Porto 2, Portugal",,Clay,Otto Virtanen,Tiago Pereira,winner,player_a,,0.7816,1.28,1.29,0.722,6.0,4-6/6-2/3-6,0,1899397,100,2026-09-29 10:16 UTC,2026-09-30 16:17 UTC,favourite
2026-09-30,Japan Open (Tokyo),,Hard,Valentin Vacherot,Alexander Blockx,p1_games,over,11.5,0.6859,1.46,1.45,0.6463,4.0,7-6/7-6,1,1899915,100,2026-09-29 10:16 UTC,2026-09-30 06:19 UTC,day
2026-09-30,Japan Open (Tokyo),,Hard,Valentin Vacherot,Alexander Blockx,winner,player_b,,0.5078,1.97,1.73,0.5553,-4.7,7-6/7-6,0,1899915,100,2026-09-29 10:16 UTC,2026-09-30 06:19 UTC,favourite
2026-09-30,Japan Open (Tokyo),,Hard,Alejandro Tabilo,Tommy Paul,winner,player_b,,0.7336,1.36,1.31,0.7332,0.0,6-1/6-2,0,1899907,100,2026-09-29 10:16 UTC,2026-09-30 06:19 UTC,strong+day+favourite
2026-09-30,Japan Open (Tokyo),,Hard,Tomas Etcheverry,Stefanos Tsitsipas,winner,player_b,,0.6435,1.55,1.27,0.759,-11.6,6-4/3-6/4-6,1,1900548,94,2026-09-29 10:16 UTC,2026-10-02 16:28 UTC,favourite
2026-09-30,Japan Open (Tokyo),,Hard,Arthur Fils,Luca Van Assche,winner,player_a,,0.8229,1.22,1.24,0.7762,4.7,6-3/6-2,1,1900549,100,2026-09-29 10:16 UTC,2026-09-30 10:16 UTC,favourite
2026-09-30,China Open,,Hard,Caty McNally,Dayana Yastremska,p1_games,under,13.5,0.7408,1.35,1.31,0.7158,2.5,3-6/4-6,1,1899999,100,2026-09-29 10:16 UTC,2026-09-30 06:19 UTC,strong+day
2026-09-30,China Open,,Hard,Caty McNally,Dayana Yastremska,winner,player_a,,0.5928,1.69,1.55,0.622,-2.9,3-6/4-6,0,1899999,100,2026-09-29 10:16 UTC,2026-09-30 06:19 UTC,favourite
2026-09-30,China Open,,Hard,Eva Lys,Xinran Sun,winner,player_a,,0.6841,1.46,1.41,0.6839,0.0,1-6/0-3,0,1900004,53,2026-09-29 10:16 UTC,2026-10-02 16:28 UTC,favourite
2026-09-30,China Open,,Hard,Magda Linette,Katerina Siniakova,p2_games,under,13.5,0.7375,1.36,1.31,0.7127,2.5,4-6/3-6,1,1900000,100,2026-09-29 10:16 UTC,2026-10-02 16:28 UTC,strong+day
2026-09-30,China Open,,Hard,Magda Linette,Katerina Siniakova,winner,player_b,,0.5541,1.8,1.62,0.593,-3.9,4-6/3-6,1,1900000,100,2026-09-29 10:16 UTC,2026-10-02 16:28 UTC,favourite
2026-09-30,China Open,,Hard,Paula Badosa,Daria Kasatkina,p1_games,under,13.5,0.7472,1.34,1.36,0.6845,6.3,4-6/7-6/6-4,0,1900002,100,2026-09-29 10:16 UTC,2026-10-02 16:28 UTC,strong+day
2026-09-30,China Open,,Hard,Sofia Kenin,Ashlyn Krueger,p2_games,under,13.5,0.7261,1.38,1.34,0.6982,2.8,3-6/3-6,1,1899987,100,2026-09-29 10:16 UTC,2026-10-02 16:28 UTC,strong+day
2026-09-30,China Open,,Hard,Sofia Kenin,Ashlyn Krueger,p2_games,over,11.5,0.7211,1.39,1.33,0.7031,1.8,3-6/3-6,1,1899987,100,2026-09-29 10:16 UTC,2026-10-02 16:28 UTC,strong
2026-09-30,China Open,,Hard,Sofia Kenin,Ashlyn Krueger,winner,player_b,,0.5952,1.68,1.64,0.5859,0.9,3-6/3-6,1,1899987,100,2026-09-29 10:16 UTC,2026-10-02 16:28 UTC,favourite
2026-09-30,"Bari, Italy",,N/A,Zsombor Piros,Enrico Dalla Valle,winner,player_a,,0.777,1.29,1.51,0.6177,15.9,4-6/2-6,0,1900388,88,2026-09-29 10:16 UTC,2026-09-30 16:17 UTC,strong+day+highlight+favourite
2026-09-30,"Columbus, USA",,Hard,Braden Shick,Mees Rottgering,winner,player_b,,0.5363,1.86,1.7,0.5503,-1.4,1-6/4-6,1,1900425,100,2026-09-29 10:16 UTC,2026-09-30 20:16 UTC,favourite
2026-09-30,"Mouilleron-Le-Captif, France",,Hard,Liam Broady,Dominic Stricker,p1_games,over,11.5,0.6477,1.54,1.9,0.4879,16.0,4-6/6-3/1-6,0,1899547,100,2026-09-29 10:16 UTC,2026-09-30 16:17 UTC,day+highlight
2026-09-30,"Jingshan, China",,Hard,Alexandra Shubladze,Jiajing Lu,winner,player_b,,0.5169,1.93,5.2,0.1798,33.7,6-0/6-2,0,1900475,66,2026-09-29 10:16 UTC,2026-09-30 06:19 UTC,favourite
2026-09-29,"Columbus, USA",,Hard,Stefan Kozlov,James Kent Trotter,winner,player_a,,0.5352,1.87,2.07,0.4509,8.4,6-3/6-2,1,1900743,94,2026-09-29 16:17 UTC,2026-09-30 06:19 UTC,favourite
2026-09-30,China Open,,Hard,Zhizhen Zhang,Arthur Gea,winner,player_b,,0.6997,1.43,1.33,0.7246,-2.5,4-6/3-6,1,1900550,100,2026-09-29 16:17 UTC,2026-09-30 16:17 UTC,day+favourite
2026-09-30,Japan Open (Tokyo),,Hard,Jiri Lehecka,Zizou Bergs,total_games,over,19.5,0.6961,1.44,1.38,0.692,0.4,6-3/6-7/6-3,1,1899911,100,2026-09-29 16:17 UTC,2026-10-02 16:28 UTC,day
2026-09-30,Japan Open (Tokyo),,Hard,Valentin Vacherot,Alexander Blockx,total_games,over,19.5,0.7458,1.34,1.3,0.7347,1.1,7-6/7-6,1,1899915,100,2026-09-29 16:17 UTC,2026-09-30 06:19 UTC,strong+day
2026-09-30,Japan Open (Tokyo),,Hard,Tomas Etcheverry,Stefanos Tsitsipas,total_games,over,19.5,0.7463,1.34,1.31,0.7277,1.9,6-4/3-6/4-6,1,1900548,94,2026-09-29 16:17 UTC,2026-10-02 16:28 UTC,strong+day
2026-09-30,Japan Open (Tokyo),,Hard,Arthur Fils,Luca Van Assche,p1_games,under,13.5,0.7277,1.37,1.32,0.708,2.0,6-3/6-2,1,1900549,100,2026-09-29 16:17 UTC,2026-09-30 10:16 UTC,strong+day
2026-09-30,China Open,,Hard,Darja Vidmanova,Maria Timofeeva,winner,player_b,,0.5869,1.7,1.65,0.5833,0.4,3-6/3-6,1,1899998,94,2026-09-29 16:17 UTC,2026-09-30 06:19 UTC,favourite
2026-09-30,China Open,,Hard,Gabriela Ruse,Lilli Tagger,winner,player_a,,0.5237,1.91,2.03,0.4741,5.0,6-4/6-2,1,1899990,91,2026-09-29 16:17 UTC,2026-09-30 06:19 UTC,favourite
2026-09-30,China Open,,Hard,Janice Tjen,Anhelina Kalinina,p1_games,under,13.5,0.7434,1.35,1.31,0.7158,2.8,2-6/7-5/6-4,0,1899992,100,2026-09-29 16:17 UTC,2026-09-30 06:19 UTC,strong+day
2026-09-30,China Open,,Hard,Janice Tjen,Anhelina Kalinina,winner,player_b,,0.5142,1.94,2.01,0.4793,3.5,2-6/7-5/6-4,0,1899992,100,2026-09-29 16:17 UTC,2026-09-30 06:19 UTC,favourite
2026-09-30,China Open,,Hard,Maya Joint,Sinja Kraus,p1_games,under,13.5,0.747,1.34,1.3,0.7204,2.7,3-6/6-3/5-7,0,1900001,100,2026-09-29 16:17 UTC,2026-09-30 06:19 UTC,strong+day
2026-09-30,China Open,,Hard,Aliaksandra Sasnovich,Talia Gibson,p2_games,under,13.5,0.7359,1.36,1.3,0.7174,1.8,6-1/6-4,1,1900585,100,2026-09-29 16:17 UTC,2026-09-30 10:16 UTC,strong+day
2026-09-30,China Open,,Hard,Aliaksandra Sasnovich,Talia Gibson,p2_games,over,11.5,0.7156,1.4,1.43,0.6538,6.2,6-1/6-4,0,1900585,100,2026-09-29 16:17 UTC,2026-09-30 10:16 UTC,strong
2026-09-30,China Open,,Hard,Aliaksandra Sasnovich,Talia Gibson,winner,player_b,,0.5951,1.68,1.81,0.5323,6.3,6-1/6-4,0,1900585,100,2026-09-29 16:17 UTC,2026-09-30 10:16 UTC,highlight+favourite
2026-09-30,China Open,,Hard,Daria Snigur,Katarzyna Kawa,total_games,over,16.5,0.7643,1.31,1.31,0.7277,3.7,3-6/6-4/7-5,1,1900587,100,2026-09-29 16:17 UTC,2026-09-30 10:16 UTC,strong+day
2026-09-30,China Open,,Hard,Daria Snigur,Katarzyna Kawa,p2_games,over,7.5,0.595,1.68,2.03,0.4601,13.5,3-6/6-4/7-5,1,1900587,100,2026-09-29 16:17 UTC,2026-09-30 10:16 UTC,highlight
2026-09-30,China Open,,Hard,Daria Snigur,Katarzyna Kawa,winner,player_a,,0.6971,1.43,1.15,0.8345,-13.7,3-6/6-4/7-5,1,1900587,100,2026-09-29 16:17 UTC,2026-09-30 10:16 UTC,favourite
2026-09-30,China Open,,Hard,Viktorija Golubic,Elvina Kalieva,winner,player_a,,0.7941,1.26,1.52,0.6311,16.3,6-3/6-1,1,1900586,94,2026-09-29 16:17 UTC,2026-09-30 10:16 UTC,favourite
2026-09-30,China Open,,Hard,Zhuoxuan Bai,Linda Fruhvirtova,winner,player_a,,0.5414,1.85,1.7,0.5663,-2.5,2-6/3-6,0,1900589,94,2026-09-29 16:17 UTC,2026-09-30 10:16 UTC,favourite
2026-09-30,"Bari, Italy",,N/A,Gianluca Cadenasso,Lorenzo Angelini,winner,player_a,,0.7443,1.34,1.16,0.8054,-6.1,5-7/6-3/6-0,1,1900515,59,2026-09-29 16:17 UTC,2026-09-30 16:17 UTC,favourite
2026-09-30,"Bari, Italy",,N/A,Dimitar Kuzmanov,Vitaliy Sachko,winner,player_b,,0.6224,1.61,1.56,0.5979,2.5,3-6/1-6,1,1900516,88,2026-09-29 16:17 UTC,2026-09-30 16:17 UTC,day+favourite
2026-09-30,"Jingshan, China",,Hard,Adam Walton,Moise Kouame,winner,player_a,,0.7472,1.34,1.44,0.6479,9.9,6-1/6-4,1,1900584,100,2026-09-29 16:17 UTC,2026-09-30 06:19 UTC,strong+day+highlight+favourite
2026-09-30,"Jingshan, China",,Hard,Elias Ymer,Terence Atmane,winner,player_b,,0.7589,1.32,1.24,0.754,0.5,4-6/7-5/5-5,0,1900583,100,2026-09-29 16:17 UTC,2026-09-30 06:19 UTC,favourite
2026-09-30,"Jingshan, China",,Hard,Evan Zhu,Hanyi Liu,p2_games,over,8.5,0.7006,1.43,1.84,0.504,19.7,6-3/6-4,0,1900575,100,2026-09-29 16:17 UTC,2026-09-30 10:16 UTC,strong+day+highlight
2026-09-30,"Jingshan, China",,Hard,Evan Zhu,Hanyi Liu,winner,player_a,,0.6176,1.62,1.23,0.7579,-14.0,6-3/6-4,1,1900575,100,2026-09-29 16:17 UTC,2026-09-30 10:16 UTC,favourite
2026-09-30,"Jingshan, China",,Hard,Mattia Bellucci,Alexandre Muller,p2_games,over,11.5,0.6484,1.54,1.67,0.5547,9.4,6-0/6-3,0,1900573,100,2026-09-29 16:17 UTC,2026-09-30 06:19 UTC,day+highlight
2026-09-30,"Jingshan, China",,Hard,Mattia Bellucci,Alexandre Muller,winner,player_a,,0.5331,1.88,1.55,0.6036,-7.0,6-0/6-3,1,1900573,100,2026-09-29 16:17 UTC,2026-09-30 06:19 UTC,favourite
2026-09-30,"Jingshan, China",,Hard,Marat Sharipov,Dalibor Svrcina,winner,player_a,,0.5189,1.93,2.08,0.4497,6.9,3-6/6-3/6-1,1,1900574,100,2026-09-29 16:17 UTC,2026-09-30 06:19 UTC,favourite
2026-09-30,"Jingshan, China",,Hard,Omar Jasika,Dane Sweeny,winner,player_b,,0.6768,1.48,1.49,0.6266,5.0,2-6/6-3/3-6,1,1900576,100,2026-09-29 16:17 UTC,2026-09-30 10:16 UTC,day+highlight+favourite
2026-09-30,"Mouilleron-Le-Captif, France",,Hard,Harold Mayot,Niels Visker,winner,player_a,,0.7661,1.31,1.29,0.7249,4.1,6-3/7-5,1,1900377,100,2026-09-29 16:17 UTC,2026-09-30 16:17 UTC,favourite
2026-09-30,"Mouilleron-Le-Captif, France",,Hard,Philip Henning,Tristan Schoolkate,winner,player_b,,0.6023,1.66,1.39,0.6722,-7.0,3-6/4-6,1,1899548,100,2026-09-29 16:17 UTC,2026-09-30 16:17 UTC,day+favourite
2026-09-30,"Porto 2, Portugal",,Clay,August Holmgren,Andrea Guerrieri,winner,player_b,,0.6325,1.58,1.72,0.5426,9.0,7-5/6-1,0,1900626,100,2026-09-29 16:17 UTC,2026-10-02 16:28 UTC,day+highlight+favourite
2026-09-30,"Porto 2, Portugal",,Clay,Daniel Rincon,Laslo Djere,winner,player_b,,0.7435,1.34,1.53,0.6117,13.2,7-6/6-4,0,1900611,100,2026-09-29 16:17 UTC,2026-10-02 16:28 UTC,strong+day+highlight+favourite
2026-09-30,"Porto 2, Portugal",,Clay,Goncalo Marques,David Jorda Sanchis,winner,player_b,,0.749,1.34,1.55,0.6026,14.6,4-6/5-7,1,1900622,78,2026-09-29 16:17 UTC,2026-10-02 16:28 UTC,favourite
2026-09-30,"Porto 2, Portugal",,Clay,Mili Poljicak,Henrique Rocha,winner,player_b,,0.6741,1.48,1.25,0.7475,-7.3,2-6/0-6,1,1900735,100,2026-09-29 16:17 UTC,2026-10-02 16:28 UTC,favourite
2026-09-30,"Porto 2, Portugal",,Clay,Toby Samuel,Jerome Kym,p2_games,over,11.5,0.7173,1.39,1.72,0.5389,17.8,2-6/6-4/2-6,1,1900725,97,2026-09-29 16:17 UTC,2026-10-02 16:28 UTC,strong+day
2026-09-30,"Porto 2, Portugal",,Clay,Toby Samuel,Jerome Kym,winner,player_b,,0.5579,1.79,2.49,0.3759,18.2,2-6/6-4/2-6,1,1900725,97,2026-09-29 16:17 UTC,2026-10-02 16:28 UTC,highlight+favourite
2026-09-30,"Adana, Turkiye",,N/A,Erika Andreeva,Simona Waltert,winner,player_b,,0.6405,1.56,1.71,0.5464,9.4,6-3/6-1,0,1900723,81,2026-09-29 16:17 UTC,2026-09-30 16:17 UTC,day+highlight+favourite
2026-09-30,"Adana, Turkiye",,N/A,Leolia Jeanjean,Melisa Ercan,winner,player_a,,0.5806,1.72,1.12,0.8382,-25.8,3-6/7-5/6-4,1,1900623,72,2026-09-29 16:17 UTC,2026-09-30 20:16 UTC,favourite
2026-09-30,"Adana, Turkiye",,N/A,Lois Boisson,Martyna Kubka,winner,player_a,,0.7281,1.37,1.54,0.6071,12.1,6-3/6-2,1,1900744,81,2026-09-29 16:17 UTC,2026-09-30 16:17 UTC,favourite
2026-09-30,"Jingshan, China",,Hard,Wushuang Zheng,Sara Sorribes Tormo,winner,player_b,,0.7411,1.35,1.18,0.7923,-5.1,6-4/2-6/3-6,1,1900487,94,2026-09-29 16:17 UTC,2026-09-30 10:16 UTC,favourite
2026-09-30,China Open,,Hard,Karen Khachanov,Felix Auger Aliassime,total_games,over,19.5,0.7022,1.42,1.3,0.732,-3.0,6-3/6-3,0,1899922,100,2026-09-29 20:16 UTC,2026-09-30 06:19 UTC,strong
2026-09-30,China Open,,Hard,Jan-Lennard Struff,Thiago Agustin Tirante,total_games,over,19.5,0.7438,1.34,1.33,0.7188,2.5,6-1/6-4,0,1899924,100,2026-09-29 20:16 UTC,2026-09-30 10:16 UTC,strong+day
2026-09-30,China Open,,Hard,Zhizhen Zhang,Arthur Gea,p2_games,under,13.5,0.6712,1.49,1.44,0.6479,2.3,4-6/3-6,1,1900550,100,2026-09-29 20:16 UTC,2026-09-30 16:17 UTC,day
2026-09-30,China Open,,Hard,Daria Snigur,Katarzyna Kawa,p2_games,over,5.5,0.7301,1.37,1.48,0.6328,9.7,3-6/6-4/7-5,1,1900587,100,2026-09-29 20:16 UTC,2026-09-30 10:16 UTC,strong
2026-09-30,"Bari, Italy",,N/A,Zsombor Piros,Enrico Dalla Valle,p2_games,under,11.5,0.6122,1.63,1.86,0.4987,11.4,4-6/2-6,0,1900388,88,2026-09-29 20:16 UTC,2026-09-30 16:17 UTC,highlight
2026-09-30,"Columbus, USA",,Hard,Abedallah Shelbayh,Danil Ostapenkov,winner,player_a,,0.6646,1.5,1.3,0.7174,-5.3,6-1/7-5,1,1900751,94,2026-09-29 20:16 UTC,2026-10-02 16:28 UTC,favourite
2026-09-30,"Columbus, USA",,Hard,Darwin Blanch,Daniel Milavsky,winner,player_a,,0.65,1.54,1.61,0.5807,6.9,6-3/1-6/6-3,1,1900763,100,2026-09-29 20:16 UTC,2026-09-30 20:16 UTC,day+highlight+favourite
2026-09-30,"Curitiba, Brazil",,Clay,Bruno Fernandez,Lautaro Midon,winner,player_b,,0.8219,1.22,1.08,0.8663,-4.4,2-6/5-7,1,1900764,100,2026-09-29 20:16 UTC,2026-09-30 16:17 UTC,favourite
2026-09-30,"Curitiba, Brazil",,Clay,Gustavo Heide,Felipe Meligeni Rodrigues Alves,winner,player_a,,0.7204,1.39,1.53,0.6097,11.1,6-3/6-4,1,1900754,94,2026-09-29 20:16 UTC,2026-09-30 20:16 UTC,strong+day+highlight+favourite
2026-09-30,"Curitiba, Brazil",,Clay,Joao Lucas Da Silva,Matheus Pucinelli de Almeida,winner,player_b,,0.573,1.75,1.55,0.6026,-3.0,3-6/6-4/3-6,1,1900752,81,2026-09-29 20:16 UTC,2026-10-02 16:28 UTC,favourite
2026-09-30,"Jingshan, China",,Hard,Evan Zhu,Hanyi Liu,total_games,over,20.5,0.6111,1.64,1.88,0.4933,11.8,6-3/6-4,0,1900575,100,2026-09-29 20:16 UTC,2026-09-30 10:16 UTC,day+highlight
2026-09-30,"Jingshan, China",,Hard,James McCabe,Federico Cina,total_games,over,20.5,0.6418,1.56,1.78,0.5202,12.2,2-6/3-6,0,1899760,100,2026-09-29 20:16 UTC,2026-09-30 06:19 UTC,day+highlight
2026-09-30,"Mouilleron-Le-Captif, France",,Hard,Sascha Gueymard-Wayenburg,Gauthier Onclin,p2_games,over,11.5,0.642,1.56,1.69,0.5481,9.4,6-1/6-4,0,1900411,100,2026-09-29 20:16 UTC,2026-09-30 16:17 UTC,day
2026-09-30,"Mouilleron-Le-Captif, France",,Hard,Sascha Gueymard-Wayenburg,Gauthier Onclin,winner,player_a,,0.5225,1.91,1.51,0.6187,-9.6,6-1/6-4,1,1900411,100,2026-09-29 20:16 UTC,2026-09-30 16:17 UTC,favourite
2026-09-30,"Mouilleron-Le-Captif, France",,Hard,Clement Tabur,Thomas Faurel,winner,player_a,,0.7295,1.37,1.32,0.708,2.2,6-1/6-4,1,1900424,100,2026-09-29 20:16 UTC,2026-09-30 16:17 UTC,strong+day+favourite
2026-09-30,"Adana, Turkiye",,N/A,Fiona Crawley,Elena Pridankina,winner,player_b,,0.5181,1.93,1.95,0.48,3.8,5-7/6-2/4-6,1,1900572,72,2026-09-29 20:16 UTC,2026-09-30 16:17 UTC,favourite
2026-09-30,"Adana, Turkiye",,N/A,Teodora Kostovic,Dalma Galfi,winner,player_a,,0.5381,1.86,1.62,0.577,-3.9,4-6/7-6/6-4,1,1900766,81,2026-09-29 20:16 UTC,2026-09-30 16:17 UTC,favourite
2026-09-30,"Adana, Turkiye",,N/A,Cagla Buyukakcay,Lucrezia Stefanini,winner,player_b,,0.5565,1.8,1.14,0.8202,-26.4,7-6/3-6/3-6,1,1900765,81,2026-09-29 20:16 UTC,2026-10-02 16:28 UTC,favourite
2026-09-30,China Open,,Hard,Nuno Borges,Novak Djokovic,total_games,under,25.5,0.741,1.35,1.63,0.5842,15.7,3-6/6-7,1,1899920,100,2026-09-30 06:19 UTC,2026-09-30 16:17 UTC,strong
2026-09-30,China Open,,Hard,Nuno Borges,Novak Djokovic,total_games,under,24.5,0.7159,1.4,1.73,0.5506,16.5,3-6/6-7,1,1899920,100,2026-09-30 06:19 UTC,2026-09-30 16:17 UTC,strong
2026-09-30,Japan Open (Tokyo),,Hard,Tomas Etcheverry,Stefanos Tsitsipas,p2_games,under,14.5,0.7008,1.43,1.4,0.6706,3.0,6-4/3-6/4-6,0,1900548,94,2026-09-30 06:19 UTC,2026-10-02 16:28 UTC,strong+day
2026-09-30,Japan Open (Tokyo),,Hard,Matteo Arnaldi,Rei Sakamoto,p2_games,under,12.5,0.6015,1.66,1.92,0.4866,11.5,2-6/6-4/6-4,0,1899905,100,2026-09-30 06:19 UTC,2026-09-30 16:17 UTC,highlight
2026-09-30,China Open,,Hard,Maddison Inglis,Zeynep Sonmez,winner,player_b,,0.6253,1.6,1.47,0.6557,-3.0,6-4/6-4,0,1900588,94,2026-09-30 06:19 UTC,2026-09-30 10:16 UTC,day+favourite
2026-09-30,China Open,,Hard,Oleksandra Oliynykova,Yue Yuan,p2_games,under,13.5,0.7518,1.33,1.31,0.7127,3.9,2-6/3-6,1,1899996,100,2026-09-30 06:19 UTC,2026-09-30 10:16 UTC,strong+day
2026-09-30,China Open,,Hard,Oleksandra Oliynykova,Yue Yuan,p1_games,over,11.5,0.6604,1.51,1.84,0.508,15.2,2-6/3-6,0,1899996,100,2026-09-30 06:19 UTC,2026-09-30 10:16 UTC,highlight
2026-09-30,China Open,,Hard,Oleksandra Oliynykova,Yue Yuan,winner,player_a,,0.5319,1.88,2.6,0.3689,16.3,2-6/3-6,0,1899996,100,2026-09-30 06:19 UTC,2026-09-30 10:16 UTC,favourite
2026-09-30,China Open,,Hard,Taylah Preston,Tamara Korpatsch,winner,player_a,,0.5566,1.8,1.46,0.6573,-10.1,6-2/7-6,1,1899994,94,2026-09-30 06:19 UTC,2026-09-30 16:17 UTC,favourite
2026-09-30,China Open,,Hard,Mai Hontama,Katie Boulter,winner,player_b,,0.7118,1.4,1.41,0.6803,3.2,3-6/4-6,1,1900591,94,2026-09-30 06:19 UTC,2026-09-30 16:17 UTC,strong+day+favourite
2026-09-30,China Open,,Hard,Elsa Jacquemot,Magdalena Frech,p2_games,under,13.5,0.7484,1.34,1.31,0.7127,3.6,5-7/6-3/4-6,0,1900595,100,2026-09-30 06:19 UTC,2026-09-30 16:17 UTC,strong+day
2026-09-30,China Open,,Hard,Elsa Jacquemot,Magdalena Frech,winner,player_b,,0.7117,1.41,1.41,0.6803,3.1,5-7/6-3/4-6,1,1900595,100,2026-09-30 06:19 UTC,2026-09-30 16:17 UTC,strong+favourite
2026-09-30,"Columbus, USA",,Hard,Andrew Fenty,Dylan Dietrich,winner,player_b,,0.7327,1.36,1.21,0.7721,-3.9,5-7/2-6,1,1900785,100,2026-09-30 06:19 UTC,2026-09-30 20:16 UTC,favourite
2026-09-30,"Columbus, USA",,Hard,Luca Staeheli,Andres Andrade,winner,player_b,,0.8004,1.25,1.25,0.75,5.0,3-6/6-7,1,1900787,91,2026-09-30 06:19 UTC,2026-09-30 20:16 UTC,favourite
2026-09-30,"Mouilleron-Le-Captif, France",,Hard,Lucas Poullain,Remy Bertola,winner,player_a,,0.5259,1.9,2.3,0.4057,12.0,3-6/7-5/6-3,1,1900767,100,2026-09-30 06:19 UTC,2026-10-02 16:28 UTC,favourite
2026-10-01,China Open,,Hard,Alex Molcan,Arthur Rinderknech,p1_games,under,13.5,0.6936,1.44,1.39,0.6722,2.1,,,1900545,100,2026-09-30 06:19 UTC,,day
2026-10-01,China Open,,Hard,Alex Molcan,Arthur Rinderknech,winner,player_b,,0.6171,1.62,1.63,0.5905,2.7,,,1900545,100,2026-09-30 06:19 UTC,,favourite
2026-10-01,China Open,,Hard,Daniil Medvedev,Pablo Carreno Busta,p1_games,under,13.5,0.7024,1.42,1.38,0.6738,2.9,6-4/6-2,1,1900543,100,2026-09-30 06:19 UTC,2026-10-02 16:28 UTC,strong+day
2026-10-01,China Open,,Hard,Daniil Medvedev,Pablo Carreno Busta,winner,player_a,,0.7582,1.32,1.24,0.7762,-1.8,6-4/6-2,1,1900543,100,2026-09-30 06:19 UTC,2026-10-02 16:28 UTC,favourite
2026-10-01,Japan Open (Tokyo),,Hard,Taylor Fritz,Jaume Munar,p1_games,under,13.5,0.6606,1.51,1.43,0.6538,0.7,7-6/4-6/3-6,0,1900546,100,2026-09-30 06:19 UTC,2026-10-02 16:28 UTC,day
2026-10-01,Japan Open (Tokyo),,Hard,Taylor Fritz,Jaume Munar,winner,player_a,,0.7207,1.39,1.21,0.7953,-7.5,7-6/4-6/3-6,0,1900546,100,2026-09-30 06:19 UTC,2026-10-02 16:28 UTC,favourite+strong+day
2026-10-01,China Open,,Hard,Harriet Dart,Yihan Qu,winner,player_a,,0.632,1.58,1.05,0.9129,-28.1,6-2/6-7/7-5,1,1900581,53,2026-09-30 06:19 UTC,2026-10-02 16:28 UTC,favourite
2026-10-01,China Open,,Hard,Marina Bassols Ribera,Kamilla Rakhimova,winner,player_b,,0.7109,1.41,1.33,0.7246,-1.4,4-6/6-7,1,1900582,94,2026-09-30 06:19 UTC,2026-10-02 16:28 UTC,strong+day+favourite
2026-10-01,"Bari, Italy",,Hard,Laurent Lokoli,Samuele Pieri,winner,player_a,,0.6128,1.63,1.81,0.516,9.7,6-7/6-7,0,1900753,94,2026-09-30 06:19 UTC,2026-10-02 16:28 UTC,day+highlight+favourite
2026-10-01,"Bari, Italy",,Hard,Lorenzo Giustino,Matthew Donald,winner,player_a,,0.6527,1.53,1.7,0.5491,10.4,7-6/3-6/1-3,0,1900625,91,2026-09-30 06:19 UTC,2026-10-02 16:28 UTC,favourite
2026-10-01,"Bari, Italy",,Hard,Massimo Giunta,Carlos Taberner,winner,player_b,,0.7221,1.38,1.4,0.6667,5.5,2-6/2-6,1,1900748,94,2026-09-30 06:19 UTC,2026-10-02 16:28 UTC,strong+day+highlight+favourite
2026-10-01,"Bari, Italy",,Hard,Pierluigi Basile,Martin Krumich,winner,player_b,,0.6851,1.46,1.71,0.5464,13.9,3-6/1-6,1,1900724,97,2026-09-30 06:19 UTC,2026-10-02 16:28 UTC,day+highlight+favourite
2026-10-01,"Columbus, USA",,Hard,Aidan Mayo,Colton Smith,winner,player_b,,0.643,1.56,1.31,0.7127,-7.0,6-2/7-6,0,1900823,100,2026-09-30 06:19 UTC,2026-10-02 16:28 UTC,day+favourite
2026-10-01,"Columbus, USA",,Hard,Bryce Nakashima,Keegan Smith,winner,player_b,,0.6493,1.54,1.87,0.5,14.9,4-6/6-3/5-7,1,1900789,81,2026-09-30 06:19 UTC,2026-10-02 16:28 UTC,favourite
2026-10-01,"Columbus, USA",,Hard,Stefan Kozlov,Mitchell Krueger,winner,player_b,,0.5243,1.91,1.92,0.4866,3.8,2-6/6-3/3-6,1,1900788,100,2026-09-30 06:19 UTC,2026-10-02 16:28 UTC,favourite
2026-10-01,"Jingshan, China",,Hard,Michael Zheng,Yanki Erel,p2_games,over,7.5,0.6075,1.65,1.87,0.4946,11.3,1-6/6-7,1,1900495,100,2026-09-30 06:19 UTC,2026-10-02 16:28 UTC,day+highlight
2026-10-01,"Jingshan, China",,Hard,Michael Zheng,Yanki Erel,winner,player_a,,0.7822,1.28,1.12,0.8382,-5.6,1-6/6-7,0,1900495,100,2026-09-30 06:19 UTC,2026-10-02 16:28 UTC,favourite
2026-10-01,"Jingshan, China",,Hard,Yuta Shimizu,Bernard Tomic,winner,player_b,,0.5905,1.69,1.63,0.5744,1.6,7-5/2-6/6-7,1,1900596,100,2026-09-30 06:19 UTC,2026-10-02 16:28 UTC,favourite
2026-10-01,"Mouilleron-Le-Captif, France",,Hard,Clement Chidekh,Ugo Blanchet,winner,player_a,,0.5708,1.75,1.46,0.6404,-7.0,6-4/3-6/6-2,1,1900784,100,2026-09-30 06:19 UTC,2026-10-02 16:28 UTC,favourite
2026-10-01,"Mouilleron-Le-Captif, France",,Hard,Felix Balshaw,Nicolai Budkov Kjaer,winner,player_a,,0.501,2.0,2.18,0.4293,7.2,7-5/4-6/7-6,1,1900734,100,2026-09-30 06:19 UTC,2026-10-02 16:28 UTC,favourite
2026-10-01,"Mouilleron-Le-Captif, France",,Hard,Joel Schwaerzler,Harry Wendelken,winner,player_b,,0.562,1.78,1.8,0.52,4.2,6-4/6-3,0,1900628,100,2026-09-30 06:19 UTC,2026-10-02 16:28 UTC,favourite
2026-10-01,"Porto 2, Portugal",,Clay,Mili Poljicak,Henrique Rocha,p1_games,over,8.5,0.6163,1.62,1.8,0.5148,10.1,2-6/0-6,0,1900735,97,2026-09-30 06:19 UTC,2026-10-02 16:28 UTC,day+highlight
2026-10-01,"Jingshan, China",,Hard,Alevtina Ibragimova,Kyoka Okamura,winner,player_a,,0.6368,1.57,1.31,0.7127,-7.6,7-6/1-6/3-6,0,1900517,91,2026-09-30 06:19 UTC,2026-10-02 16:28 UTC,favourite
2026-10-01,"Jingshan, China",,Hard,Aliona Falei,Kristiana Sidorova,winner,player_b,,0.5345,1.87,2.3,0.4057,12.9,4-6/7-6/6-4,0,1900486,78,2026-09-30 06:19 UTC,2026-10-02 16:28 UTC,favourite
2026-10-01,"Jingshan, China",,Hard,Sofya Lansere,Sofia Costoulas,winner,player_b,,0.5243,1.91,1.27,0.7365,-21.2,6-3/6-4,0,1900571,91,2026-09-30 06:19 UTC,2026-10-02 16:28 UTC,favourite
2026-10-01,"Jingshan, China",,Hard,Jessica Bouzas Maneiro,Yuhan Wang,winner,player_a,,0.6273,1.59,1.05,0.8889,-26.2,6-0/6-2,1,1900624,78,2026-09-30 06:19 UTC,2026-10-02 16:28 UTC,favourite
2026-09-30,China Open,,Hard,Nuno Borges,Novak Djokovic,total_games,under,21.5,0.5876,1.7,2.4,0.397,19.1,3-6/6-7,0,1899920,100,2026-09-30 10:16 UTC,2026-09-30 16:17 UTC,highlight
2026-09-30,China Open,,Hard,Anna Bondar,Renata Zarazua,p2_games,over,11.5,0.5503,1.82,2.08,0.4497,10.1,6-7/3-6,1,1899997,100,2026-09-30 10:16 UTC,2026-09-30 16:17 UTC,highlight
2026-09-30,"Columbus, USA",,Hard,Andrew Fenty,Dylan Dietrich,p1_games,over,8.5,0.6014,1.66,1.85,0.5013,10.0,5-7/2-6,0,1900785,100,2026-09-30 10:16 UTC,2026-09-30 20:16 UTC,day+highlight
2026-09-30,"Columbus, USA",,Hard,Braden Shick,Mees Rottgering,p1_games,over,11.5,0.634,1.58,1.69,0.5469,8.7,1-6/4-6,0,1900425,100,2026-09-30 10:16 UTC,2026-09-30 20:16 UTC,day+highlight
2026-10-01,China Open,,Hard,Juncheng Shang,Sebastian Baez,p2_games,over,10.5,0.7329,1.36,1.53,0.6107,12.2,5-7/6-3/7-5,1,1899919,100,2026-09-30 10:16 UTC,2026-10-02 16:28 UTC,strong+day
2026-10-01,China Open,,Hard,Learner Tien,Hubert Hurkacz,p2_games,under,13.5,0.6738,1.48,1.36,0.6881,-1.4,7-5/3-6/4-6,0,1899926,100,2026-09-30 10:16 UTC,2026-10-02 16:28 UTC,day
2026-10-01,China Open,,Hard,Learner Tien,Hubert Hurkacz,winner,player_a,,0.5791,1.73,1.57,0.6133,-3.4,7-5/3-6/4-6,0,1899926,100,2026-09-30 10:16 UTC,2026-10-02 16:28 UTC,favourite
2026-10-01,Japan Open (Tokyo),,Hard,Adolfo Vallejo,Rafael Jodar,p2_games,under,13.5,0.7579,1.32,1.32,0.708,5.0,6-1/6-3,1,1900547,94,2026-09-30 10:16 UTC,2026-10-02 16:28 UTC,strong+day
2026-10-01,Japan Open (Tokyo),,Hard,Adolfo Vallejo,Rafael Jodar,winner,player_b,,0.8505,1.18,1.2,0.8,5.0,6-1/6-3,0,1900547,94,2026-09-30 10:16 UTC,2026-10-02 16:28 UTC,favourite
2026-10-01,China Open,,Hard,Sonay Kartal,Andrea Lazaro Garcia,winner,player_a,,0.6875,1.45,1.26,0.7649,-7.7,6-2/6-3,1,1900577,88,2026-09-30 10:16 UTC,2026-10-02 16:28 UTC,favourite
2026-10-01,China Open,,Hard,Yu Jun Lin,Storm Hunter,winner,player_b,,0.6586,1.52,1.05,0.9129,-25.4,2-6/1-6,1,1900579,53,2026-09-30 10:16 UTC,2026-10-02 16:28 UTC,favourite
2026-10-01,"Jingshan, China",,Hard,Adam Walton,Mattia Bellucci,winner,player_a,,0.5202,1.92,1.96,0.4759,4.4,5-7/2-6,0,1900836,100,2026-09-30 10:16 UTC,2026-10-02 16:28 UTC,favourite
2026-10-01,"Jingshan, China",,Hard,Alex Bolt,Evan Zhu,total_games,under,21.5,0.5973,1.67,1.94,0.4771,12.0,6-7/6-4/6-2,0,1900855,100,2026-09-30 10:16 UTC,2026-10-02 16:28 UTC,highlight
2026-10-01,"Jingshan, China",,Hard,Alex Bolt,Evan Zhu,winner,player_a,,0.8616,1.16,1.49,0.6266,23.5,6-7/6-4/6-2,1,1900855,100,2026-09-30 10:16 UTC,2026-10-02 16:28 UTC,favourite
2026-10-01,"Jingshan, China",,Hard,Andre Ilagan,Marat Sharipov,winner,player_b,,0.688,1.45,1.36,0.6845,0.4,6-2/7-6,0,1900852,100,2026-09-30 10:16 UTC,2026-10-02 16:28 UTC,day+favourite
2026-10-01,"Jingshan, China",,Hard,Elias Ymer,Federico Cina,p1_games,over,10.5,0.6757,1.48,1.82,0.5081,16.8,6-3/3-6/4-6,1,1900841,100,2026-09-30 10:16 UTC,2026-10-02 16:28 UTC,day+highlight
2026-10-01,"Jingshan, China",,Hard,Elias Ymer,Federico Cina,winner,player_b,,0.5362,1.86,1.32,0.7047,-16.8,6-3/3-6/4-6,1,1900841,100,2026-09-30 10:16 UTC,2026-10-02 16:28 UTC,favourite
2026-10-01,"Jingshan, China",,Hard,Lloyd Harris,Luka Pavlovic,winner,player_a,,0.7483,1.34,1.2,0.7778,-2.9,6-2/6-3,1,1900843,100,2026-09-30 10:16 UTC,2026-10-02 16:28 UTC,favourite
2026-10-01,"Jingshan, China",,Hard,Petr Bar Biryukov,Dane Sweeny,p1_games,over,11.5,0.7081,1.41,1.8,0.5135,19.5,4-6/1-6,0,1900860,100,2026-09-30 10:16 UTC,2026-10-02 16:28 UTC,strong+day+highlight
2026-10-01,"Jingshan, China",,Hard,Petr Bar Biryukov,Dane Sweeny,winner,player_a,,0.529,1.89,2.7,0.3462,18.3,4-6/1-6,0,1900860,100,2026-09-30 10:16 UTC,2026-10-02 16:28 UTC,favourite
2026-10-01,China Open,,Hard,Alex Molcan,Arthur Rinderknech,total_games,over,19.5,0.7095,1.41,1.32,0.7203,-1.1,,,1900545,100,2026-09-30 16:17 UTC,,strong+day
2026-10-01,China Open,,Hard,Botic van de Zandschulp,Francisco Cerundolo,p2_games,over,11.5,0.7431,1.35,1.31,0.7158,2.7,7-5/4-6/3-6,1,1900544,100,2026-09-30 16:17 UTC,2026-10-02 16:28 UTC,strong+day
2026-10-01,China Open,,Hard,Botic van de Zandschulp,Francisco Cerundolo,p1_games,under,13.5,0.7231,1.38,1.35,0.6897,3.3,7-5/4-6/3-6,0,1900544,100,2026-09-30 16:17 UTC,2026-10-02 16:28 UTC,strong
2026-10-01,China Open,,Hard,Botic van de Zandschulp,Francisco Cerundolo,winner,player_b,,0.599,1.67,1.68,0.5714,2.8,7-5/4-6/3-6,1,1900544,100,2026-09-30 16:17 UTC,2026-10-02 16:28 UTC,favourite
2026-10-01,China Open,,Hard,Ignacio Buse,Quentin Halys,total_games,over,19.5,0.7368,1.36,1.32,0.7233,1.4,1-6/6-7,1,1899921,100,2026-09-30 16:17 UTC,2026-10-02 16:28 UTC,strong+day
2026-10-01,China Open,,Hard,Alexander Zverev,Cameron Norrie,p2_games,over,6.5,0.763,1.31,1.51,0.6196,14.3,7-6/6-4,1,1899917,100,2026-09-30 16:17 UTC,2026-10-02 16:28 UTC,strong+day
2026-10-01,China Open,,Hard,Alexander Zverev,Cameron Norrie,p2_games,over,8.5,0.5888,1.7,2.16,0.4316,15.7,7-6/6-4,1,1899917,100,2026-09-30 16:17 UTC,2026-10-02 16:28 UTC,highlight
2026-10-01,China Open,,Hard,Alexander Zverev,Cameron Norrie,winner,player_a,,0.7571,1.32,1.11,0.8696,-11.2,7-6/6-4,1,1899917,100,2026-09-30 16:17 UTC,2026-10-02 16:28 UTC,favourite
2026-10-01,Japan Open (Tokyo),,Hard,Kei Nishikori,Frances Tiafoe,total_games,over,18.5,0.7476,1.34,1.32,0.7233,2.4,4-6/4-6,1,1899912,100,2026-09-30 16:17 UTC,2026-10-02 16:28 UTC,strong+day
2026-10-01,Japan Open (Tokyo),,Hard,Brandon Nakashima,Ugo Humbert,total_games,over,19.5,0.7703,1.3,1.35,0.7033,6.7,3-6/2-6,0,1899910,100,2026-09-30 16:17 UTC,2026-10-02 16:28 UTC,strong+day
2026-10-01,Japan Open (Tokyo),,Hard,Jaime Faria,Arthur Fery,p2_games,over,11.5,0.7226,1.38,1.4,0.6667,5.6,6-4/3-6/6-4,1,1901227,100,2026-09-30 16:17 UTC,2026-10-02 16:28 UTC,strong+day
2026-10-01,Japan Open (Tokyo),,Hard,Jaime Faria,Arthur Fery,winner,player_b,,0.557,1.8,1.94,0.4961,6.1,6-4/3-6/6-4,0,1901227,100,2026-09-30 16:17 UTC,2026-10-02 16:28 UTC,highlight+favourite
2026-10-01,China Open,,Hard,Katie Volynets,Robin Montgomery,p1_games,under,13.5,0.7429,1.35,1.31,0.7127,3.0,7-5/7-5,0,1900580,100,2026-09-30 16:17 UTC,2026-10-02 16:28 UTC,strong+day
2026-10-01,China Open,,Hard,Katie Volynets,Robin Montgomery,winner,player_a,,0.5361,1.87,1.74,0.5527,-1.7,7-5/7-5,1,1900580,100,2026-09-30 16:17 UTC,2026-10-02 16:28 UTC,favourite
2026-10-01,China Open,,Hard,Qinwen Zheng,Han Shi,winner,player_a,,0.8562,1.17,1.08,0.8884,-3.2,7-6/4-6/6-2,1,1900578,91,2026-09-30 16:17 UTC,2026-10-02 16:28 UTC,favourite
2026-10-01,China Open,,Hard,Yushan Shao,Anastasia Zakharova,winner,player_b,,0.599,1.67,1.07,0.9016,-30.3,0-6/2-6,1,1899988,53,2026-09-30 16:17 UTC,2026-10-02 16:28 UTC,favourite
2026-10-01,"Curitiba, Brazil",,Clay,Pedro Boscardin Dias,Genaro Alberto Olivieri,winner,player_b,,0.5134,1.95,1.68,0.5567,-4.3,6-4/6-2,0,1901397,100,2026-09-30 16:17 UTC,2026-10-02 16:28 UTC,favourite
2026-10-01,"Mouilleron-Le-Captif, France",,Hard,Henry Bernet,Dominic Stricker,winner,player_b,,0.7261,1.38,1.65,0.5658,16.0,6-1/7-6,0,1901286,100,2026-09-30 16:17 UTC,2026-10-02 16:28 UTC,strong+day+highlight+favourite
2026-10-01,"Mouilleron-Le-Captif, France",,Hard,Harold Mayot,Tristan Schoolkate,winner,player_a,,0.6074,1.65,1.61,0.5807,2.7,6-4/2-6/6-4,1,1901283,100,2026-09-30 16:17 UTC,2026-10-02 16:28 UTC,day+favourite
2026-10-01,"Porto 2, Portugal",,Clay,Tiago Pereira,Hugo Grenier,winner,player_b,,0.5958,1.68,1.5,0.6241,-2.8,6-7/3-6,1,1901396,97,2026-09-30 16:17 UTC,2026-10-02 16:28 UTC,favourite
2026-10-01,"Adana, Turkiye",,N/A,Lois Boisson,Anna Blinkova,winner,player_b,,0.5053,1.98,1.59,0.587,-8.2,6-0/6-1,0,1901284,88,2026-09-30 16:17 UTC,2026-10-02 16:28 UTC,favourite
2026-10-01,China Open,,Hard,Alexander Zverev,Cameron Norrie,total_games,over,17.5,0.8306,1.2,1.31,0.7277,10.3,7-6/6-4,1,1899917,100,2026-09-30 20:16 UTC,2026-10-02 16:28 UTC,strong+day
2026-10-01,China Open,,Hard,Alexander Zverev,Cameron Norrie,total_games,over,18.5,0.7463,1.34,1.51,0.6326,11.4,7-6/6-4,1,1899917,100,2026-09-30 20:16 UTC,2026-10-02 16:28 UTC,strong
2026-10-01,China Open,,Hard,Tallon Griekspoor,Andrey Rublev,total_games,over,20.5,0.6777,1.48,1.44,0.6604,1.7,4-6/7-5/6-7,1,1899927,100,2026-09-30 20:16 UTC,2026-10-02 16:28 UTC,day
2026-10-01,Japan Open (Tokyo),,Hard,Carlos Alcaraz,Alex Michelsen,total_games,under,23.5,0.7404,1.35,1.46,0.6532,8.7,7-6/4-6/6-1,0,1899904,97,2026-09-30 20:16 UTC,2026-10-02 16:28 UTC,strong
2026-10-01,Japan Open (Tokyo),,Hard,Carlos Alcaraz,Alex Michelsen,total_games,under,22.5,0.7043,1.42,1.57,0.6075,9.7,7-6/4-6/6-1,0,1899904,97,2026-09-30 20:16 UTC,2026-10-02 16:28 UTC,strong
2026-10-01,Japan Open (Tokyo),,Hard,Alejandro Davidovich Fokina,Matteo Berrettini,total_games,over,19.5,0.7356,1.36,1.3,0.732,0.4,6-1/6-7/4-6,1,1899913,100,2026-09-30 20:16 UTC,2026-10-02 16:28 UTC,strong+day
2026-10-01,"Curitiba, Brazil",,Clay,Guido Justo,Pedro Sakamoto,winner,player_a,,0.708,1.41,1.44,0.6479,6.0,6-2/6-4,1,1901751,94,2026-09-30 20:16 UTC,2026-10-02 16:28 UTC,strong+day+highlight+favourite
2026-10-01,"Curitiba, Brazil",,Clay,Joao Eduardo Schiessl,Luis Miguel,winner,player_b,,0.5946,1.68,1.24,0.754,-15.9,6-7/5-7,1,1901778,66,2026-09-30 20:16 UTC,2026-10-02 16:28 UTC,favourite
2026-10-01,"Curitiba, Brazil",,Clay,Mateus Cardoso Alves,Gonzalo Villanueva,winner,player_b,,0.7106,1.41,3.15,0.2969,41.4,2-6/3-6,1,1901745,53,2026-09-30 20:16 UTC,2026-10-02 16:28 UTC,favourite
2026-10-01,"Mouilleron-Le-Captif, France",,Hard,Felix Balshaw,Nicolai Budkov Kjaer,p1_games,over,11.5,0.677,1.48,1.63,0.5688,10.8,7-5/4-6/7-6,1,1900734,100,2026-09-30 20:16 UTC,2026-10-02 16:28 UTC,day+highlight
2026-10-01,"Mouilleron-Le-Captif, France",,Hard,Clement Chidekh,Ugo Blanchet,p2_games,over,11.5,0.6099,1.64,1.86,0.4987,11.1,6-4/3-6/6-2,1,1900784,100,2026-09-30 20:16 UTC,2026-10-02 16:28 UTC,day+highlight
2026-10-01,"Porto 2, Portugal",,Clay,Edas Butvilas,Moez Echargui,winner,player_a,,0.6446,1.55,1.45,0.642,0.3,6-1/7-5,1,1901795,97,2026-09-30 20:16 UTC,2026-10-02 16:28 UTC,day+favourite
2026-10-02,"Columbus, USA",,Hard,Abedallah Shelbayh,Aidan Mayo,winner,player_a,,0.5905,1.69,1.76,0.5307,6.0,7-6/7-5,1,1902249,100,2026-10-02 16:28 UTC,2026-10-02 20:13 UTC,highlight+favourite
2026-10-02,"Columbus, USA",,Hard,Darwin Blanch,Dylan Dietrich,winner,player_b,,0.5038,1.99,1.67,0.5594,-5.6,3-6/3-6,1,1901810,100,2026-10-02 16:28 UTC,2026-10-02 20:13 UTC,favourite
2026-10-02,"Curitiba, Brazil",,Clay,Gustavo Heide,Lautaro Midon,winner,player_a,,0.629,1.59,1.36,0.6845,-5.6,6-2/6-4,1,1901803,100,2026-10-02 16:28 UTC,2026-10-03 06:22 UTC,day+favourite
2026-10-02,"Mouilleron-Le-Captif, France",,Hard,Henry Bernet,Felix Balshaw,winner,player_b,,0.7412,1.35,1.95,0.4786,26.3,3-6/6-2/6-3,0,1902182,100,2026-10-02 16:28 UTC,2026-10-02 20:13 UTC,strong+day+favourite
2026-10-02,"Mouilleron-Le-Captif, France",,Hard,Henry Bernet,Felix Balshaw,p1_games,under,12.5,0.6484,1.54,2.01,0.4611,18.7,3-6/6-2/6-3,0,1902182,100,2026-10-02 16:28 UTC,2026-10-02 20:13 UTC,highlight
2026-10-02,"Mouilleron-Le-Captif, France",,Hard,Clement Chidekh,Harold Mayot,winner,player_b,,0.551,1.81,1.94,0.4813,7.0,3-6/6-2/2-0,0,1902256,100,2026-10-02 16:28 UTC,2026-10-02 20:13 UTC,highlight+favourite
2026-10-03,China Open,,Hard,Alex de Minaur,Quentin Halys,p1_games,over,11.5,0.8775,1.14,1.14,0.8202,5.7,3-6/7-6/7-5,1,1901974,100,2026-10-02 16:28 UTC,2026-10-03 06:22 UTC,strong+day
2026-10-03,China Open,,Hard,Alex de Minaur,Quentin Halys,winner,player_a,,0.7662,1.31,1.34,0.7173,4.9,3-6/7-6/7-5,1,1901974,100,2026-10-02 16:28 UTC,2026-10-03 06:22 UTC,strong+favourite
2026-10-03,China Open,,Hard,Andrey Rublev,Roman Safiullin,p1_games,over,11.5,0.8024,1.25,1.27,0.7392,6.3,6-2/3-6/6-4,1,1902132,100,2026-10-02 16:28 UTC,2026-10-03 10:13 UTC,strong+day
2026-10-03,China Open,,Hard,Andrey Rublev,Roman Safiullin,p2_games,under,13.5,0.7099,1.41,1.48,0.6328,7.7,6-2/3-6/6-4,1,1902132,100,2026-10-02 16:28 UTC,2026-10-03 10:13 UTC,strong
2026-10-03,China Open,,Hard,Andrey Rublev,Roman Safiullin,winner,player_a,,0.6547,1.53,1.7,0.5663,8.8,6-2/3-6/6-4,1,1902132,100,2026-10-02 16:28 UTC,2026-10-03 10:13 UTC,highlight+favourite
2026-10-03,China Open,,Hard,Daniil Medvedev,Jan-Lennard Struff,p1_games,over,11.5,0.9114,1.1,1.06,0.883,2.8,6-4/6-3,1,1902322,100,2026-10-02 16:28 UTC,2026-10-03 20:05 UTC,strong+day
2026-10-03,China Open,,Hard,Daniil Medvedev,Jan-Lennard Struff,winner,player_a,,0.8288,1.21,1.17,0.8219,0.7,6-4/6-3,1,1902322,100,2026-10-02 16:28 UTC,2026-10-03 20:05 UTC,strong+favourite
2026-10-03,China Open,,Hard,Daniil Medvedev,Jan-Lennard Struff,p1_games,under,13.5,0.7254,1.38,1.38,0.6776,4.8,6-4/6-3,1,1902322,100,2026-10-02 16:28 UTC,2026-10-03 20:05 UTC,strong
2026-10-03,China Open,,Hard,Francisco Cerundolo,Jakub Mensik,winner,player_a,,0.7661,1.31,2.65,0.363,40.3,6-3/6-3,1,1902148,78,2026-10-02 16:28 UTC,2026-10-03 20:05 UTC,favourite
2026-10-03,China Open,,Hard,Alexander Zverev,Juncheng Shang,p1_games,over,11.5,0.9362,1.07,1.02,0.9217,1.5,6-0/6-3,1,1902080,100,2026-10-02 16:28 UTC,2026-10-03 20:05 UTC,strong+day
2026-10-03,China Open,,Hard,Alexander Zverev,Juncheng Shang,winner,player_a,,0.8629,1.16,1.08,0.8929,-3.0,6-0/6-3,1,1902080,100,2026-10-02 16:28 UTC,2026-10-03 20:05 UTC,strong+favourite
2026-10-03,China Open,,Hard,Alexander Zverev,Juncheng Shang,p1_games,under,13.5,0.7301,1.37,1.29,0.7249,0.5,6-0/6-3,1,1902080,100,2026-10-02 16:28 UTC,2026-10-03 20:05 UTC,strong
2026-10-03,Japan Open (Tokyo),,Hard,Denis Shapovalov,Alejandro Tabilo,p1_games,over,11.5,0.7401,1.35,1.26,0.7407,-0.1,7-5/3-6/6-4,1,1902033,100,2026-10-02 16:28 UTC,2026-10-03 06:22 UTC,strong+day
2026-10-03,Japan Open (Tokyo),,Hard,Denis Shapovalov,Alejandro Tabilo,total_games,over,19.5,0.7191,1.39,1.33,0.7188,0.0,7-5/3-6/6-4,1,1902033,100,2026-10-02 16:28 UTC,2026-10-03 06:22 UTC,strong
2026-10-03,Japan Open (Tokyo),,Hard,Denis Shapovalov,Alejandro Tabilo,winner,player_a,,0.569,1.76,1.62,0.594,-2.5,7-5/3-6/6-4,1,1902033,100,2026-10-02 16:28 UTC,2026-10-03 06:22 UTC,favourite
2026-10-03,Japan Open (Tokyo),,Hard,Carlos Alcaraz,Matteo Arnaldi,p1_games,over,11.5,0.9687,1.03,1.01,0.9224,4.6,7-6/6-1,1,1902079,100,2026-10-02 16:28 UTC,2026-10-03 10:13 UTC,strong+day
2026-10-03,Japan Open (Tokyo),,Hard,Carlos Alcaraz,Matteo Arnaldi,winner,player_a,,0.9343,1.07,1.06,0.9121,2.2,7-6/6-1,1,1902079,100,2026-10-02 16:28 UTC,2026-10-03 10:13 UTC,strong+favourite
2026-10-03,Japan Open (Tokyo),,Hard,Carlos Alcaraz,Matteo Arnaldi,p1_games,under,13.5,0.8287,1.21,1.19,0.7871,4.2,7-6/6-1,1,1902079,100,2026-10-02 16:28 UTC,2026-10-03 10:13 UTC,strong
2026-10-03,Japan Open (Tokyo),,Hard,Carlos Alcaraz,Matteo Arnaldi,total_games,over,15.5,0.7935,1.26,1.12,0.8511,-5.8,7-6/6-1,1,1902079,100,2026-10-02 16:28 UTC,2026-10-03 10:13 UTC,strong
2026-10-03,Japan Open (Tokyo),,Hard,Carlos Alcaraz,Matteo Arnaldi,total_games,under,21.5,0.7433,1.35,1.39,0.6834,6.0,7-6/6-1,1,1902079,100,2026-10-02 16:28 UTC,2026-10-03 10:13 UTC,strong
2026-10-03,Japan Open (Tokyo),,Hard,Carlos Alcaraz,Matteo Arnaldi,total_games,under,20.5,0.7006,1.43,1.49,0.6401,6.0,7-6/6-1,1,1902079,100,2026-10-02 16:28 UTC,2026-10-03 10:13 UTC,strong
2026-10-03,Japan Open (Tokyo),,Hard,Matteo Berrettini,Adolfo Vallejo,p1_games,over,11.5,0.8677,1.15,1.28,0.7294,13.8,6-7/1-6,0,1902129,94,2026-10-02 16:28 UTC,2026-10-03 10:13 UTC,strong+day
2026-10-03,Japan Open (Tokyo),,Hard,Matteo Berrettini,Adolfo Vallejo,p2_games,under,13.5,0.7622,1.31,1.39,0.6722,9.0,6-7/1-6,1,1902129,94,2026-10-02 16:28 UTC,2026-10-03 10:13 UTC,strong
2026-10-03,Japan Open (Tokyo),,Hard,Matteo Berrettini,Adolfo Vallejo,winner,player_a,,0.7536,1.33,1.66,0.5797,17.4,6-7/1-6,0,1902129,94,2026-10-02 16:28 UTC,2026-10-03 10:13 UTC,strong+favourite
2026-10-03,Japan Open (Tokyo),,Hard,Matteo Berrettini,Adolfo Vallejo,p2_games,under,11.5,0.5681,1.76,2.4,0.3893,17.9,6-7/1-6,0,1902129,94,2026-10-02 16:28 UTC,2026-10-03 10:13 UTC,highlight
2026-10-03,Japan Open (Tokyo),,Hard,Ugo Humbert,Jiri Lehecka,p2_games,over,11.5,0.7464,1.34,1.23,0.7602,-1.4,7-5/4-6/4-6,1,1901976,100,2026-10-02 16:28 UTC,2026-10-03 20:05 UTC,strong+day
2026-10-03,Japan Open (Tokyo),,Hard,Ugo Humbert,Jiri Lehecka,winner,player_b,,0.5641,1.77,1.55,0.622,-5.8,7-5/4-6/4-6,1,1901976,100,2026-10-02 16:28 UTC,2026-10-03 20:05 UTC,favourite
2026-10-03,China Open,,Hard,Ashlyn Krueger,Ann Li,p2_games,under,13.5,0.7346,1.36,1.33,0.6998,3.5,4-6/2-6,1,1901945,100,2026-10-02 16:28 UTC,2026-10-03 06:22 UTC,strong+day
2026-10-03,China Open,,Hard,Ashlyn Krueger,Ann Li,winner,player_b,,0.5207,1.92,1.72,0.559,-3.8,4-6/2-6,1,1901945,100,2026-10-02 16:28 UTC,2026-10-03 06:22 UTC,favourite
2026-10-03,China Open,,Hard,Donna Vekic,Lin Zhu,winner,player_a,,0.5582,1.79,1.54,0.6235,-6.5,6-1/4-6/6-2,1,1902093,94,2026-10-02 16:28 UTC,2026-10-03 06:22 UTC,favourite
2026-10-03,China Open,,Hard,Katie Volynets,Elise Mertens,p1_games,under,13.5,0.8026,1.25,1.3,0.7204,8.2,0-6/6-4/5-7,1,1901948,100,2026-10-02 16:28 UTC,2026-10-03 06:22 UTC,strong+day
2026-10-03,China Open,,Hard,Katie Volynets,Elise Mertens,p2_games,over,11.5,0.7832,1.28,1.43,0.6538,12.9,0-6/6-4/5-7,1,1901948,100,2026-10-02 16:28 UTC,2026-10-03 06:22 UTC,strong
2026-10-03,China Open,,Hard,Katie Volynets,Elise Mertens,p2_games,under,13.5,0.7483,1.34,1.31,0.7127,3.6,0-6/6-4/5-7,0,1901948,100,2026-10-02 16:28 UTC,2026-10-03 06:22 UTC,strong
2026-10-03,China Open,,Hard,Katie Volynets,Elise Mertens,total_games,under,25.5,0.7243,1.38,1.5,0.6341,9.0,0-6/6-4/5-7,0,1901948,100,2026-10-02 16:28 UTC,2026-10-03 06:22 UTC,strong
2026-10-03,China Open,,Hard,Katie Volynets,Elise Mertens,p1_games,under,12.5,0.7043,1.42,1.59,0.587,11.7,0-6/6-4/5-7,1,1901948,100,2026-10-02 16:28 UTC,2026-10-03 06:22 UTC,strong
2026-10-03,China Open,,Hard,Katie Volynets,Elise Mertens,p1_games,under,11.5,0.5518,1.81,2.4,0.3893,16.3,0-6/6-4/5-7,1,1901948,100,2026-10-02 16:28 UTC,2026-10-03 06:22 UTC,highlight
2026-10-03,China Open,,Hard,Katie Volynets,Elise Mertens,winner,player_b,,0.6846,1.46,1.83,0.5259,15.9,0-6/6-4/5-7,1,1901948,100,2026-10-02 16:28 UTC,2026-10-03 06:22 UTC,favourite
2026-10-03,China Open,,Hard,Jelena Ostapenko,Paula Badosa,winner,player_b,,0.8194,1.22,1.58,0.6099,21.0,7-6/7-5,0,1902013,69,2026-10-02 16:28 UTC,2026-10-03 10:13 UTC,favourite
2026-10-03,China Open,,Hard,Katerina Siniakova,Elina Svitolina,p2_games,over,11.5,0.8798,1.14,1.13,0.827,5.3,6-1/4-6/2-6,1,1901977,100,2026-10-02 16:28 UTC,2026-10-03 10:13 UTC,strong+day
2026-10-03,China Open,,Hard,Katerina Siniakova,Elina Svitolina,winner,player_b,,0.8092,1.24,1.26,0.7605,4.9,6-1/4-6/2-6,1,1901977,100,2026-10-02 16:28 UTC,2026-10-03 10:13 UTC,strong+favourite
2026-10-03,China Open,,Hard,Katerina Siniakova,Elina Svitolina,p2_games,under,13.5,0.7833,1.28,1.28,0.7294,5.4,6-1/4-6/2-6,1,1901977,100,2026-10-02 16:28 UTC,2026-10-03 10:13 UTC,strong
2026-10-03,China Open,,Hard,Katerina Siniakova,Elina Svitolina,total_games,under,22.5,0.7056,1.42,1.5,0.6341,7.2,6-1/4-6/2-6,0,1901977,100,2026-10-02 16:28 UTC,2026-10-03 10:13 UTC,strong
2026-10-03,China Open,,Hard,Maria Sakkari,Storm Hunter,p1_games,over,11.5,0.786,1.27,1.19,0.7871,-0.1,6-2/6-2,1,1902022,100,2026-10-02 16:28 UTC,2026-10-03 06:22 UTC,strong+day
2026-10-03,China Open,,Hard,Maria Sakkari,Storm Hunter,p1_games,under,13.5,0.7447,1.34,1.33,0.7031,4.2,6-2/6-2,1,1902022,100,2026-10-02 16:28 UTC,2026-10-03 06:22 UTC,strong
2026-10-03,China Open,,Hard,Maria Sakkari,Storm Hunter,winner,player_a,,0.6842,1.46,1.38,0.6954,-1.1,6-2/6-2,1,1902022,100,2026-10-02 16:28 UTC,2026-10-03 06:22 UTC,favourite
2026-10-03,China Open,,Hard,Xinyu Gao,Iga Swiatek,winner,player_b,,0.959,1.04,1.01,0.9495,0.9,2-6/3-6,1,1902140,94,2026-10-02 16:28 UTC,2026-10-03 10:13 UTC,favourite
2026-10-03,China Open,,Hard,Iva Jovic,Harriet Dart,winner,player_a,,0.7786,1.28,1.09,0.8827,-10.4,2-6/6-3/6-3,1,1902094,94,2026-10-02 16:28 UTC,2026-10-03 20:05 UTC,strong+day+favourite
2026-10-03,China Open,,Hard,Kamilla Rakhimova,Leylah Fernandez,p2_games,over,11.5,0.8258,1.21,1.14,0.8202,0.6,6-2/4-6/6-3,0,1902035,100,2026-10-02 16:28 UTC,2026-10-03 10:13 UTC,strong+day
2026-10-03,China Open,,Hard,Kamilla Rakhimova,Leylah Fernandez,p2_games,under,13.5,0.754,1.33,1.31,0.7127,4.1,6-2/4-6/6-3,1,1902035,100,2026-10-02 16:28 UTC,2026-10-03 10:13 UTC,strong
2026-10-03,China Open,,Hard,Kamilla Rakhimova,Leylah Fernandez,winner,player_b,,0.735,1.36,1.29,0.744,-0.9,6-2/4-6/6-3,0,1902035,100,2026-10-02 16:28 UTC,2026-10-03 10:13 UTC,strong+favourite
2026-10-03,"Bari, Italy",,Hard,Vitaliy Sachko,Samuele Pieri,winner,player_a,,0.6648,1.5,1.32,0.708,-4.3,7-5/4-6/2-6,0,1902466,97,2026-10-02 16:28 UTC,2026-10-03 20:05 UTC,day+favourite
2026-10-03,"Jingshan, China",,Hard,Lloyd Harris,Alex Bolt,winner,player_a,,0.6987,1.43,1.15,0.813,-11.4,5-7/7-6/0-0,1,1902311,100,2026-10-02 16:28 UTC,2026-10-03 06:22 UTC,day+favourite
2026-10-03,"Jingshan, China",,Hard,Lloyd Harris,Alex Bolt,p2_games,over,8.5,0.6772,1.48,1.74,0.531,14.6,5-7/7-6/0-0,void,1902311,100,2026-10-02 16:28 UTC,2026-10-03 06:22 UTC,highlight
2026-10-03,"Jingshan, China",,Hard,Yanki Erel,Mattia Bellucci,winner,player_b,,0.733,1.36,1.24,0.7515,-1.8,4-6/4-6,1,1902398,100,2026-10-02 16:28 UTC,2026-10-03 10:13 UTC,strong+day+favourite
2026-10-03,"Mouilleron-Le-Captif, France",,Hard,Joel Schwaerzler,Sascha Gueymard-Wayenburg,winner,player_b,,0.5428,1.84,1.74,0.5385,0.4,4-6/2-6,1,1902487,100,2026-10-02 16:28 UTC,2026-10-03 20:05 UTC,favourite
2026-10-03,"Adana, Turkiye",,N/A,Erika Andreeva,Lois Boisson,winner,player_b,,0.7104,1.41,1.51,0.6187,9.2,3-6/6-4/2-6,1,1902470,81,2026-10-02 16:28 UTC,2026-10-03 20:05 UTC,strong+day+highlight+favourite
2026-10-03,"Jingshan, China",,Hard,Emerson Jones,Alexandra Shubladze,winner,player_a,,0.5271,1.9,2.02,0.4628,6.4,5-7/4-6,0,1902393,69,2026-10-02 16:28 UTC,2026-10-03 10:13 UTC,favourite
2026-10-03,"Jingshan, China",,Hard,Jessica Bouzas Maneiro,Aliona Falei,winner,player_a,,0.5979,1.67,1.27,0.7365,-13.9,6-3/6-3,1,1902313,91,2026-10-02 16:28 UTC,2026-10-03 10:13 UTC,favourite
2026-10-03,Japan Open (Tokyo),,Hard,Ugo Humbert,Jiri Lehecka,total_games,over,19.5,0.7542,1.33,1.33,0.7188,3.5,7-5/4-6/4-6,1,1901976,100,2026-10-02 20:13 UTC,2026-10-03 20:05 UTC,strong+day
2026-10-03,China Open,,Hard,Ashlyn Krueger,Ann Li,p1_games,under,13.5,0.7408,1.35,1.32,0.708,3.3,4-6/2-6,1,1901945,100,2026-10-02 20:13 UTC,2026-10-03 06:22 UTC,strong+day
2026-10-03,China Open,,Hard,Katerina Siniakova,Elina Svitolina,total_games,under,23.5,0.7335,1.36,1.43,0.6659,6.8,6-1/4-6/2-6,0,1901977,100,2026-10-02 20:13 UTC,2026-10-03 10:13 UTC,strong
2026-10-03,China Open,,Hard,Katerina Siniakova,Elina Svitolina,total_games,under,19.5,0.5602,1.79,2.07,0.4595,10.1,6-1/4-6/2-6,0,1901977,100,2026-10-02 20:13 UTC,2026-10-03 10:13 UTC,highlight
2026-10-03,"Columbus, USA",,Hard,Abedallah Shelbayh,Mitchell Krueger,winner,player_a,,0.5432,1.84,1.56,0.599,-5.6,6-2/6-2,1,1902508,100,2026-10-02 20:13 UTC,2026-10-03 20:05 UTC,favourite
2026-10-03,"Columbus, USA",,Hard,Dylan Dietrich,Andres Andrade,winner,player_a,,0.6228,1.61,1.37,0.6829,-6.0,6-3/1-0,1,1902499,100,2026-10-02 20:13 UTC,2026-10-03 20:05 UTC,day+favourite
2026-10-03,"Jingshan, China",,Hard,Lloyd Harris,Alex Bolt,p2_games,over,9.5,0.6096,1.64,2.0,0.4624,14.7,5-7/7-6/0-0,void,1902311,100,2026-10-02 20:13 UTC,2026-10-03 06:22 UTC,highlight
2026-10-03,"Mouilleron-Le-Captif, France",,Hard,Clement Chidekh,Henry Bernet,winner,player_a,,0.7112,1.41,1.66,0.5643,14.7,6-2/6-4,1,1902528,100,2026-10-02 20:13 UTC,2026-10-03 20:05 UTC,strong+day+highlight+favourite
2026-10-03,"Porto 2, Portugal",,Clay,Henrique Rocha,Jerome Kym,winner,player_a,,0.5324,1.88,1.72,0.5438,-1.1,,1,1902489,97,2026-10-02 20:13 UTC,2026-10-03 20:05 UTC,favourite
2026-10-03,China Open,,Hard,Alexander Zverev,Juncheng Shang,total_games,over,17.5,0.7684,1.3,1.26,0.7558,1.3,6-0/6-3,0,1902080,100,2026-10-03 06:22 UTC,2026-10-03 20:05 UTC,strong
2026-10-03,China Open,,Hard,Belinda Bencic,Anastasia Zakharova,p1_games,over,11.5,0.9317,1.07,1.11,0.8439,8.8,6-1/7-6,1,1902034,100,2026-10-03 06:22 UTC,2026-10-03 10:13 UTC,strong+day
2026-10-03,China Open,,Hard,Belinda Bencic,Anastasia Zakharova,winner,player_a,,0.8816,1.13,1.22,0.7904,9.1,6-1/7-6,1,1902034,100,2026-10-03 06:22 UTC,2026-10-03 10:13 UTC,strong+favourite
2026-10-03,China Open,,Hard,Belinda Bencic,Anastasia Zakharova,p1_games,under,13.5,0.8209,1.22,1.28,0.7294,9.2,6-1/7-6,1,1902034,100,2026-10-03 06:22 UTC,2026-10-03 10:13 UTC,strong
2026-10-03,China Open,,Hard,Belinda Bencic,Anastasia Zakharova,total_games,under,22.5,0.7677,1.3,1.46,0.6532,11.5,6-1/7-6,1,1902034,100,2026-10-03 06:22 UTC,2026-10-03 10:13 UTC,strong
2026-10-03,China Open,,Hard,Belinda Bencic,Anastasia Zakharova,total_games,under,21.5,0.7296,1.37,1.58,0.603,12.7,6-1/7-6,1,1902034,100,2026-10-03 06:22 UTC,2026-10-03 10:13 UTC,strong
2026-10-03,China Open,,Hard,Belinda Bencic,Anastasia Zakharova,p2_games,under,6.5,0.5678,1.76,2.38,0.3929,17.5,6-1/7-6,0,1902034,100,2026-10-03 06:22 UTC,2026-10-03 10:13 UTC,highlight
2026-10-03,China Open,,Hard,Qinwen Zheng,Anna Kalinskaya,p1_games,under,13.5,0.7289,1.37,1.33,0.6998,2.9,6-7/6-4/3-0,void,1901967,100,2026-10-03 06:22 UTC,2026-10-03 20:05 UTC,strong+day
2026-10-03,China Open,,Hard,Qinwen Zheng,Anna Kalinskaya,winner,player_a,,0.5665,1.77,1.57,0.6123,-4.6,6-7/6-4/3-0,1,1901967,100,2026-10-03 06:22 UTC,2026-10-03 20:05 UTC,favourite
2026-10-03,China Open,,Hard,Xinran Sun,Cristina Bucsa,winner,player_b,,0.623,1.61,1.42,0.6751,-5.2,6-4/7-5,0,1902130,66,2026-10-03 06:22 UTC,2026-10-03 20:05 UTC,favourite
2026-10-03,China Open,,Hard,Marie Bouzkova,Kimberly Birrell,p1_games,under,13.5,0.7388,1.35,1.32,0.7112,2.8,6-4/6-4,1,1901972,100,2026-10-03 06:22 UTC,2026-10-03 20:05 UTC,strong+day
2026-10-03,China Open,,Hard,Marie Bouzkova,Kimberly Birrell,p1_games,over,11.5,0.7304,1.37,1.24,0.754,-2.4,6-4/6-4,1,1901972,100,2026-10-03 06:22 UTC,2026-10-03 20:05 UTC,strong
2026-10-03,China Open,,Hard,Marie Bouzkova,Kimberly Birrell,total_games,over,17.5,0.7166,1.4,1.28,0.7455,-2.9,6-4/6-4,1,1901972,100,2026-10-03 06:22 UTC,2026-10-03 20:05 UTC,strong
2026-10-03,China Open,,Hard,Marie Bouzkova,Kimberly Birrell,winner,player_a,,0.6157,1.62,1.46,0.6613,-4.6,6-4/6-4,1,1901972,100,2026-10-03 06:22 UTC,2026-10-03 20:05 UTC,favourite
2026-10-03,China Open,,Hard,Sonay Kartal,Xinyu Wang,winner,player_a,,0.6955,1.44,1.84,0.5221,17.3,6-3/6-2,1,1901966,78,2026-10-03 06:22 UTC,2026-10-03 20:05 UTC,favourite
2026-10-03,China Open,,Hard,Elena Rybakina,Alina Charaeva,winner,player_a,,0.9466,1.06,1.03,0.9315,1.5,6-3/4-6/3-6,0,1901969,94,2026-10-03 06:22 UTC,2026-10-03 20:05 UTC,favourite
2026-10-03,"Curitiba, Brazil",,Clay,Gustavo Heide,Pedro Boscardin Dias,winner,player_a,,0.7521,1.33,1.19,0.7832,-3.1,6-2/6-3,1,1902539,100,2026-10-03 06:22 UTC,2026-10-03 20:05 UTC,strong+day+favourite
2026-10-03,"Adana, Turkiye",,N/A,Antonia Ruzic,Leolia Jeanjean,winner,player_a,,0.5983,1.67,1.72,0.5438,5.5,6-4/1-6/3-6,0,1902538,88,2026-10-03 06:22 UTC,2026-10-03 20:05 UTC,highlight+favourite
2026-10-04,China Open,,Hard,Hubert Hurkacz,Karen Khachanov,p1_games,over,11.5,0.7979,1.25,1.41,0.6651,13.3,7-6/6-2,1,1902469,100,2026-10-03 06:22 UTC,2026-10-04 11:23 UTC,strong+day+highlight
2026-10-04,China Open,,Hard,Hubert Hurkacz,Karen Khachanov,p2_games,under,14.5,0.73,1.37,1.43,0.6538,7.6,7-6/6-2,1,1902469,100,2026-10-03 06:22 UTC,2026-10-04 11:23 UTC,strong
2026-10-04,China Open,,Hard,Hubert Hurkacz,Karen Khachanov,winner,player_a,,0.6248,1.6,2.22,0.4337,19.1,7-6/6-2,1,1902469,100,2026-10-03 06:22 UTC,2026-10-04 11:23 UTC,highlight+favourite
2026-10-04,Japan Open (Tokyo),,Hard,Jaume Munar,Kyrian Jacquet,p1_games,over,11.5,0.7557,1.32,1.27,0.7365,1.9,6-4/6-2,1,1902331,100,2026-10-03 06:22 UTC,2026-10-04 11:23 UTC,strong+day
2026-10-04,Japan Open (Tokyo),,Hard,Jaume Munar,Kyrian Jacquet,p2_games,under,13.5,0.7167,1.4,1.37,0.6829,3.4,6-4/6-2,1,1902331,100,2026-10-03 06:22 UTC,2026-10-04 11:23 UTC,strong
2026-10-04,Japan Open (Tokyo),,Hard,Jaume Munar,Kyrian Jacquet,winner,player_a,,0.6073,1.65,1.62,0.593,1.4,6-4/6-2,1,1902331,100,2026-10-03 06:22 UTC,2026-10-04 11:23 UTC,favourite
2026-10-04,Japan Open (Tokyo),,Hard,Valentin Vacherot,Arthur Fils,p2_games,over,11.5,0.8884,1.13,1.09,0.8545,3.4,7-5/4-6/6-4,1,1902406,100,2026-10-03 06:22 UTC,2026-10-04 11:23 UTC,strong+day
2026-10-04,Japan Open (Tokyo),,Hard,Valentin Vacherot,Arthur Fils,winner,player_b,,0.781,1.28,1.24,0.7762,0.5,7-5/4-6/6-4,0,1902406,100,2026-10-03 06:22 UTC,2026-10-04 11:23 UTC,strong+favourite
2026-10-04,China Open,,Hard,Ekaterina Alexandrova,Diana Shnaider,p2_games,under,13.5,0.7318,1.37,1.33,0.7031,2.9,3-6/6-4/6-3,1,1902314,100,2026-10-03 06:22 UTC,2026-10-04 11:23 UTC,strong+day
2026-10-04,China Open,,Hard,Ekaterina Alexandrova,Diana Shnaider,p2_games,over,11.5,0.7256,1.38,1.21,0.7721,-4.7,3-6/6-4/6-3,1,1902314,100,2026-10-03 06:22 UTC,2026-10-04 11:23 UTC,strong
2026-10-04,China Open,,Hard,Ekaterina Alexandrova,Diana Shnaider,winner,player_b,,0.6046,1.65,1.42,0.6787,-7.4,3-6/6-4/6-3,0,1902314,100,2026-10-03 06:22 UTC,2026-10-04 11:23 UTC,favourite
2026-10-04,China Open,,Hard,Nikola Bartunkova,Aryna Sabalenka,p2_games,over,11.5,0.9445,1.06,1.07,0.8737,7.1,6-4/6-3,0,1902463,100,2026-10-03 06:22 UTC,2026-10-04 11:23 UTC,strong+day
2026-10-04,China Open,,Hard,Nikola Bartunkova,Aryna Sabalenka,winner,player_b,,0.8999,1.11,1.16,0.8284,7.1,6-4/6-3,0,1902463,100,2026-10-03 06:22 UTC,2026-10-04 11:23 UTC,strong+favourite
2026-10-04,China Open,,Hard,Nikola Bartunkova,Aryna Sabalenka,p2_games,under,13.5,0.8304,1.2,1.27,0.7365,9.4,6-4/6-3,1,1902463,100,2026-10-03 06:22 UTC,2026-10-04 11:23 UTC,strong
2026-10-04,China Open,,Hard,Nikola Bartunkova,Aryna Sabalenka,p1_games,under,8.5,0.718,1.39,1.65,0.5669,15.1,6-4/6-3,0,1902463,100,2026-10-03 06:22 UTC,2026-10-04 11:23 UTC,strong
2026-10-04,China Open,,Hard,Nikola Bartunkova,Aryna Sabalenka,total_games,under,20.5,0.7078,1.41,1.65,0.5669,14.1,6-4/6-3,1,1902463,100,2026-10-03 06:22 UTC,2026-10-04 11:23 UTC,strong
2026-10-04,China Open,,Hard,Nikola Bartunkova,Aryna Sabalenka,p1_games,under,6.5,0.5871,1.7,2.26,0.413,17.4,6-4/6-3,0,1902463,100,2026-10-03 06:22 UTC,2026-10-04 11:23 UTC,highlight
2026-10-04,China Open,,Hard,Alex de Minaur,Andrey Rublev,p1_games,over,11.5,0.7631,1.31,1.29,0.7249,3.8,1-6/6-2/6-3,1,1902607,100,2026-10-03 10:13 UTC,2026-10-04 11:23 UTC,strong+day
2026-10-04,China Open,,Hard,Alex de Minaur,Andrey Rublev,p2_games,under,13.5,0.7105,1.41,1.44,0.6479,6.3,1-6/6-2/6-3,1,1902607,100,2026-10-03 10:13 UTC,2026-10-04 11:23 UTC,strong
2026-10-04,China Open,,Hard,Alex de Minaur,Andrey Rublev,winner,player_a,,0.6123,1.63,1.72,0.5601,5.2,1-6/6-2/6-3,1,1902607,100,2026-10-03 10:13 UTC,2026-10-04 11:23 UTC,highlight+favourite
2026-10-04,Japan Open (Tokyo),,Hard,Carlos Alcaraz,Denis Shapovalov,p1_games,over,11.5,0.9505,1.05,1.03,0.9066,4.4,7-6/2-1,void,1902603,100,2026-10-03 10:13 UTC,2026-10-04 11:23 UTC,strong+day
2026-10-04,Japan Open (Tokyo),,Hard,Carlos Alcaraz,Denis Shapovalov,winner,player_a,,0.8988,1.11,1.09,0.8801,1.9,7-6/2-1,1,1902603,100,2026-10-03 10:13 UTC,2026-10-04 11:23 UTC,strong+favourite
2026-10-04,Japan Open (Tokyo),,Hard,Carlos Alcaraz,Denis Shapovalov,p1_games,under,13.5,0.7839,1.28,1.27,0.7338,5.0,7-6/2-1,void,1902603,100,2026-10-03 10:13 UTC,2026-10-04 11:23 UTC,strong
2026-10-04,China Open,,Hard,Sinja Kraus,Dayana Yastremska,p2_games,under,13.5,0.7389,1.35,1.3,0.7174,2.2,6-1/6-4,1,1902299,100,2026-10-03 10:13 UTC,2026-10-04 11:23 UTC,strong+day
2026-10-04,China Open,,Hard,Sinja Kraus,Dayana Yastremska,p1_games,over,10.5,0.5951,1.68,2.02,0.4628,13.2,6-1/6-4,1,1902299,100,2026-10-03 10:13 UTC,2026-10-04 11:23 UTC,highlight
2026-10-04,China Open,,Hard,Sinja Kraus,Dayana Yastremska,winner,player_b,,0.5736,1.74,1.36,0.7082,-13.5,6-1/6-4,0,1902299,100,2026-10-03 10:13 UTC,2026-10-04 11:23 UTC,favourite
2026-10-04,China Open,,Hard,Polina Kudermetova,Mirra Andreeva,p2_games,over,11.5,0.9202,1.09,1.03,0.9066,1.4,4-6/1-6,1,1902330,100,2026-10-03 10:13 UTC,2026-10-04 11:23 UTC,strong+day
2026-10-04,China Open,,Hard,Polina Kudermetova,Mirra Andreeva,winner,player_b,,0.8663,1.15,1.08,0.8929,-2.7,4-6/1-6,1,1902330,100,2026-10-03 10:13 UTC,2026-10-04 11:23 UTC,strong+favourite
2026-10-04,China Open,,Hard,Polina Kudermetova,Mirra Andreeva,p2_games,under,13.5,0.8146,1.23,1.18,0.7923,2.2,4-6/1-6,1,1902330,100,2026-10-03 10:13 UTC,2026-10-04 11:23 UTC,strong
2026-10-04,China Open,,Hard,Daria Snigur,Taylah Preston,winner,player_b,,0.504,1.98,2.45,0.3921,11.2,6-1/6-0,0,1902316,94,2026-10-03 10:13 UTC,2026-10-04 11:23 UTC,favourite
2026-10-04,China Open,,Hard,Linda Noskova,Viktorija Golubic,p1_games,over,11.5,0.8344,1.2,1.07,0.8766,-4.2,6-2/6-1,1,1902306,100,2026-10-03 10:13 UTC,2026-10-04 11:23 UTC,strong+day
2026-10-04,China Open,,Hard,Linda Noskova,Viktorija Golubic,p1_games,under,13.5,0.7485,1.34,1.25,0.75,-0.1,6-2/6-1,1,1902306,100,2026-10-03 10:13 UTC,2026-10-04 11:23 UTC,strong
2026-10-04,China Open,,Hard,Linda Noskova,Viktorija Golubic,winner,player_a,,0.7417,1.35,1.15,0.8345,-9.3,6-2/6-1,1,1902306,100,2026-10-03 10:13 UTC,2026-10-04 11:23 UTC,strong+favourite
2026-10-04,China Open,,Hard,Linda Noskova,Viktorija Golubic,p2_games,over,7.5,0.5701,1.75,1.99,0.4693,10.1,6-2/6-1,0,1902306,100,2026-10-03 10:13 UTC,2026-10-04 11:23 UTC,highlight
2026-10-04,China Open,,Hard,Sara Bejlek,Naomi Osaka,winner,player_a,,0.5972,1.67,3.55,0.271,32.6,6-7/4-6,0,1902405,78,2026-10-03 10:13 UTC,2026-10-04 20:59 UTC,favourite
2026-10-04,"Jingshan, China",,Hard,Mattia Bellucci,Lloyd Harris,winner,player_b,,0.546,1.83,1.59,0.587,-4.1,6-1/3-6/6-7,1,1902608,100,2026-10-03 10:13 UTC,2026-10-04 11:23 UTC,favourite
2026-10-04,"Jingshan, China",,Hard,Jessica Bouzas Maneiro,Alexandra Shubladze,winner,player_a,,0.5532,1.81,1.62,0.577,-2.4,3-6/2-6,0,1902605,69,2026-10-03 10:13 UTC,2026-10-04 11:23 UTC,favourite
2026-10-04,China Open,,Hard,Daniil Medvedev,Francisco Cerundolo,p1_games,over,11.5,0.794,1.26,1.16,0.802,-0.8,7-6/6-3,1,1902689,100,2026-10-03 20:05 UTC,2026-10-04 11:23 UTC,strong+day
2026-10-04,China Open,,Hard,Daniil Medvedev,Francisco Cerundolo,winner,player_a,,0.6653,1.5,1.39,0.6904,-2.5,7-6/6-3,1,1902689,100,2026-10-03 20:05 UTC,2026-10-04 11:23 UTC,favourite
2026-10-04,China Open,,Hard,Alexander Zverev,Novak Djokovic,p2_games,over,10.5,0.7983,1.25,1.77,0.528,27.0,6-4/4-6/4-6,1,1902687,100,2026-10-03 20:05 UTC,2026-10-04 20:59 UTC,strong+day
2026-10-04,China Open,,Hard,Alexander Zverev,Novak Djokovic,p2_games,over,11.5,0.7781,1.29,1.89,0.4947,28.3,6-4/4-6/4-6,1,1902687,100,2026-10-03 20:05 UTC,2026-10-04 20:59 UTC,strong
2026-10-04,China Open,,Hard,Alexander Zverev,Novak Djokovic,winner,player_b,,0.6107,1.64,3.45,0.2782,33.2,6-4/4-6/4-6,1,1902687,100,2026-10-03 20:05 UTC,2026-10-04 20:59 UTC,favourite
2026-10-04,Japan Open (Tokyo),,Hard,Carlos Alcaraz,Denis Shapovalov,total_games,under,23.5,0.759,1.32,1.38,0.6885,7.1,7-6/2-1,void,1902603,100,2026-10-03 20:05 UTC,2026-10-04 11:23 UTC,strong
2026-10-04,Japan Open (Tokyo),,Hard,Carlos Alcaraz,Denis Shapovalov,total_games,under,22.5,0.7247,1.38,1.48,0.6459,7.9,7-6/2-1,void,1902603,100,2026-10-03 20:05 UTC,2026-10-04 11:23 UTC,strong
2026-10-04,Japan Open (Tokyo),,Hard,Valentin Vacherot,Arthur Fils,total_games,over,18.5,0.7337,1.36,1.27,0.7495,-1.6,7-5/4-6/6-4,1,1902406,100,2026-10-03 20:05 UTC,2026-10-04 11:23 UTC,strong
2026-10-04,Japan Open (Tokyo),,Hard,Jiri Lehecka,Adolfo Vallejo,p1_games,over,11.5,0.8806,1.14,1.17,0.8007,8.0,6-1/6-1,1,1902667,94,2026-10-03 20:05 UTC,2026-10-04 11:23 UTC,strong+day
2026-10-04,Japan Open (Tokyo),,Hard,Jiri Lehecka,Adolfo Vallejo,winner,player_a,,0.7805,1.28,1.39,0.6938,8.7,6-1/6-1,1,1902667,94,2026-10-03 20:05 UTC,2026-10-04 11:23 UTC,strong+favourite
2026-10-04,Japan Open (Tokyo),,Hard,Jiri Lehecka,Adolfo Vallejo,p1_games,under,13.5,0.7051,1.42,1.43,0.6538,5.1,6-1/6-1,1,1902667,94,2026-10-03 20:05 UTC,2026-10-04 11:23 UTC,strong
2026-10-04,Japan Open (Tokyo),,Hard,Jiri Lehecka,Adolfo Vallejo,p2_games,under,12.5,0.7023,1.42,1.51,0.6196,8.3,6-1/6-1,1,1902667,94,2026-10-03 20:05 UTC,2026-10-04 11:23 UTC,strong
2026-10-04,Japan Open (Tokyo),,Hard,Jiri Lehecka,Adolfo Vallejo,p2_games,under,10.5,0.5737,1.74,2.0,0.4667,10.7,6-1/6-1,1,1902667,94,2026-10-03 20:05 UTC,2026-10-04 11:23 UTC,highlight
2026-10-04,China Open,,Hard,Nikola Bartunkova,Aryna Sabalenka,total_games,under,22.5,0.7827,1.28,1.44,0.6604,12.2,6-4/6-3,1,1902463,100,2026-10-03 20:05 UTC,2026-10-04 11:23 UTC,strong
2026-10-04,China Open,,Hard,Nikola Bartunkova,Aryna Sabalenka,total_games,under,21.5,0.745,1.34,1.57,0.6065,13.9,6-4/6-3,1,1902463,100,2026-10-03 20:05 UTC,2026-10-04 11:23 UTC,strong
2026-10-04,China Open,,Hard,Sinja Kraus,Dayana Yastremska,total_games,over,17.5,0.7264,1.38,1.31,0.7277,-0.1,6-1/6-4,0,1902299,100,2026-10-03 20:05 UTC,2026-10-04 11:23 UTC,strong
2026-10-04,China Open,,Hard,Polina Kudermetova,Mirra Andreeva,total_games,over,14.5,0.8444,1.18,1.11,0.8597,-1.5,4-6/1-6,1,1902330,100,2026-10-03 20:05 UTC,2026-10-04 11:23 UTC,strong
2026-10-04,China Open,,Hard,Polina Kudermetova,Mirra Andreeva,total_games,over,15.5,0.7394,1.35,1.24,0.7678,-2.8,4-6/1-6,1,1902330,100,2026-10-03 20:05 UTC,2026-10-04 11:23 UTC,strong
2026-10-04,China Open,,Hard,Linda Noskova,Viktorija Golubic,total_games,over,16.5,0.7814,1.28,1.29,0.7389,4.3,6-2/6-1,0,1902306,100,2026-10-03 20:05 UTC,2026-10-04 11:23 UTC,strong
2026-10-04,China Open,,Hard,Linda Noskova,Viktorija Golubic,p2_games,over,5.5,0.7228,1.38,1.48,0.6328,9.0,6-2/6-1,0,1902306,100,2026-10-03 20:05 UTC,2026-10-04 11:23 UTC,strong
2026-10-04,China Open,,Hard,Karolina Muchova,Liudmila Samsonova,p1_games,over,11.5,0.8854,1.13,1.12,0.8333,5.2,4-6/6-4/6-2,1,1902324,100,2026-10-03 20:05 UTC,2026-10-04 20:59 UTC,strong+day
2026-10-04,China Open,,Hard,Karolina Muchova,Liudmila Samsonova,winner,player_a,,0.8097,1.23,1.26,0.7605,4.9,4-6/6-4/6-2,1,1902324,100,2026-10-03 20:05 UTC,2026-10-04 20:59 UTC,strong+favourite
2026-10-04,China Open,,Hard,Karolina Muchova,Liudmila Samsonova,p1_games,under,13.5,0.7697,1.3,1.33,0.6998,7.0,4-6/6-4/6-2,0,1902324,100,2026-10-03 20:05 UTC,2026-10-04 20:59 UTC,strong
2026-10-04,China Open,,Hard,Karolina Muchova,Liudmila Samsonova,p2_games,under,8.5,0.5699,1.75,2.0,0.4681,10.2,4-6/6-4/6-2,0,1902324,100,2026-10-03 20:05 UTC,2026-10-04 20:59 UTC,highlight
2026-10-04,"Mouilleron-Le-Captif, France",,Hard,Sascha Gueymard-Wayenburg,Clement Chidekh,winner,player_b,,0.5564,1.8,1.66,0.5643,-0.8,2-6/0-6,1,1902697,100,2026-10-03 20:05 UTC,2026-10-04 20:59 UTC,favourite
2026-10-04,China Open,,Hard,Karolina Muchova,Liudmila Samsonova,total_games,under,23.5,0.721,1.39,1.46,0.6532,6.8,4-6/6-4/6-2,0,1902324,100,2026-10-04 11:23 UTC,2026-10-04 20:59 UTC,strong
2026-10-04,"Columbus, USA",,Hard,Dylan Dietrich,Abedallah Shelbayh,winner,player_a,,0.5962,1.68,1.4,0.6667,-7.0,6-3/6-2,1,1902719,100,2026-10-04 11:23 UTC,2026-10-04 20:59 UTC,favourite
2026-10-04,"Curitiba, Brazil",,Clay,Gustavo Heide,Guido Justo,winner,player_a,,0.7155,1.4,1.26,0.7434,-2.8,1-6/4-6,0,1902720,94,2026-10-04 11:23 UTC,2026-10-04 20:59 UTC,strong+day+favourite
2026-10-04,"Adana, Turkiye",,N/A,Leolia Jeanjean,Lois Boisson,winner,player_b,,0.6052,1.65,1.45,0.6463,-4.1,7-6/4-6/6-4,0,1902716,88,2026-10-04 11:23 UTC,2026-10-04 20:59 UTC,day+favourite
2026-10-05,China Open,,Hard,Alex de Minaur,Hubert Hurkacz,p1_games,over,11.5,0.7682,1.3,1.27,0.7365,3.2,6-4/3-2,void,1902858,100,2026-10-04 11:23 UTC,2026-10-05 16:17 UTC,strong+day
2026-10-05,China Open,,Hard,Alex de Minaur,Hubert Hurkacz,winner,player_a,,0.6068,1.65,1.65,0.5823,2.4,6-4/3-2,1,1902858,100,2026-10-04 11:23 UTC,2026-10-05 16:17 UTC,favourite+highlight
2026-10-05,Japan Open (Tokyo),,Hard,Carlos Alcaraz,Jaume Munar,p1_games,over,11.5,0.9545,1.05,1.03,0.9066,4.8,5-7/6-3/6-1,1,1902782,100,2026-10-04 11:23 UTC,2026-10-05 10:17 UTC,strong+day
2026-10-05,Japan Open (Tokyo),,Hard,Carlos Alcaraz,Jaume Munar,winner,player_a,,0.908,1.1,1.1,0.8736,3.4,5-7/6-3/6-1,1,1902782,100,2026-10-04 11:23 UTC,2026-10-05 10:17 UTC,strong+favourite
2026-10-05,Japan Open (Tokyo),,Hard,Carlos Alcaraz,Jaume Munar,p1_games,under,13.5,0.7975,1.25,1.25,0.7475,5.0,5-7/6-3/6-1,0,1902782,100,2026-10-04 11:23 UTC,2026-10-05 10:17 UTC,strong
2026-10-05,China Open,,Hard,Donna Vekic,Iga Swiatek,p2_games,over,11.5,0.9453,1.06,1.03,0.9066,3.9,6-4/6-7/2-6,1,1902606,100,2026-10-04 11:23 UTC,2026-10-05 06:23 UTC,strong+day
2026-10-05,China Open,,Hard,Donna Vekic,Iga Swiatek,winner,player_b,,0.9028,1.11,1.08,0.8907,1.2,6-4/6-7/2-6,1,1902606,100,2026-10-04 11:23 UTC,2026-10-05 06:23 UTC,strong+favourite
2026-10-05,China Open,,Hard,Donna Vekic,Iga Swiatek,p2_games,under,13.5,0.8356,1.2,1.19,0.7871,4.8,6-4/6-7/2-6,0,1902606,100,2026-10-04 11:23 UTC,2026-10-05 06:23 UTC,strong
2026-10-05,China Open,,Hard,Iva Jovic,Kamilla Rakhimova,p1_games,over,11.5,0.8488,1.18,1.12,0.8382,1.1,6-1/7-5,1,1902668,100,2026-10-04 11:23 UTC,2026-10-05 10:17 UTC,strong+day
2026-10-05,China Open,,Hard,Iva Jovic,Kamilla Rakhimova,winner,player_a,,0.7683,1.3,1.24,0.7762,-0.8,6-1/7-5,1,1902668,100,2026-10-04 11:23 UTC,2026-10-05 10:17 UTC,strong+favourite
2026-10-05,China Open,,Hard,Iva Jovic,Kamilla Rakhimova,p1_games,under,13.5,0.7681,1.3,1.28,0.7322,3.6,6-1/7-5,1,1902668,100,2026-10-04 11:23 UTC,2026-10-05 10:17 UTC,strong
2026-10-05,China Open,,Hard,Marie Bouzkova,Qinwen Zheng,p2_games,over,11.5,0.7473,1.34,1.4,0.6667,8.1,6-7/6-4/5-7,1,1902688,100,2026-10-04 11:23 UTC,2026-10-05 10:17 UTC,strong+day
2026-10-05,China Open,,Hard,Marie Bouzkova,Qinwen Zheng,p2_games,under,13.5,0.735,1.36,1.31,0.7127,2.2,6-7/6-4/5-7,0,1902688,100,2026-10-04 11:23 UTC,2026-10-05 10:17 UTC,strong
2026-10-05,China Open,,Hard,Marie Bouzkova,Qinwen Zheng,winner,player_b,,0.6325,1.58,1.76,0.5452,8.7,6-7/6-4/5-7,1,1902688,100,2026-10-04 11:23 UTC,2026-10-05 10:17 UTC,highlight+favourite
2026-10-05,China Open,,Hard,Alina Charaeva,Sonay Kartal,winner,player_b,,0.7216,1.39,1.55,0.6173,10.4,6-4/6-1,0,1902695,94,2026-10-04 11:23 UTC,2026-10-05 10:17 UTC,favourite
2026-10-05,China Open,,Hard,Belinda Bencic,Ann Li,p1_games,over,11.5,0.868,1.15,1.2,0.7778,9.0,4-6/3-6,0,1902612,100,2026-10-04 11:23 UTC,2026-10-05 10:17 UTC,strong+day
2026-10-05,China Open,,Hard,Belinda Bencic,Ann Li,winner,player_a,,0.7884,1.27,1.4,0.6854,10.3,4-6/3-6,0,1902612,100,2026-10-04 11:23 UTC,2026-10-05 10:17 UTC,strong+favourite
2026-10-05,China Open,,Hard,Belinda Bencic,Ann Li,p1_games,under,13.5,0.7656,1.31,1.33,0.6998,6.6,4-6/3-6,1,1902612,100,2026-10-04 11:23 UTC,2026-10-05 10:17 UTC,strong
2026-10-05,China Open,,Hard,Belinda Bencic,Ann Li,p2_games,under,9.5,0.5948,1.68,2.04,0.4574,13.7,4-6/3-6,0,1902612,100,2026-10-04 11:23 UTC,2026-10-05 10:17 UTC,highlight
2026-10-05,China Open,,Hard,Jelena Ostapenko,Elise Mertens,winner,player_b,,0.754,1.33,1.57,0.6133,14.1,2-6/6-3/3-6,1,1902604,69,2026-10-04 11:23 UTC,2026-10-05 16:17 UTC,favourite
2026-10-05,China Open,,Hard,Maria Sakkari,Elina Svitolina,p2_games,over,11.5,0.8533,1.17,1.15,0.813,4.0,4-6/5-7,1,1902610,100,2026-10-04 11:23 UTC,2026-10-05 16:17 UTC,strong+day
2026-10-05,China Open,,Hard,Maria Sakkari,Elina Svitolina,winner,player_b,,0.7708,1.3,1.3,0.74,3.1,4-6/5-7,1,1902610,100,2026-10-04 11:23 UTC,2026-10-05 16:17 UTC,strong+favourite
2026-10-05,China Open,,Hard,Maria Sakkari,Elina Svitolina,p2_games,under,13.5,0.7636,1.31,1.3,0.7204,4.3,4-6/5-7,1,1902610,100,2026-10-04 11:23 UTC,2026-10-05 16:17 UTC,strong
2026-10-05,China Open,,Hard,Coco Gauff,Xinran Sun,winner,player_a,,0.9255,1.08,1.04,0.9259,-0.0,7-5/6-1,1,1902669,66,2026-10-04 11:23 UTC,2026-10-05 16:17 UTC,favourite
2026-10-05,"Braga, Portugal",,Clay,Dali Blanch,Max Alcala Gurri,winner,player_b,,0.6231,1.6,1.32,0.708,-8.5,1-6/2-6,1,1902820,100,2026-10-04 11:23 UTC,2026-10-07 16:18 UTC,day+favourite
2026-10-05,"Braga, Portugal",,Clay,Duje Ajdukovic,Filip Jianu,winner,player_a,,0.5688,1.76,1.57,0.5954,-2.7,6-2/6-2,1,1902827,94,2026-10-04 11:23 UTC,2026-10-05 16:17 UTC,favourite
2026-10-05,"Braga, Portugal",,Clay,Florian Broska,Lukas Neumayer,winner,player_b,,0.7845,1.27,1.41,0.6611,12.3,6-4/3-6/2-6,1,1902819,100,2026-10-04 11:23 UTC,2026-10-07 20:15 UTC,strong+day+highlight+favourite
2026-10-05,"Braga, Portugal",,Clay,Matej Dodig,Andrea Pellegrino,winner,player_b,,0.501,2.0,2.07,0.4509,5.0,6-3/3-6/6-1,0,1902826,100,2026-10-04 11:23 UTC,2026-10-07 16:18 UTC,favourite
2026-10-05,"Villena, Spain",,Hard,Felix Balshaw,Joel Schwaerzler,winner,player_a,,0.5764,1.73,1.58,0.5907,-1.4,7-6/3-6/5-7,0,1902813,100,2026-10-04 11:23 UTC,2026-10-06 16:17 UTC,favourite+highlight
2026-10-05,"Suzhou, China",,Hard,Alevtina Ibragimova,Rebecca Sramkova,winner,player_b,,0.5022,1.99,1.74,0.5372,-3.5,2-6/3-6,1,1902838,91,2026-10-04 11:23 UTC,2026-10-05 06:23 UTC,favourite
2026-10-05,"Suzhou, China",,Hard,Ruien Zhang,Tatiana Prozorova,winner,player_b,,0.7435,1.35,1.05,0.8912,-14.8,4-6/6-3/2-6,1,1902839,78,2026-10-04 11:23 UTC,2026-10-05 10:17 UTC,favourite
2026-10-05,"Suzhou, China",,Hard,Elsa Jacquemot,Claire Liu,winner,player_b,,0.578,1.73,1.58,0.5907,-1.3,1-6/1-6,1,1902840,100,2026-10-04 11:23 UTC,2026-10-05 10:17 UTC,favourite
2026-10-05,"Suzhou, China",,Hard,Sofia Costoulas,Darya Astakhova,winner,player_b,,0.6197,1.61,2.02,0.4628,15.7,3-6/0-0,1,1902841,78,2026-10-04 11:23 UTC,2026-10-05 10:17 UTC,favourite
2026-10-05,China Open,,Hard,Alex de Minaur,Hubert Hurkacz,total_games,over,19.5,0.7129,1.4,1.29,0.7389,-2.6,6-4/3-2,void,1902858,100,2026-10-04 20:59 UTC,2026-10-05 16:17 UTC,strong
2026-10-05,China Open,,Hard,Novak Djokovic,Daniil Medvedev,p1_games,over,11.5,0.8342,1.2,1.51,0.6177,21.7,,,1902937,100,2026-10-04 20:59 UTC,,strong+day+highlight
2026-10-05,China Open,,Hard,Novak Djokovic,Daniil Medvedev,p2_games,under,13.5,0.7462,1.34,1.49,0.6266,12.0,,,1902937,100,2026-10-04 20:59 UTC,,strong
2026-10-05,China Open,,Hard,Novak Djokovic,Daniil Medvedev,winner,player_a,,0.7082,1.41,2.32,0.4141,29.4,,,1902937,100,2026-10-04 20:59 UTC,,strong+favourite
2026-10-05,China Open,,Hard,Novak Djokovic,Daniil Medvedev,p2_games,under,12.5,0.6394,1.56,2.05,0.4562,18.3,,,1902937,100,2026-10-04 20:59 UTC,,highlight
2026-10-05,Japan Open (Tokyo),,Hard,Carlos Alcaraz,Jaume Munar,total_games,under,22.5,0.7443,1.34,1.42,0.6713,7.3,5-7/6-3/6-1,0,1902782,100,2026-10-04 20:59 UTC,2026-10-05 10:17 UTC,strong
2026-10-05,Japan Open (Tokyo),,Hard,Carlos Alcaraz,Jaume Munar,total_games,over,16.5,0.7248,1.38,1.19,0.8013,-7.7,5-7/6-3/6-1,1,1902782,100,2026-10-04 20:59 UTC,2026-10-05 10:17 UTC,strong
2026-10-05,Japan Open (Tokyo),,Hard,Carlos Alcaraz,Jaume Munar,total_games,under,19.5,0.5793,1.73,1.99,0.4791,10.0,5-7/6-3/6-1,0,1902782,100,2026-10-04 20:59 UTC,2026-10-05 10:17 UTC,highlight
2026-10-05,Japan Open (Tokyo),,Hard,Jiri Lehecka,Valentin Vacherot,p1_games,over,11.5,0.7751,1.29,1.21,0.7721,0.3,6-4/6-2,1,1902903,100,2026-10-04 20:59 UTC,2026-10-05 16:17 UTC,strong+day
2026-10-05,Japan Open (Tokyo),,Hard,Jiri Lehecka,Valentin Vacherot,winner,player_a,,0.6038,1.66,1.53,0.6295,-2.6,6-4/6-2,1,1902903,100,2026-10-04 20:59 UTC,2026-10-05 16:17 UTC,favourite
2026-10-05,China Open,,Hard,Donna Vekic,Iga Swiatek,total_games,under,21.5,0.7546,1.33,1.38,0.6885,6.6,6-4/6-7/2-6,0,1902606,100,2026-10-04 20:59 UTC,2026-10-05 06:23 UTC,strong
2026-10-05,China Open,,Hard,Donna Vekic,Iga Swiatek,total_games,under,20.5,0.7191,1.39,1.47,0.6475,7.2,6-4/6-7/2-6,0,1902606,100,2026-10-04 20:59 UTC,2026-10-05 06:23 UTC,strong
2026-10-05,China Open,,Hard,Donna Vekic,Iga Swiatek,total_games,over,15.5,0.7131,1.4,1.19,0.8013,-8.8,6-4/6-7/2-6,1,1902606,100,2026-10-04 20:59 UTC,2026-10-05 06:23 UTC,strong
2026-10-05,China Open,,Hard,Donna Vekic,Iga Swiatek,p1_games,under,6.5,0.6039,1.66,1.87,0.4987,10.5,6-4/6-7/2-6,0,1902606,100,2026-10-04 20:59 UTC,2026-10-05 06:23 UTC,highlight
2026-10-05,China Open,,Hard,Iva Jovic,Kamilla Rakhimova,total_games,over,16.5,0.7287,1.37,1.23,0.7776,-4.9,6-1/7-5,1,1902668,100,2026-10-04 20:59 UTC,2026-10-05 10:17 UTC,strong
2026-10-05,China Open,,Hard,Belinda Bencic,Ann Li,total_games,under,23.5,0.711,1.41,1.5,0.6341,7.7,4-6/3-6,1,1902612,100,2026-10-04 20:59 UTC,2026-10-05 10:17 UTC,strong
2026-10-05,China Open,,Hard,Maria Sakkari,Elina Svitolina,total_games,under,23.5,0.7044,1.42,1.46,0.6532,5.1,4-6/5-7,1,1902610,100,2026-10-04 20:59 UTC,2026-10-05 16:17 UTC,strong
2026-10-05,"Antofagasta, Chile",,Clay,Genaro Alberto Olivieri,Valerio Aboian,winner,player_a,,0.5533,1.81,1.54,0.6081,-5.5,6-1/6-4,1,1902837,100,2026-10-04 20:59 UTC,2026-10-06 06:19 UTC,favourite
2026-10-05,"Antofagasta, Chile",,Clay,Gonzalo Villanueva,Nick Hardt,winner,player_a,,0.5828,1.72,1.87,0.5,8.3,5-7/6-3/5-7,0,1902831,100,2026-10-04 20:59 UTC,2026-10-06 06:19 UTC,highlight+favourite
2026-10-05,"Antofagasta, Chile",,Clay,Murkel Dellien,Juan Estevez,winner,player_b,,0.5758,1.74,1.72,0.5426,3.3,6-2/6-0,0,1902830,69,2026-10-04 20:59 UTC,2026-10-06 06:19 UTC,favourite
2026-10-05,"Braga, Portugal",,Clay,Goncalo Marques,Nikolas Sanchez Izquierdo,winner,player_b,,0.8111,1.23,1.09,0.8583,-4.7,3-6/4-6,1,1902825,78,2026-10-04 20:59 UTC,2026-10-05 16:17 UTC,favourite
2026-10-05,"Braga, Portugal",,Clay,Zsombor Piros,Tristan Boyer,winner,player_a,,0.6695,1.49,1.5,0.6241,4.5,6-2/5-7/6-4,1,1902817,100,2026-10-04 20:59 UTC,2026-10-05 16:17 UTC,day+favourite+highlight
2026-10-05,"Braga, Portugal",,Clay,Vilius Gaubas,Joao Domingues,winner,player_a,,0.7736,1.29,1.11,0.8394,-6.6,6-1/7-5,1,1902822,100,2026-10-04 20:59 UTC,2026-10-06 06:19 UTC,strong+day+favourite
2026-10-05,"Villena, Spain",,Hard,Daniel Rincon,Alejo Sanchez Quilez,winner,player_a,,0.5935,1.68,1.58,0.5907,0.3,6-2/6-4,1,1902809,100,2026-10-04 20:59 UTC,2026-10-05 16:17 UTC,favourite
2026-10-05,"Villena, Spain",,Hard,Dino Prizmic,Jack Pinnington Jones,winner,player_a,,0.7437,1.34,1.25,0.7475,-0.4,,,1902807,100,2026-10-04 20:59 UTC,,strong+day+favourite
2026-10-05,"Villena, Spain",,Hard,Moez Echargui,Raul Brancaccio,winner,player_a,,0.5027,1.99,1.43,0.6538,-15.1,7-5/6-4,1,1902814,100,2026-10-04 20:59 UTC,2026-10-05 16:17 UTC,favourite
2026-10-05,"Suzhou, China",,Hard,Elvina Kalieva,Yexin Ma,winner,player_b,,0.6482,1.54,2.11,0.4418,20.6,6-3/6-4,0,1902844,88,2026-10-04 20:59 UTC,2026-10-05 10:17 UTC,favourite
2026-10-05,"Suzhou, China",,Hard,Xinxin Yao,Aliaksandra Sasnovich,winner,player_b,,0.7077,1.41,1.11,0.8439,-13.6,5-7/1-6,1,1902853,81,2026-10-04 20:59 UTC,2026-10-05 10:17 UTC,favourite
2026-10-05,Japan Open (Tokyo),,Hard,Jiri Lehecka,Valentin Vacherot,total_games,over,19.5,0.7443,1.34,1.26,0.7582,-1.4,6-4/6-2,0,1902903,100,2026-10-05 06:23 UTC,2026-10-05 16:17 UTC,strong
2026-10-05,"Antofagasta, Chile",,Clay,Gonzalo Villanueva,Nick Hardt,p2_games,under,12.5,0.612,1.63,1.65,0.56,5.2,5-7/6-3/5-7,0,1902831,100,2026-10-05 06:23 UTC,2026-10-06 06:19 UTC,day
2026-10-05,"Braga, Portugal",,Clay,Thiago Monteiro,Elmer Moller,winner,player_a,,0.5254,1.9,1.79,0.5227,0.3,6-7/7-5/4-6,0,1902823,100,2026-10-05 06:23 UTC,2026-10-06 06:19 UTC,favourite
2026-10-06,China Open,,Hard,Daria Snigur,Mirra Andreeva,p2_games,over,11.5,0.8419,1.19,1.08,0.8696,-2.8,2-6/2-6,1,1902790,100,2026-10-05 06:23 UTC,2026-10-06 06:19 UTC,strong+day
2026-10-06,China Open,,Hard,Daria Snigur,Mirra Andreeva,p2_games,under,13.5,0.765,1.31,1.24,0.7564,0.9,2-6/2-6,1,1902790,100,2026-10-05 06:23 UTC,2026-10-06 06:19 UTC,strong
2026-10-06,China Open,,Hard,Daria Snigur,Mirra Andreeva,winner,player_b,,0.7596,1.32,1.16,0.8284,-6.9,2-6/2-6,1,1902790,100,2026-10-05 06:23 UTC,2026-10-06 06:19 UTC,strong+favourite
2026-10-06,China Open,,Hard,Karolina Muchova,Naomi Osaka,winner,player_a,,0.7864,1.27,1.68,0.5725,21.4,7-5/1-6/7-6,1,1902948,78,2026-10-05 06:23 UTC,2026-10-06 10:15 UTC,favourite
2026-10-06,China Open,,Hard,Linda Noskova,Ekaterina Alexandrova,p1_games,over,11.5,0.749,1.34,1.16,0.8086,-6.0,2-6/2-6,0,1902783,100,2026-10-05 06:23 UTC,2026-10-06 06:19 UTC,strong+day
2026-10-06,China Open,,Hard,Linda Noskova,Ekaterina Alexandrova,p1_games,under,13.5,0.7197,1.39,1.32,0.708,1.2,2-6/2-6,1,1902783,100,2026-10-05 06:23 UTC,2026-10-06 06:19 UTC,strong
2026-10-06,China Open,,Hard,Linda Noskova,Ekaterina Alexandrova,p2_games,over,10.5,0.5613,1.78,2.06,0.4536,10.8,2-6/2-6,1,1902783,100,2026-10-05 06:23 UTC,2026-10-06 06:19 UTC,highlight
2026-10-06,China Open,,Hard,Linda Noskova,Ekaterina Alexandrova,winner,player_a,,0.625,1.6,1.32,0.729,-10.4,2-6/2-6,0,1902783,100,2026-10-05 06:23 UTC,2026-10-06 06:19 UTC,favourite
2026-10-06,China Open,,Hard,Sinja Kraus,Nikola Bartunkova,p2_games,over,11.5,0.7994,1.25,1.09,0.8583,-5.9,0-6/6-4/3-6,1,1902780,100,2026-10-05 06:23 UTC,2026-10-06 16:17 UTC,strong+day
2026-10-06,China Open,,Hard,Sinja Kraus,Nikola Bartunkova,p2_games,under,13.5,0.7455,1.34,1.25,0.75,-0.5,0-6/6-4/3-6,0,1902780,100,2026-10-05 06:23 UTC,2026-10-06 16:17 UTC,strong
2026-10-06,China Open,,Hard,Sinja Kraus,Nikola Bartunkova,winner,player_b,,0.7006,1.43,1.18,0.815,-11.4,0-6/6-4/3-6,1,1902780,100,2026-10-05 06:23 UTC,2026-10-06 16:17 UTC,strong+favourite
2026-10-06,China Open,,Hard,Sinja Kraus,Nikola Bartunkova,p1_games,over,7.5,0.6033,1.66,1.94,0.4827,12.1,0-6/6-4/3-6,1,1902780,100,2026-10-05 06:23 UTC,2026-10-06 16:17 UTC,highlight
2026-10-06,"Antofagasta, Chile",,Clay,Alex Barrena,Matheus Pucinelli de Almeida,winner,player_a,,0.5437,1.84,2.05,0.4562,8.8,5-7/3-6,0,1902833,100,2026-10-05 06:23 UTC,2026-10-06 20:15 UTC,favourite
2026-10-06,"Suzhou, China",,Hard,Emerson Jones,Mai Hontama,winner,player_a,,0.5338,1.87,1.59,0.5881,-5.4,6-4/6-0,1,1902856,94,2026-10-05 06:23 UTC,2026-10-06 10:15 UTC,favourite
2026-10-06,"Suzhou, China",,Hard,Hanyu Guo,Aliona Falei,winner,player_b,,0.7022,1.42,1.6,0.5833,11.9,6-7/6-4/5-7,1,1902846,91,2026-10-05 06:23 UTC,2026-10-06 06:19 UTC,favourite
2026-10-06,"Suzhou, China",,Hard,Mananchaya Sawangkaew,Linda Fruhvirtova,winner,player_a,,0.649,1.54,1.58,0.5917,5.7,2-6/0-2,0,1902850,94,2026-10-05 06:23 UTC,2026-10-06 06:19 UTC,day+highlight+favourite
2026-10-06,"Suzhou, China",,Hard,Moyuka Uchijima,Zhuoxuan Bai,winner,player_a,,0.5033,1.99,1.74,0.536,-3.3,6-4/3-6/3-6,0,1902857,94,2026-10-05 06:23 UTC,2026-10-06 06:19 UTC,favourite
2026-10-06,"Suzhou, China",,Hard,Yulia Putintseva,Yushan Shao,winner,player_a,,0.7468,1.34,1.03,0.9066,-16.0,,,1902851,66,2026-10-05 06:23 UTC,,favourite
2026-10-05,"Antofagasta, Chile",,Clay,Genaro Alberto Olivieri,Valerio Aboian,p2_games,over,11.5,0.6035,1.66,1.71,0.5416,6.2,6-1/6-4,0,1902837,100,2026-10-05 10:17 UTC,2026-10-06 06:19 UTC,day
2026-10-05,"Villena, Spain",,Hard,Pablo Llamas Ruiz,Luca Nardi,p2_games,over,11.5,0.7012,1.43,1.71,0.5416,16.0,6-1/7-6,0,1902811,100,2026-10-05 10:17 UTC,2026-10-06 06:19 UTC,strong+day+highlight
2026-10-05,"Villena, Spain",,Hard,Pablo Llamas Ruiz,Luca Nardi,winner,player_b,,0.5402,1.85,2.35,0.3974,14.3,6-1/7-6,0,1902811,100,2026-10-05 10:17 UTC,2026-10-06 06:19 UTC,favourite
2026-10-05,"Palermo, Italy",,Clay,Jonas Forejtek,Sandro Kopp,winner,player_a,,0.568,1.76,1.58,0.5928,-2.5,7-5/6-4,1,1903393,100,2026-10-05 16:17 UTC,2026-10-06 06:19 UTC,favourite
2026-10-06,"Shanghai Rolex Masters, Qualification",Q,Hard,Aziz Dougaz,Federico Cina,total_games,over,18.5,0.7923,1.26,1.29,0.7389,5.3,3-6/6-4/4-6,1,1903304,100,2026-10-05 16:17 UTC,2026-10-06 10:15 UTC,strong+day
2026-10-06,"Shanghai Rolex Masters, Qualification",Q,Hard,Aziz Dougaz,Federico Cina,p2_games,over,11.5,0.768,1.3,1.16,0.8054,-3.7,3-6/6-4/4-6,1,1903304,100,2026-10-05 16:17 UTC,2026-10-06 10:15 UTC,strong
2026-10-06,"Shanghai Rolex Masters, Qualification",Q,Hard,Aziz Dougaz,Federico Cina,total_games,over,19.5,0.7074,1.41,1.45,0.6588,4.9,3-6/6-4/4-6,1,1903304,100,2026-10-05 16:17 UTC,2026-10-06 10:15 UTC,strong
2026-10-06,"Shanghai Rolex Masters, Qualification",Q,Hard,Aziz Dougaz,Federico Cina,winner,player_b,,0.608,1.64,1.38,0.6987,-9.1,3-6/6-4/4-6,1,1903304,100,2026-10-05 16:17 UTC,2026-10-06 10:15 UTC,favourite
2026-10-06,"Shanghai Rolex Masters, Qualification",Q,Hard,Bernard Tomic,Timofey Skatov,p1_games,over,11.5,0.7493,1.33,1.32,0.708,4.1,7-5/6-4,1,1903305,100,2026-10-05 16:17 UTC,2026-10-06 06:19 UTC,strong+day
2026-10-06,"Shanghai Rolex Masters, Qualification",Q,Hard,Bernard Tomic,Timofey Skatov,winner,player_a,,0.5906,1.69,1.75,0.5501,4.0,7-5/6-4,1,1903305,100,2026-10-05 16:17 UTC,2026-10-06 06:19 UTC,favourite
2026-10-06,"Shanghai Rolex Masters, Qualification",Q,Hard,Liam Draxl,Nikoloz Basilashvili,p2_games,over,11.5,0.7188,1.39,1.3,0.7204,-0.2,7-5/5-7/4-6,1,1903303,100,2026-10-05 16:17 UTC,2026-10-06 10:15 UTC,strong+day
2026-10-06,"Shanghai Rolex Masters, Qualification",Q,Hard,Liam Draxl,Nikoloz Basilashvili,winner,player_b,,0.557,1.8,1.7,0.5652,-0.8,7-5/5-7/4-6,1,1903303,100,2026-10-05 16:17 UTC,2026-10-06 10:15 UTC,favourite
2026-10-06,"Shanghai Rolex Masters, Qualification",Q,Hard,Roman Safiullin,Shintaro Mochizuki,p1_games,over,11.5,0.8797,1.14,1.07,0.8706,0.9,6-2/6-3,1,1903302,100,2026-10-05 16:17 UTC,2026-10-06 06:19 UTC,strong+day
2026-10-06,"Shanghai Rolex Masters, Qualification",Q,Hard,Roman Safiullin,Shintaro Mochizuki,winner,player_a,,0.7876,1.27,1.19,0.8078,-2.0,6-2/6-3,1,1903302,100,2026-10-05 16:17 UTC,2026-10-06 06:19 UTC,strong+favourite
2026-10-06,"Shanghai Rolex Masters, Qualification",Q,Hard,Roman Safiullin,Shintaro Mochizuki,total_games,over,17.5,0.7277,1.37,1.28,0.743,-1.5,6-2/6-3,0,1903302,100,2026-10-05 16:17 UTC,2026-10-06 06:19 UTC,strong
2026-10-06,"Shanghai Rolex Masters, Qualification",Q,Hard,Roman Safiullin,Shintaro Mochizuki,p1_games,under,13.5,0.7231,1.38,1.31,0.7127,1.0,6-2/6-3,1,1903302,100,2026-10-05 16:17 UTC,2026-10-06 06:19 UTC,strong
2026-10-06,"Shanghai Rolex Masters, Qualification",Q,Hard,Kyrian Jacquet,Rei Sakamoto,p1_games,over,11.5,0.7925,1.26,1.33,0.7031,8.9,6-7/6-4/6-7,1,1903308,100,2026-10-05 16:17 UTC,2026-10-06 10:15 UTC,strong+day
2026-10-06,"Shanghai Rolex Masters, Qualification",Q,Hard,Kyrian Jacquet,Rei Sakamoto,p2_games,under,13.5,0.7069,1.41,1.45,0.642,6.5,6-7/6-4/6-7,0,1903308,100,2026-10-05 16:17 UTC,2026-10-06 10:15 UTC,strong
2026-10-06,"Shanghai Rolex Masters, Qualification",Q,Hard,Kyrian Jacquet,Rei Sakamoto,winner,player_a,,0.643,1.56,1.81,0.5323,11.1,6-7/6-4/6-7,0,1903308,100,2026-10-05 16:17 UTC,2026-10-06 10:15 UTC,highlight+favourite
2026-10-06,"Shanghai Rolex Masters, Qualification",Q,Hard,Michael Zheng,Nicolas Mejia,p1_games,over,11.5,0.8137,1.23,1.08,0.8629,-4.9,3-6/4-6,0,1903306,100,2026-10-05 16:17 UTC,2026-10-06 10:15 UTC,strong+day
2026-10-06,"Shanghai Rolex Masters, Qualification",Q,Hard,Michael Zheng,Nicolas Mejia,p2_games,over,7.5,0.7003,1.43,1.57,0.5943,10.6,3-6/4-6,1,1903306,100,2026-10-05 16:17 UTC,2026-10-06 10:15 UTC,strong
2026-10-06,"Shanghai Rolex Masters, Qualification",Q,Hard,Michael Zheng,Nicolas Mejia,p2_games,over,9.5,0.5775,1.73,2.04,0.4574,12.0,3-6/4-6,1,1903306,100,2026-10-05 16:17 UTC,2026-10-06 10:15 UTC,highlight
2026-10-06,"Shanghai Rolex Masters, Qualification",Q,Hard,Michael Zheng,Nicolas Mejia,winner,player_a,,0.6837,1.46,1.2,0.8,-11.6,3-6/4-6,0,1903306,100,2026-10-05 16:17 UTC,2026-10-06 10:15 UTC,favourite
2026-10-06,"Shanghai Rolex Masters, Qualification",Q,Hard,Rigele Te,Ilia Simakin,p2_games,over,11.5,0.9679,1.03,1.04,0.8984,6.9,3-6/2-6,1,1903307,100,2026-10-05 16:17 UTC,2026-10-06 10:15 UTC,strong+day
2026-10-06,"Shanghai Rolex Masters, Qualification",Q,Hard,Rigele Te,Ilia Simakin,winner,player_b,,0.9272,1.08,1.14,0.8447,8.3,3-6/2-6,1,1903307,100,2026-10-05 16:17 UTC,2026-10-06 10:15 UTC,strong+favourite
2026-10-06,"Shanghai Rolex Masters, Qualification",Q,Hard,Rigele Te,Ilia Simakin,p2_games,under,13.5,0.8049,1.24,1.38,0.6776,12.7,3-6/2-6,1,1903307,100,2026-10-05 16:17 UTC,2026-10-06 10:15 UTC,strong
2026-10-06,"Shanghai Rolex Masters, Qualification",Q,Hard,Rigele Te,Ilia Simakin,total_games,under,22.5,0.751,1.33,1.58,0.5907,16.0,3-6/2-6,1,1903307,100,2026-10-05 16:17 UTC,2026-10-06 10:15 UTC,strong
2026-10-06,"Shanghai Rolex Masters, Qualification",Q,Hard,Rigele Te,Ilia Simakin,p1_games,under,9.5,0.7381,1.35,1.68,0.5556,18.3,3-6/2-6,1,1903307,100,2026-10-05 16:17 UTC,2026-10-06 10:15 UTC,strong
2026-10-06,"Shanghai Rolex Masters, Qualification",Q,Hard,Rigele Te,Ilia Simakin,p1_games,under,8.5,0.6781,1.47,1.94,0.4813,19.7,3-6/2-6,1,1903307,100,2026-10-05 16:17 UTC,2026-10-06 10:15 UTC,highlight
2026-10-06,"Shanghai Rolex Masters, Qualification",Q,Hard,Yoshihito Nishioka,Dalibor Svrcina,p1_games,over,10.5,0.7387,1.35,1.61,0.5796,15.9,2-5,void,1903309,100,2026-10-05 16:17 UTC,2026-10-06 10:15 UTC,strong+day
2026-10-06,"Shanghai Rolex Masters, Qualification",Q,Hard,Yoshihito Nishioka,Dalibor Svrcina,p2_games,under,13.5,0.7317,1.37,1.36,0.6845,4.7,2-5,void,1903309,100,2026-10-05 16:17 UTC,2026-10-06 10:15 UTC,strong
2026-10-06,"Shanghai Rolex Masters, Qualification",Q,Hard,Yoshihito Nishioka,Dalibor Svrcina,p1_games,over,11.5,0.7119,1.4,1.71,0.5452,16.7,2-5,void,1903309,100,2026-10-05 16:17 UTC,2026-10-06 10:15 UTC,strong
2026-10-06,"Shanghai Rolex Masters, Qualification",Q,Hard,Yoshihito Nishioka,Dalibor Svrcina,winner,player_a,,0.5723,1.75,2.49,0.3867,18.6,2-5,0,1903309,100,2026-10-05 16:17 UTC,2026-10-06 10:15 UTC,highlight+favourite
2026-10-06,"Shanghai Rolex Masters, Qualification",Q,Hard,Dane Sweeny,Kimmer Coppejans,p2_games,over,11.5,0.7369,1.36,1.58,0.5917,14.5,3-6/2-6,1,1903311,100,2026-10-05 16:17 UTC,2026-10-06 10:15 UTC,strong+day
2026-10-06,"Shanghai Rolex Masters, Qualification",Q,Hard,Dane Sweeny,Kimmer Coppejans,p1_games,under,13.5,0.7292,1.37,1.39,0.6722,5.7,3-6/2-6,1,1903311,100,2026-10-05 16:17 UTC,2026-10-06 10:15 UTC,strong
2026-10-06,"Shanghai Rolex Masters, Qualification",Q,Hard,Dane Sweeny,Kimmer Coppejans,winner,player_b,,0.5952,1.68,2.25,0.4275,16.8,3-6/2-6,1,1903311,100,2026-10-05 16:17 UTC,2026-10-06 10:15 UTC,highlight+favourite
2026-10-06,"Shanghai Rolex Masters, Qualification",Q,Hard,Pavel Kotov,Aleksandar Vukic,p2_games,over,11.5,0.7069,1.41,1.4,0.6667,4.0,6-3/6-3,0,1903310,100,2026-10-05 16:17 UTC,2026-10-06 16:17 UTC,strong+day
2026-10-06,"Shanghai Rolex Masters, Qualification",Q,Hard,Pavel Kotov,Aleksandar Vukic,winner,player_b,,0.5174,1.93,1.97,0.4883,2.9,6-3/6-3,0,1903310,100,2026-10-05 16:17 UTC,2026-10-06 16:17 UTC,favourite
2026-10-06,China Open,,Hard,Novak Djokovic,Alex de Minaur,p1_games,over,11.5,0.832,1.2,1.24,0.754,7.8,7-6/0-1,void,1903107,100,2026-10-05 16:17 UTC,2026-10-06 16:17 UTC,strong+day
2026-10-06,China Open,,Hard,Novak Djokovic,Alex de Minaur,winner,player_a,,0.7073,1.41,1.56,0.6158,9.2,7-6/0-1,1,1903107,100,2026-10-05 16:17 UTC,2026-10-06 16:17 UTC,strong+highlight+favourite
2026-10-06,Japan Open (Tokyo),,Hard,Carlos Alcaraz,Jiri Lehecka,p1_games,over,11.5,0.923,1.08,1.1,0.8493,7.4,7-6/6-4,1,1903067,100,2026-10-05 16:17 UTC,2026-10-06 16:17 UTC,strong+day
2026-10-06,Japan Open (Tokyo),,Hard,Carlos Alcaraz,Jiri Lehecka,winner,player_a,,0.8447,1.18,1.25,0.7664,7.8,7-6/6-4,1,1903067,100,2026-10-05 16:17 UTC,2026-10-06 16:17 UTC,strong+favourite
2026-10-06,Japan Open (Tokyo),,Hard,Carlos Alcaraz,Jiri Lehecka,p1_games,under,13.5,0.731,1.37,1.42,0.6595,7.1,7-6/6-4,1,1903067,100,2026-10-05 16:17 UTC,2026-10-06 16:17 UTC,strong
2026-10-06,Japan Open (Tokyo),,Hard,Carlos Alcaraz,Jiri Lehecka,p2_games,under,9.5,0.6018,1.66,1.94,0.4827,11.9,7-6/6-4,0,1903067,100,2026-10-05 16:17 UTC,2026-10-06 16:17 UTC,highlight
2026-10-06,China Open,,Hard,Daria Snigur,Mirra Andreeva,total_games,over,15.5,0.83,1.2,1.15,0.8296,0.0,2-6/2-6,1,1902790,100,2026-10-05 16:17 UTC,2026-10-06 06:19 UTC,strong
2026-10-06,China Open,,Hard,Daria Snigur,Mirra Andreeva,total_games,over,16.5,0.7357,1.36,1.31,0.7277,0.8,2-6/2-6,0,1902790,100,2026-10-05 16:17 UTC,2026-10-06 06:19 UTC,strong
2026-10-06,"Antofagasta, Chile",,Clay,Felipe Meligeni Rodrigues Alves,Juan Pablo Varillas,winner,player_b,,0.5642,1.77,1.77,0.528,3.6,6-3/6-1,0,1902835,94,2026-10-05 16:17 UTC,2026-10-06 20:15 UTC,favourite
2026-10-06,"Antofagasta, Chile",,Clay,Guido Justo,Francisco Comesana,winner,player_b,,0.6211,1.61,1.44,0.6479,-2.7,6-7/7-6/6-1,0,1902834,94,2026-10-05 16:17 UTC,2026-10-07 06:17 UTC,day+favourite
2026-10-06,"Antofagasta, Chile",,Clay,Juan Bautista Torres,Pedro Boscardin Dias,winner,player_b,,0.5311,1.88,1.79,0.5214,1.0,2-6/6-7,1,1902832,100,2026-10-05 16:17 UTC,2026-10-06 20:15 UTC,favourite
2026-10-06,"Antofagasta, Chile",,Clay,Samuel Heredia,Eduardo Ribeiro,winner,player_b,,0.7205,1.39,1.25,0.7475,-2.7,3-6/4-6,1,1902828,100,2026-10-05 16:17 UTC,2026-10-06 16:17 UTC,favourite
2026-10-06,"Antofagasta, Chile",,Clay,Thiago Seyboth Wild,Matias Soto,winner,player_a,,0.6788,1.47,1.19,0.7871,-10.8,6-3/6-4,1,1902829,100,2026-10-05 16:17 UTC,2026-10-06 16:17 UTC,day+favourite
2026-10-06,"Antofagasta, Chile",,Clay,Thiago Seyboth Wild,Matias Soto,p2_games,over,8.5,0.6333,1.58,1.86,0.4987,13.5,6-3/6-4,0,1902829,100,2026-10-05 16:17 UTC,2026-10-06 16:17 UTC,highlight
2026-10-06,"Braga, Portugal",,Clay,Johan Nikles,Miguel Damas,winner,player_b,,0.5051,1.98,1.68,0.5567,-5.2,4-6/3-6,1,1903073,100,2026-10-05 16:17 UTC,2026-10-07 16:18 UTC,favourite
2026-10-06,"Braga, Portugal",,Clay,Mackenzie McDonald,Ryan Nijboer,winner,player_a,,0.6743,1.48,1.89,0.4947,18.0,1-6/6-4/3-6,0,1903077,100,2026-10-05 16:17 UTC,2026-10-07 20:15 UTC,day+highlight+favourite
2026-10-06,"Braga, Portugal",,Clay,Marco Cecchinato,Olle Wallin,winner,player_a,,0.7497,1.33,1.44,0.6479,10.2,6-7/0-6,0,1903076,100,2026-10-05 16:17 UTC,2026-10-07 16:18 UTC,strong+day+highlight+favourite
2026-10-06,"Braga, Portugal",,Clay,Marvin Moeller,Tiago Torres,winner,player_a,,0.665,1.5,1.48,0.6328,3.2,6-4/6-4,1,1902824,100,2026-10-05 16:17 UTC,2026-10-07 16:18 UTC,day+favourite
2026-10-06,"Braga, Portugal",,Clay,Oleksii Krutykh,Javier Barranco Cosano,winner,player_b,,0.5803,1.72,2.1,0.4459,13.4,1-6/6-4/6-4,0,1903074,100,2026-10-05 16:17 UTC,2026-10-07 20:15 UTC,highlight+favourite
2026-10-06,"Braga, Portugal",,Clay,Patrick Schoen,Andrej Nedic,winner,player_b,,0.7584,1.32,1.62,0.577,18.1,6-1/7-6,0,1903075,78,2026-10-05 16:17 UTC,2026-10-07 16:18 UTC,favourite
2026-10-06,"Braga, Portugal",,Clay,Sumit Nagal,Luka Mikrut,winner,player_b,,0.7417,1.35,1.28,0.7322,0.9,2-6/4-6,1,1902818,100,2026-10-05 16:17 UTC,2026-10-07 20:15 UTC,strong+day+favourite
2026-10-06,"Braga, Portugal",,Clay,Tiago Pereira,Pol Martin Tiffon,winner,player_b,,0.7297,1.37,1.44,0.6479,8.2,6-3/6-4,0,1902821,100,2026-10-05 16:17 UTC,2026-10-07 16:18 UTC,strong+day+highlight+favourite
2026-10-06,"Villena, Spain",,Hard,August Holmgren,Pedro Martinez,winner,player_b,,0.5881,1.7,2.19,0.4267,16.1,6-2/6-7/5-7,1,1902812,100,2026-10-05 16:17 UTC,2026-10-07 06:17 UTC,highlight+favourite
2026-10-06,"Villena, Spain",,Hard,Carles Hernandez,Petr Nesterov,winner,player_b,,0.6939,1.44,1.21,0.7721,-7.8,3-6/6-7,1,1903101,78,2026-10-05 16:17 UTC,2026-10-06 20:15 UTC,favourite
2026-10-06,"Villena, Spain",,Hard,Daniil Glinka,Gauthier Onclin,p2_games,over,11.5,0.6543,1.53,1.82,0.5094,14.5,4-6/6-2/6-3,0,1902810,100,2026-10-05 16:17 UTC,2026-10-06 20:15 UTC,day+highlight
2026-10-06,"Villena, Spain",,Hard,Daniil Glinka,Gauthier Onclin,winner,player_a,,0.5135,1.95,1.45,0.6463,-13.3,4-6/6-2/6-3,1,1902810,100,2026-10-05 16:17 UTC,2026-10-06 20:15 UTC,favourite
2026-10-06,"Villena, Spain",,Hard,Dominic Stricker,Laslo Djere,winner,player_b,,0.6127,1.63,1.93,0.4853,12.7,1-6/5-7,1,1903103,100,2026-10-05 16:17 UTC,2026-10-07 16:18 UTC,day+highlight+favourite
2026-10-06,"Villena, Spain",,Hard,Edas Butvilas,Max Hans Rehberg,winner,player_a,,0.612,1.63,1.62,0.577,3.5,6-1/4-6/5-7,0,1903104,100,2026-10-05 16:17 UTC,2026-10-07 16:18 UTC,day+favourite
2026-10-06,"Villena, Spain",,Hard,Hynek Barton,Toby Samuel,winner,player_b,,0.7766,1.29,1.16,0.8054,-2.9,7-6/6-3,0,1903105,100,2026-10-05 16:17 UTC,2026-10-07 16:18 UTC,strong+day+favourite
2026-10-06,"Villena, Spain",,Hard,Hynek Barton,Toby Samuel,p1_games,over,7.5,0.623,1.61,1.82,0.5081,11.5,7-6/6-3,1,1903105,100,2026-10-05 16:17 UTC,2026-10-07 16:18 UTC,highlight
2026-10-06,"Villena, Spain",,Hard,Philip Henning,Maks Kasnikowski,winner,player_b,,0.5778,1.73,1.59,0.587,-0.9,7-6/6-1,0,1903099,100,2026-10-05 16:17 UTC,2026-10-07 16:18 UTC,favourite
2026-10-06,"Villena, Spain",,Hard,Diego Dedura-Palomero,Jack Pinnington Jones,winner,player_b,,0.5923,1.69,1.64,0.5707,2.2,4-6/2-6,1,1903098,100,2026-10-05 16:17 UTC,2026-10-06 16:17 UTC,favourite
2026-10-06,"Suzhou, China",,Hard,Han Shi,Renata Zarazua,winner,player_b,,0.5337,1.87,1.74,0.5372,-0.4,3-6/3-6,1,1903071,91,2026-10-05 16:17 UTC,2026-10-06 06:19 UTC,favourite
2026-10-06,"Suzhou, China",,Hard,Kyoka Okamura,Darja Vidmanova,winner,player_b,,0.5861,1.71,1.23,0.7625,-17.6,6-2/6-7/6-1,0,1903069,94,2026-10-05 16:17 UTC,2026-10-06 10:15 UTC,favourite
2026-10-06,"Suzhou, China",,Hard,Oleksandra Oliynykova,Wushuang Zheng,winner,player_a,,0.7119,1.4,1.38,0.6776,3.4,6-0/6-4,1,1903068,94,2026-10-05 16:17 UTC,2026-10-06 06:19 UTC,favourite
2026-10-06,"Suzhou, China",,Hard,Daria Khomutsianskaya,Tyra Caterina Grant,winner,player_a,,0.5587,1.79,2.75,0.3405,21.8,6-2/5-7/7-5,1,1903070,66,2026-10-05 16:17 UTC,2026-10-06 10:15 UTC,favourite
2026-10-06,"Samsun, Turkiye",,N/A,Antonia Ruzic,Alicia Dudeney,winner,player_a,,0.7132,1.4,1.39,0.6722,4.1,6-3/3-6/4-6,0,1903316,59,2026-10-05 16:17 UTC,2026-10-06 16:17 UTC,favourite
2026-10-06,"Samsun, Turkiye",,N/A,Aysegul Mert,Viktoria Hruncakova,winner,player_b,,0.6269,1.6,1.33,0.6998,-7.3,2-6/6-4/2-6,1,1903318,56,2026-10-05 16:17 UTC,2026-10-06 16:17 UTC,favourite
2026-10-06,"Samsun, Turkiye",,N/A,Cagla Buyukakcay,Linda Klimovicova,winner,player_a,,0.6123,1.63,4.3,0.2168,39.6,6-3/6-7/1-6,0,1903315,72,2026-10-05 16:17 UTC,2026-10-07 16:18 UTC,favourite
2026-10-06,"Samsun, Turkiye",,N/A,Elena Pridankina,Anna Blinkova,winner,player_b,,0.6872,1.46,1.41,0.6651,2.2,6-4/2-6/4-6,1,1903323,81,2026-10-05 16:17 UTC,2026-10-07 16:18 UTC,favourite
2026-10-06,"Samsun, Turkiye",,N/A,Emiliana Arango,Ayla Aksu,winner,player_a,,0.6958,1.44,1.41,0.6611,3.5,3-6/2-6,0,1903325,81,2026-10-05 16:17 UTC,2026-10-06 16:17 UTC,favourite
2026-10-06,"Samsun, Turkiye",,N/A,Lola Radivojevic,Oksana Selekhmeteva,winner,player_b,,0.7193,1.39,1.36,0.6881,3.1,5-7/6-7,1,1903324,81,2026-10-05 16:17 UTC,2026-10-06 16:17 UTC,favourite
2026-10-06,"Samsun, Turkiye",,N/A,Lucrezia Stefanini,Carole Monnet,winner,player_a,,0.5981,1.67,1.23,0.7625,-16.4,7-5/6-4,1,1903320,81,2026-10-05 16:17 UTC,2026-10-06 16:17 UTC,favourite
2026-10-06,"Samsun, Turkiye",,N/A,Simona Waltert,Melisa Ercan,winner,player_a,,0.6036,1.66,1.14,0.8202,-21.7,6-2/6-2,1,1903317,72,2026-10-05 16:17 UTC,2026-10-06 16:17 UTC,favourite
2026-10-06,"Wuning 3, China",,N/A,Masamichi Imamura,Kaichi Uchida,p2_games,over,11.5,0.6212,1.61,1.67,0.5535,6.8,6-7/2-6,1,1903373,88,2026-10-05 16:17 UTC,2026-10-06 06:19 UTC,day
2026-10-06,"Wuning 3, China",,N/A,Masamichi Imamura,Kaichi Uchida,winner,player_a,,0.5569,1.8,1.53,0.6107,-5.4,6-7/2-6,0,1903373,88,2026-10-05 16:17 UTC,2026-10-06 06:19 UTC,favourite
2026-10-06,"Wuning 3, China",,N/A,Max Purcell,Filip Peliwo,winner,player_a,,0.9011,1.11,1.03,0.9066,-0.5,6-7/1-6,0,1903387,81,2026-10-05 16:17 UTC,2026-10-06 06:19 UTC,strong+day+favourite
2026-10-06,"Wuning 3, China",,N/A,Omar Jasika,Martin Borisiouk,winner,player_a,,0.5432,1.84,1.9,0.492,5.1,4-6/6-3/7-5,1,1903388,81,2026-10-05 16:17 UTC,2026-10-06 06:19 UTC,favourite
2026-10-06,"Wuning 3, China",,N/A,Fajing Sun,Aoran Wang,winner,player_a,,0.8407,1.19,1.07,0.8706,-3.0,6-3/1-0,1,1903374,88,2026-10-05 16:17 UTC,2026-10-06 06:19 UTC,strong+day+favourite
2026-10-06,"Wuning 3, China",,N/A,Keegan Smith,Hiroki Moriya,winner,player_a,,0.6703,1.49,1.36,0.6845,-1.4,6-3/6-7/3-6,0,1903370,88,2026-10-05 16:17 UTC,2026-10-06 06:19 UTC,day+favourite
2026-10-06,"Wuning 3, China",,N/A,Keisuke Saitoh,Dominik Palan,winner,player_b,,0.5707,1.75,1.91,0.4893,8.1,7-6/6-4,0,1903389,78,2026-10-05 16:17 UTC,2026-10-06 06:19 UTC,favourite
2026-10-06,"Wuning 3, China",,N/A,Mitsuki Wei Kang Leong,Sidharth Rawat,winner,player_a,,0.759,1.32,1.21,0.7721,-1.3,6-3/4-6/6-1,1,1903371,88,2026-10-05 16:17 UTC,2026-10-06 10:15 UTC,strong+day+favourite
2026-10-06,"Wuning 3, China",,N/A,Ryan Seggerman,Hikaru Shiraishi,winner,player_a,,0.7179,1.39,1.24,0.7564,-3.9,7-6/6-7/7-6,1,1903392,88,2026-10-05 16:17 UTC,2026-10-06 10:15 UTC,strong+day+favourite
2026-10-06,"Wuning 3, China",,N/A,Evan Zhu,Koki Matsuda,p2_games,over,10.5,0.8089,1.24,1.81,0.5121,29.7,6-3/6-3,0,1903377,88,2026-10-05 16:17 UTC,2026-10-06 10:15 UTC,strong+day
2026-10-06,"Wuning 3, China",,N/A,Evan Zhu,Koki Matsuda,p1_games,under,12.5,0.614,1.63,1.93,0.4798,13.4,6-3/6-3,1,1903377,88,2026-10-05 16:17 UTC,2026-10-06 10:15 UTC,highlight
2026-10-06,"Wuning 3, China",,N/A,Evan Zhu,Koki Matsuda,winner,player_b,,0.6505,1.54,3.1,0.3018,34.9,6-3/6-3,0,1903377,88,2026-10-05 16:17 UTC,2026-10-06 10:15 UTC,favourite
2026-10-06,"Wuning 3, China",,N/A,Jay Dylan Friend,Yuta Kikuchi,winner,player_a,,0.8567,1.17,1.15,0.813,4.4,6-1/6-4,1,1903391,81,2026-10-05 16:17 UTC,2026-10-06 10:15 UTC,favourite
2026-10-06,"Palermo, Italy",,Clay,Carlo Alberto Caniato,Max Wiskandt,winner,player_a,,0.7432,1.35,1.21,0.7721,-2.9,6-2/6-3,1,1903396,100,2026-10-05 16:17 UTC,2026-10-06 16:17 UTC,strong+day+favourite
2026-10-06,"Palermo, Italy",,Clay,Carlos Sanchez Jover,Francesco Forti,winner,player_b,,0.5216,1.92,1.74,0.5372,-1.6,6-4/3-6/6-4,0,1903397,100,2026-10-05 16:17 UTC,2026-10-06 16:17 UTC,favourite
2026-10-06,"Palermo, Italy",,Clay,Luca Potenza,Enrico Dalla Valle,winner,player_b,,0.7021,1.42,1.24,0.7564,-5.4,1-6/5-7,1,1903399,100,2026-10-05 16:17 UTC,2026-10-06 20:15 UTC,strong+day+favourite
2026-10-06,"Palermo, Italy",,Clay,Michele Ribecai,Benito Sanchez Martinez,winner,player_b,,0.521,1.92,2.06,0.4536,6.7,5-7/7-5/6-0,0,1903394,94,2026-10-05 16:17 UTC,2026-10-06 16:17 UTC,favourite
2026-10-06,"Palermo, Italy",,Clay,Pierluigi Basile,Massimo Giunta,winner,player_a,,0.6577,1.52,1.72,0.5426,11.5,6-4/4-6/1-6,0,1903395,100,2026-10-05 16:17 UTC,2026-10-06 16:17 UTC,day+highlight+favourite
2026-10-06,"Palermo, Italy",,Clay,Samuele Pieri,Martin Krumich,winner,player_b,,0.5583,1.79,1.54,0.6061,-4.8,0-6/4-6,1,1903398,100,2026-10-05 16:17 UTC,2026-10-06 10:15 UTC,favourite
2026-10-06,"Shanghai Rolex Masters, Qualification",Q,Hard,Yoshihito Nishioka,Dalibor Svrcina,total_games,over,18.5,0.7019,1.42,1.34,0.7081,-0.6,2-5,void,1903309,100,2026-10-06 06:19 UTC,2026-10-06 10:15 UTC,strong
2026-10-06,"Shanghai Rolex Masters, Qualification",Q,Hard,Chak Wong,Lloyd Harris,winner,player_b,,0.6477,1.54,1.66,0.5787,6.9,6-4/3-6/6-2,0,1903313,81,2026-10-06 06:19 UTC,2026-10-06 10:15 UTC,favourite
2026-10-06,"Shanghai Rolex Masters, Qualification",Q,Hard,Mattia Bellucci,Alexandre Muller,p1_games,over,11.5,0.7352,1.36,1.19,0.7871,-5.2,6-4/6-2,1,1903312,100,2026-10-06 06:19 UTC,2026-10-06 10:15 UTC,strong+day
2026-10-06,"Shanghai Rolex Masters, Qualification",Q,Hard,Mattia Bellucci,Alexandre Muller,winner,player_a,,0.5719,1.75,1.43,0.6735,-10.2,6-4/6-2,1,1903312,100,2026-10-06 06:19 UTC,2026-10-06 10:15 UTC,favourite
2026-10-06,"Shanghai Rolex Masters, Qualification",Q,Hard,Pavel Kotov,Aleksandar Vukic,total_games,over,19.5,0.7458,1.34,1.3,0.732,1.4,6-3/6-3,0,1903310,100,2026-10-06 06:19 UTC,2026-10-06 16:17 UTC,strong+day
2026-10-06,Japan Open (Tokyo),,Hard,Carlos Alcaraz,Jiri Lehecka,total_games,under,25.5,0.73,1.37,1.49,0.6401,9.0,7-6/6-4,1,1903067,100,2026-10-06 06:19 UTC,2026-10-06 16:17 UTC,strong
2026-10-06,Japan Open (Tokyo),,Hard,Carlos Alcaraz,Jiri Lehecka,total_games,under,24.5,0.7037,1.42,1.57,0.6075,9.6,7-6/6-4,1,1903067,100,2026-10-06 06:19 UTC,2026-10-06 16:17 UTC,strong
2026-10-06,China Open,,Hard,Sinja Kraus,Nikola Bartunkova,total_games,over,16.5,0.7835,1.28,1.22,0.7829,0.1,0-6/6-4/3-6,1,1902780,100,2026-10-06 06:19 UTC,2026-10-06 16:17 UTC,strong
2026-10-06,"Antofagasta, Chile",,Clay,Miguel Tobon,Thiago Cigarran,winner,player_a,,0.7582,1.32,1.25,0.7475,1.1,4-6/6-4/6-1,1,1903458,100,2026-10-06 06:19 UTC,2026-10-06 16:17 UTC,strong+day+favourite
2026-10-06,"Antofagasta, Chile",,Clay,Juan Carlos Prado Angelo,Joao Eduardo Schiessl,winner,player_a,,0.783,1.28,1.26,0.7407,4.2,6-2/6-2,1,1903457,100,2026-10-06 06:19 UTC,2026-10-06 20:15 UTC,strong+day+favourite
2026-10-06,"Antofagasta, Chile",,Clay,Gustavo Heide,Maximo Zeitune,winner,player_a,,0.8958,1.12,1.14,0.8202,7.6,6-3/1-6/6-4,1,1903454,100,2026-10-06 06:19 UTC,2026-10-07 06:17 UTC,favourite
2026-10-06,"Braga, Portugal",,Clay,Johan Nikles,Miguel Damas,p1_games,over,11.5,0.6381,1.57,1.59,0.5827,5.5,4-6/3-6,0,1903073,100,2026-10-06 06:19 UTC,2026-10-07 16:18 UTC,day
2026-10-06,"Braga, Portugal",,Clay,Oleksii Krutykh,Javier Barranco Cosano,p1_games,under,12.5,0.6106,1.64,1.77,0.5229,8.8,1-6/6-4/6-4,0,1903074,100,2026-10-06 06:19 UTC,2026-10-07 20:15 UTC,day
2026-10-06,"Braga, Portugal",,Clay,Tiago Pereira,Pol Martin Tiffon,p1_games,under,11.5,0.5708,1.75,2.09,0.4427,12.8,6-3/6-4,0,1902821,100,2026-10-06 06:19 UTC,2026-10-07 16:18 UTC,highlight
2026-10-06,"Villena, Spain",,Hard,Francesco Maestrelli,Oliver Tarvet,p1_games,over,9.5,0.7736,1.29,1.86,0.4973,27.6,6-4/3-6/4-6,1,1903102,100,2026-10-06 06:19 UTC,2026-10-07 16:18 UTC,strong+day
2026-10-06,"Villena, Spain",,Hard,Francesco Maestrelli,Oliver Tarvet,winner,player_a,,0.5417,1.85,3.7,0.2525,28.9,6-4/3-6/4-6,0,1903102,100,2026-10-06 06:19 UTC,2026-10-07 16:18 UTC,favourite
2026-10-06,"Villena, Spain",,Hard,Damir Dzumhur,Georgii Kravchenko,winner,player_a,,0.8276,1.21,1.38,0.6776,15.0,7-5/6-3,1,1903100,100,2026-10-06 06:19 UTC,2026-10-07 16:18 UTC,strong+day+highlight+favourite
2026-10-06,"Suzhou, China",,Hard,Jiajing Lu,Tamara Korpatsch,winner,player_b,,0.6386,1.57,1.43,0.6538,-1.5,2-6/5-7,1,1903072,66,2026-10-06 06:19 UTC,2026-10-06 16:17 UTC,favourite
2026-10-06,"Samsun, Turkiye",,N/A,Teodora Kostovic,Noma Noha Akugue,winner,player_a,,0.5629,1.78,1.44,0.6479,-8.5,,,1903413,81,2026-10-06 06:19 UTC,,favourite
2026-10-06,"Samsun, Turkiye",,N/A,Bianca Andreescu,Alana Smith,winner,player_a,,0.7414,1.35,1.09,0.8545,-11.3,6-0/6-0,1,1903415,75,2026-10-06 06:19 UTC,2026-10-06 16:17 UTC,favourite
2026-10-06,"Wuning 3, China",,N/A,Alibek Kachmazov,Charles Broom,winner,player_b,,0.5539,1.81,1.88,0.4973,5.7,4-6/7-6/6-4,0,1903390,84,2026-10-06 06:19 UTC,2026-10-06 16:17 UTC,highlight+favourite
2026-10-06,"Wuning 3, China",,N/A,Kasidit Samrej,Enzo Aguiard,winner,player_a,,0.5893,1.7,1.92,0.4866,10.3,6-1/6-3,1,1903375,88,2026-10-06 06:19 UTC,2026-10-06 10:15 UTC,favourite
2026-10-06,"Palermo, Italy",,Clay,Buvaysar Gadamauri,Pedro Vives Marcos,winner,player_a,,0.6937,1.44,1.94,0.4813,21.2,7-5/7-5,1,1903443,97,2026-10-06 06:19 UTC,2026-10-06 10:15 UTC,day+favourite
2026-10-06,"Palermo, Italy",,Clay,Buvaysar Gadamauri,Pedro Vives Marcos,p2_games,under,12.5,0.6553,1.53,1.71,0.5403,11.5,7-5/7-5,1,1903443,97,2026-10-06 06:19 UTC,2026-10-06 10:15 UTC,highlight
2026-10-06,"Palermo, Italy",,Clay,Samuele Pieri,Martin Krumich,p1_games,over,11.5,0.6047,1.65,1.71,0.5416,6.3,0-6/4-6,0,1903398,100,2026-10-06 06:19 UTC,2026-10-06 10:15 UTC,day
2026-10-06,"Palermo, Italy",,Clay,Gianluca Cadenasso,Filippo Moroni,winner,player_a,,0.7079,1.41,1.29,0.722,-1.4,3-6/6-4/6-3,1,1903439,88,2026-10-06 06:19 UTC,2026-10-06 16:17 UTC,favourite
2026-10-06,"Palermo, Italy",,Clay,Kalin Ivanovski,Alejandro Moro Canas,winner,player_b,,0.7402,1.35,1.29,0.722,1.8,2-6/3-6,1,1903440,91,2026-10-06 06:19 UTC,2026-10-06 16:17 UTC,strong+day+favourite
2026-10-06,"Palermo, Italy",,Clay,Zdenek Kolar,Dimitris Sakellaridis,winner,player_a,,0.796,1.26,1.18,0.7923,0.4,6-4/6-4,1,1903438,81,2026-10-06 06:19 UTC,2026-10-06 16:17 UTC,favourite
2026-10-06,"Palermo, Italy",,Clay,Christian Langmo,Lorenzo Giustino,winner,player_b,,0.6438,1.55,1.3,0.7204,-7.7,4-6/1-6,1,1903442,100,2026-10-06 06:19 UTC,2026-10-06 20:15 UTC,day+favourite
2026-10-06,"Palermo, Italy",,Clay,Ivan Gakhov,Yanaki Milev,winner,player_a,,0.6245,1.6,1.73,0.5399,8.5,2-6/3-6,0,1903441,100,2026-10-06 06:19 UTC,2026-10-06 20:15 UTC,day+highlight+favourite
2026-10-06,"Palermo, Italy",,Clay,Oriol Roca Batalla,Francesco Passaro,winner,player_b,,0.5935,1.68,1.59,0.587,0.6,1-6/6-7,1,1903401,100,2026-10-06 06:19 UTC,2026-10-07 06:17 UTC,favourite
2026-10-06,"Palermo, Italy",,Clay,Jay Clarke,Gabriele Piraino,winner,player_a,,0.6833,1.46,1.5,0.6222,6.1,3-6/1-6,0,1903400,100,2026-10-06 06:19 UTC,2026-10-07 06:17 UTC,day+highlight+favourite
2026-10-07,Shanghai Rolex Masters,,Hard,Arthur Fery,Marin Cilic,p2_games,over,11.5,0.7607,1.31,1.43,0.6538,10.7,7-6/6-1,0,1903335,100,2026-10-06 06:19 UTC,2026-10-07 16:18 UTC,strong+day
2026-10-07,Shanghai Rolex Masters,,Hard,Arthur Fery,Marin Cilic,winner,player_b,,0.5922,1.69,2.14,0.4485,14.4,7-6/6-1,0,1903335,100,2026-10-06 06:19 UTC,2026-10-07 16:18 UTC,highlight+favourite
2026-10-07,Shanghai Rolex Masters,,Hard,Arthur Gea,Jaime Faria,p1_games,over,11.5,0.7407,1.35,1.23,0.7579,-1.7,6-7/6-1/6-2,1,1903337,100,2026-10-06 06:19 UTC,2026-10-07 10:16 UTC,strong+day
2026-10-07,Shanghai Rolex Masters,,Hard,Arthur Gea,Jaime Faria,p2_games,under,13.5,0.7021,1.42,1.37,0.6829,1.9,6-7/6-1/6-2,1,1903337,100,2026-10-06 06:19 UTC,2026-10-07 10:16 UTC,strong
2026-10-07,Shanghai Rolex Masters,,Hard,Arthur Gea,Jaime Faria,winner,player_a,,0.5838,1.71,1.56,0.6158,-3.2,6-7/6-1/6-2,1,1903337,100,2026-10-06 06:19 UTC,2026-10-07 10:16 UTC,favourite
2026-10-07,Shanghai Rolex Masters,,Hard,Marcos Giron,Sebastian Baez,p2_games,over,11.5,0.6998,1.43,1.35,0.6932,0.7,6-1/3-6/4-6,1,1903343,100,2026-10-06 06:19 UTC,2026-10-08 10:17 UTC,day
2026-10-07,Shanghai Rolex Masters,,Hard,Marcos Giron,Sebastian Baez,winner,player_b,,0.5392,1.85,1.83,0.5259,1.3,6-1/3-6/4-6,1,1903343,100,2026-10-06 06:19 UTC,2026-10-08 10:17 UTC,favourite
2026-10-07,Shanghai Rolex Masters,,Hard,Nuno Borges,Facundo Acosta,p1_games,over,11.5,0.8552,1.17,1.1,0.8493,0.6,7-6/6-2,1,1903352,94,2026-10-06 06:19 UTC,2026-10-08 06:20 UTC,strong+day
2026-10-07,Shanghai Rolex Masters,,Hard,Nuno Borges,Facundo Acosta,winner,player_a,,0.7389,1.35,1.26,0.7649,-2.6,7-6/6-2,1,1903352,94,2026-10-06 06:19 UTC,2026-10-08 06:20 UTC,strong+favourite
2026-10-07,China Open,,Hard,Alina Charaeva,Qinwen Zheng,winner,player_b,,0.7796,1.28,1.25,0.7706,0.9,1-6/6-2/4-6,1,1903026,94,2026-10-06 06:19 UTC,2026-10-07 16:18 UTC,favourite
2026-10-07,China Open,,Hard,Ann Li,Elina Svitolina,p2_games,over,11.5,0.8838,1.13,1.13,0.827,5.7,2-6/3-6,1,1903065,100,2026-10-06 06:19 UTC,2026-10-07 16:18 UTC,strong+day
2026-10-07,China Open,,Hard,Ann Li,Elina Svitolina,winner,player_b,,0.8117,1.23,1.27,0.7567,5.5,2-6/3-6,1,1903065,100,2026-10-06 06:19 UTC,2026-10-07 16:18 UTC,strong+highlight+favourite
2026-10-07,China Open,,Hard,Ann Li,Elina Svitolina,p2_games,under,13.5,0.7784,1.28,1.3,0.7204,5.8,2-6/3-6,1,1903065,100,2026-10-06 06:19 UTC,2026-10-07 16:18 UTC,strong
2026-10-07,China Open,,Hard,Coco Gauff,Elise Mertens,p1_games,over,11.5,0.8875,1.13,1.11,0.8439,4.4,3-6/3-6,0,1903412,100,2026-10-06 06:19 UTC,2026-10-07 10:16 UTC,strong+day
2026-10-07,China Open,,Hard,Coco Gauff,Elise Mertens,winner,player_a,,0.8205,1.22,1.22,0.7867,3.4,3-6/3-6,0,1903412,100,2026-10-06 06:19 UTC,2026-10-07 10:16 UTC,strong+favourite
2026-10-07,China Open,,Hard,Coco Gauff,Elise Mertens,p1_games,under,13.5,0.7898,1.27,1.28,0.7294,6.0,3-6/3-6,1,1903412,100,2026-10-06 06:19 UTC,2026-10-07 10:16 UTC,strong
2026-10-07,China Open,,Hard,Iva Jovic,Iga Swiatek,p2_games,over,11.5,0.8559,1.17,1.24,0.7515,10.4,1-6/3-6,1,1903017,100,2026-10-06 06:19 UTC,2026-10-07 10:16 UTC,strong+day
2026-10-07,China Open,,Hard,Iva Jovic,Iga Swiatek,winner,player_b,,0.7757,1.29,1.47,0.6517,12.4,1-6/3-6,1,1903017,100,2026-10-06 06:19 UTC,2026-10-07 10:16 UTC,strong+favourite
2026-10-07,China Open,,Hard,Iva Jovic,Iga Swiatek,p2_games,under,13.5,0.7677,1.3,1.33,0.7031,6.5,1-6/3-6,1,1903017,100,2026-10-06 06:19 UTC,2026-10-07 10:16 UTC,strong
2026-10-07,China Open,,Hard,Iva Jovic,Iga Swiatek,p1_games,under,12.5,0.762,1.31,1.44,0.6479,11.4,1-6/3-6,1,1903017,100,2026-10-06 06:19 UTC,2026-10-07 10:16 UTC,strong
2026-10-07,China Open,,Hard,Iva Jovic,Iga Swiatek,p1_games,under,10.5,0.6235,1.6,1.99,0.4693,15.4,1-6/3-6,1,1903017,100,2026-10-06 06:19 UTC,2026-10-07 10:16 UTC,highlight
2026-10-07,"Suzhou, China",,Hard,Rebecca Sramkova,Claire Liu,p1_games,over,10.5,0.6607,1.51,1.9,0.4865,17.4,7-5/6-4,1,1903010,100,2026-10-06 06:19 UTC,2026-10-07 06:17 UTC,day+highlight
2026-10-07,"Suzhou, China",,Hard,Rebecca Sramkova,Claire Liu,winner,player_b,,0.502,1.99,1.42,0.6595,-15.7,7-5/6-4,0,1903010,100,2026-10-06 06:19 UTC,2026-10-07 06:17 UTC,favourite
2026-10-07,"Wuning 3, China",,N/A,Yaroslav Demin,Akira Santillan,winner,player_b,,0.6865,1.46,1.57,0.5943,9.2,3-6/3-6,1,1903386,81,2026-10-06 06:19 UTC,2026-10-07 06:17 UTC,favourite
2026-10-06,"Samsun, Turkiye",,N/A,Leolia Jeanjean,Mariam Bolkvadze,winner,player_a,,0.7807,1.28,1.34,0.6948,8.6,3-6/1-6,0,1903414,81,2026-10-06 10:15 UTC,2026-10-07 10:16 UTC,favourite
2026-10-07,Shanghai Rolex Masters,,Hard,Aleksandar Kovacevic,Matteo Berrettini,winner,player_b,,0.7233,1.38,1.46,0.6573,6.6,7-6/1-6/4-6,1,1903334,100,2026-10-06 10:15 UTC,2026-10-07 10:16 UTC,strong+day+highlight+favourite
2026-10-07,Shanghai Rolex Masters,,Hard,Fabian Marozsan,Zachary Svajda,p1_games,over,11.5,0.7449,1.34,1.38,0.6776,6.7,3-6/6-7,0,1903351,100,2026-10-06 10:15 UTC,2026-10-08 10:17 UTC,strong+day
2026-10-07,Shanghai Rolex Masters,,Hard,Fabian Marozsan,Zachary Svajda,winner,player_a,,0.5795,1.73,1.88,0.5117,6.8,3-6/6-7,0,1903351,100,2026-10-06 10:15 UTC,2026-10-08 10:17 UTC,highlight+favourite
2026-10-07,Shanghai Rolex Masters,,Hard,Hubert Hurkacz,James Duckworth,winner,player_a,,0.7815,1.28,1.33,0.7218,6.0,6-3/7-6,1,1903346,100,2026-10-06 10:15 UTC,2026-10-08 10:17 UTC,strong+day+highlight+favourite
2026-10-07,Shanghai Rolex Masters,,Hard,Hubert Hurkacz,James Duckworth,p1_games,under,14.5,0.7188,1.39,1.39,0.6722,4.7,6-3/7-6,1,1903346,100,2026-10-06 10:15 UTC,2026-10-08 10:17 UTC,strong
2026-10-07,Shanghai Rolex Masters,,Hard,Martin Landaluce,Jan-Lennard Struff,winner,player_b,,0.8139,1.23,1.99,0.4831,33.1,4-6/4-6,1,1903340,78,2026-10-06 10:15 UTC,2026-10-08 16:18 UTC,favourite
2026-10-07,Shanghai Rolex Masters,,Hard,Vit Kopriva,Zizou Bergs,p2_games,over,11.5,0.7694,1.3,1.15,0.8099,-4.0,3-6/1-6,1,1903344,100,2026-10-06 10:15 UTC,2026-10-08 16:18 UTC,strong+day
2026-10-07,Shanghai Rolex Masters,,Hard,Vit Kopriva,Zizou Bergs,winner,player_b,,0.629,1.59,1.36,0.705,-7.6,3-6/1-6,1,1903344,100,2026-10-06 10:15 UTC,2026-10-08 16:18 UTC,favourite
2026-10-07,Shanghai Rolex Masters,,Hard,Yannick Hanfmann,Kamil Majchrzak,p1_games,over,11.5,0.7201,1.39,1.6,0.5844,13.6,6-7/7-6/7-6,1,1903350,100,2026-10-06 10:15 UTC,2026-10-07 10:16 UTC,strong+day+highlight
2026-10-07,Shanghai Rolex Masters,,Hard,Yannick Hanfmann,Kamil Majchrzak,winner,player_a,,0.5381,1.86,2.47,0.3901,14.8,6-7/7-6/7-6,1,1903350,100,2026-10-06 10:15 UTC,2026-10-07 10:16 UTC,favourite
2026-10-07,"Braga, Portugal",,Clay,Vilius Gaubas,Duje Ajdukovic,winner,player_a,,0.6158,1.62,1.32,0.708,-9.2,5-7/7-6/6-2,1,1903444,100,2026-10-06 10:15 UTC,2026-10-08 20:16 UTC,day+favourite
2026-10-07,"Braga, Portugal",,Clay,Zsombor Piros,Elmer Moller,winner,player_a,,0.6545,1.53,1.58,0.5907,6.4,6-1/1-6/5-7,0,1903452,100,2026-10-06 10:15 UTC,2026-10-08 16:18 UTC,day+highlight+favourite
2026-10-07,"Villena, Spain",,Hard,Abedallah Shelbayh,David Jorda Sanchis,winner,player_a,,0.681,1.47,1.66,0.562,11.9,6-4/6-3,1,1902816,100,2026-10-06 10:15 UTC,2026-10-07 16:18 UTC,day+highlight+favourite
2026-10-07,"Suzhou, China",,Hard,Darya Astakhova,Renata Zarazua,winner,player_a,,0.5229,1.91,2.6,0.3612,16.2,0-4,0,1903533,78,2026-10-06 10:15 UTC,2026-10-07 06:17 UTC,favourite
2026-10-07,"Suzhou, China",,Hard,Katarina Zavatska,Daria Khomutsianskaya,winner,player_b,,0.5513,1.81,1.59,0.587,-3.6,6-4/6-4,0,1903550,66,2026-10-06 10:15 UTC,2026-10-08 06:20 UTC,favourite
2026-10-07,"Suzhou, China",,Hard,Linda Fruhvirtova,Aliaksandra Sasnovich,winner,player_b,,0.6751,1.48,1.37,0.6829,-0.8,0-6/2-6,1,1903528,100,2026-10-06 10:15 UTC,2026-10-07 06:17 UTC,day+favourite
2026-10-07,"Suzhou, China",,Hard,Oleksandra Oliynykova,Aliona Falei,winner,player_a,,0.5536,1.81,1.83,0.5107,4.3,6-7/0-4,0,1903535,94,2026-10-06 10:15 UTC,2026-10-08 06:20 UTC,favourite
2026-10-07,"Suzhou, China",,Hard,Tatiana Prozorova,Kyoka Okamura,winner,player_a,,0.6141,1.63,1.28,0.7294,-11.5,4-6/6-3/6-7,0,1903552,94,2026-10-06 10:15 UTC,2026-10-07 10:16 UTC,favourite
2026-10-07,"Samsun, Turkiye",,N/A,Polina Iatcenko,Dalma Galfi,winner,player_b,,0.5145,1.94,1.72,0.5426,-2.8,6-4/7-6,0,1903332,81,2026-10-06 10:15 UTC,2026-10-07 16:18 UTC,favourite
2026-10-07,"Wuning 3, China",,N/A,Hiroki Moriya,Keisuke Saitoh,winner,player_a,,0.7211,1.39,1.76,0.5307,19.0,2-6/3-6,0,1903537,81,2026-10-06 10:15 UTC,2026-10-07 06:17 UTC,favourite
2026-10-07,"Wuning 3, China",,N/A,Omar Jasika,Marat Sharipov,winner,player_b,,0.8679,1.15,1.2,0.7778,9.0,6-3/3-0,0,1903531,88,2026-10-06 10:15 UTC,2026-10-07 06:17 UTC,strong+day+highlight+favourite
2026-10-07,"Wuning 3, China",,N/A,Timofei Derepasko,Filip Peliwo,winner,player_b,,0.5743,1.74,1.79,0.5227,5.2,6-3/7-6,0,1903529,81,2026-10-06 10:15 UTC,2026-10-07 06:17 UTC,favourite
2026-10-06,"Antofagasta, Chile",,Clay,Jose Pereira,Lautaro Midon,winner,player_b,,0.8545,1.17,1.1,0.8493,0.5,3-6/6-4/0-6,1,1903456,97,2026-10-06 16:17 UTC,2026-10-06 20:15 UTC,strong+day+favourite
2026-10-07,Shanghai Rolex Masters,,Hard,Sho Shimabukuro,Miomir Kecmanovic,p2_games,over,11.5,0.7839,1.28,1.2,0.7818,0.2,2-6/4-6,1,1903338,100,2026-10-06 16:17 UTC,2026-10-07 06:17 UTC,strong+day
2026-10-07,Shanghai Rolex Masters,,Hard,Sho Shimabukuro,Miomir Kecmanovic,winner,player_b,,0.6333,1.58,1.45,0.6628,-2.9,2-6/4-6,1,1903338,100,2026-10-06 16:17 UTC,2026-10-07 06:17 UTC,favourite
2026-10-07,Shanghai Rolex Masters,,Hard,Adrian Mannarino,Nikoloz Basilashvili,p2_games,under,13.5,0.68,1.47,1.47,0.6343,4.6,6-3/2-2,void,1903677,100,2026-10-06 16:17 UTC,2026-10-07 10:16 UTC,day
2026-10-07,Shanghai Rolex Masters,,Hard,Adrian Mannarino,Nikoloz Basilashvili,winner,player_a,,0.5064,1.97,2.05,0.4689,3.7,6-3/2-2,1,1903677,100,2026-10-06 16:17 UTC,2026-10-07 10:16 UTC,favourite
2026-10-07,Shanghai Rolex Masters,,Hard,Zhizhen Zhang,Tomas Machac,p2_games,over,11.5,0.8704,1.15,1.16,0.8054,6.5,6-1/6-7/2-6,1,1903333,100,2026-10-06 16:17 UTC,2026-10-07 10:16 UTC,strong+day
2026-10-07,Shanghai Rolex Masters,,Hard,Zhizhen Zhang,Tomas Machac,winner,player_b,,0.7548,1.32,1.4,0.6854,6.9,6-1/6-7/2-6,1,1903333,100,2026-10-06 16:17 UTC,2026-10-07 10:16 UTC,strong+highlight+favourite
2026-10-07,Shanghai Rolex Masters,,Hard,Alex Molcan,Federico Cina,p1_games,over,11.5,0.7915,1.26,1.31,0.7158,7.6,4-6/6-1/6-2,1,1903676,100,2026-10-06 16:17 UTC,2026-10-07 10:16 UTC,strong+day
2026-10-07,Shanghai Rolex Masters,,Hard,Alex Molcan,Federico Cina,p2_games,under,13.5,0.7343,1.36,1.37,0.6792,5.5,4-6/6-1/6-2,1,1903676,100,2026-10-06 16:17 UTC,2026-10-07 10:16 UTC,strong
2026-10-07,Shanghai Rolex Masters,,Hard,Alex Molcan,Federico Cina,winner,player_a,,0.656,1.52,1.7,0.5663,9.0,4-6/6-1/6-2,1,1903676,100,2026-10-06 16:17 UTC,2026-10-07 10:16 UTC,highlight+favourite
2026-10-07,Shanghai Rolex Masters,,Hard,Marco Trungelliti,Rei Sakamoto,winner,player_b,,0.5835,1.71,1.47,0.6557,-7.2,3-6/5-7,1,1903678,100,2026-10-06 16:17 UTC,2026-10-07 10:16 UTC,favourite
2026-10-07,Shanghai Rolex Masters,,Hard,Mattia Bellucci,Yi Zhou,winner,player_a,,0.8025,1.25,1.34,0.7173,8.5,4-6/6-3/6-7,0,1903688,100,2026-10-06 16:17 UTC,2026-10-07 16:18 UTC,strong+day+highlight+favourite
2026-10-07,Shanghai Rolex Masters,,Hard,Rinky Hijikata,Roman Safiullin,p2_games,over,11.5,0.7208,1.39,1.15,0.813,-9.2,5-7/3-6,1,1903701,100,2026-10-06 16:17 UTC,2026-10-07 10:16 UTC,strong+day
2026-10-07,Shanghai Rolex Masters,,Hard,Rinky Hijikata,Roman Safiullin,p1_games,over,11.5,0.622,1.61,1.99,0.4693,15.3,5-7/3-6,0,1903701,100,2026-10-06 16:17 UTC,2026-10-07 10:16 UTC,highlight
2026-10-07,Shanghai Rolex Masters,,Hard,Rinky Hijikata,Roman Safiullin,winner,player_b,,0.5573,1.79,1.35,0.7128,-15.5,5-7/3-6,1,1903701,100,2026-10-06 16:17 UTC,2026-10-07 10:16 UTC,favourite
2026-10-07,China Open,,Hard,Coco Gauff,Elise Mertens,p2_games,under,7.5,0.5531,1.81,2.06,0.4536,10.0,3-6/3-6,0,1903412,100,2026-10-06 16:17 UTC,2026-10-07 10:16 UTC,highlight
2026-10-07,China Open,,Hard,Ann Li,Elina Svitolina,p1_games,under,8.5,0.5847,1.71,2.02,0.4628,12.2,2-6/3-6,1,1903065,100,2026-10-06 16:17 UTC,2026-10-07 16:18 UTC,highlight
2026-10-07,"Antofagasta, Chile",,Clay,Thiago Seyboth Wild,Murkel Dellien,winner,player_a,,0.8537,1.17,1.14,0.8143,3.9,6-1/6-2,1,1903689,69,2026-10-06 16:17 UTC,2026-10-07 16:18 UTC,favourite
2026-10-07,"Villena, Spain",,Hard,Damir Dzumhur,Georgii Kravchenko,p2_games,under,11.5,0.6831,1.46,1.84,0.504,17.9,7-5/6-3,1,1903100,100,2026-10-06 16:17 UTC,2026-10-07 16:18 UTC,highlight
2026-10-07,"Samsun, Turkiye",,N/A,Alicia Dudeney,Ayla Aksu,winner,player_a,,0.6213,1.61,1.65,0.5658,5.5,6-3/3-6/3-6,0,1903674,59,2026-10-06 16:17 UTC,2026-10-08 16:18 UTC,favourite
2026-10-07,"Samsun, Turkiye",,N/A,Fiona Crawley,Oksana Selekhmeteva,winner,player_b,,0.5418,1.85,1.94,0.4827,5.9,4-6/6-4/6-4,0,1903682,72,2026-10-06 16:17 UTC,2026-10-07 16:18 UTC,favourite
2026-10-07,"Samsun, Turkiye",,N/A,Viktoria Hruncakova,Himeno Sakatsume,winner,player_a,,0.5312,1.88,2.75,0.3389,19.2,5-7/2-6,0,1903683,81,2026-10-06 16:17 UTC,2026-10-07 16:18 UTC,favourite
2026-10-07,"Wuning 3, China",,N/A,Omar Jasika,Marat Sharipov,p1_games,under,8.5,0.6019,1.66,1.95,0.4758,12.6,6-3/3-0,void,1903531,88,2026-10-06 16:17 UTC,2026-10-07 06:17 UTC,highlight
2026-10-07,"Palermo, Italy",,Clay,Gianluca Cadenasso,Massimo Giunta,winner,player_a,,0.8124,1.23,1.63,0.5733,23.9,6-7/5-7,0,1903681,100,2026-10-06 16:17 UTC,2026-10-08 06:20 UTC,strong+day+favourite+highlight
2026-10-07,"Palermo, Italy",,Clay,Jonas Forejtek,Martin Krumich,winner,player_a,,0.5002,2.0,2.03,0.4601,4.0,6-3/6-4,1,1903584,100,2026-10-06 16:17 UTC,2026-10-07 16:18 UTC,favourite
2026-10-07,Shanghai Rolex Masters,,Hard,Adrian Mannarino,Nikoloz Basilashvili,total_games,over,19.5,0.696,1.44,1.29,0.7389,-4.3,6-3/2-2,void,1903677,100,2026-10-06 20:15 UTC,2026-10-07 10:16 UTC,day
2026-10-07,Shanghai Rolex Masters,,Hard,Yannick Hanfmann,Kamil Majchrzak,total_games,over,19.5,0.7352,1.36,1.35,0.7065,2.9,6-7/7-6/7-6,1,1903350,100,2026-10-06 20:15 UTC,2026-10-07 10:16 UTC,strong+day
2026-10-07,Shanghai Rolex Masters,,Hard,Zhizhen Zhang,Tomas Machac,p1_games,under,11.5,0.5634,1.77,2.02,0.4628,10.1,6-1/6-7/2-6,0,1903333,100,2026-10-06 20:15 UTC,2026-10-07 10:16 UTC,highlight
2026-10-07,Shanghai Rolex Masters,,Hard,Marco Trungelliti,Rei Sakamoto,p2_games,over,11.5,0.7482,1.34,1.19,0.7871,-3.9,3-6/5-7,1,1903678,100,2026-10-06 20:15 UTC,2026-10-07 10:16 UTC,strong+day
2026-10-07,Shanghai Rolex Masters,,Hard,Marco Trungelliti,Rei Sakamoto,total_games,over,19.5,0.709,1.41,1.31,0.7277,-1.9,3-6/5-7,1,1903678,100,2026-10-06 20:15 UTC,2026-10-07 10:16 UTC,strong
2026-10-07,Shanghai Rolex Masters,,Hard,Mattia Bellucci,Yi Zhou,p1_games,over,11.5,0.8994,1.11,1.09,0.8545,4.5,4-6/6-3/6-7,1,1903688,100,2026-10-06 20:15 UTC,2026-10-07 16:18 UTC,strong+day
2026-10-07,Shanghai Rolex Masters,,Hard,Mattia Bellucci,Yi Zhou,total_games,over,18.5,0.7016,1.43,1.38,0.692,1.0,4-6/6-3/6-7,1,1903688,100,2026-10-06 20:15 UTC,2026-10-07 16:18 UTC,strong
2026-10-07,Shanghai Rolex Masters,,Hard,Mattia Bellucci,Yi Zhou,p1_games,under,13.5,0.7014,1.43,1.39,0.6722,2.9,4-6/6-3/6-7,0,1903688,100,2026-10-06 20:15 UTC,2026-10-07 16:18 UTC,strong
2026-10-07,China Open,,Hard,Iva Jovic,Iga Swiatek,total_games,under,23.5,0.7095,1.41,1.51,0.6281,8.1,1-6/3-6,1,1903017,100,2026-10-06 20:15 UTC,2026-10-07 10:16 UTC,strong
2026-10-07,China Open,,Hard,Coco Gauff,Elise Mertens,total_games,under,22.5,0.7162,1.4,1.49,0.6401,7.6,3-6/3-6,1,1903412,100,2026-10-06 20:15 UTC,2026-10-07 10:16 UTC,strong
2026-10-07,China Open,,Hard,Coco Gauff,Elise Mertens,total_games,under,19.5,0.575,1.74,2.01,0.4738,10.1,3-6/3-6,1,1903412,100,2026-10-06 20:15 UTC,2026-10-07 10:16 UTC,highlight
2026-10-07,"Antofagasta, Chile",,Clay,Juan Carlos Prado Angelo,Pedro Boscardin Dias,winner,player_a,,0.5601,1.79,1.64,0.5707,-1.1,6-2/6-3,1,1903713,100,2026-10-06 20:15 UTC,2026-10-09 06:20 UTC,favourite
2026-10-07,"Antofagasta, Chile",,Clay,Matheus Pucinelli de Almeida,Genaro Alberto Olivieri,winner,player_a,,0.5715,1.75,1.44,0.6479,-7.6,6-3/6-3,1,1903708,100,2026-10-06 20:15 UTC,2026-10-07 20:15 UTC,favourite
2026-10-07,"Antofagasta, Chile",,Clay,Nick Hardt,Felipe Meligeni Rodrigues Alves,winner,player_b,,0.6316,1.58,1.66,0.5632,6.8,3-6/3-6,1,1903714,94,2026-10-06 20:15 UTC,2026-10-08 06:20 UTC,day+highlight+favourite
2026-10-07,"Palermo, Italy",,Clay,Zdenek Kolar,Michele Ribecai,winner,player_a,,0.6281,1.59,1.54,0.6061,2.2,1-6/1-6,0,1903704,100,2026-10-06 20:15 UTC,2026-10-07 16:18 UTC,day+favourite+highlight
2026-10-07,"Palermo, Italy",,Clay,Andrej Martin,Alejandro Moro Canas,winner,player_b,,0.6021,1.66,1.39,0.6722,-7.0,0-6/3-6,1,1903705,100,2026-10-06 20:15 UTC,2026-10-07 16:18 UTC,day+favourite
2026-10-07,"Palermo, Italy",,Clay,Gianluca Cadenasso,Massimo Giunta,p2_games,under,11.5,0.6631,1.51,1.98,0.4677,19.5,6-7/5-7,0,1903681,100,2026-10-06 20:15 UTC,2026-10-08 06:20 UTC,highlight
2026-10-07,Shanghai Rolex Masters,,Hard,Quentin Halys,Chak Wong,winner,player_a,,0.5947,1.68,1.76,0.5464,4.8,6-4/7-6,1,1903679,81,2026-10-07 06:17 UTC,2026-10-07 16:18 UTC,favourite
2026-10-07,Shanghai Rolex Masters,,Hard,Holger Rune,Daniel Altmaier,winner,player_a,,0.7652,1.31,1.46,0.6573,10.8,6-1/6-7/4-6,0,1903336,94,2026-10-07 06:17 UTC,2026-10-07 16:18 UTC,strong+day+highlight+favourite
2026-10-07,Shanghai Rolex Masters,,Hard,Yibing Wu,Michael Zheng,p1_games,over,11.5,0.7274,1.37,1.35,0.6932,3.4,6-3/7-6,1,1903680,100,2026-10-07 06:17 UTC,2026-10-07 16:18 UTC,strong+day
2026-10-07,Shanghai Rolex Masters,,Hard,Yibing Wu,Michael Zheng,p2_games,under,13.5,0.7001,1.43,1.36,0.6881,1.2,6-3/7-6,1,1903680,100,2026-10-07 06:17 UTC,2026-10-07 16:18 UTC,strong
2026-10-07,Shanghai Rolex Masters,,Hard,Yibing Wu,Michael Zheng,winner,player_a,,0.568,1.76,1.76,0.5452,2.3,6-3/7-6,1,1903680,100,2026-10-07 06:17 UTC,2026-10-07 16:18 UTC,favourite
2026-10-07,Shanghai Rolex Masters,,Hard,Arthur Fery,Marin Cilic,total_games,over,19.5,0.7252,1.38,1.32,0.7203,0.5,7-6/6-1,1,1903335,100,2026-10-07 06:17 UTC,2026-10-07 16:18 UTC,strong
2026-10-07,China Open,,Hard,Ann Li,Elina Svitolina,total_games,under,23.5,0.7295,1.37,1.47,0.6475,8.2,2-6/3-6,1,1903065,100,2026-10-07 06:17 UTC,2026-10-07 16:18 UTC,strong
2026-10-07,China Open,,Hard,Ann Li,Elina Svitolina,total_games,under,22.5,0.7001,1.43,1.56,0.609,9.1,2-6/3-6,1,1903065,100,2026-10-07 06:17 UTC,2026-10-07 16:18 UTC,strong
2026-10-07,"Antofagasta, Chile",,Clay,Joao Lucas Da Silva,Guido Justo,winner,player_b,,0.6392,1.56,1.74,0.5372,10.2,7-5/0-0,0,1903719,81,2026-10-07 06:17 UTC,2026-10-07 20:15 UTC,favourite
2026-10-07,"Braga, Portugal",,Clay,Mackenzie McDonald,Ryan Nijboer,p2_games,under,12.5,0.6408,1.56,1.73,0.5362,10.5,1-6/6-4/3-6,0,1903077,100,2026-10-07 06:17 UTC,2026-10-07 20:15 UTC,highlight
2026-10-07,"Samsun, Turkiye",,N/A,Lucrezia Stefanini,Noma Noha Akugue,winner,player_a,,0.5348,1.87,1.54,0.6061,-7.1,6-2/6-3,1,1903698,81,2026-10-07 06:17 UTC,2026-10-07 16:18 UTC,favourite
2026-10-07,"Palermo, Italy",,Clay,Zdenek Kolar,Michele Ribecai,p2_games,under,12.5,0.6299,1.59,1.59,0.5827,4.7,1-6/1-6,1,1903704,100,2026-10-07 06:17 UTC,2026-10-07 16:18 UTC,day
2026-10-07,"Palermo, Italy",,Clay,Andrej Martin,Alejandro Moro Canas,p1_games,over,8.5,0.6798,1.47,1.78,0.5189,16.1,0-6/3-6,0,1903705,100,2026-10-07 06:17 UTC,2026-10-07 16:18 UTC,day+highlight
2026-10-08,China Open,,Hard,Ekaterina Alexandrova,Mirra Andreeva,p2_games,over,11.5,0.7884,1.27,1.15,0.813,-2.5,6-7/6-7,1,1903534,100,2026-10-07 06:17 UTC,2026-10-08 16:18 UTC,strong+day
2026-10-08,China Open,,Hard,Ekaterina Alexandrova,Mirra Andreeva,p2_games,under,13.5,0.7416,1.35,1.32,0.708,3.4,6-7/6-7,0,1903534,100,2026-10-07 06:17 UTC,2026-10-08 16:18 UTC,strong
2026-10-08,China Open,,Hard,Ekaterina Alexandrova,Mirra Andreeva,winner,player_b,,0.6865,1.46,1.3,0.74,-5.4,6-7/6-7,1,1903534,100,2026-10-07 06:17 UTC,2026-10-08 16:18 UTC,favourite
2026-10-08,China Open,,Hard,Karolina Muchova,Nikola Bartunkova,p1_games,over,11.5,0.8606,1.16,1.2,0.7778,8.3,3-6/0-6,0,1903675,100,2026-10-07 06:17 UTC,2026-10-08 10:17 UTC,strong+day
2026-10-08,China Open,,Hard,Karolina Muchova,Nikola Bartunkova,winner,player_a,,0.777,1.29,1.41,0.6839,9.3,3-6/0-6,0,1903675,100,2026-10-07 06:17 UTC,2026-10-08 10:17 UTC,strong+favourite
2026-10-08,China Open,,Hard,Karolina Muchova,Nikola Bartunkova,p1_games,under,13.5,0.7589,1.32,1.34,0.6982,6.1,3-6/0-6,1,1903675,100,2026-10-07 06:17 UTC,2026-10-08 10:17 UTC,strong
2026-10-08,China Open,,Hard,Karolina Muchova,Nikola Bartunkova,p2_games,under,9.5,0.5775,1.73,2.05,0.4562,12.1,3-6/0-6,0,1903675,100,2026-10-07 06:17 UTC,2026-10-08 10:17 UTC,highlight
2026-10-08,"Antofagasta, Chile",,Clay,Gustavo Heide,Eduardo Ribeiro,winner,player_a,,0.8347,1.2,1.15,0.813,2.2,6-3/3-6/4-6,0,1903718,100,2026-10-07 06:17 UTC,2026-10-08 20:16 UTC,strong+day+favourite
2026-10-08,"Antofagasta, Chile",,Clay,Joaquin Aguilar Cardozo,Lautaro Midon,winner,player_b,,0.6615,1.51,2.0,0.4667,19.5,6-7/6-2/6-7,1,1903721,100,2026-10-07 06:17 UTC,2026-10-08 20:16 UTC,day+highlight+favourite
2026-10-08,"Villena, Spain",,Hard,Daniel Rincon,Pedro Martinez,winner,player_b,,0.5889,1.7,1.87,0.5,8.9,5-7/4-6,1,1903716,100,2026-10-07 06:17 UTC,2026-10-08 20:16 UTC,highlight+favourite
2026-10-08,"Villena, Spain",,Hard,Jack Pinnington Jones,Joel Schwaerzler,winner,player_b,,0.5194,1.93,1.85,0.5053,1.4,6-1/6-3,0,1903703,100,2026-10-07 06:17 UTC,2026-10-08 16:18 UTC,favourite
2026-10-08,"Villena, Spain",,Hard,Moez Echargui,Daniil Glinka,winner,player_b,,0.5851,1.71,1.73,0.5411,4.4,2-6/1-6,1,1903707,100,2026-10-07 06:17 UTC,2026-10-08 16:18 UTC,favourite
2026-10-08,"Villena, Spain",,Hard,Pablo Llamas Ruiz,Petr Nesterov,winner,player_a,,0.69,1.45,1.36,0.6881,0.2,3-6/7-6/6-3,1,1903710,100,2026-10-07 06:17 UTC,2026-10-08 20:16 UTC,day+favourite
2026-10-08,"Suzhou, China",,Hard,Elvina Kalieva,Tamara Korpatsch,winner,player_b,,0.7278,1.37,1.82,0.5134,21.4,2-6/6-1/6-4,0,1903673,94,2026-10-07 06:17 UTC,2026-10-08 06:20 UTC,favourite
2026-10-08,"Suzhou, China",,Hard,Zhuoxuan Bai,Emerson Jones,winner,player_b,,0.6105,1.64,1.58,0.5917,1.9,1-6/6-3/7-6,0,1903585,94,2026-10-07 06:17 UTC,2026-10-08 06:20 UTC,favourite
2026-10-08,"Wuning 3, China",,N/A,Evan Zhu,Alibek Kachmazov,winner,player_b,,0.8033,1.24,1.51,0.6177,18.6,6-7/6-7,1,1903655,81,2026-10-07 06:17 UTC,2026-10-08 10:17 UTC,strong+day+highlight+favourite
2026-10-08,"Wuning 3, China",,N/A,Fajing Sun,Kasidit Samrej,p2_games,over,11.5,0.6998,1.43,1.67,0.5535,14.6,6-4/7-5,0,1903551,88,2026-10-07 06:17 UTC,2026-10-08 10:17 UTC,day+highlight
2026-10-08,"Wuning 3, China",,N/A,Fajing Sun,Kasidit Samrej,winner,player_b,,0.5372,1.86,2.65,0.3537,18.4,6-4/7-5,0,1903551,88,2026-10-07 06:17 UTC,2026-10-08 10:17 UTC,favourite
2026-10-08,"Wuning 3, China",,N/A,Jay Dylan Friend,Mitsuki Wei Kang Leong,winner,player_a,,0.749,1.34,1.32,0.708,4.1,6-3/6-3,1,1903583,81,2026-10-07 06:17 UTC,2026-10-08 06:20 UTC,strong+day+favourite
2026-10-08,"Wuning 3, China",,N/A,Ryan Seggerman,Kaichi Uchida,winner,player_a,,0.6443,1.55,1.28,0.7294,-8.5,4-6/7-5/6-4,1,1903555,88,2026-10-07 06:17 UTC,2026-10-08 06:20 UTC,day+favourite
2026-10-08,"Palermo, Italy",,Clay,Buvaysar Gadamauri,Yanaki Milev,winner,player_a,,0.712,1.4,1.6,0.5844,12.8,2-6/6-7,0,1903712,100,2026-10-07 06:17 UTC,2026-10-08 16:18 UTC,strong+day+highlight+favourite
2026-10-08,"Palermo, Italy",,Clay,Carlo Alberto Caniato,Francesco Passaro,winner,player_b,,0.5521,1.81,1.69,0.5529,-0.1,6-4/3-6/4-6,1,1903717,100,2026-10-07 06:17 UTC,2026-10-08 20:16 UTC,favourite
2026-10-08,"Palermo, Italy",,Clay,Carlos Sanchez Jover,Lorenzo Giustino,winner,player_b,,0.5223,1.91,1.87,0.5,2.2,2-6/6-2/6-3,0,1903711,100,2026-10-07 06:17 UTC,2026-10-08 16:18 UTC,favourite
2026-10-07,"Antofagasta, Chile",,Clay,Matheus Pucinelli de Almeida,Genaro Alberto Olivieri,p2_games,over,10.5,0.6172,1.62,1.87,0.496,12.1,6-3/6-3,0,1903708,100,2026-10-07 10:16 UTC,2026-10-07 20:15 UTC,day+highlight
2026-10-08,Shanghai Rolex Masters,,Hard,Camilo Ugo Carabelli,Ilia Simakin,p2_games,over,11.5,0.7553,1.32,1.2,0.7778,-2.2,2-6/6-2/7-5,1,1903700,100,2026-10-07 10:16 UTC,2026-10-08 10:17 UTC,strong+day
2026-10-08,Shanghai Rolex Masters,,Hard,Camilo Ugo Carabelli,Ilia Simakin,winner,player_b,,0.6018,1.66,1.47,0.6517,-5.0,2-6/6-2/7-5,0,1903700,100,2026-10-07 10:16 UTC,2026-10-08 10:17 UTC,favourite
2026-10-08,Shanghai Rolex Masters,,Hard,Jaume Munar,Jenson Brooksby,p1_games,over,11.5,0.7617,1.31,1.27,0.7338,2.8,5-7/4-6,0,1903347,100,2026-10-07 10:16 UTC,2026-10-08 06:20 UTC,strong+day
2026-10-08,Shanghai Rolex Masters,,Hard,Jaume Munar,Jenson Brooksby,winner,player_a,,0.6193,1.61,1.58,0.6089,1.0,5-7/4-6,0,1903347,100,2026-10-07 10:16 UTC,2026-10-08 06:20 UTC,favourite
2026-10-08,Shanghai Rolex Masters,,Hard,Kimmer Coppejans,Stefanos Tsitsipas,p2_games,over,11.5,0.9152,1.09,1.03,0.9066,0.9,3-6/5-7,1,1903686,100,2026-10-07 10:16 UTC,2026-10-08 06:20 UTC,strong+day
2026-10-08,Shanghai Rolex Masters,,Hard,Kimmer Coppejans,Stefanos Tsitsipas,winner,player_b,,0.8331,1.2,1.1,0.8764,-4.3,3-6/5-7,1,1903686,100,2026-10-07 10:16 UTC,2026-10-08 06:20 UTC,strong+favourite
2026-10-08,Shanghai Rolex Masters,,Hard,Kimmer Coppejans,Stefanos Tsitsipas,p2_games,under,13.5,0.7259,1.38,1.3,0.7174,0.8,3-6/5-7,1,1903686,100,2026-10-07 10:16 UTC,2026-10-08 06:20 UTC,strong
2026-10-08,Shanghai Rolex Masters,,Hard,Pavel Kotov,Tallon Griekspoor,p2_games,over,11.5,0.8345,1.2,1.18,0.7923,4.2,6-4/7-6,0,1903684,100,2026-10-07 10:16 UTC,2026-10-08 06:20 UTC,strong+day
2026-10-08,Shanghai Rolex Masters,,Hard,Pavel Kotov,Tallon Griekspoor,winner,player_b,,0.6848,1.46,1.46,0.6573,2.7,6-4/7-6,0,1903684,100,2026-10-07 10:16 UTC,2026-10-08 06:20 UTC,favourite
2026-10-08,Shanghai Rolex Masters,,Hard,Hubert Hurkacz,James Duckworth,p2_games,under,13.5,0.7342,1.36,1.47,0.6343,10.0,6-3/7-6,1,1903346,100,2026-10-07 10:16 UTC,2026-10-08 10:17 UTC,strong
2026-10-08,Shanghai Rolex Masters,,Hard,Hubert Hurkacz,James Duckworth,p2_games,under,11.5,0.5627,1.78,2.24,0.4167,14.6,6-3/7-6,1,1903346,100,2026-10-07 10:16 UTC,2026-10-08 10:17 UTC,highlight
2026-10-08,Shanghai Rolex Masters,,Hard,Mariano Navone,Pablo Carreno Busta,p1_games,under,13.5,0.7214,1.39,1.43,0.6538,6.8,6-4/5-7/3-6,0,1903339,100,2026-10-07 10:16 UTC,2026-10-08 10:17 UTC,strong+day
2026-10-08,Shanghai Rolex Masters,,Hard,Mariano Navone,Pablo Carreno Busta,p2_games,over,11.5,0.7126,1.4,1.49,0.6266,8.6,6-4/5-7/3-6,1,1903339,100,2026-10-07 10:16 UTC,2026-10-08 10:17 UTC,strong
2026-10-08,Shanghai Rolex Masters,,Hard,Mariano Navone,Pablo Carreno Busta,winner,player_b,,0.5657,1.77,2.12,0.4536,11.2,6-4/5-7/3-6,1,1903339,100,2026-10-07 10:16 UTC,2026-10-08 10:17 UTC,highlight+favourite
2026-10-08,Shanghai Rolex Masters,,Hard,Thiago Agustin Tirante,Hamad Medjedovic,p1_games,over,11.5,0.6994,1.43,1.27,0.7338,-3.4,6-4/6-2,1,1903345,100,2026-10-07 10:16 UTC,2026-10-08 10:17 UTC,day
2026-10-08,Shanghai Rolex Masters,,Hard,Thiago Agustin Tirante,Hamad Medjedovic,winner,player_a,,0.5033,1.99,1.69,0.5678,-6.4,6-4/6-2,1,1903345,100,2026-10-07 10:16 UTC,2026-10-08 10:17 UTC,favourite
2026-10-08,"Palermo, Italy",,Clay,Gabriele Piraino,Enrico Dalla Valle,winner,player_b,,0.6612,1.51,1.44,0.6479,1.3,4-6/3-6,1,1903720,100,2026-10-07 10:16 UTC,2026-10-08 20:16 UTC,day+favourite+highlight
2026-10-08,Shanghai Rolex Masters,,Hard,Kimmer Coppejans,Stefanos Tsitsipas,total_games,over,17.5,0.7485,1.34,1.31,0.7248,2.4,3-6/5-7,1,1903686,100,2026-10-07 16:18 UTC,2026-10-08 06:20 UTC,strong
2026-10-08,Shanghai Rolex Masters,,Hard,Nuno Borges,Facundo Acosta,total_games,over,18.5,0.7234,1.38,1.27,0.7495,-2.6,7-6/6-2,1,1903352,94,2026-10-07 16:18 UTC,2026-10-08 06:20 UTC,strong
2026-10-08,Shanghai Rolex Masters,,Hard,Pavel Kotov,Tallon Griekspoor,total_games,over,19.5,0.7327,1.36,1.29,0.7389,-0.6,6-4/7-6,1,1903684,100,2026-10-07 16:18 UTC,2026-10-08 06:20 UTC,strong
2026-10-08,Shanghai Rolex Masters,,Hard,Adolfo Vallejo,Valentin Royer,p1_games,over,11.5,0.6969,1.43,1.33,0.7031,-0.6,6-3/6-1,1,1903342,94,2026-10-07 16:18 UTC,2026-10-08 10:17 UTC,day
2026-10-08,Shanghai Rolex Masters,,Hard,Adolfo Vallejo,Valentin Royer,winner,player_a,,0.5291,1.89,1.74,0.5515,-2.2,6-3/6-1,1,1903342,94,2026-10-07 16:18 UTC,2026-10-08 10:17 UTC,favourite
2026-10-08,Shanghai Rolex Masters,,Hard,Bernard Tomic,Matteo Arnaldi,p2_games,over,11.5,0.8393,1.19,1.2,0.7818,5.7,3-6/1-6,1,1903687,100,2026-10-07 16:18 UTC,2026-10-08 10:17 UTC,strong+day
2026-10-08,Shanghai Rolex Masters,,Hard,Bernard Tomic,Matteo Arnaldi,winner,player_b,,0.7132,1.4,1.46,0.6573,5.6,3-6/1-6,1,1903687,100,2026-10-07 16:18 UTC,2026-10-08 10:17 UTC,strong+highlight+favourite
2026-10-08,"Antofagasta, Chile",,Clay,Joaquin Aguilar Cardozo,Lautaro Midon,p2_games,over,11.5,0.7798,1.28,1.63,0.5688,21.1,6-7/6-2/6-7,1,1903721,100,2026-10-07 16:18 UTC,2026-10-08 20:16 UTC,strong+day
2026-10-08,"Antofagasta, Chile",,Clay,Joaquin Aguilar Cardozo,Lautaro Midon,p1_games,under,12.5,0.6602,1.51,1.78,0.5202,14.0,6-7/6-2/6-7,0,1903721,100,2026-10-07 16:18 UTC,2026-10-08 20:16 UTC,highlight
2026-10-08,"Braga, Portugal",,Clay,Miguel Damas,Matej Dodig,winner,player_b,,0.763,1.31,1.19,0.7871,-2.4,4-6/1-6,1,1903918,100,2026-10-07 16:18 UTC,2026-10-08 16:18 UTC,strong+day+favourite
2026-10-08,"Braga, Portugal",,Clay,Tiago Pereira,Nikolas Sanchez Izquierdo,winner,player_b,,0.7554,1.32,1.31,0.7127,4.3,7-5/6-3,0,1903915,100,2026-10-07 16:18 UTC,2026-10-08 16:18 UTC,strong+day+favourite
2026-10-08,"Braga, Portugal",,Clay,Vilius Gaubas,Duje Ajdukovic,p2_games,over,9.5,0.6263,1.6,1.79,0.5175,10.9,5-7/7-6/6-2,1,1903444,100,2026-10-07 16:18 UTC,2026-10-08 20:16 UTC,day+highlight
2026-10-08,"Villena, Spain",,Hard,Damir Dzumhur,Abedallah Shelbayh,p2_games,under,12.5,0.6095,1.64,1.7,0.5455,6.4,5-7/6-3/3-6,0,1903893,100,2026-10-07 16:18 UTC,2026-10-08 16:18 UTC,day
2026-10-08,"Villena, Spain",,Hard,Damir Dzumhur,Abedallah Shelbayh,winner,player_a,,0.6083,1.64,1.85,0.5053,10.3,5-7/6-3/3-6,0,1903893,100,2026-10-07 16:18 UTC,2026-10-08 16:18 UTC,highlight+favourite
2026-10-08,"Villena, Spain",,Hard,Max Hans Rehberg,Hynek Barton,winner,player_a,,0.5166,1.94,1.62,0.577,-6.0,1-6/7-6/6-7,0,1903952,100,2026-10-07 16:18 UTC,2026-10-08 16:18 UTC,favourite
2026-10-08,"Villena, Spain",,Hard,Oliver Tarvet,Laslo Djere,winner,player_b,,0.6669,1.5,2.25,0.4156,25.1,4-6/6-7,1,1903894,100,2026-10-07 16:18 UTC,2026-10-08 16:18 UTC,day+favourite
2026-10-08,"Villena, Spain",,Hard,Oliver Tarvet,Laslo Djere,p1_games,under,12.5,0.6085,1.64,1.83,0.5054,10.3,4-6/6-7,1,1903894,100,2026-10-07 16:18 UTC,2026-10-08 16:18 UTC,highlight
2026-10-08,"Villena, Spain",,Hard,Philip Henning,Borna Gojo,winner,player_b,,0.7182,1.39,1.44,0.6522,6.6,6-7/6-7,1,1903913,100,2026-10-07 16:18 UTC,2026-10-08 16:18 UTC,strong+day+highlight+favourite
2026-10-08,"Samsun, Turkiye",,N/A,Caroline Werner,Anna Blinkova,winner,player_b,,0.8203,1.22,1.12,0.8382,-1.8,2-6/3-6,1,1903889,59,2026-10-07 16:18 UTC,2026-10-08 16:18 UTC,favourite
2026-10-08,"Samsun, Turkiye",,N/A,Mariam Bolkvadze,Bianca Andreescu,winner,player_b,,0.7384,1.35,1.28,0.7294,0.9,4-6/3-6,1,1903815,81,2026-10-07 16:18 UTC,2026-10-08 16:18 UTC,favourite
2026-10-08,"Samsun, Turkiye",,N/A,Simona Waltert,Linda Klimovicova,winner,player_a,,0.6679,1.5,1.72,0.5438,12.4,6-3/6-2,1,1903891,72,2026-10-07 16:18 UTC,2026-10-08 16:18 UTC,favourite
2026-10-08,Shanghai Rolex Masters,,Hard,Kimmer Coppejans,Stefanos Tsitsipas,total_games,over,16.5,0.8462,1.18,1.15,0.8296,1.7,3-6/5-7,1,1903686,100,2026-10-07 20:15 UTC,2026-10-08 06:20 UTC,strong
2026-10-08,Shanghai Rolex Masters,,Hard,Thiago Agustin Tirante,Hamad Medjedovic,total_games,over,19.5,0.7563,1.32,1.32,0.7233,3.3,6-4/6-2,0,1903345,100,2026-10-07 20:15 UTC,2026-10-08 10:17 UTC,strong+day
2026-10-08,China Open,,Hard,Karolina Muchova,Nikola Bartunkova,total_games,under,24.5,0.718,1.39,1.5,0.6341,8.4,3-6/0-6,1,1903675,100,2026-10-07 20:15 UTC,2026-10-08 10:17 UTC,strong
2026-10-08,China Open,,Hard,Karolina Muchova,Nikola Bartunkova,total_games,under,23.5,0.7017,1.43,1.54,0.6188,8.3,3-6/0-6,1,1903675,100,2026-10-07 20:15 UTC,2026-10-08 10:17 UTC,strong
2026-10-08,"Braga, Portugal",,Clay,Patrick Schoen,Max Alcala Gurri,winner,player_b,,0.8209,1.22,1.4,0.6667,15.4,1-6/0-6,1,1903999,78,2026-10-07 20:15 UTC,2026-10-08 10:17 UTC,favourite
2026-10-08,"Braga, Portugal",,Clay,Olle Wallin,Lukas Neumayer,winner,player_b,,0.7175,1.39,1.35,0.6932,2.4,2-6/2-6,1,1904038,100,2026-10-07 20:15 UTC,2026-10-08 16:18 UTC,strong+day+favourite
2026-10-08,"Braga, Portugal",,Clay,Oleksii Krutykh,Luka Mikrut,winner,player_b,,0.8612,1.16,1.25,0.7475,11.4,7-6/4-6/4-6,1,1904017,100,2026-10-07 20:15 UTC,2026-10-08 16:18 UTC,strong+day+highlight+favourite
2026-10-08,"Villena, Spain",,Hard,Oliver Tarvet,Laslo Djere,p2_games,over,11.5,0.806,1.24,1.66,0.5573,24.9,4-6/6-7,1,1903894,100,2026-10-07 20:15 UTC,2026-10-08 16:18 UTC,strong+day
2026-10-08,Shanghai Rolex Masters,,Hard,Fabian Marozsan,Zachary Svajda,total_games,over,19.5,0.7072,1.41,1.31,0.7248,-1.8,3-6/6-7,1,1903351,100,2026-10-08 06:20 UTC,2026-10-08 10:17 UTC,strong
2026-10-08,Shanghai Rolex Masters,,Hard,Juan Manuel Cerundolo,Nicolas Mejia,p1_games,over,11.5,0.8256,1.21,1.2,0.7818,4.4,6-4/6-4,1,1903699,100,2026-10-08 06:20 UTC,2026-10-08 10:17 UTC,strong+day
2026-10-08,Shanghai Rolex Masters,,Hard,Juan Manuel Cerundolo,Nicolas Mejia,winner,player_a,,0.7044,1.42,1.47,0.6557,4.9,6-4/6-4,1,1903699,100,2026-10-08 06:20 UTC,2026-10-08 10:17 UTC,strong+favourite
2026-10-08,Shanghai Rolex Masters,,Hard,Vit Kopriva,Zizou Bergs,total_games,over,18.5,0.7297,1.37,1.29,0.7362,-0.6,3-6/1-6,0,1903344,100,2026-10-08 06:20 UTC,2026-10-08 16:18 UTC,strong
2026-10-08,Shanghai Rolex Masters,,Hard,Luca Van Assche,Bu Yunchaokete,p1_games,over,11.5,0.7174,1.39,1.53,0.6107,10.7,6-7/3-6,0,1903349,100,2026-10-08 06:20 UTC,2026-10-08 16:18 UTC,strong+day
2026-10-08,Shanghai Rolex Masters,,Hard,Luca Van Assche,Bu Yunchaokete,winner,player_a,,0.5517,1.81,2.28,0.4213,13.0,6-7/3-6,0,1903349,100,2026-10-08 06:20 UTC,2026-10-08 16:18 UTC,highlight+favourite
2026-10-08,Shanghai Rolex Masters,,Hard,Cameron Norrie,Dalibor Svrcina,p1_games,over,11.5,0.8344,1.2,1.26,0.7407,9.4,3-6/6-3/4-6,1,1903685,100,2026-10-08 06:20 UTC,2026-10-08 16:18 UTC,strong+day
2026-10-08,Shanghai Rolex Masters,,Hard,Cameron Norrie,Dalibor Svrcina,winner,player_a,,0.728,1.37,1.54,0.6235,10.5,3-6/6-3/4-6,0,1903685,100,2026-10-08 06:20 UTC,2026-10-08 16:18 UTC,strong+highlight+favourite
2026-10-08,Shanghai Rolex Masters,,Hard,Cameron Norrie,Dalibor Svrcina,p1_games,under,13.5,0.7139,1.4,1.35,0.6897,2.4,3-6/6-3/4-6,1,1903685,100,2026-10-08 06:20 UTC,2026-10-08 16:18 UTC,strong
2026-10-08,China Open,,Hard,Ekaterina Alexandrova,Mirra Andreeva,total_games,over,17.5,0.7012,1.43,1.29,0.7389,-3.8,6-7/6-7,1,1903534,100,2026-10-08 06:20 UTC,2026-10-08 16:18 UTC,strong
2026-10-08,"Braga, Portugal",,Clay,Ryan Nijboer,Marvin Moeller,winner,player_b,,0.7622,1.31,1.41,0.6611,10.1,3-6/3-6,1,1904072,100,2026-10-08 06:20 UTC,2026-10-08 16:18 UTC,strong+day+favourite+highlight
2026-10-08,"Braga, Portugal",,Clay,Ryan Nijboer,Marvin Moeller,p1_games,under,11.5,0.6099,1.64,1.83,0.5054,10.4,3-6/3-6,1,1904072,100,2026-10-08 06:20 UTC,2026-10-08 16:18 UTC,highlight
2026-10-09,China Open,,Hard,Elise Mertens,Iga Swiatek,p2_games,over,11.5,0.8944,1.12,1.1,0.8493,4.5,7-6/6-3,0,1903809,100,2026-10-08 06:20 UTC,2026-10-09 16:16 UTC,strong+day
2026-10-09,China Open,,Hard,Elise Mertens,Iga Swiatek,winner,player_b,,0.8282,1.21,1.21,0.7917,3.6,7-6/6-3,0,1903809,100,2026-10-08 06:20 UTC,2026-10-09 16:16 UTC,strong+favourite
2026-10-09,China Open,,Hard,Elise Mertens,Iga Swiatek,p2_games,under,13.5,0.7885,1.27,1.28,0.7322,5.6,7-6/6-3,1,1903809,100,2026-10-08 06:20 UTC,2026-10-09 16:16 UTC,strong
2026-10-09,China Open,,Hard,Qinwen Zheng,Elina Svitolina,p2_games,over,11.5,0.7606,1.31,1.33,0.7031,5.7,6-3/7-6,0,1903980,100,2026-10-08 06:20 UTC,2026-10-09 10:17 UTC,strong+day
2026-10-09,China Open,,Hard,Qinwen Zheng,Elina Svitolina,p2_games,under,13.5,0.7326,1.37,1.34,0.6948,3.8,6-3/7-6,1,1903980,100,2026-10-08 06:20 UTC,2026-10-09 10:17 UTC,strong
2026-10-09,China Open,,Hard,Qinwen Zheng,Elina Svitolina,winner,player_b,,0.6473,1.54,1.67,0.5761,7.1,6-3/7-6,0,1903980,100,2026-10-08 06:20 UTC,2026-10-09 10:17 UTC,highlight+favourite
2026-10-09,"Antofagasta, Chile",,Clay,Matheus Pucinelli de Almeida,Joao Lucas Da Silva,winner,player_a,,0.5581,1.79,1.44,0.6479,-9.0,4-6/6-7,0,1904067,81,2026-10-08 06:20 UTC,2026-10-09 20:14 UTC,favourite
2026-10-09,"Antofagasta, Chile",,Clay,Thiago Seyboth Wild,Felipe Meligeni Rodrigues Alves,winner,player_a,,0.6261,1.6,1.27,0.7338,-10.8,6-1/6-4,1,1904075,94,2026-10-08 06:20 UTC,2026-10-09 16:16 UTC,day+favourite
2026-10-09,"Suzhou, China",,Hard,Aliaksandra Sasnovich,Elvina Kalieva,winner,player_a,,0.7549,1.32,1.24,0.754,0.1,3-6/6-7,0,1904129,94,2026-10-08 06:20 UTC,2026-10-09 06:20 UTC,favourite
2026-10-09,"Suzhou, China",,Hard,Zhuoxuan Bai,Kyoka Okamura,winner,player_b,,0.5421,1.84,2.65,0.3537,18.8,1-6/6-7,1,1904130,94,2026-10-08 06:20 UTC,2026-10-09 06:20 UTC,favourite
2026-10-09,"Samsun, Turkiye",,N/A,Lucrezia Stefanini,Polina Iatcenko,winner,player_a,,0.5305,1.89,1.74,0.5372,-0.7,6-3/7-5,1,1903919,81,2026-10-08 06:20 UTC,2026-10-09 16:16 UTC,favourite
2026-10-09,"Wuning 3, China",,N/A,Keisuke Saitoh,Akira Santillan,winner,player_b,,0.7228,1.38,1.63,0.5722,15.1,6-7/6-1/6-4,0,1903775,81,2026-10-08 06:20 UTC,2026-10-09 06:20 UTC,favourite
2026-10-09,"Wuning 3, China",,N/A,Timofei Derepasko,Omar Jasika,winner,player_b,,0.5708,1.75,1.27,0.7365,-16.6,3-6/2-6,1,1903782,81,2026-10-08 06:20 UTC,2026-10-09 06:20 UTC,favourite
2026-10-09,"Palermo, Italy",,Clay,Massimo Giunta,Alejandro Moro Canas,winner,player_b,,0.7847,1.27,1.52,0.6142,17.1,4-6/7-6/6-7,1,1904073,100,2026-10-08 06:20 UTC,2026-10-09 20:14 UTC,strong+day+highlight+favourite
2026-10-09,"Palermo, Italy",,Clay,Michele Ribecai,Jonas Forejtek,winner,player_b,,0.5601,1.79,1.6,0.5844,-2.4,1-6/6-1/6-7,1,1903899,100,2026-10-08 06:20 UTC,2026-10-09 16:16 UTC,favourite
2026-10-09,"Suzhou, China",,Hard,Aliona Falei,Rebecca Sramkova,winner,player_b,,0.519,1.93,1.74,0.5372,-1.8,1-6/6-2/2-6,1,1904239,94,2026-10-08 10:17 UTC,2026-10-09 10:17 UTC,favourite
2026-10-09,"Suzhou, China",,Hard,Katarina Zavatska,Renata Zarazua,winner,player_b,,0.6428,1.56,1.18,0.7923,-14.9,1-6/6-7,1,1904237,94,2026-10-08 10:17 UTC,2026-10-09 06:20 UTC,day+favourite
2026-10-09,"Wuning 3, China",,N/A,Fajing Sun,Alibek Kachmazov,winner,player_b,,0.5264,1.9,1.87,0.5,2.6,3-6/4-6,1,1904246,81,2026-10-08 10:17 UTC,2026-10-09 10:17 UTC,favourite
2026-10-09,"Wuning 3, China",,N/A,Jay Dylan Friend,Ryan Seggerman,winner,player_a,,0.6791,1.47,1.34,0.6982,-1.9,7-6/6-2,1,1904131,81,2026-10-08 10:17 UTC,2026-10-09 10:17 UTC,day+favourite+highlight
2026-10-09,Shanghai Rolex Masters,,Hard,Adrian Mannarino,Flavio Cobolli,p2_games,over,11.5,0.8368,1.2,1.2,0.7778,5.9,6-1/4-6/6-3,0,1903787,100,2026-10-08 16:18 UTC,2026-10-09 10:17 UTC,strong+day
2026-10-09,Shanghai Rolex Masters,,Hard,Adrian Mannarino,Flavio Cobolli,winner,player_b,,0.7169,1.39,1.47,0.6517,6.5,6-1/4-6/6-3,0,1903787,100,2026-10-08 16:18 UTC,2026-10-09 10:17 UTC,strong+highlight+favourite
2026-10-09,Shanghai Rolex Masters,,Hard,Arthur Gea,Ugo Humbert,p2_games,over,11.5,0.7574,1.32,1.44,0.6479,10.9,6-4/3-6/6-1,0,1903784,100,2026-10-08 16:18 UTC,2026-10-09 06:20 UTC,strong+day
2026-10-09,Shanghai Rolex Masters,,Hard,Arthur Gea,Ugo Humbert,winner,player_b,,0.5989,1.67,2.08,0.4625,13.6,6-4/3-6/6-1,0,1903784,100,2026-10-08 16:18 UTC,2026-10-09 06:20 UTC,highlight+favourite
2026-10-09,Shanghai Rolex Masters,,Hard,Ben Shelton,Daniel Altmaier,p1_games,over,11.5,0.9211,1.09,1.03,0.9049,1.6,6-3/7-6,1,1903983,100,2026-10-08 16:18 UTC,2026-10-09 06:20 UTC,strong+day
2026-10-09,Shanghai Rolex Masters,,Hard,Ben Shelton,Daniel Altmaier,winner,player_a,,0.8277,1.21,1.13,0.8538,-2.6,6-3/7-6,1,1903983,100,2026-10-08 16:18 UTC,2026-10-09 06:20 UTC,strong+favourite
2026-10-09,Shanghai Rolex Masters,,Hard,Ben Shelton,Daniel Altmaier,total_games,over,18.5,0.7483,1.34,1.27,0.7495,-0.1,6-3/7-6,1,1903983,100,2026-10-08 16:18 UTC,2026-10-09 06:20 UTC,strong
2026-10-09,Shanghai Rolex Masters,,Hard,Rei Sakamoto,Andrey Rublev,p2_games,over,11.5,0.8919,1.12,1.14,0.8202,7.2,6-4/6-4,0,1903811,100,2026-10-08 16:18 UTC,2026-10-09 06:20 UTC,strong+day
2026-10-09,Shanghai Rolex Masters,,Hard,Rei Sakamoto,Andrey Rublev,winner,player_b,,0.7838,1.28,1.37,0.7035,8.0,6-4/6-4,0,1903811,100,2026-10-08 16:18 UTC,2026-10-09 06:20 UTC,strong+favourite
2026-10-09,Shanghai Rolex Masters,,Hard,Rei Sakamoto,Andrey Rublev,p1_games,under,11.5,0.5912,1.69,1.98,0.472,11.9,6-4/6-4,0,1903811,100,2026-10-08 16:18 UTC,2026-10-09 06:20 UTC,highlight
2026-10-09,Shanghai Rolex Masters,,Hard,Alexander Zverev,Yibing Wu,p1_games,over,11.5,0.9304,1.07,1.03,0.9066,2.4,6-4/7-6,1,1903892,100,2026-10-08 16:18 UTC,2026-10-09 10:17 UTC,strong+day
2026-10-09,Shanghai Rolex Masters,,Hard,Alexander Zverev,Yibing Wu,winner,player_a,,0.8566,1.17,1.1,0.8764,-2.0,6-4/7-6,1,1903892,100,2026-10-08 16:18 UTC,2026-10-09 10:17 UTC,strong+favourite
2026-10-09,Shanghai Rolex Masters,,Hard,Alexander Zverev,Yibing Wu,p1_games,under,13.5,0.7354,1.36,1.33,0.7031,3.2,6-4/7-6,1,1903892,100,2026-10-08 16:18 UTC,2026-10-09 10:17 UTC,strong
2026-10-09,Shanghai Rolex Masters,,Hard,Matteo Berrettini,Brandon Nakashima,p1_games,over,11.5,0.6847,1.46,1.44,0.6479,3.7,6-7/5-7,0,1903785,100,2026-10-08 16:18 UTC,2026-10-09 10:17 UTC,day
2026-10-09,Shanghai Rolex Masters,,Hard,Matteo Berrettini,Brandon Nakashima,winner,player_b,,0.54,1.85,1.67,0.5751,-3.5,6-7/5-7,1,1903785,100,2026-10-08 16:18 UTC,2026-10-09 10:17 UTC,favourite
2026-10-09,Shanghai Rolex Masters,,Hard,Quentin Halys,Alexander Blockx,p2_games,over,11.5,0.7366,1.36,1.26,0.7407,-0.4,4-6/7-6/6-4,1,1903871,100,2026-10-08 16:18 UTC,2026-10-09 10:17 UTC,strong+day
2026-10-09,Shanghai Rolex Masters,,Hard,Quentin Halys,Alexander Blockx,winner,player_b,,0.541,1.85,1.72,0.559,-1.8,4-6/7-6/6-4,0,1903871,100,2026-10-08 16:18 UTC,2026-10-09 10:17 UTC,favourite
2026-10-09,Shanghai Rolex Masters,,Hard,Yannick Hanfmann,Frances Tiafoe,p2_games,over,11.5,0.8313,1.2,1.16,0.802,2.9,4-6/4-6,1,1903819,100,2026-10-08 16:18 UTC,2026-10-09 10:17 UTC,strong+day
2026-10-09,Shanghai Rolex Masters,,Hard,Yannick Hanfmann,Frances Tiafoe,winner,player_b,,0.6874,1.45,1.41,0.6803,0.7,4-6/4-6,1,1903819,100,2026-10-08 16:18 UTC,2026-10-09 10:17 UTC,favourite
2026-10-09,Shanghai Rolex Masters,,Hard,Alejandro Davidovich Fokina,Jenson Brooksby,p1_games,over,11.5,0.8082,1.24,1.19,0.7871,2.1,6-1/6-3,1,1904238,100,2026-10-08 16:18 UTC,2026-10-09 10:17 UTC,strong+day
2026-10-09,Shanghai Rolex Masters,,Hard,Alejandro Davidovich Fokina,Jenson Brooksby,winner,player_a,,0.6824,1.47,1.41,0.6803,0.2,6-1/6-3,1,1904238,100,2026-10-08 16:18 UTC,2026-10-09 10:17 UTC,favourite
2026-10-09,Shanghai Rolex Masters,,Hard,Alex de Minaur,Alex Molcan,p1_games,over,11.5,0.9038,1.11,1.15,0.813,9.1,,void,1903792,100,2026-10-08 16:18 UTC,2026-10-09 06:20 UTC,strong+day
2026-10-09,Shanghai Rolex Masters,,Hard,Alex de Minaur,Alex Molcan,winner,player_a,,0.8258,1.21,1.34,0.7173,10.8,,1,1903792,100,2026-10-08 16:18 UTC,2026-10-09 06:20 UTC,strong+favourite
2026-10-09,Shanghai Rolex Masters,,Hard,Alex de Minaur,Alex Molcan,p1_games,under,13.5,0.7427,1.35,1.41,0.6611,8.2,,void,1903792,100,2026-10-08 16:18 UTC,2026-10-09 06:20 UTC,strong
2026-10-09,Shanghai Rolex Masters,,Hard,Alex de Minaur,Alex Molcan,p2_games,under,9.5,0.6063,1.65,2.08,0.4497,15.7,,void,1903792,100,2026-10-08 16:18 UTC,2026-10-09 06:20 UTC,highlight
2026-10-09,"Braga, Portugal",,Clay,Lukas Neumayer,Max Alcala Gurri,winner,player_b,,0.5137,1.95,1.74,0.5372,-2.4,6-7/6-2/6-2,0,1904358,100,2026-10-08 16:18 UTC,2026-10-09 16:16 UTC,favourite
2026-10-09,"Villena, Spain",,Hard,Jack Pinnington Jones,Borna Gojo,winner,player_b,,0.636,1.57,1.82,0.5147,12.1,6-2/7-5,0,1904347,100,2026-10-08 16:18 UTC,2026-10-09 16:16 UTC,day+highlight+favourite
2026-10-09,"Samsun, Turkiye",,N/A,Ayla Aksu,Fiona Crawley,winner,player_b,,0.6061,1.65,1.5,0.6241,-1.8,3-6/6-3/6-4,0,1904337,81,2026-10-08 16:18 UTC,2026-10-09 16:16 UTC,favourite
2026-10-09,"Samsun, Turkiye",,N/A,Simona Waltert,Himeno Sakatsume,winner,player_a,,0.5396,1.85,1.74,0.5372,0.2,7-5/4-6/0-6,0,1904356,81,2026-10-08 16:18 UTC,2026-10-09 20:14 UTC,favourite
2026-10-09,"Samsun, Turkiye",,N/A,Bianca Andreescu,Anna Blinkova,winner,player_b,,0.5366,1.86,2.13,0.4395,9.7,3-6/4-6,1,1904396,88,2026-10-08 16:18 UTC,2026-10-09 20:14 UTC,favourite
2026-10-09,Shanghai Rolex Masters,,Hard,Rei Sakamoto,Andrey Rublev,p1_games,under,10.5,0.5563,1.8,2.11,0.4433,11.3,6-4/6-4,0,1903811,100,2026-10-08 20:16 UTC,2026-10-09 06:20 UTC,highlight
2026-10-09,Shanghai Rolex Masters,,Hard,Alexander Zverev,Yibing Wu,total_games,over,17.5,0.7452,1.34,1.19,0.798,-5.3,6-4/7-6,1,1903892,100,2026-10-08 20:16 UTC,2026-10-09 10:17 UTC,strong
2026-10-09,Shanghai Rolex Masters,,Hard,Alexander Zverev,Yibing Wu,total_games,under,23.5,0.7012,1.43,1.4,0.6782,2.3,6-4/7-6,1,1903892,100,2026-10-08 20:16 UTC,2026-10-09 10:17 UTC,strong
2026-10-09,Shanghai Rolex Masters,,Hard,Matteo Berrettini,Brandon Nakashima,total_games,over,20.5,0.7295,1.37,1.37,0.6969,3.3,6-7/5-7,1,1903785,100,2026-10-08 20:16 UTC,2026-10-09 10:17 UTC,strong+day
2026-10-09,Shanghai Rolex Masters,,Hard,Yannick Hanfmann,Frances Tiafoe,total_games,over,19.5,0.71,1.41,1.34,0.7112,-0.1,4-6/4-6,1,1903819,100,2026-10-08 20:16 UTC,2026-10-09 10:17 UTC,strong
2026-10-09,Shanghai Rolex Masters,,Hard,Alejandro Davidovich Fokina,Jenson Brooksby,total_games,over,18.5,0.7075,1.41,1.3,0.7347,-2.7,6-1/6-3,0,1904238,100,2026-10-08 20:16 UTC,2026-10-09 10:17 UTC,strong
2026-10-09,Shanghai Rolex Masters,,Hard,Alex de Minaur,Alex Molcan,total_games,under,24.5,0.712,1.4,1.55,0.6144,9.8,,void,1903792,100,2026-10-08 20:16 UTC,2026-10-09 06:20 UTC,strong
2026-10-09,"Antofagasta, Chile",,Clay,Eduardo Ribeiro,Lautaro Midon,winner,player_b,,0.7255,1.38,1.44,0.6522,7.3,2-6/1-6,1,1904450,100,2026-10-08 20:16 UTC,2026-10-09 20:14 UTC,strong+day+highlight+favourite
2026-10-09,"Braga, Portugal",,Clay,Marvin Moeller,Matej Dodig,winner,player_b,,0.5573,1.79,1.51,0.6196,-6.2,2-6/3-6,1,1904382,100,2026-10-08 20:16 UTC,2026-10-09 16:16 UTC,favourite
2026-10-09,"Braga, Portugal",,Clay,Elmer Moller,Tiago Pereira,winner,player_a,,0.7611,1.31,1.34,0.6982,6.3,5-7/6-2/6-1,1,1904410,100,2026-10-08 20:16 UTC,2026-10-09 20:14 UTC,strong+day+highlight+favourite
2026-10-09,"Braga, Portugal",,Clay,Vilius Gaubas,Luka Mikrut,winner,player_b,,0.7146,1.4,1.54,0.6071,10.7,6-2/6-4,0,1904451,100,2026-10-08 20:16 UTC,2026-10-09 16:16 UTC,strong+day+highlight+favourite
2026-10-09,"Villena, Spain",,Hard,Abedallah Shelbayh,Daniil Glinka,p1_games,over,11.5,0.6667,1.5,1.62,0.5726,9.4,6-7/6-4/3-6,1,1904384,100,2026-10-08 20:16 UTC,2026-10-09 16:16 UTC,day
2026-10-09,"Villena, Spain",,Hard,Abedallah Shelbayh,Daniil Glinka,winner,player_b,,0.506,1.98,1.58,0.5917,-8.6,6-7/6-4/3-6,1,1904384,100,2026-10-08 20:16 UTC,2026-10-09 16:16 UTC,favourite
2026-10-09,"Villena, Spain",,Hard,Laslo Djere,Hynek Barton,winner,player_a,,0.658,1.52,1.4,0.6667,-0.9,6-3/7-5,1,1904411,100,2026-10-08 20:16 UTC,2026-10-09 16:16 UTC,day+favourite
2026-10-09,"Samsun, Turkiye",,N/A,Bianca Andreescu,Anna Blinkova,p2_games,over,11.5,0.6621,1.51,1.53,0.6047,5.7,3-6/4-6,1,1904396,88,2026-10-08 20:16 UTC,2026-10-09 20:14 UTC,day
2026-10-09,"Wuning 3, China",,N/A,Jay Dylan Friend,Ryan Seggerman,p2_games,under,12.5,0.6025,1.66,1.91,0.4838,11.9,7-6/6-2,1,1904131,81,2026-10-08 20:16 UTC,2026-10-09 10:17 UTC,highlight
2026-10-09,"Palermo, Italy",,Clay,Yanaki Milev,Carlos Sanchez Jover,winner,player_b,,0.6093,1.64,1.45,0.6463,-3.7,7-5/6-3,0,1904395,100,2026-10-08 20:16 UTC,2026-10-09 20:14 UTC,day+favourite
2026-10-09,Shanghai Rolex Masters,,Hard,Karen Khachanov,Arthur Fery,p1_games,over,11.5,0.7428,1.35,1.19,0.7832,-4.0,7-6/6-7/7-6,1,1903916,100,2026-10-09 06:20 UTC,2026-10-09 16:16 UTC,strong+day
2026-10-09,Shanghai Rolex Masters,,Hard,Karen Khachanov,Arthur Fery,total_games,over,19.5,0.714,1.4,1.35,0.7033,1.1,7-6/6-7/7-6,1,1903916,100,2026-10-09 06:20 UTC,2026-10-09 16:16 UTC,strong
2026-10-09,Shanghai Rolex Masters,,Hard,Karen Khachanov,Arthur Fery,winner,player_a,,0.5746,1.74,1.46,0.6573,-8.3,7-6/6-7/7-6,1,1903916,100,2026-10-09 06:20 UTC,2026-10-09 16:16 UTC,favourite
2026-10-09,Shanghai Rolex Masters,,Hard,Francisco Cerundolo,Roman Safiullin,p1_games,over,11.5,0.7446,1.34,1.38,0.6776,6.7,7-6/6-3,1,1903817,100,2026-10-09 06:20 UTC,2026-10-09 16:16 UTC,strong+day
2026-10-09,Shanghai Rolex Masters,,Hard,Francisco Cerundolo,Roman Safiullin,p2_games,under,13.5,0.7133,1.4,1.44,0.6479,6.5,7-6/6-3,1,1903817,100,2026-10-09 06:20 UTC,2026-10-09 16:16 UTC,strong
2026-10-09,Shanghai Rolex Masters,,Hard,Francisco Cerundolo,Roman Safiullin,winner,player_a,,0.5934,1.69,1.91,0.5039,9.0,7-6/6-3,1,1903817,100,2026-10-09 06:20 UTC,2026-10-09 16:16 UTC,highlight+favourite
2026-10-09,Shanghai Rolex Masters,,Hard,Miomir Kecmanovic,Jakub Mensik,winner,player_a,,0.6228,1.61,3.5,0.2739,34.9,3-6/3-6,0,1903776,78,2026-10-09 06:20 UTC,2026-10-09 16:16 UTC,favourite
2026-10-09,Shanghai Rolex Masters,,Hard,Alexander Bublik,Tomas Machac,total_games,over,19.5,0.7301,1.37,1.32,0.7233,0.7,6-4/7-6,1,1903813,100,2026-10-09 06:20 UTC,2026-10-09 16:16 UTC,strong+day
2026-10-09,Shanghai Rolex Masters,,Hard,Alexander Bublik,Tomas Machac,p1_games,over,11.5,0.7241,1.38,1.22,0.7663,-4.2,6-4/7-6,1,1903813,100,2026-10-09 06:20 UTC,2026-10-09 16:16 UTC,strong
2026-10-09,Shanghai Rolex Masters,,Hard,Alexander Bublik,Tomas Machac,winner,player_a,,0.5457,1.83,1.53,0.6295,-8.4,6-4/7-6,1,1903813,100,2026-10-09 06:20 UTC,2026-10-09 16:16 UTC,favourite
2026-10-09,Shanghai Rolex Masters,,Hard,Novak Djokovic,Hubert Hurkacz,winner,player_a,,0.8023,1.25,1.51,0.637,16.5,4-6/3-6,0,1904244,100,2026-10-09 06:20 UTC,2026-10-09 16:16 UTC,strong+day+favourite
2026-10-09,Shanghai Rolex Masters,,Hard,Novak Djokovic,Hubert Hurkacz,p2_games,under,13.5,0.7638,1.31,1.55,0.6036,16.0,4-6/3-6,1,1904244,100,2026-10-09 06:20 UTC,2026-10-09 16:16 UTC,strong
2026-10-09,Shanghai Rolex Masters,,Hard,Novak Djokovic,Hubert Hurkacz,p1_games,under,14.5,0.7371,1.36,1.47,0.6388,9.8,4-6/3-6,1,1904244,100,2026-10-09 06:20 UTC,2026-10-09 16:16 UTC,strong
2026-10-09,Shanghai Rolex Masters,,Hard,Novak Djokovic,Hubert Hurkacz,total_games,under,26.5,0.7115,1.41,1.58,0.602,10.9,4-6/3-6,1,1904244,100,2026-10-09 06:20 UTC,2026-10-09 16:16 UTC,strong
2026-10-09,Shanghai Rolex Masters,,Hard,Novak Djokovic,Hubert Hurkacz,p2_games,under,12.5,0.6802,1.47,1.94,0.4813,19.9,4-6/3-6,1,1904244,100,2026-10-09 06:20 UTC,2026-10-09 16:16 UTC,highlight
2026-10-09,Shanghai Rolex Masters,,Hard,Yi Zhou,Lorenzo Musetti,p2_games,over,11.5,0.9618,1.04,1.08,0.8629,9.9,7-6/3-6/7-6,1,1903914,100,2026-10-09 06:20 UTC,2026-10-09 16:16 UTC,strong+day
2026-10-09,Shanghai Rolex Masters,,Hard,Yi Zhou,Lorenzo Musetti,winner,player_b,,0.9185,1.09,1.21,0.7953,12.3,7-6/3-6/7-6,0,1903914,100,2026-10-09 06:20 UTC,2026-10-09 16:16 UTC,strong+favourite
2026-10-09,Shanghai Rolex Masters,,Hard,Yi Zhou,Lorenzo Musetti,p2_games,under,13.5,0.8025,1.25,1.39,0.6722,13.0,7-6/3-6/7-6,0,1903914,100,2026-10-09 06:20 UTC,2026-10-09 16:16 UTC,strong
2026-10-09,Shanghai Rolex Masters,,Hard,Yi Zhou,Lorenzo Musetti,total_games,under,23.5,0.7831,1.28,1.47,0.6475,13.6,7-6/3-6/7-6,0,1903914,100,2026-10-09 06:20 UTC,2026-10-09 16:16 UTC,strong
2026-10-09,Shanghai Rolex Masters,,Hard,Yi Zhou,Lorenzo Musetti,p1_games,under,10.5,0.7758,1.29,1.65,0.5658,21.0,7-6/3-6/7-6,0,1903914,100,2026-10-09 06:20 UTC,2026-10-09 16:16 UTC,strong
2026-10-09,Shanghai Rolex Masters,,Hard,Yi Zhou,Lorenzo Musetti,total_games,under,22.5,0.7501,1.33,1.58,0.602,14.8,7-6/3-6/7-6,0,1903914,100,2026-10-09 06:20 UTC,2026-10-09 16:16 UTC,strong
2026-10-09,Shanghai Rolex Masters,,Hard,Yi Zhou,Lorenzo Musetti,p1_games,under,9.5,0.735,1.36,1.81,0.516,21.9,7-6/3-6/7-6,0,1903914,100,2026-10-09 06:20 UTC,2026-10-09 16:16 UTC,strong
2026-10-09,Shanghai Rolex Masters,,Hard,Yi Zhou,Lorenzo Musetti,total_games,under,19.5,0.5753,1.74,2.39,0.398,17.7,7-6/3-6/7-6,0,1903914,100,2026-10-09 06:20 UTC,2026-10-09 16:16 UTC,highlight
2026-10-09,China Open,,Hard,Elise Mertens,Iga Swiatek,total_games,under,22.5,0.7161,1.4,1.46,0.649,6.7,7-6/6-3,1,1903809,100,2026-10-09 06:20 UTC,2026-10-09 16:16 UTC,strong
2026-10-09,"Antofagasta, Chile",,Clay,Juan Carlos Prado Angelo,Miguel Tobon,winner,player_a,,0.707,1.41,1.35,0.6932,1.4,6-2/6-2,1,1904471,100,2026-10-09 06:20 UTC,2026-10-10 06:18 UTC,strong+day+favourite
2026-10-09,"Braga, Portugal",,Clay,Marvin Moeller,Matej Dodig,p1_games,over,11.5,0.6076,1.65,1.76,0.5256,8.2,2-6/3-6,0,1904382,100,2026-10-09 06:20 UTC,2026-10-09 16:16 UTC,day
2026-10-09,"Villena, Spain",,Hard,Pablo Llamas Ruiz,Pedro Martinez,p2_games,over,11.5,0.664,1.51,1.67,0.5547,10.9,4-6/2-4,void,1904456,100,2026-10-09 06:20 UTC,2026-10-09 20:14 UTC,day+highlight
2026-10-09,"Villena, Spain",,Hard,Pablo Llamas Ruiz,Pedro Martinez,winner,player_b,,0.5049,1.98,2.38,0.3929,11.2,4-6/2-4,1,1904456,100,2026-10-09 06:20 UTC,2026-10-09 20:14 UTC,favourite
2026-10-09,"Samsun, Turkiye",,N/A,Bianca Andreescu,Anna Blinkova,p1_games,under,12.5,0.6323,1.58,1.54,0.601,3.1,3-6/4-6,1,1904396,88,2026-10-09 06:20 UTC,2026-10-09 20:14 UTC,day
2026-10-09,"Palermo, Italy",,Clay,Massimo Giunta,Alejandro Moro Canas,p1_games,under,11.5,0.6231,1.6,1.9,0.4865,13.7,4-6/7-6/6-7,0,1904073,100,2026-10-09 06:20 UTC,2026-10-09 20:14 UTC,highlight
2026-10-09,"Palermo, Italy",,Clay,Enrico Dalla Valle,Francesco Passaro,winner,player_b,,0.6124,1.63,1.64,0.5696,4.3,3-6/4-6,1,1904466,100,2026-10-09 06:20 UTC,2026-10-10 06:18 UTC,day+favourite
2026-10-10,Shanghai Rolex Masters,,Hard,Matteo Arnaldi,Taylor Fritz,p2_games,over,11.5,0.8644,1.16,1.09,0.8545,1.0,5-7/4-6,1,1904243,100,2026-10-09 06:20 UTC,2026-10-10 10:13 UTC,strong+day
2026-10-10,Shanghai Rolex Masters,,Hard,Matteo Arnaldi,Taylor Fritz,winner,player_b,,0.7414,1.35,1.25,0.7706,-2.9,5-7/4-6,1,1904243,100,2026-10-09 06:20 UTC,2026-10-10 10:13 UTC,strong+favourite
2026-10-10,Shanghai Rolex Masters,,Hard,Sebastian Baez,Valentin Vacherot,p2_games,over,11.5,0.7713,1.3,1.14,0.8202,-4.9,4-6/6-7,1,1904270,100,2026-10-09 06:20 UTC,2026-10-10 16:12 UTC,strong+day
2026-10-10,Shanghai Rolex Masters,,Hard,Sebastian Baez,Valentin Vacherot,winner,player_b,,0.6268,1.6,1.34,0.7203,-9.3,4-6/6-7,1,1904270,100,2026-10-09 06:20 UTC,2026-10-10 16:12 UTC,favourite
2026-10-10,China Open,,Hard,Mirra Andreeva,Nikola Bartunkova,p1_games,over,11.5,0.7669,1.3,1.21,0.7763,-0.9,6-2/6-2,1,1904360,100,2026-10-09 06:20 UTC,2026-10-10 10:13 UTC,strong+day
2026-10-10,China Open,,Hard,Mirra Andreeva,Nikola Bartunkova,p1_games,under,13.5,0.7393,1.35,1.3,0.7174,2.2,6-2/6-2,1,1904360,100,2026-10-09 06:20 UTC,2026-10-10 10:13 UTC,strong
2026-10-10,China Open,,Hard,Mirra Andreeva,Nikola Bartunkova,winner,player_a,,0.6593,1.52,1.4,0.6889,-3.0,6-2/6-2,1,1904360,100,2026-10-09 06:20 UTC,2026-10-10 10:13 UTC,favourite
2026-10-09,"Braga, Portugal",,Clay,Elmer Moller,Tiago Pereira,p2_games,under,11.5,0.6192,1.61,1.83,0.5054,11.4,5-7/6-2/6-1,1,1904410,100,2026-10-09 10:17 UTC,2026-10-09 20:14 UTC,highlight
2026-10-10,Shanghai Rolex Masters,,Hard,Camilo Ugo Carabelli,Felix Auger Aliassime,winner,player_b,,0.8573,1.17,1.04,0.9259,-6.9,6-4/6-7/5-7,1,1904240,100,2026-10-09 10:17 UTC,2026-10-10 10:13 UTC,strong+day+favourite
2026-10-10,Shanghai Rolex Masters,,Hard,Camilo Ugo Carabelli,Felix Auger Aliassime,p2_games,under,13.5,0.7419,1.35,1.19,0.7871,-4.5,6-4/6-7/5-7,0,1904240,100,2026-10-09 10:17 UTC,2026-10-10 10:13 UTC,strong
2026-10-10,Shanghai Rolex Masters,,Hard,Camilo Ugo Carabelli,Felix Auger Aliassime,p1_games,over,5.5,0.7307,1.37,1.38,0.6776,5.3,6-4/6-7/5-7,1,1904240,100,2026-10-09 10:17 UTC,2026-10-10 10:13 UTC,strong
2026-10-10,Shanghai Rolex Masters,,Hard,Daniil Medvedev,Jan-Lennard Struff,p1_games,over,11.5,0.9159,1.09,1.05,0.8865,2.9,4-6/6-4/6-3,1,1904346,100,2026-10-09 10:17 UTC,2026-10-10 06:18 UTC,strong+day
2026-10-10,Shanghai Rolex Masters,,Hard,Daniil Medvedev,Jan-Lennard Struff,winner,player_a,,0.8356,1.2,1.15,0.8345,0.1,4-6/6-4/6-3,1,1904346,100,2026-10-09 10:17 UTC,2026-10-10 06:18 UTC,strong+favourite
2026-10-10,Shanghai Rolex Masters,,Hard,Daniil Medvedev,Jan-Lennard Struff,p1_games,under,13.5,0.7301,1.37,1.39,0.6722,5.8,4-6/6-4/6-3,0,1904346,100,2026-10-09 10:17 UTC,2026-10-10 06:18 UTC,strong
2026-10-10,Shanghai Rolex Masters,,Hard,Jiri Lehecka,Nuno Borges,p1_games,over,11.5,0.813,1.23,1.13,0.827,-1.4,6-3/3-6/6-3,1,1904198,100,2026-10-09 10:17 UTC,2026-10-10 06:18 UTC,strong+day
2026-10-10,Shanghai Rolex Masters,,Hard,Jiri Lehecka,Nuno Borges,winner,player_a,,0.6616,1.51,1.33,0.7218,-6.0,6-3/3-6/6-3,1,1904198,100,2026-10-09 10:17 UTC,2026-10-10 06:18 UTC,favourite
2026-10-10,Shanghai Rolex Masters,,Hard,Thiago Agustin Tirante,Rafael Jodar,p2_games,over,11.5,0.8397,1.19,1.17,0.8007,3.9,6-4/2-6/3-6,1,1904245,100,2026-10-09 10:17 UTC,2026-10-10 06:18 UTC,strong+day
2026-10-10,Shanghai Rolex Masters,,Hard,Thiago Agustin Tirante,Rafael Jodar,winner,player_b,,0.7116,1.41,1.4,0.6889,2.3,6-4/2-6/3-6,1,1904245,100,2026-10-09 10:17 UTC,2026-10-10 06:18 UTC,strong+favourite
2026-10-10,Shanghai Rolex Masters,,Hard,Alejandro Tabilo,Pablo Carreno Busta,p2_games,over,11.5,0.6839,1.46,1.59,0.587,9.7,6-4/6-7/4-6,1,1904271,100,2026-10-09 10:17 UTC,2026-10-10 16:12 UTC,day+highlight
2026-10-10,Shanghai Rolex Masters,,Hard,Alejandro Tabilo,Pablo Carreno Busta,winner,player_b,,0.5025,1.99,2.45,0.3921,11.0,6-4/6-7/4-6,1,1904271,100,2026-10-09 10:17 UTC,2026-10-10 16:12 UTC,favourite
2026-10-10,Shanghai Rolex Masters,,Hard,Bu Yunchaokete,Casper Ruud,p2_games,over,11.5,0.8271,1.21,1.29,0.7249,10.2,1-6/6-7,1,1904357,100,2026-10-09 10:17 UTC,2026-10-10 10:13 UTC,strong+day
2026-10-10,Shanghai Rolex Masters,,Hard,Bu Yunchaokete,Casper Ruud,p1_games,under,13.5,0.7141,1.4,1.41,0.6651,4.9,1-6/6-7,1,1904357,100,2026-10-09 10:17 UTC,2026-10-10 10:13 UTC,strong
2026-10-10,Shanghai Rolex Masters,,Hard,Bu Yunchaokete,Casper Ruud,winner,player_b,,0.6857,1.46,1.7,0.5663,11.9,1-6/6-7,1,1904357,100,2026-10-09 10:17 UTC,2026-10-10 10:13 UTC,highlight+favourite
2026-10-10,Shanghai Rolex Masters,,Hard,Dalibor Svrcina,Tomas Etcheverry,p1_games,under,13.5,0.7237,1.38,1.36,0.6845,3.9,6-3/3-6/7-5,0,1904383,94,2026-10-09 10:17 UTC,2026-10-10 10:13 UTC,strong+day
2026-10-10,Shanghai Rolex Masters,,Hard,Dalibor Svrcina,Tomas Etcheverry,p2_games,over,11.5,0.7216,1.39,1.34,0.6982,2.3,6-3/3-6/7-5,1,1904383,94,2026-10-09 10:17 UTC,2026-10-10 10:13 UTC,strong
2026-10-10,Shanghai Rolex Masters,,Hard,Dalibor Svrcina,Tomas Etcheverry,winner,player_b,,0.5764,1.73,1.74,0.5515,2.5,6-3/3-6/7-5,0,1904383,94,2026-10-09 10:17 UTC,2026-10-10 10:13 UTC,favourite
2026-10-10,"Suzhou, China",,Hard,Kyoka Okamura,Elvina Kalieva,winner,player_a,,0.6165,1.62,2.65,0.3521,26.4,6-1/7-6,1,1904509,94,2026-10-09 10:17 UTC,2026-10-10 06:18 UTC,favourite
2026-10-10,"Suzhou, China",,Hard,Rebecca Sramkova,Renata Zarazua,p2_games,over,11.5,0.6129,1.63,1.61,0.5741,3.9,7-5/6-3,0,1904516,100,2026-10-09 10:17 UTC,2026-10-10 10:13 UTC,day
2026-10-10,"Suzhou, China",,Hard,Rebecca Sramkova,Renata Zarazua,winner,player_a,,0.5218,1.92,1.67,0.5582,-3.6,7-5/6-3,1,1904516,100,2026-10-09 10:17 UTC,2026-10-10 10:13 UTC,favourite
2026-10-10,"Wuning 3, China",,N/A,Keisuke Saitoh,Jay Dylan Friend,winner,player_b,,0.8624,1.16,1.2,0.7818,8.1,2-6/1-6,1,1904513,75,2026-10-09 10:17 UTC,2026-10-10 06:18 UTC,favourite
2026-10-10,"Wuning 3, China",,N/A,Alibek Kachmazov,Omar Jasika,winner,player_a,,0.7161,1.4,1.44,0.6522,6.4,7-6/6-3,1,1904514,81,2026-10-09 10:17 UTC,2026-10-10 06:18 UTC,strong+day+highlight+favourite
2026-10-10,Shanghai Rolex Masters,,Hard,Camilo Ugo Carabelli,Felix Auger Aliassime,total_games,over,16.5,0.8288,1.21,1.19,0.8013,2.7,6-4/6-7/5-7,1,1904240,100,2026-10-09 16:16 UTC,2026-10-10 10:13 UTC,strong
2026-10-10,Shanghai Rolex Masters,,Hard,Camilo Ugo Carabelli,Felix Auger Aliassime,total_games,over,17.5,0.7256,1.38,1.35,0.7033,2.2,6-4/6-7/5-7,1,1904240,100,2026-10-09 16:16 UTC,2026-10-10 10:13 UTC,strong
2026-10-10,Shanghai Rolex Masters,,Hard,Daniil Medvedev,Jan-Lennard Struff,total_games,under,24.5,0.7007,1.43,1.46,0.6532,4.7,4-6/6-4/6-3,0,1904346,100,2026-10-09 16:16 UTC,2026-10-10 06:18 UTC,strong
2026-10-10,Shanghai Rolex Masters,,Hard,Jiri Lehecka,Nuno Borges,total_games,over,19.5,0.7171,1.39,1.38,0.6885,2.9,6-3/3-6/6-3,1,1904198,100,2026-10-09 16:16 UTC,2026-10-10 06:18 UTC,strong
2026-10-10,Shanghai Rolex Masters,,Hard,Arthur Fils,Pavel Kotov,p1_games,over,11.5,0.9424,1.06,1.03,0.9049,3.7,6-3/6-4,1,1904133,100,2026-10-09 16:16 UTC,2026-10-10 10:13 UTC,strong+day
2026-10-10,Shanghai Rolex Masters,,Hard,Arthur Fils,Pavel Kotov,winner,player_a,,0.8768,1.14,1.11,0.8664,1.0,6-3/6-4,1,1904133,100,2026-10-09 16:16 UTC,2026-10-10 10:13 UTC,strong+favourite
2026-10-10,Shanghai Rolex Masters,,Hard,Arthur Fils,Pavel Kotov,p1_games,under,13.5,0.7492,1.33,1.31,0.7127,3.6,6-3/6-4,1,1904133,100,2026-10-09 16:16 UTC,2026-10-10 10:13 UTC,strong
2026-10-10,Shanghai Rolex Masters,,Hard,Learner Tien,Zachary Svajda,p1_games,over,11.5,0.8644,1.16,1.12,0.8333,3.1,7-5/7-5,1,1904258,100,2026-10-09 16:16 UTC,2026-10-10 16:12 UTC,strong+day
2026-10-10,Shanghai Rolex Masters,,Hard,Learner Tien,Zachary Svajda,winner,player_a,,0.7561,1.32,1.3,0.7374,1.9,7-5/7-5,1,1904258,100,2026-10-09 16:16 UTC,2026-10-10 16:12 UTC,strong+favourite
2026-10-10,China Open,,Hard,Qinwen Zheng,Elise Mertens,p2_games,under,13.5,0.7703,1.3,1.32,0.708,6.2,7-5/6-2,1,1904632,100,2026-10-09 16:16 UTC,2026-10-10 16:12 UTC,strong+day
2026-10-10,China Open,,Hard,Qinwen Zheng,Elise Mertens,p1_games,over,11.5,0.7484,1.34,1.32,0.708,4.0,7-5/6-2,1,1904632,100,2026-10-09 16:16 UTC,2026-10-10 16:12 UTC,strong
2026-10-10,China Open,,Hard,Qinwen Zheng,Elise Mertens,p1_games,under,13.5,0.7305,1.37,1.37,0.6829,4.8,7-5/6-2,1,1904632,100,2026-10-09 16:16 UTC,2026-10-10 16:12 UTC,strong
2026-10-10,China Open,,Hard,Qinwen Zheng,Elise Mertens,winner,player_a,,0.6316,1.58,1.68,0.5714,6.0,7-5/6-2,1,1904632,100,2026-10-09 16:16 UTC,2026-10-10 16:12 UTC,highlight+favourite
2026-10-10,Wuhan Open: Qualification,Q,Hard,Aoi Ito,Alycia Parks,winner,player_b,,0.5814,1.72,1.62,0.593,-1.2,6-4/6-1,0,1904598,94,2026-10-09 16:16 UTC,2026-10-10 06:18 UTC,favourite
2026-10-10,Wuhan Open: Qualification,Q,Hard,Daria Kasatkina,Viktorija Golubic,p2_games,under,13.5,0.7574,1.32,1.3,0.7174,4.0,4-6/7-6/6-4,0,1904597,100,2026-10-09 16:16 UTC,2026-10-10 06:18 UTC,strong+day
2026-10-10,Wuhan Open: Qualification,Q,Hard,Daria Kasatkina,Viktorija Golubic,p1_games,under,13.5,0.7556,1.32,1.3,0.7174,3.8,4-6/7-6/6-4,0,1904597,100,2026-10-09 16:16 UTC,2026-10-10 06:18 UTC,strong
2026-10-10,Wuhan Open: Qualification,Q,Hard,Daria Kasatkina,Viktorija Golubic,winner,player_a,,0.5065,1.97,1.92,0.5,0.7,4-6/7-6/6-4,1,1904597,100,2026-10-09 16:16 UTC,2026-10-10 06:18 UTC,favourite
2026-10-10,Wuhan Open: Qualification,Q,Hard,Magdalena Frech,Moyuka Uchijima,p1_games,over,11.5,0.8449,1.18,1.19,0.7832,6.2,6-4/4-1,void,1904606,100,2026-10-09 16:16 UTC,2026-10-10 06:18 UTC,strong+day
2026-10-10,Wuhan Open: Qualification,Q,Hard,Magdalena Frech,Moyuka Uchijima,p1_games,under,13.5,0.7618,1.31,1.34,0.6982,6.4,6-4/4-1,void,1904606,100,2026-10-09 16:16 UTC,2026-10-10 06:18 UTC,strong
2026-10-10,Wuhan Open: Qualification,Q,Hard,Magdalena Frech,Moyuka Uchijima,winner,player_a,,0.7608,1.31,1.39,0.6904,7.0,6-4/4-1,1,1904606,100,2026-10-09 16:16 UTC,2026-10-10 06:18 UTC,strong+favourite
2026-10-10,Wuhan Open: Qualification,Q,Hard,Magdalena Frech,Moyuka Uchijima,total_games,under,24.5,0.7187,1.39,1.48,0.6459,7.3,6-4/4-1,void,1904606,100,2026-10-09 16:16 UTC,2026-10-10 06:18 UTC,strong
2026-10-10,Wuhan Open: Qualification,Q,Hard,Magdalena Frech,Moyuka Uchijima,total_games,under,23.5,0.7,1.43,1.52,0.6265,7.3,6-4/4-1,void,1904606,100,2026-10-09 16:16 UTC,2026-10-10 06:18 UTC,strong
2026-10-10,Wuhan Open: Qualification,Q,Hard,Magdalena Frech,Moyuka Uchijima,p2_games,under,9.5,0.567,1.76,2.04,0.4589,10.8,6-4/4-1,void,1904606,100,2026-10-09 16:16 UTC,2026-10-10 06:18 UTC,highlight
2026-10-10,Wuhan Open: Qualification,Q,Hard,Talia Gibson,Sara Sorribes Tormo,winner,player_a,,0.6215,1.61,1.5,0.6429,-2.1,5-7/0-6,0,1904596,94,2026-10-09 16:16 UTC,2026-10-10 06:18 UTC,day+favourite
2026-10-10,Wuhan Open: Qualification,Q,Hard,Gabriela Ruse,Yulia Putintseva,p1_games,under,13.5,0.7457,1.34,1.33,0.7031,4.3,5-7/1-2,void,1904599,91,2026-10-09 16:16 UTC,2026-10-10 10:13 UTC,strong+day
2026-10-10,Wuhan Open: Qualification,Q,Hard,Gabriela Ruse,Yulia Putintseva,winner,player_a,,0.5327,1.88,1.68,0.5725,-4.0,5-7/1-2,0,1904599,91,2026-10-09 16:16 UTC,2026-10-10 10:13 UTC,favourite
2026-10-10,Wuhan Open: Qualification,Q,Hard,Peyton Stearns,Han Shi,winner,player_a,,0.7578,1.32,1.28,0.7505,0.7,6-2/5-7/4-6,0,1904602,94,2026-10-09 16:16 UTC,2026-10-10 10:13 UTC,favourite
2026-10-10,Wuhan Open: Qualification,Q,Hard,Sofia Kenin,Kamilla Rakhimova,p2_games,under,13.5,0.7383,1.35,1.31,0.7127,2.6,0-6/3-6,1,1904611,100,2026-10-09 16:16 UTC,2026-10-10 10:13 UTC,strong+day
2026-10-10,Wuhan Open: Qualification,Q,Hard,Sofia Kenin,Kamilla Rakhimova,winner,player_b,,0.5349,1.87,1.68,0.5714,-3.6,0-6/3-6,1,1904611,100,2026-10-09 16:16 UTC,2026-10-10 10:13 UTC,favourite
2026-10-10,Wuhan Open: Qualification,Q,Hard,Taylah Preston,Ashlyn Krueger,winner,player_a,,0.517,1.93,2.24,0.4286,8.8,3-6/6-7,0,1904608,94,2026-10-09 16:16 UTC,2026-10-10 10:13 UTC,favourite
2026-10-10,Wuhan Open: Qualification,Q,Hard,Sinja Kraus,Magda Linette,p1_games,under,13.5,0.7559,1.32,1.31,0.7158,4.0,7-6/6-2,1,1904609,100,2026-10-09 16:16 UTC,2026-10-10 10:13 UTC,strong+day
2026-10-10,Wuhan Open: Qualification,Q,Hard,Sinja Kraus,Magda Linette,p2_games,under,13.5,0.7329,1.36,1.3,0.7204,1.2,7-6/6-2,1,1904609,100,2026-10-09 16:16 UTC,2026-10-10 10:13 UTC,strong+day
2026-10-10,Wuhan Open: Qualification,Q,Hard,Sinja Kraus,Magda Linette,winner,player_b,,0.5736,1.74,1.97,0.4883,8.5,7-6/6-2,0,1904609,100,2026-10-09 16:16 UTC,2026-10-10 10:13 UTC,highlight+favourite
2026-10-10,Wuhan Open: Qualification,Q,Hard,Zeynep Sonmez,Anastasia Zakharova,p2_games,under,13.5,0.7744,1.29,1.36,0.6845,9.0,6-3/6-2,1,1904607,100,2026-10-09 16:16 UTC,2026-10-10 10:13 UTC,strong+day
2026-10-10,Wuhan Open: Qualification,Q,Hard,Zeynep Sonmez,Anastasia Zakharova,p1_games,under,13.5,0.7428,1.35,1.36,0.6845,5.8,6-3/6-2,1,1904607,100,2026-10-09 16:16 UTC,2026-10-10 10:13 UTC,strong
2026-10-10,Wuhan Open: Qualification,Q,Hard,Zeynep Sonmez,Anastasia Zakharova,p1_games,over,11.5,0.7157,1.4,1.43,0.6538,6.2,6-3/6-2,1,1904607,100,2026-10-09 16:16 UTC,2026-10-10 10:13 UTC,strong
2026-10-10,Wuhan Open: Qualification,Q,Hard,Zeynep Sonmez,Anastasia Zakharova,p2_games,under,12.5,0.6604,1.51,1.73,0.5399,12.1,6-3/6-2,1,1904607,100,2026-10-09 16:16 UTC,2026-10-10 10:13 UTC,highlight
2026-10-10,Wuhan Open: Qualification,Q,Hard,Zeynep Sonmez,Anastasia Zakharova,winner,player_a,,0.6007,1.66,1.92,0.5,10.1,6-3/6-2,1,1904607,100,2026-10-09 16:16 UTC,2026-10-10 10:13 UTC,favourite+highlight
2026-10-10,"Villena, Spain",,Hard,Jack Pinnington Jones,Daniil Glinka,p2_games,over,11.5,0.6663,1.5,1.7,0.5455,12.1,6-3/6-7/2-6,1,1904635,100,2026-10-09 16:16 UTC,2026-10-10 16:12 UTC,day+highlight
2026-10-10,"Villena, Spain",,Hard,Jack Pinnington Jones,Daniil Glinka,winner,player_a,,0.5092,1.96,1.52,0.6142,-10.5,6-3/6-7/2-6,0,1904635,100,2026-10-09 16:16 UTC,2026-10-10 16:12 UTC,favourite
2026-10-10,Shanghai Rolex Masters,,Hard,Camilo Ugo Carabelli,Felix Auger Aliassime,p2_games,over,11.5,0.9294,1.08,1.01,0.9279,0.1,6-4/6-7/5-7,1,1904240,100,2026-10-09 20:14 UTC,2026-10-10 10:13 UTC,strong+day
2026-10-10,Shanghai Rolex Masters,,Hard,Alejandro Tabilo,Pablo Carreno Busta,total_games,over,19.5,0.7156,1.4,1.33,0.7158,-0.0,6-4/6-7/4-6,1,1904271,100,2026-10-09 20:14 UTC,2026-10-10 16:12 UTC,strong+day
2026-10-10,Shanghai Rolex Masters,,Hard,Matteo Arnaldi,Taylor Fritz,total_games,over,18.5,0.7626,1.31,1.25,0.7596,0.3,5-7/4-6,1,1904243,100,2026-10-09 20:14 UTC,2026-10-10 10:13 UTC,strong
2026-10-10,Shanghai Rolex Masters,,Hard,Arthur Fils,Pavel Kotov,total_games,over,17.5,0.7311,1.37,1.33,0.7158,1.5,6-3/6-4,1,1904133,100,2026-10-09 20:14 UTC,2026-10-10 10:13 UTC,strong
2026-10-10,Shanghai Rolex Masters,,Hard,Arthur Fils,Pavel Kotov,total_games,under,23.5,0.7204,1.39,1.36,0.6984,2.2,6-3/6-4,1,1904133,100,2026-10-09 20:14 UTC,2026-10-10 10:13 UTC,strong
2026-10-10,China Open,,Hard,Mirra Andreeva,Nikola Bartunkova,total_games,over,17.5,0.7088,1.41,1.29,0.7362,-2.7,6-2/6-2,0,1904360,100,2026-10-09 20:14 UTC,2026-10-10 10:13 UTC,strong
2026-10-10,Wuhan Open: Qualification,Q,Hard,Sinja Kraus,Magda Linette,total_games,over,17.5,0.7415,1.35,1.27,0.7495,-0.8,7-6/6-2,1,1904609,100,2026-10-09 20:14 UTC,2026-10-10 10:13 UTC,strong+day
2026-10-10,"Antofagasta, Chile",,Clay,Lautaro Midon,Thiago Seyboth Wild,p1_games,over,11.5,0.6333,1.58,1.9,0.4865,14.7,4-6/1-6,0,1904678,100,2026-10-09 20:14 UTC,2026-10-10 16:12 UTC,day+highlight
2026-10-10,"Antofagasta, Chile",,Clay,Lautaro Midon,Thiago Seyboth Wild,winner,player_b,,0.5298,1.89,1.39,0.6722,-14.2,4-6/1-6,1,1904678,100,2026-10-09 20:14 UTC,2026-10-10 16:12 UTC,favourite
2026-10-10,"Braga, Portugal",,Clay,Matej Dodig,Lukas Neumayer,winner,player_a,,0.5608,1.78,1.66,0.5643,-0.4,6-3/6-1,1,1904659,100,2026-10-09 20:14 UTC,2026-10-10 16:12 UTC,favourite
2026-10-10,"Braga, Portugal",,Clay,Elmer Moller,Vilius Gaubas,winner,player_a,,0.537,1.86,2.05,0.4562,8.1,6-2/4-6/6-4,1,1904679,100,2026-10-09 20:14 UTC,2026-10-10 16:12 UTC,favourite
2026-10-10,"Villena, Spain",,Hard,Pedro Martinez,Laslo Djere,winner,player_b,,0.5756,1.74,1.54,0.6071,-3.2,4-6/2-6,1,1904682,100,2026-10-09 20:14 UTC,2026-10-10 16:12 UTC,favourite
2026-10-10,"Samsun, Turkiye",,N/A,Ayla Aksu,Himeno Sakatsume,winner,player_b,,0.618,1.62,1.42,0.6595,-4.1,7-5/6-3,0,1904670,81,2026-10-09 20:14 UTC,2026-10-10 16:12 UTC,favourite
2026-10-10,"Samsun, Turkiye",,N/A,Lucrezia Stefanini,Anna Blinkova,winner,player_b,,0.6145,1.63,1.54,0.6071,0.7,6-2/6-3,0,1904684,88,2026-10-09 20:14 UTC,2026-10-10 16:12 UTC,day+favourite
2026-10-10,"Palermo, Italy",,Clay,Jonas Forejtek,Alejandro Moro Canas,winner,player_b,,0.5784,1.73,1.59,0.5881,-1.0,,,1904691,100,2026-10-09 20:14 UTC,,favourite
2026-10-10,Shanghai Rolex Masters,,Hard,Alejandro Tabilo,Pablo Carreno Busta,p2_games,over,10.5,0.711,1.41,1.56,0.599,11.2,6-4/6-7/4-6,1,1904271,100,2026-10-10 06:18 UTC,2026-10-10 16:12 UTC,strong
2026-10-10,Shanghai Rolex Masters,,Hard,Learner Tien,Zachary Svajda,total_games,over,18.5,0.7009,1.43,1.27,0.7495,-4.9,7-5/7-5,1,1904258,100,2026-10-10 06:18 UTC,2026-10-10 16:12 UTC,strong
2026-10-10,Shanghai Rolex Masters,,Hard,Ignacio Buse,Zizou Bergs,p2_games,over,11.5,0.6996,1.43,1.25,0.7475,-4.8,0-6/3-6,1,1904359,100,2026-10-10 06:18 UTC,2026-10-10 16:12 UTC,day
2026-10-10,Shanghai Rolex Masters,,Hard,Ignacio Buse,Zizou Bergs,winner,player_b,,0.5347,1.87,1.58,0.6079,-7.3,0-6/3-6,1,1904359,100,2026-10-10 06:18 UTC,2026-10-10 16:12 UTC,favourite
2026-10-10,Shanghai Rolex Masters,,Hard,Luciano Darderi,Stefanos Tsitsipas,p2_games,over,11.5,0.8179,1.22,1.17,0.8007,1.7,3-6/4-6,1,1904132,100,2026-10-10 06:18 UTC,2026-10-10 16:12 UTC,strong+day
2026-10-10,Shanghai Rolex Masters,,Hard,Luciano Darderi,Stefanos Tsitsipas,total_games,over,19.5,0.7173,1.39,1.32,0.7203,-0.3,3-6/4-6,0,1904132,100,2026-10-10 06:18 UTC,2026-10-10 16:12 UTC,strong
2026-10-10,Shanghai Rolex Masters,,Hard,Luciano Darderi,Stefanos Tsitsipas,winner,player_b,,0.6679,1.5,1.42,0.6787,-1.1,3-6/4-6,1,1904132,100,2026-10-10 06:18 UTC,2026-10-10 16:12 UTC,favourite
2026-10-10,Shanghai Rolex Masters,,Hard,Tommy Paul,Adolfo Vallejo,p1_games,over,11.5,0.8787,1.14,1.21,0.7721,10.7,6-2/6-2,1,1904247,94,2026-10-10 06:18 UTC,2026-10-10 16:12 UTC,strong+day
2026-10-10,Shanghai Rolex Masters,,Hard,Tommy Paul,Adolfo Vallejo,winner,player_a,,0.7853,1.27,1.47,0.6557,13.0,6-2/6-2,1,1904247,94,2026-10-10 06:18 UTC,2026-10-10 16:12 UTC,strong+favourite
2026-10-10,Shanghai Rolex Masters,,Hard,Tommy Paul,Adolfo Vallejo,p2_games,under,12.5,0.722,1.39,1.56,0.6,12.2,6-2/6-2,1,1904247,94,2026-10-10 06:18 UTC,2026-10-10 16:12 UTC,strong
2026-10-10,Shanghai Rolex Masters,,Hard,Tommy Paul,Adolfo Vallejo,p1_games,under,13.5,0.7194,1.39,1.43,0.6538,6.6,6-2/6-2,1,1904247,94,2026-10-10 06:18 UTC,2026-10-10 16:12 UTC,strong
2026-10-10,Shanghai Rolex Masters,,Hard,Tommy Paul,Adolfo Vallejo,total_games,under,25.5,0.7092,1.41,1.52,0.6265,8.3,6-2/6-2,1,1904247,94,2026-10-10 06:18 UTC,2026-10-10 16:12 UTC,strong
2026-10-10,Shanghai Rolex Masters,,Hard,Tommy Paul,Adolfo Vallejo,p2_games,under,10.5,0.5913,1.69,2.15,0.4342,15.7,6-2/6-2,1,1904247,94,2026-10-10 06:18 UTC,2026-10-10 16:12 UTC,highlight
2026-10-10,Shanghai Rolex Masters,,Hard,Botic van de Zandschulp,Alex Michelsen,p2_games,over,11.5,0.7686,1.3,1.22,0.7663,0.2,6-4/6-4,0,1904345,100,2026-10-10 06:18 UTC,2026-10-10 16:12 UTC,strong+day
2026-10-10,Shanghai Rolex Masters,,Hard,Botic van de Zandschulp,Alex Michelsen,winner,player_b,,0.6208,1.61,1.51,0.637,-1.6,6-4/6-4,0,1904345,100,2026-10-10 06:18 UTC,2026-10-10 16:12 UTC,favourite
2026-10-10,Shanghai Rolex Masters,,Hard,Juan Manuel Cerundolo,Carlos Alcaraz,winner,player_b,,0.9429,1.06,1.03,0.9357,0.7,3-6/3-6,1,1904278,100,2026-10-10 06:18 UTC,2026-10-10 16:12 UTC,strong+day+favourite
2026-10-10,Shanghai Rolex Masters,,Hard,Juan Manuel Cerundolo,Carlos Alcaraz,p2_games,under,13.5,0.8417,1.19,1.16,0.8054,3.6,3-6/3-6,1,1904278,100,2026-10-10 06:18 UTC,2026-10-10 16:12 UTC,strong
2026-10-10,Shanghai Rolex Masters,,Hard,Juan Manuel Cerundolo,Carlos Alcaraz,total_games,over,15.5,0.7683,1.3,1.13,0.8415,-7.3,3-6/3-6,1,1904278,100,2026-10-10 06:18 UTC,2026-10-10 16:12 UTC,strong
2026-10-10,Shanghai Rolex Masters,,Hard,Juan Manuel Cerundolo,Carlos Alcaraz,total_games,under,21.5,0.7647,1.31,1.34,0.7112,5.4,3-6/3-6,1,1904278,100,2026-10-10 06:18 UTC,2026-10-10 16:12 UTC,strong
2026-10-10,Shanghai Rolex Masters,,Hard,Juan Manuel Cerundolo,Carlos Alcaraz,total_games,under,20.5,0.7243,1.38,1.44,0.6604,6.4,3-6/3-6,1,1904278,100,2026-10-10 06:18 UTC,2026-10-10 16:12 UTC,strong
2026-10-10,Shanghai Rolex Masters,,Hard,Juan Manuel Cerundolo,Carlos Alcaraz,total_games,under,18.5,0.5861,1.71,1.96,0.4856,10.1,3-6/3-6,1,1904278,100,2026-10-10 06:18 UTC,2026-10-10 16:12 UTC,highlight
2026-10-10,Shanghai Rolex Masters,,Hard,Sebastian Baez,Valentin Vacherot,total_games,over,18.5,0.7501,1.33,1.29,0.7362,1.4,4-6/6-7,1,1904270,100,2026-10-10 06:18 UTC,2026-10-10 16:12 UTC,strong
2026-10-10,Shanghai Rolex Masters,,Hard,Sebastian Baez,Valentin Vacherot,p1_games,over,10.5,0.5896,1.7,1.99,0.4693,12.0,4-6/6-7,0,1904270,100,2026-10-10 06:18 UTC,2026-10-10 16:12 UTC,highlight
2026-10-10,Wuhan Open: Qualification,Q,Hard,Yue Yuan,Caty McNally,p2_games,under,13.5,0.7394,1.35,1.32,0.708,3.1,2-6/3-6,1,1904600,100,2026-10-10 06:18 UTC,2026-10-10 10:13 UTC,strong+day
2026-10-10,Wuhan Open: Qualification,Q,Hard,Yue Yuan,Caty McNally,p2_games,over,11.5,0.7352,1.36,1.26,0.7434,-0.8,2-6/3-6,1,1904600,100,2026-10-10 06:18 UTC,2026-10-10 10:13 UTC,strong
2026-10-10,Wuhan Open: Qualification,Q,Hard,Yue Yuan,Caty McNally,total_games,over,17.5,0.7141,1.4,1.26,0.7558,-4.2,2-6/3-6,0,1904600,100,2026-10-10 06:18 UTC,2026-10-10 10:13 UTC,strong
2026-10-10,Wuhan Open: Qualification,Q,Hard,Yue Yuan,Caty McNally,winner,player_b,,0.6209,1.61,1.49,0.6444,-2.3,2-6/3-6,1,1904600,100,2026-10-10 06:18 UTC,2026-10-10 10:13 UTC,favourite
2026-10-10,Wuhan Open: Qualification,Q,Hard,Lanlana Tararudee,Claire Liu,winner,player_a,,0.5824,1.72,1.89,0.5078,7.5,7-6/6-4,1,1904610,94,2026-10-10 06:18 UTC,2026-10-10 16:12 UTC,highlight+favourite
2026-10-10,Wuhan Open: Qualification,Q,Hard,Mananchaya Sawangkaew,Maya Joint,winner,player_b,,0.5946,1.68,1.58,0.6079,-1.3,4-6/6-2/7-6,0,1904603,94,2026-10-10 06:18 UTC,2026-10-10 16:12 UTC,favourite
2026-10-10,Wuhan Open: Qualification,Q,Hard,Anna Bondar,Lois Boisson,p1_games,under,13.5,0.7429,1.35,1.32,0.708,3.5,7-6/0-1,void,1904601,100,2026-10-10 06:18 UTC,2026-10-10 10:13 UTC,strong+day
2026-10-10,Wuhan Open: Qualification,Q,Hard,Anna Bondar,Lois Boisson,p2_games,under,13.5,0.7269,1.38,1.34,0.6982,2.9,7-6/0-1,void,1904601,100,2026-10-10 06:18 UTC,2026-10-10 10:13 UTC,strong
2026-10-10,Wuhan Open: Qualification,Q,Hard,Anna Bondar,Lois Boisson,winner,player_b,,0.5521,1.81,1.81,0.5311,2.1,7-6/0-1,0,1904601,100,2026-10-10 06:18 UTC,2026-10-10 10:13 UTC,favourite
2026-10-10,Wuhan Open: Qualification,Q,Hard,Polina Kudermetova,Katie Volynets,p2_games,under,13.5,0.7482,1.34,1.29,0.7249,2.3,2-6/1-6,1,1904605,100,2026-10-10 06:18 UTC,2026-10-10 16:12 UTC,strong+day
2026-10-10,Wuhan Open: Qualification,Q,Hard,Polina Kudermetova,Katie Volynets,total_games,over,17.5,0.7121,1.4,1.35,0.7033,0.9,2-6/1-6,0,1904605,100,2026-10-10 06:18 UTC,2026-10-10 16:12 UTC,strong
2026-10-10,Wuhan Open: Qualification,Q,Hard,Polina Kudermetova,Katie Volynets,p1_games,over,10.5,0.6169,1.62,2.01,0.464,15.3,2-6/1-6,0,1904605,100,2026-10-10 06:18 UTC,2026-10-10 16:12 UTC,highlight
2026-10-10,Wuhan Open: Qualification,Q,Hard,Polina Kudermetova,Katie Volynets,winner,player_b,,0.5437,1.84,1.37,0.7002,-15.6,2-6/1-6,1,1904605,100,2026-10-10 06:18 UTC,2026-10-10 16:12 UTC,favourite
2026-10-10,"Antofagasta, Chile",,Clay,Lautaro Midon,Thiago Seyboth Wild,p1_games,over,10.5,0.6645,1.5,1.79,0.5162,14.8,4-6/1-6,0,1904678,100,2026-10-10 06:18 UTC,2026-10-10 16:12 UTC,day+highlight
2026-10-10,"Antofagasta, Chile",,Clay,Juan Carlos Prado Angelo,Joao Lucas Da Silva,winner,player_a,,0.5505,1.82,1.65,0.5658,-1.5,,,1904710,81,2026-10-10 06:18 UTC,,favourite
2026-10-10,"Palermo, Italy",,Clay,Francesco Passaro,Yanaki Milev,winner,player_a,,0.734,1.36,1.17,0.8007,-6.7,,,1904709,100,2026-10-10 06:18 UTC,,strong+day+favourite
2026-10-11,Wuhan Open: Qualification,Q,Hard,Magdalena Frech,Aoi Ito,winner,player_a,,0.6771,1.48,1.44,0.6682,0.9,,,1904770,94,2026-10-10 06:18 UTC,,day+favourite
2026-10-11,Shanghai Rolex Masters,,Hard,Ben Shelton,Arthur Gea,p1_games,over,11.5,0.8627,1.16,1.14,0.8202,4.2,,,1904510,100,2026-10-10 10:13 UTC,,strong+day
2026-10-11,Shanghai Rolex Masters,,Hard,Ben Shelton,Arthur Gea,winner,player_a,,0.7335,1.36,1.36,0.705,2.8,,,1904510,100,2026-10-10 10:13 UTC,,strong+favourite
2026-10-11,Shanghai Rolex Masters,,Hard,Karen Khachanov,Adrian Mannarino,p1_games,over,11.5,0.8,1.25,1.13,0.827,-2.7,,,1904581,100,2026-10-10 10:13 UTC,,strong+day
2026-10-11,Shanghai Rolex Masters,,Hard,Karen Khachanov,Adrian Mannarino,winner,player_a,,0.6529,1.53,1.32,0.729,-7.6,,,1904581,100,2026-10-10 10:13 UTC,,favourite
2026-10-11,Shanghai Rolex Masters,,Hard,Alex de Minaur,Rei Sakamoto,p1_games,over,11.5,0.9221,1.08,1.16,0.8054,11.7,,,1904508,100,2026-10-10 10:13 UTC,,strong+day
2026-10-11,Shanghai Rolex Masters,,Hard,Alex de Minaur,Rei Sakamoto,winner,player_a,,0.8465,1.18,1.38,0.6954,15.1,,,1904508,100,2026-10-10 10:13 UTC,,strong+favourite
2026-10-11,Shanghai Rolex Masters,,Hard,Alex de Minaur,Rei Sakamoto,p2_games,under,12.5,0.7609,1.31,1.52,0.6152,14.6,,,1904508,100,2026-10-10 10:13 UTC,,strong
2026-10-11,Shanghai Rolex Masters,,Hard,Alex de Minaur,Rei Sakamoto,p1_games,under,13.5,0.7357,1.36,1.44,0.6479,8.8,,,1904508,100,2026-10-10 10:13 UTC,,strong
2026-10-11,Shanghai Rolex Masters,,Hard,Alex de Minaur,Rei Sakamoto,p2_games,under,10.5,0.6564,1.52,2.01,0.4654,19.1,,,1904508,100,2026-10-10 10:13 UTC,,highlight
2026-10-11,Shanghai Rolex Masters,,Hard,Hubert Hurkacz,Yi Zhou,p1_games,over,11.5,0.957,1.04,1.04,0.9023,5.5,,,1904634,100,2026-10-10 10:13 UTC,,strong+day
2026-10-11,Shanghai Rolex Masters,,Hard,Hubert Hurkacz,Yi Zhou,winner,player_a,,0.9007,1.11,1.13,0.8499,5.1,,,1904634,100,2026-10-10 10:13 UTC,,strong+favourite
2026-10-11,Shanghai Rolex Masters,,Hard,Hubert Hurkacz,Yi Zhou,p1_games,under,13.5,0.7605,1.31,1.42,0.6595,10.1,,,1904634,100,2026-10-10 10:13 UTC,,strong
2026-10-11,Shanghai Rolex Masters,,Hard,Hubert Hurkacz,Yi Zhou,p2_games,under,10.5,0.7187,1.39,1.57,0.5954,12.3,,,1904634,100,2026-10-10 10:13 UTC,,strong
2026-10-11,Shanghai Rolex Masters,,Hard,Hubert Hurkacz,Yi Zhou,p2_games,under,8.5,0.5915,1.69,2.09,0.4471,14.4,,,1904634,100,2026-10-10 10:13 UTC,,highlight
2026-10-11,Shanghai Rolex Masters,,Hard,Francisco Cerundolo,Jakub Mensik,winner,player_a,,0.753,1.33,2.28,0.4213,33.2,,,1904560,81,2026-10-10 10:13 UTC,,favourite
2026-10-11,Wuhan Open: Qualification,Q,Hard,Han Shi,Kamilla Rakhimova,winner,player_b,,0.617,1.62,1.39,0.6904,-7.3,,,1904790,94,2026-10-10 10:13 UTC,,favourite
2026-10-11,Wuhan Open: Qualification,Q,Hard,Sara Sorribes Tormo,Daria Kasatkina,winner,player_b,,0.5809,1.72,1.6,0.601,-2.0,,,1904772,94,2026-10-10 10:13 UTC,,favourite
2026-10-11,Wuhan Open: Qualification,Q,Hard,Yulia Putintseva,Ashlyn Krueger,p1_games,under,13.5,0.7461,1.34,1.38,0.6776,6.9,,,1904776,100,2026-10-10 10:13 UTC,,strong+day
2026-10-11,Wuhan Open: Qualification,Q,Hard,Yulia Putintseva,Ashlyn Krueger,p2_games,under,13.5,0.7408,1.35,1.41,0.6611,8.0,,,1904776,100,2026-10-10 10:13 UTC,,strong
2026-10-11,Wuhan Open: Qualification,Q,Hard,Yulia Putintseva,Ashlyn Krueger,p2_games,under,12.5,0.606,1.65,1.85,0.5053,10.1,,,1904776,100,2026-10-10 10:13 UTC,,highlight
2026-10-11,Wuhan Open: Qualification,Q,Hard,Yulia Putintseva,Ashlyn Krueger,winner,player_b,,0.5174,1.93,1.79,0.5363,-1.9,,,1904776,100,2026-10-10 10:13 UTC,,favourite
2026-10-11,Wuhan Open: Qualification,Q,Hard,Zeynep Sonmez,Sinja Kraus,p1_games,under,13.5,0.7457,1.34,1.33,0.7031,4.3,,,1904791,100,2026-10-10 10:13 UTC,,strong+day
2026-10-11,Wuhan Open: Qualification,Q,Hard,Zeynep Sonmez,Sinja Kraus,winner,player_a,,0.5384,1.86,1.61,0.5965,-5.8,,,1904791,100,2026-10-10 10:13 UTC,,favourite
2026-10-11,"Wuning 3, China",,N/A,Jay Dylan Friend,Alibek Kachmazov,winner,player_a,,0.6096,1.64,1.71,0.5464,6.3,,,1904773,75,2026-10-10 10:13 UTC,,day+highlight+favourite
2026-10-10,"Palermo, Italy",,Clay,Francesco Passaro,Yanaki Milev,p2_games,over,8.5,0.5711,1.75,1.99,0.4651,10.6,,,1904709,100,2026-10-10 16:12 UTC,,highlight
2026-10-11,Shanghai Rolex Masters,,Hard,Alexander Bublik,Brandon Nakashima,p2_games,under,14.5,0.6937,1.44,1.42,0.6595,3.4,,,1904633,100,2026-10-10 16:12 UTC,,day
2026-10-11,Shanghai Rolex Masters,,Hard,Alexander Bublik,Brandon Nakashima,winner,player_b,,0.547,1.83,1.67,0.5761,-2.9,,,1904633,100,2026-10-10 16:12 UTC,,favourite
2026-10-11,Shanghai Rolex Masters,,Hard,Alexander Zverev,Quentin Halys,winner,player_a,,0.8316,1.2,1.14,0.8447,-1.3,,,1904517,100,2026-10-10 16:12 UTC,,strong+day+favourite
2026-10-11,Shanghai Rolex Masters,,Hard,Alexander Zverev,Quentin Halys,p1_games,under,14.5,0.7469,1.34,1.34,0.6982,4.9,,,1904517,100,2026-10-10 16:12 UTC,,strong
2026-10-11,Shanghai Rolex Masters,,Hard,Alejandro Davidovich Fokina,Frances Tiafoe,p2_games,over,11.5,0.7141,1.4,1.39,0.6722,4.2,,,1904527,100,2026-10-10 16:12 UTC,,strong+day
2026-10-11,Shanghai Rolex Masters,,Hard,Alejandro Davidovich Fokina,Frances Tiafoe,winner,player_b,,0.5468,1.83,1.92,0.5013,4.5,,,1904527,100,2026-10-10 16:12 UTC,,favourite
2026-10-11,China Open,,Hard,Qinwen Zheng,Mirra Andreeva,p2_games,under,13.5,0.7336,1.36,1.35,0.6932,4.0,,,1904871,100,2026-10-10 16:12 UTC,,strong+day
2026-10-11,China Open,,Hard,Qinwen Zheng,Mirra Andreeva,winner,player_b,,0.5541,1.8,1.53,0.6295,-7.5,,,1904871,100,2026-10-10 16:12 UTC,,favourite
2026-10-11,Wuhan Open: Qualification,Q,Hard,Anna Bondar,Mananchaya Sawangkaew,winner,player_b,,0.5289,1.89,2.07,0.4651,6.4,,,1904865,94,2026-10-10 16:12 UTC,,favourite
2026-10-11,Wuhan Open: Qualification,Q,Hard,Lanlana Tararudee,Caty McNally,winner,player_b,,0.5659,1.77,1.74,0.5527,1.3,,,1904850,94,2026-10-10 16:12 UTC,,favourite
2026-10-11,"Braga, Portugal",,Clay,Elmer Moller,Matej Dodig,winner,player_b,,0.5642,1.77,1.52,0.6152,-5.1,,,1904894,100,2026-10-10 16:12 UTC,,favourite
2026-10-11,"Villena, Spain",,Hard,Daniil Glinka,Laslo Djere,winner,player_b,,0.6169,1.62,1.42,0.6595,-4.3,,,1904903,100,2026-10-10 16:12 UTC,,day+favourite
2026-10-11,"Suzhou, China",,Hard,Rebecca Sramkova,Kyoka Okamura,winner,player_a,,0.52,1.92,1.3,0.7174,-19.7,,,1904789,94,2026-10-10 16:12 UTC,,favourite
