acca_id,created,run,window_end,target,n_legs,legs,odds,p,p_market,status,settled_on,note
A20261003-01,2026-10-03 05:40,manual 05:40,2026-10-04 05:40,3.00,3,"[{""date"": ""2026-10-03"", ""country"": ""England"", ""league"": ""FA Cup: Qualification"", ""home"": ""AFC Rushden & Diamonds"", ""away"": ""Braintree Town"", ""kickoff"": ""2026-10-03 16:00"", ""sel"": ""O25"", ""label"": ""Over 2.5 goals"", ""odds"": 1.55, ""p"": 0.7022, ""p_market"": 0.6076, ""edge_pp"": 9.5, ""result"": ""won"", ""score"": ""2-1""}, {""date"": ""2026-10-03"", ""country"": ""England"", ""league"": ""League Two"", ""home"": ""Salford"", ""away"": ""Fleetwood Town"", ""kickoff"": ""2026-10-03 16:00"", ""sel"": ""U35"", ""label"": ""Under 3.5 goals"", ""odds"": 1.44, ""p"": 0.7661, ""p_market"": 0.6563, ""edge_pp"": 11.0, ""result"": null, ""score"": ""1-0""}, {""date"": ""2026-10-04"", ""country"": ""Brazil"", ""league"": ""Serie C: 2nd Stage: Group B"", ""home"": ""Paysandu"", ""away"": ""Ferroviaria"", ""kickoff"": ""2026-10-04 00:30"", ""sel"": ""O15"", ""label"": ""Over 1.5 goals"", ""odds"": 1.34, ""p"": 0.8123, ""p_market"": 0.6982, ""edge_pp"": 11.4, ""result"": ""lost"", ""score"": ""1-0""}]",2.99,0.4370,0.2784,lost,2026-10-04,
A20261003-02,2026-10-03 05:40,manual 05:40,2026-10-04 05:40,3.00,3,"[{""date"": ""2026-10-03"", ""country"": ""Scotland"", ""league"": ""Championship"", ""home"": ""Livingston"", ""away"": ""Ayr"", ""kickoff"": ""2026-10-03 16:00"", ""sel"": ""U35"", ""label"": ""Under 3.5 goals"", ""odds"": 1.41, ""p"": 0.7706, ""p_market"": 0.669, ""edge_pp"": 10.2, ""result"": null, ""score"": ""1-2""}, {""date"": ""2026-10-03"", ""country"": ""Italy"", ""league"": ""Serie D: Group C"", ""home"": ""Schio"", ""away"": ""Unione La Rocca Altavilla"", ""kickoff"": ""2026-10-03 20:00"", ""sel"": ""U25"", ""label"": ""Under 2.5 goals"", ""odds"": 1.72, ""p"": 0.6206, ""p_market"": 0.5339, ""edge_pp"": 8.7, ""result"": ""lost"", ""score"": ""2-2""}, {""date"": ""2026-10-04"", ""country"": ""Mexico"", ""league"": ""Liga de Expansion MX: Apertura"", ""home"": ""Alacranes de Durango"", ""away"": ""Mineros de Zacatecas"", ""kickoff"": ""2026-10-04 03:00"", ""sel"": ""HO05"", ""label"": ""Alacranes de Durango over 0.5 goals"", ""odds"": 1.23, ""p"": 0.8748, ""p_market"": 0.7555, ""edge_pp"": 11.9, ""result"": null}]",2.98,0.4184,0.2698,lost,2026-10-04,
A20261003-03,2026-10-03 05:40,manual 05:40,2026-10-04 05:40,3.00,3,"[{""date"": ""2026-10-03"", ""country"": ""England"", ""league"": ""FA Cup: Qualification"", ""home"": ""Oxford City"", ""away"": ""Enfield Town"", ""kickoff"": ""2026-10-03 16:00"", ""sel"": ""BTTS"", ""label"": ""Both teams to score"", ""odds"": 1.6, ""p"": 0.6589, ""p_market"": 0.5844, ""edge_pp"": 7.5, ""result"": ""won"", ""score"": ""6-1""}, {""date"": ""2026-10-03"", ""country"": ""England"", ""league"": ""League One"", ""home"": ""Burton"", ""away"": ""Huddersfield"", ""kickoff"": ""2026-10-03 16:00"", ""sel"": ""HO05"", ""label"": ""Burton over 0.5 goals"", ""odds"": 1.43, ""p"": 0.7445, ""p_market"": 0.6538, ""edge_pp"": 9.1, ""result"": ""won"", ""score"": ""1-3""}, {""date"": ""2026-10-03"", ""country"": ""Netherlands"", ""league"": ""Eerste Divisie"", ""home"": ""Almere City FC"", ""away"": ""FC Volendam"", ""kickoff"": ""2026-10-03 20:00"", ""sel"": ""1X"", ""label"": ""Almere City FC or draw"", ""odds"": 1.31, ""p"": 0.8365, ""p_market"": 0.7202, ""edge_pp"": 11.6, ""result"": ""won"", ""score"": ""1-0""}]",3.00,0.4104,0.2752,won,2026-10-05,
A20261003-04,2026-10-03 06:09,auto 06:09,2026-10-04 06:09,3.00,3,"[{""date"": ""2026-10-03"", ""country"": ""England"", ""league"": ""FA Cup: Qualification"", ""home"": ""AFC Rushden & Diamonds"", ""away"": ""Braintree Town"", ""kickoff"": ""2026-10-03 16:00"", ""sel"": ""O25"", ""label"": ""Over 2.5 goals"", ""odds"": 1.56, ""p"": 0.7022, ""p_market"": 0.6061, ""edge_pp"": 9.6, ""result"": ""won"", ""score"": ""2-1""}, {""date"": ""2026-10-03"", ""country"": ""England"", ""league"": ""League Two"", ""home"": ""Salford"", ""away"": ""Fleetwood Town"", ""kickoff"": ""2026-10-03 16:00"", ""sel"": ""U35"", ""label"": ""Under 3.5 goals"", ""odds"": 1.44, ""p"": 0.7661, ""p_market"": 0.6563, ""edge_pp"": 11.0, ""result"": null, ""score"": ""1-0""}, {""date"": ""2026-10-03"", ""country"": ""Argentina"", ""league"": ""Primera B Metropolitana"", ""home"": ""Real Pilar"", ""away"": ""Villa Dalmine"", ""kickoff"": ""2026-10-03 20:00"", ""sel"": ""HU15"", ""label"": ""Real Pilar under 1.5 goals"", ""odds"": 1.34, ""p"": 0.8023, ""p_market"": 0.6912, ""edge_pp"": 11.1, ""result"": ""lost"", ""score"": ""2-0""}]",3.01,0.4316,0.2750,lost,2026-10-04,
A20261003-05,2026-10-03 06:09,auto 06:09,2026-10-04 06:09,3.00,3,"[{""date"": ""2026-10-03"", ""country"": ""Scotland"", ""league"": ""Championship"", ""home"": ""Partick"", ""away"": ""Arbroath"", ""kickoff"": ""2026-10-03 16:00"", ""sel"": ""NBTTS"", ""label"": ""Not both teams to score"", ""odds"": 1.73, ""p"": 0.6329, ""p_market"": 0.5349, ""edge_pp"": 9.8, ""result"": ""won"", ""score"": ""3-0""}, {""date"": ""2026-10-03"", ""country"": ""Netherlands"", ""league"": ""Eerste Divisie"", ""home"": ""RKC Waalwijk"", ""away"": ""FC Emmen"", ""kickoff"": ""2026-10-03 20:00"", ""sel"": ""1X"", ""label"": ""RKC Waalwijk or draw"", ""odds"": 1.36, ""p"": 0.8024, ""p_market"": 0.6888, ""edge_pp"": 11.4, ""result"": ""won"", ""score"": ""1-1""}, {""date"": ""2026-10-03"", ""country"": ""Brazil"", ""league"": ""Serie B"", ""home"": ""Cuiaba"", ""away"": ""Ponte Preta"", ""kickoff"": ""2026-10-03 22:00"", ""sel"": ""U45"", ""label"": ""Under 4.5 goals"", ""odds"": 1.27, ""p"": 0.8429, ""p_market"": 0.7445, ""edge_pp"": 9.8, ""result"": ""won"", ""score"": ""2-0""}]",2.99,0.4280,0.2743,won,2026-10-05,
A20261003-06,2026-10-03 06:09,auto 06:09,2026-10-04 06:09,3.00,3,"[{""date"": ""2026-10-03"", ""country"": ""Chile"", ""league"": ""Primera B"", ""home"": ""Magallanes"", ""away"": ""Curico Unido"", ""kickoff"": ""2026-10-03 17:30"", ""sel"": ""1X"", ""label"": ""Magallanes or draw"", ""odds"": 1.23, ""p"": 0.8835, ""p_market"": 0.77, ""edge_pp"": 11.3, ""result"": ""won"", ""score"": ""1-0""}, {""date"": ""2026-10-03"", ""country"": ""Italy"", ""league"": ""Serie D: Group C"", ""home"": ""Schio"", ""away"": ""Unione La Rocca Altavilla"", ""kickoff"": ""2026-10-03 20:00"", ""sel"": ""U25"", ""label"": ""Under 2.5 goals"", ""odds"": 1.72, ""p"": 0.6206, ""p_market"": 0.5339, ""edge_pp"": 8.7, ""result"": ""lost"", ""score"": ""2-2""}, {""date"": ""2026-10-04"", ""country"": ""Chile"", ""league"": ""Primera B"", ""home"": ""Deportes Santa Cruz"", ""away"": ""San Marcos"", ""kickoff"": ""2026-10-04 01:00"", ""sel"": ""AO05"", ""label"": ""San Marcos over 0.5 goals"", ""odds"": 1.41, ""p"": 0.7593, ""p_market"": 0.6569, ""edge_pp"": 10.2, ""result"": null}]",2.98,0.4163,0.2701,lost,2026-10-04,
A20261003-07,2026-10-03 06:34,auto 06:34,2026-10-04 06:34,3.00,3,"[{""date"": ""2026-10-03"", ""country"": ""Japan"", ""league"": ""J3 League"", ""home"": ""Giravanz Kitakyushu"", ""away"": ""Kochi United SC"", ""kickoff"": ""2026-10-03 10:00"", ""sel"": ""12"", ""label"": ""Giravanz Kitakyushu or Kochi United SC"", ""odds"": 1.31, ""p"": 0.8288, ""p_market"": 0.7174, ""edge_pp"": 11.1, ""result"": ""won"", ""score"": ""2-0""}, {""date"": ""2026-10-03"", ""country"": ""Scotland"", ""league"": ""Championship"", ""home"": ""Partick"", ""away"": ""Arbroath"", ""kickoff"": ""2026-10-03 16:00"", ""sel"": ""NBTTS"", ""label"": ""Not both teams to score"", ""odds"": 1.76, ""p"": 0.6329, ""p_market"": 0.5256, ""edge_pp"": 10.7, ""result"": ""won"", ""score"": ""3-0""}, {""date"": ""2026-10-03"", ""country"": ""Netherlands"", ""league"": ""Eerste Divisie"", ""home"": ""Almere City FC"", ""away"": ""FC Volendam"", ""kickoff"": ""2026-10-03 20:00"", ""sel"": ""1X"", ""label"": ""Almere City FC or draw"", ""odds"": 1.3, ""p"": 0.8365, ""p_market"": 0.7253, ""edge_pp"": 11.1, ""result"": ""won"", ""score"": ""1-0""}]",3.00,0.4387,0.2735,won,2026-10-05,
A20261003-08,2026-10-03 06:34,auto 06:34,2026-10-04 06:34,3.00,3,"[{""date"": ""2026-10-03"", ""country"": ""England"", ""league"": ""FA Cup: Qualification"", ""home"": ""AFC Rushden & Diamonds"", ""away"": ""Braintree Town"", ""kickoff"": ""2026-10-03 16:00"", ""sel"": ""O25"", ""label"": ""Over 2.5 goals"", ""odds"": 1.56, ""p"": 0.7022, ""p_market"": 0.6061, ""edge_pp"": 9.6, ""result"": ""won"", ""score"": ""2-1""}, {""date"": ""2026-10-03"", ""country"": ""Netherlands"", ""league"": ""Eerste Divisie"", ""home"": ""RKC Waalwijk"", ""away"": ""FC Emmen"", ""kickoff"": ""2026-10-03 20:00"", ""sel"": ""1X"", ""label"": ""RKC Waalwijk or draw"", ""odds"": 1.36, ""p"": 0.8024, ""p_market"": 0.6888, ""edge_pp"": 11.4, ""result"": ""won"", ""score"": ""1-1""}, {""date"": ""2026-10-04"", ""country"": ""Chile"", ""league"": ""Primera B"", ""home"": ""Deportes Santa Cruz"", ""away"": ""San Marcos"", ""kickoff"": ""2026-10-04 01:00"", ""sel"": ""AO05"", ""label"": ""San Marcos over 0.5 goals"", ""odds"": 1.41, ""p"": 0.7593, ""p_market"": 0.6569, ""edge_pp"": 10.2, ""result"": ""won"", ""score"": ""1-2""}]",2.99,0.4278,0.2743,won,2026-10-04,
A20261003-09,2026-10-03 06:34,auto 06:34,2026-10-04 06:34,3.00,3,"[{""date"": ""2026-10-03"", ""country"": ""Northern Ireland"", ""league"": ""Premiership"", ""home"": ""Portadown"", ""away"": ""Limavady"", ""kickoff"": ""2026-10-03 16:00"", ""sel"": ""X2"", ""label"": ""Draw or Limavady"", ""odds"": 1.3, ""p"": 0.8338, ""p_market"": 0.7213, ""edge_pp"": 11.3, ""result"": ""lost"", ""score"": ""3-1""}, {""date"": ""2026-10-03"", ""country"": ""Argentina"", ""league"": ""Primera B Metropolitana"", ""home"": ""Real Pilar"", ""away"": ""Villa Dalmine"", ""kickoff"": ""2026-10-03 20:00"", ""sel"": ""HU15"", ""label"": ""Real Pilar under 1.5 goals"", ""odds"": 1.34, ""p"": 0.8023, ""p_market"": 0.6912, ""edge_pp"": 11.1, ""result"": null}, {""date"": ""2026-10-03"", ""country"": ""Italy"", ""league"": ""Serie D: Group C"", ""home"": ""Schio"", ""away"": ""Unione La Rocca Altavilla"", ""kickoff"": ""2026-10-03 20:00"", ""sel"": ""U25"", ""label"": ""Under 2.5 goals"", ""odds"": 1.72, ""p"": 0.6206, ""p_market"": 0.5339, ""edge_pp"": 8.7, ""result"": null}]",3.00,0.4152,0.2662,lost,2026-10-03,
A20261003-10,2026-10-03 07:26,auto 07:26,2026-10-04 07:26,3.00,3,"[{""date"": ""2026-10-03"", ""country"": ""England"", ""league"": ""FA Cup: Qualification"", ""home"": ""AFC Rushden & Diamonds"", ""away"": ""Braintree Town"", ""kickoff"": ""2026-10-03 16:00"", ""sel"": ""O25"", ""label"": ""Over 2.5 goals"", ""odds"": 1.55, ""p"": 0.7022, ""p_market"": 0.6076, ""edge_pp"": 9.5, ""result"": ""won"", ""score"": ""2-1""}, {""date"": ""2026-10-03"", ""country"": ""Netherlands"", ""league"": ""Eerste Divisie"", ""home"": ""RKC Waalwijk"", ""away"": ""FC Emmen"", ""kickoff"": ""2026-10-03 20:00"", ""sel"": ""1X"", ""label"": ""RKC Waalwijk or draw"", ""odds"": 1.36, ""p"": 0.8024, ""p_market"": 0.6888, ""edge_pp"": 11.4, ""result"": ""won"", ""score"": ""1-1""}, {""date"": ""2026-10-04"", ""country"": ""Colombia"", ""league"": ""Primera B: Clausura"", ""home"": ""Real Cartagena"", ""away"": ""Boca Juniors de Cali"", ""kickoff"": ""2026-10-04 03:20"", ""sel"": ""U35"", ""label"": ""Under 3.5 goals"", ""odds"": 1.42, ""p"": 0.7555, ""p_market"": 0.6595, ""edge_pp"": 9.6, ""result"": ""lost"", ""score"": ""2-3""}]",2.99,0.4257,0.2760,lost,2026-10-04,
A20261003-11,2026-10-03 08:55,auto 08:55,2026-10-04 08:55,3.00,3,"[{""date"": ""2026-10-03"", ""country"": ""England"", ""league"": ""FA Cup: Qualification"", ""home"": ""AFC Rushden & Diamonds"", ""away"": ""Braintree Town"", ""kickoff"": ""2026-10-03 16:00"", ""sel"": ""O25"", ""label"": ""Over 2.5 goals"", ""odds"": 1.55, ""p"": 0.7022, ""p_market"": 0.6076, ""edge_pp"": 9.5, ""result"": ""won"", ""score"": ""2-1""}, {""date"": ""2026-10-03"", ""country"": ""England"", ""league"": ""FA Cup: Qualification"", ""home"": ""Morecambe"", ""away"": ""Darlington"", ""kickoff"": ""2026-10-03 16:00"", ""sel"": ""AO05"", ""label"": ""Darlington over 0.5 goals"", ""odds"": 1.36, ""p"": 0.8042, ""p_market"": 0.6881, ""edge_pp"": 11.6, ""result"": ""lost"", ""score"": ""3-0""}, {""date"": ""2026-10-04"", ""country"": ""Colombia"", ""league"": ""Primera B: Clausura"", ""home"": ""Real Cartagena"", ""away"": ""Boca Juniors de Cali"", ""kickoff"": ""2026-10-04 03:20"", ""sel"": ""U35"", ""label"": ""Under 3.5 goals"", ""odds"": 1.42, ""p"": 0.7555, ""p_market"": 0.6595, ""edge_pp"": 9.6, ""result"": null}]",2.99,0.4266,0.2757,lost,2026-10-03,
A20261003-12,2026-10-03 08:55,auto 08:55,2026-10-04 08:55,3.00,3,"[{""date"": ""2026-10-03"", ""country"": ""England"", ""league"": ""FA Cup: Qualification"", ""home"": ""Cambridge City"", ""away"": ""Alvechurch"", ""kickoff"": ""2026-10-03 16:00"", ""sel"": ""HO05"", ""label"": ""Cambridge City over 0.5 goals"", ""odds"": 1.28, ""p"": 0.8411, ""p_market"": 0.7265, ""edge_pp"": 11.5, ""result"": ""won"", ""score"": ""1-2""}, {""date"": ""2026-10-03"", ""country"": ""Italy"", ""league"": ""Serie D: Group C"", ""home"": ""Schio"", ""away"": ""Unione La Rocca Altavilla"", ""kickoff"": ""2026-10-03 20:00"", ""sel"": ""U25"", ""label"": ""Under 2.5 goals"", ""odds"": 1.72, ""p"": 0.6206, ""p_market"": 0.5339, ""edge_pp"": 8.7, ""result"": ""lost"", ""score"": ""2-2""}, {""date"": ""2026-10-03"", ""country"": ""Netherlands"", ""league"": ""Eerste Divisie"", ""home"": ""RKC Waalwijk"", ""away"": ""FC Emmen"", ""kickoff"": ""2026-10-03 20:00"", ""sel"": ""1X"", ""label"": ""RKC Waalwijk or draw"", ""odds"": 1.36, ""p"": 0.8024, ""p_market"": 0.6888, ""edge_pp"": 11.4, ""result"": ""won"", ""score"": ""1-1""}]",2.99,0.4188,0.2672,lost,2026-10-04,
A20261003-13,2026-10-03 09:23,auto 09:23,2026-10-04 09:23,3.00,3,"[{""date"": ""2026-10-03"", ""country"": ""Japan"", ""league"": ""J2 League"", ""home"": ""Tochigi City FC"", ""away"": ""FC Imabari"", ""kickoff"": ""2026-10-03 10:00"", ""sel"": ""1X"", ""label"": ""Tochigi City FC or draw"", ""odds"": 1.25, ""p"": 0.8688, ""p_market"": 0.7594, ""edge_pp"": 10.9, ""result"": ""lost"", ""score"": ""1-2""}, {""date"": ""2026-10-03"", ""country"": ""England"", ""league"": ""FA Cup: Qualification"", ""home"": ""Morecambe"", ""away"": ""Darlington"", ""kickoff"": ""2026-10-03 16:00"", ""sel"": ""AO05"", ""label"": ""Darlington over 0.5 goals"", ""odds"": 1.36, ""p"": 0.8042, ""p_market"": 0.6881, ""edge_pp"": 11.6, ""result"": null}, {""date"": ""2026-10-03"", ""country"": ""Scotland"", ""league"": ""Championship"", ""home"": ""Partick"", ""away"": ""Arbroath"", ""kickoff"": ""2026-10-03 16:00"", ""sel"": ""NBTTS"", ""label"": ""Not both teams to score"", ""odds"": 1.76, ""p"": 0.6329, ""p_market"": 0.5256, ""edge_pp"": 10.7, ""result"": null}]",2.99,0.4422,0.2746,lost,2026-10-03,
A20261003-14,2026-10-03 09:42,auto 09:42,2026-10-04 09:42,3.00,3,"[{""date"": ""2026-10-03"", ""country"": ""England"", ""league"": ""FA Cup: Qualification"", ""home"": ""Brackley Town"", ""away"": ""Chelmsford City"", ""kickoff"": ""2026-10-03 16:00"", ""sel"": ""AO05"", ""label"": ""Chelmsford City over 0.5 goals"", ""odds"": 1.25, ""p"": 0.8549, ""p_market"": 0.7475, ""edge_pp"": 10.7, ""result"": ""won"", ""score"": ""0-2""}, {""date"": ""2026-10-03"", ""country"": ""England"", ""league"": ""FA Cup: Qualification"", ""home"": ""Morecambe"", ""away"": ""Darlington"", ""kickoff"": ""2026-10-03 16:00"", ""sel"": ""AO05"", ""label"": ""Darlington over 0.5 goals"", ""odds"": 1.36, ""p"": 0.8042, ""p_market"": 0.6881, ""edge_pp"": 11.6, ""result"": ""lost"", ""score"": ""3-0""}, {""date"": ""2026-10-03"", ""country"": ""Scotland"", ""league"": ""Championship"", ""home"": ""Partick"", ""away"": ""Arbroath"", ""kickoff"": ""2026-10-03 16:00"", ""sel"": ""NBTTS"", ""label"": ""Not both teams to score"", ""odds"": 1.76, ""p"": 0.6329, ""p_market"": 0.5256, ""edge_pp"": 10.7, ""result"": ""won"", ""score"": ""3-0""}]",2.99,0.4351,0.2703,lost,2026-10-03,
A20261003-15,2026-10-03 09:42,auto 09:42,2026-10-04 09:42,3.00,3,"[{""date"": ""2026-10-03"", ""country"": ""Argentina"", ""league"": ""Primera Nacional"", ""home"": ""Tristan Suarez"", ""away"": ""Quilmes"", ""kickoff"": ""2026-10-03 20:00"", ""sel"": ""1X"", ""label"": ""Tristan Suarez or draw"", ""odds"": 1.22, ""p"": 0.8805, ""p_market"": 0.7792, ""edge_pp"": 10.1, ""result"": ""won"", ""score"": ""0-0""}, {""date"": ""2026-10-03"", ""country"": ""Italy"", ""league"": ""Serie D: Group C"", ""home"": ""Schio"", ""away"": ""Unione La Rocca Altavilla"", ""kickoff"": ""2026-10-03 20:00"", ""sel"": ""U25"", ""label"": ""Under 2.5 goals"", ""odds"": 1.72, ""p"": 0.6206, ""p_market"": 0.5339, ""edge_pp"": 8.7, ""result"": ""lost"", ""score"": ""2-2""}, {""date"": ""2026-10-04"", ""country"": ""Japan"", ""league"": ""J2 League"", ""home"": ""Blaublitz Akita"", ""away"": ""Sagan Tosu"", ""kickoff"": ""2026-10-04 07:00"", ""sel"": ""HO05"", ""label"": ""Blaublitz Akita over 0.5 goals"", ""odds"": 1.43, ""p"": 0.7494, ""p_market"": 0.6452, ""edge_pp"": 10.4, ""result"": null}]",3.00,0.4095,0.2684,lost,2026-10-04,
A20261003-16,2026-10-03 10:44,auto 10:44,2026-10-04 10:44,3.00,3,"[{""date"": ""2026-10-03"", ""country"": ""Scotland"", ""league"": ""Championship"", ""home"": ""Partick"", ""away"": ""Arbroath"", ""kickoff"": ""2026-10-03 16:00"", ""sel"": ""NBTTS"", ""label"": ""Not both teams to score"", ""odds"": 1.71, ""p"": 0.6329, ""p_market"": 0.5391, ""edge_pp"": 9.4, ""result"": null, ""score"": ""3-0""}, {""date"": ""2026-10-03"", ""country"": ""Chile"", ""league"": ""Primera B"", ""home"": ""Magallanes"", ""away"": ""Curico Unido"", ""kickoff"": ""2026-10-03 17:30"", ""sel"": ""1X"", ""label"": ""Magallanes or draw"", ""odds"": 1.23, ""p"": 0.8835, ""p_market"": 0.77, ""edge_pp"": 11.3, ""result"": ""won"", ""score"": ""1-0""}, {""date"": ""2026-10-04"", ""country"": ""Colombia"", ""league"": ""Primera B: Clausura"", ""home"": ""Real Cartagena"", ""away"": ""Boca Juniors de Cali"", ""kickoff"": ""2026-10-04 03:20"", ""sel"": ""U35"", ""label"": ""Under 3.5 goals"", ""odds"": 1.42, ""p"": 0.7555, ""p_market"": 0.6595, ""edge_pp"": 9.6, ""result"": ""lost"", ""score"": ""2-3""}]",2.99,0.4224,0.2738,lost,2026-10-04,
A20261003-17,2026-10-03 10:44,auto 10:44,2026-10-04 10:44,3.00,3,"[{""date"": ""2026-10-03"", ""country"": ""England"", ""league"": ""FA Cup: Qualification"", ""home"": ""Cambridge City"", ""away"": ""Alvechurch"", ""kickoff"": ""2026-10-03 16:00"", ""sel"": ""HO05"", ""label"": ""Cambridge City over 0.5 goals"", ""odds"": 1.28, ""p"": 0.8411, ""p_market"": 0.7265, ""edge_pp"": 11.5, ""result"": ""won"", ""score"": ""1-2""}, {""date"": ""2026-10-03"", ""country"": ""England"", ""league"": ""FA Cup: Qualification"", ""home"": ""Morecambe"", ""away"": ""Darlington"", ""kickoff"": ""2026-10-03 16:00"", ""sel"": ""AO05"", ""label"": ""Darlington over 0.5 goals"", ""odds"": 1.36, ""p"": 0.8042, ""p_market"": 0.6845, ""edge_pp"": 12.0, ""result"": ""lost"", ""score"": ""3-0""}, {""date"": ""2026-10-03"", ""country"": ""Italy"", ""league"": ""Serie D: Group C"", ""home"": ""Schio"", ""away"": ""Unione La Rocca Altavilla"", ""kickoff"": ""2026-10-03 20:00"", ""sel"": ""U25"", ""label"": ""Under 2.5 goals"", ""odds"": 1.72, ""p"": 0.6206, ""p_market"": 0.5339, ""edge_pp"": 8.7, ""result"": null}]",2.99,0.4198,0.2655,lost,2026-10-03,
A20261003-18,2026-10-03 11:10,auto 11:10,2026-10-04 11:10,3.00,3,"[{""date"": ""2026-10-03"", ""country"": ""Netherlands"", ""league"": ""Eerste Divisie"", ""home"": ""Almere City FC"", ""away"": ""FC Volendam"", ""kickoff"": ""2026-10-03 20:00"", ""sel"": ""1X"", ""label"": ""Almere City FC or draw"", ""odds"": 1.3, ""p"": 0.8365, ""p_market"": 0.7253, ""edge_pp"": 11.1, ""result"": ""won"", ""score"": ""1-0""}, {""date"": ""2026-10-04"", ""country"": ""Colombia"", ""league"": ""Primera B: Clausura"", ""home"": ""Real Cartagena"", ""away"": ""Boca Juniors de Cali"", ""kickoff"": ""2026-10-04 03:20"", ""sel"": ""U35"", ""label"": ""Under 3.5 goals"", ""odds"": 1.42, ""p"": 0.7555, ""p_market"": 0.6595, ""edge_pp"": 9.6, ""result"": ""lost"", ""score"": ""2-3""}, {""date"": ""2026-10-04"", ""country"": ""Japan"", ""league"": ""J3 League"", ""home"": ""Kagoshima United"", ""away"": ""Fukushima United"", ""kickoff"": ""2026-10-04 11:00"", ""sel"": ""AO05"", ""label"": ""Fukushima United over 0.5 goals"", ""odds"": 1.62, ""p"": 0.6734, ""p_market"": 0.5703, ""edge_pp"": 10.3, ""result"": null}]",2.99,0.4256,0.2728,lost,2026-10-04,
A20261003-19,2026-10-03 12:10,12:00,2026-10-04 12:10,3.00,3,"[{""date"": ""2026-10-03"", ""country"": ""Netherlands"", ""league"": ""Eerste Divisie"", ""home"": ""Almere City FC"", ""away"": ""FC Volendam"", ""kickoff"": ""2026-10-03 20:00"", ""sel"": ""1X"", ""label"": ""Almere City FC or draw"", ""odds"": 1.3, ""p"": 0.8365, ""p_market"": 0.7253, ""edge_pp"": 11.1, ""result"": ""won"", ""score"": ""1-0""}, {""date"": ""2026-10-04"", ""country"": ""Japan"", ""league"": ""J2 League"", ""home"": ""Blaublitz Akita"", ""away"": ""Sagan Tosu"", ""kickoff"": ""2026-10-04 07:00"", ""sel"": ""HO05"", ""label"": ""Blaublitz Akita over 0.5 goals"", ""odds"": 1.43, ""p"": 0.7487, ""p_market"": 0.6452, ""edge_pp"": 10.4, ""result"": ""won"", ""score"": ""1-0""}, {""date"": ""2026-10-04"", ""country"": ""Japan"", ""league"": ""J3 League"", ""home"": ""Kagoshima United"", ""away"": ""Fukushima United"", ""kickoff"": ""2026-10-04 11:00"", ""sel"": ""AO05"", ""label"": ""Fukushima United over 0.5 goals"", ""odds"": 1.62, ""p"": 0.6706, ""p_market"": 0.5703, ""edge_pp"": 10.0, ""result"": ""won"", ""score"": ""3-2""}]",3.01,0.4200,0.2669,won,2026-10-04,
A20261003-20,2026-10-03 12:10,12:00,2026-10-04 12:10,3.00,3,"[{""date"": ""2026-10-03"", ""country"": ""Scotland"", ""league"": ""Championship"", ""home"": ""Partick"", ""away"": ""Arbroath"", ""kickoff"": ""2026-10-03 16:00"", ""sel"": ""NBTTS"", ""label"": ""Not both teams to score"", ""odds"": 1.71, ""p"": 0.6329, ""p_market"": 0.5391, ""edge_pp"": 9.4, ""result"": ""won"", ""score"": ""3-0""}, {""date"": ""2026-10-03"", ""country"": ""Chile"", ""league"": ""Primera B"", ""home"": ""Magallanes"", ""away"": ""Curico Unido"", ""kickoff"": ""2026-10-03 17:30"", ""sel"": ""1X"", ""label"": ""Magallanes or draw"", ""odds"": 1.23, ""p"": 0.8835, ""p_market"": 0.77, ""edge_pp"": 11.3, ""result"": ""won"", ""score"": ""1-0""}, {""date"": ""2026-10-04"", ""country"": ""Costa Rica"", ""league"": ""Liga de Ascenso: Apertura: Group A"", ""home"": ""Rosario"", ""away"": ""Quepos Cambute"", ""kickoff"": ""2026-10-04 01:00"", ""sel"": ""U35"", ""label"": ""Under 3.5 goals"", ""odds"": 1.42, ""p"": 0.7393, ""p_market"": 0.6595, ""edge_pp"": 8.0, ""result"": ""won"", ""score"": ""1-0""}]",2.99,0.4134,0.2738,won,2026-10-05,
A20261003-21,2026-10-03 12:57,auto 12:57,2026-10-04 12:57,3.00,3,"[{""date"": ""2026-10-03"", ""country"": ""Sweden"", ""league"": ""Division 2: Norra Goetaland"", ""home"": ""Skara FC"", ""away"": ""IFK Kumla"", ""kickoff"": ""2026-10-03 14:00"", ""sel"": ""H"", ""label"": ""Skara FC to win"", ""odds"": 1.39, ""p"": 0.7957, ""p_market"": 0.6902, ""edge_pp"": 10.6, ""result"": ""won"", ""score"": ""3-1""}, {""date"": ""2026-10-04"", ""country"": ""Brazil"", ""league"": ""Serie C: 2nd Stage: Group B"", ""home"": ""Paysandu"", ""away"": ""Ferroviaria"", ""kickoff"": ""2026-10-04 00:30"", ""sel"": ""O15"", ""label"": ""Over 1.5 goals"", ""odds"": 1.33, ""p"": 0.8123, ""p_market"": 0.7064, ""edge_pp"": 10.6, ""result"": ""lost"", ""score"": ""1-0""}, {""date"": ""2026-10-04"", ""country"": ""Japan"", ""league"": ""J3 League"", ""home"": ""Kagoshima United"", ""away"": ""Fukushima United"", ""kickoff"": ""2026-10-04 11:00"", ""sel"": ""AO05"", ""label"": ""Fukushima United over 0.5 goals"", ""odds"": 1.62, ""p"": 0.6706, ""p_market"": 0.5703, ""edge_pp"": 10.0, ""result"": null}]",2.99,0.4334,0.2780,lost,2026-10-04,
A20261003-22,2026-10-03 12:57,auto 12:57,2026-10-04 12:57,3.00,3,"[{""date"": ""2026-10-03"", ""country"": ""Scotland"", ""league"": ""Championship"", ""home"": ""Partick"", ""away"": ""Arbroath"", ""kickoff"": ""2026-10-03 16:00"", ""sel"": ""NBTTS"", ""label"": ""Not both teams to score"", ""odds"": 1.71, ""p"": 0.6329, ""p_market"": 0.5391, ""edge_pp"": 9.4, ""result"": ""won"", ""score"": ""3-0""}, {""date"": ""2026-10-03"", ""country"": ""Chile"", ""league"": ""Primera B"", ""home"": ""Magallanes"", ""away"": ""Curico Unido"", ""kickoff"": ""2026-10-03 17:30"", ""sel"": ""1X"", ""label"": ""Magallanes or draw"", ""odds"": 1.23, ""p"": 0.8835, ""p_market"": 0.77, ""edge_pp"": 11.3, ""result"": ""won"", ""score"": ""1-0""}, {""date"": ""2026-10-04"", ""country"": ""Japan"", ""league"": ""J2 League"", ""home"": ""Blaublitz Akita"", ""away"": ""Sagan Tosu"", ""kickoff"": ""2026-10-04 07:00"", ""sel"": ""HO05"", ""label"": ""Blaublitz Akita over 0.5 goals"", ""odds"": 1.43, ""p"": 0.7487, ""p_market"": 0.6452, ""edge_pp"": 10.4, ""result"": ""won"", ""score"": ""1-0""}]",3.01,0.4186,0.2678,won,2026-10-05,
A20261003-23,2026-10-03 15:04,auto 15:04,2026-10-04 15:04,3.00,3,"[{""date"": ""2026-10-03"", ""country"": ""England"", ""league"": ""National League"", ""home"": ""Southend"", ""away"": ""Fylde"", ""kickoff"": ""2026-10-03 16:00"", ""sel"": ""U45"", ""label"": ""Under 4.5 goals"", ""odds"": 1.41, ""p"": 0.7803, ""p_market"": 0.669, ""edge_pp"": 11.1, ""score"": ""3-1"", ""result"": null}, {""date"": ""2026-10-03"", ""country"": ""Netherlands"", ""league"": ""Eerste Divisie"", ""home"": ""RKC Waalwijk"", ""away"": ""FC Emmen"", ""kickoff"": ""2026-10-03 20:00"", ""sel"": ""1X"", ""label"": ""RKC Waalwijk or draw"", ""odds"": 1.36, ""p"": 0.8024, ""p_market"": 0.6888, ""edge_pp"": 11.4, ""result"": ""won"", ""score"": ""1-1""}, {""date"": ""2026-10-04"", ""country"": ""UEFA Nations League"", ""league"": ""League D: Group 2"", ""home"": ""Azerbaijan"", ""away"": ""Lithuania"", ""kickoff"": ""2026-10-04 15:00"", ""sel"": ""O15"", ""label"": ""Over 1.5 goals"", ""odds"": 1.56, ""p"": 0.7275, ""p_market"": 0.6158, ""edge_pp"": 11.2, ""result"": ""lost"", ""score"": ""1-0""}]",2.99,0.4555,0.2838,lost,2026-10-04,
A20261003-24,2026-10-03 15:04,auto 15:04,2026-10-04 15:04,3.00,3,"[{""date"": ""2026-10-03"", ""country"": ""Chile"", ""league"": ""Primera B"", ""home"": ""Magallanes"", ""away"": ""Curico Unido"", ""kickoff"": ""2026-10-03 17:30"", ""sel"": ""1X"", ""label"": ""Magallanes or draw"", ""odds"": 1.23, ""p"": 0.8835, ""p_market"": 0.77, ""edge_pp"": 11.3, ""score"": ""1-0"", ""result"": ""won""}, {""date"": ""2026-10-03"", ""country"": ""Argentina"", ""league"": ""Primera Nacional"", ""home"": ""Tristan Suarez"", ""away"": ""Quilmes"", ""kickoff"": ""2026-10-03 20:00"", ""sel"": ""1X"", ""label"": ""Tristan Suarez or draw"", ""odds"": 1.22, ""p"": 0.8805, ""p_market"": 0.7792, ""edge_pp"": 10.1, ""result"": ""won"", ""score"": ""0-0""}, {""date"": ""2026-10-04"", ""country"": ""Italy"", ""league"": ""Serie D: Group A"", ""home"": ""Biellese"", ""away"": ""ASDC Gozzano"", ""kickoff"": ""2026-10-04 15:00"", ""sel"": ""H"", ""label"": ""Biellese to win"", ""odds"": 2.0, ""p"": 0.5532, ""p_market"": 0.4669, ""edge_pp"": 8.6, ""result"": ""won"", ""score"": ""4-1""}]",3.00,0.4304,0.2801,won,2026-10-04,
A20261003-25,2026-10-03 15:04,auto 15:04,2026-10-04 15:04,3.00,3,"[{""date"": ""2026-10-03"", ""country"": ""England"", ""league"": ""FA Cup: Qualification"", ""home"": ""Brackley Town"", ""away"": ""Chelmsford City"", ""kickoff"": ""2026-10-03 16:00"", ""sel"": ""AO05"", ""label"": ""Chelmsford City over 0.5 goals"", ""odds"": 1.26, ""p"": 0.8549, ""p_market"": 0.7407, ""edge_pp"": 11.4, ""score"": ""0-2"", ""result"": ""won""}, {""date"": ""2026-10-03"", ""country"": ""England"", ""league"": ""FA Cup: Qualification"", ""home"": ""Chesham United"", ""away"": ""Real Bedford"", ""kickoff"": ""2026-10-03 16:00"", ""sel"": ""U55"", ""label"": ""Under 5.5 goals"", ""odds"": 1.3, ""p"": 0.8379, ""p_market"": 0.7234, ""edge_pp"": 11.4, ""score"": ""4-3"", ""result"": ""lost""}, {""date"": ""2026-10-04"", ""country"": ""Italy"", ""league"": ""Serie D: Group F"", ""home"": ""Termoli Calcio"", ""away"": ""Virtus Lanciano"", ""kickoff"": ""2026-10-04 15:00"", ""sel"": ""U25"", ""label"": ""Under 2.5 goals"", ""odds"": 1.82, ""p"": 0.5976, ""p_market"": 0.5041, ""edge_pp"": 9.4, ""result"": null}]",2.98,0.4281,0.2701,lost,2026-10-03,
A20261003-26,2026-10-03 20:23,auto 20:23,2026-10-04 20:23,3.00,3,"[{""date"": ""2026-10-04"", ""country"": ""UEFA Nations League"", ""league"": ""League D: Group 2"", ""home"": ""Azerbaijan"", ""away"": ""Lithuania"", ""kickoff"": ""2026-10-04 15:00"", ""sel"": ""O15"", ""label"": ""Over 1.5 goals"", ""odds"": 1.56, ""p"": 0.728, ""p_market"": 0.6158, ""edge_pp"": 11.2, ""result"": ""lost"", ""score"": ""1-0""}, {""date"": ""2026-10-04"", ""country"": ""Slovenia"", ""league"": ""2. SNL"", ""home"": ""NK Triglav"", ""away"": ""NK Jesenice"", ""kickoff"": ""2026-10-04 18:00"", ""sel"": ""HO15"", ""label"": ""NK Triglav over 1.5 goals"", ""odds"": 1.45, ""p"": 0.7479, ""p_market"": 0.6282, ""edge_pp"": 12.0, ""result"": ""won"", ""score"": ""4-0""}, {""date"": ""2026-10-04"", ""country"": ""UEFA Nations League"", ""league"": ""League D: Group 1"", ""home"": ""Malta"", ""away"": ""Andorra"", ""kickoff"": ""2026-10-04 18:00"", ""sel"": ""12"", ""label"": ""Malta or Andorra"", ""odds"": 1.32, ""p"": 0.8304, ""p_market"": 0.723, ""edge_pp"": 10.7, ""result"": ""won"", ""score"": ""1-0""}]",2.99,0.4521,0.2797,lost,2026-10-04,
A20261003-27,2026-10-03 20:23,auto 20:23,2026-10-04 20:23,3.00,3,"[{""date"": ""2026-10-04"", ""country"": ""Brazil"", ""league"": ""Serie C: 2nd Stage: Group B"", ""home"": ""Paysandu"", ""away"": ""Ferroviaria"", ""kickoff"": ""2026-10-04 00:30"", ""sel"": ""O15"", ""label"": ""Over 1.5 goals"", ""odds"": 1.33, ""p"": 0.8129, ""p_market"": 0.7064, ""edge_pp"": 10.7, ""result"": ""lost"", ""score"": ""1-0""}, {""date"": ""2026-10-04"", ""country"": ""Sweden"", ""league"": ""Division 2: Soedra Goetaland"", ""home"": ""FK Karlskrona"", ""away"": ""Linero IF"", ""kickoff"": ""2026-10-04 14:00"", ""sel"": ""H"", ""label"": ""FK Karlskrona to win"", ""odds"": 1.42, ""p"": 0.7938, ""p_market"": 0.6758, ""edge_pp"": 11.8, ""result"": null}, {""date"": ""2026-10-04"", ""country"": ""Italy"", ""league"": ""Serie D: Group D"", ""home"": ""Arconatese"", ""away"": ""Pro Sesto"", ""kickoff"": ""2026-10-04 15:00"", ""sel"": ""A"", ""label"": ""Pro Sesto to win"", ""odds"": 1.59, ""p"": 0.6744, ""p_market"": 0.5979, ""edge_pp"": 7.7, ""result"": null}]",3.00,0.4352,0.2854,lost,2026-10-04,
A20261003-28,2026-10-03 20:23,auto 20:23,2026-10-04 20:23,3.00,3,"[{""date"": ""2026-10-04"", ""country"": ""Italy"", ""league"": ""Serie D: Group F"", ""home"": ""Santegidiese"", ""away"": ""Real Giulianova"", ""kickoff"": ""2026-10-04 15:00"", ""sel"": ""U25"", ""label"": ""Under 2.5 goals"", ""odds"": 1.89, ""p"": 0.5785, ""p_market"": 0.485, ""edge_pp"": 9.3, ""result"": ""lost"", ""score"": ""1-3""}, {""date"": ""2026-10-04"", ""country"": ""Club Friendlies"", ""league"": ""Club Friendlies 2026"", ""home"": ""Hamburger SV"", ""away"": ""FC Copenhagen"", ""kickoff"": ""2026-10-04 15:30"", ""sel"": ""O15"", ""label"": ""Over 1.5 goals"", ""odds"": 1.25, ""p"": 0.8761, ""p_market"": 0.7619, ""edge_pp"": 11.4, ""result"": ""won"", ""score"": ""2-0""}, {""date"": ""2026-10-04"", ""country"": ""Spain"", ""league"": ""Segunda Divisi\u00f3n"", ""home"": ""Las Palmas"", ""away"": ""Valladolid"", ""kickoff"": ""2026-10-04 18:30"", ""sel"": ""HO05"", ""label"": ""Las Palmas over 0.5 goals"", ""odds"": 1.27, ""p"": 0.8285, ""p_market"": 0.7392, ""edge_pp"": 8.9, ""result"": null}]",3.00,0.4199,0.2732,lost,2026-10-04,
A20261004-01,2026-10-04 02:10,auto 02:10,2026-10-05 02:10,3.00,3,"[{""date"": ""2026-10-04"", ""country"": ""Italy"", ""league"": ""Serie C: Group B"", ""home"": ""Guidonia Montecelio"", ""away"": ""ASD Pineto"", ""kickoff"": ""2026-10-04 14:30"", ""sel"": ""HO05"", ""label"": ""Guidonia Montecelio over 0.5 goals"", ""odds"": 1.29, ""p"": 0.8256, ""p_market"": 0.7159, ""edge_pp"": 11.0, ""result"": ""won"", ""score"": ""1-0""}, {""date"": ""2026-10-04"", ""country"": ""UEFA Nations League"", ""league"": ""League D: Group 2"", ""home"": ""Azerbaijan"", ""away"": ""Lithuania"", ""kickoff"": ""2026-10-04 15:00"", ""sel"": ""O15"", ""label"": ""Over 1.5 goals"", ""odds"": 1.56, ""p"": 0.7286, ""p_market"": 0.6158, ""edge_pp"": 11.3, ""result"": ""lost"", ""score"": ""1-0""}, {""date"": ""2026-10-04"", ""country"": ""CONCACAF Nations League"", ""league"": ""League B: Group 1"", ""home"": ""Guyana"", ""away"": ""Dominica"", ""kickoff"": ""2026-10-04 21:00"", ""sel"": ""U45"", ""label"": ""Under 4.5 goals"", ""odds"": 1.49, ""p"": 0.7511, ""p_market"": 0.6312, ""edge_pp"": 12.0, ""result"": null}]",3.00,0.4518,0.2782,lost,2026-10-04,
A20261004-02,2026-10-04 02:10,auto 02:10,2026-10-05 02:10,3.00,3,"[{""date"": ""2026-10-04"", ""country"": ""Italy"", ""league"": ""Serie D: Group F"", ""home"": ""Termoli Calcio"", ""away"": ""Virtus Lanciano"", ""kickoff"": ""2026-10-04 15:00"", ""sel"": ""U25"", ""label"": ""Under 2.5 goals"", ""odds"": 1.82, ""p"": 0.5973, ""p_market"": 0.5041, ""edge_pp"": 9.3, ""result"": ""won"", ""score"": ""2-0""}, {""date"": ""2026-10-04"", ""country"": ""Club Friendlies"", ""league"": ""Club Friendlies 2026"", ""home"": ""Hamburger SV"", ""away"": ""FC Copenhagen"", ""kickoff"": ""2026-10-04 15:30"", ""sel"": ""O15"", ""label"": ""Over 1.5 goals"", ""odds"": 1.25, ""p"": 0.8761, ""p_market"": 0.7619, ""edge_pp"": 11.4, ""result"": ""won"", ""score"": ""2-0""}, {""date"": ""2026-10-04"", ""country"": ""UEFA Nations League"", ""league"": ""League D: Group 1"", ""home"": ""Malta"", ""away"": ""Andorra"", ""kickoff"": ""2026-10-04 18:00"", ""sel"": ""12"", ""label"": ""Malta or Andorra"", ""odds"": 1.31, ""p"": 0.8303, ""p_market"": 0.7296, ""edge_pp"": 10.1, ""result"": ""won"", ""score"": ""1-0""}]",2.98,0.4345,0.2802,won,2026-10-04,
A20261004-03,2026-10-04 02:10,auto 02:10,2026-10-05 02:10,3.00,3,"[{""date"": ""2026-10-04"", ""country"": ""Sweden"", ""league"": ""Division 2: Soedra Goetaland"", ""home"": ""FK Karlskrona"", ""away"": ""Linero IF"", ""kickoff"": ""2026-10-04 14:00"", ""sel"": ""H"", ""label"": ""FK Karlskrona to win"", ""odds"": 1.42, ""p"": 0.7932, ""p_market"": 0.6758, ""edge_pp"": 11.7, ""result"": ""won"", ""score"": ""2-1""}, {""date"": ""2026-10-04"", ""country"": ""Italy"", ""league"": ""Serie D: Group D"", ""home"": ""Arconatese"", ""away"": ""Pro Sesto"", ""kickoff"": ""2026-10-04 15:00"", ""sel"": ""A"", ""label"": ""Pro Sesto to win"", ""odds"": 1.59, ""p"": 0.6737, ""p_market"": 0.5979, ""edge_pp"": 7.6, ""result"": ""lost"", ""score"": ""1-1""}, {""date"": ""2026-10-04"", ""country"": ""Colombia"", ""league"": ""Primera B: Clausura"", ""home"": ""Tigres FC"", ""away"": ""Internacional de Palmira"", ""kickoff"": ""2026-10-04 23:00"", ""sel"": ""AU15"", ""label"": ""Internacional de Palmira under 1.5 goals"", ""odds"": 1.33, ""p"": 0.7985, ""p_market"": 0.6928, ""edge_pp"": 10.6, ""result"": null}]",3.00,0.4267,0.2800,lost,2026-10-04,
A20261004-04,2026-10-04 05:54,auto 05:54,2026-10-05 05:54,3.00,3,"[{""date"": ""2026-10-04"", ""country"": ""Sweden"", ""league"": ""Division 2: Soedra Goetaland"", ""home"": ""FK Karlskrona"", ""away"": ""Linero IF"", ""kickoff"": ""2026-10-04 14:00"", ""sel"": ""H"", ""label"": ""FK Karlskrona to win"", ""odds"": 1.42, ""p"": 0.7932, ""p_market"": 0.6758, ""edge_pp"": 11.7, ""result"": ""won"", ""score"": ""2-1""}, {""date"": ""2026-10-04"", ""country"": ""UEFA Nations League"", ""league"": ""League D: Group 2"", ""home"": ""Azerbaijan"", ""away"": ""Lithuania"", ""kickoff"": ""2026-10-04 15:00"", ""sel"": ""O15"", ""label"": ""Over 1.5 goals"", ""odds"": 1.56, ""p"": 0.7284, ""p_market"": 0.6158, ""edge_pp"": 11.3, ""result"": ""lost"", ""score"": ""1-0""}, {""date"": ""2026-10-04"", ""country"": ""Uruguay"", ""league"": ""Primera Divisi\u00f3n: Clausura"", ""home"": ""Boston River"", ""away"": ""Juventud de las Piedras"", ""kickoff"": ""2026-10-04 18:00"", ""sel"": ""U35"", ""label"": ""Under 3.5 goals"", ""odds"": 1.35, ""p"": 0.775, ""p_market"": 0.6966, ""edge_pp"": 7.8, ""result"": ""won"", ""score"": ""0-0""}]",2.99,0.4478,0.2899,lost,2026-10-04,
A20261004-05,2026-10-04 05:54,auto 05:54,2026-10-05 05:54,3.00,3,"[{""date"": ""2026-10-04"", ""country"": ""Italy"", ""league"": ""Serie D: Group F"", ""home"": ""Santegidiese"", ""away"": ""Real Giulianova"", ""kickoff"": ""2026-10-04 15:00"", ""sel"": ""U25"", ""label"": ""Under 2.5 goals"", ""odds"": 1.89, ""p"": 0.5782, ""p_market"": 0.485, ""edge_pp"": 9.3, ""result"": ""lost"", ""score"": ""1-3""}, {""date"": ""2026-10-04"", ""country"": ""Club Friendlies"", ""league"": ""Club Friendlies 2026"", ""home"": ""Hamburger SV"", ""away"": ""FC Copenhagen"", ""kickoff"": ""2026-10-04 15:30"", ""sel"": ""O15"", ""label"": ""Over 1.5 goals"", ""odds"": 1.24, ""p"": 0.8761, ""p_market"": 0.7678, ""edge_pp"": 10.8, ""result"": ""won"", ""score"": ""2-0""}, {""date"": ""2026-10-05"", ""country"": ""CONCACAF Nations League"", ""league"": ""League A: Group 1"", ""home"": ""Nicaragua"", ""away"": ""Dominican Republic"", ""kickoff"": ""2026-10-05 04:00"", ""sel"": ""O15"", ""label"": ""Over 1.5 goals"", ""odds"": 1.28, ""p"": 0.8507, ""p_market"": 0.7377, ""edge_pp"": 11.3, ""result"": null}]",3.00,0.4309,0.2747,lost,2026-10-04,
A20261004-06,2026-10-04 05:54,auto 05:54,2026-10-05 05:54,3.00,3,"[{""date"": ""2026-10-04"", ""country"": ""Italy"", ""league"": ""Serie D: Group F"", ""home"": ""Termoli Calcio"", ""away"": ""Virtus Lanciano"", ""kickoff"": ""2026-10-04 15:00"", ""sel"": ""U25"", ""label"": ""Under 2.5 goals"", ""odds"": 1.82, ""p"": 0.5973, ""p_market"": 0.5041, ""edge_pp"": 9.3, ""result"": ""won"", ""score"": ""2-0""}, {""date"": ""2026-10-04"", ""country"": ""Switzerland"", ""league"": ""Promotion League"", ""home"": ""Bellinzona"", ""away"": ""FC Zurich II"", ""kickoff"": ""2026-10-04 16:00"", ""sel"": ""AO05"", ""label"": ""FC Zurich II over 0.5 goals"", ""odds"": 1.25, ""p"": 0.8489, ""p_market"": 0.7368, ""edge_pp"": 11.2, ""result"": ""won"", ""score"": ""0-4""}, {""date"": ""2026-10-04"", ""country"": ""UEFA Nations League"", ""league"": ""League D: Group 1"", ""home"": ""Malta"", ""away"": ""Andorra"", ""kickoff"": ""2026-10-04 18:00"", ""sel"": ""12"", ""label"": ""Malta or Andorra"", ""odds"": 1.31, ""p"": 0.8298, ""p_market"": 0.7296, ""edge_pp"": 10.0, ""result"": ""won"", ""score"": ""1-0""}]",2.98,0.4207,0.2710,won,2026-10-04,
A20261004-07,2026-10-04 07:38,07:00,2026-10-05 07:38,3.00,3,"[{""date"": ""2026-10-04"", ""country"": ""Sweden"", ""league"": ""Division 2: Soedra Goetaland"", ""home"": ""FK Karlskrona"", ""away"": ""Linero IF"", ""kickoff"": ""2026-10-04 14:00"", ""sel"": ""H"", ""label"": ""FK Karlskrona to win"", ""odds"": 1.42, ""p"": 0.7932, ""p_market"": 0.6758, ""edge_pp"": 11.7, ""result"": ""won"", ""score"": ""2-1""}, {""date"": ""2026-10-04"", ""country"": ""UEFA Nations League"", ""league"": ""League D: Group 2"", ""home"": ""Azerbaijan"", ""away"": ""Lithuania"", ""kickoff"": ""2026-10-04 15:00"", ""sel"": ""O15"", ""label"": ""Over 1.5 goals"", ""odds"": 1.53, ""p"": 0.7285, ""p_market"": 0.6295, ""edge_pp"": 9.9, ""result"": ""lost"", ""score"": ""1-0""}, {""date"": ""2026-10-04"", ""country"": ""Argentina"", ""league"": ""Liga Profesional: Clausura"", ""home"": ""Talleres"", ""away"": ""Belgrano"", ""kickoff"": ""2026-10-04 22:00"", ""sel"": ""HU15"", ""label"": ""Talleres under 1.5 goals"", ""odds"": 1.38, ""p"": 0.7536, ""p_market"": 0.6699, ""edge_pp"": 8.4, ""result"": null}]",3.00,0.4355,0.2850,lost,2026-10-04,
A20261004-08,2026-10-04 07:38,07:00,2026-10-05 07:38,3.00,3,"[{""date"": ""2026-10-04"", ""country"": ""Italy"", ""league"": ""Serie D: Group F"", ""home"": ""Termoli Calcio"", ""away"": ""Virtus Lanciano"", ""kickoff"": ""2026-10-04 15:00"", ""sel"": ""U25"", ""label"": ""Under 2.5 goals"", ""odds"": 1.82, ""p"": 0.5973, ""p_market"": 0.5041, ""edge_pp"": 9.3, ""result"": ""won"", ""score"": ""2-0""}, {""date"": ""2026-10-04"", ""country"": ""UEFA Nations League"", ""league"": ""League D: Group 1"", ""home"": ""Malta"", ""away"": ""Andorra"", ""kickoff"": ""2026-10-04 18:00"", ""sel"": ""12"", ""label"": ""Malta or Andorra"", ""odds"": 1.3, ""p"": 0.8297, ""p_market"": 0.7309, ""edge_pp"": 9.9, ""result"": ""won"", ""score"": ""1-0""}, {""date"": ""2026-10-05"", ""country"": ""CONCACAF Nations League"", ""league"": ""League A: Group 1"", ""home"": ""Nicaragua"", ""away"": ""Dominican Republic"", ""kickoff"": ""2026-10-05 04:00"", ""sel"": ""O15"", ""label"": ""Over 1.5 goals"", ""odds"": 1.26, ""p"": 0.8507, ""p_market"": 0.751, ""edge_pp"": 10.0, ""result"": ""won"", ""score"": ""1-2""}]",2.98,0.4215,0.2767,won,2026-10-05,
A20261004-09,2026-10-04 07:38,07:00,2026-10-05 07:38,3.00,3,"[{""date"": ""2026-10-04"", ""country"": ""Italy"", ""league"": ""Serie D: Group F"", ""home"": ""Santegidiese"", ""away"": ""Real Giulianova"", ""kickoff"": ""2026-10-04 15:00"", ""sel"": ""U25"", ""label"": ""Under 2.5 goals"", ""odds"": 1.89, ""p"": 0.5782, ""p_market"": 0.485, ""edge_pp"": 9.3, ""result"": ""lost"", ""score"": ""1-3""}, {""date"": ""2026-10-04"", ""country"": ""Club Friendlies"", ""league"": ""Club Friendlies 2026"", ""home"": ""Hamburger SV"", ""away"": ""FC Copenhagen"", ""kickoff"": ""2026-10-04 15:30"", ""sel"": ""O15"", ""label"": ""Over 1.5 goals"", ""odds"": 1.24, ""p"": 0.8761, ""p_market"": 0.7678, ""edge_pp"": 10.8, ""result"": ""won"", ""score"": ""2-0""}, {""date"": ""2026-10-04"", ""country"": ""Italy"", ""league"": ""Serie C: Group C"", ""home"": ""Potenza"", ""away"": ""AZ Picerno ASD"", ""kickoff"": ""2026-10-04 20:30"", ""sel"": ""O15"", ""label"": ""Over 1.5 goals"", ""odds"": 1.28, ""p"": 0.8202, ""p_market"": 0.7322, ""edge_pp"": 8.8, ""result"": null}]",3.00,0.4155,0.2727,lost,2026-10-04,
A20261004-10,2026-10-04 08:12,manual 08:12,2026-10-05 08:12,3.00,3,"[{""date"": ""2026-10-04"", ""country"": ""Italy"", ""league"": ""Serie D: Group F"", ""home"": ""Termoli Calcio"", ""away"": ""Virtus Lanciano"", ""kickoff"": ""2026-10-04 15:00"", ""sel"": ""U25"", ""label"": ""Under 2.5 goals"", ""odds"": 1.82, ""p"": 0.5973, ""p_market"": 0.5041, ""edge_pp"": 9.3, ""result"": ""won"", ""score"": ""2-0""}, {""date"": ""2026-10-04"", ""country"": ""Club Friendlies"", ""league"": ""Club Friendlies 2026"", ""home"": ""Hamburger SV"", ""away"": ""FC Copenhagen"", ""kickoff"": ""2026-10-04 15:30"", ""sel"": ""O15"", ""label"": ""Over 1.5 goals"", ""odds"": 1.24, ""p"": 0.8761, ""p_market"": 0.7678, ""edge_pp"": 10.8, ""result"": ""won"", ""score"": ""2-0""}, {""date"": ""2026-10-04"", ""country"": ""Spain"", ""league"": ""Primera Division RFEF: Group 1"", ""home"": ""Ponferradina"", ""away"": ""Mirandes"", ""kickoff"": ""2026-10-04 16:30"", ""sel"": ""HO05"", ""label"": ""Ponferradina over 0.5 goals"", ""odds"": 1.33, ""p"": 0.7977, ""p_market"": 0.6856, ""edge_pp"": 11.2, ""result"": ""won"", ""score"": ""1-0""}]",3.00,0.4174,0.2653,won,2026-10-04,
A20261004-11,2026-10-04 08:12,manual 08:12,2026-10-05 08:12,3.00,3,"[{""date"": ""2026-10-04"", ""country"": ""Italy"", ""league"": ""Serie D: Group F"", ""home"": ""Santegidiese"", ""away"": ""Real Giulianova"", ""kickoff"": ""2026-10-04 15:00"", ""sel"": ""U25"", ""label"": ""Under 2.5 goals"", ""odds"": 1.89, ""p"": 0.5782, ""p_market"": 0.485, ""edge_pp"": 9.3, ""result"": ""lost"", ""score"": ""1-3""}, {""date"": ""2026-10-04"", ""country"": ""UEFA Nations League"", ""league"": ""League D: Group 1"", ""home"": ""Malta"", ""away"": ""Andorra"", ""kickoff"": ""2026-10-04 18:00"", ""sel"": ""12"", ""label"": ""Malta or Andorra"", ""odds"": 1.29, ""p"": 0.8297, ""p_market"": 0.7377, ""edge_pp"": 9.2, ""result"": ""won"", ""score"": ""1-0""}, {""date"": ""2026-10-04"", ""country"": ""Argentina"", ""league"": ""Primera C"", ""home"": ""Puerto Nuevo"", ""away"": ""Justo Jose de Urquiza"", ""kickoff"": ""2026-10-04 20:00"", ""sel"": ""AU15"", ""label"": ""Justo Jose de Urquiza under 1.5 goals"", ""odds"": 1.23, ""p"": 0.8518, ""p_market"": 0.74, ""edge_pp"": 11.2, ""result"": null}]",3.00,0.4086,0.2648,lost,2026-10-04,
A20261004-12,2026-10-04 13:19,12:00,2026-10-05 13:19,3.00,3,"[{""date"": ""2026-10-04"", ""country"": ""Italy"", ""league"": ""Serie C: Group B"", ""home"": ""Pianese"", ""away"": ""Ravenna"", ""kickoff"": ""2026-10-04 14:30"", ""sel"": ""HU15"", ""label"": ""Pianese under 1.5 goals"", ""odds"": 1.24, ""p"": 0.8667, ""p_market"": 0.749, ""edge_pp"": 11.8, ""score"": ""2-1"", ""result"": ""lost""}, {""date"": ""2026-10-04"", ""country"": ""Nigeria"", ""league"": ""NPFL"", ""home"": ""Enyimba"", ""away"": ""Plateau United"", ""kickoff"": ""2026-10-04 17:00"", ""sel"": ""AO05"", ""label"": ""Plateau United over 0.5 goals"", ""odds"": 1.96, ""p"": 0.5776, ""p_market"": 0.4688, ""edge_pp"": 10.9, ""score"": ""2-0"", ""result"": ""lost""}, {""date"": ""2026-10-04"", ""country"": ""Argentina"", ""league"": ""Primera C"", ""home"": ""Puerto Nuevo"", ""away"": ""Justo Jose de Urquiza"", ""kickoff"": ""2026-10-04 20:00"", ""sel"": ""AU15"", ""label"": ""Justo Jose de Urquiza under 1.5 goals"", ""odds"": 1.23, ""p"": 0.8518, ""p_market"": 0.74, ""edge_pp"": 11.2, ""result"": null}]",2.99,0.4264,0.2598,lost,2026-10-04,
A20261004-13,2026-10-04 13:19,12:00,2026-10-05 13:19,3.00,3,"[{""date"": ""2026-10-04"", ""country"": ""Italy"", ""league"": ""Serie D: Group D"", ""home"": ""Arconatese"", ""away"": ""Pro Sesto"", ""kickoff"": ""2026-10-04 15:00"", ""sel"": ""A"", ""label"": ""Pro Sesto to win"", ""odds"": 1.59, ""p"": 0.6737, ""p_market"": 0.5979, ""edge_pp"": 7.6, ""score"": ""1-1"", ""result"": ""lost""}, {""date"": ""2026-10-04"", ""country"": ""UEFA Nations League"", ""league"": ""League D: Group 1"", ""home"": ""Malta"", ""away"": ""Andorra"", ""kickoff"": ""2026-10-04 18:00"", ""sel"": ""12"", ""label"": ""Malta or Andorra"", ""odds"": 1.3, ""p"": 0.8297, ""p_market"": 0.737, ""edge_pp"": 9.3, ""score"": ""1-0"", ""result"": ""won""}, {""date"": ""2026-10-04"", ""country"": ""CONCACAF Nations League"", ""league"": ""League B: Group 1"", ""home"": ""Guyana"", ""away"": ""Dominica"", ""kickoff"": ""2026-10-04 21:00"", ""sel"": ""U45"", ""label"": ""Under 4.5 goals"", ""odds"": 1.46, ""p"": 0.7507, ""p_market"": 0.649, ""edge_pp"": 10.2, ""result"": null}]",3.02,0.4196,0.2860,lost,2026-10-04,
A20261004-14,2026-10-04 20:03,auto 20:03,2026-10-05 20:03,3.00,3,"[{""date"": ""2026-10-04"", ""country"": ""CONCACAF Nations League"", ""league"": ""League B: Group 1"", ""home"": ""Guyana"", ""away"": ""Dominica"", ""kickoff"": ""2026-10-04 21:00"", ""sel"": ""U45"", ""label"": ""Under 4.5 goals"", ""odds"": 1.49, ""p"": 0.7504, ""p_market"": 0.6312, ""edge_pp"": 11.9, ""score"": ""8-1"", ""result"": ""lost""}, {""date"": ""2026-10-04"", ""country"": ""Argentina"", ""league"": ""Primera Nacional"", ""home"": ""San Martin de Tucuman"", ""away"": ""Gimnasia y Tiro"", ""kickoff"": ""2026-10-04 23:30"", ""sel"": ""HU15"", ""label"": ""San Martin de Tucuman under 1.5 goals"", ""odds"": 1.62, ""p"": 0.6823, ""p_market"": 0.5703, ""edge_pp"": 11.2, ""result"": null}, {""date"": ""2026-10-05"", ""country"": ""Colombia"", ""league"": ""Primera A: Clausura"", ""home"": ""Bucaramanga"", ""away"": ""Atletico Junior"", ""kickoff"": ""2026-10-05 01:10"", ""sel"": ""HO05"", ""label"": ""Bucaramanga over 0.5 goals"", ""odds"": 1.24, ""p"": 0.8491, ""p_market"": 0.7438, ""edge_pp"": 10.5, ""result"": null}]",2.99,0.4347,0.2677,lost,2026-10-04,
A20261004-15,2026-10-04 20:03,auto 20:03,2026-10-05 20:03,3.00,3,"[{""date"": ""2026-10-04"", ""country"": ""Argentina"", ""league"": ""Primera Nacional"", ""home"": ""Chacarita Juniors"", ""away"": ""Patronato de Parana"", ""kickoff"": ""2026-10-04 20:30"", ""sel"": ""U25"", ""label"": ""Under 2.5 goals"", ""odds"": 1.44, ""p"": 0.7176, ""p_market"": 0.6479, ""edge_pp"": 7.0, ""score"": ""1-0"", ""result"": ""won""}, {""date"": ""2026-10-04"", ""country"": ""Uruguay"", ""league"": ""Primera Divisi\u00f3n: Clausura"", ""home"": ""Cerro"", ""away"": ""Montevideo Wanderers"", ""kickoff"": ""2026-10-04 21:00"", ""sel"": ""HO05"", ""label"": ""Cerro over 0.5 goals"", ""odds"": 1.4, ""p"": 0.7742, ""p_market"": 0.6585, ""edge_pp"": 11.6, ""score"": ""0-2"", ""result"": ""lost""}, {""date"": ""2026-10-05"", ""country"": ""Argentina"", ""league"": ""Primera B Metropolitana"", ""home"": ""CD UAI Urquiza"", ""away"": ""Ituzaingo"", ""kickoff"": ""2026-10-05 20:00"", ""sel"": ""U25"", ""label"": ""Under 2.5 goals"", ""odds"": 1.49, ""p"": 0.7342, ""p_market"": 0.6266, ""edge_pp"": 10.8, ""result"": null}]",3.00,0.4079,0.2673,lost,2026-10-04,
A20261004-16,2026-10-04 20:03,auto 20:03,2026-10-05 20:03,3.00,3,"[{""date"": ""2026-10-04"", ""country"": ""Venezuela"", ""league"": ""Segunda Divisi\u00f3n: Central-Oriental"", ""home"": ""Mineros De Guayana"", ""away"": ""Deportivo Miranda"", ""kickoff"": ""2026-10-04 21:30"", ""sel"": ""AO05"", ""label"": ""Deportivo Miranda over 0.5 goals"", ""odds"": 1.42, ""p"": 0.7312, ""p_market"": 0.6378, ""edge_pp"": 9.3, ""score"": ""3-2"", ""result"": ""won""}, {""date"": ""2026-10-05"", ""country"": ""CONCACAF Nations League"", ""league"": ""League A: Group 1"", ""home"": ""Trinidad and Tobago"", ""away"": ""Curacao"", ""kickoff"": ""2026-10-05 00:00"", ""sel"": ""HO05"", ""label"": ""Trinidad and Tobago over 0.5 goals"", ""odds"": 1.49, ""p"": 0.7103, ""p_market"": 0.6266, ""edge_pp"": 8.4, ""result"": ""won"", ""score"": ""1-1""}, {""date"": ""2026-10-05"", ""country"": ""Iran"", ""league"": ""Azadegan League"", ""home"": ""Niroye Zamini"", ""away"": ""Mes Kerman"", ""kickoff"": ""2026-10-05 13:30"", ""sel"": ""X2"", ""label"": ""Draw or Mes Kerman"", ""odds"": 1.41, ""p"": 0.7576, ""p_market"": 0.6413, ""edge_pp"": 11.6, ""result"": ""won"", ""score"": ""0-0""}]",2.98,0.3935,0.2563,won,2026-10-05,
A20261004-17,2026-10-04 23:18,auto 23:18,2026-10-05 23:18,3.00,3,"[{""date"": ""2026-10-05"", ""country"": ""CONCACAF Nations League"", ""league"": ""League A: Group 1"", ""home"": ""Nicaragua"", ""away"": ""Dominican Republic"", ""kickoff"": ""2026-10-05 04:00"", ""sel"": ""HO05"", ""label"": ""Nicaragua over 0.5 goals"", ""odds"": 1.43, ""p"": 0.7456, ""p_market"": 0.6538, ""edge_pp"": 9.2, ""result"": ""won"", ""score"": ""1-2""}, {""date"": ""2026-10-05"", ""country"": ""Argentina"", ""league"": ""Primera B Metropolitana"", ""home"": ""CD UAI Urquiza"", ""away"": ""Ituzaingo"", ""kickoff"": ""2026-10-05 20:00"", ""sel"": ""U25"", ""label"": ""Under 2.5 goals"", ""odds"": 1.49, ""p"": 0.7341, ""p_market"": 0.6266, ""edge_pp"": 10.8, ""result"": ""lost"", ""score"": ""3-2""}, {""date"": ""2026-10-05"", ""country"": ""Argentina"", ""league"": ""Primera Nacional"", ""home"": ""Nueva Chicago"", ""away"": ""Deportivo Maipu"", ""kickoff"": ""2026-10-05 22:00"", ""sel"": ""HU15"", ""label"": ""Nueva Chicago under 1.5 goals"", ""odds"": 1.41, ""p"": 0.7639, ""p_market"": 0.6569, ""edge_pp"": 10.7, ""result"": null}]",3.00,0.4182,0.2691,lost,2026-10-05,
A20261004-18,2026-10-04 23:18,auto 23:18,2026-10-05 23:18,3.00,3,"[{""date"": ""2026-10-05"", ""country"": ""CONCACAF Nations League"", ""league"": ""League B: Group 1"", ""home"": ""Puerto Rico"", ""away"": ""Cayman Islands"", ""kickoff"": ""2026-10-05 00:00"", ""sel"": ""U55"", ""label"": ""Under 5.5 goals"", ""odds"": 1.22, ""p"": 0.8933, ""p_market"": 0.7749, ""edge_pp"": 11.8, ""result"": ""won"", ""score"": ""1-0""}, {""date"": ""2026-10-05"", ""country"": ""Iran"", ""league"": ""Azadegan League"", ""home"": ""Niroye Zamini"", ""away"": ""Mes Kerman"", ""kickoff"": ""2026-10-05 13:30"", ""sel"": ""X2"", ""label"": ""Draw or Mes Kerman"", ""odds"": 1.41, ""p"": 0.7576, ""p_market"": 0.6413, ""edge_pp"": 11.6, ""result"": ""won"", ""score"": ""0-0""}, {""date"": ""2026-10-05"", ""country"": ""Serbia"", ""league"": ""Prva Liga"", ""home"": ""TSC Backa Topola"", ""away"": ""FK Graficar"", ""kickoff"": ""2026-10-05 18:00"", ""sel"": ""AO05"", ""label"": ""FK Graficar over 0.5 goals"", ""odds"": 1.74, ""p"": 0.6041, ""p_market"": 0.522, ""edge_pp"": 8.2, ""result"": ""won"", ""score"": ""4-1""}]",2.99,0.4088,0.2594,won,2026-10-05,
A20261004-19,2026-10-04 23:18,auto 23:18,2026-10-05 23:18,3.00,3,"[{""date"": ""2026-10-04"", ""country"": ""Argentina"", ""league"": ""Primera Nacional"", ""home"": ""San Martin de Tucuman"", ""away"": ""Gimnasia y Tiro"", ""kickoff"": ""2026-10-04 23:30"", ""sel"": ""HU15"", ""label"": ""San Martin de Tucuman under 1.5 goals"", ""odds"": 1.6, ""p"": 0.6821, ""p_market"": 0.5789, ""edge_pp"": 10.3, ""result"": ""won"", ""score"": ""1-0""}, {""date"": ""2026-10-05"", ""country"": ""Argentina"", ""league"": ""Liga Profesional: Clausura"", ""home"": ""Estudiantes de Rio Cuarto"", ""away"": ""Racing Club"", ""kickoff"": ""2026-10-05 02:30"", ""sel"": ""AU15"", ""label"": ""Racing Club under 1.5 goals"", ""odds"": 1.45, ""p"": 0.6711, ""p_market"": 0.6375, ""edge_pp"": 3.4, ""result"": ""lost"", ""score"": ""1-2""}, {""date"": ""2026-10-05"", ""country"": ""UEFA Nations League"", ""league"": ""League B: Group 4"", ""home"": ""Bosnia and Herzegovina"", ""away"": ""Poland"", ""kickoff"": ""2026-10-05 20:45"", ""sel"": ""O15"", ""label"": ""Over 1.5 goals"", ""odds"": 1.3, ""p"": 0.8068, ""p_market"": 0.74, ""edge_pp"": 6.7, ""result"": null}]",3.02,0.3693,0.2731,lost,2026-10-05,
A20261004-20,2026-10-04 23:47,auto 23:47,2026-10-05 23:47,3.00,3,"[{""date"": ""2026-10-05"", ""country"": ""Serbia"", ""league"": ""Prva Liga"", ""home"": ""TSC Backa Topola"", ""away"": ""FK Graficar"", ""kickoff"": ""2026-10-05 18:00"", ""sel"": ""AO05"", ""label"": ""FK Graficar over 0.5 goals"", ""odds"": 1.81, ""p"": 0.6041, ""p_market"": 0.5014, ""edge_pp"": 10.3, ""result"": ""won"", ""score"": ""4-1""}, {""date"": ""2026-10-05"", ""country"": ""Argentina"", ""league"": ""Primera C"", ""home"": ""Sportivo Barracas"", ""away"": ""Leones de Rosario"", ""kickoff"": ""2026-10-05 20:00"", ""sel"": ""AU15"", ""label"": ""Leones de Rosario under 1.5 goals"", ""odds"": 1.32, ""p"": 0.7777, ""p_market"": 0.6909, ""edge_pp"": 8.7, ""result"": ""lost"", ""score"": ""0-2""}, {""date"": ""2026-10-05"", ""country"": ""England"", ""league"": ""Isthmian League Premier Division"", ""home"": ""Carshalton Athletic"", ""away"": ""Eastbourne Borough"", ""kickoff"": ""2026-10-05 20:45"", ""sel"": ""HO05"", ""label"": ""Carshalton Athletic over 0.5 goals"", ""odds"": 1.25, ""p"": 0.843, ""p_market"": 0.7271, ""edge_pp"": 11.6, ""result"": ""lost"", ""score"": ""0-4""}]",2.99,0.3961,0.2518,lost,2026-10-05,
A20261004-21,2026-10-04 23:47,auto 23:47,2026-10-05 23:47,3.00,3,"[{""date"": ""2026-10-05"", ""country"": ""Iran"", ""league"": ""Azadegan League"", ""home"": ""Niroye Zamini"", ""away"": ""Mes Kerman"", ""kickoff"": ""2026-10-05 13:30"", ""sel"": ""X2"", ""label"": ""Draw or Mes Kerman"", ""odds"": 1.41, ""p"": 0.7576, ""p_market"": 0.6413, ""edge_pp"": 11.6, ""result"": ""won"", ""score"": ""0-0""}, {""date"": ""2026-10-05"", ""country"": ""Iran"", ""league"": ""Azadegan League"", ""home"": ""Beasat Kermanshah"", ""away"": ""Naft Bandar Abbas"", ""kickoff"": ""2026-10-05 14:30"", ""sel"": ""X2"", ""label"": ""Draw or Naft Bandar Abbas"", ""odds"": 1.37, ""p"": 0.7263, ""p_market"": 0.6715, ""edge_pp"": 5.5, ""result"": ""lost"", ""score"": ""2-1""}, {""date"": ""2026-10-05"", ""country"": ""Argentina"", ""league"": ""Liga Profesional: Clausura"", ""home"": ""Deportivo Riestra"", ""away"": ""Central Cordoba de Santiago"", ""kickoff"": ""2026-10-05 21:45"", ""sel"": ""O15"", ""label"": ""Over 1.5 goals"", ""odds"": 1.55, ""p"": 0.6571, ""p_market"": 0.6076, ""edge_pp"": 4.9, ""result"": null}]",2.99,0.3615,0.2617,lost,2026-10-05,
A20261005-01,2026-10-05 00:40,auto 00:40,2026-10-06 00:40,3.00,3,"[{""date"": ""2026-10-05"", ""country"": ""Argentina"", ""league"": ""Primera B Metropolitana"", ""home"": ""CD UAI Urquiza"", ""away"": ""Ituzaingo"", ""kickoff"": ""2026-10-05 20:00"", ""sel"": ""U25"", ""label"": ""Under 2.5 goals"", ""odds"": 1.49, ""p"": 0.7339, ""p_market"": 0.6266, ""edge_pp"": 10.7, ""result"": ""lost"", ""score"": ""3-2""}, {""date"": ""2026-10-05"", ""country"": ""UEFA Nations League"", ""league"": ""League B: Group 4"", ""home"": ""Bosnia and Herzegovina"", ""away"": ""Poland"", ""kickoff"": ""2026-10-05 20:45"", ""sel"": ""O15"", ""label"": ""Over 1.5 goals"", ""odds"": 1.3, ""p"": 0.8068, ""p_market"": 0.74, ""edge_pp"": 6.7, ""result"": ""lost"", ""score"": ""1-0""}, {""date"": ""2026-10-05"", ""country"": ""Argentina"", ""league"": ""Liga Profesional: Clausura"", ""home"": ""Deportivo Riestra"", ""away"": ""Central Cordoba de Santiago"", ""kickoff"": ""2026-10-05 21:45"", ""sel"": ""O15"", ""label"": ""Over 1.5 goals"", ""odds"": 1.55, ""p"": 0.6559, ""p_market"": 0.6076, ""edge_pp"": 4.8, ""result"": ""won"", ""score"": ""1-1""}]",3.00,0.3884,0.2817,lost,2026-10-05,
A20261005-02,2026-10-05 00:40,auto 00:40,2026-10-06 00:40,3.00,3,"[{""date"": ""2026-10-05"", ""country"": ""Serbia"", ""league"": ""Prva Liga"", ""home"": ""TSC Backa Topola"", ""away"": ""FK Graficar"", ""kickoff"": ""2026-10-05 18:00"", ""sel"": ""AO05"", ""label"": ""FK Graficar over 0.5 goals"", ""odds"": 1.74, ""p"": 0.6038, ""p_market"": 0.5233, ""edge_pp"": 8.0, ""result"": ""won"", ""score"": ""4-1""}, {""date"": ""2026-10-05"", ""country"": ""Argentina"", ""league"": ""Primera C"", ""home"": ""El Porvenir"", ""away"": ""Canuelas"", ""kickoff"": ""2026-10-05 20:00"", ""sel"": ""HU15"", ""label"": ""El Porvenir under 1.5 goals"", ""odds"": 1.22, ""p"": 0.8364, ""p_market"": 0.7415, ""edge_pp"": 9.5, ""result"": ""won"", ""score"": ""1-1""}, {""date"": ""2026-10-05"", ""country"": ""Argentina"", ""league"": ""Primera Nacional"", ""home"": ""Nueva Chicago"", ""away"": ""Deportivo Maipu"", ""kickoff"": ""2026-10-05 22:00"", ""sel"": ""HU15"", ""label"": ""Nueva Chicago under 1.5 goals"", ""odds"": 1.41, ""p"": 0.7642, ""p_market"": 0.6569, ""edge_pp"": 10.7, ""result"": ""won"", ""score"": ""0-1""}]",2.99,0.3859,0.2549,won,2026-10-06,
A20261005-03,2026-10-05 02:50,auto 02:50,2026-10-06 02:50,3.00,3,"[{""date"": ""2026-10-05"", ""country"": ""Argentina"", ""league"": ""Primera B Metropolitana"", ""home"": ""CD UAI Urquiza"", ""away"": ""Ituzaingo"", ""kickoff"": ""2026-10-05 20:00"", ""sel"": ""U25"", ""label"": ""Under 2.5 goals"", ""odds"": 1.49, ""p"": 0.7339, ""p_market"": 0.6266, ""edge_pp"": 10.7, ""result"": ""lost"", ""score"": ""3-2""}, {""date"": ""2026-10-06"", ""country"": ""CONCACAF Nations League"", ""league"": ""League A: Group 2"", ""home"": ""Martinique"", ""away"": ""El Salvador"", ""kickoff"": ""2026-10-06 00:00"", ""sel"": ""HO05"", ""label"": ""Martinique over 0.5 goals"", ""odds"": 1.29, ""p"": 0.8426, ""p_market"": 0.7249, ""edge_pp"": 11.8, ""result"": null}, {""date"": ""2026-10-06"", ""country"": ""Argentina"", ""league"": ""Liga Profesional: Clausura"", ""home"": ""Banfield"", ""away"": ""Rosario Central"", ""kickoff"": ""2026-10-06 02:15"", ""sel"": ""HO05"", ""label"": ""Banfield over 0.5 goals"", ""odds"": 1.56, ""p"": 0.6513, ""p_market"": 0.5959, ""edge_pp"": 5.5, ""result"": null}]",3.00,0.4027,0.2707,lost,2026-10-05,
A20261005-04,2026-10-05 02:50,auto 02:50,2026-10-06 02:50,3.00,3,"[{""date"": ""2026-10-05"", ""country"": ""Greece"", ""league"": ""Super League 2"", ""home"": ""Nestos Chrysoupoli FC"", ""away"": ""Marko"", ""kickoff"": ""2026-10-05 14:00"", ""sel"": ""U35"", ""label"": ""Under 3.5 goals"", ""odds"": 1.38, ""p"": 0.7612, ""p_market"": 0.6659, ""edge_pp"": 9.5, ""result"": ""won"", ""score"": ""1-2""}, {""date"": ""2026-10-05"", ""country"": ""Argentina"", ""league"": ""Liga Profesional: Clausura"", ""home"": ""Deportivo Riestra"", ""away"": ""Central Cordoba de Santiago"", ""kickoff"": ""2026-10-05 21:45"", ""sel"": ""O15"", ""label"": ""Over 1.5 goals"", ""odds"": 1.55, ""p"": 0.6565, ""p_market"": 0.6076, ""edge_pp"": 4.9, ""result"": ""won"", ""score"": ""1-1""}, {""date"": ""2026-10-05"", ""country"": ""Argentina"", ""league"": ""Primera Nacional"", ""home"": ""Nueva Chicago"", ""away"": ""Deportivo Maipu"", ""kickoff"": ""2026-10-05 22:00"", ""sel"": ""HU15"", ""label"": ""Nueva Chicago under 1.5 goals"", ""odds"": 1.41, ""p"": 0.764, ""p_market"": 0.6569, ""edge_pp"": 10.7, ""result"": ""won"", ""score"": ""0-1""}]",3.02,0.3818,0.2658,won,2026-10-06,
A20261005-05,2026-10-05 02:50,auto 02:50,2026-10-06 02:50,3.00,3,"[{""date"": ""2026-10-05"", ""country"": ""Serbia"", ""league"": ""Prva Liga"", ""home"": ""TSC Backa Topola"", ""away"": ""FK Graficar"", ""kickoff"": ""2026-10-05 18:00"", ""sel"": ""AO05"", ""label"": ""FK Graficar over 0.5 goals"", ""odds"": 1.74, ""p"": 0.6038, ""p_market"": 0.5233, ""edge_pp"": 8.0, ""result"": ""won"", ""score"": ""4-1""}, {""date"": ""2026-10-05"", ""country"": ""Argentina"", ""league"": ""Primera C"", ""home"": ""Sportivo Barracas"", ""away"": ""Leones de Rosario"", ""kickoff"": ""2026-10-05 20:00"", ""sel"": ""AU15"", ""label"": ""Leones de Rosario under 1.5 goals"", ""odds"": 1.32, ""p"": 0.7776, ""p_market"": 0.6909, ""edge_pp"": 8.7, ""result"": ""lost"", ""score"": ""0-2""}, {""date"": ""2026-10-05"", ""country"": ""UEFA Nations League"", ""league"": ""League B: Group 4"", ""home"": ""Bosnia and Herzegovina"", ""away"": ""Poland"", ""kickoff"": ""2026-10-05 20:45"", ""sel"": ""O15"", ""label"": ""Over 1.5 goals"", ""odds"": 1.3, ""p"": 0.8068, ""p_market"": 0.74, ""edge_pp"": 6.7, ""result"": ""lost"", ""score"": ""1-0""}]",2.99,0.3788,0.2675,lost,2026-10-05,
A20261005-06,2026-10-05 03:10,auto 03:10,2026-10-06 03:10,3.00,3,"[{""date"": ""2026-10-05"", ""country"": ""Greece"", ""league"": ""Super League 2"", ""home"": ""Nestos Chrysoupoli FC"", ""away"": ""Marko"", ""kickoff"": ""2026-10-05 14:00"", ""sel"": ""U35"", ""label"": ""Under 3.5 goals"", ""odds"": 1.38, ""p"": 0.7612, ""p_market"": 0.6659, ""edge_pp"": 9.5, ""result"": ""won"", ""score"": ""1-2""}, {""date"": ""2026-10-06"", ""country"": ""Argentina"", ""league"": ""Liga Profesional: Clausura"", ""home"": ""Banfield"", ""away"": ""Rosario Central"", ""kickoff"": ""2026-10-06 02:15"", ""sel"": ""HO05"", ""label"": ""Banfield over 0.5 goals"", ""odds"": 1.56, ""p"": 0.6513, ""p_market"": 0.5959, ""edge_pp"": 5.5, ""result"": ""won"", ""score"": ""1-1""}, {""date"": ""2026-10-06"", ""country"": ""Jamaica"", ""league"": ""Premier League"", ""home"": ""Arnett Gardens"", ""away"": ""Portmore United"", ""kickoff"": ""2026-10-06 03:00"", ""sel"": ""HO05"", ""label"": ""Arnett Gardens over 0.5 goals"", ""odds"": 1.39, ""p"": 0.787, ""p_market"": 0.6683, ""edge_pp"": 11.9, ""result"": ""won"", ""score"": ""1-1""}]",2.99,0.3901,0.2651,won,2026-10-06,
A20261005-07,2026-10-05 04:08,auto 04:08,2026-10-06 04:08,3.00,3,"[{""date"": ""2026-10-05"", ""country"": ""Serbia"", ""league"": ""Prva Liga"", ""home"": ""TSC Backa Topola"", ""away"": ""FK Graficar"", ""kickoff"": ""2026-10-05 18:00"", ""sel"": ""AO05"", ""label"": ""FK Graficar over 0.5 goals"", ""odds"": 1.74, ""p"": 0.6038, ""p_market"": 0.5233, ""edge_pp"": 8.0, ""result"": ""won"", ""score"": ""4-1""}, {""date"": ""2026-10-06"", ""country"": ""CONCACAF Nations League"", ""league"": ""League B: Group 3"", ""home"": ""Grenada"", ""away"": ""Bonaire"", ""kickoff"": ""2026-10-06 02:00"", ""sel"": ""O15"", ""label"": ""Over 1.5 goals"", ""odds"": 1.24, ""p"": 0.8151, ""p_market"": 0.7588, ""edge_pp"": 5.6, ""result"": ""won"", ""score"": ""1-4""}, {""date"": ""2026-10-06"", ""country"": ""Jamaica"", ""league"": ""Premier League"", ""home"": ""Arnett Gardens"", ""away"": ""Portmore United"", ""kickoff"": ""2026-10-06 03:00"", ""sel"": ""HO05"", ""label"": ""Arnett Gardens over 0.5 goals"", ""odds"": 1.39, ""p"": 0.787, ""p_market"": 0.6683, ""edge_pp"": 11.9, ""result"": ""won"", ""score"": ""1-1""}]",3.00,0.3873,0.2653,won,2026-10-06,
A20261005-08,2026-10-05 04:43,auto 04:43,2026-10-06 04:43,3.00,3,"[{""date"": ""2026-10-05"", ""country"": ""Greece"", ""league"": ""Super League 2"", ""home"": ""Nestos Chrysoupoli FC"", ""away"": ""Marko"", ""kickoff"": ""2026-10-05 14:00"", ""sel"": ""U35"", ""label"": ""Under 3.5 goals"", ""odds"": 1.42, ""p"": 0.7612, ""p_market"": 0.6468, ""edge_pp"": 11.4, ""result"": ""won"", ""score"": ""1-2""}, {""date"": ""2026-10-05"", ""country"": ""Argentina"", ""league"": ""Primera B Metropolitana"", ""home"": ""CD UAI Urquiza"", ""away"": ""Ituzaingo"", ""kickoff"": ""2026-10-05 20:00"", ""sel"": ""U25"", ""label"": ""Under 2.5 goals"", ""odds"": 1.49, ""p"": 0.7339, ""p_market"": 0.6266, ""edge_pp"": 10.7, ""result"": ""lost"", ""score"": ""3-2""}, {""date"": ""2026-10-05"", ""country"": ""Argentina"", ""league"": ""Primera Nacional"", ""home"": ""Nueva Chicago"", ""away"": ""Deportivo Maipu"", ""kickoff"": ""2026-10-05 22:00"", ""sel"": ""HU15"", ""label"": ""Nueva Chicago under 1.5 goals"", ""odds"": 1.41, ""p"": 0.764, ""p_market"": 0.6569, ""edge_pp"": 10.7, ""result"": null}]",2.98,0.4268,0.2662,lost,2026-10-05,
A20261005-09,2026-10-05 04:43,auto 04:43,2026-10-06 04:43,3.00,3,"[{""date"": ""2026-10-05"", ""country"": ""Serbia"", ""league"": ""Prva Liga"", ""home"": ""TSC Backa Topola"", ""away"": ""FK Graficar"", ""kickoff"": ""2026-10-05 18:00"", ""sel"": ""AO05"", ""label"": ""FK Graficar over 0.5 goals"", ""odds"": 1.65, ""p"": 0.6038, ""p_market"": 0.5541, ""edge_pp"": 5.0, ""result"": ""won"", ""score"": ""4-1""}, {""date"": ""2026-10-05"", ""country"": ""UEFA Nations League"", ""league"": ""League B: Group 4"", ""home"": ""Bosnia and Herzegovina"", ""away"": ""Poland"", ""kickoff"": ""2026-10-05 20:45"", ""sel"": ""O15"", ""label"": ""Over 1.5 goals"", ""odds"": 1.3, ""p"": 0.8068, ""p_market"": 0.74, ""edge_pp"": 6.7, ""result"": ""lost"", ""score"": ""1-0""}, {""date"": ""2026-10-06"", ""country"": ""Jamaica"", ""league"": ""Premier League"", ""home"": ""Arnett Gardens"", ""away"": ""Portmore United"", ""kickoff"": ""2026-10-06 03:00"", ""sel"": ""HO05"", ""label"": ""Arnett Gardens over 0.5 goals"", ""odds"": 1.39, ""p"": 0.7865, ""p_market"": 0.6683, ""edge_pp"": 11.8, ""result"": null}]",2.98,0.3831,0.2740,lost,2026-10-05,
A20261005-10,2026-10-05 04:43,auto 04:43,2026-10-06 04:43,3.00,3,"[{""date"": ""2026-10-05"", ""country"": ""Iran"", ""league"": ""Azadegan League"", ""home"": ""Niroye Zamini"", ""away"": ""Mes Kerman"", ""kickoff"": ""2026-10-05 13:30"", ""sel"": ""X2"", ""label"": ""Draw or Mes Kerman"", ""odds"": 1.41, ""p"": 0.7573, ""p_market"": 0.6413, ""edge_pp"": 11.6, ""result"": ""won"", ""score"": ""0-0""}, {""date"": ""2026-10-06"", ""country"": ""Uruguay"", ""league"": ""Primera Divisi\u00f3n: Clausura"", ""home"": ""Nacional"", ""away"": ""Montevideo City Torque"", ""kickoff"": ""2026-10-06 01:00"", ""sel"": ""AO05"", ""label"": ""Montevideo City Torque over 0.5 goals"", ""odds"": 1.36, ""p"": 0.7608, ""p_market"": 0.6808, ""edge_pp"": 8.0, ""result"": ""lost"", ""score"": ""2-0""}, {""date"": ""2026-10-06"", ""country"": ""Argentina"", ""league"": ""Liga Profesional: Clausura"", ""home"": ""Banfield"", ""away"": ""Rosario Central"", ""kickoff"": ""2026-10-06 02:15"", ""sel"": ""HO05"", ""label"": ""Banfield over 0.5 goals"", ""odds"": 1.56, ""p"": 0.6506, ""p_market"": 0.5959, ""edge_pp"": 5.5, ""result"": null}]",2.99,0.3748,0.2601,lost,2026-10-06,
A20261005-11,2026-10-05 05:10,auto 05:10,2026-10-06 05:10,3.00,3,"[{""date"": ""2026-10-05"", ""country"": ""Iran"", ""league"": ""Azadegan League"", ""home"": ""Niroye Zamini"", ""away"": ""Mes Kerman"", ""kickoff"": ""2026-10-05 13:30"", ""sel"": ""X2"", ""label"": ""Draw or Mes Kerman"", ""odds"": 1.41, ""p"": 0.7573, ""p_market"": 0.6413, ""edge_pp"": 11.6, ""result"": ""won"", ""score"": ""0-0""}, {""date"": ""2026-10-05"", ""country"": ""Greece"", ""league"": ""Super League 2"", ""home"": ""Nestos Chrysoupoli FC"", ""away"": ""Marko"", ""kickoff"": ""2026-10-05 14:00"", ""sel"": ""U35"", ""label"": ""Under 3.5 goals"", ""odds"": 1.42, ""p"": 0.7612, ""p_market"": 0.6468, ""edge_pp"": 11.4, ""result"": ""won"", ""score"": ""1-2""}, {""date"": ""2026-10-05"", ""country"": ""Argentina"", ""league"": ""Primera B Metropolitana"", ""home"": ""CD UAI Urquiza"", ""away"": ""Ituzaingo"", ""kickoff"": ""2026-10-05 20:00"", ""sel"": ""U25"", ""label"": ""Under 2.5 goals"", ""odds"": 1.49, ""p"": 0.7339, ""p_market"": 0.6266, ""edge_pp"": 10.7, ""result"": ""lost"", ""score"": ""3-2""}]",2.98,0.4230,0.2599,lost,2026-10-05,
A20261005-12,2026-10-05 05:10,auto 05:10,2026-10-06 05:10,3.00,3,"[{""date"": ""2026-10-05"", ""country"": ""Argentina"", ""league"": ""Primera Nacional"", ""home"": ""Nueva Chicago"", ""away"": ""Deportivo Maipu"", ""kickoff"": ""2026-10-05 22:00"", ""sel"": ""HU15"", ""label"": ""Nueva Chicago under 1.5 goals"", ""odds"": 1.38, ""p"": 0.764, ""p_market"": 0.6699, ""edge_pp"": 9.4, ""result"": ""won"", ""score"": ""0-1""}, {""date"": ""2026-10-06"", ""country"": ""Argentina"", ""league"": ""Liga Profesional: Clausura"", ""home"": ""Banfield"", ""away"": ""Rosario Central"", ""kickoff"": ""2026-10-06 02:15"", ""sel"": ""HO05"", ""label"": ""Banfield over 0.5 goals"", ""odds"": 1.56, ""p"": 0.6506, ""p_market"": 0.5959, ""edge_pp"": 5.5, ""result"": ""won"", ""score"": ""1-1""}, {""date"": ""2026-10-06"", ""country"": ""Jamaica"", ""league"": ""Premier League"", ""home"": ""Arnett Gardens"", ""away"": ""Portmore United"", ""kickoff"": ""2026-10-06 03:00"", ""sel"": ""HO05"", ""label"": ""Arnett Gardens over 0.5 goals"", ""odds"": 1.39, ""p"": 0.7865, ""p_market"": 0.6683, ""edge_pp"": 11.8, ""result"": ""won"", ""score"": ""1-1""}]",2.99,0.3910,0.2667,won,2026-10-06,
A20261005-13,2026-10-05 05:10,auto 05:10,2026-10-06 05:10,3.00,3,"[{""date"": ""2026-10-05"", ""country"": ""Iran"", ""league"": ""Azadegan League"", ""home"": ""Beasat Kermanshah"", ""away"": ""Naft Bandar Abbas"", ""kickoff"": ""2026-10-05 14:30"", ""sel"": ""X2"", ""label"": ""Draw or Naft Bandar Abbas"", ""odds"": 1.37, ""p"": 0.7261, ""p_market"": 0.6715, ""edge_pp"": 5.5, ""result"": ""lost"", ""score"": ""2-1""}, {""date"": ""2026-10-05"", ""country"": ""Serbia"", ""league"": ""Prva Liga"", ""home"": ""TSC Backa Topola"", ""away"": ""FK Graficar"", ""kickoff"": ""2026-10-05 18:00"", ""sel"": ""AO05"", ""label"": ""FK Graficar over 0.5 goals"", ""odds"": 1.65, ""p"": 0.6038, ""p_market"": 0.5541, ""edge_pp"": 5.0, ""result"": null}, {""date"": ""2026-10-05"", ""country"": ""Argentina"", ""league"": ""Primera C"", ""home"": ""Sportivo Barracas"", ""away"": ""Leones de Rosario"", ""kickoff"": ""2026-10-05 20:00"", ""sel"": ""AU15"", ""label"": ""Leones de Rosario under 1.5 goals"", ""odds"": 1.32, ""p"": 0.7776, ""p_market"": 0.6909, ""edge_pp"": 8.7, ""result"": null}]",2.98,0.3409,0.2570,lost,2026-10-05,
A20261005-14,2026-10-05 05:45,auto 05:45,2026-10-06 05:45,3.00,3,"[{""date"": ""2026-10-05"", ""country"": ""Serbia"", ""league"": ""Prva Liga"", ""home"": ""TSC Backa Topola"", ""away"": ""FK Graficar"", ""kickoff"": ""2026-10-05 18:00"", ""sel"": ""AO05"", ""label"": ""FK Graficar over 0.5 goals"", ""odds"": 1.69, ""p"": 0.6038, ""p_market"": 0.5383, ""edge_pp"": 6.6, ""result"": ""won"", ""score"": ""4-1""}, {""date"": ""2026-10-06"", ""country"": ""CONCACAF Nations League"", ""league"": ""League A: Group 2"", ""home"": ""Martinique"", ""away"": ""El Salvador"", ""kickoff"": ""2026-10-06 00:00"", ""sel"": ""HO05"", ""label"": ""Martinique over 0.5 goals"", ""odds"": 1.28, ""p"": 0.8426, ""p_market"": 0.7322, ""edge_pp"": 11.0, ""result"": ""won"", ""score"": ""1-1""}, {""date"": ""2026-10-06"", ""country"": ""Jamaica"", ""league"": ""Premier League"", ""home"": ""Arnett Gardens"", ""away"": ""Portmore United"", ""kickoff"": ""2026-10-06 03:00"", ""sel"": ""HO05"", ""label"": ""Arnett Gardens over 0.5 goals"", ""odds"": 1.39, ""p"": 0.7865, ""p_market"": 0.6683, ""edge_pp"": 11.8, ""result"": ""won"", ""score"": ""1-1""}]",3.01,0.4001,0.2634,won,2026-10-06,
A20261005-15,2026-10-05 05:45,auto 05:45,2026-10-06 05:45,3.00,3,"[{""date"": ""2026-10-05"", ""country"": ""Argentina"", ""league"": ""Liga Profesional: Clausura"", ""home"": ""Deportivo Riestra"", ""away"": ""Central Cordoba de Santiago"", ""kickoff"": ""2026-10-05 21:45"", ""sel"": ""O15"", ""label"": ""Over 1.5 goals"", ""odds"": 1.55, ""p"": 0.657, ""p_market"": 0.6076, ""edge_pp"": 4.9, ""result"": ""won"", ""score"": ""1-1""}, {""date"": ""2026-10-06"", ""country"": ""CONCACAF Nations League"", ""league"": ""League B: Group 3"", ""home"": ""Grenada"", ""away"": ""Bonaire"", ""kickoff"": ""2026-10-06 02:00"", ""sel"": ""O15"", ""label"": ""Over 1.5 goals"", ""odds"": 1.24, ""p"": 0.8151, ""p_market"": 0.7588, ""edge_pp"": 5.6, ""result"": ""won"", ""score"": ""1-4""}, {""date"": ""2026-10-06"", ""country"": ""Argentina"", ""league"": ""Liga Profesional: Clausura"", ""home"": ""Banfield"", ""away"": ""Rosario Central"", ""kickoff"": ""2026-10-06 02:15"", ""sel"": ""HO05"", ""label"": ""Banfield over 0.5 goals"", ""odds"": 1.56, ""p"": 0.6506, ""p_market"": 0.5959, ""edge_pp"": 5.5, ""result"": ""won"", ""score"": ""1-1""}]",3.00,0.3484,0.2747,won,2026-10-06,
A20261005-16,2026-10-05 07:01,07:00,2026-10-06 07:01,3.00,3,"[{""date"": ""2026-10-05"", ""country"": ""Argentina"", ""league"": ""Primera B Metropolitana"", ""home"": ""CD UAI Urquiza"", ""away"": ""Ituzaingo"", ""kickoff"": ""2026-10-05 20:00"", ""sel"": ""U25"", ""label"": ""Under 2.5 goals"", ""odds"": 1.49, ""p"": 0.7339, ""p_market"": 0.6266, ""edge_pp"": 10.7, ""result"": ""lost"", ""score"": ""3-2""}, {""date"": ""2026-10-05"", ""country"": ""International Friendlies"", ""league"": ""Friendlies"", ""home"": ""Liechtenstein"", ""away"": ""Gibraltar"", ""kickoff"": ""2026-10-05 20:45"", ""sel"": ""HU15"", ""label"": ""Liechtenstein under 1.5 goals"", ""odds"": 1.3, ""p"": 0.8203, ""p_market"": 0.7192, ""edge_pp"": 10.1, ""result"": ""won"", ""score"": ""0-2""}, {""date"": ""2026-10-05"", ""country"": ""Argentina"", ""league"": ""Liga Profesional: Clausura"", ""home"": ""Deportivo Riestra"", ""away"": ""Central Cordoba de Santiago"", ""kickoff"": ""2026-10-05 21:45"", ""sel"": ""O15"", ""label"": ""Over 1.5 goals"", ""odds"": 1.55, ""p"": 0.657, ""p_market"": 0.6076, ""edge_pp"": 4.9, ""result"": ""won"", ""score"": ""1-1""}]",3.00,0.3955,0.2738,lost,2026-10-05,
A20261005-17,2026-10-05 07:01,07:00,2026-10-06 07:01,3.00,3,"[{""date"": ""2026-10-05"", ""country"": ""Serbia"", ""league"": ""Prva Liga"", ""home"": ""TSC Backa Topola"", ""away"": ""FK Graficar"", ""kickoff"": ""2026-10-05 18:00"", ""sel"": ""AO05"", ""label"": ""FK Graficar over 0.5 goals"", ""odds"": 1.73, ""p"": 0.6038, ""p_market"": 0.5247, ""edge_pp"": 7.9, ""result"": ""won"", ""score"": ""4-1""}, {""date"": ""2026-10-06"", ""country"": ""CONCACAF Nations League"", ""league"": ""League A: Group 2"", ""home"": ""Martinique"", ""away"": ""El Salvador"", ""kickoff"": ""2026-10-06 00:00"", ""sel"": ""HO05"", ""label"": ""Martinique over 0.5 goals"", ""odds"": 1.28, ""p"": 0.8426, ""p_market"": 0.7322, ""edge_pp"": 11.0, ""result"": ""won"", ""score"": ""1-1""}, {""date"": ""2026-10-06"", ""country"": ""Uruguay"", ""league"": ""Primera Divisi\u00f3n: Clausura"", ""home"": ""Nacional"", ""away"": ""Montevideo City Torque"", ""kickoff"": ""2026-10-06 01:00"", ""sel"": ""AO05"", ""label"": ""Montevideo City Torque over 0.5 goals"", ""odds"": 1.36, ""p"": 0.7608, ""p_market"": 0.6808, ""edge_pp"": 8.0, ""result"": ""lost"", ""score"": ""2-0""}]",3.01,0.3870,0.2616,lost,2026-10-06,
A20261005-18,2026-10-05 07:46,auto 07:46,2026-10-06 07:46,3.00,3,"[{""date"": ""2026-10-05"", ""country"": ""Serbia"", ""league"": ""Prva Liga"", ""home"": ""TSC Backa Topola"", ""away"": ""FK Graficar"", ""kickoff"": ""2026-10-05 18:00"", ""sel"": ""AO05"", ""label"": ""FK Graficar over 0.5 goals"", ""odds"": 1.77, ""p"": 0.6038, ""p_market"": 0.5137, ""edge_pp"": 9.0, ""result"": ""won"", ""score"": ""4-1""}, {""date"": ""2026-10-05"", ""country"": ""England"", ""league"": ""Isthmian League Premier Division"", ""home"": ""Carshalton Athletic"", ""away"": ""Eastbourne Borough"", ""kickoff"": ""2026-10-05 20:45"", ""sel"": ""HO05"", ""label"": ""Carshalton Athletic over 0.5 goals"", ""odds"": 1.22, ""p"": 0.8436, ""p_market"": 0.7469, ""edge_pp"": 9.7, ""result"": ""lost"", ""score"": ""0-4""}, {""date"": ""2026-10-06"", ""country"": ""Jamaica"", ""league"": ""Premier League"", ""home"": ""Arnett Gardens"", ""away"": ""Portmore United"", ""kickoff"": ""2026-10-06 03:00"", ""sel"": ""HO05"", ""label"": ""Arnett Gardens over 0.5 goals"", ""odds"": 1.39, ""p"": 0.7865, ""p_market"": 0.6683, ""edge_pp"": 11.8, ""result"": null}]",3.00,0.4006,0.2564,lost,2026-10-05,
A20261005-19,2026-10-05 07:46,auto 07:46,2026-10-06 07:46,3.00,3,"[{""date"": ""2026-10-05"", ""country"": ""Greece"", ""league"": ""Super League 2"", ""home"": ""Nestos Chrysoupoli FC"", ""away"": ""Marko"", ""kickoff"": ""2026-10-05 14:00"", ""sel"": ""U35"", ""label"": ""Under 3.5 goals"", ""odds"": 1.39, ""p"": 0.7611, ""p_market"": 0.6601, ""edge_pp"": 10.1, ""result"": ""won"", ""score"": ""1-2""}, {""date"": ""2026-10-05"", ""country"": ""Argentina"", ""league"": ""Primera Nacional"", ""home"": ""Nueva Chicago"", ""away"": ""Deportivo Maipu"", ""kickoff"": ""2026-10-05 22:00"", ""sel"": ""HU15"", ""label"": ""Nueva Chicago under 1.5 goals"", ""odds"": 1.38, ""p"": 0.764, ""p_market"": 0.6699, ""edge_pp"": 9.4, ""result"": ""won"", ""score"": ""0-1""}, {""date"": ""2026-10-06"", ""country"": ""Argentina"", ""league"": ""Liga Profesional: Clausura"", ""home"": ""Banfield"", ""away"": ""Rosario Central"", ""kickoff"": ""2026-10-06 02:15"", ""sel"": ""HO05"", ""label"": ""Banfield over 0.5 goals"", ""odds"": 1.56, ""p"": 0.6506, ""p_market"": 0.5959, ""edge_pp"": 5.5, ""result"": ""won"", ""score"": ""1-1""}]",2.99,0.3784,0.2635,won,2026-10-06,
A20261005-20,2026-10-05 08:15,auto 08:15,2026-10-06 08:15,3.00,3,"[{""date"": ""2026-10-05"", ""country"": ""Iran"", ""league"": ""Azadegan League"", ""home"": ""Niroye Zamini"", ""away"": ""Mes Kerman"", ""kickoff"": ""2026-10-05 13:30"", ""sel"": ""X2"", ""label"": ""Draw or Mes Kerman"", ""odds"": 1.41, ""p"": 0.7573, ""p_market"": 0.6413, ""edge_pp"": 11.6, ""result"": ""won"", ""score"": ""0-0""}, {""date"": ""2026-10-05"", ""country"": ""Serbia"", ""league"": ""Prva Liga"", ""home"": ""TSC Backa Topola"", ""away"": ""FK Graficar"", ""kickoff"": ""2026-10-05 18:00"", ""sel"": ""AO05"", ""label"": ""FK Graficar over 0.5 goals"", ""odds"": 1.77, ""p"": 0.6038, ""p_market"": 0.5137, ""edge_pp"": 9.0, ""result"": ""won"", ""score"": ""4-1""}, {""date"": ""2026-10-05"", ""country"": ""Paraguay"", ""league"": ""Division Profesional: Clausura"", ""home"": ""Sportivo Trinidense"", ""away"": ""Luqueno"", ""kickoff"": ""2026-10-05 22:00"", ""sel"": ""HO05"", ""label"": ""Sportivo Trinidense over 0.5 goals"", ""odds"": 1.2, ""p"": 0.8524, ""p_market"": 0.7736, ""edge_pp"": 7.9, ""result"": ""won"", ""score"": ""3-2""}]",2.99,0.3898,0.2549,won,2026-10-06,
A20261005-21,2026-10-05 08:15,auto 08:15,2026-10-06 08:15,3.00,3,"[{""date"": ""2026-10-05"", ""country"": ""Argentina"", ""league"": ""Primera B Metropolitana"", ""home"": ""CD UAI Urquiza"", ""away"": ""Ituzaingo"", ""kickoff"": ""2026-10-05 20:00"", ""sel"": ""U25"", ""label"": ""Under 2.5 goals"", ""odds"": 1.49, ""p"": 0.7339, ""p_market"": 0.6266, ""edge_pp"": 10.7, ""result"": ""lost"", ""score"": ""3-2""}, {""date"": ""2026-10-05"", ""country"": ""UEFA Nations League"", ""league"": ""League B: Group 4"", ""home"": ""Bosnia and Herzegovina"", ""away"": ""Poland"", ""kickoff"": ""2026-10-05 20:45"", ""sel"": ""O15"", ""label"": ""Over 1.5 goals"", ""odds"": 1.29, ""p"": 0.8068, ""p_market"": 0.7466, ""edge_pp"": 6.0, ""result"": ""lost"", ""score"": ""1-0""}, {""date"": ""2026-10-06"", ""country"": ""Argentina"", ""league"": ""Liga Profesional: Clausura"", ""home"": ""Banfield"", ""away"": ""Rosario Central"", ""kickoff"": ""2026-10-06 02:15"", ""sel"": ""HO05"", ""label"": ""Banfield over 0.5 goals"", ""odds"": 1.56, ""p"": 0.6506, ""p_market"": 0.5959, ""edge_pp"": 5.5, ""result"": null}]",3.00,0.3852,0.2787,lost,2026-10-05,
A20261005-22,2026-10-05 08:52,auto 08:52,2026-10-06 08:52,3.00,3,"[{""date"": ""2026-10-05"", ""country"": ""Serbia"", ""league"": ""Prva Liga"", ""home"": ""TSC Backa Topola"", ""away"": ""FK Graficar"", ""kickoff"": ""2026-10-05 18:00"", ""sel"": ""AO05"", ""label"": ""FK Graficar over 0.5 goals"", ""odds"": 1.76, ""p"": 0.6038, ""p_market"": 0.5165, ""edge_pp"": 8.7, ""result"": ""won"", ""score"": ""4-1""}, {""date"": ""2026-10-05"", ""country"": ""Argentina"", ""league"": ""Primera Nacional"", ""home"": ""Nueva Chicago"", ""away"": ""Deportivo Maipu"", ""kickoff"": ""2026-10-05 22:00"", ""sel"": ""HU15"", ""label"": ""Nueva Chicago under 1.5 goals"", ""odds"": 1.34, ""p"": 0.764, ""p_market"": 0.6912, ""edge_pp"": 7.3, ""result"": ""won"", ""score"": ""0-1""}, {""date"": ""2026-10-06"", ""country"": ""CONCACAF Nations League"", ""league"": ""League A: Group 2"", ""home"": ""Martinique"", ""away"": ""El Salvador"", ""kickoff"": ""2026-10-06 00:00"", ""sel"": ""HO05"", ""label"": ""Martinique over 0.5 goals"", ""odds"": 1.27, ""p"": 0.8426, ""p_market"": 0.7392, ""edge_pp"": 10.3, ""result"": ""won"", ""score"": ""1-1""}]",3.00,0.3887,0.2639,won,2026-10-06,
A20261005-23,2026-10-05 08:52,auto 08:52,2026-10-06 08:52,3.00,3,"[{""date"": ""2026-10-05"", ""country"": ""Iran"", ""league"": ""Azadegan League"", ""home"": ""Niroye Zamini"", ""away"": ""Mes Kerman"", ""kickoff"": ""2026-10-05 13:30"", ""sel"": ""X2"", ""label"": ""Draw or Mes Kerman"", ""odds"": 1.41, ""p"": 0.7573, ""p_market"": 0.6413, ""edge_pp"": 11.6, ""result"": ""won"", ""score"": ""0-0""}, {""date"": ""2026-10-06"", ""country"": ""Argentina"", ""league"": ""Liga Profesional: Clausura"", ""home"": ""Banfield"", ""away"": ""Rosario Central"", ""kickoff"": ""2026-10-06 02:15"", ""sel"": ""HO05"", ""label"": ""Banfield over 0.5 goals"", ""odds"": 1.56, ""p"": 0.6506, ""p_market"": 0.5959, ""edge_pp"": 5.5, ""result"": ""won"", ""score"": ""1-1""}, {""date"": ""2026-10-06"", ""country"": ""Jamaica"", ""league"": ""Premier League"", ""home"": ""Arnett Gardens"", ""away"": ""Portmore United"", ""kickoff"": ""2026-10-06 03:00"", ""sel"": ""HO05"", ""label"": ""Arnett Gardens over 0.5 goals"", ""odds"": 1.36, ""p"": 0.7865, ""p_market"": 0.6808, ""edge_pp"": 10.6, ""result"": ""won"", ""score"": ""1-1""}]",2.99,0.3875,0.2601,won,2026-10-06,
A20261005-24,2026-10-05 08:52,auto 08:52,2026-10-06 08:52,3.00,3,"[{""date"": ""2026-10-05"", ""country"": ""Norway"", ""league"": ""3. Division: Group 3"", ""home"": ""Fana"", ""away"": ""Aasane 2"", ""kickoff"": ""2026-10-05 18:00"", ""sel"": ""U55"", ""label"": ""Under 5.5 goals"", ""odds"": 1.38, ""p"": 0.7249, ""p_market"": 0.6659, ""edge_pp"": 5.9, ""result"": ""lost"", ""score"": ""5-2""}, {""date"": ""2026-10-05"", ""country"": ""Argentina"", ""league"": ""Primera B Metropolitana"", ""home"": ""CD UAI Urquiza"", ""away"": ""Ituzaingo"", ""kickoff"": ""2026-10-05 20:00"", ""sel"": ""U25"", ""label"": ""Under 2.5 goals"", ""odds"": 1.49, ""p"": 0.7339, ""p_market"": 0.6266, ""edge_pp"": 10.7, ""result"": null}, {""date"": ""2026-10-05"", ""country"": ""CONCACAF Nations League"", ""league"": ""League B: Group 3"", ""home"": ""Cuba"", ""away"": ""St. Kitts and Nevis"", ""kickoff"": ""2026-10-05 23:00"", ""sel"": ""AU15"", ""label"": ""St. Kitts and Nevis under 1.5 goals"", ""odds"": 1.46, ""p"": 0.6565, ""p_market"": 0.6313, ""edge_pp"": 2.5, ""result"": null}]",3.00,0.3492,0.2634,lost,2026-10-05,
A20261005-25,2026-10-05 09:44,auto 09:44,2026-10-06 09:44,3.00,3,"[{""date"": ""2026-10-05"", ""country"": ""Argentina"", ""league"": ""Primera B Metropolitana"", ""home"": ""CD UAI Urquiza"", ""away"": ""Ituzaingo"", ""kickoff"": ""2026-10-05 20:00"", ""sel"": ""U25"", ""label"": ""Under 2.5 goals"", ""odds"": 1.49, ""p"": 0.7339, ""p_market"": 0.6266, ""edge_pp"": 10.7, ""result"": ""lost"", ""score"": ""3-2""}, {""date"": ""2026-10-06"", ""country"": ""Paraguay"", ""league"": ""Division Intermedia"", ""home"": ""Fernando de la Mora"", ""away"": ""Club General Caballero JLM"", ""kickoff"": ""2026-10-06 00:30"", ""sel"": ""U35"", ""label"": ""Under 3.5 goals"", ""odds"": 1.48, ""p"": 0.7262, ""p_market"": 0.6186, ""edge_pp"": 10.8, ""result"": null}, {""date"": ""2026-10-06"", ""country"": ""Jamaica"", ""league"": ""Premier League"", ""home"": ""Arnett Gardens"", ""away"": ""Portmore United"", ""kickoff"": ""2026-10-06 03:00"", ""sel"": ""HO05"", ""label"": ""Arnett Gardens over 0.5 goals"", ""odds"": 1.36, ""p"": 0.7865, ""p_market"": 0.6808, ""edge_pp"": 10.6, ""result"": null}]",3.00,0.4192,0.2638,lost,2026-10-05,
A20261005-26,2026-10-05 09:44,auto 09:44,2026-10-06 09:44,3.00,3,"[{""date"": ""2026-10-05"", ""country"": ""Iran"", ""league"": ""Azadegan League"", ""home"": ""Niroye Zamini"", ""away"": ""Mes Kerman"", ""kickoff"": ""2026-10-05 13:30"", ""sel"": ""X2"", ""label"": ""Draw or Mes Kerman"", ""odds"": 1.41, ""p"": 0.7573, ""p_market"": 0.6413, ""edge_pp"": 11.6, ""result"": ""won"", ""score"": ""0-0""}, {""date"": ""2026-10-05"", ""country"": ""Iran"", ""league"": ""Azadegan League"", ""home"": ""Beasat Kermanshah"", ""away"": ""Naft Bandar Abbas"", ""kickoff"": ""2026-10-05 14:30"", ""sel"": ""X2"", ""label"": ""Draw or Naft Bandar Abbas"", ""odds"": 1.37, ""p"": 0.7261, ""p_market"": 0.6715, ""edge_pp"": 5.5, ""result"": ""lost"", ""score"": ""2-1""}, {""date"": ""2026-10-06"", ""country"": ""Argentina"", ""league"": ""Liga Profesional: Clausura"", ""home"": ""Banfield"", ""away"": ""Rosario Central"", ""kickoff"": ""2026-10-06 02:15"", ""sel"": ""HO05"", ""label"": ""Banfield over 0.5 goals"", ""odds"": 1.56, ""p"": 0.6506, ""p_market"": 0.5959, ""edge_pp"": 5.5, ""result"": null}]",3.01,0.3578,0.2566,lost,2026-10-05,
A20261005-27,2026-10-05 10:12,auto 10:12,2026-10-06 10:12,3.00,3,"[{""date"": ""2026-10-05"", ""country"": ""Iran"", ""league"": ""Azadegan League"", ""home"": ""Niroye Zamini"", ""away"": ""Mes Kerman"", ""kickoff"": ""2026-10-05 13:30"", ""sel"": ""X2"", ""label"": ""Draw or Mes Kerman"", ""odds"": 1.41, ""p"": 0.7573, ""p_market"": 0.6413, ""edge_pp"": 11.6, ""result"": ""won"", ""score"": ""0-0""}, {""date"": ""2026-10-05"", ""country"": ""Norway"", ""league"": ""3. Division: Group 3"", ""home"": ""Fana"", ""away"": ""Aasane 2"", ""kickoff"": ""2026-10-05 18:00"", ""sel"": ""U55"", ""label"": ""Under 5.5 goals"", ""odds"": 1.42, ""p"": 0.7249, ""p_market"": 0.6468, ""edge_pp"": 7.8, ""result"": ""lost"", ""score"": ""5-2""}, {""date"": ""2026-10-05"", ""country"": ""Argentina"", ""league"": ""Primera B Metropolitana"", ""home"": ""CD UAI Urquiza"", ""away"": ""Ituzaingo"", ""kickoff"": ""2026-10-05 20:00"", ""sel"": ""U25"", ""label"": ""Under 2.5 goals"", ""odds"": 1.49, ""p"": 0.7339, ""p_market"": 0.6266, ""edge_pp"": 10.7, ""result"": null}]",2.98,0.4029,0.2599,lost,2026-10-05,
A20261005-28,2026-10-05 10:45,auto 10:45,2026-10-06 10:45,3.00,3,"[{""date"": ""2026-10-05"", ""country"": ""Argentina"", ""league"": ""Primera B Metropolitana"", ""home"": ""CD UAI Urquiza"", ""away"": ""Ituzaingo"", ""kickoff"": ""2026-10-05 20:00"", ""sel"": ""U25"", ""label"": ""Under 2.5 goals"", ""odds"": 1.49, ""p"": 0.7339, ""p_market"": 0.6266, ""edge_pp"": 10.7, ""result"": ""lost"", ""score"": ""3-2""}, {""date"": ""2026-10-06"", ""country"": ""Argentina"", ""league"": ""Primera B Metropolitana"", ""home"": ""Deportivo Merlo"", ""away"": ""Brown de Adrogue"", ""kickoff"": ""2026-10-06 00:00"", ""sel"": ""AU15"", ""label"": ""Brown de Adrogue under 1.5 goals"", ""odds"": 1.29, ""p"": 0.786, ""p_market"": 0.719, ""edge_pp"": 6.7, ""result"": null}, {""date"": ""2026-10-06"", ""country"": ""Argentina"", ""league"": ""Liga Profesional: Clausura"", ""home"": ""Banfield"", ""away"": ""Rosario Central"", ""kickoff"": ""2026-10-06 02:15"", ""sel"": ""HO05"", ""label"": ""Banfield over 0.5 goals"", ""odds"": 1.56, ""p"": 0.6506, ""p_market"": 0.5959, ""edge_pp"": 5.5, ""result"": null}]",3.00,0.3753,0.2684,lost,2026-10-05,
A20261005-29,2026-10-05 10:45,auto 10:45,2026-10-06 10:45,3.00,3,"[{""date"": ""2026-10-05"", ""country"": ""Iran"", ""league"": ""Azadegan League"", ""home"": ""Niroye Zamini"", ""away"": ""Mes Kerman"", ""kickoff"": ""2026-10-05 13:30"", ""sel"": ""X2"", ""label"": ""Draw or Mes Kerman"", ""odds"": 1.41, ""p"": 0.7573, ""p_market"": 0.6413, ""edge_pp"": 11.6, ""result"": ""won"", ""score"": ""0-0""}, {""date"": ""2026-10-05"", ""country"": ""CONCACAF Nations League"", ""league"": ""League B: Group 3"", ""home"": ""Cuba"", ""away"": ""St. Kitts and Nevis"", ""kickoff"": ""2026-10-05 23:00"", ""sel"": ""HO15"", ""label"": ""Cuba over 1.5 goals"", ""odds"": 1.6, ""p"": 0.5992, ""p_market"": 0.5789, ""edge_pp"": 2.0, ""result"": ""won"", ""score"": ""2-2""}, {""date"": ""2026-10-06"", ""country"": ""Colombia"", ""league"": ""Primera B: Clausura"", ""home"": ""Bogota FC"", ""away"": ""Envigado"", ""kickoff"": ""2026-10-06 00:00"", ""sel"": ""HU15"", ""label"": ""Bogota FC under 1.5 goals"", ""odds"": 1.33, ""p"": 0.7533, ""p_market"": 0.6928, ""edge_pp"": 6.0, ""result"": ""lost"", ""score"": ""3-3""}]",3.00,0.3418,0.2572,lost,2026-10-06,
A20261005-30,2026-10-05 11:11,auto 11:11,2026-10-06 11:11,3.00,3,"[{""date"": ""2026-10-05"", ""country"": ""Serbia"", ""league"": ""Prva Liga"", ""home"": ""TSC Backa Topola"", ""away"": ""FK Graficar"", ""kickoff"": ""2026-10-05 18:00"", ""sel"": ""AO05"", ""label"": ""FK Graficar over 0.5 goals"", ""odds"": 1.76, ""p"": 0.6038, ""p_market"": 0.5165, ""edge_pp"": 8.7, ""result"": ""won"", ""score"": ""4-1""}, {""date"": ""2026-10-06"", ""country"": ""Jamaica"", ""league"": ""Premier League"", ""home"": ""Chapelton"", ""away"": ""Waterhouse FC"", ""kickoff"": ""2026-10-06 00:05"", ""sel"": ""AO05"", ""label"": ""Waterhouse FC over 0.5 goals"", ""odds"": 1.28, ""p"": 0.846, ""p_market"": 0.7265, ""edge_pp"": 11.9, ""result"": ""won"", ""score"": ""0-6""}, {""date"": ""2026-10-06"", ""country"": ""Jamaica"", ""league"": ""Premier League"", ""home"": ""Arnett Gardens"", ""away"": ""Portmore United"", ""kickoff"": ""2026-10-06 03:00"", ""sel"": ""HO05"", ""label"": ""Arnett Gardens over 0.5 goals"", ""odds"": 1.34, ""p"": 0.7865, ""p_market"": 0.6912, ""edge_pp"": 9.5, ""result"": ""won"", ""score"": ""1-1""}]",3.02,0.4018,0.2594,won,2026-10-06,
A20261005-31,2026-10-05 11:44,auto 11:44,2026-10-06 11:44,3.00,3,"[{""date"": ""2026-10-05"", ""country"": ""Serbia"", ""league"": ""Prva Liga"", ""home"": ""TSC Backa Topola"", ""away"": ""FK Graficar"", ""kickoff"": ""2026-10-05 18:00"", ""sel"": ""AO05"", ""label"": ""FK Graficar over 0.5 goals"", ""odds"": 1.76, ""p"": 0.6038, ""p_market"": 0.5165, ""edge_pp"": 8.7, ""result"": ""won"", ""score"": ""4-1""}, {""date"": ""2026-10-06"", ""country"": ""Colombia"", ""league"": ""Primera B: Clausura"", ""home"": ""Orsomarso"", ""away"": ""Deportes Quindio"", ""kickoff"": ""2026-10-06 02:30"", ""sel"": ""U35"", ""label"": ""Under 3.5 goals"", ""odds"": 1.31, ""p"": 0.8204, ""p_market"": 0.7127, ""edge_pp"": 10.8, ""result"": ""won"", ""score"": ""0-1""}, {""date"": ""2026-10-06"", ""country"": ""Mexico"", ""league"": ""Primera Premier"", ""home"": ""Celaya"", ""away"": ""Jaguares Chiapas"", ""kickoff"": ""2026-10-06 04:05"", ""sel"": ""1X"", ""label"": ""Celaya or draw"", ""odds"": 1.3, ""p"": 0.8047, ""p_market"": 0.7176, ""edge_pp"": 8.7, ""result"": ""lost"", ""score"": ""0-1""}]",3.00,0.3986,0.2641,lost,2026-10-06,
A20261005-32,2026-10-05 12:11,12:00,2026-10-06 12:11,3.00,3,"[{""date"": ""2026-10-05"", ""country"": ""Serbia"", ""league"": ""Prva Liga"", ""home"": ""TSC Backa Topola"", ""away"": ""FK Graficar"", ""kickoff"": ""2026-10-05 18:00"", ""sel"": ""AO05"", ""label"": ""FK Graficar over 0.5 goals"", ""odds"": 1.76, ""p"": 0.6038, ""p_market"": 0.5165, ""edge_pp"": 8.7, ""result"": ""won"", ""score"": ""4-1""}, {""date"": ""2026-10-06"", ""country"": ""Jamaica"", ""league"": ""Premier League"", ""home"": ""Chapelton"", ""away"": ""Waterhouse FC"", ""kickoff"": ""2026-10-06 00:05"", ""sel"": ""X2"", ""label"": ""Draw or Waterhouse FC"", ""odds"": 1.29, ""p"": 0.8293, ""p_market"": 0.7256, ""edge_pp"": 10.4, ""result"": ""won"", ""score"": ""0-6""}, {""date"": ""2026-10-06"", ""country"": ""Colombia"", ""league"": ""Primera B: Clausura"", ""home"": ""Orsomarso"", ""away"": ""Deportes Quindio"", ""kickoff"": ""2026-10-06 02:30"", ""sel"": ""U35"", ""label"": ""Under 3.5 goals"", ""odds"": 1.32, ""p"": 0.8204, ""p_market"": 0.708, ""edge_pp"": 11.2, ""result"": ""won"", ""score"": ""0-1""}]",3.00,0.4108,0.2653,won,2026-10-06,
A20261005-33,2026-10-05 12:11,12:00,2026-10-06 12:11,3.00,3,"[{""date"": ""2026-10-05"", ""country"": ""Paraguay"", ""league"": ""Division Intermedia"", ""home"": ""12 de Junio"", ""away"": ""Sol de America"", ""kickoff"": ""2026-10-05 22:00"", ""sel"": ""O15"", ""label"": ""Over 1.5 goals"", ""odds"": 1.45, ""p"": 0.7112, ""p_market"": 0.6329, ""edge_pp"": 7.8, ""result"": ""won"", ""score"": ""1-1""}, {""date"": ""2026-10-06"", ""country"": ""Argentina"", ""league"": ""Liga Profesional: Clausura"", ""home"": ""Banfield"", ""away"": ""Rosario Central"", ""kickoff"": ""2026-10-06 02:15"", ""sel"": ""HO05"", ""label"": ""Banfield over 0.5 goals"", ""odds"": 1.56, ""p"": 0.6506, ""p_market"": 0.5959, ""edge_pp"": 5.5, ""result"": ""won"", ""score"": ""1-1""}, {""date"": ""2026-10-06"", ""country"": ""Jamaica"", ""league"": ""Premier League"", ""home"": ""Arnett Gardens"", ""away"": ""Portmore United"", ""kickoff"": ""2026-10-06 03:00"", ""sel"": ""HO05"", ""label"": ""Arnett Gardens over 0.5 goals"", ""odds"": 1.33, ""p"": 0.7865, ""p_market"": 0.6998, ""edge_pp"": 8.7, ""result"": ""won"", ""score"": ""1-1""}]",3.01,0.3640,0.2639,won,2026-10-06,
A20261005-34,2026-10-05 12:43,auto 12:43,2026-10-06 12:43,3.00,3,"[{""date"": ""2026-10-05"", ""country"": ""Serbia"", ""league"": ""Prva Liga"", ""home"": ""TSC Backa Topola"", ""away"": ""FK Graficar"", ""kickoff"": ""2026-10-05 18:00"", ""sel"": ""AO05"", ""label"": ""FK Graficar over 0.5 goals"", ""odds"": 1.76, ""p"": 0.6038, ""p_market"": 0.5165, ""edge_pp"": 8.7, ""result"": ""won"", ""score"": ""4-1""}, {""date"": ""2026-10-06"", ""country"": ""Argentina"", ""league"": ""Liga Profesional: Clausura"", ""home"": ""Velez Sarsfield"", ""away"": ""Club Atletico Platense"", ""kickoff"": ""2026-10-06 00:00"", ""sel"": ""HO05"", ""label"": ""Velez Sarsfield over 0.5 goals"", ""odds"": 1.3, ""p"": 0.8285, ""p_market"": 0.7111, ""edge_pp"": 11.7, ""result"": ""won"", ""score"": ""2-2""}, {""date"": ""2026-10-06"", ""country"": ""Colombia"", ""league"": ""Primera B: Clausura"", ""home"": ""Orsomarso"", ""away"": ""Deportes Quindio"", ""kickoff"": ""2026-10-06 02:30"", ""sel"": ""U35"", ""label"": ""Under 3.5 goals"", ""odds"": 1.31, ""p"": 0.8204, ""p_market"": 0.7127, ""edge_pp"": 10.8, ""result"": ""won"", ""score"": ""0-1""}]",3.00,0.4104,0.2618,won,2026-10-06,
A20261005-35,2026-10-05 13:10,auto 13:10,2026-10-06 13:10,3.00,3,"[{""date"": ""2026-10-05"", ""country"": ""Serbia"", ""league"": ""Prva Liga"", ""home"": ""TSC Backa Topola"", ""away"": ""FK Graficar"", ""kickoff"": ""2026-10-05 18:00"", ""sel"": ""AO05"", ""label"": ""FK Graficar over 0.5 goals"", ""odds"": 1.76, ""p"": 0.6038, ""p_market"": 0.5165, ""edge_pp"": 8.7, ""result"": ""won"", ""score"": ""4-1""}, {""date"": ""2026-10-06"", ""country"": ""Jamaica"", ""league"": ""Premier League"", ""home"": ""Chapelton"", ""away"": ""Waterhouse FC"", ""kickoff"": ""2026-10-06 00:05"", ""sel"": ""X2"", ""label"": ""Draw or Waterhouse FC"", ""odds"": 1.29, ""p"": 0.8293, ""p_market"": 0.7256, ""edge_pp"": 10.4, ""result"": ""won"", ""score"": ""0-6""}, {""date"": ""2026-10-06"", ""country"": ""Jamaica"", ""league"": ""Premier League"", ""home"": ""Arnett Gardens"", ""away"": ""Portmore United"", ""kickoff"": ""2026-10-06 03:00"", ""sel"": ""HO05"", ""label"": ""Arnett Gardens over 0.5 goals"", ""odds"": 1.32, ""p"": 0.7865, ""p_market"": 0.7014, ""edge_pp"": 8.5, ""result"": ""won"", ""score"": ""1-1""}]",3.00,0.3939,0.2628,won,2026-10-06,
A20261005-36,2026-10-05 13:10,auto 13:10,2026-10-06 13:10,3.00,3,"[{""date"": ""2026-10-05"", ""country"": ""Iran"", ""league"": ""Azadegan League"", ""home"": ""Niroye Zamini"", ""away"": ""Mes Kerman"", ""kickoff"": ""2026-10-05 13:30"", ""sel"": ""X2"", ""label"": ""Draw or Mes Kerman"", ""odds"": 1.41, ""p"": 0.7573, ""p_market"": 0.6413, ""edge_pp"": 11.6, ""result"": ""won"", ""score"": ""0-0""}, {""date"": ""2026-10-05"", ""country"": ""Iran"", ""league"": ""Azadegan League"", ""home"": ""Beasat Kermanshah"", ""away"": ""Naft Bandar Abbas"", ""kickoff"": ""2026-10-05 14:30"", ""sel"": ""X2"", ""label"": ""Draw or Naft Bandar Abbas"", ""odds"": 1.37, ""p"": 0.7261, ""p_market"": 0.6758, ""edge_pp"": 5.0, ""result"": ""lost"", ""score"": ""2-1""}, {""date"": ""2026-10-05"", ""country"": ""Argentina"", ""league"": ""Primera B Metropolitana"", ""home"": ""CD UAI Urquiza"", ""away"": ""Ituzaingo"", ""kickoff"": ""2026-10-05 20:00"", ""sel"": ""NBTTS"", ""label"": ""Not both teams to score"", ""odds"": 1.55, ""p"": 0.6561, ""p_market"": 0.5867, ""edge_pp"": 6.9, ""result"": null}]",2.99,0.3608,0.2543,lost,2026-10-05,
A20261005-37,2026-10-05 13:10,auto 13:10,2026-10-06 13:10,3.00,3,"[{""date"": ""2026-10-06"", ""country"": ""CONCACAF Nations League"", ""league"": ""League A: Group 2"", ""home"": ""Martinique"", ""away"": ""El Salvador"", ""kickoff"": ""2026-10-06 00:00"", ""sel"": ""HO05"", ""label"": ""Martinique over 0.5 goals"", ""odds"": 1.27, ""p"": 0.8426, ""p_market"": 0.7392, ""edge_pp"": 10.3, ""result"": ""won"", ""score"": ""1-1""}, {""date"": ""2026-10-06"", ""country"": ""Argentina"", ""league"": ""Liga Profesional: Clausura"", ""home"": ""Banfield"", ""away"": ""Rosario Central"", ""kickoff"": ""2026-10-06 02:15"", ""sel"": ""HO05"", ""label"": ""Banfield over 0.5 goals"", ""odds"": 1.56, ""p"": 0.6506, ""p_market"": 0.5959, ""edge_pp"": 5.5, ""result"": ""won"", ""score"": ""1-1""}, {""date"": ""2026-10-06"", ""country"": ""Colombia"", ""league"": ""Primera B: Clausura"", ""home"": ""Orsomarso"", ""away"": ""Deportes Quindio"", ""kickoff"": ""2026-10-06 02:30"", ""sel"": ""AU15"", ""label"": ""Deportes Quindio under 1.5 goals"", ""odds"": 1.52, ""p"": 0.6511, ""p_market"": 0.6122, ""edge_pp"": 3.9, ""result"": ""won"", ""score"": ""0-1""}]",3.01,0.3569,0.2697,won,2026-10-06,
A20261005-38,2026-10-05 13:44,auto 13:44,2026-10-06 13:44,3.00,3,"[{""date"": ""2026-10-05"", ""country"": ""Serbia"", ""league"": ""Prva Liga"", ""home"": ""TSC Backa Topola"", ""away"": ""FK Graficar"", ""kickoff"": ""2026-10-05 18:00"", ""sel"": ""AO05"", ""label"": ""FK Graficar over 0.5 goals"", ""odds"": 1.76, ""p"": 0.6038, ""p_market"": 0.5165, ""edge_pp"": 8.7, ""result"": ""won"", ""score"": ""4-1""}, {""date"": ""2026-10-06"", ""country"": ""Jamaica"", ""league"": ""Premier League"", ""home"": ""Chapelton"", ""away"": ""Waterhouse FC"", ""kickoff"": ""2026-10-06 00:05"", ""sel"": ""AO05"", ""label"": ""Waterhouse FC over 0.5 goals"", ""odds"": 1.28, ""p"": 0.846, ""p_market"": 0.7265, ""edge_pp"": 11.9, ""result"": ""won"", ""score"": ""0-6""}, {""date"": ""2026-10-06"", ""country"": ""Colombia"", ""league"": ""Primera B: Clausura"", ""home"": ""Orsomarso"", ""away"": ""Deportes Quindio"", ""kickoff"": ""2026-10-06 02:30"", ""sel"": ""U35"", ""label"": ""Under 3.5 goals"", ""odds"": 1.33, ""p"": 0.8204, ""p_market"": 0.7064, ""edge_pp"": 11.4, ""result"": ""won"", ""score"": ""0-1""}]",3.00,0.4191,0.2651,won,2026-10-06,
A20261005-39,2026-10-05 13:44,auto 13:44,2026-10-06 13:44,3.00,3,"[{""date"": ""2026-10-05"", ""country"": ""Paraguay"", ""league"": ""Division Intermedia"", ""home"": ""12 de Junio"", ""away"": ""Sol de America"", ""kickoff"": ""2026-10-05 22:00"", ""sel"": ""O15"", ""label"": ""Over 1.5 goals"", ""odds"": 1.45, ""p"": 0.7112, ""p_market"": 0.6329, ""edge_pp"": 7.8, ""result"": ""won"", ""score"": ""1-1""}, {""date"": ""2026-10-06"", ""country"": ""Colombia"", ""league"": ""Primera B: Clausura"", ""home"": ""Bogota FC"", ""away"": ""Envigado"", ""kickoff"": ""2026-10-06 00:00"", ""sel"": ""HU15"", ""label"": ""Bogota FC under 1.5 goals"", ""odds"": 1.33, ""p"": 0.7533, ""p_market"": 0.6928, ""edge_pp"": 6.0, ""result"": ""lost"", ""score"": ""3-3""}, {""date"": ""2026-10-06"", ""country"": ""Argentina"", ""league"": ""Liga Profesional: Clausura"", ""home"": ""Banfield"", ""away"": ""Rosario Central"", ""kickoff"": ""2026-10-06 02:15"", ""sel"": ""HO05"", ""label"": ""Banfield over 0.5 goals"", ""odds"": 1.56, ""p"": 0.6506, ""p_market"": 0.5959, ""edge_pp"": 5.5, ""result"": null}]",3.01,0.3486,0.2613,lost,2026-10-06,
A20261005-40,2026-10-05 14:12,auto 14:12,2026-10-06 14:12,3.00,3,"[{""date"": ""2026-10-05"", ""country"": ""Argentina"", ""league"": ""Primera B Metropolitana"", ""home"": ""CD UAI Urquiza"", ""away"": ""Ituzaingo"", ""kickoff"": ""2026-10-05 20:00"", ""sel"": ""NBTTS"", ""label"": ""Not both teams to score"", ""odds"": 1.55, ""p"": 0.6561, ""p_market"": 0.5867, ""edge_pp"": 6.9, ""result"": ""lost"", ""score"": ""3-2""}, {""date"": ""2026-10-05"", ""country"": ""Argentina"", ""league"": ""Primera Nacional"", ""home"": ""Nueva Chicago"", ""away"": ""Deportivo Maipu"", ""kickoff"": ""2026-10-05 22:00"", ""sel"": ""HU15"", ""label"": ""Nueva Chicago under 1.5 goals"", ""odds"": 1.34, ""p"": 0.764, ""p_market"": 0.6912, ""edge_pp"": 7.3, ""result"": null}, {""date"": ""2026-10-05"", ""country"": ""Paraguay"", ""league"": ""Division Intermedia"", ""home"": ""12 de Junio"", ""away"": ""Sol de America"", ""kickoff"": ""2026-10-05 22:00"", ""sel"": ""O15"", ""label"": ""Over 1.5 goals"", ""odds"": 1.45, ""p"": 0.7112, ""p_market"": 0.6329, ""edge_pp"": 7.8, ""result"": null}]",3.01,0.3565,0.2567,lost,2026-10-05,
A20261005-41,2026-10-05 14:12,auto 14:12,2026-10-06 14:12,3.00,3,"[{""date"": ""2026-10-05"", ""country"": ""Argentina"", ""league"": ""Primera C"", ""home"": ""Deportivo Paraguayo"", ""away"": ""Mercedes"", ""kickoff"": ""2026-10-05 20:00"", ""sel"": ""AU15"", ""label"": ""Mercedes under 1.5 goals"", ""odds"": 1.39, ""p"": 0.713, ""p_market"": 0.6516, ""edge_pp"": 6.1, ""result"": ""won"", ""score"": ""1-1""}, {""date"": ""2026-10-06"", ""country"": ""Argentina"", ""league"": ""Liga Profesional: Clausura"", ""home"": ""Banfield"", ""away"": ""Rosario Central"", ""kickoff"": ""2026-10-06 02:15"", ""sel"": ""HO05"", ""label"": ""Banfield over 0.5 goals"", ""odds"": 1.56, ""p"": 0.6506, ""p_market"": 0.5959, ""edge_pp"": 5.5, ""result"": ""won"", ""score"": ""1-1""}, {""date"": ""2026-10-06"", ""country"": ""China"", ""league"": ""League One"", ""home"": ""Jiangxi Dingnan United"", ""away"": ""Meizhou Hakka"", ""kickoff"": ""2026-10-06 13:30"", ""sel"": ""AU15"", ""label"": ""Meizhou Hakka under 1.5 goals"", ""odds"": 1.39, ""p"": 0.683, ""p_market"": 0.6559, ""edge_pp"": 2.7, ""result"": ""won"", ""score"": ""0-0""}]",3.01,0.3168,0.2547,won,2026-10-06,
A20261005-42,2026-10-05 14:49,auto 14:49,2026-10-06 14:49,3.00,3,"[{""date"": ""2026-10-05"", ""country"": ""CONCACAF Nations League"", ""league"": ""League B: Group 3"", ""home"": ""Cuba"", ""away"": ""St. Kitts and Nevis"", ""kickoff"": ""2026-10-05 23:00"", ""sel"": ""AU15"", ""label"": ""St. Kitts and Nevis under 1.5 goals"", ""odds"": 1.46, ""p"": 0.6565, ""p_market"": 0.6359, ""edge_pp"": 2.1, ""result"": ""lost"", ""score"": ""2-2""}, {""date"": ""2026-10-06"", ""country"": ""Argentina"", ""league"": ""Liga Profesional: Clausura"", ""home"": ""Banfield"", ""away"": ""Rosario Central"", ""kickoff"": ""2026-10-06 02:15"", ""sel"": ""HO05"", ""label"": ""Banfield over 0.5 goals"", ""odds"": 1.56, ""p"": 0.6506, ""p_market"": 0.5959, ""edge_pp"": 5.5, ""result"": null}, {""date"": ""2026-10-06"", ""country"": ""Mexico"", ""league"": ""Primera Premier"", ""home"": ""Celaya"", ""away"": ""Jaguares Chiapas"", ""kickoff"": ""2026-10-06 04:05"", ""sel"": ""O15"", ""label"": ""Over 1.5 goals"", ""odds"": 1.31, ""p"": 0.7877, ""p_market"": 0.7029, ""edge_pp"": 8.5, ""result"": null}]",2.98,0.3365,0.2664,lost,2026-10-06,
A20261005-43,2026-10-05 15:46,auto 15:46,2026-10-06 15:46,3.00,3,"[{""date"": ""2026-10-05"", ""country"": ""CONCACAF Nations League"", ""league"": ""League B: Group 3"", ""home"": ""Cuba"", ""away"": ""St. Kitts and Nevis"", ""kickoff"": ""2026-10-05 23:00"", ""sel"": ""AU15"", ""label"": ""St. Kitts and Nevis under 1.5 goals"", ""odds"": 1.46, ""p"": 0.6566, ""p_market"": 0.6359, ""edge_pp"": 2.1, ""result"": ""lost"", ""score"": ""2-2""}, {""date"": ""2026-10-06"", ""country"": ""Argentina"", ""league"": ""Liga Profesional: Clausura"", ""home"": ""Velez Sarsfield"", ""away"": ""Club Atletico Platense"", ""kickoff"": ""2026-10-06 00:00"", ""sel"": ""HO05"", ""label"": ""Velez Sarsfield over 0.5 goals"", ""odds"": 1.3, ""p"": 0.8285, ""p_market"": 0.7143, ""edge_pp"": 11.4, ""result"": null}, {""date"": ""2026-10-06"", ""country"": ""Argentina"", ""league"": ""Liga Profesional: Clausura"", ""home"": ""Banfield"", ""away"": ""Rosario Central"", ""kickoff"": ""2026-10-06 02:15"", ""sel"": ""HO05"", ""label"": ""Banfield over 0.5 goals"", ""odds"": 1.58, ""p"": 0.6506, ""p_market"": 0.5875, ""edge_pp"": 6.3, ""result"": null}]",3.00,0.3539,0.2668,lost,2026-10-06,
A20261005-44,2026-10-05 16:13,auto 16:13,2026-10-06 16:13,3.00,3,"[{""date"": ""2026-10-05"", ""country"": ""Argentina"", ""league"": ""Primera B Metropolitana"", ""home"": ""CD UAI Urquiza"", ""away"": ""Ituzaingo"", ""kickoff"": ""2026-10-05 20:00"", ""sel"": ""NBTTS"", ""label"": ""Not both teams to score"", ""odds"": 1.56, ""p"": 0.6561, ""p_market"": 0.5851, ""edge_pp"": 7.1, ""result"": ""lost"", ""score"": ""3-2""}, {""date"": ""2026-10-06"", ""country"": ""Jamaica"", ""league"": ""Premier League"", ""home"": ""Chapelton"", ""away"": ""Waterhouse FC"", ""kickoff"": ""2026-10-06 00:05"", ""sel"": ""AO05"", ""label"": ""Waterhouse FC over 0.5 goals"", ""odds"": 1.28, ""p"": 0.846, ""p_market"": 0.7265, ""edge_pp"": 11.9, ""result"": null}, {""date"": ""2026-10-06"", ""country"": ""UEFA Nations League"", ""league"": ""League C: Group 3"", ""home"": ""Kazakhstan"", ""away"": ""Faroe Islands"", ""kickoff"": ""2026-10-06 16:00"", ""sel"": ""O15"", ""label"": ""Over 1.5 goals"", ""odds"": 1.5, ""p"": 0.7465, ""p_market"": 0.6386, ""edge_pp"": 10.8, ""result"": null}]",3.00,0.4143,0.2714,lost,2026-10-05,
A20261005-45,2026-10-05 16:13,auto 16:13,2026-10-06 16:13,3.00,3,"[{""date"": ""2026-10-05"", ""country"": ""Serbia"", ""league"": ""Prva Liga"", ""home"": ""TSC Backa Topola"", ""away"": ""FK Graficar"", ""kickoff"": ""2026-10-05 18:00"", ""sel"": ""AO05"", ""label"": ""FK Graficar over 0.5 goals"", ""odds"": 1.76, ""p"": 0.6038, ""p_market"": 0.5165, ""edge_pp"": 8.7, ""result"": ""won"", ""score"": ""4-1""}, {""date"": ""2026-10-05"", ""country"": ""UEFA Nations League"", ""league"": ""League B: Group 4"", ""home"": ""Bosnia and Herzegovina"", ""away"": ""Poland"", ""kickoff"": ""2026-10-05 20:45"", ""sel"": ""O15"", ""label"": ""Over 1.5 goals"", ""odds"": 1.31, ""p"": 0.8068, ""p_market"": 0.7332, ""edge_pp"": 7.4, ""result"": ""lost"", ""score"": ""1-0""}, {""date"": ""2026-10-06"", ""country"": ""Argentina"", ""league"": ""Liga Profesional: Clausura"", ""home"": ""Velez Sarsfield"", ""away"": ""Club Atletico Platense"", ""kickoff"": ""2026-10-06 00:00"", ""sel"": ""HO05"", ""label"": ""Velez Sarsfield over 0.5 goals"", ""odds"": 1.3, ""p"": 0.8285, ""p_market"": 0.7143, ""edge_pp"": 11.4, ""result"": null}]",3.00,0.4036,0.2705,lost,2026-10-05,
A20261005-46,2026-10-05 16:13,auto 16:13,2026-10-06 16:13,3.00,3,"[{""date"": ""2026-10-05"", ""country"": ""Paraguay"", ""league"": ""Division Intermedia"", ""home"": ""12 de Junio"", ""away"": ""Sol de America"", ""kickoff"": ""2026-10-05 22:00"", ""sel"": ""O15"", ""label"": ""Over 1.5 goals"", ""odds"": 1.45, ""p"": 0.7112, ""p_market"": 0.6329, ""edge_pp"": 7.8, ""result"": ""won"", ""score"": ""1-1""}, {""date"": ""2026-10-06"", ""country"": ""Colombia"", ""league"": ""Primera A: Clausura"", ""home"": ""Independiente Medellin"", ""away"": ""Santa Fe"", ""kickoff"": ""2026-10-06 02:00"", ""sel"": ""O15"", ""label"": ""Over 1.5 goals"", ""odds"": 1.31, ""p"": 0.7661, ""p_market"": 0.7219, ""edge_pp"": 4.4, ""result"": ""lost"", ""score"": ""0-1""}, {""date"": ""2026-10-06"", ""country"": ""Argentina"", ""league"": ""Liga Profesional: Clausura"", ""home"": ""Banfield"", ""away"": ""Rosario Central"", ""kickoff"": ""2026-10-06 02:15"", ""sel"": ""HO05"", ""label"": ""Banfield over 0.5 goals"", ""odds"": 1.58, ""p"": 0.6506, ""p_market"": 0.5875, ""edge_pp"": 6.3, ""result"": ""won"", ""score"": ""1-1""}]",3.00,0.3545,0.2684,lost,2026-10-06,
A20261005-47,2026-10-05 17:11,17:00,2026-10-06 17:11,3.00,3,"[{""date"": ""2026-10-05"", ""country"": ""Norway"", ""league"": ""3. Division: Group 3"", ""home"": ""Fana"", ""away"": ""Aasane 2"", ""kickoff"": ""2026-10-05 18:00"", ""sel"": ""1X"", ""label"": ""Fana or draw"", ""odds"": 1.27, ""p"": 0.8146, ""p_market"": 0.7297, ""edge_pp"": 8.5, ""result"": ""won"", ""score"": ""5-2""}, {""date"": ""2026-10-05"", ""country"": ""Serbia"", ""league"": ""Prva Liga"", ""home"": ""TSC Backa Topola"", ""away"": ""FK Graficar"", ""kickoff"": ""2026-10-05 18:00"", ""sel"": ""AO05"", ""label"": ""FK Graficar over 0.5 goals"", ""odds"": 1.76, ""p"": 0.602, ""p_market"": 0.5165, ""edge_pp"": 8.6, ""result"": ""won"", ""score"": ""4-1""}, {""date"": ""2026-10-06"", ""country"": ""Jamaica"", ""league"": ""Premier League"", ""home"": ""Arnett Gardens"", ""away"": ""Portmore United"", ""kickoff"": ""2026-10-06 03:00"", ""sel"": ""HO05"", ""label"": ""Arnett Gardens over 0.5 goals"", ""odds"": 1.34, ""p"": 0.7878, ""p_market"": 0.6912, ""edge_pp"": 9.7, ""result"": ""won"", ""score"": ""1-1""}]",3.00,0.3863,0.2605,won,2026-10-06,
A20261005-48,2026-10-05 17:44,auto 17:44,2026-10-06 17:44,3.00,3,"[{""date"": ""2026-10-05"", ""country"": ""Argentina"", ""league"": ""Primera C"", ""home"": ""Deportivo Paraguayo"", ""away"": ""Mercedes"", ""kickoff"": ""2026-10-05 20:00"", ""sel"": ""AU15"", ""label"": ""Mercedes under 1.5 goals"", ""odds"": 1.4, ""p"": 0.713, ""p_market"": 0.65, ""edge_pp"": 6.3, ""result"": ""won"", ""score"": ""1-1""}, {""date"": ""2026-10-05"", ""country"": ""UEFA Nations League"", ""league"": ""League B: Group 4"", ""home"": ""Bosnia and Herzegovina"", ""away"": ""Poland"", ""kickoff"": ""2026-10-05 20:45"", ""sel"": ""O15"", ""label"": ""Over 1.5 goals"", ""odds"": 1.35, ""p"": 0.8068, ""p_market"": 0.7158, ""edge_pp"": 9.1, ""result"": ""lost"", ""score"": ""1-0""}, {""date"": ""2026-10-06"", ""country"": ""Argentina"", ""league"": ""Liga Profesional: Clausura"", ""home"": ""Banfield"", ""away"": ""Rosario Central"", ""kickoff"": ""2026-10-06 02:15"", ""sel"": ""HO05"", ""label"": ""Banfield over 0.5 goals"", ""odds"": 1.58, ""p"": 0.6506, ""p_market"": 0.5875, ""edge_pp"": 6.3, ""result"": null}]",2.99,0.3743,0.2733,lost,2026-10-05,
A20261005-49,2026-10-05 18:16,auto 18:16,2026-10-06 18:16,3.00,3,"[{""date"": ""2026-10-05"", ""country"": ""CONCACAF Nations League"", ""league"": ""League B: Group 3"", ""home"": ""Cuba"", ""away"": ""St. Kitts and Nevis"", ""kickoff"": ""2026-10-05 23:00"", ""sel"": ""AO05"", ""label"": ""St. Kitts and Nevis over 0.5 goals"", ""odds"": 1.43, ""p"": 0.7038, ""p_market"": 0.6495, ""edge_pp"": 5.4, ""result"": ""won"", ""score"": ""2-2""}, {""date"": ""2026-10-06"", ""country"": ""Argentina"", ""league"": ""Liga Profesional: Clausura"", ""home"": ""Banfield"", ""away"": ""Rosario Central"", ""kickoff"": ""2026-10-06 02:15"", ""sel"": ""HO05"", ""label"": ""Banfield over 0.5 goals"", ""odds"": 1.58, ""p"": 0.6506, ""p_market"": 0.5875, ""edge_pp"": 6.3, ""result"": ""won"", ""score"": ""1-1""}, {""date"": ""2026-10-06"", ""country"": ""Jamaica"", ""league"": ""Premier League"", ""home"": ""Arnett Gardens"", ""away"": ""Portmore United"", ""kickoff"": ""2026-10-06 03:00"", ""sel"": ""HO05"", ""label"": ""Arnett Gardens over 0.5 goals"", ""odds"": 1.33, ""p"": 0.7878, ""p_market"": 0.6998, ""edge_pp"": 8.8, ""result"": ""won"", ""score"": ""1-1""}]",3.01,0.3608,0.2670,won,2026-10-06,
A20261005-50,2026-10-05 18:45,auto 18:45,2026-10-06 18:45,3.00,3,"[{""date"": ""2026-10-06"", ""country"": ""Jamaica"", ""league"": ""Premier League"", ""home"": ""Chapelton"", ""away"": ""Waterhouse FC"", ""kickoff"": ""2026-10-06 00:05"", ""sel"": ""AO05"", ""label"": ""Waterhouse FC over 0.5 goals"", ""odds"": 1.26, ""p"": 0.8447, ""p_market"": 0.7353, ""edge_pp"": 10.9, ""result"": ""won"", ""score"": ""0-6""}, {""date"": ""2026-10-06"", ""country"": ""Argentina"", ""league"": ""Liga Profesional: Clausura"", ""home"": ""Banfield"", ""away"": ""Rosario Central"", ""kickoff"": ""2026-10-06 02:15"", ""sel"": ""HO05"", ""label"": ""Banfield over 0.5 goals"", ""odds"": 1.58, ""p"": 0.6506, ""p_market"": 0.5875, ""edge_pp"": 6.3, ""result"": ""won"", ""score"": ""1-1""}, {""date"": ""2026-10-06"", ""country"": ""UEFA Nations League"", ""league"": ""League C: Group 3"", ""home"": ""Kazakhstan"", ""away"": ""Faroe Islands"", ""kickoff"": ""2026-10-06 16:00"", ""sel"": ""O15"", ""label"": ""Over 1.5 goals"", ""odds"": 1.5, ""p"": 0.7466, ""p_market"": 0.6386, ""edge_pp"": 10.8, ""result"": ""won"", ""score"": ""2-2""}]",2.99,0.4103,0.2758,won,2026-10-06,
A20261005-51,2026-10-05 18:45,auto 18:45,2026-10-06 18:45,3.00,3,"[{""date"": ""2026-10-05"", ""country"": ""Argentina"", ""league"": ""Primera B Metropolitana"", ""home"": ""CD UAI Urquiza"", ""away"": ""Ituzaingo"", ""kickoff"": ""2026-10-05 20:00"", ""sel"": ""NBTTS"", ""label"": ""Not both teams to score"", ""odds"": 1.56, ""p"": 0.6561, ""p_market"": 0.5851, ""edge_pp"": 7.1, ""result"": ""lost"", ""score"": ""3-2""}, {""date"": ""2026-10-05"", ""country"": ""UEFA Nations League"", ""league"": ""League B: Group 4"", ""home"": ""Bosnia and Herzegovina"", ""away"": ""Poland"", ""kickoff"": ""2026-10-05 20:45"", ""sel"": ""O15"", ""label"": ""Over 1.5 goals"", ""odds"": 1.34, ""p"": 0.8068, ""p_market"": 0.7173, ""edge_pp"": 8.9, ""result"": ""lost"", ""score"": ""1-0""}, {""date"": ""2026-10-05"", ""country"": ""CONCACAF Nations League"", ""league"": ""League B: Group 3"", ""home"": ""Cuba"", ""away"": ""St. Kitts and Nevis"", ""kickoff"": ""2026-10-05 23:00"", ""sel"": ""AO05"", ""label"": ""St. Kitts and Nevis over 0.5 goals"", ""odds"": 1.43, ""p"": 0.7038, ""p_market"": 0.6495, ""edge_pp"": 5.4, ""result"": null}]",2.99,0.3725,0.2726,lost,2026-10-05,
A20261005-52,2026-10-05 20:12,auto 20:12,2026-10-06 20:12,3.00,3,"[{""date"": ""2026-10-05"", ""country"": ""International Friendlies"", ""league"": ""Friendlies"", ""home"": ""Liechtenstein"", ""away"": ""Gibraltar"", ""kickoff"": ""2026-10-05 20:45"", ""sel"": ""12"", ""label"": ""Liechtenstein or Gibraltar"", ""odds"": 1.39, ""p"": 0.7761, ""p_market"": 0.6741, ""edge_pp"": 10.2, ""result"": ""won"", ""score"": ""0-2""}, {""date"": ""2026-10-06"", ""country"": ""Sweden"", ""league"": ""Svenska Cupen: Qualification"", ""home"": ""FC Trollhaettan"", ""away"": ""Mjaellby"", ""kickoff"": ""2026-10-06 17:00"", ""sel"": ""BTTS"", ""label"": ""Both teams to score"", ""odds"": 1.65, ""p"": 0.6638, ""p_market"": 0.5541, ""edge_pp"": 11.0, ""result"": ""lost"", ""score"": ""1-0""}, {""date"": ""2026-10-06"", ""country"": ""England"", ""league"": ""EFL Trophy North: Group G"", ""home"": ""Fleetwood Town"", ""away"": ""Barnsley"", ""kickoff"": ""2026-10-06 20:00"", ""sel"": ""HO05"", ""label"": ""Fleetwood Town over 0.5 goals"", ""odds"": 1.31, ""p"": 0.8228, ""p_market"": 0.7095, ""edge_pp"": 11.3, ""result"": null}]",3.00,0.4239,0.2650,lost,2026-10-06,
A20261005-53,2026-10-05 20:12,auto 20:12,2026-10-06 20:12,3.00,3,"[{""date"": ""2026-10-05"", ""country"": ""UEFA Nations League"", ""league"": ""League B: Group 4"", ""home"": ""Bosnia and Herzegovina"", ""away"": ""Poland"", ""kickoff"": ""2026-10-05 20:45"", ""sel"": ""O15"", ""label"": ""Over 1.5 goals"", ""odds"": 1.32, ""p"": 0.8068, ""p_market"": 0.7261, ""edge_pp"": 8.1, ""result"": ""lost"", ""score"": ""1-0""}, {""date"": ""2026-10-06"", ""country"": ""Argentina"", ""league"": ""Primera C"", ""home"": ""Leandro N. Alem"", ""away"": ""Centro Espanol"", ""kickoff"": ""2026-10-06 19:00"", ""sel"": ""NBTTS"", ""label"": ""Not both teams to score"", ""odds"": 1.68, ""p"": 0.5823, ""p_market"": 0.5359, ""edge_pp"": 4.6, ""result"": null}, {""date"": ""2026-10-06"", ""country"": ""England"", ""league"": ""National League Cup: Group B"", ""home"": ""Hornchurch"", ""away"": ""Fulham U21"", ""kickoff"": ""2026-10-06 20:00"", ""sel"": ""U45"", ""label"": ""Under 4.5 goals"", ""odds"": 1.36, ""p"": 0.7971, ""p_market"": 0.6951, ""edge_pp"": 10.2, ""result"": null}]",3.02,0.3745,0.2705,lost,2026-10-05,
A20261005-54,2026-10-05 20:47,auto 20:47,2026-10-06 20:47,3.00,3,"[{""date"": ""2026-10-06"", ""country"": ""UEFA Nations League"", ""league"": ""League C: Group 3"", ""home"": ""Kazakhstan"", ""away"": ""Faroe Islands"", ""kickoff"": ""2026-10-06 16:00"", ""sel"": ""O15"", ""label"": ""Over 1.5 goals"", ""odds"": 1.5, ""p"": 0.7466, ""p_market"": 0.6386, ""edge_pp"": 10.8, ""result"": ""won"", ""score"": ""2-2""}, {""date"": ""2026-10-06"", ""country"": ""England"", ""league"": ""EFL Trophy South: Group D"", ""home"": ""Peterborough United"", ""away"": ""Ipswich Town U21"", ""kickoff"": ""2026-10-06 20:00"", ""sel"": ""U45"", ""label"": ""Under 4.5 goals"", ""odds"": 1.47, ""p"": 0.7629, ""p_market"": 0.6432, ""edge_pp"": 12.0, ""result"": ""lost"", ""score"": ""4-1""}, {""date"": ""2026-10-06"", ""country"": ""England"", ""league"": ""National League Cup: Group B"", ""home"": ""Hornchurch"", ""away"": ""Fulham U21"", ""kickoff"": ""2026-10-06 20:00"", ""sel"": ""U45"", ""label"": ""Under 4.5 goals"", ""odds"": 1.36, ""p"": 0.7971, ""p_market"": 0.6951, ""edge_pp"": 10.2, ""result"": ""won"", ""score"": ""1-1""}]",3.00,0.4541,0.2855,lost,2026-10-06,
A20261005-55,2026-10-05 20:47,auto 20:47,2026-10-06 20:47,3.00,3,"[{""date"": ""2026-10-06"", ""country"": ""Norway"", ""league"": ""3. Division: Group 5"", ""home"": ""Skjetten"", ""away"": ""Kongsvinger 2"", ""kickoff"": ""2026-10-06 18:00"", ""sel"": ""HO15"", ""label"": ""Skjetten over 1.5 goals"", ""odds"": 1.2, ""p"": 0.8532, ""p_market"": 0.76, ""edge_pp"": 9.3, ""result"": ""won"", ""score"": ""3-4""}, {""date"": ""2026-10-06"", ""country"": ""England"", ""league"": ""EFL Trophy South: Group A"", ""home"": ""Exeter City"", ""away"": ""Oxford United"", ""kickoff"": ""2026-10-06 20:00"", ""sel"": ""U45"", ""label"": ""Under 4.5 goals"", ""odds"": 1.19, ""p"": 0.8866, ""p_market"": 0.7909, ""edge_pp"": 9.6, ""result"": null, ""score"": ""2-2""}, {""date"": ""2026-10-06"", ""country"": ""UEFA Nations League"", ""league"": ""League C: Group 3"", ""home"": ""Moldova"", ""away"": ""Slovakia"", ""kickoff"": ""2026-10-06 20:45"", ""sel"": ""BTTS"", ""label"": ""Both teams to score"", ""odds"": 2.1, ""p"": 0.5634, ""p_market"": 0.4545, ""edge_pp"": 10.9, ""result"": ""lost"", ""score"": ""0-4""}]",3.00,0.4262,0.2732,lost,2026-10-06,
A20261005-56,2026-10-05 20:47,auto 20:47,2026-10-06 20:47,3.00,3,"[{""date"": ""2026-10-06"", ""country"": ""Sweden"", ""league"": ""Svenska Cupen: Qualification"", ""home"": ""FC Trollhaettan"", ""away"": ""Mjaellby"", ""kickoff"": ""2026-10-06 17:00"", ""sel"": ""BTTS"", ""label"": ""Both teams to score"", ""odds"": 1.63, ""p"": 0.6638, ""p_market"": 0.5571, ""edge_pp"": 10.7, ""result"": ""lost"", ""score"": ""1-0""}, {""date"": ""2026-10-06"", ""country"": ""England"", ""league"": ""FA Cup: Qualification"", ""home"": ""Scarborough Athletic"", ""away"": ""Macclesfield FC"", ""kickoff"": ""2026-10-06 20:45"", ""sel"": ""O15"", ""label"": ""Over 1.5 goals"", ""odds"": 1.36, ""p"": 0.7885, ""p_market"": 0.6951, ""edge_pp"": 9.3, ""result"": null}, {""date"": ""2026-10-06"", ""country"": ""UEFA Nations League"", ""league"": ""League C: Group 4"", ""home"": ""Estonia"", ""away"": ""Iceland"", ""kickoff"": ""2026-10-06 20:45"", ""sel"": ""U35"", ""label"": ""Under 3.5 goals"", ""odds"": 1.36, ""p"": 0.7632, ""p_market"": 0.7082, ""edge_pp"": 5.5, ""result"": null}]",3.01,0.3995,0.2742,lost,2026-10-06,
A20261005-57,2026-10-05 23:42,auto 23:42,2026-10-06 23:42,3.00,3,"[{""date"": ""2026-10-06"", ""country"": ""Sweden"", ""league"": ""Svenska Cupen: Qualification"", ""home"": ""FC Trollhaettan"", ""away"": ""Mjaellby"", ""kickoff"": ""2026-10-06 17:00"", ""sel"": ""BTTS"", ""label"": ""Both teams to score"", ""odds"": 1.63, ""p"": 0.6638, ""p_market"": 0.5571, ""edge_pp"": 10.7, ""result"": ""lost"", ""score"": ""1-0""}, {""date"": ""2026-10-06"", ""country"": ""England"", ""league"": ""National League Cup: Group B"", ""home"": ""Hornchurch"", ""away"": ""Fulham U21"", ""kickoff"": ""2026-10-06 20:00"", ""sel"": ""U45"", ""label"": ""Under 4.5 goals"", ""odds"": 1.36, ""p"": 0.8003, ""p_market"": 0.6951, ""edge_pp"": 10.5, ""result"": null}, {""date"": ""2026-10-06"", ""country"": ""England"", ""league"": ""FA Cup: Qualification"", ""home"": ""Scarborough Athletic"", ""away"": ""Macclesfield FC"", ""kickoff"": ""2026-10-06 20:45"", ""sel"": ""O15"", ""label"": ""Over 1.5 goals"", ""odds"": 1.36, ""p"": 0.7885, ""p_market"": 0.6951, ""edge_pp"": 9.3, ""result"": null}]",3.01,0.4189,0.2691,lost,2026-10-06,
A20261005-58,2026-10-05 23:42,auto 23:42,2026-10-06 23:42,3.00,3,"[{""date"": ""2026-10-06"", ""country"": ""Argentina"", ""league"": ""Primera C"", ""home"": ""CA Fenix"", ""away"": ""Atlas"", ""kickoff"": ""2026-10-06 19:00"", ""sel"": ""AU15"", ""label"": ""Atlas under 1.5 goals"", ""odds"": 1.34, ""p"": 0.7951, ""p_market"": 0.6763, ""edge_pp"": 11.9, ""result"": ""won"", ""score"": ""1-0""}, {""date"": ""2026-10-06"", ""country"": ""England"", ""league"": ""EFL Trophy North: Group H"", ""home"": ""Huddersfield Town"", ""away"": ""Rochdale"", ""kickoff"": ""2026-10-06 20:00"", ""sel"": ""U45"", ""label"": ""Under 4.5 goals"", ""odds"": 1.31, ""p"": 0.8289, ""p_market"": 0.7219, ""edge_pp"": 10.7, ""result"": ""lost"", ""score"": ""5-0""}, {""date"": ""2026-10-06"", ""country"": ""England"", ""league"": ""EFL Trophy South: Group D"", ""home"": ""Peterborough United"", ""away"": ""Ipswich Town U21"", ""kickoff"": ""2026-10-06 20:00"", ""sel"": ""BTTS"", ""label"": ""Both teams to score"", ""odds"": 1.7, ""p"": 0.6258, ""p_market"": 0.5393, ""edge_pp"": 8.7, ""result"": ""won"", ""score"": ""4-1""}]",2.98,0.4125,0.2633,lost,2026-10-06,
A20261006-01,2026-10-06 00:09,auto 00:09,2026-10-07 00:09,3.00,3,"[{""date"": ""2026-10-06"", ""country"": ""Argentina"", ""league"": ""Liga Profesional: Clausura"", ""home"": ""Banfield"", ""away"": ""Rosario Central"", ""kickoff"": ""2026-10-06 02:15"", ""sel"": ""HO05"", ""label"": ""Banfield over 0.5 goals"", ""odds"": 1.58, ""p"": 0.6504, ""p_market"": 0.5875, ""edge_pp"": 6.3, ""result"": ""won"", ""score"": ""1-1""}, {""date"": ""2026-10-06"", ""country"": ""UEFA Nations League"", ""league"": ""League C: Group 3"", ""home"": ""Kazakhstan"", ""away"": ""Faroe Islands"", ""kickoff"": ""2026-10-06 16:00"", ""sel"": ""O15"", ""label"": ""Over 1.5 goals"", ""odds"": 1.5, ""p"": 0.747, ""p_market"": 0.6386, ""edge_pp"": 10.8, ""result"": ""won"", ""score"": ""2-2""}, {""date"": ""2026-10-06"", ""country"": ""England"", ""league"": ""FA Cup: Qualification"", ""home"": ""Spalding United"", ""away"": ""Bury Town"", ""kickoff"": ""2026-10-06 20:45"", ""sel"": ""O15"", ""label"": ""Over 1.5 goals"", ""odds"": 1.27, ""p"": 0.842, ""p_market"": 0.7445, ""edge_pp"": 9.8, ""result"": ""won"", ""score"": ""4-0""}]",3.01,0.4091,0.2793,won,2026-10-06,
A20261006-02,2026-10-06 00:39,auto 00:39,2026-10-07 00:39,3.00,3,"[{""date"": ""2026-10-06"", ""country"": ""UEFA Nations League"", ""league"": ""League C: Group 3"", ""home"": ""Kazakhstan"", ""away"": ""Faroe Islands"", ""kickoff"": ""2026-10-06 16:00"", ""sel"": ""O15"", ""label"": ""Over 1.5 goals"", ""odds"": 1.5, ""p"": 0.747, ""p_market"": 0.6386, ""edge_pp"": 10.8, ""result"": ""won"", ""score"": ""2-2""}, {""date"": ""2026-10-06"", ""country"": ""England"", ""league"": ""EFL Trophy North: Group H"", ""home"": ""Huddersfield Town"", ""away"": ""Rochdale"", ""kickoff"": ""2026-10-06 20:00"", ""sel"": ""U45"", ""label"": ""Under 4.5 goals"", ""odds"": 1.31, ""p"": 0.8289, ""p_market"": 0.7219, ""edge_pp"": 10.7, ""result"": ""lost"", ""score"": ""5-0""}, {""date"": ""2026-10-07"", ""country"": ""Paraguay"", ""league"": ""Division Profesional: Clausura"", ""home"": ""Olimpia"", ""away"": ""Nacional Asuncion"", ""kickoff"": ""2026-10-07 00:15"", ""sel"": ""AO05"", ""label"": ""Nacional Asuncion over 0.5 goals"", ""odds"": 1.52, ""p"": 0.7212, ""p_market"": 0.6072, ""edge_pp"": 11.4, ""result"": null}]",2.99,0.4466,0.2799,lost,2026-10-06,
A20261006-03,2026-10-06 00:39,auto 00:39,2026-10-07 00:39,3.00,3,"[{""date"": ""2026-10-06"", ""country"": ""England"", ""league"": ""EFL Trophy North: Group H"", ""home"": ""Doncaster Rovers"", ""away"": ""Liverpool U21"", ""kickoff"": ""2026-10-06 20:00"", ""sel"": ""AO05"", ""label"": ""Liverpool U21 over 0.5 goals"", ""odds"": 1.33, ""p"": 0.8138, ""p_market"": 0.6998, ""edge_pp"": 11.4, ""result"": ""lost"", ""score"": ""1-0""}, {""date"": ""2026-10-06"", ""country"": ""England"", ""league"": ""EFL Trophy South: Group D"", ""home"": ""Peterborough United"", ""away"": ""Ipswich Town U21"", ""kickoff"": ""2026-10-06 20:00"", ""sel"": ""BTTS"", ""label"": ""Both teams to score"", ""odds"": 1.7, ""p"": 0.6257, ""p_market"": 0.5393, ""edge_pp"": 8.6, ""result"": ""won"", ""score"": ""4-1""}, {""date"": ""2026-10-06"", ""country"": ""England"", ""league"": ""Isthmian League: North Division"", ""home"": ""Buckhurst Hill"", ""away"": ""Tilbury"", ""kickoff"": ""2026-10-06 20:45"", ""sel"": ""1X"", ""label"": ""Buckhurst Hill or draw"", ""odds"": 1.32, ""p"": 0.8146, ""p_market"": 0.7021, ""edge_pp"": 11.3, ""result"": null}]",2.98,0.4148,0.2650,lost,2026-10-06,
A20261006-04,2026-10-06 01:38,auto 01:38,2026-10-07 01:38,3.00,3,"[{""date"": ""2026-10-06"", ""country"": ""Argentina"", ""league"": ""Primera C"", ""home"": ""CA Fenix"", ""away"": ""Atlas"", ""kickoff"": ""2026-10-06 19:00"", ""sel"": ""AU15"", ""label"": ""Atlas under 1.5 goals"", ""odds"": 1.34, ""p"": 0.795, ""p_market"": 0.6763, ""edge_pp"": 11.9, ""result"": ""won"", ""score"": ""1-0""}, {""date"": ""2026-10-06"", ""country"": ""England"", ""league"": ""EFL Trophy North: Group G"", ""home"": ""Fleetwood Town"", ""away"": ""Barnsley"", ""kickoff"": ""2026-10-06 20:00"", ""sel"": ""HO05"", ""label"": ""Fleetwood Town over 0.5 goals"", ""odds"": 1.31, ""p"": 0.8228, ""p_market"": 0.7095, ""edge_pp"": 11.3, ""result"": ""won"", ""score"": ""4-1""}, {""date"": ""2026-10-06"", ""country"": ""England"", ""league"": ""EFL Trophy South: Group D"", ""home"": ""Peterborough United"", ""away"": ""Ipswich Town U21"", ""kickoff"": ""2026-10-06 20:00"", ""sel"": ""BTTS"", ""label"": ""Both teams to score"", ""odds"": 1.7, ""p"": 0.6257, ""p_market"": 0.5393, ""edge_pp"": 8.6, ""result"": ""won"", ""score"": ""4-1""}]",2.98,0.4093,0.2588,won,2026-10-06,
A20261006-05,2026-10-06 02:50,auto 02:50,2026-10-07 02:50,3.00,3,"[{""date"": ""2026-10-06"", ""country"": ""Sweden"", ""league"": ""Svenska Cupen: Qualification"", ""home"": ""FC Trollhaettan"", ""away"": ""Mjaellby"", ""kickoff"": ""2026-10-06 17:00"", ""sel"": ""BTTS"", ""label"": ""Both teams to score"", ""odds"": 1.63, ""p"": 0.6639, ""p_market"": 0.5571, ""edge_pp"": 10.7, ""result"": ""lost"", ""score"": ""1-0""}, {""date"": ""2026-10-06"", ""country"": ""England"", ""league"": ""National League Cup: Group B"", ""home"": ""Hornchurch"", ""away"": ""Fulham U21"", ""kickoff"": ""2026-10-06 20:00"", ""sel"": ""U45"", ""label"": ""Under 4.5 goals"", ""odds"": 1.36, ""p"": 0.8003, ""p_market"": 0.6951, ""edge_pp"": 10.5, ""result"": null}, {""date"": ""2026-10-07"", ""country"": ""Brazil"", ""league"": ""Serie B"", ""home"": ""Ponte Preta"", ""away"": ""Juventude"", ""kickoff"": ""2026-10-07 02:35"", ""sel"": ""U35"", ""label"": ""Under 3.5 goals"", ""odds"": 1.35, ""p"": 0.8076, ""p_market"": 0.6966, ""edge_pp"": 11.1, ""result"": null}]",2.99,0.4291,0.2697,lost,2026-10-06,
A20261006-06,2026-10-06 05:10,auto 05:10,2026-10-07 05:10,3.00,3,"[{""date"": ""2026-10-06"", ""country"": ""Sweden"", ""league"": ""Svenska Cupen: Qualification"", ""home"": ""FC Trollhaettan"", ""away"": ""Mjaellby"", ""kickoff"": ""2026-10-06 17:00"", ""sel"": ""BTTS"", ""label"": ""Both teams to score"", ""odds"": 1.67, ""p"": 0.6638, ""p_market"": 0.545, ""edge_pp"": 11.9, ""result"": ""lost"", ""score"": ""1-0""}, {""date"": ""2026-10-06"", ""country"": ""England"", ""league"": ""National League Cup: Group B"", ""home"": ""Hornchurch"", ""away"": ""Fulham U21"", ""kickoff"": ""2026-10-06 20:00"", ""sel"": ""U45"", ""label"": ""Under 4.5 goals"", ""odds"": 1.36, ""p"": 0.8003, ""p_market"": 0.6951, ""edge_pp"": 10.5, ""result"": null}, {""date"": ""2026-10-06"", ""country"": ""England"", ""league"": ""National League: South"", ""home"": ""Braintree Town"", ""away"": ""Walton and Hersham"", ""kickoff"": ""2026-10-06 20:45"", ""sel"": ""U45"", ""label"": ""Under 4.5 goals"", ""odds"": 1.32, ""p"": 0.8052, ""p_market"": 0.708, ""edge_pp"": 9.7, ""result"": null}]",3.00,0.4278,0.2682,lost,2026-10-06,
A20261006-07,2026-10-06 05:10,auto 05:10,2026-10-07 05:10,3.00,3,"[{""date"": ""2026-10-06"", ""country"": ""England"", ""league"": ""EFL Trophy North: Group G"", ""home"": ""Fleetwood Town"", ""away"": ""Barnsley"", ""kickoff"": ""2026-10-06 20:00"", ""sel"": ""HO05"", ""label"": ""Fleetwood Town over 0.5 goals"", ""odds"": 1.31, ""p"": 0.8228, ""p_market"": 0.7095, ""edge_pp"": 11.3, ""result"": ""won"", ""score"": ""4-1""}, {""date"": ""2026-10-06"", ""country"": ""England"", ""league"": ""EFL Trophy South: Group D"", ""home"": ""Peterborough United"", ""away"": ""Ipswich Town U21"", ""kickoff"": ""2026-10-06 20:00"", ""sel"": ""BTTS"", ""label"": ""Both teams to score"", ""odds"": 1.7, ""p"": 0.6257, ""p_market"": 0.5393, ""edge_pp"": 8.6, ""result"": ""won"", ""score"": ""4-1""}, {""date"": ""2026-10-07"", ""country"": ""Brazil"", ""league"": ""Serie B"", ""home"": ""Ponte Preta"", ""away"": ""Juventude"", ""kickoff"": ""2026-10-07 02:35"", ""sel"": ""U35"", ""label"": ""Under 3.5 goals"", ""odds"": 1.35, ""p"": 0.8076, ""p_market"": 0.6966, ""edge_pp"": 11.1, ""result"": ""won"", ""score"": ""0-2""}]",3.01,0.4158,0.2666,won,2026-10-07,
A20261006-08,2026-10-06 05:43,auto 05:43,2026-10-07 05:43,3.00,3,"[{""date"": ""2026-10-06"", ""country"": ""UEFA Nations League"", ""league"": ""League C: Group 3"", ""home"": ""Kazakhstan"", ""away"": ""Faroe Islands"", ""kickoff"": ""2026-10-06 16:00"", ""sel"": ""O15"", ""label"": ""Over 1.5 goals"", ""odds"": 1.52, ""p"": 0.747, ""p_market"": 0.6355, ""edge_pp"": 11.1, ""result"": ""won"", ""score"": ""2-2""}, {""date"": ""2026-10-07"", ""country"": ""International Friendlies"", ""league"": ""Friendlies"", ""home"": ""USA"", ""away"": ""Canada"", ""kickoff"": ""2026-10-07 02:00"", ""sel"": ""U35"", ""label"": ""Under 3.5 goals"", ""odds"": 1.46, ""p"": 0.7176, ""p_market"": 0.6448, ""edge_pp"": 7.3, ""result"": ""won"", ""score"": ""1-0""}, {""date"": ""2026-10-07"", ""country"": ""Brazil"", ""league"": ""Serie B"", ""home"": ""Ponte Preta"", ""away"": ""Juventude"", ""kickoff"": ""2026-10-07 02:35"", ""sel"": ""U35"", ""label"": ""Under 3.5 goals"", ""odds"": 1.35, ""p"": 0.8076, ""p_market"": 0.6966, ""edge_pp"": 11.1, ""result"": ""won"", ""score"": ""0-2""}]",3.00,0.4329,0.2854,won,2026-10-07,
A20261006-09,2026-10-06 05:43,auto 05:43,2026-10-07 05:43,3.00,2,"[{""date"": ""2026-10-06"", ""country"": ""England"", ""league"": ""EFL Trophy North: Group C"", ""home"": ""Rotherham United"", ""away"": ""Bradford City"", ""kickoff"": ""2026-10-06 20:00"", ""sel"": ""U35"", ""label"": ""Under 3.5 goals"", ""odds"": 1.39, ""p"": 0.7113, ""p_market"": 0.6797, ""edge_pp"": 3.2, ""result"": ""lost"", ""score"": ""0-4""}, {""date"": ""2026-10-06"", ""country"": ""UEFA Nations League"", ""league"": ""League C: Group 3"", ""home"": ""Moldova"", ""away"": ""Slovakia"", ""kickoff"": ""2026-10-06 20:45"", ""sel"": ""BTTS"", ""label"": ""Both teams to score"", ""odds"": 2.15, ""p"": 0.5636, ""p_market"": 0.4444, ""edge_pp"": 11.9, ""result"": null}]",2.99,0.4009,0.3021,lost,2026-10-06,
A20261006-10,2026-10-06 06:10,auto 06:10,2026-10-07 06:10,3.00,3,"[{""date"": ""2026-10-06"", ""country"": ""UEFA Nations League"", ""league"": ""League C: Group 3"", ""home"": ""Kazakhstan"", ""away"": ""Faroe Islands"", ""kickoff"": ""2026-10-06 16:00"", ""sel"": ""O15"", ""label"": ""Over 1.5 goals"", ""odds"": 1.5, ""p"": 0.747, ""p_market"": 0.6429, ""edge_pp"": 10.4, ""result"": ""won"", ""score"": ""2-2""}, {""date"": ""2026-10-06"", ""country"": ""England"", ""league"": ""EFL Trophy South: Group A"", ""home"": ""Exeter City"", ""away"": ""Oxford United"", ""kickoff"": ""2026-10-06 20:00"", ""sel"": ""U35"", ""label"": ""Under 3.5 goals"", ""odds"": 1.47, ""p"": 0.7499, ""p_market"": 0.6388, ""edge_pp"": 11.1, ""result"": ""lost"", ""score"": ""2-2""}, {""date"": ""2026-10-06"", ""country"": ""England"", ""league"": ""National League Cup: Group B"", ""home"": ""Hornchurch"", ""away"": ""Fulham U21"", ""kickoff"": ""2026-10-06 20:00"", ""sel"": ""U45"", ""label"": ""Under 4.5 goals"", ""odds"": 1.36, ""p"": 0.8003, ""p_market"": 0.6951, ""edge_pp"": 10.5, ""result"": ""won"", ""score"": ""1-1""}]",3.00,0.4483,0.2854,lost,2026-10-06,
A20261006-11,2026-10-06 06:10,auto 06:10,2026-10-07 06:10,3.00,3,"[{""date"": ""2026-10-06"", ""country"": ""Argentina"", ""league"": ""Primera C"", ""home"": ""Leandro N. Alem"", ""away"": ""Centro Espanol"", ""kickoff"": ""2026-10-06 19:00"", ""sel"": ""NBTTS"", ""label"": ""Not both teams to score"", ""odds"": 1.63, ""p"": 0.5827, ""p_market"": 0.551, ""edge_pp"": 3.2, ""result"": ""lost"", ""score"": ""1-5""}, {""date"": ""2026-10-06"", ""country"": ""England"", ""league"": ""FA Cup: Qualification"", ""home"": ""Scarborough Athletic"", ""away"": ""Macclesfield FC"", ""kickoff"": ""2026-10-06 20:45"", ""sel"": ""O15"", ""label"": ""Over 1.5 goals"", ""odds"": 1.36, ""p"": 0.7884, ""p_market"": 0.6951, ""edge_pp"": 9.3, ""result"": null}, {""date"": ""2026-10-07"", ""country"": ""Brazil"", ""league"": ""Serie B"", ""home"": ""Ponte Preta"", ""away"": ""Juventude"", ""kickoff"": ""2026-10-07 02:35"", ""sel"": ""U35"", ""label"": ""Under 3.5 goals"", ""odds"": 1.35, ""p"": 0.8076, ""p_market"": 0.6966, ""edge_pp"": 11.1, ""result"": null}]",2.99,0.3710,0.2668,lost,2026-10-06,
A20261006-12,2026-10-06 06:42,auto 06:42,2026-10-07 06:42,3.00,2,"[{""date"": ""2026-10-06"", ""country"": ""England"", ""league"": ""Isthmian League Premier Division"", ""home"": ""Maldon & Tiptree"", ""away"": ""Welling United"", ""kickoff"": ""2026-10-06 20:45"", ""sel"": ""HO05"", ""label"": ""Maldon & Tiptree over 0.5 goals"", ""odds"": 1.42, ""p"": 0.7386, ""p_market"": 0.6423, ""edge_pp"": 9.6, ""result"": ""lost"", ""score"": ""0-1""}, {""date"": ""2026-10-06"", ""country"": ""UEFA Nations League"", ""league"": ""League C: Group 3"", ""home"": ""Moldova"", ""away"": ""Slovakia"", ""kickoff"": ""2026-10-06 20:45"", ""sel"": ""BTTS"", ""label"": ""Both teams to score"", ""odds"": 2.1, ""p"": 0.5636, ""p_market"": 0.4531, ""edge_pp"": 11.0, ""result"": ""lost"", ""score"": ""0-4""}]",2.98,0.4163,0.2911,lost,2026-10-06,
A20261006-13,2026-10-06 07:09,07:00,2026-10-07 07:09,3.00,3,"[{""date"": ""2026-10-06"", ""country"": ""England"", ""league"": ""EFL Trophy North: Group F"", ""home"": ""Grimsby Town"", ""away"": ""Burton Albion"", ""kickoff"": ""2026-10-06 20:00"", ""sel"": ""HO05"", ""label"": ""Grimsby Town over 0.5 goals"", ""odds"": 1.19, ""p"": 0.853, ""p_market"": 0.7792, ""edge_pp"": 7.4, ""result"": ""lost"", ""score"": ""0-0""}, {""date"": ""2026-10-06"", ""country"": ""England"", ""league"": ""EFL Trophy South: Group F"", ""home"": ""AFC Wimbledon"", ""away"": ""Barnet"", ""kickoff"": ""2026-10-06 20:00"", ""sel"": ""AO05"", ""label"": ""Barnet over 0.5 goals"", ""odds"": 1.2, ""p"": 0.8542, ""p_market"": 0.7736, ""edge_pp"": 8.1, ""result"": ""lost"", ""score"": ""0-0""}, {""date"": ""2026-10-06"", ""country"": ""UEFA Nations League"", ""league"": ""League C: Group 3"", ""home"": ""Moldova"", ""away"": ""Slovakia"", ""kickoff"": ""2026-10-06 20:45"", ""sel"": ""BTTS"", ""label"": ""Both teams to score"", ""odds"": 2.1, ""p"": 0.5636, ""p_market"": 0.4531, ""edge_pp"": 11.0, ""result"": null}]",3.00,0.4107,0.2731,lost,2026-10-06,
A20261006-14,2026-10-06 07:41,auto 07:41,2026-10-07 07:41,3.00,3,"[{""date"": ""2026-10-06"", ""country"": ""UEFA Nations League"", ""league"": ""League C: Group 3"", ""home"": ""Kazakhstan"", ""away"": ""Faroe Islands"", ""kickoff"": ""2026-10-06 16:00"", ""sel"": ""O15"", ""label"": ""Over 1.5 goals"", ""odds"": 1.51, ""p"": 0.747, ""p_market"": 0.637, ""edge_pp"": 11.0, ""result"": ""won"", ""score"": ""2-2""}, {""date"": ""2026-10-06"", ""country"": ""England"", ""league"": ""EFL Trophy South: Group A"", ""home"": ""Exeter City"", ""away"": ""Oxford United"", ""kickoff"": ""2026-10-06 20:00"", ""sel"": ""U35"", ""label"": ""Under 3.5 goals"", ""odds"": 1.47, ""p"": 0.7499, ""p_market"": 0.6388, ""edge_pp"": 11.1, ""result"": ""lost"", ""score"": ""2-2""}, {""date"": ""2026-10-06"", ""country"": ""England"", ""league"": ""National League: South"", ""home"": ""Braintree Town"", ""away"": ""Walton and Hersham"", ""kickoff"": ""2026-10-06 20:45"", ""sel"": ""U45"", ""label"": ""Under 4.5 goals"", ""odds"": 1.35, ""p"": 0.8052, ""p_market"": 0.6897, ""edge_pp"": 11.6, ""result"": null}]",3.00,0.4510,0.2806,lost,2026-10-06,
A20261006-15,2026-10-06 07:41,auto 07:41,2026-10-07 07:41,3.00,3,"[{""date"": ""2026-10-06"", ""country"": ""England"", ""league"": ""EFL Trophy North: Group C"", ""home"": ""Rotherham United"", ""away"": ""Bradford City"", ""kickoff"": ""2026-10-06 20:00"", ""sel"": ""U35"", ""label"": ""Under 3.5 goals"", ""odds"": 1.44, ""p"": 0.7113, ""p_market"": 0.6522, ""edge_pp"": 5.9, ""result"": ""lost"", ""score"": ""0-4""}, {""date"": ""2026-10-06"", ""country"": ""Paraguay"", ""league"": ""Division Intermedia"", ""home"": ""Club Dr Benjamin Aceval"", ""away"": ""Independiente CG"", ""kickoff"": ""2026-10-06 22:00"", ""sel"": ""U35"", ""label"": ""Under 3.5 goals"", ""odds"": 1.46, ""p"": 0.733, ""p_market"": 0.6266, ""edge_pp"": 10.6, ""result"": null}, {""date"": ""2026-10-07"", ""country"": ""Brazil"", ""league"": ""Serie B"", ""home"": ""Goias"", ""away"": ""Athletic Club"", ""kickoff"": ""2026-10-07 01:30"", ""sel"": ""O15"", ""label"": ""Over 1.5 goals"", ""odds"": 1.43, ""p"": 0.6865, ""p_market"": 0.6579, ""edge_pp"": 2.9, ""result"": null}]",3.01,0.3579,0.2688,lost,2026-10-06,
A20261006-16,2026-10-06 08:48,auto 08:48,2026-10-07 08:48,3.00,3,"[{""date"": ""2026-10-06"", ""country"": ""England"", ""league"": ""Isthmian League Premier Division"", ""home"": ""Maldon & Tiptree"", ""away"": ""Welling United"", ""kickoff"": ""2026-10-06 20:45"", ""sel"": ""HO05"", ""label"": ""Maldon & Tiptree over 0.5 goals"", ""odds"": 1.38, ""p"": 0.7386, ""p_market"": 0.6618, ""edge_pp"": 7.7, ""result"": ""lost"", ""score"": ""0-1""}, {""date"": ""2026-10-06"", ""country"": ""Paraguay"", ""league"": ""Division Intermedia"", ""home"": ""Club Dr Benjamin Aceval"", ""away"": ""Independiente CG"", ""kickoff"": ""2026-10-06 22:00"", ""sel"": ""U35"", ""label"": ""Under 3.5 goals"", ""odds"": 1.48, ""p"": 0.733, ""p_market"": 0.6186, ""edge_pp"": 11.4, ""result"": null}, {""date"": ""2026-10-07"", ""country"": ""Chile"", ""league"": ""Cup Final Stage"", ""home"": ""Colo Colo"", ""away"": ""Puerto Montt"", ""kickoff"": ""2026-10-07 01:30"", ""sel"": ""U35"", ""label"": ""Under 3.5 goals"", ""odds"": 1.47, ""p"": 0.6764, ""p_market"": 0.6343, ""edge_pp"": 4.2, ""result"": null}]",3.00,0.3662,0.2597,lost,2026-10-06,
A20261006-17,2026-10-06 08:48,auto 08:48,2026-10-07 08:48,3.00,3,"[{""date"": ""2026-10-06"", ""country"": ""England"", ""league"": ""EFL Trophy North: Group C"", ""home"": ""Rotherham United"", ""away"": ""Bradford City"", ""kickoff"": ""2026-10-06 20:00"", ""sel"": ""U35"", ""label"": ""Under 3.5 goals"", ""odds"": 1.44, ""p"": 0.7113, ""p_market"": 0.6522, ""edge_pp"": 5.9, ""result"": ""lost"", ""score"": ""0-4""}, {""date"": ""2026-10-07"", ""country"": ""Brazil"", ""league"": ""Serie B"", ""home"": ""Goias"", ""away"": ""Athletic Club"", ""kickoff"": ""2026-10-07 01:30"", ""sel"": ""O15"", ""label"": ""Over 1.5 goals"", ""odds"": 1.43, ""p"": 0.6865, ""p_market"": 0.6579, ""edge_pp"": 2.9, ""result"": null}, {""date"": ""2026-10-07"", ""country"": ""International Friendlies"", ""league"": ""Friendlies"", ""home"": ""USA"", ""away"": ""Canada"", ""kickoff"": ""2026-10-07 02:00"", ""sel"": ""U35"", ""label"": ""Under 3.5 goals"", ""odds"": 1.46, ""p"": 0.7176, ""p_market"": 0.6448, ""edge_pp"": 7.3, ""result"": null}]",3.01,0.3504,0.2766,lost,2026-10-06,
A20261006-18,2026-10-06 09:11,auto 09:11,2026-10-07 09:11,3.00,3,"[{""date"": ""2026-10-06"", ""country"": ""England"", ""league"": ""EFL Trophy North: Group H"", ""home"": ""Doncaster Rovers"", ""away"": ""Liverpool U21"", ""kickoff"": ""2026-10-06 20:00"", ""sel"": ""AO05"", ""label"": ""Liverpool U21 over 0.5 goals"", ""odds"": 1.32, ""p"": 0.8138, ""p_market"": 0.7014, ""edge_pp"": 11.2, ""result"": ""lost"", ""score"": ""1-0""}, {""date"": ""2026-10-06"", ""country"": ""England"", ""league"": ""EFL Trophy South: Group D"", ""home"": ""Peterborough United"", ""away"": ""Ipswich Town U21"", ""kickoff"": ""2026-10-06 20:00"", ""sel"": ""BTTS"", ""label"": ""Both teams to score"", ""odds"": 1.67, ""p"": 0.6257, ""p_market"": 0.5511, ""edge_pp"": 7.5, ""result"": ""won"", ""score"": ""4-1""}, {""date"": ""2026-10-07"", ""country"": ""Brazil"", ""league"": ""Serie B"", ""home"": ""Ponte Preta"", ""away"": ""Juventude"", ""kickoff"": ""2026-10-07 02:35"", ""sel"": ""U35"", ""label"": ""Under 3.5 goals"", ""odds"": 1.36, ""p"": 0.8076, ""p_market"": 0.6951, ""edge_pp"": 11.3, ""result"": null}]",3.00,0.4112,0.2686,lost,2026-10-06,
A20261006-19,2026-10-06 09:11,auto 09:11,2026-10-07 09:11,3.00,3,"[{""date"": ""2026-10-06"", ""country"": ""England"", ""league"": ""Isthmian League Premier Division"", ""home"": ""Maldon & Tiptree"", ""away"": ""Welling United"", ""kickoff"": ""2026-10-06 20:45"", ""sel"": ""HO05"", ""label"": ""Maldon & Tiptree over 0.5 goals"", ""odds"": 1.38, ""p"": 0.7386, ""p_market"": 0.6618, ""edge_pp"": 7.7, ""result"": ""lost"", ""score"": ""0-1""}, {""date"": ""2026-10-06"", ""country"": ""Paraguay"", ""league"": ""Division Intermedia"", ""home"": ""Club Dr Benjamin Aceval"", ""away"": ""Independiente CG"", ""kickoff"": ""2026-10-06 22:00"", ""sel"": ""U35"", ""label"": ""Under 3.5 goals"", ""odds"": 1.48, ""p"": 0.733, ""p_market"": 0.6186, ""edge_pp"": 11.4, ""result"": null}, {""date"": ""2026-10-07"", ""country"": ""International Friendlies"", ""league"": ""Friendlies"", ""home"": ""USA"", ""away"": ""Canada"", ""kickoff"": ""2026-10-07 02:00"", ""sel"": ""U35"", ""label"": ""Under 3.5 goals"", ""odds"": 1.46, ""p"": 0.7176, ""p_market"": 0.6448, ""edge_pp"": 7.3, ""result"": null}]",2.98,0.3885,0.2639,lost,2026-10-06,
A20261006-20,2026-10-06 09:42,auto 09:42,2026-10-07 09:42,3.00,3,"[{""date"": ""2026-10-06"", ""country"": ""UEFA Nations League"", ""league"": ""League C: Group 3"", ""home"": ""Kazakhstan"", ""away"": ""Faroe Islands"", ""kickoff"": ""2026-10-06 16:00"", ""sel"": ""O15"", ""label"": ""Over 1.5 goals"", ""odds"": 1.48, ""p"": 0.747, ""p_market"": 0.6501, ""edge_pp"": 9.7, ""result"": ""won"", ""score"": ""2-2""}, {""date"": ""2026-10-06"", ""country"": ""England"", ""league"": ""EFL Trophy South: Group A"", ""home"": ""Exeter City"", ""away"": ""Oxford United"", ""kickoff"": ""2026-10-06 20:00"", ""sel"": ""U35"", ""label"": ""Under 3.5 goals"", ""odds"": 1.47, ""p"": 0.7499, ""p_market"": 0.6388, ""edge_pp"": 11.1, ""result"": ""lost"", ""score"": ""2-2""}, {""date"": ""2026-10-06"", ""country"": ""England"", ""league"": ""Isthmian League Premier Division"", ""home"": ""Maldon & Tiptree"", ""away"": ""Welling United"", ""kickoff"": ""2026-10-06 20:45"", ""sel"": ""HO05"", ""label"": ""Maldon & Tiptree over 0.5 goals"", ""odds"": 1.38, ""p"": 0.7386, ""p_market"": 0.6618, ""edge_pp"": 7.7, ""result"": null}]",3.00,0.4137,0.2748,lost,2026-10-06,
A20261006-21,2026-10-06 09:42,auto 09:42,2026-10-07 09:42,3.00,3,"[{""date"": ""2026-10-06"", ""country"": ""England"", ""league"": ""EFL Trophy North: Group H"", ""home"": ""Doncaster Rovers"", ""away"": ""Liverpool U21"", ""kickoff"": ""2026-10-06 20:00"", ""sel"": ""AO05"", ""label"": ""Liverpool U21 over 0.5 goals"", ""odds"": 1.32, ""p"": 0.8138, ""p_market"": 0.7014, ""edge_pp"": 11.2, ""result"": ""lost"", ""score"": ""1-0""}, {""date"": ""2026-10-06"", ""country"": ""England"", ""league"": ""EFL Trophy South: Group D"", ""home"": ""Peterborough United"", ""away"": ""Ipswich Town U21"", ""kickoff"": ""2026-10-06 20:00"", ""sel"": ""BTTS"", ""label"": ""Both teams to score"", ""odds"": 1.67, ""p"": 0.6257, ""p_market"": 0.5511, ""edge_pp"": 7.5, ""result"": ""won"", ""score"": ""4-1""}, {""date"": ""2026-10-06"", ""country"": ""England"", ""league"": ""National League Cup: Group B"", ""home"": ""Hornchurch"", ""away"": ""Fulham U21"", ""kickoff"": ""2026-10-06 20:00"", ""sel"": ""U45"", ""label"": ""Under 4.5 goals"", ""odds"": 1.36, ""p"": 0.8003, ""p_market"": 0.6951, ""edge_pp"": 10.5, ""result"": ""won"", ""score"": ""1-1""}]",3.00,0.4075,0.2686,lost,2026-10-06,
A20261006-22,2026-10-06 09:42,auto 09:42,2026-10-07 09:42,3.00,3,"[{""date"": ""2026-10-06"", ""country"": ""England"", ""league"": ""FA Cup: Qualification"", ""home"": ""Spalding United"", ""away"": ""Bury Town"", ""kickoff"": ""2026-10-06 20:45"", ""sel"": ""O15"", ""label"": ""Over 1.5 goals"", ""odds"": 1.27, ""p"": 0.842, ""p_market"": 0.7445, ""edge_pp"": 9.8, ""result"": ""won"", ""score"": ""4-0""}, {""date"": ""2026-10-06"", ""country"": ""Paraguay"", ""league"": ""Division Intermedia"", ""home"": ""Club Dr Benjamin Aceval"", ""away"": ""Independiente CG"", ""kickoff"": ""2026-10-06 22:00"", ""sel"": ""U35"", ""label"": ""Under 3.5 goals"", ""odds"": 1.48, ""p"": 0.733, ""p_market"": 0.6186, ""edge_pp"": 11.4, ""result"": ""lost"", ""score"": ""2-3""}, {""date"": ""2026-10-07"", ""country"": ""Brazil"", ""league"": ""Serie B"", ""home"": ""Ponte Preta"", ""away"": ""Juventude"", ""kickoff"": ""2026-10-07 02:35"", ""sel"": ""NBTTS"", ""label"": ""Not both teams to score"", ""odds"": 1.6, ""p"": 0.6355, ""p_market"": 0.5789, ""edge_pp"": 5.7, ""result"": null}]",3.01,0.3922,0.2666,lost,2026-10-07,
A20261006-23,2026-10-06 10:10,auto 10:10,2026-10-07 10:10,3.00,3,"[{""date"": ""2026-10-06"", ""country"": ""UEFA Nations League"", ""league"": ""League C: Group 3"", ""home"": ""Kazakhstan"", ""away"": ""Faroe Islands"", ""kickoff"": ""2026-10-06 16:00"", ""sel"": ""O15"", ""label"": ""Over 1.5 goals"", ""odds"": 1.48, ""p"": 0.747, ""p_market"": 0.6501, ""edge_pp"": 9.7, ""result"": ""won"", ""score"": ""2-2""}, {""date"": ""2026-10-06"", ""country"": ""England"", ""league"": ""National League: South"", ""home"": ""Braintree Town"", ""away"": ""Walton and Hersham"", ""kickoff"": ""2026-10-06 20:45"", ""sel"": ""U45"", ""label"": ""Under 4.5 goals"", ""odds"": 1.35, ""p"": 0.8052, ""p_market"": 0.6897, ""edge_pp"": 11.6, ""result"": ""won"", ""score"": ""1-3""}, {""date"": ""2026-10-07"", ""country"": ""Paraguay"", ""league"": ""Division Profesional: Clausura"", ""home"": ""Olimpia"", ""away"": ""Nacional Asuncion"", ""kickoff"": ""2026-10-07 00:15"", ""sel"": ""AO05"", ""label"": ""Nacional Asuncion over 0.5 goals"", ""odds"": 1.5, ""p"": 0.7231, ""p_market"": 0.6154, ""edge_pp"": 10.8, ""result"": ""won"", ""score"": ""1-1""}]",3.00,0.4349,0.2759,won,2026-10-07,
A20261006-24,2026-10-06 10:10,auto 10:10,2026-10-07 10:10,3.00,3,"[{""date"": ""2026-10-06"", ""country"": ""Sweden"", ""league"": ""Svenska Cupen: Qualification"", ""home"": ""FC Trollhaettan"", ""away"": ""Mjaellby"", ""kickoff"": ""2026-10-06 17:00"", ""sel"": ""BTTS"", ""label"": ""Both teams to score"", ""odds"": 1.66, ""p"": 0.6638, ""p_market"": 0.5464, ""edge_pp"": 11.7, ""result"": ""lost"", ""score"": ""1-0""}, {""date"": ""2026-10-06"", ""country"": ""England"", ""league"": ""EFL Trophy North: Group H"", ""home"": ""Doncaster Rovers"", ""away"": ""Liverpool U21"", ""kickoff"": ""2026-10-06 20:00"", ""sel"": ""AO05"", ""label"": ""Liverpool U21 over 0.5 goals"", ""odds"": 1.32, ""p"": 0.8138, ""p_market"": 0.7014, ""edge_pp"": 11.2, ""result"": null}, {""date"": ""2026-10-06"", ""country"": ""England"", ""league"": ""National League Cup: Group B"", ""home"": ""Hornchurch"", ""away"": ""Fulham U21"", ""kickoff"": ""2026-10-06 20:00"", ""sel"": ""U45"", ""label"": ""Under 4.5 goals"", ""odds"": 1.36, ""p"": 0.8003, ""p_market"": 0.6951, ""edge_pp"": 10.5, ""result"": null}]",2.98,0.4324,0.2664,lost,2026-10-06,
A20261006-25,2026-10-06 10:10,auto 10:10,2026-10-07 10:10,3.00,3,"[{""date"": ""2026-10-06"", ""country"": ""England"", ""league"": ""EFL Trophy South: Group A"", ""home"": ""Exeter City"", ""away"": ""Oxford United"", ""kickoff"": ""2026-10-06 20:00"", ""sel"": ""U35"", ""label"": ""Under 3.5 goals"", ""odds"": 1.47, ""p"": 0.7499, ""p_market"": 0.6388, ""edge_pp"": 11.1, ""result"": ""lost"", ""score"": ""2-2""}, {""date"": ""2026-10-06"", ""country"": ""England"", ""league"": ""Isthmian League Premier Division"", ""home"": ""Maldon & Tiptree"", ""away"": ""Welling United"", ""kickoff"": ""2026-10-06 20:45"", ""sel"": ""HO05"", ""label"": ""Maldon & Tiptree over 0.5 goals"", ""odds"": 1.38, ""p"": 0.7386, ""p_market"": 0.6618, ""edge_pp"": 7.7, ""result"": null}, {""date"": ""2026-10-06"", ""country"": ""Paraguay"", ""league"": ""Division Intermedia"", ""home"": ""Club Dr Benjamin Aceval"", ""away"": ""Independiente CG"", ""kickoff"": ""2026-10-06 22:00"", ""sel"": ""U35"", ""label"": ""Under 3.5 goals"", ""odds"": 1.48, ""p"": 0.733, ""p_market"": 0.6186, ""edge_pp"": 11.4, ""result"": null}]",3.00,0.4060,0.2615,lost,2026-10-06,
A20261006-26,2026-10-06 10:42,auto 10:42,2026-10-07 10:42,3.00,3,"[{""date"": ""2026-10-06"", ""country"": ""Norway"", ""league"": ""3. Division: Group 5"", ""home"": ""Skjetten"", ""away"": ""Kongsvinger 2"", ""kickoff"": ""2026-10-06 18:00"", ""sel"": ""H"", ""label"": ""Skjetten to win"", ""odds"": 1.44, ""p"": 0.7555, ""p_market"": 0.6645, ""edge_pp"": 9.1, ""result"": ""lost"", ""score"": ""3-4""}, {""date"": ""2026-10-06"", ""country"": ""England"", ""league"": ""EFL Trophy South: Group D"", ""home"": ""Peterborough United"", ""away"": ""Ipswich Town U21"", ""kickoff"": ""2026-10-06 20:00"", ""sel"": ""BTTS"", ""label"": ""Both teams to score"", ""odds"": 1.65, ""p"": 0.6257, ""p_market"": 0.5541, ""edge_pp"": 7.2, ""result"": null}, {""date"": ""2026-10-06"", ""country"": ""England"", ""league"": ""FA Cup: Qualification"", ""home"": ""Spalding United"", ""away"": ""Bury Town"", ""kickoff"": ""2026-10-06 20:45"", ""sel"": ""O15"", ""label"": ""Over 1.5 goals"", ""odds"": 1.27, ""p"": 0.842, ""p_market"": 0.7445, ""edge_pp"": 9.8, ""result"": null}]",3.02,0.3980,0.2741,lost,2026-10-06,
A20261006-27,2026-10-06 11:10,auto 11:10,2026-10-07 11:10,3.00,3,"[{""date"": ""2026-10-06"", ""country"": ""Norway"", ""league"": ""3. Division: Group 5"", ""home"": ""Skjetten"", ""away"": ""Kongsvinger 2"", ""kickoff"": ""2026-10-06 18:00"", ""sel"": ""H"", ""label"": ""Skjetten to win"", ""odds"": 1.44, ""p"": 0.7555, ""p_market"": 0.6645, ""edge_pp"": 9.1, ""result"": ""lost"", ""score"": ""3-4""}, {""date"": ""2026-10-06"", ""country"": ""England"", ""league"": ""Isthmian League: North Division"", ""home"": ""Buckhurst Hill"", ""away"": ""Tilbury"", ""kickoff"": ""2026-10-06 20:45"", ""sel"": ""1X"", ""label"": ""Buckhurst Hill or draw"", ""odds"": 1.3, ""p"": 0.8146, ""p_market"": 0.7125, ""edge_pp"": 10.2, ""result"": null}, {""date"": ""2026-10-07"", ""country"": ""Brazil"", ""league"": ""Serie B"", ""home"": ""Ponte Preta"", ""away"": ""Juventude"", ""kickoff"": ""2026-10-07 02:35"", ""sel"": ""NBTTS"", ""label"": ""Not both teams to score"", ""odds"": 1.6, ""p"": 0.6355, ""p_market"": 0.5789, ""edge_pp"": 5.7, ""result"": null}]",3.00,0.3911,0.2741,lost,2026-10-06,
A20261006-28,2026-10-06 11:42,auto 11:42,2026-10-07 11:42,3.00,3,"[{""date"": ""2026-10-06"", ""country"": ""UEFA Nations League"", ""league"": ""League C: Group 3"", ""home"": ""Kazakhstan"", ""away"": ""Faroe Islands"", ""kickoff"": ""2026-10-06 16:00"", ""sel"": ""AO05"", ""label"": ""Faroe Islands over 0.5 goals"", ""odds"": 1.54, ""p"": 0.7382, ""p_market"": 0.6188, ""edge_pp"": 11.9, ""result"": ""won"", ""score"": ""2-2""}, {""date"": ""2026-10-06"", ""country"": ""England"", ""league"": ""EFL Trophy North: Group H"", ""home"": ""Doncaster Rovers"", ""away"": ""Liverpool U21"", ""kickoff"": ""2026-10-06 20:00"", ""sel"": ""AO05"", ""label"": ""Liverpool U21 over 0.5 goals"", ""odds"": 1.32, ""p"": 0.8138, ""p_market"": 0.7014, ""edge_pp"": 11.2, ""result"": ""lost"", ""score"": ""1-0""}, {""date"": ""2026-10-06"", ""country"": ""England"", ""league"": ""EFL Trophy South: Group A"", ""home"": ""Exeter City"", ""away"": ""Oxford United"", ""kickoff"": ""2026-10-06 20:00"", ""sel"": ""U35"", ""label"": ""Under 3.5 goals"", ""odds"": 1.47, ""p"": 0.7499, ""p_market"": 0.6388, ""edge_pp"": 11.1, ""result"": ""lost"", ""score"": ""2-2""}]",2.99,0.4505,0.2773,lost,2026-10-06,
A20261006-29,2026-10-06 11:42,auto 11:42,2026-10-07 11:42,3.00,3,"[{""date"": ""2026-10-06"", ""country"": ""UEFA Nations League"", ""league"": ""League C: Group 1"", ""home"": ""Albania"", ""away"": ""San Marino"", ""kickoff"": ""2026-10-06 20:45"", ""sel"": ""U55"", ""label"": ""Under 5.5 goals"", ""odds"": 1.28, ""p"": 0.8462, ""p_market"": 0.748, ""edge_pp"": 9.8, ""result"": ""won"", ""score"": ""2-1""}, {""date"": ""2026-10-06"", ""country"": ""Paraguay"", ""league"": ""Division Intermedia"", ""home"": ""Club Dr Benjamin Aceval"", ""away"": ""Independiente CG"", ""kickoff"": ""2026-10-06 22:00"", ""sel"": ""U35"", ""label"": ""Under 3.5 goals"", ""odds"": 1.46, ""p"": 0.733, ""p_market"": 0.6313, ""edge_pp"": 10.2, ""result"": ""lost"", ""score"": ""2-3""}, {""date"": ""2026-10-07"", ""country"": ""Brazil"", ""league"": ""Serie B"", ""home"": ""Ponte Preta"", ""away"": ""Juventude"", ""kickoff"": ""2026-10-07 02:35"", ""sel"": ""NBTTS"", ""label"": ""Not both teams to score"", ""odds"": 1.6, ""p"": 0.6355, ""p_market"": 0.5789, ""edge_pp"": 5.7, ""result"": null}]",2.99,0.3942,0.2734,lost,2026-10-07,
A20261006-30,2026-10-06 11:42,auto 11:42,2026-10-07 11:42,3.00,3,"[{""date"": ""2026-10-06"", ""country"": ""England"", ""league"": ""Isthmian League Premier Division"", ""home"": ""Maldon & Tiptree"", ""away"": ""Welling United"", ""kickoff"": ""2026-10-06 20:45"", ""sel"": ""HO05"", ""label"": ""Maldon & Tiptree over 0.5 goals"", ""odds"": 1.38, ""p"": 0.7386, ""p_market"": 0.6618, ""edge_pp"": 7.7, ""result"": ""lost"", ""score"": ""0-1""}, {""date"": ""2026-10-07"", ""country"": ""Paraguay"", ""league"": ""Division Profesional: Clausura"", ""home"": ""Olimpia"", ""away"": ""Nacional Asuncion"", ""kickoff"": ""2026-10-07 00:15"", ""sel"": ""AO05"", ""label"": ""Nacional Asuncion over 0.5 goals"", ""odds"": 1.5, ""p"": 0.7231, ""p_market"": 0.6154, ""edge_pp"": 10.8, ""result"": null}, {""date"": ""2026-10-07"", ""country"": ""Brazil"", ""league"": ""Serie B"", ""home"": ""Goias"", ""away"": ""Athletic Club"", ""kickoff"": ""2026-10-07 01:30"", ""sel"": ""O15"", ""label"": ""Over 1.5 goals"", ""odds"": 1.44, ""p"": 0.6865, ""p_market"": 0.6522, ""edge_pp"": 3.4, ""result"": null}]",2.98,0.3666,0.2656,lost,2026-10-06,
A20261006-31,2026-10-06 12:13,12:00,2026-10-07 12:13,3.00,3,"[{""date"": ""2026-10-06"", ""country"": ""Norway"", ""league"": ""3. Division: Group 5"", ""home"": ""Skjetten"", ""away"": ""Kongsvinger 2"", ""kickoff"": ""2026-10-06 18:00"", ""sel"": ""H"", ""label"": ""Skjetten to win"", ""odds"": 1.46, ""p"": 0.7555, ""p_market"": 0.6552, ""edge_pp"": 10.0, ""result"": ""lost"", ""score"": ""3-4""}, {""date"": ""2026-10-06"", ""country"": ""UEFA Nations League"", ""league"": ""League C: Group 1"", ""home"": ""Albania"", ""away"": ""San Marino"", ""kickoff"": ""2026-10-06 20:45"", ""sel"": ""U55"", ""label"": ""Under 5.5 goals"", ""odds"": 1.28, ""p"": 0.8462, ""p_market"": 0.748, ""edge_pp"": 9.8, ""result"": null}, {""date"": ""2026-10-07"", ""country"": ""Brazil"", ""league"": ""Serie B"", ""home"": ""Ponte Preta"", ""away"": ""Juventude"", ""kickoff"": ""2026-10-07 02:35"", ""sel"": ""NBTTS"", ""label"": ""Not both teams to score"", ""odds"": 1.6, ""p"": 0.6355, ""p_market"": 0.5789, ""edge_pp"": 5.7, ""result"": null}]",2.99,0.4063,0.2837,lost,2026-10-06,
A20261006-32,2026-10-06 12:42,auto 12:42,2026-10-07 12:42,3.00,3,"[{""date"": ""2026-10-06"", ""country"": ""England"", ""league"": ""EFL Trophy North: Group H"", ""home"": ""Huddersfield Town"", ""away"": ""Rochdale"", ""kickoff"": ""2026-10-06 20:00"", ""sel"": ""U45"", ""label"": ""Under 4.5 goals"", ""odds"": 1.31, ""p"": 0.829, ""p_market"": 0.7219, ""edge_pp"": 10.7, ""result"": ""lost"", ""score"": ""5-0""}, {""date"": ""2026-10-06"", ""country"": ""Paraguay"", ""league"": ""Division Intermedia"", ""home"": ""Club Dr Benjamin Aceval"", ""away"": ""Independiente CG"", ""kickoff"": ""2026-10-06 22:00"", ""sel"": ""U35"", ""label"": ""Under 3.5 goals"", ""odds"": 1.46, ""p"": 0.733, ""p_market"": 0.6313, ""edge_pp"": 10.2, ""result"": null}, {""date"": ""2026-10-07"", ""country"": ""Brazil"", ""league"": ""Serie B"", ""home"": ""Ponte Preta"", ""away"": ""Juventude"", ""kickoff"": ""2026-10-07 02:35"", ""sel"": ""NBTTS"", ""label"": ""Not both teams to score"", ""odds"": 1.57, ""p"": 0.6355, ""p_market"": 0.589, ""edge_pp"": 4.6, ""result"": null}]",3.00,0.3861,0.2684,lost,2026-10-06,
A20261006-33,2026-10-06 13:11,auto 13:11,2026-10-07 13:11,3.00,3,"[{""date"": ""2026-10-06"", ""country"": ""England"", ""league"": ""Isthmian League Premier Division"", ""home"": ""Maldon & Tiptree"", ""away"": ""Welling United"", ""kickoff"": ""2026-10-06 20:45"", ""sel"": ""HO05"", ""label"": ""Maldon & Tiptree over 0.5 goals"", ""odds"": 1.38, ""p"": 0.7386, ""p_market"": 0.6618, ""edge_pp"": 7.7, ""result"": ""lost"", ""score"": ""0-1""}, {""date"": ""2026-10-06"", ""country"": ""Paraguay"", ""league"": ""Division Intermedia"", ""home"": ""Club Dr Benjamin Aceval"", ""away"": ""Independiente CG"", ""kickoff"": ""2026-10-06 22:00"", ""sel"": ""U35"", ""label"": ""Under 3.5 goals"", ""odds"": 1.46, ""p"": 0.733, ""p_market"": 0.6266, ""edge_pp"": 10.6, ""result"": null}, {""date"": ""2026-10-07"", ""country"": ""Paraguay"", ""league"": ""Division Profesional: Clausura"", ""home"": ""Olimpia"", ""away"": ""Nacional Asuncion"", ""kickoff"": ""2026-10-07 00:15"", ""sel"": ""AO05"", ""label"": ""Nacional Asuncion over 0.5 goals"", ""odds"": 1.49, ""p"": 0.7231, ""p_market"": 0.6218, ""edge_pp"": 10.1, ""result"": null}]",3.00,0.3915,0.2578,lost,2026-10-06,
A20261006-34,2026-10-06 13:11,auto 13:11,2026-10-07 13:11,3.00,3,"[{""date"": ""2026-10-06"", ""country"": ""England"", ""league"": ""National League Cup: Group B"", ""home"": ""Hornchurch"", ""away"": ""Fulham U21"", ""kickoff"": ""2026-10-06 20:00"", ""sel"": ""U45"", ""label"": ""Under 4.5 goals"", ""odds"": 1.36, ""p"": 0.8004, ""p_market"": 0.6951, ""edge_pp"": 10.5, ""result"": null, ""score"": ""1-1""}, {""date"": ""2026-10-06"", ""country"": ""England"", ""league"": ""National League Cup: Group C"", ""home"": ""Solihull Moors"", ""away"": ""Newcastle United U21"", ""kickoff"": ""2026-10-06 20:00"", ""sel"": ""U45"", ""label"": ""Under 4.5 goals"", ""odds"": 1.38, ""p"": 0.7223, ""p_market"": 0.6849, ""edge_pp"": 3.7, ""result"": ""won"", ""score"": ""2-1""}, {""date"": ""2026-10-07"", ""country"": ""Brazil"", ""league"": ""Serie B"", ""home"": ""Ponte Preta"", ""away"": ""Juventude"", ""kickoff"": ""2026-10-07 02:35"", ""sel"": ""NBTTS"", ""label"": ""Not both teams to score"", ""odds"": 1.59, ""p"": 0.6355, ""p_market"": 0.5805, ""edge_pp"": 5.5, ""result"": ""won"", ""score"": ""0-2""}]",2.98,0.3674,0.2763,pending,,
A20261006-35,2026-10-06 13:42,auto 13:42,2026-10-07 13:42,3.00,3,"[{""date"": ""2026-10-06"", ""country"": ""UEFA Nations League"", ""league"": ""League C: Group 3"", ""home"": ""Kazakhstan"", ""away"": ""Faroe Islands"", ""kickoff"": ""2026-10-06 16:00"", ""sel"": ""AO05"", ""label"": ""Faroe Islands over 0.5 goals"", ""odds"": 1.53, ""p"": 0.7382, ""p_market"": 0.6203, ""edge_pp"": 11.8, ""result"": ""won"", ""score"": ""2-2""}, {""date"": ""2026-10-07"", ""country"": ""Paraguay"", ""league"": ""Division Profesional: Clausura"", ""home"": ""Olimpia"", ""away"": ""Nacional Asuncion"", ""kickoff"": ""2026-10-07 00:15"", ""sel"": ""AO05"", ""label"": ""Nacional Asuncion over 0.5 goals"", ""odds"": 1.49, ""p"": 0.7231, ""p_market"": 0.6218, ""edge_pp"": 10.1, ""result"": ""won"", ""score"": ""1-1""}, {""date"": ""2026-10-07"", ""country"": ""Japan"", ""league"": ""Emperor's Cup"", ""home"": ""Sanfrecce Hiroshima"", ""away"": ""Iwaki FC"", ""kickoff"": ""2026-10-07 11:30"", ""sel"": ""H"", ""label"": ""Sanfrecce Hiroshima to win"", ""odds"": 1.31, ""p"": 0.8565, ""p_market"": 0.7439, ""edge_pp"": 11.3, ""result"": ""won"", ""score"": ""4-0""}]",2.99,0.4572,0.2870,won,2026-10-07,
A20261006-36,2026-10-06 13:42,auto 13:42,2026-10-07 13:42,3.00,3,"[{""date"": ""2026-10-06"", ""country"": ""England"", ""league"": ""EFL Trophy South: Group A"", ""home"": ""Exeter City"", ""away"": ""Oxford United"", ""kickoff"": ""2026-10-06 20:00"", ""sel"": ""U35"", ""label"": ""Under 3.5 goals"", ""odds"": 1.47, ""p"": 0.7499, ""p_market"": 0.6388, ""edge_pp"": 11.1, ""result"": ""lost"", ""score"": ""2-2""}, {""date"": ""2026-10-07"", ""country"": ""Brazil"", ""league"": ""Serie B"", ""home"": ""Ponte Preta"", ""away"": ""Juventude"", ""kickoff"": ""2026-10-07 02:35"", ""sel"": ""NBTTS"", ""label"": ""Not both teams to score"", ""odds"": 1.59, ""p"": 0.6355, ""p_market"": 0.5805, ""edge_pp"": 5.5, ""result"": null}, {""date"": ""2026-10-07"", ""country"": ""Japan"", ""league"": ""Emperor's Cup"", ""home"": ""Cerezo Osaka"", ""away"": ""Kagoshima United"", ""kickoff"": ""2026-10-07 11:30"", ""sel"": ""O15"", ""label"": ""Over 1.5 goals"", ""odds"": 1.29, ""p"": 0.8219, ""p_market"": 0.7307, ""edge_pp"": 9.1, ""result"": null}]",3.02,0.3917,0.2710,lost,2026-10-06,
A20261006-37,2026-10-06 14:11,auto 14:11,2026-10-07 14:11,3.00,3,"[{""date"": ""2026-10-06"", ""country"": ""England"", ""league"": ""EFL Trophy North: Group H"", ""home"": ""Huddersfield Town"", ""away"": ""Rochdale"", ""kickoff"": ""2026-10-06 20:00"", ""sel"": ""U45"", ""label"": ""Under 4.5 goals"", ""odds"": 1.31, ""p"": 0.8289, ""p_market"": 0.7219, ""edge_pp"": 10.7, ""result"": ""lost"", ""score"": ""5-0""}, {""date"": ""2026-10-06"", ""country"": ""England"", ""league"": ""Isthmian League: North Division"", ""home"": ""Buckhurst Hill"", ""away"": ""Tilbury"", ""kickoff"": ""2026-10-06 20:45"", ""sel"": ""1X"", ""label"": ""Buckhurst Hill or draw"", ""odds"": 1.3, ""p"": 0.8146, ""p_market"": 0.7125, ""edge_pp"": 10.2, ""result"": null}, {""date"": ""2026-10-07"", ""country"": ""Japan"", ""league"": ""Emperor's Cup"", ""home"": ""Kawasaki Frontale"", ""away"": ""Tegevajaro Miyazaki"", ""kickoff"": ""2026-10-07 12:00"", ""sel"": ""H"", ""label"": ""Kawasaki Frontale to win"", ""odds"": 1.76, ""p"": 0.6315, ""p_market"": 0.5464, ""edge_pp"": 8.5, ""result"": null}]",3.00,0.4265,0.2810,lost,2026-10-06,
A20261006-38,2026-10-06 14:11,auto 14:11,2026-10-07 14:11,3.00,3,"[{""date"": ""2026-10-06"", ""country"": ""Paraguay"", ""league"": ""Division Intermedia"", ""home"": ""Club Dr Benjamin Aceval"", ""away"": ""Independiente CG"", ""kickoff"": ""2026-10-06 22:00"", ""sel"": ""U35"", ""label"": ""Under 3.5 goals"", ""odds"": 1.46, ""p"": 0.733, ""p_market"": 0.6266, ""edge_pp"": 10.6, ""result"": ""lost"", ""score"": ""2-3""}, {""date"": ""2026-10-07"", ""country"": ""Brazil"", ""league"": ""Serie B"", ""home"": ""Ponte Preta"", ""away"": ""Juventude"", ""kickoff"": ""2026-10-07 02:35"", ""sel"": ""NBTTS"", ""label"": ""Not both teams to score"", ""odds"": 1.59, ""p"": 0.6355, ""p_market"": 0.5805, ""edge_pp"": 5.5, ""result"": null}, {""date"": ""2026-10-07"", ""country"": ""Japan"", ""league"": ""Emperor's Cup"", ""home"": ""Sanfrecce Hiroshima"", ""away"": ""Iwaki FC"", ""kickoff"": ""2026-10-07 11:30"", ""sel"": ""H"", ""label"": ""Sanfrecce Hiroshima to win"", ""odds"": 1.29, ""p"": 0.8565, ""p_market"": 0.7558, ""edge_pp"": 10.1, ""result"": null}]",2.99,0.3990,0.2749,lost,2026-10-07,
A20261006-39,2026-10-06 14:47,auto 14:47,2026-10-07 14:47,3.00,3,"[{""date"": ""2026-10-06"", ""country"": ""England"", ""league"": ""National League: South"", ""home"": ""Braintree Town"", ""away"": ""Walton and Hersham"", ""kickoff"": ""2026-10-06 20:45"", ""sel"": ""U45"", ""label"": ""Under 4.5 goals"", ""odds"": 1.33, ""p"": 0.8052, ""p_market"": 0.7064, ""edge_pp"": 9.9, ""result"": ""won"", ""score"": ""1-3""}, {""date"": ""2026-10-07"", ""country"": ""Japan"", ""league"": ""Emperor's Cup"", ""home"": ""Sanfrecce Hiroshima"", ""away"": ""Iwaki FC"", ""kickoff"": ""2026-10-07 11:30"", ""sel"": ""H"", ""label"": ""Sanfrecce Hiroshima to win"", ""odds"": 1.29, ""p"": 0.8565, ""p_market"": 0.7558, ""edge_pp"": 10.1, ""result"": ""won"", ""score"": ""4-0""}, {""date"": ""2026-10-07"", ""country"": ""Japan"", ""league"": ""Emperor's Cup"", ""home"": ""Kawasaki Frontale"", ""away"": ""Tegevajaro Miyazaki"", ""kickoff"": ""2026-10-07 12:00"", ""sel"": ""H"", ""label"": ""Kawasaki Frontale to win"", ""odds"": 1.74, ""p"": 0.6315, ""p_market"": 0.553, ""edge_pp"": 7.9, ""result"": ""won"", ""score"": ""2-0""}]",2.99,0.4356,0.2952,won,2026-10-07,
A20261006-40,2026-10-06 14:47,auto 14:47,2026-10-07 14:47,3.00,3,"[{""date"": ""2026-10-06"", ""country"": ""UEFA Nations League"", ""league"": ""League C: Group 3"", ""home"": ""Kazakhstan"", ""away"": ""Faroe Islands"", ""kickoff"": ""2026-10-06 16:00"", ""sel"": ""AO05"", ""label"": ""Faroe Islands over 0.5 goals"", ""odds"": 1.51, ""p"": 0.7382, ""p_market"": 0.6281, ""edge_pp"": 11.0, ""result"": ""won"", ""score"": ""2-2""}, {""date"": ""2026-10-06"", ""country"": ""England"", ""league"": ""National League Cup: Group B"", ""home"": ""Hornchurch"", ""away"": ""Fulham U21"", ""kickoff"": ""2026-10-06 20:00"", ""sel"": ""U45"", ""label"": ""Under 4.5 goals"", ""odds"": 1.36, ""p"": 0.8003, ""p_market"": 0.6951, ""edge_pp"": 10.5, ""result"": null, ""score"": ""1-1""}, {""date"": ""2026-10-06"", ""country"": ""Paraguay"", ""league"": ""Division Intermedia"", ""home"": ""Club Dr Benjamin Aceval"", ""away"": ""Independiente CG"", ""kickoff"": ""2026-10-06 22:00"", ""sel"": ""U35"", ""label"": ""Under 3.5 goals"", ""odds"": 1.46, ""p"": 0.733, ""p_market"": 0.6266, ""edge_pp"": 10.6, ""result"": ""lost"", ""score"": ""2-3""}]",3.00,0.4331,0.2735,lost,2026-10-07,
A20261006-41,2026-10-06 14:47,auto 14:47,2026-10-07 14:47,3.00,3,"[{""date"": ""2026-10-07"", ""country"": ""Paraguay"", ""league"": ""Division Profesional: Clausura"", ""home"": ""Olimpia"", ""away"": ""Nacional Asuncion"", ""kickoff"": ""2026-10-07 00:15"", ""sel"": ""AO05"", ""label"": ""Nacional Asuncion over 0.5 goals"", ""odds"": 1.49, ""p"": 0.7231, ""p_market"": 0.6218, ""edge_pp"": 10.1, ""result"": ""won"", ""score"": ""1-1""}, {""date"": ""2026-10-07"", ""country"": ""Brazil"", ""league"": ""Serie B"", ""home"": ""Ponte Preta"", ""away"": ""Juventude"", ""kickoff"": ""2026-10-07 02:35"", ""sel"": ""NBTTS"", ""label"": ""Not both teams to score"", ""odds"": 1.59, ""p"": 0.6355, ""p_market"": 0.5805, ""edge_pp"": 5.5, ""result"": ""won"", ""score"": ""0-2""}, {""date"": ""2026-10-07"", ""country"": ""Japan"", ""league"": ""Emperor's Cup"", ""home"": ""Urawa Red Diamonds"", ""away"": ""Omiya Ardija"", ""kickoff"": ""2026-10-07 11:00"", ""sel"": ""O15"", ""label"": ""Over 1.5 goals"", ""odds"": 1.26, ""p"": 0.8538, ""p_market"": 0.751, ""edge_pp"": 10.3, ""result"": ""won"", ""score"": ""3-2""}]",2.99,0.3923,0.2711,won,2026-10-07,
A20261006-42,2026-10-06 15:11,auto 15:11,2026-10-07 15:11,3.00,3,"[{""date"": ""2026-10-07"", ""country"": ""Japan"", ""league"": ""Emperor's Cup"", ""home"": ""Sanfrecce Hiroshima"", ""away"": ""Iwaki FC"", ""kickoff"": ""2026-10-07 11:30"", ""sel"": ""H"", ""label"": ""Sanfrecce Hiroshima to win"", ""odds"": 1.3, ""p"": 0.8565, ""p_market"": 0.7494, ""edge_pp"": 10.7, ""result"": ""won"", ""score"": ""4-0""}, {""date"": ""2026-10-07"", ""country"": ""Japan"", ""league"": ""Emperor's Cup"", ""home"": ""Kawasaki Frontale"", ""away"": ""Tegevajaro Miyazaki"", ""kickoff"": ""2026-10-07 12:00"", ""sel"": ""H"", ""label"": ""Kawasaki Frontale to win"", ""odds"": 1.74, ""p"": 0.6315, ""p_market"": 0.553, ""edge_pp"": 7.9, ""result"": ""won"", ""score"": ""2-0""}, {""date"": ""2026-10-07"", ""country"": ""Japan"", ""league"": ""Emperor's Cup"", ""home"": ""Shimizu S-Pulse"", ""away"": ""V-Varen Nagasaki"", ""kickoff"": ""2026-10-07 12:00"", ""sel"": ""1X"", ""label"": ""Shimizu S-Pulse or draw"", ""odds"": 1.32, ""p"": 0.8296, ""p_market"": 0.71, ""edge_pp"": 12.0, ""result"": ""won"", ""score"": ""2-1""}]",2.99,0.4487,0.2942,won,2026-10-07,
A20261006-43,2026-10-06 15:11,auto 15:11,2026-10-07 15:11,3.00,3,"[{""date"": ""2026-10-06"", ""country"": ""England"", ""league"": ""EFL Trophy South: Group A"", ""home"": ""Exeter City"", ""away"": ""Oxford United"", ""kickoff"": ""2026-10-06 20:00"", ""sel"": ""U35"", ""label"": ""Under 3.5 goals"", ""odds"": 1.47, ""p"": 0.7499, ""p_market"": 0.6388, ""edge_pp"": 11.1, ""result"": ""lost"", ""score"": ""2-2""}, {""date"": ""2026-10-07"", ""country"": ""Brazil"", ""league"": ""Serie B"", ""home"": ""Ponte Preta"", ""away"": ""Juventude"", ""kickoff"": ""2026-10-07 02:35"", ""sel"": ""NBTTS"", ""label"": ""Not both teams to score"", ""odds"": 1.59, ""p"": 0.6355, ""p_market"": 0.5805, ""edge_pp"": 5.5, ""result"": null}, {""date"": ""2026-10-07"", ""country"": ""Japan"", ""league"": ""Emperor's Cup"", ""home"": ""FC Tokyo"", ""away"": ""Shonan Bellmare"", ""kickoff"": ""2026-10-07 12:00"", ""sel"": ""O15"", ""label"": ""Over 1.5 goals"", ""odds"": 1.28, ""p"": 0.8478, ""p_market"": 0.7377, ""edge_pp"": 11.0, ""result"": null}]",2.99,0.4040,0.2736,lost,2026-10-06,
A20261006-44,2026-10-06 15:42,auto 15:42,2026-10-07 15:42,3.00,3,"[{""date"": ""2026-10-06"", ""country"": ""England"", ""league"": ""Isthmian League: North Division"", ""home"": ""Buckhurst Hill"", ""away"": ""Tilbury"", ""kickoff"": ""2026-10-06 20:45"", ""sel"": ""1X"", ""label"": ""Buckhurst Hill or draw"", ""odds"": 1.3, ""p"": 0.8146, ""p_market"": 0.7125, ""edge_pp"": 10.2, ""result"": ""won"", ""score"": ""2-2""}, {""date"": ""2026-10-07"", ""country"": ""Japan"", ""league"": ""Emperor's Cup"", ""home"": ""Sanfrecce Hiroshima"", ""away"": ""Iwaki FC"", ""kickoff"": ""2026-10-07 11:30"", ""sel"": ""H"", ""label"": ""Sanfrecce Hiroshima to win"", ""odds"": 1.31, ""p"": 0.8565, ""p_market"": 0.7446, ""edge_pp"": 11.2, ""result"": ""won"", ""score"": ""4-0""}, {""date"": ""2026-10-07"", ""country"": ""Japan"", ""league"": ""Emperor's Cup"", ""home"": ""Kawasaki Frontale"", ""away"": ""Tegevajaro Miyazaki"", ""kickoff"": ""2026-10-07 12:00"", ""sel"": ""H"", ""label"": ""Kawasaki Frontale to win"", ""odds"": 1.76, ""p"": 0.6315, ""p_market"": 0.5452, ""edge_pp"": 8.6, ""result"": ""won"", ""score"": ""2-0""}]",3.00,0.4407,0.2892,won,2026-10-07,
A20261006-45,2026-10-06 16:12,auto 16:12,2026-10-07 16:12,3.00,3,"[{""date"": ""2026-10-06"", ""country"": ""England"", ""league"": ""EFL Trophy North: Group H"", ""home"": ""Huddersfield Town"", ""away"": ""Rochdale"", ""kickoff"": ""2026-10-06 20:00"", ""sel"": ""U45"", ""label"": ""Under 4.5 goals"", ""odds"": 1.31, ""p"": 0.829, ""p_market"": 0.7219, ""edge_pp"": 10.7, ""result"": ""lost"", ""score"": ""5-0""}, {""date"": ""2026-10-07"", ""country"": ""Japan"", ""league"": ""Emperor's Cup"", ""home"": ""Sanfrecce Hiroshima"", ""away"": ""Iwaki FC"", ""kickoff"": ""2026-10-07 11:30"", ""sel"": ""H"", ""label"": ""Sanfrecce Hiroshima to win"", ""odds"": 1.3, ""p"": 0.8565, ""p_market"": 0.749, ""edge_pp"": 10.8, ""result"": null}, {""date"": ""2026-10-07"", ""country"": ""Japan"", ""league"": ""Emperor's Cup"", ""home"": ""Kawasaki Frontale"", ""away"": ""Tegevajaro Miyazaki"", ""kickoff"": ""2026-10-07 12:00"", ""sel"": ""H"", ""label"": ""Kawasaki Frontale to win"", ""odds"": 1.76, ""p"": 0.6315, ""p_market"": 0.5452, ""edge_pp"": 8.6, ""result"": null}]",3.00,0.4484,0.2948,lost,2026-10-06,
A20261006-46,2026-10-06 17:12,17:00,2026-10-07 17:12,3.00,3,"[{""date"": ""2026-10-06"", ""country"": ""UEFA Nations League"", ""league"": ""League C: Group 3"", ""home"": ""Moldova"", ""away"": ""Slovakia"", ""kickoff"": ""2026-10-06 20:45"", ""sel"": ""BTTS"", ""label"": ""Both teams to score"", ""odds"": 2.05, ""p"": 0.5638, ""p_market"": 0.4634, ""edge_pp"": 10.0, ""result"": ""lost"", ""score"": ""0-4""}, {""date"": ""2026-10-07"", ""country"": ""International Friendlies"", ""league"": ""Friendlies"", ""home"": ""USA"", ""away"": ""Canada"", ""kickoff"": ""2026-10-07 02:00"", ""sel"": ""U45"", ""label"": ""Under 4.5 goals"", ""odds"": 1.23, ""p"": 0.8666, ""p_market"": 0.7692, ""edge_pp"": 9.7, ""result"": null}, {""date"": ""2026-10-07"", ""country"": ""Japan"", ""league"": ""Emperor's Cup"", ""home"": ""Fagiano Okayama FC"", ""away"": ""JEF United Chiba"", ""kickoff"": ""2026-10-07 12:00"", ""sel"": ""1X"", ""label"": ""Fagiano Okayama FC or draw"", ""odds"": 1.19, ""p"": 0.8974, ""p_market"": 0.8009, ""edge_pp"": 9.7, ""result"": null}]",3.00,0.4385,0.2855,lost,2026-10-06,
A20261006-47,2026-10-06 17:42,auto 17:42,2026-10-07 17:42,3.00,3,"[{""date"": ""2026-10-06"", ""country"": ""England"", ""league"": ""Isthmian League: North Division"", ""home"": ""Walthamstow"", ""away"": ""Bowers & Pitsea"", ""kickoff"": ""2026-10-06 20:45"", ""sel"": ""O15"", ""label"": ""Over 1.5 goals"", ""odds"": 1.2, ""p"": 0.8416, ""p_market"": 0.7647, ""edge_pp"": 7.7, ""result"": null}, {""date"": ""2026-10-06"", ""country"": ""UEFA Nations League"", ""league"": ""League C: Group 3"", ""home"": ""Moldova"", ""away"": ""Slovakia"", ""kickoff"": ""2026-10-06 20:45"", ""sel"": ""BTTS"", ""label"": ""Both teams to score"", ""odds"": 2.1, ""p"": 0.5638, ""p_market"": 0.456, ""edge_pp"": 10.8, ""result"": ""lost"", ""score"": ""0-4""}, {""date"": ""2026-10-07"", ""country"": ""Japan"", ""league"": ""Emperor's Cup"", ""home"": ""Fagiano Okayama FC"", ""away"": ""JEF United Chiba"", ""kickoff"": ""2026-10-07 12:00"", ""sel"": ""1X"", ""label"": ""Fagiano Okayama FC or draw"", ""odds"": 1.19, ""p"": 0.8974, ""p_market"": 0.8009, ""edge_pp"": 9.7, ""result"": null}]",3.00,0.4258,0.2793,lost,2026-10-06,
A20261006-48,2026-10-06 18:51,auto 18:51,2026-10-07 18:51,3.00,3,"[{""date"": ""2026-10-06"", ""country"": ""England"", ""league"": ""EFL Trophy North: Group H"", ""home"": ""Doncaster Rovers"", ""away"": ""Liverpool U21"", ""kickoff"": ""2026-10-06 20:00"", ""sel"": ""AO05"", ""label"": ""Liverpool U21 over 0.5 goals"", ""odds"": 1.32, ""p"": 0.8138, ""p_market"": 0.7014, ""edge_pp"": 11.2, ""result"": ""lost"", ""score"": ""1-0""}, {""date"": ""2026-10-07"", ""country"": ""Brazil"", ""league"": ""Serie B"", ""home"": ""Ponte Preta"", ""away"": ""Juventude"", ""kickoff"": ""2026-10-07 02:35"", ""sel"": ""NBTTS"", ""label"": ""Not both teams to score"", ""odds"": 1.59, ""p"": 0.6355, ""p_market"": 0.5805, ""edge_pp"": 5.5, ""result"": null}, {""date"": ""2026-10-07"", ""country"": ""Finland"", ""league"": ""Veikkausliiga: Championship"", ""home"": ""IF Gnistan"", ""away"": ""FC Inter Turku"", ""kickoff"": ""2026-10-07 18:00"", ""sel"": ""U35"", ""label"": ""Under 3.5 goals"", ""odds"": 1.42, ""p"": 0.7171, ""p_market"": 0.6635, ""edge_pp"": 5.4, ""result"": null}]",2.98,0.3709,0.2701,lost,2026-10-06,
A20261006-49,2026-10-06 19:21,auto 19:21,2026-10-07 19:21,3.00,3,"[{""date"": ""2026-10-06"", ""country"": ""England"", ""league"": ""EFL Trophy South: Group A"", ""home"": ""Exeter City"", ""away"": ""Oxford United"", ""kickoff"": ""2026-10-06 20:00"", ""sel"": ""U35"", ""label"": ""Under 3.5 goals"", ""odds"": 1.48, ""p"": 0.7499, ""p_market"": 0.6373, ""edge_pp"": 11.3, ""result"": ""lost"", ""score"": ""2-2""}, {""date"": ""2026-10-06"", ""country"": ""England"", ""league"": ""National League Cup: Group B"", ""home"": ""Hornchurch"", ""away"": ""Fulham U21"", ""kickoff"": ""2026-10-06 20:00"", ""sel"": ""U45"", ""label"": ""Under 4.5 goals"", ""odds"": 1.38, ""p"": 0.8003, ""p_market"": 0.6849, ""edge_pp"": 11.5, ""result"": ""won"", ""score"": ""1-1""}, {""date"": ""2026-10-07"", ""country"": ""Paraguay"", ""league"": ""Division Profesional: Clausura"", ""home"": ""Olimpia"", ""away"": ""Nacional Asuncion"", ""kickoff"": ""2026-10-07 00:15"", ""sel"": ""AO05"", ""label"": ""Nacional Asuncion over 0.5 goals"", ""odds"": 1.47, ""p"": 0.7231, ""p_market"": 0.6297, ""edge_pp"": 9.3, ""result"": null}]",3.00,0.4340,0.2749,lost,2026-10-06,
A20261006-50,2026-10-06 19:51,auto 19:51,2026-10-07 19:51,3.00,3,"[{""date"": ""2026-10-06"", ""country"": ""UEFA Nations League"", ""league"": ""League C: Group 1"", ""home"": ""Albania"", ""away"": ""San Marino"", ""kickoff"": ""2026-10-06 20:45"", ""sel"": ""U55"", ""label"": ""Under 5.5 goals"", ""odds"": 1.28, ""p"": 0.8458, ""p_market"": 0.7529, ""edge_pp"": 9.3, ""result"": ""won"", ""score"": ""2-1""}, {""date"": ""2026-10-07"", ""country"": ""Paraguay"", ""league"": ""Division Profesional: Clausura"", ""home"": ""Olimpia"", ""away"": ""Nacional Asuncion"", ""kickoff"": ""2026-10-07 00:15"", ""sel"": ""AO05"", ""label"": ""Nacional Asuncion over 0.5 goals"", ""odds"": 1.47, ""p"": 0.7231, ""p_market"": 0.6297, ""edge_pp"": 9.3, ""result"": ""won"", ""score"": ""1-1""}, {""date"": ""2026-10-07"", ""country"": ""Brazil"", ""league"": ""Serie B"", ""home"": ""Ponte Preta"", ""away"": ""Juventude"", ""kickoff"": ""2026-10-07 02:35"", ""sel"": ""NBTTS"", ""label"": ""Not both teams to score"", ""odds"": 1.59, ""p"": 0.6355, ""p_market"": 0.5805, ""edge_pp"": 5.5, ""result"": ""won"", ""score"": ""0-2""}]",2.99,0.3886,0.2752,won,2026-10-07,
A20261006-51,2026-10-06 20:18,auto 20:18,2026-10-07 20:18,3.00,3,"[{""date"": ""2026-10-07"", ""country"": ""Japan"", ""league"": ""Emperor's Cup"", ""home"": ""Avispa Fukuoka"", ""away"": ""Yokohama FC"", ""kickoff"": ""2026-10-07 11:30"", ""sel"": ""HO05"", ""label"": ""Avispa Fukuoka over 0.5 goals"", ""odds"": 1.34, ""p"": 0.8109, ""p_market"": 0.6912, ""edge_pp"": 12.0, ""result"": ""lost"", ""score"": ""0-1""}, {""date"": ""2026-10-07"", ""country"": ""Japan"", ""league"": ""Emperor's Cup"", ""home"": ""FC Tokyo"", ""away"": ""Shonan Bellmare"", ""kickoff"": ""2026-10-07 12:00"", ""sel"": ""O15"", ""label"": ""Over 1.5 goals"", ""odds"": 1.27, ""p"": 0.8478, ""p_market"": 0.7392, ""edge_pp"": 10.9, ""result"": null}, {""date"": ""2026-10-07"", ""country"": ""Japan"", ""league"": ""Emperor's Cup"", ""home"": ""Kawasaki Frontale"", ""away"": ""Tegevajaro Miyazaki"", ""kickoff"": ""2026-10-07 12:00"", ""sel"": ""H"", ""label"": ""Kawasaki Frontale to win"", ""odds"": 1.76, ""p"": 0.6315, ""p_market"": 0.5461, ""edge_pp"": 8.5, ""result"": null}]",3.00,0.4342,0.2790,lost,2026-10-07,
A20261006-52,2026-10-06 20:18,auto 20:18,2026-10-07 20:18,3.00,3,"[{""date"": ""2026-10-07"", ""country"": ""Brazil"", ""league"": ""Serie B"", ""home"": ""Ponte Preta"", ""away"": ""Juventude"", ""kickoff"": ""2026-10-07 02:35"", ""sel"": ""NBTTS"", ""label"": ""Not both teams to score"", ""odds"": 1.59, ""p"": 0.6355, ""p_market"": 0.5805, ""edge_pp"": 5.5, ""result"": ""won"", ""score"": ""0-2""}, {""date"": ""2026-10-07"", ""country"": ""Finland"", ""league"": ""Veikkausliiga: Championship"", ""home"": ""IF Gnistan"", ""away"": ""FC Inter Turku"", ""kickoff"": ""2026-10-07 18:00"", ""sel"": ""U35"", ""label"": ""Under 3.5 goals"", ""odds"": 1.42, ""p"": 0.7171, ""p_market"": 0.6635, ""edge_pp"": 5.4, ""result"": ""won"", ""score"": ""0-0""}, {""date"": ""2026-10-07"", ""country"": ""Egypt"", ""league"": ""League Cup: Group D"", ""home"": ""Ceramica Cleopatra"", ""away"": ""Al Masry"", ""kickoff"": ""2026-10-07 19:00"", ""sel"": ""12"", ""label"": ""Ceramica Cleopatra or Al Masry"", ""odds"": 1.32, ""p"": 0.7785, ""p_market"": 0.703, ""edge_pp"": 7.6, ""result"": ""won"", ""score"": ""0-1""}]",2.98,0.3548,0.2707,won,2026-10-07,
A20261006-53,2026-10-06 20:46,auto 20:46,2026-10-07 20:46,3.00,3,"[{""date"": ""2026-10-06"", ""country"": ""Paraguay"", ""league"": ""Division Intermedia"", ""home"": ""Club Dr Benjamin Aceval"", ""away"": ""Independiente CG"", ""kickoff"": ""2026-10-06 22:00"", ""sel"": ""U35"", ""label"": ""Under 3.5 goals"", ""odds"": 1.45, ""p"": 0.733, ""p_market"": 0.6329, ""edge_pp"": 10.0, ""result"": ""lost"", ""score"": ""2-3""}, {""date"": ""2026-10-07"", ""country"": ""Paraguay"", ""league"": ""Division Profesional: Clausura"", ""home"": ""Olimpia"", ""away"": ""Nacional Asuncion"", ""kickoff"": ""2026-10-07 00:15"", ""sel"": ""AO05"", ""label"": ""Nacional Asuncion over 0.5 goals"", ""odds"": 1.47, ""p"": 0.7231, ""p_market"": 0.6297, ""edge_pp"": 9.3, ""result"": null}, {""date"": ""2026-10-07"", ""country"": ""Canada"", ""league"": ""Premier League"", ""home"": ""Inter Toronto"", ""away"": ""Supra du Quebec"", ""kickoff"": ""2026-10-07 17:00"", ""sel"": ""BTTS"", ""label"": ""Both teams to score"", ""odds"": 1.4, ""p"": 0.6861, ""p_market"": 0.65, ""edge_pp"": 3.6, ""result"": null}]",2.98,0.3637,0.2591,lost,2026-10-07,
A20261006-54,2026-10-06 20:46,auto 20:46,2026-10-07 20:46,3.00,3,"[{""date"": ""2026-10-07"", ""country"": ""Brazil"", ""league"": ""Serie B"", ""home"": ""Ponte Preta"", ""away"": ""Juventude"", ""kickoff"": ""2026-10-07 02:35"", ""sel"": ""NBTTS"", ""label"": ""Not both teams to score"", ""odds"": 1.59, ""p"": 0.6355, ""p_market"": 0.5805, ""edge_pp"": 5.5, ""result"": ""won"", ""score"": ""0-2""}, {""date"": ""2026-10-07"", ""country"": ""Spain"", ""league"": ""Segunda Division RFEF: Group 5"", ""home"": ""Real Madrid C"", ""away"": ""Guadalajara"", ""kickoff"": ""2026-10-07 12:00"", ""sel"": ""HO05"", ""label"": ""Real Madrid C over 0.5 goals"", ""odds"": 1.32, ""p"": 0.7802, ""p_market"": 0.6872, ""edge_pp"": 9.3, ""result"": ""won"", ""score"": ""1-1""}, {""date"": ""2026-10-07"", ""country"": ""Finland"", ""league"": ""Veikkausliiga: Championship"", ""home"": ""IF Gnistan"", ""away"": ""FC Inter Turku"", ""kickoff"": ""2026-10-07 18:00"", ""sel"": ""U35"", ""label"": ""Under 3.5 goals"", ""odds"": 1.42, ""p"": 0.7171, ""p_market"": 0.6635, ""edge_pp"": 5.4, ""result"": ""won"", ""score"": ""0-0""}]",2.98,0.3555,0.2647,won,2026-10-07,
A20261006-55,2026-10-06 21:41,auto 21:41,2026-10-07 21:41,3.00,3,"[{""date"": ""2026-10-07"", ""country"": ""Paraguay"", ""league"": ""Division Profesional: Clausura"", ""home"": ""Olimpia"", ""away"": ""Nacional Asuncion"", ""kickoff"": ""2026-10-07 00:15"", ""sel"": ""AO05"", ""label"": ""Nacional Asuncion over 0.5 goals"", ""odds"": 1.47, ""p"": 0.7231, ""p_market"": 0.6297, ""edge_pp"": 9.3, ""result"": ""won"", ""score"": ""1-1""}, {""date"": ""2026-10-07"", ""country"": ""Brazil"", ""league"": ""Serie B"", ""home"": ""Goias"", ""away"": ""Athletic Club"", ""kickoff"": ""2026-10-07 01:30"", ""sel"": ""O15"", ""label"": ""Over 1.5 goals"", ""odds"": 1.46, ""p"": 0.6865, ""p_market"": 0.649, ""edge_pp"": 3.7, ""result"": ""won"", ""score"": ""2-1""}, {""date"": ""2026-10-07"", ""country"": ""Canada"", ""league"": ""Premier League"", ""home"": ""Inter Toronto"", ""away"": ""Supra du Quebec"", ""kickoff"": ""2026-10-07 17:00"", ""sel"": ""BTTS"", ""label"": ""Both teams to score"", ""odds"": 1.4, ""p"": 0.6861, ""p_market"": 0.65, ""edge_pp"": 3.6, ""result"": ""won"", ""score"": ""1-2""}]",3.00,0.3406,0.2657,won,2026-10-07,
A20261007-01,2026-10-07 00:08,auto 00:08,2026-10-08 00:08,3.00,3,"[{""date"": ""2026-10-07"", ""country"": ""Japan"", ""league"": ""Emperor's Cup"", ""home"": ""Sanfrecce Hiroshima"", ""away"": ""Iwaki FC"", ""kickoff"": ""2026-10-07 11:30"", ""sel"": ""H"", ""label"": ""Sanfrecce Hiroshima to win"", ""odds"": 1.29, ""p"": 0.8561, ""p_market"": 0.7563, ""edge_pp"": 10.0, ""result"": ""won"", ""score"": ""4-0""}, {""date"": ""2026-10-07"", ""country"": ""Japan"", ""league"": ""Emperor's Cup"", ""home"": ""Kawasaki Frontale"", ""away"": ""Tegevajaro Miyazaki"", ""kickoff"": ""2026-10-07 12:00"", ""sel"": ""H"", ""label"": ""Kawasaki Frontale to win"", ""odds"": 1.75, ""p"": 0.6313, ""p_market"": 0.5498, ""edge_pp"": 8.2, ""result"": ""won"", ""score"": ""2-0""}, {""date"": ""2026-10-07"", ""country"": ""Spain"", ""league"": ""Segunda Division RFEF: Group 5"", ""home"": ""Real Madrid C"", ""away"": ""Guadalajara"", ""kickoff"": ""2026-10-07 12:00"", ""sel"": ""HO05"", ""label"": ""Real Madrid C over 0.5 goals"", ""odds"": 1.33, ""p"": 0.7803, ""p_market"": 0.6818, ""edge_pp"": 9.8, ""result"": ""won"", ""score"": ""1-1""}]",3.00,0.4217,0.2835,won,2026-10-07,
A20261007-02,2026-10-07 00:41,auto 00:41,2026-10-08 00:41,3.00,3,"[{""date"": ""2026-10-07"", ""country"": ""Finland"", ""league"": ""Veikkausliiga: Championship"", ""home"": ""IF Gnistan"", ""away"": ""FC Inter Turku"", ""kickoff"": ""2026-10-07 18:00"", ""sel"": ""U35"", ""label"": ""Under 3.5 goals"", ""odds"": 1.42, ""p"": 0.717, ""p_market"": 0.6635, ""edge_pp"": 5.3, ""result"": ""won"", ""score"": ""0-0""}, {""date"": ""2026-10-08"", ""country"": ""Colombia"", ""league"": ""Primera B: Clausura"", ""home"": ""Boca Juniors de Cali"", ""away"": ""Union Magdalena"", ""kickoff"": ""2026-10-08 00:00"", ""sel"": ""O15"", ""label"": ""Over 1.5 goals"", ""odds"": 1.41, ""p"": 0.7237, ""p_market"": 0.6611, ""edge_pp"": 6.3, ""result"": ""won"", ""score"": ""1-1""}, {""date"": ""2026-10-08"", ""country"": ""Brazil"", ""league"": ""Serie A"", ""home"": ""Internacional"", ""away"": ""Corinthians"", ""kickoff"": ""2026-10-08 00:30"", ""sel"": ""CO85"", ""label"": ""Over 8.5 corners"", ""odds"": 1.49, ""p"": 0.6472, ""p_market"": 0.6218, ""edge_pp"": 2.5, ""result"": ""won"", ""score"": ""2-1""}]",2.98,0.3358,0.2727,won,2026-10-08,
A20261007-03,2026-10-07 01:40,auto 01:40,2026-10-08 01:40,3.00,3,"[{""date"": ""2026-10-07"", ""country"": ""USA"", ""league"": ""MLS"", ""home"": ""Chicago Fire"", ""away"": ""Vancouver Whitecaps"", ""kickoff"": ""2026-10-07 02:30"", ""sel"": ""U45"", ""label"": ""Under 4.5 goals"", ""odds"": 1.33, ""p"": 0.7846, ""p_market"": 0.7246, ""edge_pp"": 6.0, ""result"": ""won"", ""score"": ""3-1""}, {""date"": ""2026-10-07"", ""country"": ""Japan"", ""league"": ""Emperor's Cup"", ""home"": ""Sanfrecce Hiroshima"", ""away"": ""Iwaki FC"", ""kickoff"": ""2026-10-07 11:30"", ""sel"": ""H"", ""label"": ""Sanfrecce Hiroshima to win"", ""odds"": 1.29, ""p"": 0.8561, ""p_market"": 0.7565, ""edge_pp"": 10.0, ""result"": ""won"", ""score"": ""4-0""}, {""date"": ""2026-10-07"", ""country"": ""Japan"", ""league"": ""Emperor's Cup"", ""home"": ""Kawasaki Frontale"", ""away"": ""Tegevajaro Miyazaki"", ""kickoff"": ""2026-10-07 12:00"", ""sel"": ""H"", ""label"": ""Kawasaki Frontale to win"", ""odds"": 1.75, ""p"": 0.6313, ""p_market"": 0.5498, ""edge_pp"": 8.2, ""result"": ""won"", ""score"": ""2-0""}]",3.00,0.4240,0.3014,won,2026-10-07,
A20261007-04,2026-10-07 01:40,auto 01:40,2026-10-08 01:40,3.00,3,"[{""date"": ""2026-10-08"", ""country"": ""Brazil"", ""league"": ""Serie A"", ""home"": ""RB Bragantino"", ""away"": ""Mirassol"", ""kickoff"": ""2026-10-08 00:30"", ""sel"": ""U35"", ""label"": ""Under 3.5 goals"", ""odds"": 1.44, ""p"": 0.7429, ""p_market"": 0.6682, ""edge_pp"": 7.5, ""result"": ""won"", ""score"": ""1-1""}, {""date"": ""2026-10-08"", ""country"": ""Brazil"", ""league"": ""Serie A"", ""home"": ""Vitoria"", ""away"": ""Chapecoense AF"", ""kickoff"": ""2026-10-08 01:00"", ""sel"": ""U35"", ""label"": ""Under 3.5 goals"", ""odds"": 1.38, ""p"": 0.7434, ""p_market"": 0.6987, ""edge_pp"": 4.5, ""result"": ""lost"", ""score"": ""4-0""}, {""date"": ""2026-10-08"", ""country"": ""Uruguay"", ""league"": ""Copa Uruguay"", ""home"": ""Plaza Colonia"", ""away"": ""Juventud de las Piedras"", ""kickoff"": ""2026-10-08 01:00"", ""sel"": ""O15"", ""label"": ""Over 1.5 goals"", ""odds"": 1.5, ""p"": 0.741, ""p_market"": 0.6296, ""edge_pp"": 11.1, ""result"": ""lost"", ""score"": ""0-1""}]",2.98,0.4093,0.2940,lost,2026-10-08,
A20261007-05,2026-10-07 02:51,auto 02:51,2026-10-08 02:51,3.00,3,"[{""date"": ""2026-10-07"", ""country"": ""Japan"", ""league"": ""Emperor's Cup"", ""home"": ""Kawasaki Frontale"", ""away"": ""Tegevajaro Miyazaki"", ""kickoff"": ""2026-10-07 12:00"", ""sel"": ""H"", ""label"": ""Kawasaki Frontale to win"", ""odds"": 1.73, ""p"": 0.6313, ""p_market"": 0.5565, ""edge_pp"": 7.5, ""result"": ""won"", ""score"": ""2-0""}, {""date"": ""2026-10-07"", ""country"": ""Japan"", ""league"": ""Emperor's Cup"", ""home"": ""Shimizu S-Pulse"", ""away"": ""V-Varen Nagasaki"", ""kickoff"": ""2026-10-07 12:00"", ""sel"": ""1X"", ""label"": ""Shimizu S-Pulse or draw"", ""odds"": 1.31, ""p"": 0.8294, ""p_market"": 0.7147, ""edge_pp"": 11.5, ""result"": ""won"", ""score"": ""2-1""}, {""date"": ""2026-10-07"", ""country"": ""Spain"", ""league"": ""Segunda Division RFEF: Group 5"", ""home"": ""Real Madrid C"", ""away"": ""Guadalajara"", ""kickoff"": ""2026-10-07 12:00"", ""sel"": ""HO05"", ""label"": ""Real Madrid C over 0.5 goals"", ""odds"": 1.33, ""p"": 0.7803, ""p_market"": 0.6818, ""edge_pp"": 9.8, ""result"": ""won"", ""score"": ""1-1""}]",3.01,0.4086,0.2712,won,2026-10-07,
A20261007-06,2026-10-07 03:22,auto 03:22,2026-10-08 03:22,3.00,3,"[{""date"": ""2026-10-07"", ""country"": ""Japan"", ""league"": ""Emperor's Cup"", ""home"": ""Sanfrecce Hiroshima"", ""away"": ""Iwaki FC"", ""kickoff"": ""2026-10-07 11:30"", ""sel"": ""H"", ""label"": ""Sanfrecce Hiroshima to win"", ""odds"": 1.29, ""p"": 0.8561, ""p_market"": 0.7565, ""edge_pp"": 10.0, ""result"": ""won"", ""score"": ""4-0""}, {""date"": ""2026-10-07"", ""country"": ""Japan"", ""league"": ""Emperor's Cup"", ""home"": ""Kawasaki Frontale"", ""away"": ""Tegevajaro Miyazaki"", ""kickoff"": ""2026-10-07 12:00"", ""sel"": ""H"", ""label"": ""Kawasaki Frontale to win"", ""odds"": 1.7, ""p"": 0.6313, ""p_market"": 0.5662, ""edge_pp"": 6.5, ""result"": ""won"", ""score"": ""2-0""}, {""date"": ""2026-10-08"", ""country"": ""Brazil"", ""league"": ""Serie A"", ""home"": ""Remo"", ""away"": ""Gremio"", ""kickoff"": ""2026-10-08 00:30"", ""sel"": ""U35"", ""label"": ""Under 3.5 goals"", ""odds"": 1.37, ""p"": 0.7371, ""p_market"": 0.7002, ""edge_pp"": 3.7, ""result"": ""won"", ""score"": ""1-1""}]",3.00,0.3984,0.2999,won,2026-10-08,
A20261007-07,2026-10-07 04:42,auto 04:42,2026-10-08 04:42,3.00,3,"[{""date"": ""2026-10-07"", ""country"": ""Japan"", ""league"": ""Emperor's Cup"", ""home"": ""Urawa Red Diamonds"", ""away"": ""Omiya Ardija"", ""kickoff"": ""2026-10-07 11:00"", ""sel"": ""O15"", ""label"": ""Over 1.5 goals"", ""odds"": 1.25, ""p"": 0.8536, ""p_market"": 0.7573, ""edge_pp"": 9.6, ""result"": ""won"", ""score"": ""3-2""}, {""date"": ""2026-10-07"", ""country"": ""Japan"", ""league"": ""Emperor's Cup"", ""home"": ""Kawasaki Frontale"", ""away"": ""Tegevajaro Miyazaki"", ""kickoff"": ""2026-10-07 12:00"", ""sel"": ""H"", ""label"": ""Kawasaki Frontale to win"", ""odds"": 1.69, ""p"": 0.6313, ""p_market"": 0.5686, ""edge_pp"": 6.3, ""result"": ""won"", ""score"": ""2-0""}, {""date"": ""2026-10-07"", ""country"": ""Finland"", ""league"": ""Veikkausliiga: Championship"", ""home"": ""IF Gnistan"", ""away"": ""FC Inter Turku"", ""kickoff"": ""2026-10-07 18:00"", ""sel"": ""U35"", ""label"": ""Under 3.5 goals"", ""odds"": 1.42, ""p"": 0.717, ""p_market"": 0.6635, ""edge_pp"": 5.3, ""result"": ""won"", ""score"": ""0-0""}]",3.00,0.3864,0.2857,won,2026-10-07,
A20261007-08,2026-10-07 04:42,auto 04:42,2026-10-08 04:42,3.00,3,"[{""date"": ""2026-10-08"", ""country"": ""Brazil"", ""league"": ""Serie A"", ""home"": ""Internacional"", ""away"": ""Corinthians"", ""kickoff"": ""2026-10-08 00:30"", ""sel"": ""CO85"", ""label"": ""Over 8.5 corners"", ""odds"": 1.49, ""p"": 0.6472, ""p_market"": 0.6218, ""edge_pp"": 2.5, ""result"": ""won"", ""score"": ""2-1""}, {""date"": ""2026-10-08"", ""country"": ""Brazil"", ""league"": ""Serie A"", ""home"": ""Remo"", ""away"": ""Gremio"", ""kickoff"": ""2026-10-08 00:30"", ""sel"": ""U35"", ""label"": ""Under 3.5 goals"", ""odds"": 1.37, ""p"": 0.7371, ""p_market"": 0.7002, ""edge_pp"": 3.7, ""result"": ""won"", ""score"": ""1-1""}, {""date"": ""2026-10-08"", ""country"": ""USA"", ""league"": ""USL League One"", ""home"": ""Corpus Christi"", ""away"": ""Fort Wayne FC"", ""kickoff"": ""2026-10-08 02:30"", ""sel"": ""U35"", ""label"": ""Under 3.5 goals"", ""odds"": 1.47, ""p"": 0.6914, ""p_market"": 0.6343, ""edge_pp"": 5.7, ""result"": ""lost"", ""score"": ""1-3""}]",3.00,0.3299,0.2762,lost,2026-10-08,
A20261007-09,2026-10-07 06:06,auto 06:06,2026-10-08 06:06,3.00,3,"[{""date"": ""2026-10-07"", ""country"": ""Japan"", ""league"": ""Emperor's Cup"", ""home"": ""FC Tokyo"", ""away"": ""Shonan Bellmare"", ""kickoff"": ""2026-10-07 12:00"", ""sel"": ""O15"", ""label"": ""Over 1.5 goals"", ""odds"": 1.26, ""p"": 0.8478, ""p_market"": 0.7485, ""edge_pp"": 9.9, ""result"": ""won"", ""score"": ""4-0""}, {""date"": ""2026-10-07"", ""country"": ""Japan"", ""league"": ""Emperor's Cup"", ""home"": ""Kawasaki Frontale"", ""away"": ""Tegevajaro Miyazaki"", ""kickoff"": ""2026-10-07 12:00"", ""sel"": ""H"", ""label"": ""Kawasaki Frontale to win"", ""odds"": 1.69, ""p"": 0.6313, ""p_market"": 0.5708, ""edge_pp"": 6.1, ""result"": ""won"", ""score"": ""2-0""}, {""date"": ""2026-10-08"", ""country"": ""Chile"", ""league"": ""Cup Final Stage"", ""home"": ""Coquimbo Unido"", ""away"": ""Cobreloa"", ""kickoff"": ""2026-10-08 00:00"", ""sel"": ""U35"", ""label"": ""Under 3.5 goals"", ""odds"": 1.41, ""p"": 0.7373, ""p_market"": 0.6651, ""edge_pp"": 7.2, ""result"": ""won"", ""score"": ""2-1""}]",3.00,0.3946,0.2841,won,2026-10-08,
A20261007-10,2026-10-07 06:28,auto 06:28,2026-10-08 06:28,3.00,3,"[{""date"": ""2026-10-07"", ""country"": ""Japan"", ""league"": ""Emperor's Cup"", ""home"": ""Avispa Fukuoka"", ""away"": ""Yokohama FC"", ""kickoff"": ""2026-10-07 11:30"", ""sel"": ""HO05"", ""label"": ""Avispa Fukuoka over 0.5 goals"", ""odds"": 1.34, ""p"": 0.8109, ""p_market"": 0.6912, ""edge_pp"": 12.0, ""result"": ""lost"", ""score"": ""0-1""}, {""date"": ""2026-10-07"", ""country"": ""Japan"", ""league"": ""Emperor's Cup"", ""home"": ""Kawasaki Frontale"", ""away"": ""Tegevajaro Miyazaki"", ""kickoff"": ""2026-10-07 12:00"", ""sel"": ""H"", ""label"": ""Kawasaki Frontale to win"", ""odds"": 1.69, ""p"": 0.6313, ""p_market"": 0.5708, ""edge_pp"": 6.1, ""result"": null}, {""date"": ""2026-10-07"", ""country"": ""Japan"", ""league"": ""Emperor's Cup"", ""home"": ""Shimizu S-Pulse"", ""away"": ""V-Varen Nagasaki"", ""kickoff"": ""2026-10-07 12:00"", ""sel"": ""1X"", ""label"": ""Shimizu S-Pulse or draw"", ""odds"": 1.32, ""p"": 0.8294, ""p_market"": 0.71, ""edge_pp"": 11.9, ""result"": null}]",2.99,0.4246,0.2801,lost,2026-10-07,
A20261007-11,2026-10-07 06:28,auto 06:28,2026-10-08 06:28,3.00,3,"[{""date"": ""2026-10-07"", ""country"": ""Finland"", ""league"": ""Veikkausliiga: Championship"", ""home"": ""IF Gnistan"", ""away"": ""FC Inter Turku"", ""kickoff"": ""2026-10-07 18:00"", ""sel"": ""U35"", ""label"": ""Under 3.5 goals"", ""odds"": 1.44, ""p"": 0.717, ""p_market"": 0.6563, ""edge_pp"": 6.1, ""result"": ""won"", ""score"": ""0-0""}, {""date"": ""2026-10-08"", ""country"": ""Chile"", ""league"": ""Cup Final Stage"", ""home"": ""Coquimbo Unido"", ""away"": ""Cobreloa"", ""kickoff"": ""2026-10-08 00:00"", ""sel"": ""U35"", ""label"": ""Under 3.5 goals"", ""odds"": 1.41, ""p"": 0.7373, ""p_market"": 0.6651, ""edge_pp"": 7.2, ""result"": ""won"", ""score"": ""2-1""}, {""date"": ""2026-10-08"", ""country"": ""USA"", ""league"": ""USL League One"", ""home"": ""Corpus Christi"", ""away"": ""Fort Wayne FC"", ""kickoff"": ""2026-10-08 02:30"", ""sel"": ""U35"", ""label"": ""Under 3.5 goals"", ""odds"": 1.47, ""p"": 0.6914, ""p_market"": 0.6343, ""edge_pp"": 5.7, ""result"": ""lost"", ""score"": ""1-3""}]",2.98,0.3655,0.2769,lost,2026-10-08,
A20261007-12,2026-10-07 07:03,07:00,2026-10-08 07:03,3.00,3,"[{""date"": ""2026-10-07"", ""country"": ""Japan"", ""league"": ""Emperor's Cup"", ""home"": ""Gainare Tottori"", ""away"": ""Tokyo Verdy"", ""kickoff"": ""2026-10-07 12:00"", ""sel"": ""O15"", ""label"": ""Over 1.5 goals"", ""odds"": 1.22, ""p"": 0.8654, ""p_market"": 0.7707, ""edge_pp"": 9.5, ""result"": ""lost"", ""score"": ""0-0""}, {""date"": ""2026-10-07"", ""country"": ""Japan"", ""league"": ""Emperor's Cup"", ""home"": ""Kawasaki Frontale"", ""away"": ""Tegevajaro Miyazaki"", ""kickoff"": ""2026-10-07 12:00"", ""sel"": ""H"", ""label"": ""Kawasaki Frontale to win"", ""odds"": 1.63, ""p"": 0.6313, ""p_market"": 0.5908, ""edge_pp"": 4.0, ""result"": ""won"", ""score"": ""2-0""}, {""date"": ""2026-10-08"", ""country"": ""Uruguay"", ""league"": ""Copa Uruguay"", ""home"": ""Plaza Colonia"", ""away"": ""Juventud de las Piedras"", ""kickoff"": ""2026-10-08 01:00"", ""sel"": ""O15"", ""label"": ""Over 1.5 goals"", ""odds"": 1.5, ""p"": 0.741, ""p_market"": 0.6296, ""edge_pp"": 11.1, ""result"": null}]",2.98,0.4048,0.2867,lost,2026-10-07,
A20261007-13,2026-10-07 07:03,07:00,2026-10-08 07:03,3.00,3,"[{""date"": ""2026-10-08"", ""country"": ""Chile"", ""league"": ""Cup Final Stage"", ""home"": ""Coquimbo Unido"", ""away"": ""Cobreloa"", ""kickoff"": ""2026-10-08 00:00"", ""sel"": ""U35"", ""label"": ""Under 3.5 goals"", ""odds"": 1.41, ""p"": 0.7373, ""p_market"": 0.6651, ""edge_pp"": 7.2, ""result"": ""won"", ""score"": ""2-1""}, {""date"": ""2026-10-08"", ""country"": ""Brazil"", ""league"": ""Serie A"", ""home"": ""RB Bragantino"", ""away"": ""Mirassol"", ""kickoff"": ""2026-10-08 00:30"", ""sel"": ""U35"", ""label"": ""Under 3.5 goals"", ""odds"": 1.44, ""p"": 0.7429, ""p_market"": 0.6682, ""edge_pp"": 7.5, ""result"": ""won"", ""score"": ""1-1""}, {""date"": ""2026-10-08"", ""country"": ""USA"", ""league"": ""USL League One"", ""home"": ""Corpus Christi"", ""away"": ""Fort Wayne FC"", ""kickoff"": ""2026-10-08 02:30"", ""sel"": ""U35"", ""label"": ""Under 3.5 goals"", ""odds"": 1.47, ""p"": 0.6914, ""p_market"": 0.6343, ""edge_pp"": 5.7, ""result"": ""lost"", ""score"": ""1-3""}]",2.98,0.3787,0.2819,lost,2026-10-08,
A20261007-14,2026-10-07 07:27,auto 07:27,2026-10-08 07:27,3.00,3,"[{""date"": ""2026-10-08"", ""country"": ""Chile"", ""league"": ""Cup Final Stage"", ""home"": ""Antofagasta"", ""away"": ""Universidad de Chile"", ""kickoff"": ""2026-10-08 00:00"", ""sel"": ""HO05"", ""label"": ""Antofagasta over 0.5 goals"", ""odds"": 1.46, ""p"": 0.7559, ""p_market"": 0.6359, ""edge_pp"": 12.0, ""result"": ""won"", ""score"": ""2-0""}, {""date"": ""2026-10-08"", ""country"": ""Brazil"", ""league"": ""Serie A"", ""home"": ""Vitoria"", ""away"": ""Chapecoense AF"", ""kickoff"": ""2026-10-08 01:00"", ""sel"": ""U35"", ""label"": ""Under 3.5 goals"", ""odds"": 1.37, ""p"": 0.7434, ""p_market"": 0.7002, ""edge_pp"": 4.3, ""result"": ""lost"", ""score"": ""4-0""}, {""date"": ""2026-10-08"", ""country"": ""Uruguay"", ""league"": ""Copa Uruguay"", ""home"": ""Plaza Colonia"", ""away"": ""Juventud de las Piedras"", ""kickoff"": ""2026-10-08 01:00"", ""sel"": ""O15"", ""label"": ""Over 1.5 goals"", ""odds"": 1.5, ""p"": 0.741, ""p_market"": 0.6296, ""edge_pp"": 11.1, ""result"": ""lost"", ""score"": ""0-1""}]",3.00,0.4164,0.2804,lost,2026-10-08,
A20261007-15,2026-10-07 07:27,auto 07:27,2026-10-08 07:27,3.00,3,"[{""date"": ""2026-10-07"", ""country"": ""Japan"", ""league"": ""Emperor's Cup"", ""home"": ""Kawasaki Frontale"", ""away"": ""Tegevajaro Miyazaki"", ""kickoff"": ""2026-10-07 12:00"", ""sel"": ""H"", ""label"": ""Kawasaki Frontale to win"", ""odds"": 1.63, ""p"": 0.6313, ""p_market"": 0.5908, ""edge_pp"": 4.0, ""result"": ""won"", ""score"": ""2-0""}, {""date"": ""2026-10-08"", ""country"": ""Brazil"", ""league"": ""Serie A"", ""home"": ""RB Bragantino"", ""away"": ""Mirassol"", ""kickoff"": ""2026-10-08 00:30"", ""sel"": ""U35"", ""label"": ""Under 3.5 goals"", ""odds"": 1.44, ""p"": 0.7429, ""p_market"": 0.6682, ""edge_pp"": 7.5, ""result"": ""won"", ""score"": ""1-1""}, {""date"": ""2026-10-08"", ""country"": ""Brazil"", ""league"": ""Serie B"", ""home"": ""America MG"", ""away"": ""Fortaleza"", ""kickoff"": ""2026-10-08 01:30"", ""sel"": ""U35"", ""label"": ""Under 3.5 goals"", ""odds"": 1.28, ""p"": 0.8218, ""p_market"": 0.7377, ""edge_pp"": 8.4, ""result"": ""won"", ""score"": ""0-1""}]",3.00,0.3854,0.2912,won,2026-10-08,
A20261007-16,2026-10-07 07:44,auto 07:44,2026-10-08 07:44,3.00,3,"[{""date"": ""2026-10-07"", ""country"": ""Japan"", ""league"": ""Emperor's Cup"", ""home"": ""Avispa Fukuoka"", ""away"": ""Yokohama FC"", ""kickoff"": ""2026-10-07 11:30"", ""sel"": ""HO05"", ""label"": ""Avispa Fukuoka over 0.5 goals"", ""odds"": 1.34, ""p"": 0.8109, ""p_market"": 0.6912, ""edge_pp"": 12.0, ""result"": ""lost"", ""score"": ""0-1""}, {""date"": ""2026-10-07"", ""country"": ""Japan"", ""league"": ""Emperor's Cup"", ""home"": ""Kawasaki Frontale"", ""away"": ""Tegevajaro Miyazaki"", ""kickoff"": ""2026-10-07 12:00"", ""sel"": ""H"", ""label"": ""Kawasaki Frontale to win"", ""odds"": 1.6, ""p"": 0.6313, ""p_market"": 0.6033, ""edge_pp"": 2.8, ""result"": null}, {""date"": ""2026-10-08"", ""country"": ""Brazil"", ""league"": ""Serie A"", ""home"": ""Internacional"", ""away"": ""Corinthians"", ""kickoff"": ""2026-10-08 00:30"", ""sel"": ""O15"", ""label"": ""Over 1.5 goals"", ""odds"": 1.4, ""p"": 0.7117, ""p_market"": 0.6889, ""edge_pp"": 2.3, ""result"": null}]",3.00,0.3643,0.2873,lost,2026-10-07,
A20261007-17,2026-10-07 08:47,auto 08:47,2026-10-08 08:47,3.00,3,"[{""date"": ""2026-10-07"", ""country"": ""Japan"", ""league"": ""Emperor's Cup"", ""home"": ""Sanfrecce Hiroshima"", ""away"": ""Iwaki FC"", ""kickoff"": ""2026-10-07 11:30"", ""sel"": ""H"", ""label"": ""Sanfrecce Hiroshima to win"", ""odds"": 1.28, ""p"": 0.8561, ""p_market"": 0.7616, ""edge_pp"": 9.5, ""result"": ""won"", ""score"": ""4-0""}, {""date"": ""2026-10-07"", ""country"": ""Japan"", ""league"": ""Emperor's Cup"", ""home"": ""Kawasaki Frontale"", ""away"": ""Tegevajaro Miyazaki"", ""kickoff"": ""2026-10-07 12:00"", ""sel"": ""H"", ""label"": ""Kawasaki Frontale to win"", ""odds"": 1.62, ""p"": 0.6313, ""p_market"": 0.5954, ""edge_pp"": 3.6, ""result"": ""won"", ""score"": ""2-0""}, {""date"": ""2026-10-08"", ""country"": ""Brazil"", ""league"": ""Serie A"", ""home"": ""RB Bragantino"", ""away"": ""Mirassol"", ""kickoff"": ""2026-10-08 00:30"", ""sel"": ""U35"", ""label"": ""Under 3.5 goals"", ""odds"": 1.44, ""p"": 0.7429, ""p_market"": 0.6682, ""edge_pp"": 7.5, ""result"": ""won"", ""score"": ""1-1""}]",2.99,0.4015,0.3030,won,2026-10-08,
A20261007-18,2026-10-07 08:47,auto 08:47,2026-10-08 08:47,3.00,3,"[{""date"": ""2026-10-07"", ""country"": ""Finland"", ""league"": ""Veikkausliiga: Championship"", ""home"": ""IF Gnistan"", ""away"": ""FC Inter Turku"", ""kickoff"": ""2026-10-07 18:00"", ""sel"": ""U35"", ""label"": ""Under 3.5 goals"", ""odds"": 1.44, ""p"": 0.717, ""p_market"": 0.6563, ""edge_pp"": 6.1, ""result"": ""won"", ""score"": ""0-0""}, {""date"": ""2026-10-07"", ""country"": ""Egypt"", ""league"": ""League Cup: Group A"", ""home"": ""El Zamalek"", ""away"": ""ZED FC"", ""kickoff"": ""2026-10-07 19:00"", ""sel"": ""U35"", ""label"": ""Under 3.5 goals"", ""odds"": 1.42, ""p"": 0.6906, ""p_market"": 0.6595, ""edge_pp"": 3.1, ""result"": ""won"", ""score"": ""0-3""}, {""date"": ""2026-10-08"", ""country"": ""USA"", ""league"": ""USL League One"", ""home"": ""Corpus Christi"", ""away"": ""Fort Wayne FC"", ""kickoff"": ""2026-10-08 02:30"", ""sel"": ""U35"", ""label"": ""Under 3.5 goals"", ""odds"": 1.46, ""p"": 0.6914, ""p_market"": 0.6404, ""edge_pp"": 5.1, ""result"": ""lost"", ""score"": ""1-3""}]",2.99,0.3423,0.2772,lost,2026-10-08,
A20261007-19,2026-10-07 09:10,auto 09:10,2026-10-08 09:10,3.00,3,"[{""date"": ""2026-10-07"", ""country"": ""Japan"", ""league"": ""Emperor's Cup"", ""home"": ""Fagiano Okayama FC"", ""away"": ""JEF United Chiba"", ""kickoff"": ""2026-10-07 12:00"", ""sel"": ""1X"", ""label"": ""Fagiano Okayama FC or draw"", ""odds"": 1.19, ""p"": 0.8972, ""p_market"": 0.8063, ""edge_pp"": 9.1, ""result"": ""won"", ""score"": ""1-0""}, {""date"": ""2026-10-07"", ""country"": ""Japan"", ""league"": ""Emperor's Cup"", ""home"": ""Shimizu S-Pulse"", ""away"": ""V-Varen Nagasaki"", ""kickoff"": ""2026-10-07 12:00"", ""sel"": ""O15"", ""label"": ""Over 1.5 goals"", ""odds"": 1.33, ""p"": 0.8167, ""p_market"": 0.7096, ""edge_pp"": 10.7, ""result"": null, ""score"": ""2-1""}, {""date"": ""2026-10-07"", ""country"": ""Uzbekistan"", ""league"": ""Super League"", ""home"": ""Neftchi Fargona"", ""away"": ""Xorazm"", ""kickoff"": ""2026-10-07 16:00"", ""sel"": ""NBTTS"", ""label"": ""Not both teams to score"", ""odds"": 1.9, ""p"": 0.5655, ""p_market"": 0.4737, ""edge_pp"": 9.2, ""result"": ""lost"", ""score"": ""2-2""}]",3.01,0.4144,0.2710,lost,2026-10-07,
A20261007-20,2026-10-07 09:10,auto 09:10,2026-10-08 09:10,3.00,3,"[{""date"": ""2026-10-07"", ""country"": ""Finland"", ""league"": ""Veikkausliiga: Championship"", ""home"": ""IF Gnistan"", ""away"": ""FC Inter Turku"", ""kickoff"": ""2026-10-07 18:00"", ""sel"": ""U35"", ""label"": ""Under 3.5 goals"", ""odds"": 1.47, ""p"": 0.717, ""p_market"": 0.6432, ""edge_pp"": 7.4, ""result"": ""won"", ""score"": ""0-0""}, {""date"": ""2026-10-08"", ""country"": ""Chile"", ""league"": ""Cup Final Stage"", ""home"": ""Coquimbo Unido"", ""away"": ""Cobreloa"", ""kickoff"": ""2026-10-08 00:00"", ""sel"": ""U35"", ""label"": ""Under 3.5 goals"", ""odds"": 1.42, ""p"": 0.7373, ""p_market"": 0.6553, ""edge_pp"": 8.2, ""result"": ""won"", ""score"": ""2-1""}, {""date"": ""2026-10-08"", ""country"": ""Brazil"", ""league"": ""Serie A"", ""home"": ""RB Bragantino"", ""away"": ""Mirassol"", ""kickoff"": ""2026-10-08 00:30"", ""sel"": ""U35"", ""label"": ""Under 3.5 goals"", ""odds"": 1.44, ""p"": 0.7429, ""p_market"": 0.6682, ""edge_pp"": 7.5, ""result"": ""won"", ""score"": ""1-1""}]",3.01,0.3927,0.2817,won,2026-10-08,
A20261007-21,2026-10-07 09:43,auto 09:43,2026-10-08 09:43,3.00,3,"[{""date"": ""2026-10-07"", ""country"": ""Japan"", ""league"": ""Emperor's Cup"", ""home"": ""Fagiano Okayama FC"", ""away"": ""JEF United Chiba"", ""kickoff"": ""2026-10-07 12:00"", ""sel"": ""1X"", ""label"": ""Fagiano Okayama FC or draw"", ""odds"": 1.21, ""p"": 0.8972, ""p_market"": 0.7912, ""edge_pp"": 10.6, ""result"": ""won"", ""score"": ""1-0""}, {""date"": ""2026-10-07"", ""country"": ""Japan"", ""league"": ""Emperor's Cup"", ""home"": ""Shimizu S-Pulse"", ""away"": ""V-Varen Nagasaki"", ""kickoff"": ""2026-10-07 12:00"", ""sel"": ""O15"", ""label"": ""Over 1.5 goals"", ""odds"": 1.33, ""p"": 0.8167, ""p_market"": 0.7096, ""edge_pp"": 10.7, ""result"": null, ""score"": ""2-1""}, {""date"": ""2026-10-07"", ""country"": ""Uzbekistan"", ""league"": ""Super League"", ""home"": ""Neftchi Fargona"", ""away"": ""Xorazm"", ""kickoff"": ""2026-10-07 16:00"", ""sel"": ""U35"", ""label"": ""Under 3.5 goals"", ""odds"": 1.86, ""p"": 0.6102, ""p_market"": 0.4932, ""edge_pp"": 11.7, ""result"": ""lost"", ""score"": ""2-2""}]",2.99,0.4472,0.2769,lost,2026-10-07,
A20261007-22,2026-10-07 09:43,auto 09:43,2026-10-08 09:43,3.00,3,"[{""date"": ""2026-10-07"", ""country"": ""Finland"", ""league"": ""Veikkausliiga: Championship"", ""home"": ""IF Gnistan"", ""away"": ""FC Inter Turku"", ""kickoff"": ""2026-10-07 18:00"", ""sel"": ""U35"", ""label"": ""Under 3.5 goals"", ""odds"": 1.47, ""p"": 0.717, ""p_market"": 0.6432, ""edge_pp"": 7.4, ""result"": ""won"", ""score"": ""0-0""}, {""date"": ""2026-10-08"", ""country"": ""Colombia"", ""league"": ""Primera B: Clausura"", ""home"": ""Boca Juniors de Cali"", ""away"": ""Union Magdalena"", ""kickoff"": ""2026-10-08 00:00"", ""sel"": ""O15"", ""label"": ""Over 1.5 goals"", ""odds"": 1.41, ""p"": 0.7237, ""p_market"": 0.6611, ""edge_pp"": 6.3, ""result"": ""won"", ""score"": ""1-1""}, {""date"": ""2026-10-08"", ""country"": ""Brazil"", ""league"": ""Serie A"", ""home"": ""RB Bragantino"", ""away"": ""Mirassol"", ""kickoff"": ""2026-10-08 00:30"", ""sel"": ""U35"", ""label"": ""Under 3.5 goals"", ""odds"": 1.44, ""p"": 0.7429, ""p_market"": 0.6682, ""edge_pp"": 7.5, ""result"": ""won"", ""score"": ""1-1""}]",2.98,0.3855,0.2841,won,2026-10-08,
A20261007-23,2026-10-07 10:11,auto 10:11,2026-10-08 10:11,3.00,3,"[{""date"": ""2026-10-07"", ""country"": ""Japan"", ""league"": ""Emperor's Cup"", ""home"": ""Fagiano Okayama FC"", ""away"": ""JEF United Chiba"", ""kickoff"": ""2026-10-07 12:00"", ""sel"": ""1X"", ""label"": ""Fagiano Okayama FC or draw"", ""odds"": 1.2, ""p"": 0.8972, ""p_market"": 0.7957, ""edge_pp"": 10.2, ""result"": ""won"", ""score"": ""1-0""}, {""date"": ""2026-10-07"", ""country"": ""Uzbekistan"", ""league"": ""Super League"", ""home"": ""Neftchi Fargona"", ""away"": ""Xorazm"", ""kickoff"": ""2026-10-07 16:00"", ""sel"": ""NBTTS"", ""label"": ""Not both teams to score"", ""odds"": 1.9, ""p"": 0.5655, ""p_market"": 0.4737, ""edge_pp"": 9.2, ""result"": ""lost"", ""score"": ""2-2""}, {""date"": ""2026-10-07"", ""country"": ""Ecuador"", ""league"": ""Serie B. Promotion Round"", ""home"": ""Vinotinto del Ecuador"", ""away"": ""Club Deportivo Cuenca Juniors"", ""kickoff"": ""2026-10-07 22:30"", ""sel"": ""O15"", ""label"": ""Over 1.5 goals"", ""odds"": 1.32, ""p"": 0.7877, ""p_market"": 0.6872, ""edge_pp"": 10.1, ""result"": null}]",3.01,0.3997,0.2590,lost,2026-10-07,
A20261007-24,2026-10-07 10:11,auto 10:11,2026-10-08 10:11,3.00,3,"[{""date"": ""2026-10-07"", ""country"": ""Japan"", ""league"": ""Emperor's Cup"", ""home"": ""Kawasaki Frontale"", ""away"": ""Tegevajaro Miyazaki"", ""kickoff"": ""2026-10-07 12:00"", ""sel"": ""AO05"", ""label"": ""Tegevajaro Miyazaki over 0.5 goals"", ""odds"": 1.52, ""p"": 0.6925, ""p_market"": 0.6072, ""edge_pp"": 8.5, ""result"": ""lost"", ""score"": ""2-0""}, {""date"": ""2026-10-08"", ""country"": ""Brazil"", ""league"": ""Serie A"", ""home"": ""RB Bragantino"", ""away"": ""Mirassol"", ""kickoff"": ""2026-10-08 00:30"", ""sel"": ""U35"", ""label"": ""Under 3.5 goals"", ""odds"": 1.44, ""p"": 0.7429, ""p_market"": 0.6682, ""edge_pp"": 7.5, ""result"": null}, {""date"": ""2026-10-08"", ""country"": ""Brazil"", ""league"": ""Serie A"", ""home"": ""Remo"", ""away"": ""Gremio"", ""kickoff"": ""2026-10-08 00:30"", ""sel"": ""U35"", ""label"": ""Under 3.5 goals"", ""odds"": 1.37, ""p"": 0.7371, ""p_market"": 0.7035, ""edge_pp"": 3.4, ""result"": null}]",3.00,0.3792,0.2854,lost,2026-10-07,
A20261007-25,2026-10-07 10:44,auto 10:44,2026-10-08 10:44,3.00,3,"[{""date"": ""2026-10-07"", ""country"": ""Japan"", ""league"": ""Emperor's Cup"", ""home"": ""FC Tokyo"", ""away"": ""Shonan Bellmare"", ""kickoff"": ""2026-10-07 12:00"", ""sel"": ""O15"", ""label"": ""Over 1.5 goals"", ""odds"": 1.27, ""p"": 0.8478, ""p_market"": 0.7445, ""edge_pp"": 10.3, ""result"": ""won"", ""score"": ""4-0""}, {""date"": ""2026-10-07"", ""country"": ""Japan"", ""league"": ""Emperor's Cup"", ""home"": ""Kawasaki Frontale"", ""away"": ""Tegevajaro Miyazaki"", ""kickoff"": ""2026-10-07 12:00"", ""sel"": ""AO05"", ""label"": ""Tegevajaro Miyazaki over 0.5 goals"", ""odds"": 1.61, ""p"": 0.6925, ""p_market"": 0.5774, ""edge_pp"": 11.5, ""result"": ""lost"", ""score"": ""2-0""}, {""date"": ""2026-10-08"", ""country"": ""Chile"", ""league"": ""Cup Final Stage"", ""home"": ""Antofagasta"", ""away"": ""Universidad de Chile"", ""kickoff"": ""2026-10-08 00:00"", ""sel"": ""HO05"", ""label"": ""Antofagasta over 0.5 goals"", ""odds"": 1.46, ""p"": 0.7559, ""p_market"": 0.6359, ""edge_pp"": 12.0, ""result"": null}]",2.99,0.4437,0.2734,lost,2026-10-07,
A20261007-26,2026-10-07 10:44,auto 10:44,2026-10-08 10:44,3.00,3,"[{""date"": ""2026-10-07"", ""country"": ""Japan"", ""league"": ""Emperor's Cup"", ""home"": ""Cerezo Osaka"", ""away"": ""Kagoshima United"", ""kickoff"": ""2026-10-07 11:30"", ""sel"": ""BTTS"", ""label"": ""Both teams to score"", ""odds"": 1.78, ""p"": 0.6258, ""p_market"": 0.515, ""edge_pp"": 11.1, ""result"": ""lost"", ""score"": ""2-0""}, {""date"": ""2026-10-07"", ""country"": ""Japan"", ""league"": ""Emperor's Cup"", ""home"": ""Shimizu S-Pulse"", ""away"": ""V-Varen Nagasaki"", ""kickoff"": ""2026-10-07 12:00"", ""sel"": ""1X"", ""label"": ""Shimizu S-Pulse or draw"", ""odds"": 1.32, ""p"": 0.8294, ""p_market"": 0.7124, ""edge_pp"": 11.7, ""result"": null}, {""date"": ""2026-10-08"", ""country"": ""Brazil"", ""league"": ""Serie B"", ""home"": ""America MG"", ""away"": ""Fortaleza"", ""kickoff"": ""2026-10-08 01:30"", ""sel"": ""U35"", ""label"": ""Under 3.5 goals"", ""odds"": 1.28, ""p"": 0.8218, ""p_market"": 0.7377, ""edge_pp"": 8.4, ""result"": null}]",3.01,0.4266,0.2707,lost,2026-10-07,
A20261007-27,2026-10-07 10:44,auto 10:44,2026-10-08 10:44,3.00,3,"[{""date"": ""2026-10-07"", ""country"": ""Egypt"", ""league"": ""League Cup: Group B"", ""home"": ""Pyramids FC"", ""away"": ""Olympic El Qanah FC"", ""kickoff"": ""2026-10-07 16:00"", ""sel"": ""O15"", ""label"": ""Over 1.5 goals"", ""odds"": 1.37, ""p"": 0.7852, ""p_market"": 0.6715, ""edge_pp"": 11.4, ""result"": ""won"", ""score"": ""3-2""}, {""date"": ""2026-10-08"", ""country"": ""Uruguay"", ""league"": ""Copa Uruguay"", ""home"": ""Plaza Colonia"", ""away"": ""Juventud de las Piedras"", ""kickoff"": ""2026-10-08 01:00"", ""sel"": ""O15"", ""label"": ""Over 1.5 goals"", ""odds"": 1.5, ""p"": 0.741, ""p_market"": 0.6296, ""edge_pp"": 11.1, ""result"": ""lost"", ""score"": ""0-1""}, {""date"": ""2026-10-08"", ""country"": ""USA"", ""league"": ""USL League One"", ""home"": ""Corpus Christi"", ""away"": ""Fort Wayne FC"", ""kickoff"": ""2026-10-08 02:30"", ""sel"": ""U35"", ""label"": ""Under 3.5 goals"", ""odds"": 1.46, ""p"": 0.6914, ""p_market"": 0.6404, ""edge_pp"": 5.1, ""result"": null}]",3.00,0.4023,0.2707,lost,2026-10-08,
A20261007-28,2026-10-07 11:10,auto 11:10,2026-10-08 11:10,3.00,3,"[{""date"": ""2026-10-08"", ""country"": ""Chile"", ""league"": ""Cup Final Stage"", ""home"": ""Coquimbo Unido"", ""away"": ""Cobreloa"", ""kickoff"": ""2026-10-08 00:00"", ""sel"": ""U35"", ""label"": ""Under 3.5 goals"", ""odds"": 1.47, ""p"": 0.7373, ""p_market"": 0.6343, ""edge_pp"": 10.3, ""result"": ""won"", ""score"": ""2-1""}, {""date"": ""2026-10-08"", ""country"": ""Colombia"", ""league"": ""Primera B: Clausura"", ""home"": ""Boca Juniors de Cali"", ""away"": ""Union Magdalena"", ""kickoff"": ""2026-10-08 00:00"", ""sel"": ""O15"", ""label"": ""Over 1.5 goals"", ""odds"": 1.41, ""p"": 0.7237, ""p_market"": 0.6611, ""edge_pp"": 6.3, ""result"": ""won"", ""score"": ""1-1""}, {""date"": ""2026-10-08"", ""country"": ""Brazil"", ""league"": ""Serie A"", ""home"": ""RB Bragantino"", ""away"": ""Mirassol"", ""kickoff"": ""2026-10-08 00:30"", ""sel"": ""U35"", ""label"": ""Under 3.5 goals"", ""odds"": 1.44, ""p"": 0.7429, ""p_market"": 0.6682, ""edge_pp"": 7.5, ""result"": ""won"", ""score"": ""1-1""}]",2.98,0.3964,0.2802,won,2026-10-08,
A20261007-29,2026-10-07 11:43,auto 11:43,2026-10-08 11:43,3.00,3,"[{""date"": ""2026-10-07"", ""country"": ""Egypt"", ""league"": ""League Cup: Group B"", ""home"": ""Pyramids FC"", ""away"": ""Olympic El Qanah FC"", ""kickoff"": ""2026-10-07 16:00"", ""sel"": ""O15"", ""label"": ""Over 1.5 goals"", ""odds"": 1.37, ""p"": 0.7852, ""p_market"": 0.6715, ""edge_pp"": 11.4, ""result"": ""won"", ""score"": ""3-2""}, {""date"": ""2026-10-08"", ""country"": ""Chile"", ""league"": ""Cup Final Stage"", ""home"": ""Antofagasta"", ""away"": ""Universidad de Chile"", ""kickoff"": ""2026-10-08 00:00"", ""sel"": ""HO05"", ""label"": ""Antofagasta over 0.5 goals"", ""odds"": 1.46, ""p"": 0.7559, ""p_market"": 0.6359, ""edge_pp"": 12.0, ""result"": ""won"", ""score"": ""2-0""}, {""date"": ""2026-10-08"", ""country"": ""Uruguay"", ""league"": ""Copa Uruguay"", ""home"": ""Plaza Colonia"", ""away"": ""Juventud de las Piedras"", ""kickoff"": ""2026-10-08 01:00"", ""sel"": ""O15"", ""label"": ""Over 1.5 goals"", ""odds"": 1.5, ""p"": 0.741, ""p_market"": 0.6296, ""edge_pp"": 11.1, ""result"": ""lost"", ""score"": ""0-1""}]",3.00,0.4398,0.2688,lost,2026-10-08,
A20261007-30,2026-10-07 11:43,auto 11:43,2026-10-08 11:43,3.00,3,"[{""date"": ""2026-10-07"", ""country"": ""Japan"", ""league"": ""Emperor's Cup"", ""home"": ""Kawasaki Frontale"", ""away"": ""Tegevajaro Miyazaki"", ""kickoff"": ""2026-10-07 12:00"", ""sel"": ""AO05"", ""label"": ""Tegevajaro Miyazaki over 0.5 goals"", ""odds"": 1.53, ""p"": 0.6925, ""p_market"": 0.6057, ""edge_pp"": 8.7, ""result"": ""lost"", ""score"": ""2-0""}, {""date"": ""2026-10-07"", ""country"": ""Japan"", ""league"": ""Emperor's Cup"", ""home"": ""Shimizu S-Pulse"", ""away"": ""V-Varen Nagasaki"", ""kickoff"": ""2026-10-07 12:00"", ""sel"": ""O15"", ""label"": ""Over 1.5 goals"", ""odds"": 1.34, ""p"": 0.8167, ""p_market"": 0.7048, ""edge_pp"": 11.2, ""result"": ""won"", ""score"": ""2-1""}, {""date"": ""2026-10-08"", ""country"": ""Chile"", ""league"": ""Cup Final Stage"", ""home"": ""Coquimbo Unido"", ""away"": ""Cobreloa"", ""kickoff"": ""2026-10-08 00:00"", ""sel"": ""U35"", ""label"": ""Under 3.5 goals"", ""odds"": 1.47, ""p"": 0.7373, ""p_market"": 0.6343, ""edge_pp"": 10.3, ""result"": null}]",3.01,0.4170,0.2708,lost,2026-10-07,
A20261007-31,2026-10-07 11:43,auto 11:43,2026-10-08 11:43,3.00,3,"[{""date"": ""2026-10-07"", ""country"": ""Japan"", ""league"": ""Emperor's Cup"", ""home"": ""Fagiano Okayama FC"", ""away"": ""JEF United Chiba"", ""kickoff"": ""2026-10-07 12:00"", ""sel"": ""12"", ""label"": ""Fagiano Okayama FC or JEF United Chiba"", ""odds"": 1.31, ""p"": 0.8408, ""p_market"": 0.722, ""edge_pp"": 11.9, ""result"": ""won"", ""score"": ""1-0""}, {""date"": ""2026-10-07"", ""country"": ""Italy"", ""league"": ""Serie D: Group A"", ""home"": ""Bra"", ""away"": ""Celle Varazze"", ""kickoff"": ""2026-10-07 15:00"", ""sel"": ""U25"", ""label"": ""Under 2.5 goals"", ""odds"": 1.73, ""p"": 0.576, ""p_market"": 0.5312, ""edge_pp"": 4.5, ""result"": ""won"", ""score"": ""2-0""}, {""date"": ""2026-10-07"", ""country"": ""Ecuador"", ""league"": ""Serie B. Promotion Round"", ""home"": ""Vinotinto del Ecuador"", ""away"": ""Club Deportivo Cuenca Juniors"", ""kickoff"": ""2026-10-07 22:30"", ""sel"": ""O15"", ""label"": ""Over 1.5 goals"", ""odds"": 1.32, ""p"": 0.7877, ""p_market"": 0.6872, ""edge_pp"": 10.1, ""result"": ""won"", ""score"": ""1-1""}]",2.99,0.3815,0.2635,won,2026-10-08,
A20261007-32,2026-10-07 12:10,12:00,2026-10-08 12:10,3.00,3,"[{""date"": ""2026-10-07"", ""country"": ""Uzbekistan"", ""league"": ""Super League"", ""home"": ""Neftchi Fargona"", ""away"": ""Xorazm"", ""kickoff"": ""2026-10-07 16:00"", ""sel"": ""U45"", ""label"": ""Under 4.5 goals"", ""odds"": 1.37, ""p"": 0.7867, ""p_market"": 0.6675, ""edge_pp"": 11.9, ""result"": ""won"", ""score"": ""2-2""}, {""date"": ""2026-10-08"", ""country"": ""Chile"", ""league"": ""Cup Final Stage"", ""home"": ""Antofagasta"", ""away"": ""Universidad de Chile"", ""kickoff"": ""2026-10-08 00:00"", ""sel"": ""HO05"", ""label"": ""Antofagasta over 0.5 goals"", ""odds"": 1.46, ""p"": 0.7559, ""p_market"": 0.6359, ""edge_pp"": 12.0, ""result"": ""won"", ""score"": ""2-0""}, {""date"": ""2026-10-08"", ""country"": ""Uruguay"", ""league"": ""Copa Uruguay"", ""home"": ""Plaza Colonia"", ""away"": ""Juventud de las Piedras"", ""kickoff"": ""2026-10-08 01:00"", ""sel"": ""O15"", ""label"": ""Over 1.5 goals"", ""odds"": 1.5, ""p"": 0.741, ""p_market"": 0.6296, ""edge_pp"": 11.1, ""result"": ""lost"", ""score"": ""0-1""}]",3.00,0.4407,0.2672,lost,2026-10-08,
A20261007-33,2026-10-07 12:10,12:00,2026-10-08 12:10,3.00,3,"[{""date"": ""2026-10-07"", ""country"": ""Italy"", ""league"": ""Serie D: Group A"", ""home"": ""Bra"", ""away"": ""Celle Varazze"", ""kickoff"": ""2026-10-07 15:00"", ""sel"": ""U25"", ""label"": ""Under 2.5 goals"", ""odds"": 1.73, ""p"": 0.576, ""p_market"": 0.5312, ""edge_pp"": 4.5, ""result"": ""won"", ""score"": ""2-0""}, {""date"": ""2026-10-08"", ""country"": ""Chile"", ""league"": ""Cup Final Stage"", ""home"": ""Coquimbo Unido"", ""away"": ""Cobreloa"", ""kickoff"": ""2026-10-08 00:00"", ""sel"": ""U45"", ""label"": ""Under 4.5 goals"", ""odds"": 1.19, ""p"": 0.8783, ""p_market"": 0.7871, ""edge_pp"": 9.1, ""result"": ""won"", ""score"": ""2-1""}, {""date"": ""2026-10-08"", ""country"": ""Brazil"", ""league"": ""Serie A"", ""home"": ""RB Bragantino"", ""away"": ""Mirassol"", ""kickoff"": ""2026-10-08 00:30"", ""sel"": ""U35"", ""label"": ""Under 3.5 goals"", ""odds"": 1.45, ""p"": 0.7429, ""p_market"": 0.6628, ""edge_pp"": 8.0, ""result"": ""won"", ""score"": ""1-1""}]",2.99,0.3758,0.2771,won,2026-10-08,
A20261007-34,2026-10-07 12:10,12:00,2026-10-08 12:10,3.00,3,"[{""date"": ""2026-10-07"", ""country"": ""Egypt"", ""league"": ""League Cup: Group A"", ""home"": ""El Zamalek"", ""away"": ""ZED FC"", ""kickoff"": ""2026-10-07 19:00"", ""sel"": ""U35"", ""label"": ""Under 3.5 goals"", ""odds"": 1.46, ""p"": 0.6906, ""p_market"": 0.6404, ""edge_pp"": 5.0, ""result"": ""won"", ""score"": ""0-3""}, {""date"": ""2026-10-08"", ""country"": ""Colombia"", ""league"": ""Primera B: Clausura"", ""home"": ""Boca Juniors de Cali"", ""away"": ""Union Magdalena"", ""kickoff"": ""2026-10-08 00:00"", ""sel"": ""O15"", ""label"": ""Over 1.5 goals"", ""odds"": 1.41, ""p"": 0.7237, ""p_market"": 0.6611, ""edge_pp"": 6.3, ""result"": ""won"", ""score"": ""1-1""}, {""date"": ""2026-10-08"", ""country"": ""USA"", ""league"": ""USL League One"", ""home"": ""Corpus Christi"", ""away"": ""Fort Wayne FC"", ""kickoff"": ""2026-10-08 02:30"", ""sel"": ""U35"", ""label"": ""Under 3.5 goals"", ""odds"": 1.46, ""p"": 0.6914, ""p_market"": 0.6404, ""edge_pp"": 5.1, ""result"": ""lost"", ""score"": ""1-3""}]",3.01,0.3455,0.2711,lost,2026-10-08,
A20261007-35,2026-10-07 12:42,auto 12:42,2026-10-08 12:42,3.00,3,"[{""date"": ""2026-10-07"", ""country"": ""Nigeria"", ""league"": ""NPFL"", ""home"": ""Shooting Stars"", ""away"": ""Kano Pillars"", ""kickoff"": ""2026-10-07 17:00"", ""sel"": ""O15"", ""label"": ""Over 1.5 goals"", ""odds"": 1.49, ""p"": 0.6673, ""p_market"": 0.617, ""edge_pp"": 5.0, ""result"": ""lost"", ""score"": ""0-0""}, {""date"": ""2026-10-07"", ""country"": ""Egypt"", ""league"": ""League Cup: Group A"", ""home"": ""El Zamalek"", ""away"": ""ZED FC"", ""kickoff"": ""2026-10-07 19:00"", ""sel"": ""U35"", ""label"": ""Under 3.5 goals"", ""odds"": 1.44, ""p"": 0.6906, ""p_market"": 0.6479, ""edge_pp"": 4.3, ""result"": null}, {""date"": ""2026-10-08"", ""country"": ""Brazil"", ""league"": ""Serie A"", ""home"": ""Vitoria"", ""away"": ""Chapecoense AF"", ""kickoff"": ""2026-10-08 01:00"", ""sel"": ""U35"", ""label"": ""Under 3.5 goals"", ""odds"": 1.39, ""p"": 0.7434, ""p_market"": 0.6904, ""edge_pp"": 5.3, ""result"": null}]",2.98,0.3426,0.2760,lost,2026-10-07,
A20261007-36,2026-10-07 13:10,auto 13:10,2026-10-08 13:10,3.00,3,"[{""date"": ""2026-10-07"", ""country"": ""Nigeria"", ""league"": ""NPFL"", ""home"": ""Shooting Stars"", ""away"": ""Kano Pillars"", ""kickoff"": ""2026-10-07 17:00"", ""sel"": ""O15"", ""label"": ""Over 1.5 goals"", ""odds"": 1.49, ""p"": 0.6673, ""p_market"": 0.617, ""edge_pp"": 5.0, ""result"": ""lost"", ""score"": ""0-0""}, {""date"": ""2026-10-07"", ""country"": ""Egypt"", ""league"": ""League Cup: Group A"", ""home"": ""El Zamalek"", ""away"": ""ZED FC"", ""kickoff"": ""2026-10-07 19:00"", ""sel"": ""U35"", ""label"": ""Under 3.5 goals"", ""odds"": 1.42, ""p"": 0.6906, ""p_market"": 0.6595, ""edge_pp"": 3.1, ""result"": null}, {""date"": ""2026-10-08"", ""country"": ""Colombia"", ""league"": ""Primera B: Clausura"", ""home"": ""Boca Juniors de Cali"", ""away"": ""Union Magdalena"", ""kickoff"": ""2026-10-08 00:00"", ""sel"": ""O15"", ""label"": ""Over 1.5 goals"", ""odds"": 1.41, ""p"": 0.7237, ""p_market"": 0.6611, ""edge_pp"": 6.3, ""result"": null}]",2.98,0.3335,0.2690,lost,2026-10-07,
A20261007-37,2026-10-07 13:42,auto 13:42,2026-10-08 13:42,3.00,3,"[{""date"": ""2026-10-08"", ""country"": ""Chile"", ""league"": ""Cup Final Stage"", ""home"": ""Antofagasta"", ""away"": ""Universidad de Chile"", ""kickoff"": ""2026-10-08 00:00"", ""sel"": ""HO05"", ""label"": ""Antofagasta over 0.5 goals"", ""odds"": 1.46, ""p"": 0.7559, ""p_market"": 0.6359, ""edge_pp"": 12.0, ""result"": ""won"", ""score"": ""2-0""}, {""date"": ""2026-10-08"", ""country"": ""Brazil"", ""league"": ""Serie A"", ""home"": ""Remo"", ""away"": ""Gremio"", ""kickoff"": ""2026-10-08 00:30"", ""sel"": ""U35"", ""label"": ""Under 3.5 goals"", ""odds"": 1.37, ""p"": 0.7371, ""p_market"": 0.7035, ""edge_pp"": 3.4, ""result"": ""won"", ""score"": ""1-1""}, {""date"": ""2026-10-08"", ""country"": ""Uruguay"", ""league"": ""Copa Uruguay"", ""home"": ""Plaza Colonia"", ""away"": ""Juventud de las Piedras"", ""kickoff"": ""2026-10-08 01:00"", ""sel"": ""O15"", ""label"": ""Over 1.5 goals"", ""odds"": 1.5, ""p"": 0.741, ""p_market"": 0.6296, ""edge_pp"": 11.1, ""result"": ""lost"", ""score"": ""0-1""}]",3.00,0.4129,0.2817,lost,2026-10-08,
A20261007-38,2026-10-07 13:42,auto 13:42,2026-10-08 13:42,3.00,3,"[{""date"": ""2026-10-07"", ""country"": ""Uzbekistan"", ""league"": ""Super League"", ""home"": ""Neftchi Fargona"", ""away"": ""Xorazm"", ""kickoff"": ""2026-10-07 16:00"", ""sel"": ""NBTTS"", ""label"": ""Not both teams to score"", ""odds"": 1.88, ""p"": 0.5655, ""p_market"": 0.4792, ""edge_pp"": 8.6, ""result"": ""lost"", ""score"": ""2-2""}, {""date"": ""2026-10-07"", ""country"": ""Uruguay"", ""league"": ""Copa Uruguay"", ""home"": ""Cerrito"", ""away"": ""Montevideo Wanderers"", ""kickoff"": ""2026-10-07 20:30"", ""sel"": ""HO05"", ""label"": ""Cerrito over 0.5 goals"", ""odds"": 1.24, ""p"": 0.8237, ""p_market"": 0.7328, ""edge_pp"": 9.1, ""result"": null}, {""date"": ""2026-10-08"", ""country"": ""Brazil"", ""league"": ""Serie B"", ""home"": ""America MG"", ""away"": ""Fortaleza"", ""kickoff"": ""2026-10-08 01:30"", ""sel"": ""U35"", ""label"": ""Under 3.5 goals"", ""odds"": 1.28, ""p"": 0.8218, ""p_market"": 0.7377, ""edge_pp"": 8.4, ""result"": null}]",2.98,0.3828,0.2590,lost,2026-10-07,
A20261007-39,2026-10-07 14:13,auto 14:13,2026-10-08 14:13,3.00,3,"[{""date"": ""2026-10-07"", ""country"": ""Egypt"", ""league"": ""League Cup: Group B"", ""home"": ""Pyramids FC"", ""away"": ""Olympic El Qanah FC"", ""kickoff"": ""2026-10-07 16:00"", ""sel"": ""O15"", ""label"": ""Over 1.5 goals"", ""odds"": 1.36, ""p"": 0.7852, ""p_market"": 0.677, ""edge_pp"": 10.8, ""result"": ""won"", ""score"": ""3-2""}, {""date"": ""2026-10-07"", ""country"": ""Uzbekistan"", ""league"": ""Super League"", ""home"": ""Neftchi Fargona"", ""away"": ""Xorazm"", ""kickoff"": ""2026-10-07 16:00"", ""sel"": ""U35"", ""label"": ""Under 3.5 goals"", ""odds"": 1.86, ""p"": 0.6102, ""p_market"": 0.4932, ""edge_pp"": 11.7, ""result"": ""lost"", ""score"": ""2-2""}, {""date"": ""2026-10-08"", ""country"": ""Chile"", ""league"": ""Cup Final Stage"", ""home"": ""Coquimbo Unido"", ""away"": ""Cobreloa"", ""kickoff"": ""2026-10-08 00:00"", ""sel"": ""U45"", ""label"": ""Under 4.5 goals"", ""odds"": 1.19, ""p"": 0.8783, ""p_market"": 0.7871, ""edge_pp"": 9.1, ""result"": null}]",3.01,0.4208,0.2628,lost,2026-10-07,
A20261007-40,2026-10-07 14:13,auto 14:13,2026-10-08 14:13,3.00,3,"[{""date"": ""2026-10-08"", ""country"": ""Chile"", ""league"": ""Cup Final Stage"", ""home"": ""Antofagasta"", ""away"": ""Universidad de Chile"", ""kickoff"": ""2026-10-08 00:00"", ""sel"": ""HO05"", ""label"": ""Antofagasta over 0.5 goals"", ""odds"": 1.46, ""p"": 0.7559, ""p_market"": 0.6359, ""edge_pp"": 12.0, ""result"": ""won"", ""score"": ""2-0""}, {""date"": ""2026-10-08"", ""country"": ""Colombia"", ""league"": ""Primera B: Clausura"", ""home"": ""Boca Juniors de Cali"", ""away"": ""Union Magdalena"", ""kickoff"": ""2026-10-08 00:00"", ""sel"": ""O15"", ""label"": ""Over 1.5 goals"", ""odds"": 1.41, ""p"": 0.7237, ""p_market"": 0.6611, ""edge_pp"": 6.3, ""result"": ""won"", ""score"": ""1-1""}, {""date"": ""2026-10-08"", ""country"": ""Brazil"", ""league"": ""Serie A"", ""home"": ""RB Bragantino"", ""away"": ""Mirassol"", ""kickoff"": ""2026-10-08 00:30"", ""sel"": ""U35"", ""label"": ""Under 3.5 goals"", ""odds"": 1.45, ""p"": 0.7429, ""p_market"": 0.6628, ""edge_pp"": 8.0, ""result"": ""won"", ""score"": ""1-1""}]",2.98,0.4064,0.2786,won,2026-10-08,
A20261007-41,2026-10-07 14:13,auto 14:13,2026-10-08 14:13,3.00,3,"[{""date"": ""2026-10-07"", ""country"": ""Nigeria"", ""league"": ""NPFL"", ""home"": ""Shooting Stars"", ""away"": ""Kano Pillars"", ""kickoff"": ""2026-10-07 17:00"", ""sel"": ""O15"", ""label"": ""Over 1.5 goals"", ""odds"": 1.49, ""p"": 0.6673, ""p_market"": 0.617, ""edge_pp"": 5.0, ""result"": ""lost"", ""score"": ""0-0""}, {""date"": ""2026-10-07"", ""country"": ""Egypt"", ""league"": ""League Cup: Group D"", ""home"": ""Ceramica Cleopatra"", ""away"": ""Al Masry"", ""kickoff"": ""2026-10-07 19:00"", ""sel"": ""12"", ""label"": ""Ceramica Cleopatra or Al Masry"", ""odds"": 1.35, ""p"": 0.7785, ""p_market"": 0.6833, ""edge_pp"": 9.5, ""result"": null}, {""date"": ""2026-10-08"", ""country"": ""Uruguay"", ""league"": ""Copa Uruguay"", ""home"": ""Plaza Colonia"", ""away"": ""Juventud de las Piedras"", ""kickoff"": ""2026-10-08 01:00"", ""sel"": ""O15"", ""label"": ""Over 1.5 goals"", ""odds"": 1.5, ""p"": 0.741, ""p_market"": 0.6296, ""edge_pp"": 11.1, ""result"": null}]",3.02,0.3850,0.2654,lost,2026-10-07,
A20261007-42,2026-10-07 14:50,auto 14:50,2026-10-08 14:50,3.00,3,"[{""date"": ""2026-10-07"", ""country"": ""Uzbekistan"", ""league"": ""Super League"", ""home"": ""Neftchi Fargona"", ""away"": ""Xorazm"", ""kickoff"": ""2026-10-07 16:00"", ""sel"": ""U45"", ""label"": ""Under 4.5 goals"", ""odds"": 1.36, ""p"": 0.7867, ""p_market"": 0.6731, ""edge_pp"": 11.4, ""result"": ""won"", ""score"": ""2-2""}, {""date"": ""2026-10-08"", ""country"": ""Brazil"", ""league"": ""Serie A"", ""home"": ""RB Bragantino"", ""away"": ""Mirassol"", ""kickoff"": ""2026-10-08 00:30"", ""sel"": ""U35"", ""label"": ""Under 3.5 goals"", ""odds"": 1.47, ""p"": 0.7429, ""p_market"": 0.6557, ""edge_pp"": 8.7, ""result"": ""won"", ""score"": ""1-1""}, {""date"": ""2026-10-08"", ""country"": ""Uruguay"", ""league"": ""Copa Uruguay"", ""home"": ""Plaza Colonia"", ""away"": ""Juventud de las Piedras"", ""kickoff"": ""2026-10-08 01:00"", ""sel"": ""O15"", ""label"": ""Over 1.5 goals"", ""odds"": 1.5, ""p"": 0.741, ""p_market"": 0.6296, ""edge_pp"": 11.1, ""result"": ""lost"", ""score"": ""0-1""}]",3.00,0.4331,0.2779,lost,2026-10-08,
A20261007-43,2026-10-07 14:50,auto 14:50,2026-10-08 14:50,3.00,3,"[{""date"": ""2026-10-07"", ""country"": ""Nigeria"", ""league"": ""NPFL"", ""home"": ""Shooting Stars"", ""away"": ""Kano Pillars"", ""kickoff"": ""2026-10-07 17:00"", ""sel"": ""O15"", ""label"": ""Over 1.5 goals"", ""odds"": 1.49, ""p"": 0.6673, ""p_market"": 0.617, ""edge_pp"": 5.0, ""result"": ""lost"", ""score"": ""0-0""}, {""date"": ""2026-10-08"", ""country"": ""Chile"", ""league"": ""Cup Final Stage"", ""home"": ""Antofagasta"", ""away"": ""Universidad de Chile"", ""kickoff"": ""2026-10-08 00:00"", ""sel"": ""U35"", ""label"": ""Under 3.5 goals"", ""odds"": 1.42, ""p"": 0.752, ""p_market"": 0.6595, ""edge_pp"": 9.3, ""result"": null}, {""date"": ""2026-10-08"", ""country"": ""Colombia"", ""league"": ""Primera B: Clausura"", ""home"": ""Boca Juniors de Cali"", ""away"": ""Union Magdalena"", ""kickoff"": ""2026-10-08 00:00"", ""sel"": ""O15"", ""label"": ""Over 1.5 goals"", ""odds"": 1.41, ""p"": 0.7237, ""p_market"": 0.6611, ""edge_pp"": 6.3, ""result"": null}]",2.98,0.3631,0.2690,lost,2026-10-07,
A20261007-44,2026-10-07 14:50,auto 14:50,2026-10-08 14:50,3.00,3,"[{""date"": ""2026-10-08"", ""country"": ""Brazil"", ""league"": ""Serie B"", ""home"": ""Avai FC"", ""away"": ""Londrina EC"", ""kickoff"": ""2026-10-08 00:30"", ""sel"": ""O15"", ""label"": ""Over 1.5 goals"", ""odds"": 1.41, ""p"": 0.6968, ""p_market"": 0.669, ""edge_pp"": 2.8, ""result"": ""won"", ""score"": ""2-1""}, {""date"": ""2026-10-08"", ""country"": ""Brazil"", ""league"": ""Serie A"", ""home"": ""Vitoria"", ""away"": ""Chapecoense AF"", ""kickoff"": ""2026-10-08 01:00"", ""sel"": ""U35"", ""label"": ""Under 3.5 goals"", ""odds"": 1.4, ""p"": 0.7434, ""p_market"": 0.6889, ""edge_pp"": 5.5, ""result"": ""lost"", ""score"": ""4-0""}, {""date"": ""2026-10-08"", ""country"": ""Egypt"", ""league"": ""2. Division A"", ""home"": ""Mega Sport"", ""away"": ""Dayrot"", ""kickoff"": ""2026-10-08 14:30"", ""sel"": ""U25"", ""label"": ""Under 2.5 goals"", ""odds"": 1.52, ""p"": 0.6398, ""p_market"": 0.6021, ""edge_pp"": 3.8, ""result"": null}]",3.00,0.3314,0.2775,lost,2026-10-08,
A20261007-45,2026-10-07 15:16,auto 15:16,2026-10-08 15:16,3.00,3,"[{""date"": ""2026-10-08"", ""country"": ""Chile"", ""league"": ""Cup Final Stage"", ""home"": ""Antofagasta"", ""away"": ""Universidad de Chile"", ""kickoff"": ""2026-10-08 00:00"", ""sel"": ""U35"", ""label"": ""Under 3.5 goals"", ""odds"": 1.44, ""p"": 0.752, ""p_market"": 0.6479, ""edge_pp"": 10.4, ""result"": ""won"", ""score"": ""2-0""}, {""date"": ""2026-10-08"", ""country"": ""USA"", ""league"": ""USL League One"", ""home"": ""Corpus Christi"", ""away"": ""Fort Wayne FC"", ""kickoff"": ""2026-10-08 02:30"", ""sel"": ""U35"", ""label"": ""Under 3.5 goals"", ""odds"": 1.47, ""p"": 0.6914, ""p_market"": 0.6388, ""edge_pp"": 5.3, ""result"": ""lost"", ""score"": ""1-3""}, {""date"": ""2026-10-08"", ""country"": ""Vietnam"", ""league"": ""V-League"", ""home"": ""Viettel"", ""away"": ""Hong Linh Ha Tinh"", ""kickoff"": ""2026-10-08 14:15"", ""sel"": ""O15"", ""label"": ""Over 1.5 goals"", ""odds"": 1.42, ""p"": 0.7311, ""p_market"": 0.6595, ""edge_pp"": 7.2, ""result"": null}]",3.01,0.3801,0.2730,lost,2026-10-08,
A20261007-46,2026-10-07 15:16,auto 15:16,2026-10-08 15:16,3.00,3,"[{""date"": ""2026-10-08"", ""country"": ""Colombia"", ""league"": ""Primera B: Clausura"", ""home"": ""Boca Juniors de Cali"", ""away"": ""Union Magdalena"", ""kickoff"": ""2026-10-08 00:00"", ""sel"": ""O15"", ""label"": ""Over 1.5 goals"", ""odds"": 1.41, ""p"": 0.7237, ""p_market"": 0.6611, ""edge_pp"": 6.3, ""result"": ""won"", ""score"": ""1-1""}, {""date"": ""2026-10-08"", ""country"": ""Brazil"", ""league"": ""Serie A"", ""home"": ""Vitoria"", ""away"": ""Chapecoense AF"", ""kickoff"": ""2026-10-08 01:00"", ""sel"": ""U35"", ""label"": ""Under 3.5 goals"", ""odds"": 1.4, ""p"": 0.7434, ""p_market"": 0.6889, ""edge_pp"": 5.5, ""result"": ""lost"", ""score"": ""4-0""}, {""date"": ""2026-10-08"", ""country"": ""Egypt"", ""league"": ""2. Division A"", ""home"": ""Mega Sport"", ""away"": ""Dayrot"", ""kickoff"": ""2026-10-08 14:30"", ""sel"": ""U25"", ""label"": ""Under 2.5 goals"", ""odds"": 1.52, ""p"": 0.6398, ""p_market"": 0.6021, ""edge_pp"": 3.8, ""result"": null}]",3.00,0.3442,0.2742,lost,2026-10-08,
A20261007-47,2026-10-07 15:42,auto 15:42,2026-10-08 15:42,3.00,3,"[{""date"": ""2026-10-08"", ""country"": ""Chile"", ""league"": ""Cup Final Stage"", ""home"": ""Antofagasta"", ""away"": ""Universidad de Chile"", ""kickoff"": ""2026-10-08 00:00"", ""sel"": ""U35"", ""label"": ""Under 3.5 goals"", ""odds"": 1.44, ""p"": 0.752, ""p_market"": 0.6479, ""edge_pp"": 10.4, ""result"": ""won"", ""score"": ""2-0""}, {""date"": ""2026-10-08"", ""country"": ""Uruguay"", ""league"": ""Copa Uruguay"", ""home"": ""Plaza Colonia"", ""away"": ""Juventud de las Piedras"", ""kickoff"": ""2026-10-08 01:00"", ""sel"": ""O15"", ""label"": ""Over 1.5 goals"", ""odds"": 1.46, ""p"": 0.741, ""p_market"": 0.6448, ""edge_pp"": 9.6, ""result"": ""lost"", ""score"": ""0-1""}, {""date"": ""2026-10-08"", ""country"": ""Vietnam"", ""league"": ""V-League"", ""home"": ""Viettel"", ""away"": ""Hong Linh Ha Tinh"", ""kickoff"": ""2026-10-08 14:15"", ""sel"": ""O15"", ""label"": ""Over 1.5 goals"", ""odds"": 1.42, ""p"": 0.7311, ""p_market"": 0.6595, ""edge_pp"": 7.2, ""result"": null}]",2.99,0.4074,0.2755,lost,2026-10-08,
A20261007-48,2026-10-07 15:42,auto 15:42,2026-10-08 15:42,3.00,3,"[{""date"": ""2026-10-08"", ""country"": ""Brazil"", ""league"": ""Serie A"", ""home"": ""Internacional"", ""away"": ""Corinthians"", ""kickoff"": ""2026-10-08 00:30"", ""sel"": ""HO05"", ""label"": ""Internacional over 0.5 goals"", ""odds"": 1.41, ""p"": 0.7425, ""p_market"": 0.6766, ""edge_pp"": 6.6, ""result"": ""won"", ""score"": ""2-1""}, {""date"": ""2026-10-08"", ""country"": ""Brazil"", ""league"": ""Serie A"", ""home"": ""Vitoria"", ""away"": ""Chapecoense AF"", ""kickoff"": ""2026-10-08 01:00"", ""sel"": ""U35"", ""label"": ""Under 3.5 goals"", ""odds"": 1.4, ""p"": 0.7434, ""p_market"": 0.6889, ""edge_pp"": 5.5, ""result"": ""lost"", ""score"": ""4-0""}, {""date"": ""2026-10-08"", ""country"": ""Egypt"", ""league"": ""2. Division A"", ""home"": ""Mega Sport"", ""away"": ""Dayrot"", ""kickoff"": ""2026-10-08 14:30"", ""sel"": ""U25"", ""label"": ""Under 2.5 goals"", ""odds"": 1.52, ""p"": 0.6398, ""p_market"": 0.6021, ""edge_pp"": 3.8, ""result"": null}]",3.00,0.3531,0.2806,lost,2026-10-08,
A20261007-49,2026-10-07 17:18,17:00,2026-10-08 17:18,3.00,3,"[{""date"": ""2026-10-08"", ""country"": ""Chile"", ""league"": ""Cup Final Stage"", ""home"": ""Antofagasta"", ""away"": ""Universidad de Chile"", ""kickoff"": ""2026-10-08 00:00"", ""sel"": ""U35"", ""label"": ""Under 3.5 goals"", ""odds"": 1.42, ""p"": 0.7519, ""p_market"": 0.6595, ""edge_pp"": 9.2, ""result"": ""won"", ""score"": ""2-0""}, {""date"": ""2026-10-08"", ""country"": ""Brazil"", ""league"": ""Serie A"", ""home"": ""Internacional"", ""away"": ""Corinthians"", ""kickoff"": ""2026-10-08 00:30"", ""sel"": ""HO05"", ""label"": ""Internacional over 0.5 goals"", ""odds"": 1.43, ""p"": 0.7425, ""p_market"": 0.6659, ""edge_pp"": 7.7, ""result"": ""won"", ""score"": ""2-1""}, {""date"": ""2026-10-08"", ""country"": ""USA"", ""league"": ""USL League One"", ""home"": ""Corpus Christi"", ""away"": ""Fort Wayne FC"", ""kickoff"": ""2026-10-08 02:30"", ""sel"": ""U35"", ""label"": ""Under 3.5 goals"", ""odds"": 1.47, ""p"": 0.6914, ""p_market"": 0.6343, ""edge_pp"": 5.7, ""result"": ""lost"", ""score"": ""1-3""}]",2.98,0.3860,0.2786,lost,2026-10-08,
A20261007-50,2026-10-07 17:18,17:00,2026-10-08 17:18,3.00,3,"[{""date"": ""2026-10-07"", ""country"": ""Egypt"", ""league"": ""League Cup: Group D"", ""home"": ""Ceramica Cleopatra"", ""away"": ""Al Masry"", ""kickoff"": ""2026-10-07 19:00"", ""sel"": ""12"", ""label"": ""Ceramica Cleopatra or Al Masry"", ""odds"": 1.36, ""p"": 0.7786, ""p_market"": 0.6829, ""edge_pp"": 9.6, ""result"": ""won"", ""score"": ""0-1""}, {""date"": ""2026-10-08"", ""country"": ""Uruguay"", ""league"": ""Copa Uruguay"", ""home"": ""Plaza Colonia"", ""away"": ""Juventud de las Piedras"", ""kickoff"": ""2026-10-08 01:00"", ""sel"": ""O15"", ""label"": ""Over 1.5 goals"", ""odds"": 1.46, ""p"": 0.741, ""p_market"": 0.6448, ""edge_pp"": 9.6, ""result"": ""lost"", ""score"": ""0-1""}, {""date"": ""2026-10-08"", ""country"": ""Egypt"", ""league"": ""2. Division A"", ""home"": ""Mega Sport"", ""away"": ""Dayrot"", ""kickoff"": ""2026-10-08 14:30"", ""sel"": ""U25"", ""label"": ""Under 2.5 goals"", ""odds"": 1.52, ""p"": 0.6398, ""p_market"": 0.6021, ""edge_pp"": 3.8, ""result"": null}]",3.02,0.3691,0.2651,lost,2026-10-08,
A20261007-51,2026-10-07 17:49,auto 17:49,2026-10-08 17:49,3.00,3,"[{""date"": ""2026-10-08"", ""country"": ""Chile"", ""league"": ""Cup Final Stage"", ""home"": ""Antofagasta"", ""away"": ""Universidad de Chile"", ""kickoff"": ""2026-10-08 00:00"", ""sel"": ""U35"", ""label"": ""Under 3.5 goals"", ""odds"": 1.43, ""p"": 0.7519, ""p_market"": 0.6538, ""edge_pp"": 9.8, ""result"": ""won"", ""score"": ""2-0""}, {""date"": ""2026-10-08"", ""country"": ""Brazil"", ""league"": ""Serie A"", ""home"": ""Internacional"", ""away"": ""Corinthians"", ""kickoff"": ""2026-10-08 00:30"", ""sel"": ""HO05"", ""label"": ""Internacional over 0.5 goals"", ""odds"": 1.43, ""p"": 0.7425, ""p_market"": 0.6659, ""edge_pp"": 7.7, ""result"": ""won"", ""score"": ""2-1""}, {""date"": ""2026-10-08"", ""country"": ""Egypt"", ""league"": ""League Cup: Group C"", ""home"": ""Al Mokawloon Al Arab"", ""away"": ""El Gounah"", ""kickoff"": ""2026-10-08 16:00"", ""sel"": ""O15"", ""label"": ""Over 1.5 goals"", ""odds"": 1.46, ""p"": 0.7445, ""p_market"": 0.6404, ""edge_pp"": 10.4, ""result"": ""won"", ""score"": ""2-0""}]",2.99,0.4157,0.2788,won,2026-10-08,
A20261007-52,2026-10-07 17:49,auto 17:49,2026-10-08 17:49,3.00,3,"[{""date"": ""2026-10-08"", ""country"": ""Brazil"", ""league"": ""Serie A"", ""home"": ""Vitoria"", ""away"": ""Chapecoense AF"", ""kickoff"": ""2026-10-08 01:00"", ""sel"": ""U35"", ""label"": ""Under 3.5 goals"", ""odds"": 1.4, ""p"": 0.7434, ""p_market"": 0.6889, ""edge_pp"": 5.5, ""result"": ""lost"", ""score"": ""4-0""}, {""date"": ""2026-10-08"", ""country"": ""Uruguay"", ""league"": ""Copa Uruguay"", ""home"": ""Plaza Colonia"", ""away"": ""Juventud de las Piedras"", ""kickoff"": ""2026-10-08 01:00"", ""sel"": ""O15"", ""label"": ""Over 1.5 goals"", ""odds"": 1.46, ""p"": 0.741, ""p_market"": 0.6448, ""edge_pp"": 9.6, ""result"": ""lost"", ""score"": ""0-1""}, {""date"": ""2026-10-08"", ""country"": ""USA"", ""league"": ""USL League One"", ""home"": ""Corpus Christi"", ""away"": ""Fort Wayne FC"", ""kickoff"": ""2026-10-08 02:30"", ""sel"": ""U35"", ""label"": ""Under 3.5 goals"", ""odds"": 1.47, ""p"": 0.6914, ""p_market"": 0.6343, ""edge_pp"": 5.7, ""result"": null}]",3.00,0.3809,0.2818,lost,2026-10-08,
A20261007-53,2026-10-07 17:49,auto 17:49,2026-10-08 17:49,3.00,3,"[{""date"": ""2026-10-08"", ""country"": ""Vietnam"", ""league"": ""V-League"", ""home"": ""Viettel"", ""away"": ""Hong Linh Ha Tinh"", ""kickoff"": ""2026-10-08 14:15"", ""sel"": ""O15"", ""label"": ""Over 1.5 goals"", ""odds"": 1.42, ""p"": 0.7311, ""p_market"": 0.6595, ""edge_pp"": 7.2, ""result"": ""won"", ""score"": ""1-3""}, {""date"": ""2026-10-08"", ""country"": ""Egypt"", ""league"": ""2. Division A"", ""home"": ""Mega Sport"", ""away"": ""Dayrot"", ""kickoff"": ""2026-10-08 14:30"", ""sel"": ""U25"", ""label"": ""Under 2.5 goals"", ""odds"": 1.52, ""p"": 0.6398, ""p_market"": 0.6021, ""edge_pp"": 3.8, ""result"": null}, {""date"": ""2026-10-08"", ""country"": ""Tanzania"", ""league"": ""Premier League"", ""home"": ""Pamba SC"", ""away"": ""Geita Gold FC"", ""kickoff"": ""2026-10-08 15:15"", ""sel"": ""AO05"", ""label"": ""Geita Gold FC over 0.5 goals"", ""odds"": 1.39, ""p"": 0.7152, ""p_market"": 0.6559, ""edge_pp"": 5.9, ""result"": ""lost"", ""score"": ""4-0""}]",3.00,0.3345,0.2605,lost,2026-10-08,
A20261007-54,2026-10-07 18:13,auto 18:13,2026-10-08 18:13,3.00,3,"[{""date"": ""2026-10-08"", ""country"": ""Chile"", ""league"": ""Cup Final Stage"", ""home"": ""Antofagasta"", ""away"": ""Universidad de Chile"", ""kickoff"": ""2026-10-08 00:00"", ""sel"": ""U35"", ""label"": ""Under 3.5 goals"", ""odds"": 1.46, ""p"": 0.7519, ""p_market"": 0.6404, ""edge_pp"": 11.2, ""result"": ""won"", ""score"": ""2-0""}, {""date"": ""2026-10-08"", ""country"": ""Brazil"", ""league"": ""Serie A"", ""home"": ""Vitoria"", ""away"": ""Chapecoense AF"", ""kickoff"": ""2026-10-08 01:00"", ""sel"": ""U35"", ""label"": ""Under 3.5 goals"", ""odds"": 1.4, ""p"": 0.7434, ""p_market"": 0.6889, ""edge_pp"": 5.5, ""result"": ""lost"", ""score"": ""4-0""}, {""date"": ""2026-10-08"", ""country"": ""Egypt"", ""league"": ""League Cup: Group C"", ""home"": ""Al Mokawloon Al Arab"", ""away"": ""El Gounah"", ""kickoff"": ""2026-10-08 16:00"", ""sel"": ""O15"", ""label"": ""Over 1.5 goals"", ""odds"": 1.46, ""p"": 0.7532, ""p_market"": 0.6404, ""edge_pp"": 11.3, ""result"": null}]",2.98,0.4211,0.2825,lost,2026-10-08,
A20261007-55,2026-10-07 18:13,auto 18:13,2026-10-08 18:13,3.00,3,"[{""date"": ""2026-10-08"", ""country"": ""Brazil"", ""league"": ""Serie A"", ""home"": ""Internacional"", ""away"": ""Corinthians"", ""kickoff"": ""2026-10-08 00:30"", ""sel"": ""HO05"", ""label"": ""Internacional over 0.5 goals"", ""odds"": 1.44, ""p"": 0.7425, ""p_market"": 0.6604, ""edge_pp"": 8.2, ""result"": ""won"", ""score"": ""2-1""}, {""date"": ""2026-10-08"", ""country"": ""Uruguay"", ""league"": ""Copa Uruguay"", ""home"": ""Plaza Colonia"", ""away"": ""Juventud de las Piedras"", ""kickoff"": ""2026-10-08 01:00"", ""sel"": ""O15"", ""label"": ""Over 1.5 goals"", ""odds"": 1.46, ""p"": 0.7411, ""p_market"": 0.6448, ""edge_pp"": 9.6, ""result"": ""lost"", ""score"": ""0-1""}, {""date"": ""2026-10-08"", ""country"": ""Egypt"", ""league"": ""League Cup: Group A"", ""home"": ""Al-Ittihad Alexandria"", ""away"": ""Wadi Degla FC"", ""kickoff"": ""2026-10-08 16:00"", ""sel"": ""O15"", ""label"": ""Over 1.5 goals"", ""odds"": 1.43, ""p"": 0.7417, ""p_market"": 0.6538, ""edge_pp"": 8.8, ""result"": null}]",3.01,0.4081,0.2784,lost,2026-10-08,
A20261007-56,2026-10-07 18:45,auto 18:45,2026-10-08 18:45,3.00,3,"[{""date"": ""2026-10-08"", ""country"": ""Brazil"", ""league"": ""Serie A"", ""home"": ""Vitoria"", ""away"": ""Chapecoense AF"", ""kickoff"": ""2026-10-08 01:00"", ""sel"": ""U35"", ""label"": ""Under 3.5 goals"", ""odds"": 1.4, ""p"": 0.7434, ""p_market"": 0.6889, ""edge_pp"": 5.5, ""result"": ""lost"", ""score"": ""4-0""}, {""date"": ""2026-10-08"", ""country"": ""Uruguay"", ""league"": ""Copa Uruguay"", ""home"": ""Plaza Colonia"", ""away"": ""Juventud de las Piedras"", ""kickoff"": ""2026-10-08 01:00"", ""sel"": ""O15"", ""label"": ""Over 1.5 goals"", ""odds"": 1.46, ""p"": 0.7411, ""p_market"": 0.6448, ""edge_pp"": 9.6, ""result"": ""lost"", ""score"": ""0-1""}, {""date"": ""2026-10-08"", ""country"": ""Egypt"", ""league"": ""League Cup: Group C"", ""home"": ""Al Mokawloon Al Arab"", ""away"": ""El Gounah"", ""kickoff"": ""2026-10-08 16:00"", ""sel"": ""O15"", ""label"": ""Over 1.5 goals"", ""odds"": 1.46, ""p"": 0.7532, ""p_market"": 0.6404, ""edge_pp"": 11.3, ""result"": null}]",2.98,0.4150,0.2844,lost,2026-10-08,
A20261007-57,2026-10-07 18:45,auto 18:45,2026-10-08 18:45,3.00,3,"[{""date"": ""2026-10-08"", ""country"": ""Brazil"", ""league"": ""Serie A"", ""home"": ""Internacional"", ""away"": ""Corinthians"", ""kickoff"": ""2026-10-08 00:30"", ""sel"": ""HO05"", ""label"": ""Internacional over 0.5 goals"", ""odds"": 1.44, ""p"": 0.7425, ""p_market"": 0.6604, ""edge_pp"": 8.2, ""result"": ""won"", ""score"": ""2-1""}, {""date"": ""2026-10-08"", ""country"": ""USA"", ""league"": ""USL League One"", ""home"": ""Corpus Christi"", ""away"": ""Fort Wayne FC"", ""kickoff"": ""2026-10-08 02:30"", ""sel"": ""U35"", ""label"": ""Under 3.5 goals"", ""odds"": 1.47, ""p"": 0.6914, ""p_market"": 0.6343, ""edge_pp"": 5.7, ""result"": ""lost"", ""score"": ""1-3""}, {""date"": ""2026-10-08"", ""country"": ""Vietnam"", ""league"": ""V-League"", ""home"": ""Viettel"", ""away"": ""Hong Linh Ha Tinh"", ""kickoff"": ""2026-10-08 14:15"", ""sel"": ""O15"", ""label"": ""Over 1.5 goals"", ""odds"": 1.42, ""p"": 0.7311, ""p_market"": 0.6595, ""edge_pp"": 7.2, ""result"": null}]",3.01,0.3753,0.2763,lost,2026-10-08,
A20261007-58,2026-10-07 18:45,auto 18:45,2026-10-08 18:45,3.00,3,"[{""date"": ""2026-10-08"", ""country"": ""Brazil"", ""league"": ""Serie B"", ""home"": ""Avai FC"", ""away"": ""Londrina EC"", ""kickoff"": ""2026-10-08 00:30"", ""sel"": ""O15"", ""label"": ""Over 1.5 goals"", ""odds"": 1.42, ""p"": 0.6968, ""p_market"": 0.6635, ""edge_pp"": 3.3, ""result"": ""won"", ""score"": ""2-1""}, {""date"": ""2026-10-08"", ""country"": ""Egypt"", ""league"": ""2. Division A"", ""home"": ""Mega Sport"", ""away"": ""Dayrot"", ""kickoff"": ""2026-10-08 14:30"", ""sel"": ""U25"", ""label"": ""Under 2.5 goals"", ""odds"": 1.52, ""p"": 0.6398, ""p_market"": 0.6021, ""edge_pp"": 3.8, ""result"": null}, {""date"": ""2026-10-08"", ""country"": ""Tanzania"", ""league"": ""Premier League"", ""home"": ""Pamba SC"", ""away"": ""Geita Gold FC"", ""kickoff"": ""2026-10-08 15:15"", ""sel"": ""AO05"", ""label"": ""Geita Gold FC over 0.5 goals"", ""odds"": 1.39, ""p"": 0.7152, ""p_market"": 0.6559, ""edge_pp"": 5.9, ""result"": ""lost"", ""score"": ""4-0""}]",3.00,0.3188,0.2620,lost,2026-10-08,
A20261007-59,2026-10-07 19:17,auto 19:17,2026-10-08 19:17,3.00,3,"[{""date"": ""2026-10-08"", ""country"": ""Chile"", ""league"": ""Cup Final Stage"", ""home"": ""Antofagasta"", ""away"": ""Universidad de Chile"", ""kickoff"": ""2026-10-08 00:00"", ""sel"": ""U35"", ""label"": ""Under 3.5 goals"", ""odds"": 1.45, ""p"": 0.7519, ""p_market"": 0.642, ""edge_pp"": 11.0, ""result"": ""won"", ""score"": ""2-0""}, {""date"": ""2026-10-08"", ""country"": ""Brazil"", ""league"": ""Serie A"", ""home"": ""Internacional"", ""away"": ""Corinthians"", ""kickoff"": ""2026-10-08 00:30"", ""sel"": ""HO05"", ""label"": ""Internacional over 0.5 goals"", ""odds"": 1.44, ""p"": 0.7425, ""p_market"": 0.6604, ""edge_pp"": 8.2, ""result"": ""won"", ""score"": ""2-1""}, {""date"": ""2026-10-08"", ""country"": ""Egypt"", ""league"": ""League Cup: Group A"", ""home"": ""Al-Ittihad Alexandria"", ""away"": ""Wadi Degla FC"", ""kickoff"": ""2026-10-08 16:00"", ""sel"": ""O15"", ""label"": ""Over 1.5 goals"", ""odds"": 1.43, ""p"": 0.7417, ""p_market"": 0.6538, ""edge_pp"": 8.8, ""result"": ""lost"", ""score"": ""0-1""}]",2.99,0.4141,0.2772,lost,2026-10-08,
A20261007-60,2026-10-07 20:11,auto 20:11,2026-10-08 20:11,3.00,3,"[{""date"": ""2026-10-08"", ""country"": ""Brazil"", ""league"": ""Serie A"", ""home"": ""Internacional"", ""away"": ""Corinthians"", ""kickoff"": ""2026-10-08 00:30"", ""sel"": ""HO05"", ""label"": ""Internacional over 0.5 goals"", ""odds"": 1.45, ""p"": 0.7425, ""p_market"": 0.6548, ""edge_pp"": 8.8, ""result"": ""won"", ""score"": ""2-1""}, {""date"": ""2026-10-08"", ""country"": ""USA"", ""league"": ""USL League One"", ""home"": ""Corpus Christi"", ""away"": ""Fort Wayne FC"", ""kickoff"": ""2026-10-08 02:30"", ""sel"": ""U35"", ""label"": ""Under 3.5 goals"", ""odds"": 1.45, ""p"": 0.6914, ""p_market"": 0.6463, ""edge_pp"": 4.5, ""result"": ""lost"", ""score"": ""1-3""}, {""date"": ""2026-10-08"", ""country"": ""Egypt"", ""league"": ""League Cup: Group A"", ""home"": ""Al-Ittihad Alexandria"", ""away"": ""Wadi Degla FC"", ""kickoff"": ""2026-10-08 16:00"", ""sel"": ""O15"", ""label"": ""Over 1.5 goals"", ""odds"": 1.43, ""p"": 0.7417, ""p_market"": 0.6538, ""edge_pp"": 8.8, ""result"": null}]",3.01,0.3807,0.2767,lost,2026-10-08,
A20261007-61,2026-10-07 21:10,auto 21:10,2026-10-08 21:10,3.00,3,"[{""date"": ""2026-10-08"", ""country"": ""Brazil"", ""league"": ""Serie A"", ""home"": ""Internacional"", ""away"": ""Corinthians"", ""kickoff"": ""2026-10-08 00:30"", ""sel"": ""HO05"", ""label"": ""Internacional over 0.5 goals"", ""odds"": 1.42, ""p"": 0.7424, ""p_market"": 0.6713, ""edge_pp"": 7.1, ""result"": ""won"", ""score"": ""2-1""}, {""date"": ""2026-10-08"", ""country"": ""Egypt"", ""league"": ""League Cup: Group A"", ""home"": ""Al-Ittihad Alexandria"", ""away"": ""Wadi Degla FC"", ""kickoff"": ""2026-10-08 16:00"", ""sel"": ""O15"", ""label"": ""Over 1.5 goals"", ""odds"": 1.43, ""p"": 0.7417, ""p_market"": 0.6538, ""edge_pp"": 8.8, ""result"": ""lost"", ""score"": ""0-1""}, {""date"": ""2026-10-08"", ""country"": ""Qatar"", ""league"": ""Qatar Stars League"", ""home"": ""Al-Wakra"", ""away"": ""Al-Gharafa"", ""kickoff"": ""2026-10-08 19:00"", ""sel"": ""BTTS"", ""label"": ""Both teams to score"", ""odds"": 1.48, ""p"": 0.6414, ""p_market"": 0.6186, ""edge_pp"": 2.3, ""result"": null}]",3.01,0.3532,0.2715,lost,2026-10-08,
A20261007-62,2026-10-07 21:10,auto 21:10,2026-10-08 21:10,3.00,3,"[{""date"": ""2026-10-08"", ""country"": ""Egypt"", ""league"": ""2. Division A"", ""home"": ""Mega Sport"", ""away"": ""Dayrot"", ""kickoff"": ""2026-10-08 14:30"", ""sel"": ""U25"", ""label"": ""Under 2.5 goals"", ""odds"": 1.52, ""p"": 0.6398, ""p_market"": 0.6021, ""edge_pp"": 3.8, ""result"": ""won"", ""score"": ""0-1""}, {""date"": ""2026-10-08"", ""country"": ""Ecuador"", ""league"": ""Serie B. Promotion Round"", ""home"": ""Independiente Juniors"", ""away"": ""Nueve de Octubre"", ""kickoff"": ""2026-10-08 19:00"", ""sel"": ""HO05"", ""label"": ""Independiente Juniors over 0.5 goals"", ""odds"": 1.41, ""p"": 0.7308, ""p_market"": 0.6439, ""edge_pp"": 8.7, ""result"": ""won"", ""score"": ""1-0""}, {""date"": ""2026-10-08"", ""country"": ""Egypt"", ""league"": ""League Cup: Group D"", ""home"": ""Ghazl Al Mehalla"", ""away"": ""Abo Qir Semad"", ""kickoff"": ""2026-10-08 19:00"", ""sel"": ""HU15"", ""label"": ""Ghazl Al Mehalla under 1.5 goals"", ""odds"": 1.4, ""p"": 0.7414, ""p_market"": 0.65, ""edge_pp"": 9.1, ""result"": ""won"", ""score"": ""1-1""}]",3.00,0.3466,0.2520,won,2026-10-09,
A20261007-63,2026-10-07 23:13,auto 23:13,2026-10-08 23:13,3.00,3,"[{""date"": ""2026-10-08"", ""country"": ""Colombia"", ""league"": ""Primera B: Clausura"", ""home"": ""Boca Juniors de Cali"", ""away"": ""Union Magdalena"", ""kickoff"": ""2026-10-08 00:00"", ""sel"": ""AU15"", ""label"": ""Union Magdalena under 1.5 goals"", ""odds"": 1.43, ""p"": 0.7501, ""p_market"": 0.6452, ""edge_pp"": 10.5, ""result"": ""won"", ""score"": ""1-1""}, {""date"": ""2026-10-08"", ""country"": ""Uruguay"", ""league"": ""Copa Uruguay"", ""home"": ""Plaza Colonia"", ""away"": ""Juventud de las Piedras"", ""kickoff"": ""2026-10-08 01:00"", ""sel"": ""O15"", ""label"": ""Over 1.5 goals"", ""odds"": 1.46, ""p"": 0.7411, ""p_market"": 0.6448, ""edge_pp"": 9.6, ""result"": ""lost"", ""score"": ""0-1""}, {""date"": ""2026-10-08"", ""country"": ""Egypt"", ""league"": ""League Cup: Group A"", ""home"": ""Al-Ittihad Alexandria"", ""away"": ""Wadi Degla FC"", ""kickoff"": ""2026-10-08 16:00"", ""sel"": ""O15"", ""label"": ""Over 1.5 goals"", ""odds"": 1.43, ""p"": 0.7417, ""p_market"": 0.6538, ""edge_pp"": 8.8, ""result"": null}]",2.99,0.4123,0.2719,lost,2026-10-08,
A20261007-64,2026-10-07 23:51,auto 23:51,2026-10-08 23:51,3.00,3,"[{""date"": ""2026-10-08"", ""country"": ""Brazil"", ""league"": ""Serie A"", ""home"": ""Remo"", ""away"": ""Gremio"", ""kickoff"": ""2026-10-08 00:30"", ""sel"": ""AO05"", ""label"": ""Gremio over 0.5 goals"", ""odds"": 1.45, ""p"": 0.6981, ""p_market"": 0.6548, ""edge_pp"": 4.3, ""result"": ""won"", ""score"": ""1-1""}, {""date"": ""2026-10-08"", ""country"": ""USA"", ""league"": ""USL League One"", ""home"": ""Corpus Christi"", ""away"": ""Fort Wayne FC"", ""kickoff"": ""2026-10-08 02:30"", ""sel"": ""U35"", ""label"": ""Under 3.5 goals"", ""odds"": 1.45, ""p"": 0.6914, ""p_market"": 0.6463, ""edge_pp"": 4.5, ""result"": ""lost"", ""score"": ""1-3""}, {""date"": ""2026-10-08"", ""country"": ""Egypt"", ""league"": ""League Cup: Group A"", ""home"": ""Al-Ittihad Alexandria"", ""away"": ""Wadi Degla FC"", ""kickoff"": ""2026-10-08 16:00"", ""sel"": ""O15"", ""label"": ""Over 1.5 goals"", ""odds"": 1.43, ""p"": 0.7417, ""p_market"": 0.6538, ""edge_pp"": 8.8, ""result"": null}]",3.01,0.3580,0.2767,lost,2026-10-08,
A20261007-65,2026-10-07 23:51,auto 23:51,2026-10-08 23:51,3.00,3,"[{""date"": ""2026-10-08"", ""country"": ""Brazil"", ""league"": ""Serie A"", ""home"": ""Internacional"", ""away"": ""Corinthians"", ""kickoff"": ""2026-10-08 00:30"", ""sel"": ""HO05"", ""label"": ""Internacional over 0.5 goals"", ""odds"": 1.41, ""p"": 0.7424, ""p_market"": 0.6766, ""edge_pp"": 6.6, ""result"": ""won"", ""score"": ""2-1""}, {""date"": ""2026-10-08"", ""country"": ""Egypt"", ""league"": ""2. Division A"", ""home"": ""Mega Sport"", ""away"": ""Dayrot"", ""kickoff"": ""2026-10-08 14:30"", ""sel"": ""U25"", ""label"": ""Under 2.5 goals"", ""odds"": 1.52, ""p"": 0.6398, ""p_market"": 0.6021, ""edge_pp"": 3.8, ""result"": ""won"", ""score"": ""0-1""}, {""date"": ""2026-10-08"", ""country"": ""Egypt"", ""league"": ""League Cup: Group D"", ""home"": ""Ghazl Al Mehalla"", ""away"": ""Abo Qir Semad"", ""kickoff"": ""2026-10-08 19:00"", ""sel"": ""HU15"", ""label"": ""Ghazl Al Mehalla under 1.5 goals"", ""odds"": 1.4, ""p"": 0.7413, ""p_market"": 0.65, ""edge_pp"": 9.1, ""result"": ""won"", ""score"": ""1-1""}]",3.00,0.3521,0.2648,won,2026-10-09,
A20261008-01,2026-10-08 00:09,auto 00:09,2026-10-09 00:09,3.00,3,"[{""date"": ""2026-10-08"", ""country"": ""Brazil"", ""league"": ""Serie A"", ""home"": ""Internacional"", ""away"": ""Corinthians"", ""kickoff"": ""2026-10-08 00:30"", ""sel"": ""HO05"", ""label"": ""Internacional over 0.5 goals"", ""odds"": 1.4, ""p"": 0.7425, ""p_market"": 0.6818, ""edge_pp"": 6.1, ""result"": ""won"", ""score"": ""2-1""}, {""date"": ""2026-10-08"", ""country"": ""Egypt"", ""league"": ""2. Division A"", ""home"": ""Mega Sport"", ""away"": ""Dayrot"", ""kickoff"": ""2026-10-08 14:30"", ""sel"": ""U25"", ""label"": ""Under 2.5 goals"", ""odds"": 1.52, ""p"": 0.6396, ""p_market"": 0.6021, ""edge_pp"": 3.7, ""result"": ""won"", ""score"": ""0-1""}, {""date"": ""2026-10-08"", ""country"": ""Ecuador"", ""league"": ""Serie B. Promotion Round"", ""home"": ""Independiente Juniors"", ""away"": ""Nueve de Octubre"", ""kickoff"": ""2026-10-08 19:00"", ""sel"": ""HO05"", ""label"": ""Independiente Juniors over 0.5 goals"", ""odds"": 1.41, ""p"": 0.731, ""p_market"": 0.6439, ""edge_pp"": 8.7, ""result"": ""won"", ""score"": ""1-0""}]",3.00,0.3471,0.2643,won,2026-10-09,
A20261008-02,2026-10-08 00:41,auto 00:41,2026-10-09 00:41,3.00,3,"[{""date"": ""2026-10-08"", ""country"": ""USA"", ""league"": ""USL League One"", ""home"": ""Corpus Christi"", ""away"": ""Fort Wayne FC"", ""kickoff"": ""2026-10-08 02:30"", ""sel"": ""U35"", ""label"": ""Under 3.5 goals"", ""odds"": 1.45, ""p"": 0.6913, ""p_market"": 0.6463, ""edge_pp"": 4.5, ""result"": ""lost"", ""score"": ""1-3""}, {""date"": ""2026-10-08"", ""country"": ""Egypt"", ""league"": ""League Cup: Group A"", ""home"": ""Al-Ittihad Alexandria"", ""away"": ""Wadi Degla FC"", ""kickoff"": ""2026-10-08 16:00"", ""sel"": ""O15"", ""label"": ""Over 1.5 goals"", ""odds"": 1.43, ""p"": 0.7419, ""p_market"": 0.6538, ""edge_pp"": 8.8, ""result"": null}, {""date"": ""2026-10-09"", ""country"": ""Brazil"", ""league"": ""Serie A"", ""home"": ""Santos FC"", ""away"": ""Flamengo"", ""kickoff"": ""2026-10-09 00:30"", ""sel"": ""U35"", ""label"": ""Under 3.5 goals"", ""odds"": 1.44, ""p"": 0.7355, ""p_market"": 0.6682, ""edge_pp"": 6.7, ""result"": null}]",2.99,0.3772,0.2823,lost,2026-10-08,
A20261008-03,2026-10-08 00:41,auto 00:41,2026-10-09 00:41,3.00,3,"[{""date"": ""2026-10-08"", ""country"": ""Egypt"", ""league"": ""2. Division A"", ""home"": ""Mega Sport"", ""away"": ""Dayrot"", ""kickoff"": ""2026-10-08 14:30"", ""sel"": ""U25"", ""label"": ""Under 2.5 goals"", ""odds"": 1.52, ""p"": 0.6396, ""p_market"": 0.6021, ""edge_pp"": 3.7, ""result"": ""won"", ""score"": ""0-1""}, {""date"": ""2026-10-08"", ""country"": ""Ecuador"", ""league"": ""Serie B. Promotion Round"", ""home"": ""Independiente Juniors"", ""away"": ""Nueve de Octubre"", ""kickoff"": ""2026-10-08 19:00"", ""sel"": ""HO05"", ""label"": ""Independiente Juniors over 0.5 goals"", ""odds"": 1.41, ""p"": 0.7285, ""p_market"": 0.6439, ""edge_pp"": 8.5, ""result"": ""won"", ""score"": ""1-0""}, {""date"": ""2026-10-08"", ""country"": ""Qatar"", ""league"": ""Qatar Stars League"", ""home"": ""Al-Wakra"", ""away"": ""Al-Gharafa"", ""kickoff"": ""2026-10-08 19:00"", ""sel"": ""1X"", ""label"": ""Al-Wakra or draw"", ""odds"": 1.4, ""p"": 0.706, ""p_market"": 0.6597, ""edge_pp"": 4.6, ""result"": ""won"", ""score"": ""3-2""}]",3.00,0.3290,0.2558,won,2026-10-09,
A20261008-04,2026-10-08 01:07,auto 01:07,2026-10-09 01:07,3.00,3,"[{""date"": ""2026-10-08"", ""country"": ""Egypt"", ""league"": ""League Cup: Group A"", ""home"": ""Al-Ittihad Alexandria"", ""away"": ""Wadi Degla FC"", ""kickoff"": ""2026-10-08 16:00"", ""sel"": ""O15"", ""label"": ""Over 1.5 goals"", ""odds"": 1.43, ""p"": 0.7419, ""p_market"": 0.6538, ""edge_pp"": 8.8, ""result"": ""lost"", ""score"": ""0-1""}, {""date"": ""2026-10-08"", ""country"": ""Egypt"", ""league"": ""League Cup: Group C"", ""home"": ""Al Mokawloon Al Arab"", ""away"": ""El Gounah"", ""kickoff"": ""2026-10-08 16:00"", ""sel"": ""O15"", ""label"": ""Over 1.5 goals"", ""odds"": 1.46, ""p"": 0.7532, ""p_market"": 0.6404, ""edge_pp"": 11.3, ""result"": ""won"", ""score"": ""2-0""}, {""date"": ""2026-10-09"", ""country"": ""Brazil"", ""league"": ""Serie A"", ""home"": ""Santos FC"", ""away"": ""Flamengo"", ""kickoff"": ""2026-10-09 00:30"", ""sel"": ""U35"", ""label"": ""Under 3.5 goals"", ""odds"": 1.44, ""p"": 0.7355, ""p_market"": 0.6682, ""edge_pp"": 6.7, ""result"": null}]",3.01,0.4110,0.2797,lost,2026-10-08,
A20261008-05,2026-10-08 06:09,auto 06:09,2026-10-09 06:09,3.00,3,"[{""date"": ""2026-10-08"", ""country"": ""Egypt"", ""league"": ""League Cup: Group C"", ""home"": ""Al Mokawloon Al Arab"", ""away"": ""El Gounah"", ""kickoff"": ""2026-10-08 16:00"", ""sel"": ""X2"", ""label"": ""Draw or El Gounah"", ""odds"": 1.86, ""p"": 0.5651, ""p_market"": 0.4786, ""edge_pp"": 8.7, ""result"": ""lost"", ""score"": ""2-0""}, {""date"": ""2026-10-08"", ""country"": ""Jamaica"", ""league"": ""Premier League"", ""home"": ""Portmore United"", ""away"": ""Waterhouse FC"", ""kickoff"": ""2026-10-08 22:30"", ""sel"": ""AO05"", ""label"": ""Waterhouse FC over 0.5 goals"", ""odds"": 1.35, ""p"": 0.7833, ""p_market"": 0.686, ""edge_pp"": 9.7, ""result"": null}, {""date"": ""2026-10-09"", ""country"": ""Brazil"", ""league"": ""Serie A"", ""home"": ""Palmeiras"", ""away"": ""Bahia"", ""kickoff"": ""2026-10-09 02:30"", ""sel"": ""1X"", ""label"": ""Palmeiras or draw"", ""odds"": 1.19, ""p"": 0.8778, ""p_market"": 0.8178, ""edge_pp"": 6.0, ""result"": null}]",2.99,0.3886,0.2685,lost,2026-10-08,
A20261008-06,2026-10-08 08:49,auto 08:49,2026-10-09 08:49,3.00,3,"[{""date"": ""2026-10-08"", ""country"": ""Egypt"", ""league"": ""League Cup: Group A"", ""home"": ""Al-Ittihad Alexandria"", ""away"": ""Wadi Degla FC"", ""kickoff"": ""2026-10-08 16:00"", ""sel"": ""O15"", ""label"": ""Over 1.5 goals"", ""odds"": 1.43, ""p"": 0.7418, ""p_market"": 0.6538, ""edge_pp"": 8.8, ""result"": ""lost"", ""score"": ""0-1""}, {""date"": ""2026-10-08"", ""country"": ""Ireland"", ""league"": ""League of Ireland Premier Division"", ""home"": ""Shamrock Rovers"", ""away"": ""Drogheda United"", ""kickoff"": ""2026-10-08 21:00"", ""sel"": ""U35"", ""label"": ""Under 3.5 goals"", ""odds"": 1.45, ""p"": 0.6853, ""p_market"": 0.6506, ""edge_pp"": 3.5, ""result"": null}, {""date"": ""2026-10-09"", ""country"": ""Brazil"", ""league"": ""Serie A"", ""home"": ""Santos FC"", ""away"": ""Flamengo"", ""kickoff"": ""2026-10-09 00:30"", ""sel"": ""U35"", ""label"": ""Under 3.5 goals"", ""odds"": 1.44, ""p"": 0.7359, ""p_market"": 0.6682, ""edge_pp"": 6.8, ""result"": null}]",2.99,0.3741,0.2842,lost,2026-10-08,
A20261008-07,2026-10-08 09:44,auto 09:44,2026-10-09 09:44,3.00,3,"[{""date"": ""2026-10-08"", ""country"": ""Vietnam"", ""league"": ""V-League"", ""home"": ""Viettel"", ""away"": ""Hong Linh Ha Tinh"", ""kickoff"": ""2026-10-08 14:15"", ""sel"": ""O15"", ""label"": ""Over 1.5 goals"", ""odds"": 1.42, ""p"": 0.7314, ""p_market"": 0.6595, ""edge_pp"": 7.2, ""result"": ""won"", ""score"": ""1-3""}, {""date"": ""2026-10-08"", ""country"": ""Iran"", ""league"": ""Persian Gulf Pro League"", ""home"": ""Sepahan"", ""away"": ""Fajr Sepasi"", ""kickoff"": ""2026-10-08 17:15"", ""sel"": ""U25"", ""label"": ""Under 2.5 goals"", ""odds"": 1.51, ""p"": 0.6914, ""p_market"": 0.6088, ""edge_pp"": 8.3, ""result"": ""lost"", ""score"": ""6-1""}, {""date"": ""2026-10-09"", ""country"": ""Brazil"", ""league"": ""Serie B"", ""home"": ""Nautico"", ""away"": ""Novorizontino"", ""kickoff"": ""2026-10-09 00:30"", ""sel"": ""U35"", ""label"": ""Under 3.5 goals"", ""odds"": 1.39, ""p"": 0.7744, ""p_market"": 0.6797, ""edge_pp"": 9.5, ""result"": null}]",2.98,0.3916,0.2729,lost,2026-10-08,
A20261008-08,2026-10-08 09:44,auto 09:44,2026-10-09 09:44,3.00,3,"[{""date"": ""2026-10-08"", ""country"": ""Ireland"", ""league"": ""League of Ireland Premier Division"", ""home"": ""Shamrock Rovers"", ""away"": ""Drogheda United"", ""kickoff"": ""2026-10-08 21:00"", ""sel"": ""U35"", ""label"": ""Under 3.5 goals"", ""odds"": 1.47, ""p"": 0.6853, ""p_market"": 0.6432, ""edge_pp"": 4.2, ""result"": ""lost"", ""score"": ""3-1""}, {""date"": ""2026-10-09"", ""country"": ""Brazil"", ""league"": ""Serie A"", ""home"": ""Santos FC"", ""away"": ""Flamengo"", ""kickoff"": ""2026-10-09 00:30"", ""sel"": ""U35"", ""label"": ""Under 3.5 goals"", ""odds"": 1.45, ""p"": 0.7359, ""p_market"": 0.6628, ""edge_pp"": 7.3, ""result"": null}, {""date"": ""2026-10-09"", ""country"": ""Republic of Korea"", ""league"": ""K-League 1"", ""home"": ""Daejeon Citizen"", ""away"": ""Jeonbuk FC"", ""kickoff"": ""2026-10-09 07:00"", ""sel"": ""U35"", ""label"": ""Under 3.5 goals"", ""odds"": 1.4, ""p"": 0.7596, ""p_market"": 0.6744, ""edge_pp"": 8.5, ""result"": null}]",2.98,0.3830,0.2875,lost,2026-10-08,
A20261008-09,2026-10-08 10:11,auto 10:11,2026-10-09 10:11,3.00,3,"[{""date"": ""2026-10-08"", ""country"": ""Egypt"", ""league"": ""League Cup: Group A"", ""home"": ""Al-Ittihad Alexandria"", ""away"": ""Wadi Degla FC"", ""kickoff"": ""2026-10-08 16:00"", ""sel"": ""O15"", ""label"": ""Over 1.5 goals"", ""odds"": 1.43, ""p"": 0.7418, ""p_market"": 0.6538, ""edge_pp"": 8.8, ""result"": ""lost"", ""score"": ""0-1""}, {""date"": ""2026-10-08"", ""country"": ""Iran"", ""league"": ""Persian Gulf Pro League"", ""home"": ""Sepahan"", ""away"": ""Fajr Sepasi"", ""kickoff"": ""2026-10-08 17:15"", ""sel"": ""U25"", ""label"": ""Under 2.5 goals"", ""odds"": 1.51, ""p"": 0.6914, ""p_market"": 0.6088, ""edge_pp"": 8.3, ""result"": null}, {""date"": ""2026-10-09"", ""country"": ""Brazil"", ""league"": ""Serie B"", ""home"": ""Nautico"", ""away"": ""Novorizontino"", ""kickoff"": ""2026-10-09 00:30"", ""sel"": ""U35"", ""label"": ""Under 3.5 goals"", ""odds"": 1.39, ""p"": 0.7744, ""p_market"": 0.6797, ""edge_pp"": 9.5, ""result"": null}]",3.00,0.3972,0.2705,lost,2026-10-08,
A20261008-10,2026-10-08 10:11,auto 10:11,2026-10-09 10:11,3.00,3,"[{""date"": ""2026-10-08"", ""country"": ""Qatar"", ""league"": ""Qatar Stars League"", ""home"": ""Al-Wakra"", ""away"": ""Al-Gharafa"", ""kickoff"": ""2026-10-08 19:00"", ""sel"": ""1X"", ""label"": ""Al-Wakra or draw"", ""odds"": 1.41, ""p"": 0.706, ""p_market"": 0.6546, ""edge_pp"": 5.1, ""result"": ""won"", ""score"": ""3-2""}, {""date"": ""2026-10-08"", ""country"": ""Ireland"", ""league"": ""League of Ireland Premier Division"", ""home"": ""Shamrock Rovers"", ""away"": ""Drogheda United"", ""kickoff"": ""2026-10-08 21:00"", ""sel"": ""U35"", ""label"": ""Under 3.5 goals"", ""odds"": 1.46, ""p"": 0.6853, ""p_market"": 0.649, ""edge_pp"": 3.6, ""result"": ""lost"", ""score"": ""3-1""}, {""date"": ""2026-10-09"", ""country"": ""Brazil"", ""league"": ""Serie A"", ""home"": ""Santos FC"", ""away"": ""Flamengo"", ""kickoff"": ""2026-10-09 00:30"", ""sel"": ""U35"", ""label"": ""Under 3.5 goals"", ""odds"": 1.45, ""p"": 0.7359, ""p_market"": 0.6628, ""edge_pp"": 7.3, ""result"": null}]",2.98,0.3560,0.2816,lost,2026-10-08,
A20261008-11,2026-10-08 10:44,auto 10:44,2026-10-09 10:44,3.00,3,"[{""date"": ""2026-10-08"", ""country"": ""Iran"", ""league"": ""Persian Gulf Pro League"", ""home"": ""Sepahan"", ""away"": ""Fajr Sepasi"", ""kickoff"": ""2026-10-08 17:15"", ""sel"": ""U25"", ""label"": ""Under 2.5 goals"", ""odds"": 1.53, ""p"": 0.6914, ""p_market"": 0.6005, ""edge_pp"": 9.1, ""result"": ""lost"", ""score"": ""6-1""}, {""date"": ""2026-10-08"", ""country"": ""Jamaica"", ""league"": ""Premier League"", ""home"": ""Portmore United"", ""away"": ""Waterhouse FC"", ""kickoff"": ""2026-10-08 22:30"", ""sel"": ""AO05"", ""label"": ""Waterhouse FC over 0.5 goals"", ""odds"": 1.35, ""p"": 0.7833, ""p_market"": 0.686, ""edge_pp"": 9.7, ""result"": null}, {""date"": ""2026-10-09"", ""country"": ""Brazil"", ""league"": ""Serie A"", ""home"": ""Santos FC"", ""away"": ""Flamengo"", ""kickoff"": ""2026-10-09 00:30"", ""sel"": ""U35"", ""label"": ""Under 3.5 goals"", ""odds"": 1.45, ""p"": 0.7359, ""p_market"": 0.6628, ""edge_pp"": 7.3, ""result"": null}]",2.99,0.3986,0.2731,lost,2026-10-08,
A20261008-12,2026-10-08 12:11,12:00,2026-10-09 12:11,3.00,3,"[{""date"": ""2026-10-08"", ""country"": ""Egypt"", ""league"": ""League Cup: Group A"", ""home"": ""Al-Ittihad Alexandria"", ""away"": ""Wadi Degla FC"", ""kickoff"": ""2026-10-08 16:00"", ""sel"": ""O15"", ""label"": ""Over 1.5 goals"", ""odds"": 1.43, ""p"": 0.7418, ""p_market"": 0.6538, ""edge_pp"": 8.8, ""result"": ""lost"", ""score"": ""0-1""}, {""date"": ""2026-10-08"", ""country"": ""Ireland"", ""league"": ""League of Ireland Premier Division"", ""home"": ""Shamrock Rovers"", ""away"": ""Drogheda United"", ""kickoff"": ""2026-10-08 21:00"", ""sel"": ""U35"", ""label"": ""Under 3.5 goals"", ""odds"": 1.47, ""p"": 0.6853, ""p_market"": 0.6432, ""edge_pp"": 4.2, ""result"": null}, {""date"": ""2026-10-09"", ""country"": ""Republic of Korea"", ""league"": ""K League 2"", ""home"": ""Suwon FC"", ""away"": ""Hwaseong"", ""kickoff"": ""2026-10-09 07:00"", ""sel"": ""U35"", ""label"": ""Under 3.5 goals"", ""odds"": 1.43, ""p"": 0.7126, ""p_market"": 0.6407, ""edge_pp"": 7.2, ""result"": null}]",3.01,0.3622,0.2694,lost,2026-10-08,
A20261008-13,2026-10-08 12:43,auto 12:43,2026-10-09 12:43,3.00,3,"[{""date"": ""2026-10-08"", ""country"": ""Ireland"", ""league"": ""League of Ireland Premier Division"", ""home"": ""Shamrock Rovers"", ""away"": ""Drogheda United"", ""kickoff"": ""2026-10-08 21:00"", ""sel"": ""U35"", ""label"": ""Under 3.5 goals"", ""odds"": 1.47, ""p"": 0.6853, ""p_market"": 0.6432, ""edge_pp"": 4.2, ""result"": ""lost"", ""score"": ""3-1""}, {""date"": ""2026-10-09"", ""country"": ""Brazil"", ""league"": ""Serie A"", ""home"": ""Santos FC"", ""away"": ""Flamengo"", ""kickoff"": ""2026-10-09 00:30"", ""sel"": ""U35"", ""label"": ""Under 3.5 goals"", ""odds"": 1.47, ""p"": 0.7359, ""p_market"": 0.6557, ""edge_pp"": 8.0, ""result"": null}, {""date"": ""2026-10-09"", ""country"": ""Brazil"", ""league"": ""Serie B"", ""home"": ""Nautico"", ""away"": ""Novorizontino"", ""kickoff"": ""2026-10-09 00:30"", ""sel"": ""U35"", ""label"": ""Under 3.5 goals"", ""odds"": 1.38, ""p"": 0.7744, ""p_market"": 0.6813, ""edge_pp"": 9.3, ""result"": null}]",2.98,0.3905,0.2874,lost,2026-10-08,
A20261008-14,2026-10-08 12:43,auto 12:43,2026-10-09 12:43,3.00,3,"[{""date"": ""2026-10-08"", ""country"": ""Iran"", ""league"": ""Persian Gulf Pro League"", ""home"": ""Sepahan"", ""away"": ""Fajr Sepasi"", ""kickoff"": ""2026-10-08 17:15"", ""sel"": ""U25"", ""label"": ""Under 2.5 goals"", ""odds"": 1.53, ""p"": 0.6914, ""p_market"": 0.6005, ""edge_pp"": 9.1, ""result"": ""lost"", ""score"": ""6-1""}, {""date"": ""2026-10-08"", ""country"": ""Tanzania"", ""league"": ""Premier League"", ""home"": ""Namungo FC"", ""away"": ""TRA United"", ""kickoff"": ""2026-10-08 17:30"", ""sel"": ""AU15"", ""label"": ""TRA United under 1.5 goals"", ""odds"": 1.4, ""p"": 0.7035, ""p_market"": 0.65, ""edge_pp"": 5.4, ""result"": null}, {""date"": ""2026-10-09"", ""country"": ""Republic of Korea"", ""league"": ""K-League 1"", ""home"": ""Daejeon Citizen"", ""away"": ""Jeonbuk FC"", ""kickoff"": ""2026-10-09 07:00"", ""sel"": ""U35"", ""label"": ""Under 3.5 goals"", ""odds"": 1.4, ""p"": 0.7596, ""p_market"": 0.6744, ""edge_pp"": 8.5, ""result"": null}]",3.00,0.3695,0.2633,lost,2026-10-08,
A20261008-15,2026-10-08 13:14,auto 13:14,2026-10-09 13:14,3.00,3,"[{""date"": ""2026-10-08"", ""country"": ""Egypt"", ""league"": ""League Cup: Group A"", ""home"": ""Al-Ittihad Alexandria"", ""away"": ""Wadi Degla FC"", ""kickoff"": ""2026-10-08 16:00"", ""sel"": ""O15"", ""label"": ""Over 1.5 goals"", ""odds"": 1.43, ""p"": 0.7418, ""p_market"": 0.6538, ""edge_pp"": 8.8, ""result"": ""lost"", ""score"": ""0-1""}, {""date"": ""2026-10-08"", ""country"": ""Tanzania"", ""league"": ""Premier League"", ""home"": ""Namungo FC"", ""away"": ""TRA United"", ""kickoff"": ""2026-10-08 17:30"", ""sel"": ""AU15"", ""label"": ""TRA United under 1.5 goals"", ""odds"": 1.49, ""p"": 0.7035, ""p_market"": 0.6069, ""edge_pp"": 9.7, ""result"": null}, {""date"": ""2026-10-09"", ""country"": ""Republic of Korea"", ""league"": ""K-League 1"", ""home"": ""Daejeon Citizen"", ""away"": ""Jeonbuk FC"", ""kickoff"": ""2026-10-09 07:00"", ""sel"": ""U35"", ""label"": ""Under 3.5 goals"", ""odds"": 1.4, ""p"": 0.7596, ""p_market"": 0.6744, ""edge_pp"": 8.5, ""result"": null}]",2.98,0.3964,0.2676,lost,2026-10-08,
A20261008-16,2026-10-08 13:14,auto 13:14,2026-10-09 13:14,3.00,3,"[{""date"": ""2026-10-08"", ""country"": ""Iran"", ""league"": ""Persian Gulf Pro League"", ""home"": ""Tractor FC"", ""away"": ""Esteghlal"", ""kickoff"": ""2026-10-08 15:30"", ""sel"": ""AU15"", ""label"": ""Esteghlal under 1.5 goals"", ""odds"": 1.28, ""p"": 0.8118, ""p_market"": 0.7078, ""edge_pp"": 10.4, ""result"": ""won"", ""score"": ""1-1""}, {""date"": ""2026-10-08"", ""country"": ""Iran"", ""league"": ""Persian Gulf Pro League"", ""home"": ""Sepahan"", ""away"": ""Fajr Sepasi"", ""kickoff"": ""2026-10-08 17:15"", ""sel"": ""U25"", ""label"": ""Under 2.5 goals"", ""odds"": 1.53, ""p"": 0.6914, ""p_market"": 0.6005, ""edge_pp"": 9.1, ""result"": ""lost"", ""score"": ""6-1""}, {""date"": ""2026-10-09"", ""country"": ""Tanzania"", ""league"": ""Premier League"", ""home"": ""Fountain Gate FC"", ""away"": ""JKT Tanzania"", ""kickoff"": ""2026-10-09 13:00"", ""sel"": ""X2"", ""label"": ""Draw or JKT Tanzania"", ""odds"": 1.53, ""p"": 0.6591, ""p_market"": 0.5789, ""edge_pp"": 8.0, ""result"": null}]",3.00,0.3700,0.2460,lost,2026-10-08,
A20261008-17,2026-10-08 13:42,auto 13:42,2026-10-09 13:42,3.00,3,"[{""date"": ""2026-10-08"", ""country"": ""Iran"", ""league"": ""Persian Gulf Pro League"", ""home"": ""Sepahan"", ""away"": ""Fajr Sepasi"", ""kickoff"": ""2026-10-08 17:15"", ""sel"": ""U25"", ""label"": ""Under 2.5 goals"", ""odds"": 1.53, ""p"": 0.6914, ""p_market"": 0.6005, ""edge_pp"": 9.1, ""result"": ""lost"", ""score"": ""6-1""}, {""date"": ""2026-10-08"", ""country"": ""Egypt"", ""league"": ""League Cup: Group B"", ""home"": ""Modern Sport FC"", ""away"": ""National Bank"", ""kickoff"": ""2026-10-08 19:00"", ""sel"": ""12"", ""label"": ""Modern Sport FC or National Bank"", ""odds"": 1.33, ""p"": 0.7359, ""p_market"": 0.704, ""edge_pp"": 3.2, ""result"": null}, {""date"": ""2026-10-09"", ""country"": ""Brazil"", ""league"": ""Serie A"", ""home"": ""Santos FC"", ""away"": ""Flamengo"", ""kickoff"": ""2026-10-09 00:30"", ""sel"": ""U35"", ""label"": ""Under 3.5 goals"", ""odds"": 1.47, ""p"": 0.7359, ""p_market"": 0.6557, ""edge_pp"": 8.0, ""result"": null}]",2.99,0.3744,0.2772,lost,2026-10-08,
A20261008-18,2026-10-08 14:12,auto 14:12,2026-10-09 14:12,3.00,3,"[{""date"": ""2026-10-08"", ""country"": ""Tanzania"", ""league"": ""Premier League"", ""home"": ""Namungo FC"", ""away"": ""TRA United"", ""kickoff"": ""2026-10-08 17:30"", ""sel"": ""AU15"", ""label"": ""TRA United under 1.5 goals"", ""odds"": 1.56, ""p"": 0.7035, ""p_market"": 0.5851, ""edge_pp"": 11.8, ""result"": ""won"", ""score"": ""1-0""}, {""date"": ""2026-10-09"", ""country"": ""Brazil"", ""league"": ""Serie B"", ""home"": ""Nautico"", ""away"": ""Novorizontino"", ""kickoff"": ""2026-10-09 00:30"", ""sel"": ""U35"", ""label"": ""Under 3.5 goals"", ""odds"": 1.38, ""p"": 0.7744, ""p_market"": 0.6813, ""edge_pp"": 9.3, ""result"": ""won"", ""score"": ""0-2""}, {""date"": ""2026-10-09"", ""country"": ""China"", ""league"": ""Super League"", ""home"": ""Zhejiang Professional"", ""away"": ""Shanghai Port"", ""kickoff"": ""2026-10-09 14:00"", ""sel"": ""U45"", ""label"": ""Under 4.5 goals"", ""odds"": 1.39, ""p"": 0.7719, ""p_market"": 0.6904, ""edge_pp"": 8.1, ""result"": ""lost"", ""score"": ""2-4""}]",2.99,0.4205,0.2752,lost,2026-10-09,
A20261008-19,2026-10-08 14:50,auto 14:50,2026-10-09 14:50,3.00,3,"[{""date"": ""2026-10-08"", ""country"": ""Egypt"", ""league"": ""League Cup: Group A"", ""home"": ""Al-Ittihad Alexandria"", ""away"": ""Wadi Degla FC"", ""kickoff"": ""2026-10-08 16:00"", ""sel"": ""O15"", ""label"": ""Over 1.5 goals"", ""odds"": 1.43, ""p"": 0.7418, ""p_market"": 0.6538, ""edge_pp"": 8.8, ""result"": ""lost"", ""score"": ""0-1""}, {""date"": ""2026-10-08"", ""country"": ""Iran"", ""league"": ""Persian Gulf Pro League"", ""home"": ""Sepahan"", ""away"": ""Fajr Sepasi"", ""kickoff"": ""2026-10-08 17:15"", ""sel"": ""U25"", ""label"": ""Under 2.5 goals"", ""odds"": 1.52, ""p"": 0.6914, ""p_market"": 0.6072, ""edge_pp"": 8.4, ""result"": null}, {""date"": ""2026-10-09"", ""country"": ""Japan"", ""league"": ""J1 League"", ""home"": ""Kashiwa Reysol"", ""away"": ""Vissel Kobe"", ""kickoff"": ""2026-10-09 12:00"", ""sel"": ""AO05"", ""label"": ""Vissel Kobe over 0.5 goals"", ""odds"": 1.38, ""p"": 0.7527, ""p_market"": 0.692, ""edge_pp"": 6.1, ""result"": null}]",3.00,0.3861,0.2747,lost,2026-10-08,
A20261008-20,2026-10-08 14:50,auto 14:50,2026-10-09 14:50,3.00,3,"[{""date"": ""2026-10-08"", ""country"": ""Ireland"", ""league"": ""League of Ireland Premier Division"", ""home"": ""Shamrock Rovers"", ""away"": ""Drogheda United"", ""kickoff"": ""2026-10-08 21:00"", ""sel"": ""U35"", ""label"": ""Under 3.5 goals"", ""odds"": 1.45, ""p"": 0.6853, ""p_market"": 0.6506, ""edge_pp"": 3.5, ""result"": ""lost"", ""score"": ""3-1""}, {""date"": ""2026-10-09"", ""country"": ""Republic of Korea"", ""league"": ""K League 2"", ""home"": ""Suwon FC"", ""away"": ""Hwaseong"", ""kickoff"": ""2026-10-09 07:00"", ""sel"": ""U35"", ""label"": ""Under 3.5 goals"", ""odds"": 1.43, ""p"": 0.7126, ""p_market"": 0.6407, ""edge_pp"": 7.2, ""result"": null}, {""date"": ""2026-10-09"", ""country"": ""Egypt"", ""league"": ""2. Division A"", ""home"": ""El Entag El Harby"", ""away"": ""La Viena FC"", ""kickoff"": ""2026-10-09 14:30"", ""sel"": ""HU15"", ""label"": ""El Entag El Harby under 1.5 goals"", ""odds"": 1.45, ""p"": 0.6718, ""p_market"": 0.6282, ""edge_pp"": 4.4, ""result"": null}]",3.01,0.3281,0.2619,lost,2026-10-08,
A20261008-21,2026-10-08 15:22,auto 15:22,2026-10-09 15:22,3.00,3,"[{""date"": ""2026-10-08"", ""country"": ""Iran"", ""league"": ""Persian Gulf Pro League"", ""home"": ""Sepahan"", ""away"": ""Fajr Sepasi"", ""kickoff"": ""2026-10-08 17:15"", ""sel"": ""U25"", ""label"": ""Under 2.5 goals"", ""odds"": 1.52, ""p"": 0.6914, ""p_market"": 0.6072, ""edge_pp"": 8.4, ""result"": ""lost"", ""score"": ""6-1""}, {""date"": ""2026-10-09"", ""country"": ""Brazil"", ""league"": ""Serie B"", ""home"": ""Nautico"", ""away"": ""Novorizontino"", ""kickoff"": ""2026-10-09 00:30"", ""sel"": ""U35"", ""label"": ""Under 3.5 goals"", ""odds"": 1.4, ""p"": 0.7744, ""p_market"": 0.6744, ""edge_pp"": 10.0, ""result"": null}, {""date"": ""2026-10-09"", ""country"": ""Tanzania"", ""league"": ""Premier League"", ""home"": ""Mbeya City"", ""away"": ""Kagera Sugar"", ""kickoff"": ""2026-10-09 15:15"", ""sel"": ""O15"", ""label"": ""Over 1.5 goals"", ""odds"": 1.41, ""p"": 0.6995, ""p_market"": 0.6484, ""edge_pp"": 5.1, ""result"": null}]",3.00,0.3746,0.2655,lost,2026-10-08,
A20261008-22,2026-10-08 15:51,auto 15:51,2026-10-09 15:51,3.00,3,"[{""date"": ""2026-10-09"", ""country"": ""Brazil"", ""league"": ""Serie B"", ""home"": ""Nautico"", ""away"": ""Novorizontino"", ""kickoff"": ""2026-10-09 00:30"", ""sel"": ""U35"", ""label"": ""Under 3.5 goals"", ""odds"": 1.4, ""p"": 0.7744, ""p_market"": 0.6744, ""edge_pp"": 10.0, ""result"": ""won"", ""score"": ""0-2""}, {""date"": ""2026-10-09"", ""country"": ""Brazil"", ""league"": ""Serie A"", ""home"": ""Fluminense"", ""away"": ""Coritiba"", ""kickoff"": ""2026-10-09 02:30"", ""sel"": ""CU115"", ""label"": ""Under 11.5 corners"", ""odds"": 1.55, ""p"": 0.6752, ""p_market"": 0.5974, ""edge_pp"": 7.8, ""result"": null, ""score"": ""4-0""}, {""date"": ""2026-10-09"", ""country"": ""China"", ""league"": ""Super League"", ""home"": ""Zhejiang Professional"", ""away"": ""Shanghai Port"", ""kickoff"": ""2026-10-09 14:00"", ""sel"": ""U45"", ""label"": ""Under 4.5 goals"", ""odds"": 1.39, ""p"": 0.7719, ""p_market"": 0.6904, ""edge_pp"": 8.2, ""result"": ""lost"", ""score"": ""2-4""}]",3.02,0.4036,0.2782,lost,2026-10-09,
A20261008-23,2026-10-08 15:51,auto 15:51,2026-10-09 15:51,3.00,3,"[{""date"": ""2026-10-08"", ""country"": ""Iran"", ""league"": ""Persian Gulf Pro League"", ""home"": ""Sepahan"", ""away"": ""Fajr Sepasi"", ""kickoff"": ""2026-10-08 17:15"", ""sel"": ""U25"", ""label"": ""Under 2.5 goals"", ""odds"": 1.52, ""p"": 0.6915, ""p_market"": 0.6072, ""edge_pp"": 8.4, ""result"": ""lost"", ""score"": ""6-1""}, {""date"": ""2026-10-09"", ""country"": ""Republic of Korea"", ""league"": ""K League 2"", ""home"": ""Suwon FC"", ""away"": ""Hwaseong"", ""kickoff"": ""2026-10-09 07:00"", ""sel"": ""U35"", ""label"": ""Under 3.5 goals"", ""odds"": 1.43, ""p"": 0.7126, ""p_market"": 0.6407, ""edge_pp"": 7.2, ""result"": null}, {""date"": ""2026-10-09"", ""country"": ""Japan"", ""league"": ""J1 League"", ""home"": ""Kashiwa Reysol"", ""away"": ""Vissel Kobe"", ""kickoff"": ""2026-10-09 12:00"", ""sel"": ""AO05"", ""label"": ""Vissel Kobe over 0.5 goals"", ""odds"": 1.38, ""p"": 0.7527, ""p_market"": 0.692, ""edge_pp"": 6.1, ""result"": null}]",3.00,0.3709,0.2692,lost,2026-10-08,
A20261008-24,2026-10-08 15:51,auto 15:51,2026-10-09 15:51,3.00,3,"[{""date"": ""2026-10-08"", ""country"": ""Ecuador"", ""league"": ""Serie B. Promotion Round"", ""home"": ""Independiente Juniors"", ""away"": ""Nueve de Octubre"", ""kickoff"": ""2026-10-08 19:00"", ""sel"": ""HO05"", ""label"": ""Independiente Juniors over 0.5 goals"", ""odds"": 1.38, ""p"": 0.7285, ""p_market"": 0.6576, ""edge_pp"": 7.1, ""result"": ""won"", ""score"": ""1-0""}, {""date"": ""2026-10-08"", ""country"": ""Ireland"", ""league"": ""League of Ireland Premier Division"", ""home"": ""Shamrock Rovers"", ""away"": ""Drogheda United"", ""kickoff"": ""2026-10-08 21:00"", ""sel"": ""U35"", ""label"": ""Under 3.5 goals"", ""odds"": 1.45, ""p"": 0.6853, ""p_market"": 0.6506, ""edge_pp"": 3.5, ""result"": ""lost"", ""score"": ""3-1""}, {""date"": ""2026-10-09"", ""country"": ""Saudi Arabia"", ""league"": ""Saudi Professional League"", ""home"": ""Al Kholood"", ""away"": ""Al Qadsiah"", ""kickoff"": ""2026-10-09 15:50"", ""sel"": ""AO15"", ""label"": ""Al Qadsiah over 1.5 goals"", ""odds"": 1.5, ""p"": 0.6424, ""p_market"": 0.6203, ""edge_pp"": 2.2, ""result"": null}]",3.00,0.3207,0.2654,lost,2026-10-08,
A20261008-25,2026-10-08 16:26,auto 16:26,2026-10-09 16:26,3.00,3,"[{""date"": ""2026-10-08"", ""country"": ""Iran"", ""league"": ""Persian Gulf Pro League"", ""home"": ""Sepahan"", ""away"": ""Fajr Sepasi"", ""kickoff"": ""2026-10-08 17:15"", ""sel"": ""U25"", ""label"": ""Under 2.5 goals"", ""odds"": 1.5, ""p"": 0.6915, ""p_market"": 0.6104, ""edge_pp"": 8.1, ""result"": ""lost"", ""score"": ""6-1""}, {""date"": ""2026-10-09"", ""country"": ""Brazil"", ""league"": ""Serie B"", ""home"": ""Nautico"", ""away"": ""Novorizontino"", ""kickoff"": ""2026-10-09 00:30"", ""sel"": ""U35"", ""label"": ""Under 3.5 goals"", ""odds"": 1.4, ""p"": 0.7744, ""p_market"": 0.6744, ""edge_pp"": 10.0, ""result"": null}, {""date"": ""2026-10-09"", ""country"": ""Republic of Korea"", ""league"": ""K League 2"", ""home"": ""Suwon FC"", ""away"": ""Hwaseong"", ""kickoff"": ""2026-10-09 07:00"", ""sel"": ""U35"", ""label"": ""Under 3.5 goals"", ""odds"": 1.43, ""p"": 0.7126, ""p_market"": 0.6407, ""edge_pp"": 7.2, ""result"": null}]",3.00,0.3816,0.2638,lost,2026-10-08,
A20261008-26,2026-10-08 16:26,auto 16:26,2026-10-09 16:26,3.00,3,"[{""date"": ""2026-10-08"", ""country"": ""Ireland"", ""league"": ""League of Ireland Premier Division"", ""home"": ""Shamrock Rovers"", ""away"": ""Drogheda United"", ""kickoff"": ""2026-10-08 21:00"", ""sel"": ""U35"", ""label"": ""Under 3.5 goals"", ""odds"": 1.47, ""p"": 0.6853, ""p_market"": 0.6432, ""edge_pp"": 4.2, ""result"": ""lost"", ""score"": ""3-1""}, {""date"": ""2026-10-09"", ""country"": ""Brazil"", ""league"": ""Serie A"", ""home"": ""Fluminense"", ""away"": ""Coritiba"", ""kickoff"": ""2026-10-09 02:30"", ""sel"": ""U35"", ""label"": ""Under 3.5 goals"", ""odds"": 1.46, ""p"": 0.6909, ""p_market"": 0.6613, ""edge_pp"": 3.0, ""result"": null}, {""date"": ""2026-10-09"", ""country"": ""China"", ""league"": ""Super League"", ""home"": ""Zhejiang Professional"", ""away"": ""Shanghai Port"", ""kickoff"": ""2026-10-09 14:00"", ""sel"": ""U45"", ""label"": ""Under 4.5 goals"", ""odds"": 1.39, ""p"": 0.7719, ""p_market"": 0.6904, ""edge_pp"": 8.2, ""result"": null}]",2.98,0.3655,0.2937,lost,2026-10-08,
A20261008-27,2026-10-08 16:26,auto 16:26,2026-10-09 16:26,3.00,3,"[{""date"": ""2026-10-09"", ""country"": ""Japan"", ""league"": ""J1 League"", ""home"": ""Kashiwa Reysol"", ""away"": ""Vissel Kobe"", ""kickoff"": ""2026-10-09 12:00"", ""sel"": ""AO05"", ""label"": ""Vissel Kobe over 0.5 goals"", ""odds"": 1.38, ""p"": 0.7527, ""p_market"": 0.692, ""edge_pp"": 6.1, ""result"": ""won"", ""score"": ""4-2""}, {""date"": ""2026-10-09"", ""country"": ""Egypt"", ""league"": ""2. Division A"", ""home"": ""El Entag El Harby"", ""away"": ""La Viena FC"", ""kickoff"": ""2026-10-09 14:30"", ""sel"": ""HU15"", ""label"": ""El Entag El Harby under 1.5 goals"", ""odds"": 1.45, ""p"": 0.6719, ""p_market"": 0.6282, ""edge_pp"": 4.4, ""result"": ""lost"", ""score"": ""2-0""}, {""date"": ""2026-10-09"", ""country"": ""Saudi Arabia"", ""league"": ""Saudi Professional League"", ""home"": ""Al Kholood"", ""away"": ""Al Qadsiah"", ""kickoff"": ""2026-10-09 15:50"", ""sel"": ""AO15"", ""label"": ""Al Qadsiah over 1.5 goals"", ""odds"": 1.5, ""p"": 0.6424, ""p_market"": 0.6203, ""edge_pp"": 2.2, ""result"": null}]",3.00,0.3248,0.2696,lost,2026-10-09,
A20261008-28,2026-10-08 16:51,auto 16:51,2026-10-09 16:51,3.00,3,"[{""date"": ""2026-10-08"", ""country"": ""Iran"", ""league"": ""Persian Gulf Pro League"", ""home"": ""Foolad Khuzestan"", ""away"": ""Mes Shahr Babak"", ""kickoff"": ""2026-10-08 17:30"", ""sel"": ""U25"", ""label"": ""Under 2.5 goals"", ""odds"": 1.54, ""p"": 0.671, ""p_market"": 0.5937, ""edge_pp"": 7.7, ""result"": ""lost"", ""score"": ""2-1""}, {""date"": ""2026-10-09"", ""country"": ""Brazil"", ""league"": ""Serie B"", ""home"": ""Nautico"", ""away"": ""Novorizontino"", ""kickoff"": ""2026-10-09 00:30"", ""sel"": ""U35"", ""label"": ""Under 3.5 goals"", ""odds"": 1.4, ""p"": 0.7744, ""p_market"": 0.6744, ""edge_pp"": 10.0, ""result"": null}, {""date"": ""2026-10-09"", ""country"": ""China"", ""league"": ""Super League"", ""home"": ""Zhejiang Professional"", ""away"": ""Shanghai Port"", ""kickoff"": ""2026-10-09 14:00"", ""sel"": ""U45"", ""label"": ""Under 4.5 goals"", ""odds"": 1.39, ""p"": 0.7719, ""p_market"": 0.6904, ""edge_pp"": 8.2, ""result"": null}]",3.00,0.4011,0.2764,lost,2026-10-08,
A20261008-29,2026-10-08 16:51,auto 16:51,2026-10-09 16:51,3.00,3,"[{""date"": ""2026-10-08"", ""country"": ""Iran"", ""league"": ""Persian Gulf Pro League"", ""home"": ""Sepahan"", ""away"": ""Fajr Sepasi"", ""kickoff"": ""2026-10-08 17:15"", ""sel"": ""U25"", ""label"": ""Under 2.5 goals"", ""odds"": 1.5, ""p"": 0.6925, ""p_market"": 0.6104, ""edge_pp"": 8.2, ""result"": ""lost"", ""score"": ""6-1""}, {""date"": ""2026-10-09"", ""country"": ""Republic of Korea"", ""league"": ""K League 2"", ""home"": ""Suwon FC"", ""away"": ""Hwaseong"", ""kickoff"": ""2026-10-09 07:00"", ""sel"": ""U35"", ""label"": ""Under 3.5 goals"", ""odds"": 1.43, ""p"": 0.7126, ""p_market"": 0.6407, ""edge_pp"": 7.2, ""result"": null}, {""date"": ""2026-10-09"", ""country"": ""Republic of Korea"", ""league"": ""K-League 1"", ""home"": ""Daejeon Citizen"", ""away"": ""Jeonbuk FC"", ""kickoff"": ""2026-10-09 07:00"", ""sel"": ""U35"", ""label"": ""Under 3.5 goals"", ""odds"": 1.4, ""p"": 0.7596, ""p_market"": 0.6744, ""edge_pp"": 8.5, ""result"": null}]",3.00,0.3748,0.2638,lost,2026-10-08,
A20261008-30,2026-10-08 16:51,auto 16:51,2026-10-09 16:51,3.00,3,"[{""date"": ""2026-10-08"", ""country"": ""Ireland"", ""league"": ""League of Ireland Premier Division"", ""home"": ""Shamrock Rovers"", ""away"": ""Drogheda United"", ""kickoff"": ""2026-10-08 21:00"", ""sel"": ""U35"", ""label"": ""Under 3.5 goals"", ""odds"": 1.47, ""p"": 0.6853, ""p_market"": 0.6432, ""edge_pp"": 4.2, ""result"": ""lost"", ""score"": ""3-1""}, {""date"": ""2026-10-09"", ""country"": ""Egypt"", ""league"": ""2. Division A"", ""home"": ""El Entag El Harby"", ""away"": ""La Viena FC"", ""kickoff"": ""2026-10-09 14:30"", ""sel"": ""HU15"", ""label"": ""El Entag El Harby under 1.5 goals"", ""odds"": 1.44, ""p"": 0.6719, ""p_market"": 0.6298, ""edge_pp"": 4.2, ""result"": null}, {""date"": ""2026-10-09"", ""country"": ""Tanzania"", ""league"": ""Premier League"", ""home"": ""Mbeya City"", ""away"": ""Kagera Sugar"", ""kickoff"": ""2026-10-09 15:15"", ""sel"": ""O15"", ""label"": ""Over 1.5 goals"", ""odds"": 1.41, ""p"": 0.6995, ""p_market"": 0.6484, ""edge_pp"": 5.1, ""result"": null}]",2.98,0.3221,0.2627,lost,2026-10-08,
A20261008-31,2026-10-08 17:12,17:00,2026-10-09 17:12,3.00,3,"[{""date"": ""2026-10-08"", ""country"": ""Ireland"", ""league"": ""League of Ireland Premier Division"", ""home"": ""Shamrock Rovers"", ""away"": ""Drogheda United"", ""kickoff"": ""2026-10-08 21:00"", ""sel"": ""U35"", ""label"": ""Under 3.5 goals"", ""odds"": 1.47, ""p"": 0.6853, ""p_market"": 0.6432, ""edge_pp"": 4.2, ""result"": ""lost"", ""score"": ""3-1""}, {""date"": ""2026-10-09"", ""country"": ""Brazil"", ""league"": ""Serie B"", ""home"": ""Nautico"", ""away"": ""Novorizontino"", ""kickoff"": ""2026-10-09 00:30"", ""sel"": ""U35"", ""label"": ""Under 3.5 goals"", ""odds"": 1.4, ""p"": 0.7744, ""p_market"": 0.6744, ""edge_pp"": 10.0, ""result"": null}, {""date"": ""2026-10-09"", ""country"": ""Brazil"", ""league"": ""Serie A"", ""home"": ""Fluminense"", ""away"": ""Coritiba"", ""kickoff"": ""2026-10-09 02:30"", ""sel"": ""U35"", ""label"": ""Under 3.5 goals"", ""odds"": 1.46, ""p"": 0.6909, ""p_market"": 0.6613, ""edge_pp"": 3.0, ""result"": null}]",3.00,0.3666,0.2868,lost,2026-10-08,
A20261008-32,2026-10-08 17:12,17:00,2026-10-09 17:12,3.00,3,"[{""date"": ""2026-10-09"", ""country"": ""Republic of Korea"", ""league"": ""K-League 1"", ""home"": ""Daejeon Citizen"", ""away"": ""Jeonbuk FC"", ""kickoff"": ""2026-10-09 07:00"", ""sel"": ""U35"", ""label"": ""Under 3.5 goals"", ""odds"": 1.4, ""p"": 0.7596, ""p_market"": 0.6744, ""edge_pp"": 8.5, ""result"": ""won"", ""score"": ""2-1""}, {""date"": ""2026-10-09"", ""country"": ""Saudi Arabia"", ""league"": ""Saudi Professional League"", ""home"": ""Al Kholood"", ""away"": ""Al Qadsiah"", ""kickoff"": ""2026-10-09 15:50"", ""sel"": ""AO15"", ""label"": ""Al Qadsiah over 1.5 goals"", ""odds"": 1.5, ""p"": 0.6424, ""p_market"": 0.6203, ""edge_pp"": 2.2, ""result"": ""won"", ""score"": ""0-5""}, {""date"": ""2026-10-09"", ""country"": ""Iraq"", ""league"": ""Iraq Stars League"", ""home"": ""Zakho"", ""away"": ""Newroz"", ""kickoff"": ""2026-10-09 17:00"", ""sel"": ""AO05"", ""label"": ""Newroz over 0.5 goals"", ""odds"": 1.42, ""p"": 0.7267, ""p_market"": 0.6378, ""edge_pp"": 8.9, ""result"": ""won"", ""score"": ""0-1""}]",2.98,0.3546,0.2668,won,2026-10-09,
A20261008-33,2026-10-08 17:45,auto 17:45,2026-10-09 17:45,3.00,3,"[{""date"": ""2026-10-09"", ""country"": ""Brazil"", ""league"": ""Serie B"", ""home"": ""Nautico"", ""away"": ""Novorizontino"", ""kickoff"": ""2026-10-09 00:30"", ""sel"": ""U35"", ""label"": ""Under 3.5 goals"", ""odds"": 1.4, ""p"": 0.7744, ""p_market"": 0.6744, ""edge_pp"": 10.0, ""result"": ""won"", ""score"": ""0-2""}, {""date"": ""2026-10-09"", ""country"": ""Saudi Arabia"", ""league"": ""Saudi Professional League"", ""home"": ""Al Kholood"", ""away"": ""Al Qadsiah"", ""kickoff"": ""2026-10-09 15:50"", ""sel"": ""AO15"", ""label"": ""Al Qadsiah over 1.5 goals"", ""odds"": 1.5, ""p"": 0.6424, ""p_market"": 0.6203, ""edge_pp"": 2.2, ""result"": ""won"", ""score"": ""0-5""}, {""date"": ""2026-10-09"", ""country"": ""Iraq"", ""league"": ""Iraq Stars League"", ""home"": ""Zakho"", ""away"": ""Newroz"", ""kickoff"": ""2026-10-09 17:00"", ""sel"": ""AO05"", ""label"": ""Newroz over 0.5 goals"", ""odds"": 1.42, ""p"": 0.7267, ""p_market"": 0.6378, ""edge_pp"": 8.9, ""result"": ""won"", ""score"": ""0-1""}]",2.98,0.3615,0.2668,won,2026-10-09,
A20261008-34,2026-10-08 18:46,auto 18:46,2026-10-09 18:46,3.00,3,"[{""date"": ""2026-10-09"", ""country"": ""Republic of Korea"", ""league"": ""K League 2"", ""home"": ""Suwon FC"", ""away"": ""Hwaseong"", ""kickoff"": ""2026-10-09 07:00"", ""sel"": ""U35"", ""label"": ""Under 3.5 goals"", ""odds"": 1.43, ""p"": 0.7126, ""p_market"": 0.6407, ""edge_pp"": 7.2, ""result"": ""won"", ""score"": ""1-0""}, {""date"": ""2026-10-09"", ""country"": ""Hong Kong"", ""league"": ""Premier League"", ""home"": ""Eastern Sports Club"", ""away"": ""North District"", ""kickoff"": ""2026-10-09 14:00"", ""sel"": ""HU15"", ""label"": ""Eastern Sports Club under 1.5 goals"", ""odds"": 1.46, ""p"": 0.6657, ""p_market"": 0.6359, ""edge_pp"": 3.0, ""result"": ""won"", ""score"": ""1-3""}, {""date"": ""2026-10-09"", ""country"": ""Kuwait"", ""league"": ""Premier League"", ""home"": ""Al Nasr"", ""away"": ""Kuwait SC"", ""kickoff"": ""2026-10-09 16:50"", ""sel"": ""U35"", ""label"": ""Under 3.5 goals"", ""odds"": 1.44, ""p"": 0.695, ""p_market"": 0.6479, ""edge_pp"": 4.7, ""result"": ""lost"", ""score"": ""1-7""}]",3.01,0.3297,0.2640,lost,2026-10-09,
A20261008-35,2026-10-08 19:14,auto 19:14,2026-10-09 19:14,3.00,3,"[{""date"": ""2026-10-09"", ""country"": ""Saudi Arabia"", ""league"": ""Saudi Professional League"", ""home"": ""Al Fateh"", ""away"": ""Al Ahli"", ""kickoff"": ""2026-10-09 16:55"", ""sel"": ""U45"", ""label"": ""Under 4.5 goals"", ""odds"": 1.34, ""p"": 0.8168, ""p_market"": 0.7048, ""edge_pp"": 11.2, ""result"": ""won"", ""score"": ""0-4""}, {""date"": ""2026-10-09"", ""country"": ""Denmark"", ""league"": ""1st Division"", ""home"": ""Vejle Boldklub"", ""away"": ""Hvidovre"", ""kickoff"": ""2026-10-09 18:00"", ""sel"": ""U45"", ""label"": ""Under 4.5 goals"", ""odds"": 1.28, ""p"": 0.8223, ""p_market"": 0.7377, ""edge_pp"": 8.5, ""result"": ""won"", ""score"": ""1-2""}, {""date"": ""2026-10-09"", ""country"": ""Germany"", ""league"": ""Regionalliga Bayern"", ""home"": ""Bayern Munich II"", ""away"": ""Unterhaching"", ""kickoff"": ""2026-10-09 19:00"", ""sel"": ""HU15"", ""label"": ""Bayern Munich II under 1.5 goals"", ""odds"": 1.74, ""p"": 0.6385, ""p_market"": 0.522, ""edge_pp"": 11.6, ""result"": ""won"", ""score"": ""1-1""}]",2.98,0.4289,0.2714,won,2026-10-09,
A20261008-36,2026-10-08 19:14,auto 19:14,2026-10-09 19:14,3.00,3,"[{""date"": ""2026-10-09"", ""country"": ""Republic of Korea"", ""league"": ""K League 2"", ""home"": ""Suwon FC"", ""away"": ""Hwaseong"", ""kickoff"": ""2026-10-09 07:00"", ""sel"": ""U35"", ""label"": ""Under 3.5 goals"", ""odds"": 1.43, ""p"": 0.7126, ""p_market"": 0.6407, ""edge_pp"": 7.2, ""result"": ""won"", ""score"": ""1-0""}, {""date"": ""2026-10-09"", ""country"": ""Kuwait"", ""league"": ""Premier League"", ""home"": ""Al Nasr"", ""away"": ""Kuwait SC"", ""kickoff"": ""2026-10-09 16:50"", ""sel"": ""U35"", ""label"": ""Under 3.5 goals"", ""odds"": 1.44, ""p"": 0.695, ""p_market"": 0.6479, ""edge_pp"": 4.7, ""result"": ""lost"", ""score"": ""1-7""}, {""date"": ""2026-10-09"", ""country"": ""Bulgaria"", ""league"": ""Vtora Liga"", ""home"": ""Etar"", ""away"": ""Fratria"", ""kickoff"": ""2026-10-09 19:00"", ""sel"": ""U35"", ""label"": ""Under 3.5 goals"", ""odds"": 1.45, ""p"": 0.7078, ""p_market"": 0.6329, ""edge_pp"": 7.5, ""result"": null}]",2.99,0.3505,0.2627,lost,2026-10-09,
A20261008-37,2026-10-08 19:43,auto 19:43,2026-10-09 19:43,3.00,3,"[{""date"": ""2026-10-09"", ""country"": ""Brazil"", ""league"": ""Serie B"", ""home"": ""Nautico"", ""away"": ""Novorizontino"", ""kickoff"": ""2026-10-09 00:30"", ""sel"": ""U35"", ""label"": ""Under 3.5 goals"", ""odds"": 1.4, ""p"": 0.7744, ""p_market"": 0.6744, ""edge_pp"": 10.0, ""result"": ""won"", ""score"": ""0-2""}, {""date"": ""2026-10-09"", ""country"": ""Republic of Korea"", ""league"": ""K League 2"", ""home"": ""Suwon FC"", ""away"": ""Hwaseong"", ""kickoff"": ""2026-10-09 07:00"", ""sel"": ""U35"", ""label"": ""Under 3.5 goals"", ""odds"": 1.43, ""p"": 0.7126, ""p_market"": 0.6407, ""edge_pp"": 7.2, ""result"": ""won"", ""score"": ""1-0""}, {""date"": ""2026-10-09"", ""country"": ""Iraq"", ""league"": ""Iraq Stars League"", ""home"": ""Al-Gharraf"", ""away"": ""Al-Jolan SC"", ""kickoff"": ""2026-10-09 19:30"", ""sel"": ""AO05"", ""label"": ""Al-Jolan SC over 0.5 goals"", ""odds"": 1.49, ""p"": 0.7113, ""p_market"": 0.612, ""edge_pp"": 9.9, ""result"": ""lost"", ""score"": ""0-0""}]",2.98,0.3925,0.2644,lost,2026-10-09,
A20261008-38,2026-10-08 20:10,auto 20:10,2026-10-09 20:10,3.00,3,"[{""date"": ""2026-10-09"", ""country"": ""Brazil"", ""league"": ""Serie B"", ""home"": ""Nautico"", ""away"": ""Novorizontino"", ""kickoff"": ""2026-10-09 00:30"", ""sel"": ""U35"", ""label"": ""Under 3.5 goals"", ""odds"": 1.43, ""p"": 0.7744, ""p_market"": 0.6579, ""edge_pp"": 11.7, ""result"": ""won"", ""score"": ""0-2""}, {""date"": ""2026-10-09"", ""country"": ""Republic of Korea"", ""league"": ""K-League 1"", ""home"": ""Daejeon Citizen"", ""away"": ""Jeonbuk FC"", ""kickoff"": ""2026-10-09 07:00"", ""sel"": ""U35"", ""label"": ""Under 3.5 goals"", ""odds"": 1.41, ""p"": 0.7596, ""p_market"": 0.669, ""edge_pp"": 9.1, ""result"": ""won"", ""score"": ""2-1""}, {""date"": ""2026-10-09"", ""country"": ""Iraq"", ""league"": ""Iraq Stars League"", ""home"": ""Al-Gharraf"", ""away"": ""Al-Jolan SC"", ""kickoff"": ""2026-10-09 19:30"", ""sel"": ""AO05"", ""label"": ""Al-Jolan SC over 0.5 goals"", ""odds"": 1.49, ""p"": 0.7112, ""p_market"": 0.612, ""edge_pp"": 9.9, ""result"": ""lost"", ""score"": ""0-0""}]",3.00,0.4183,0.2694,lost,2026-10-09,
A20261008-39,2026-10-08 20:10,auto 20:10,2026-10-09 20:10,3.00,3,"[{""date"": ""2026-10-09"", ""country"": ""China"", ""league"": ""Super League"", ""home"": ""Zhejiang Professional"", ""away"": ""Shanghai Port"", ""kickoff"": ""2026-10-09 14:00"", ""sel"": ""U45"", ""label"": ""Under 4.5 goals"", ""odds"": 1.39, ""p"": 0.7719, ""p_market"": 0.6904, ""edge_pp"": 8.2, ""result"": ""lost"", ""score"": ""2-4""}, {""date"": ""2026-10-09"", ""country"": ""Iraq"", ""league"": ""Iraq Stars League"", ""home"": ""Zakho"", ""away"": ""Newroz"", ""kickoff"": ""2026-10-09 17:00"", ""sel"": ""AO05"", ""label"": ""Newroz over 0.5 goals"", ""odds"": 1.42, ""p"": 0.7254, ""p_market"": 0.6378, ""edge_pp"": 8.8, ""result"": null}, {""date"": ""2026-10-09"", ""country"": ""Netherlands"", ""league"": ""Eerste Divisie"", ""home"": ""Heracles"", ""away"": ""RKC Waalwijk"", ""kickoff"": ""2026-10-09 20:00"", ""sel"": ""BTTS"", ""label"": ""Both teams to score"", ""odds"": 1.51, ""p"": 0.6792, ""p_market"": 0.6138, ""edge_pp"": 6.5, ""result"": null}]",2.98,0.3803,0.2703,lost,2026-10-09,
A20261008-40,2026-10-08 20:47,auto 20:47,2026-10-09 20:47,3.00,3,"[{""date"": ""2026-10-09"", ""country"": ""Bulgaria"", ""league"": ""Vtora Liga"", ""home"": ""Etar"", ""away"": ""Fratria"", ""kickoff"": ""2026-10-09 19:00"", ""sel"": ""U35"", ""label"": ""Under 3.5 goals"", ""odds"": 1.45, ""p"": 0.7078, ""p_market"": 0.6329, ""edge_pp"": 7.5, ""result"": ""won"", ""score"": ""2-0""}, {""date"": ""2026-10-09"", ""country"": ""Italy"", ""league"": ""Serie C: Group A"", ""home"": ""Union Brescia"", ""away"": ""Pro Vercelli"", ""kickoff"": ""2026-10-09 20:30"", ""sel"": ""U35"", ""label"": ""Under 3.5 goals"", ""odds"": 1.41, ""p"": 0.7428, ""p_market"": 0.6651, ""edge_pp"": 7.8, ""result"": ""won"", ""score"": ""2-0""}, {""date"": ""2026-10-09"", ""country"": ""Ireland"", ""league"": ""1st Division"", ""home"": ""Athlone Town"", ""away"": ""Treaty United"", ""kickoff"": ""2026-10-09 20:45"", ""sel"": ""U35"", ""label"": ""Under 3.5 goals"", ""odds"": 1.47, ""p"": 0.6983, ""p_market"": 0.6388, ""edge_pp"": 6.0, ""result"": ""won"", ""score"": ""1-2""}]",3.01,0.3671,0.2689,won,2026-10-09,
A20261008-41,2026-10-08 21:15,auto 21:15,2026-10-09 21:15,3.00,3,"[{""date"": ""2026-10-09"", ""country"": ""Republic of Korea"", ""league"": ""K League 2"", ""home"": ""Suwon FC"", ""away"": ""Hwaseong"", ""kickoff"": ""2026-10-09 07:00"", ""sel"": ""U35"", ""label"": ""Under 3.5 goals"", ""odds"": 1.43, ""p"": 0.7126, ""p_market"": 0.6407, ""edge_pp"": 7.2, ""result"": ""won"", ""score"": ""1-0""}, {""date"": ""2026-10-09"", ""country"": ""China"", ""league"": ""Super League"", ""home"": ""Zhejiang Professional"", ""away"": ""Shanghai Port"", ""kickoff"": ""2026-10-09 14:00"", ""sel"": ""U45"", ""label"": ""Under 4.5 goals"", ""odds"": 1.39, ""p"": 0.7719, ""p_market"": 0.6904, ""edge_pp"": 8.2, ""result"": ""lost"", ""score"": ""2-4""}, {""date"": ""2026-10-09"", ""country"": ""Netherlands"", ""league"": ""Eerste Divisie"", ""home"": ""Heracles"", ""away"": ""RKC Waalwijk"", ""kickoff"": ""2026-10-09 20:00"", ""sel"": ""BTTS"", ""label"": ""Both teams to score"", ""odds"": 1.51, ""p"": 0.6791, ""p_market"": 0.6138, ""edge_pp"": 6.5, ""result"": null}]",3.00,0.3736,0.2715,lost,2026-10-09,
A20261008-42,2026-10-08 22:43,auto 22:43,2026-10-09 22:43,3.00,3,"[{""date"": ""2026-10-09"", ""country"": ""China"", ""league"": ""Super League"", ""home"": ""Zhejiang Professional"", ""away"": ""Shanghai Port"", ""kickoff"": ""2026-10-09 14:00"", ""sel"": ""U45"", ""label"": ""Under 4.5 goals"", ""odds"": 1.39, ""p"": 0.7719, ""p_market"": 0.6904, ""edge_pp"": 8.2, ""result"": ""lost"", ""score"": ""2-4""}, {""date"": ""2026-10-09"", ""country"": ""Netherlands"", ""league"": ""Eerste Divisie"", ""home"": ""Heracles"", ""away"": ""RKC Waalwijk"", ""kickoff"": ""2026-10-09 20:00"", ""sel"": ""BTTS"", ""label"": ""Both teams to score"", ""odds"": 1.51, ""p"": 0.6791, ""p_market"": 0.6138, ""edge_pp"": 6.5, ""result"": null}, {""date"": ""2026-10-09"", ""country"": ""Ecuador"", ""league"": ""Serie A: Relegation Group"", ""home"": ""Delfin"", ""away"": ""Mushuc Runa"", ""kickoff"": ""2026-10-09 22:30"", ""sel"": ""O15"", ""label"": ""Over 1.5 goals"", ""odds"": 1.43, ""p"": 0.7216, ""p_market"": 0.6407, ""edge_pp"": 8.1, ""result"": null}]",3.00,0.3783,0.2715,lost,2026-10-09,
A20261008-43,2026-10-08 23:10,auto 23:10,2026-10-09 23:10,3.00,3,"[{""date"": ""2026-10-09"", ""country"": ""Republic of Korea"", ""league"": ""K League 2"", ""home"": ""Suwon FC"", ""away"": ""Hwaseong"", ""kickoff"": ""2026-10-09 07:00"", ""sel"": ""U35"", ""label"": ""Under 3.5 goals"", ""odds"": 1.45, ""p"": 0.7126, ""p_market"": 0.6329, ""edge_pp"": 8.0, ""result"": ""won"", ""score"": ""1-0""}, {""date"": ""2026-10-09"", ""country"": ""Italy"", ""league"": ""Serie C: Group A"", ""home"": ""Union Brescia"", ""away"": ""Pro Vercelli"", ""kickoff"": ""2026-10-09 20:30"", ""sel"": ""U35"", ""label"": ""Under 3.5 goals"", ""odds"": 1.41, ""p"": 0.7428, ""p_market"": 0.6651, ""edge_pp"": 7.8, ""result"": ""won"", ""score"": ""2-0""}, {""date"": ""2026-10-09"", ""country"": ""Ireland"", ""league"": ""1st Division"", ""home"": ""Athlone Town"", ""away"": ""Treaty United"", ""kickoff"": ""2026-10-09 20:45"", ""sel"": ""U35"", ""label"": ""Under 3.5 goals"", ""odds"": 1.47, ""p"": 0.6983, ""p_market"": 0.6388, ""edge_pp"": 6.0, ""result"": ""won"", ""score"": ""1-2""}]",3.01,0.3697,0.2689,won,2026-10-09,
A20261009-01,2026-10-09 00:13,auto 00:13,2026-10-10 00:13,3.00,3,"[{""date"": ""2026-10-09"", ""country"": ""Republic of Korea"", ""league"": ""K League 2"", ""home"": ""Suwon FC"", ""away"": ""Hwaseong"", ""kickoff"": ""2026-10-09 07:00"", ""sel"": ""U35"", ""label"": ""Under 3.5 goals"", ""odds"": 1.45, ""p"": 0.7126, ""p_market"": 0.6329, ""edge_pp"": 8.0, ""result"": ""won"", ""score"": ""1-0""}, {""date"": ""2026-10-09"", ""country"": ""Republic of Korea"", ""league"": ""K-League 1"", ""home"": ""Daejeon Citizen"", ""away"": ""Jeonbuk FC"", ""kickoff"": ""2026-10-09 07:00"", ""sel"": ""U35"", ""label"": ""Under 3.5 goals"", ""odds"": 1.41, ""p"": 0.7595, ""p_market"": 0.669, ""edge_pp"": 9.0, ""result"": ""won"", ""score"": ""2-1""}, {""date"": ""2026-10-09"", ""country"": ""Iraq"", ""league"": ""Iraq Stars League"", ""home"": ""Al-Gharraf"", ""away"": ""Al-Jolan SC"", ""kickoff"": ""2026-10-09 19:30"", ""sel"": ""AO05"", ""label"": ""Al-Jolan SC over 0.5 goals"", ""odds"": 1.47, ""p"": 0.7104, ""p_market"": 0.6202, ""edge_pp"": 9.0, ""result"": ""lost"", ""score"": ""0-0""}]",3.01,0.3844,0.2626,lost,2026-10-09,
A20261009-02,2026-10-09 01:09,auto 01:09,2026-10-10 01:09,3.00,3,"[{""date"": ""2026-10-09"", ""country"": ""Brazil"", ""league"": ""Serie A"", ""home"": ""Fluminense"", ""away"": ""Coritiba"", ""kickoff"": ""2026-10-09 02:30"", ""sel"": ""U35"", ""label"": ""Under 3.5 goals"", ""odds"": 1.46, ""p"": 0.6909, ""p_market"": 0.6613, ""edge_pp"": 3.0, ""result"": ""lost"", ""score"": ""4-0""}, {""date"": ""2026-10-09"", ""country"": ""Ireland"", ""league"": ""1st Division"", ""home"": ""Athlone Town"", ""away"": ""Treaty United"", ""kickoff"": ""2026-10-09 20:45"", ""sel"": ""U35"", ""label"": ""Under 3.5 goals"", ""odds"": 1.47, ""p"": 0.6981, ""p_market"": 0.6388, ""edge_pp"": 5.9, ""result"": null}, {""date"": ""2026-10-10"", ""country"": ""Colombia"", ""league"": ""Primera A: Clausura"", ""home"": ""Alianza FC Valledupar"", ""away"": ""Aguilas Doradas Rionegro"", ""kickoff"": ""2026-10-10 01:00"", ""sel"": ""AO05"", ""label"": ""Aguilas Doradas Rionegro over 0.5 goals"", ""odds"": 1.39, ""p"": 0.7698, ""p_market"": 0.6643, ""edge_pp"": 10.6, ""result"": null}]",2.98,0.3713,0.2806,lost,2026-10-09,
A20261009-03,2026-10-09 04:10,auto 04:10,2026-10-10 04:10,3.00,3,"[{""date"": ""2026-10-09"", ""country"": ""Saudi Arabia"", ""league"": ""Saudi Professional League"", ""home"": ""Al Fateh"", ""away"": ""Al Ahli"", ""kickoff"": ""2026-10-09 16:55"", ""sel"": ""U45"", ""label"": ""Under 4.5 goals"", ""odds"": 1.34, ""p"": 0.8168, ""p_market"": 0.7048, ""edge_pp"": 11.2, ""result"": ""won"", ""score"": ""0-4""}, {""date"": ""2026-10-09"", ""country"": ""Iraq"", ""league"": ""Iraq Stars League"", ""home"": ""Al-Gharraf"", ""away"": ""Al-Jolan SC"", ""kickoff"": ""2026-10-09 19:30"", ""sel"": ""AO05"", ""label"": ""Al-Jolan SC over 0.5 goals"", ""odds"": 1.47, ""p"": 0.7104, ""p_market"": 0.6202, ""edge_pp"": 9.0, ""result"": ""lost"", ""score"": ""0-0""}, {""date"": ""2026-10-09"", ""country"": ""Netherlands"", ""league"": ""Eerste Divisie"", ""home"": ""Heracles"", ""away"": ""RKC Waalwijk"", ""kickoff"": ""2026-10-09 20:00"", ""sel"": ""BTTS"", ""label"": ""Both teams to score"", ""odds"": 1.52, ""p"": 0.6791, ""p_market"": 0.6072, ""edge_pp"": 7.2, ""result"": null}]",2.99,0.3940,0.2654,lost,2026-10-09,
A20261009-04,2026-10-09 04:10,auto 04:10,2026-10-10 04:10,3.00,3,"[{""date"": ""2026-10-09"", ""country"": ""Republic of Korea"", ""league"": ""K League 2"", ""home"": ""Suwon FC"", ""away"": ""Hwaseong"", ""kickoff"": ""2026-10-09 07:00"", ""sel"": ""U35"", ""label"": ""Under 3.5 goals"", ""odds"": 1.45, ""p"": 0.7126, ""p_market"": 0.6329, ""edge_pp"": 8.0, ""result"": ""won"", ""score"": ""1-0""}, {""date"": ""2026-10-09"", ""country"": ""Republic of Korea"", ""league"": ""K-League 1"", ""home"": ""Daejeon Citizen"", ""away"": ""Jeonbuk FC"", ""kickoff"": ""2026-10-09 07:00"", ""sel"": ""U35"", ""label"": ""Under 3.5 goals"", ""odds"": 1.41, ""p"": 0.7595, ""p_market"": 0.669, ""edge_pp"": 9.0, ""result"": ""won"", ""score"": ""2-1""}, {""date"": ""2026-10-09"", ""country"": ""Ireland"", ""league"": ""1st Division"", ""home"": ""Athlone Town"", ""away"": ""Treaty United"", ""kickoff"": ""2026-10-09 20:45"", ""sel"": ""U35"", ""label"": ""Under 3.5 goals"", ""odds"": 1.47, ""p"": 0.6981, ""p_market"": 0.6388, ""edge_pp"": 5.9, ""result"": ""won"", ""score"": ""1-2""}]",3.01,0.3778,0.2705,won,2026-10-09,
A20261009-05,2026-10-09 04:10,auto 04:10,2026-10-10 04:10,3.00,3,"[{""date"": ""2026-10-09"", ""country"": ""China"", ""league"": ""Super League"", ""home"": ""Zhejiang Professional"", ""away"": ""Shanghai Port"", ""kickoff"": ""2026-10-09 14:00"", ""sel"": ""U45"", ""label"": ""Under 4.5 goals"", ""odds"": 1.39, ""p"": 0.7721, ""p_market"": 0.6904, ""edge_pp"": 8.2, ""result"": ""lost"", ""score"": ""2-4""}, {""date"": ""2026-10-09"", ""country"": ""Saudi Arabia"", ""league"": ""Saudi Professional League"", ""home"": ""Al Kholood"", ""away"": ""Al Qadsiah"", ""kickoff"": ""2026-10-09 15:50"", ""sel"": ""O25"", ""label"": ""Over 2.5 goals"", ""odds"": 1.55, ""p"": 0.6281, ""p_market"": 0.6076, ""edge_pp"": 2.0, ""result"": null}, {""date"": ""2026-10-10"", ""country"": ""Colombia"", ""league"": ""Primera A: Clausura"", ""home"": ""Alianza FC Valledupar"", ""away"": ""Aguilas Doradas Rionegro"", ""kickoff"": ""2026-10-10 01:00"", ""sel"": ""AO05"", ""label"": ""Aguilas Doradas Rionegro over 0.5 goals"", ""odds"": 1.39, ""p"": 0.7685, ""p_market"": 0.6643, ""edge_pp"": 10.4, ""result"": null}]",2.99,0.3727,0.2787,lost,2026-10-09,
A20261009-06,2026-10-09 05:12,auto 05:12,2026-10-10 05:12,3.00,3,"[{""date"": ""2026-10-09"", ""country"": ""China"", ""league"": ""Super League"", ""home"": ""Zhejiang Professional"", ""away"": ""Shanghai Port"", ""kickoff"": ""2026-10-09 14:00"", ""sel"": ""U45"", ""label"": ""Under 4.5 goals"", ""odds"": 1.39, ""p"": 0.7721, ""p_market"": 0.6904, ""edge_pp"": 8.2, ""result"": ""lost"", ""score"": ""2-4""}, {""date"": ""2026-10-09"", ""country"": ""Saudi Arabia"", ""league"": ""Saudi Professional League"", ""home"": ""Al Kholood"", ""away"": ""Al Qadsiah"", ""kickoff"": ""2026-10-09 15:50"", ""sel"": ""AO15"", ""label"": ""Al Qadsiah over 1.5 goals"", ""odds"": 1.5, ""p"": 0.642, ""p_market"": 0.6203, ""edge_pp"": 2.2, ""result"": null}, {""date"": ""2026-10-09"", ""country"": ""Ecuador"", ""league"": ""Serie A: Relegation Group"", ""home"": ""Delfin"", ""away"": ""Mushuc Runa"", ""kickoff"": ""2026-10-09 22:30"", ""sel"": ""O15"", ""label"": ""Over 1.5 goals"", ""odds"": 1.43, ""p"": 0.7217, ""p_market"": 0.6407, ""edge_pp"": 8.1, ""result"": null}]",2.98,0.3577,0.2744,lost,2026-10-09,
A20261009-07,2026-10-09 06:21,auto 06:21,2026-10-10 06:21,3.00,3,"[{""date"": ""2026-10-09"", ""country"": ""China"", ""league"": ""Super League"", ""home"": ""Zhejiang Professional"", ""away"": ""Shanghai Port"", ""kickoff"": ""2026-10-09 14:00"", ""sel"": ""U45"", ""label"": ""Under 4.5 goals"", ""odds"": 1.41, ""p"": 0.7721, ""p_market"": 0.6803, ""edge_pp"": 9.2, ""result"": ""lost"", ""score"": ""2-4""}, {""date"": ""2026-10-09"", ""country"": ""Bahrain"", ""league"": ""Premier League"", ""home"": ""Malkia"", ""away"": ""Al-Riffa"", ""kickoff"": ""2026-10-09 18:00"", ""sel"": ""U35"", ""label"": ""Under 3.5 goals"", ""odds"": 1.47, ""p"": 0.7392, ""p_market"": 0.6343, ""edge_pp"": 10.5, ""result"": null}, {""date"": ""2026-10-09"", ""country"": ""Ecuador"", ""league"": ""Serie A: Relegation Group"", ""home"": ""Delfin"", ""away"": ""Mushuc Runa"", ""kickoff"": ""2026-10-09 22:30"", ""sel"": ""O15"", ""label"": ""Over 1.5 goals"", ""odds"": 1.44, ""p"": 0.7217, ""p_market"": 0.6391, ""edge_pp"": 8.3, ""result"": null}]",2.98,0.4119,0.2758,lost,2026-10-09,
A20261009-08,2026-10-09 06:21,auto 06:21,2026-10-10 06:21,3.00,3,"[{""date"": ""2026-10-09"", ""country"": ""Kuwait"", ""league"": ""Premier League"", ""home"": ""Kazma"", ""away"": ""Al-Arabi"", ""kickoff"": ""2026-10-09 19:05"", ""sel"": ""HO05"", ""label"": ""Kazma over 0.5 goals"", ""odds"": 1.33, ""p"": 0.798, ""p_market"": 0.6928, ""edge_pp"": 10.5, ""result"": ""won"", ""score"": ""1-1""}, {""date"": ""2026-10-09"", ""country"": ""Iraq"", ""league"": ""Iraq Stars League"", ""home"": ""Al-Gharraf"", ""away"": ""Al-Jolan SC"", ""kickoff"": ""2026-10-09 19:30"", ""sel"": ""AO05"", ""label"": ""Al-Jolan SC over 0.5 goals"", ""odds"": 1.47, ""p"": 0.7104, ""p_market"": 0.6202, ""edge_pp"": 9.0, ""result"": ""lost"", ""score"": ""0-0""}, {""date"": ""2026-10-09"", ""country"": ""Netherlands"", ""league"": ""Eerste Divisie"", ""home"": ""Heracles"", ""away"": ""RKC Waalwijk"", ""kickoff"": ""2026-10-09 20:00"", ""sel"": ""BTTS"", ""label"": ""Both teams to score"", ""odds"": 1.53, ""p"": 0.6791, ""p_market"": 0.6057, ""edge_pp"": 7.3, ""result"": null}]",2.99,0.3850,0.2602,lost,2026-10-09,
A20261009-09,2026-10-09 06:21,auto 06:21,2026-10-10 06:21,3.00,3,"[{""date"": ""2026-10-09"", ""country"": ""Republic of Korea"", ""league"": ""K League 2"", ""home"": ""Suwon FC"", ""away"": ""Hwaseong"", ""kickoff"": ""2026-10-09 07:00"", ""sel"": ""U35"", ""label"": ""Under 3.5 goals"", ""odds"": 1.45, ""p"": 0.7126, ""p_market"": 0.6329, ""edge_pp"": 8.0, ""result"": ""won"", ""score"": ""1-0""}, {""date"": ""2026-10-09"", ""country"": ""Japan"", ""league"": ""J1 League"", ""home"": ""Kashiwa Reysol"", ""away"": ""Vissel Kobe"", ""kickoff"": ""2026-10-09 12:00"", ""sel"": ""AO05"", ""label"": ""Vissel Kobe over 0.5 goals"", ""odds"": 1.38, ""p"": 0.7571, ""p_market"": 0.692, ""edge_pp"": 6.5, ""result"": ""won"", ""score"": ""4-2""}, {""date"": ""2026-10-09"", ""country"": ""Saudi Arabia"", ""league"": ""Saudi Professional League"", ""home"": ""Al Kholood"", ""away"": ""Al Qadsiah"", ""kickoff"": ""2026-10-09 15:50"", ""sel"": ""AO15"", ""label"": ""Al Qadsiah over 1.5 goals"", ""odds"": 1.5, ""p"": 0.642, ""p_market"": 0.6203, ""edge_pp"": 2.2, ""result"": ""won"", ""score"": ""0-5""}]",3.00,0.3464,0.2716,won,2026-10-09,
A20261009-10,2026-10-09 06:44,auto 06:44,2026-10-10 06:44,3.00,3,"[{""date"": ""2026-10-09"", ""country"": ""Bahrain"", ""league"": ""Premier League"", ""home"": ""AL Khalidiyah"", ""away"": ""Muharraq"", ""kickoff"": ""2026-10-09 18:00"", ""sel"": ""U35"", ""label"": ""Under 3.5 goals"", ""odds"": 1.38, ""p"": 0.7778, ""p_market"": 0.6776, ""edge_pp"": 10.0, ""result"": ""lost"", ""score"": ""2-2""}, {""date"": ""2026-10-09"", ""country"": ""Bulgaria"", ""league"": ""Vtora Liga"", ""home"": ""Etar"", ""away"": ""Fratria"", ""kickoff"": ""2026-10-09 19:00"", ""sel"": ""U35"", ""label"": ""Under 3.5 goals"", ""odds"": 1.45, ""p"": 0.7078, ""p_market"": 0.6329, ""edge_pp"": 7.5, ""result"": null}, {""date"": ""2026-10-10"", ""country"": ""Argentina"", ""league"": ""Primera B Metropolitana"", ""home"": ""CA Excursionistas"", ""away"": ""Villa San Carlos"", ""kickoff"": ""2026-10-10 01:00"", ""sel"": ""O15"", ""label"": ""Over 1.5 goals"", ""odds"": 1.5, ""p"": 0.6563, ""p_market"": 0.625, ""edge_pp"": 3.1, ""result"": null}]",3.00,0.3613,0.2680,lost,2026-10-09,
A20261009-11,2026-10-09 07:11,07:00,2026-10-10 07:11,3.00,3,"[{""date"": ""2026-10-09"", ""country"": ""Norway"", ""league"": ""Eliteserien"", ""home"": ""Brann"", ""away"": ""Viking"", ""kickoff"": ""2026-10-09 19:00"", ""sel"": ""U45"", ""label"": ""Under 4.5 goals"", ""odds"": 1.37, ""p"": 0.7872, ""p_market"": 0.7002, ""edge_pp"": 8.7, ""result"": ""won"", ""score"": ""0-2""}, {""date"": ""2026-10-09"", ""country"": ""Netherlands"", ""league"": ""Eerste Divisie"", ""home"": ""Heracles"", ""away"": ""RKC Waalwijk"", ""kickoff"": ""2026-10-09 20:00"", ""sel"": ""BTTS"", ""label"": ""Both teams to score"", ""odds"": 1.53, ""p"": 0.6791, ""p_market"": 0.6057, ""edge_pp"": 7.3, ""result"": ""lost"", ""score"": ""3-0""}, {""date"": ""2026-10-10"", ""country"": ""Republic of Korea"", ""league"": ""K-League 1"", ""home"": ""FC Seoul"", ""away"": ""Jeju United"", ""kickoff"": ""2026-10-10 07:00"", ""sel"": ""U35"", ""label"": ""Under 3.5 goals"", ""odds"": 1.43, ""p"": 0.77, ""p_market"": 0.6579, ""edge_pp"": 11.2, ""result"": null}]",3.00,0.4116,0.2790,lost,2026-10-09,
A20261009-12,2026-10-09 07:11,07:00,2026-10-10 07:11,3.00,3,"[{""date"": ""2026-10-09"", ""country"": ""China"", ""league"": ""Super League"", ""home"": ""Zhejiang Professional"", ""away"": ""Shanghai Port"", ""kickoff"": ""2026-10-09 14:00"", ""sel"": ""U45"", ""label"": ""Under 4.5 goals"", ""odds"": 1.41, ""p"": 0.7721, ""p_market"": 0.6803, ""edge_pp"": 9.2, ""result"": ""lost"", ""score"": ""2-4""}, {""date"": ""2026-10-09"", ""country"": ""Saudi Arabia"", ""league"": ""Saudi Professional League"", ""home"": ""Al Kholood"", ""away"": ""Al Qadsiah"", ""kickoff"": ""2026-10-09 15:50"", ""sel"": ""AO15"", ""label"": ""Al Qadsiah over 1.5 goals"", ""odds"": 1.52, ""p"": 0.642, ""p_market"": 0.6171, ""edge_pp"": 2.5, ""result"": null}, {""date"": ""2026-10-09"", ""country"": ""Saudi Arabia"", ""league"": ""Saudi Professional League"", ""home"": ""Al Fateh"", ""away"": ""Al Ahli"", ""kickoff"": ""2026-10-09 16:55"", ""sel"": ""HU15"", ""label"": ""Al Fateh under 1.5 goals"", ""odds"": 1.4, ""p"": 0.7622, ""p_market"": 0.6667, ""edge_pp"": 9.6, ""result"": null}]",3.00,0.3778,0.2799,lost,2026-10-09,
A20261009-13,2026-10-09 07:11,07:00,2026-10-10 07:11,3.00,3,"[{""date"": ""2026-10-09"", ""country"": ""Bahrain"", ""league"": ""Premier League"", ""home"": ""AL Khalidiyah"", ""away"": ""Muharraq"", ""kickoff"": ""2026-10-09 18:00"", ""sel"": ""U35"", ""label"": ""Under 3.5 goals"", ""odds"": 1.39, ""p"": 0.7778, ""p_market"": 0.6722, ""edge_pp"": 10.6, ""result"": ""lost"", ""score"": ""2-2""}, {""date"": ""2026-10-09"", ""country"": ""Ecuador"", ""league"": ""Serie A: Relegation Group"", ""home"": ""Delfin"", ""away"": ""Mushuc Runa"", ""kickoff"": ""2026-10-09 22:30"", ""sel"": ""O15"", ""label"": ""Over 1.5 goals"", ""odds"": 1.43, ""p"": 0.7217, ""p_market"": 0.6407, ""edge_pp"": 8.1, ""result"": null}, {""date"": ""2026-10-10"", ""country"": ""Argentina"", ""league"": ""Primera B Metropolitana"", ""home"": ""CA Excursionistas"", ""away"": ""Villa San Carlos"", ""kickoff"": ""2026-10-10 01:00"", ""sel"": ""O15"", ""label"": ""Over 1.5 goals"", ""odds"": 1.5, ""p"": 0.6563, ""p_market"": 0.625, ""edge_pp"": 3.1, ""result"": null}]",2.98,0.3684,0.2692,lost,2026-10-09,
A20261009-14,2026-10-09 07:43,auto 07:43,2026-10-10 07:43,3.00,3,"[{""date"": ""2026-10-09"", ""country"": ""China"", ""league"": ""Super League"", ""home"": ""Zhejiang Professional"", ""away"": ""Shanghai Port"", ""kickoff"": ""2026-10-09 14:00"", ""sel"": ""U45"", ""label"": ""Under 4.5 goals"", ""odds"": 1.41, ""p"": 0.7721, ""p_market"": 0.6803, ""edge_pp"": 9.2, ""result"": ""lost"", ""score"": ""2-4""}, {""date"": ""2026-10-09"", ""country"": ""Iraq"", ""league"": ""Iraq Stars League"", ""home"": ""Al-Gharraf"", ""away"": ""Al-Jolan SC"", ""kickoff"": ""2026-10-09 19:30"", ""sel"": ""AO05"", ""label"": ""Al-Jolan SC over 0.5 goals"", ""odds"": 1.44, ""p"": 0.7104, ""p_market"": 0.6345, ""edge_pp"": 7.6, ""result"": null}, {""date"": ""2026-10-10"", ""country"": ""Argentina"", ""league"": ""Primera B Metropolitana"", ""home"": ""CA Excursionistas"", ""away"": ""Villa San Carlos"", ""kickoff"": ""2026-10-10 01:00"", ""sel"": ""O15"", ""label"": ""Over 1.5 goals"", ""odds"": 1.47, ""p"": 0.6563, ""p_market"": 0.6343, ""edge_pp"": 2.2, ""result"": null}]",2.98,0.3600,0.2738,lost,2026-10-09,
A20261009-15,2026-10-09 08:12,auto 08:12,2026-10-10 08:12,3.00,3,"[{""date"": ""2026-10-09"", ""country"": ""Bahrain"", ""league"": ""Premier League"", ""home"": ""AL Khalidiyah"", ""away"": ""Muharraq"", ""kickoff"": ""2026-10-09 18:00"", ""sel"": ""U35"", ""label"": ""Under 3.5 goals"", ""odds"": 1.41, ""p"": 0.7778, ""p_market"": 0.6611, ""edge_pp"": 11.7, ""result"": ""lost"", ""score"": ""2-2""}, {""date"": ""2026-10-09"", ""country"": ""Norway"", ""league"": ""Eliteserien"", ""home"": ""Brann"", ""away"": ""Viking"", ""kickoff"": ""2026-10-09 19:00"", ""sel"": ""U45"", ""label"": ""Under 4.5 goals"", ""odds"": 1.38, ""p"": 0.7872, ""p_market"": 0.6987, ""edge_pp"": 8.9, ""result"": null}, {""date"": ""2026-10-09"", ""country"": ""Netherlands"", ""league"": ""Eerste Divisie"", ""home"": ""Heracles"", ""away"": ""RKC Waalwijk"", ""kickoff"": ""2026-10-09 20:00"", ""sel"": ""BTTS"", ""label"": ""Both teams to score"", ""odds"": 1.54, ""p"": 0.6791, ""p_market"": 0.6041, ""edge_pp"": 7.5, ""result"": null}]",3.00,0.4158,0.2790,lost,2026-10-09,
A20261009-16,2026-10-09 08:12,auto 08:12,2026-10-10 08:12,3.00,3,"[{""date"": ""2026-10-09"", ""country"": ""China"", ""league"": ""Super League"", ""home"": ""Zhejiang Professional"", ""away"": ""Shanghai Port"", ""kickoff"": ""2026-10-09 14:00"", ""sel"": ""U45"", ""label"": ""Under 4.5 goals"", ""odds"": 1.42, ""p"": 0.7721, ""p_market"": 0.6787, ""edge_pp"": 9.3, ""result"": ""lost"", ""score"": ""2-4""}, {""date"": ""2026-10-09"", ""country"": ""Saudi Arabia"", ""league"": ""Saudi Professional League"", ""home"": ""Al Kholood"", ""away"": ""Al Qadsiah"", ""kickoff"": ""2026-10-09 15:50"", ""sel"": ""CO85"", ""label"": ""Over 8.5 corners"", ""odds"": 1.67, ""p"": 0.5849, ""p_market"": 0.557, ""edge_pp"": 2.8, ""result"": null}, {""date"": ""2026-10-09"", ""country"": ""Malta"", ""league"": ""Malta Premier: Opening Round"", ""home"": ""Mosta"", ""away"": ""Birzebbuga St. Peters FC"", ""kickoff"": ""2026-10-09 20:00"", ""sel"": ""12"", ""label"": ""Mosta or Birzebbuga St. Peters FC"", ""odds"": 1.27, ""p"": 0.8543, ""p_market"": 0.7373, ""edge_pp"": 11.7, ""result"": null}]",3.01,0.3858,0.2787,lost,2026-10-09,
A20261009-17,2026-10-09 08:50,auto 08:50,2026-10-10 08:50,3.00,3,"[{""date"": ""2026-10-09"", ""country"": ""Republic of Korea"", ""league"": ""K-League 1"", ""home"": ""Incheon United"", ""away"": ""Pohang Steelers"", ""kickoff"": ""2026-10-09 09:30"", ""sel"": ""HO05"", ""label"": ""Incheon United over 0.5 goals"", ""odds"": 1.46, ""p"": 0.7312, ""p_market"": 0.6404, ""edge_pp"": 9.1, ""result"": ""won"", ""score"": ""3-0""}, {""date"": ""2026-10-09"", ""country"": ""Azerbaijan"", ""league"": ""Premier League"", ""home"": ""Araz PFK"", ""away"": ""FC Kapaz"", ""kickoff"": ""2026-10-09 14:00"", ""sel"": ""U35"", ""label"": ""Under 3.5 goals"", ""odds"": 1.44, ""p"": 0.7345, ""p_market"": 0.6479, ""edge_pp"": 8.7, ""result"": ""won"", ""score"": ""0-2""}, {""date"": ""2026-10-09"", ""country"": ""China"", ""league"": ""Super League"", ""home"": ""Zhejiang Professional"", ""away"": ""Shanghai Port"", ""kickoff"": ""2026-10-09 14:00"", ""sel"": ""U45"", ""label"": ""Under 4.5 goals"", ""odds"": 1.42, ""p"": 0.7721, ""p_market"": 0.6787, ""edge_pp"": 9.3, ""result"": ""lost"", ""score"": ""2-4""}]",2.99,0.4147,0.2816,lost,2026-10-09,
A20261009-18,2026-10-09 08:50,auto 08:50,2026-10-10 08:50,3.00,3,"[{""date"": ""2026-10-09"", ""country"": ""China"", ""league"": ""Super League"", ""home"": ""Qingdao Hainiu"", ""away"": ""Beijing Guoan"", ""kickoff"": ""2026-10-09 13:35"", ""sel"": ""U45"", ""label"": ""Under 4.5 goals"", ""odds"": 1.38, ""p"": 0.7597, ""p_market"": 0.6987, ""edge_pp"": 6.1, ""result"": ""won"", ""score"": ""0-3""}, {""date"": ""2026-10-09"", ""country"": ""Saudi Arabia"", ""league"": ""Saudi Professional League"", ""home"": ""Al Kholood"", ""away"": ""Al Qadsiah"", ""kickoff"": ""2026-10-09 15:50"", ""sel"": ""AO15"", ""label"": ""Al Qadsiah over 1.5 goals"", ""odds"": 1.52, ""p"": 0.642, ""p_market"": 0.6171, ""edge_pp"": 2.5, ""result"": ""won"", ""score"": ""0-5""}, {""date"": ""2026-10-10"", ""country"": ""Republic of Korea"", ""league"": ""K-League 1"", ""home"": ""FC Seoul"", ""away"": ""Jeju United"", ""kickoff"": ""2026-10-10 07:00"", ""sel"": ""U35"", ""label"": ""Under 3.5 goals"", ""odds"": 1.43, ""p"": 0.77, ""p_market"": 0.6579, ""edge_pp"": 11.2, ""result"": ""won"", ""score"": ""2-1""}]",3.00,0.3755,0.2837,won,2026-10-10,
A20261009-19,2026-10-09 09:17,auto 09:17,2026-10-10 09:17,3.00,3,"[{""date"": ""2026-10-09"", ""country"": ""China"", ""league"": ""Super League"", ""home"": ""Zhejiang Professional"", ""away"": ""Shanghai Port"", ""kickoff"": ""2026-10-09 14:00"", ""sel"": ""U45"", ""label"": ""Under 4.5 goals"", ""odds"": 1.42, ""p"": 0.7721, ""p_market"": 0.6787, ""edge_pp"": 9.3, ""result"": ""lost"", ""score"": ""2-4""}, {""date"": ""2026-10-09"", ""country"": ""Saudi Arabia"", ""league"": ""Saudi Professional League"", ""home"": ""Al Kholood"", ""away"": ""Al Qadsiah"", ""kickoff"": ""2026-10-09 15:50"", ""sel"": ""HO05"", ""label"": ""Al Kholood over 0.5 goals"", ""odds"": 1.54, ""p"": 0.651, ""p_market"": 0.6091, ""edge_pp"": 4.2, ""result"": null}, {""date"": ""2026-10-09"", ""country"": ""Netherlands"", ""league"": ""Eerste Divisie"", ""home"": ""TOP Oss"", ""away"": ""Helmond Sport"", ""kickoff"": ""2026-10-09 20:00"", ""sel"": ""1X"", ""label"": ""TOP Oss or draw"", ""odds"": 1.37, ""p"": 0.778, ""p_market"": 0.6854, ""edge_pp"": 9.3, ""result"": null}]",3.00,0.3910,0.2834,lost,2026-10-09,
A20261009-20,2026-10-09 09:46,auto 09:46,2026-10-10 09:46,3.00,3,"[{""date"": ""2026-10-09"", ""country"": ""Azerbaijan"", ""league"": ""Premier League"", ""home"": ""Araz PFK"", ""away"": ""FC Kapaz"", ""kickoff"": ""2026-10-09 14:00"", ""sel"": ""U35"", ""label"": ""Under 3.5 goals"", ""odds"": 1.44, ""p"": 0.7345, ""p_market"": 0.6479, ""edge_pp"": 8.7, ""result"": ""won"", ""score"": ""0-2""}, {""date"": ""2026-10-09"", ""country"": ""Egypt"", ""league"": ""2. Division A"", ""home"": ""El Entag El Harby"", ""away"": ""La Viena FC"", ""kickoff"": ""2026-10-09 14:30"", ""sel"": ""HU15"", ""label"": ""El Entag El Harby under 1.5 goals"", ""odds"": 1.44, ""p"": 0.6717, ""p_market"": 0.6298, ""edge_pp"": 4.2, ""result"": ""lost"", ""score"": ""2-0""}, {""date"": ""2026-10-09"", ""country"": ""Iraq"", ""league"": ""Iraq Stars League"", ""home"": ""Al-Gharraf"", ""away"": ""Al-Jolan SC"", ""kickoff"": ""2026-10-09 19:30"", ""sel"": ""AO05"", ""label"": ""Al-Jolan SC over 0.5 goals"", ""odds"": 1.44, ""p"": 0.7104, ""p_market"": 0.6345, ""edge_pp"": 7.6, ""result"": null}]",2.99,0.3505,0.2589,lost,2026-10-09,
A20261009-21,2026-10-09 10:11,auto 10:11,2026-10-10 10:11,3.00,3,"[{""date"": ""2026-10-09"", ""country"": ""Czech Republic"", ""league"": ""2nd league"", ""home"": ""Slavia Prague B"", ""away"": ""FC Vlasim"", ""kickoff"": ""2026-10-09 17:00"", ""sel"": ""X2"", ""label"": ""Draw or FC Vlasim"", ""odds"": 1.58, ""p"": 0.6563, ""p_market"": 0.5625, ""edge_pp"": 9.4, ""result"": ""won"", ""score"": ""0-2""}, {""date"": ""2026-10-09"", ""country"": ""Saudi Arabia"", ""league"": ""Saudi Professional League"", ""home"": ""Al Nassr"", ""away"": ""Al Diriyah"", ""kickoff"": ""2026-10-09 20:00"", ""sel"": ""U45"", ""label"": ""Under 4.5 goals"", ""odds"": 1.32, ""p"": 0.8023, ""p_market"": 0.7143, ""edge_pp"": 8.8, ""result"": ""won"", ""score"": ""3-0""}, {""date"": ""2026-10-10"", ""country"": ""Republic of Korea"", ""league"": ""K-League 1"", ""home"": ""FC Seoul"", ""away"": ""Jeju United"", ""kickoff"": ""2026-10-10 07:00"", ""sel"": ""U35"", ""label"": ""Under 3.5 goals"", ""odds"": 1.43, ""p"": 0.7696, ""p_market"": 0.6579, ""edge_pp"": 11.2, ""result"": ""won"", ""score"": ""2-1""}]",2.98,0.4053,0.2643,won,2026-10-10,
A20261009-22,2026-10-09 10:11,auto 10:11,2026-10-10 10:11,3.00,3,"[{""date"": ""2026-10-09"", ""country"": ""Saudi Arabia"", ""league"": ""Saudi Professional League"", ""home"": ""Al Kholood"", ""away"": ""Al Qadsiah"", ""kickoff"": ""2026-10-09 15:50"", ""sel"": ""HO05"", ""label"": ""Al Kholood over 0.5 goals"", ""odds"": 1.54, ""p"": 0.651, ""p_market"": 0.6091, ""edge_pp"": 4.2, ""result"": ""lost"", ""score"": ""0-5""}, {""date"": ""2026-10-09"", ""country"": ""Saudi Arabia"", ""league"": ""Saudi Professional League"", ""home"": ""Al Fateh"", ""away"": ""Al Ahli"", ""kickoff"": ""2026-10-09 16:55"", ""sel"": ""HU15"", ""label"": ""Al Fateh under 1.5 goals"", ""odds"": 1.4, ""p"": 0.7622, ""p_market"": 0.6667, ""edge_pp"": 9.6, ""result"": null}, {""date"": ""2026-10-09"", ""country"": ""Romania"", ""league"": ""Liga 1"", ""home"": ""Sepsi OSK"", ""away"": ""Dinamo Bucuresti"", ""kickoff"": ""2026-10-09 20:00"", ""sel"": ""U35"", ""label"": ""Under 3.5 goals"", ""odds"": 1.39, ""p"": 0.7796, ""p_market"": 0.6797, ""edge_pp"": 10.0, ""result"": null}]",3.00,0.3868,0.2760,lost,2026-10-09,
A20261009-23,2026-10-09 10:44,auto 10:44,2026-10-10 10:44,3.00,3,"[{""date"": ""2026-10-09"", ""country"": ""Norway"", ""league"": ""Eliteserien"", ""home"": ""Brann"", ""away"": ""Viking"", ""kickoff"": ""2026-10-09 19:00"", ""sel"": ""U45"", ""label"": ""Under 4.5 goals"", ""odds"": 1.4, ""p"": 0.7872, ""p_market"": 0.6889, ""edge_pp"": 9.8, ""result"": ""won"", ""score"": ""0-2""}, {""date"": ""2026-10-09"", ""country"": ""Netherlands"", ""league"": ""Eerste Divisie"", ""home"": ""Heracles"", ""away"": ""RKC Waalwijk"", ""kickoff"": ""2026-10-09 20:00"", ""sel"": ""BTTS"", ""label"": ""Both teams to score"", ""odds"": 1.55, ""p"": 0.6791, ""p_market"": 0.5974, ""edge_pp"": 8.2, ""result"": ""lost"", ""score"": ""3-0""}, {""date"": ""2026-10-09"", ""country"": ""Romania"", ""league"": ""Liga 1"", ""home"": ""Sepsi OSK"", ""away"": ""Dinamo Bucuresti"", ""kickoff"": ""2026-10-09 20:00"", ""sel"": ""U35"", ""label"": ""Under 3.5 goals"", ""odds"": 1.39, ""p"": 0.7796, ""p_market"": 0.6797, ""edge_pp"": 10.0, ""result"": ""won"", ""score"": ""0-2""}]",3.02,0.4168,0.2797,lost,2026-10-09,
A20261009-24,2026-10-09 10:44,auto 10:44,2026-10-10 10:44,3.00,3,"[{""date"": ""2026-10-09"", ""country"": ""Czech Republic"", ""league"": ""2nd league"", ""home"": ""Slavia Prague B"", ""away"": ""FC Vlasim"", ""kickoff"": ""2026-10-09 17:00"", ""sel"": ""X2"", ""label"": ""Draw or FC Vlasim"", ""odds"": 1.58, ""p"": 0.6563, ""p_market"": 0.5625, ""edge_pp"": 9.4, ""result"": ""won"", ""score"": ""0-2""}, {""date"": ""2026-10-09"", ""country"": ""Bahrain"", ""league"": ""Premier League"", ""home"": ""AL Khalidiyah"", ""away"": ""Muharraq"", ""kickoff"": ""2026-10-09 18:00"", ""sel"": ""U35"", ""label"": ""Under 3.5 goals"", ""odds"": 1.41, ""p"": 0.7778, ""p_market"": 0.6611, ""edge_pp"": 11.7, ""result"": ""lost"", ""score"": ""2-2""}, {""date"": ""2026-10-09"", ""country"": ""Spain"", ""league"": ""LaLiga"", ""home"": ""Malaga"", ""away"": ""Espanyol"", ""kickoff"": ""2026-10-09 21:00"", ""sel"": ""O15"", ""label"": ""Over 1.5 goals"", ""odds"": 1.34, ""p"": 0.7945, ""p_market"": 0.7173, ""edge_pp"": 7.7, ""result"": null}]",2.99,0.4056,0.2667,lost,2026-10-09,
A20261009-25,2026-10-09 10:44,auto 10:44,2026-10-10 10:44,3.00,3,"[{""date"": ""2026-10-09"", ""country"": ""Saudi Arabia"", ""league"": ""Saudi Professional League"", ""home"": ""Al Kholood"", ""away"": ""Al Qadsiah"", ""kickoff"": ""2026-10-09 15:50"", ""sel"": ""HO05"", ""label"": ""Al Kholood over 0.5 goals"", ""odds"": 1.51, ""p"": 0.651, ""p_market"": 0.6187, ""edge_pp"": 3.2, ""result"": ""lost"", ""score"": ""0-5""}, {""date"": ""2026-10-10"", ""country"": ""Colombia"", ""league"": ""Primera A: Clausura"", ""home"": ""Alianza FC Valledupar"", ""away"": ""Aguilas Doradas Rionegro"", ""kickoff"": ""2026-10-10 01:00"", ""sel"": ""AO05"", ""label"": ""Aguilas Doradas Rionegro over 0.5 goals"", ""odds"": 1.39, ""p"": 0.7684, ""p_market"": 0.6643, ""edge_pp"": 10.4, ""result"": null}, {""date"": ""2026-10-10"", ""country"": ""Republic of Korea"", ""league"": ""K-League 1"", ""home"": ""FC Seoul"", ""away"": ""Jeju United"", ""kickoff"": ""2026-10-10 07:00"", ""sel"": ""U35"", ""label"": ""Under 3.5 goals"", ""odds"": 1.43, ""p"": 0.7696, ""p_market"": 0.6579, ""edge_pp"": 11.2, ""result"": null}]",3.00,0.3850,0.2704,lost,2026-10-09,
A20261009-26,2026-10-09 11:11,auto 11:11,2026-10-10 11:11,3.00,3,"[{""date"": ""2026-10-09"", ""country"": ""Saudi Arabia"", ""league"": ""Saudi Professional League"", ""home"": ""Al Kholood"", ""away"": ""Al Qadsiah"", ""kickoff"": ""2026-10-09 15:50"", ""sel"": ""HO05"", ""label"": ""Al Kholood over 0.5 goals"", ""odds"": 1.51, ""p"": 0.651, ""p_market"": 0.6187, ""edge_pp"": 3.2, ""result"": ""lost"", ""score"": ""0-5""}, {""date"": ""2026-10-09"", ""country"": ""Norway"", ""league"": ""Eliteserien"", ""home"": ""Brann"", ""away"": ""Viking"", ""kickoff"": ""2026-10-09 19:00"", ""sel"": ""U45"", ""label"": ""Under 4.5 goals"", ""odds"": 1.39, ""p"": 0.7872, ""p_market"": 0.6904, ""edge_pp"": 9.7, ""result"": null}, {""date"": ""2026-10-10"", ""country"": ""Republic of Korea"", ""league"": ""K-League 1"", ""home"": ""FC Seoul"", ""away"": ""Jeju United"", ""kickoff"": ""2026-10-10 07:00"", ""sel"": ""U35"", ""label"": ""Under 3.5 goals"", ""odds"": 1.43, ""p"": 0.7696, ""p_market"": 0.6579, ""edge_pp"": 11.2, ""result"": null}]",3.00,0.3944,0.2810,lost,2026-10-09,
A20261009-27,2026-10-09 11:44,auto 11:44,2026-10-10 11:44,3.00,3,"[{""date"": ""2026-10-09"", ""country"": ""Czech Republic"", ""league"": ""2nd league"", ""home"": ""Slavia Prague B"", ""away"": ""FC Vlasim"", ""kickoff"": ""2026-10-09 17:00"", ""sel"": ""X2"", ""label"": ""Draw or FC Vlasim"", ""odds"": 1.58, ""p"": 0.6563, ""p_market"": 0.5625, ""edge_pp"": 9.4, ""result"": ""won"", ""score"": ""0-2""}, {""date"": ""2026-10-09"", ""country"": ""Netherlands"", ""league"": ""Eredivisie"", ""home"": ""PSV Eindhoven"", ""away"": ""Heerenveen"", ""kickoff"": ""2026-10-09 20:00"", ""sel"": ""U55"", ""label"": ""Under 5.5 goals"", ""odds"": 1.33, ""p"": 0.8159, ""p_market"": 0.7096, ""edge_pp"": 10.6, ""result"": null, ""score"": ""2-0""}, {""date"": ""2026-10-10"", ""country"": ""Republic of Korea"", ""league"": ""K-League 1"", ""home"": ""FC Seoul"", ""away"": ""Jeju United"", ""kickoff"": ""2026-10-10 07:00"", ""sel"": ""U35"", ""label"": ""Under 3.5 goals"", ""odds"": 1.43, ""p"": 0.7685, ""p_market"": 0.6579, ""edge_pp"": 11.1, ""result"": ""won"", ""score"": ""2-1""}]",3.01,0.4115,0.2626,pending,,
A20261009-28,2026-10-09 11:44,auto 11:44,2026-10-10 11:44,3.00,3,"[{""date"": ""2026-10-09"", ""country"": ""Saudi Arabia"", ""league"": ""Saudi Professional League"", ""home"": ""Al Fateh"", ""away"": ""Al Ahli"", ""kickoff"": ""2026-10-09 16:55"", ""sel"": ""HU15"", ""label"": ""Al Fateh under 1.5 goals"", ""odds"": 1.41, ""p"": 0.7622, ""p_market"": 0.6611, ""edge_pp"": 10.1, ""result"": ""won"", ""score"": ""0-4""}, {""date"": ""2026-10-09"", ""country"": ""Bahrain"", ""league"": ""Premier League"", ""home"": ""AL Khalidiyah"", ""away"": ""Muharraq"", ""kickoff"": ""2026-10-09 18:00"", ""sel"": ""AU15"", ""label"": ""Muharraq under 1.5 goals"", ""odds"": 1.53, ""p"": 0.6665, ""p_market"": 0.6057, ""edge_pp"": 6.1, ""result"": ""lost"", ""score"": ""2-2""}, {""date"": ""2026-10-09"", ""country"": ""Norway"", ""league"": ""Eliteserien"", ""home"": ""Brann"", ""away"": ""Viking"", ""kickoff"": ""2026-10-09 19:00"", ""sel"": ""U45"", ""label"": ""Under 4.5 goals"", ""odds"": 1.39, ""p"": 0.7872, ""p_market"": 0.6904, ""edge_pp"": 9.7, ""result"": null}]",3.00,0.3999,0.2764,lost,2026-10-09,
A20261009-29,2026-10-09 11:44,auto 11:44,2026-10-10 11:44,3.00,3,"[{""date"": ""2026-10-09"", ""country"": ""Saudi Arabia"", ""league"": ""Saudi Professional League"", ""home"": ""Al Kholood"", ""away"": ""Al Qadsiah"", ""kickoff"": ""2026-10-09 15:50"", ""sel"": ""HO05"", ""label"": ""Al Kholood over 0.5 goals"", ""odds"": 1.51, ""p"": 0.651, ""p_market"": 0.6187, ""edge_pp"": 3.2, ""result"": ""lost"", ""score"": ""0-5""}, {""date"": ""2026-10-09"", ""country"": ""Romania"", ""league"": ""Liga 1"", ""home"": ""Sepsi OSK"", ""away"": ""Dinamo Bucuresti"", ""kickoff"": ""2026-10-09 20:00"", ""sel"": ""U35"", ""label"": ""Under 3.5 goals"", ""odds"": 1.4, ""p"": 0.7796, ""p_market"": 0.6744, ""edge_pp"": 10.5, ""result"": null}, {""date"": ""2026-10-09"", ""country"": ""Italy"", ""league"": ""Serie C: Group A"", ""home"": ""Union Brescia"", ""away"": ""Pro Vercelli"", ""kickoff"": ""2026-10-09 20:30"", ""sel"": ""U35"", ""label"": ""Under 3.5 goals"", ""odds"": 1.42, ""p"": 0.7429, ""p_market"": 0.6553, ""edge_pp"": 8.8, ""result"": null}]",3.00,0.3770,0.2734,lost,2026-10-09,
A20261009-30,2026-10-09 12:12,12:00,2026-10-10 12:12,3.00,3,"[{""date"": ""2026-10-09"", ""country"": ""China"", ""league"": ""Super League"", ""home"": ""Zhejiang Professional"", ""away"": ""Shanghai Port"", ""kickoff"": ""2026-10-09 14:00"", ""sel"": ""U55"", ""label"": ""Under 5.5 goals"", ""odds"": 1.25, ""p"": 0.8891, ""p_market"": 0.7706, ""edge_pp"": 11.8, ""result"": ""lost"", ""score"": ""2-4""}, {""date"": ""2026-10-09"", ""country"": ""Germany"", ""league"": ""Regionalliga Bayern"", ""home"": ""Bayern Munich II"", ""away"": ""Unterhaching"", ""kickoff"": ""2026-10-09 19:00"", ""sel"": ""HU15"", ""label"": ""Bayern Munich II under 1.5 goals"", ""odds"": 1.67, ""p"": 0.6383, ""p_market"": 0.545, ""edge_pp"": 9.3, ""result"": null}, {""date"": ""2026-10-10"", ""country"": ""Republic of Korea"", ""league"": ""K-League 1"", ""home"": ""FC Seoul"", ""away"": ""Jeju United"", ""kickoff"": ""2026-10-10 07:00"", ""sel"": ""U35"", ""label"": ""Under 3.5 goals"", ""odds"": 1.43, ""p"": 0.7685, ""p_market"": 0.6579, ""edge_pp"": 11.1, ""result"": null}]",2.99,0.4361,0.2763,lost,2026-10-09,
A20261009-31,2026-10-09 12:12,12:00,2026-10-10 12:12,3.00,3,"[{""date"": ""2026-10-09"", ""country"": ""Norway"", ""league"": ""Eliteserien"", ""home"": ""Brann"", ""away"": ""Viking"", ""kickoff"": ""2026-10-09 19:00"", ""sel"": ""U45"", ""label"": ""Under 4.5 goals"", ""odds"": 1.39, ""p"": 0.7872, ""p_market"": 0.6904, ""edge_pp"": 9.7, ""result"": ""won"", ""score"": ""0-2""}, {""date"": ""2026-10-09"", ""country"": ""Malta"", ""league"": ""Malta Premier: Opening Round"", ""home"": ""Mosta"", ""away"": ""Birzebbuga St. Peters FC"", ""kickoff"": ""2026-10-09 20:00"", ""sel"": ""12"", ""label"": ""Mosta or Birzebbuga St. Peters FC"", ""odds"": 1.27, ""p"": 0.8544, ""p_market"": 0.7406, ""edge_pp"": 11.4, ""result"": ""lost"", ""score"": ""2-2""}, {""date"": ""2026-10-10"", ""country"": ""Colombia"", ""league"": ""Primera A: Clausura"", ""home"": ""Once Caldas"", ""away"": ""Llaneros FC"", ""kickoff"": ""2026-10-10 03:10"", ""sel"": ""AO05"", ""label"": ""Llaneros FC over 0.5 goals"", ""odds"": 1.7, ""p"": 0.6316, ""p_market"": 0.5467, ""edge_pp"": 8.5, ""result"": null}]",3.00,0.4248,0.2795,lost,2026-10-09,
A20261009-32,2026-10-09 12:12,12:00,2026-10-10 12:12,3.00,3,"[{""date"": ""2026-10-09"", ""country"": ""Czech Republic"", ""league"": ""2nd league"", ""home"": ""Slavia Prague B"", ""away"": ""FC Vlasim"", ""kickoff"": ""2026-10-09 17:00"", ""sel"": ""X2"", ""label"": ""Draw or FC Vlasim"", ""odds"": 1.58, ""p"": 0.6563, ""p_market"": 0.5625, ""edge_pp"": 9.4, ""result"": ""won"", ""score"": ""0-2""}, {""date"": ""2026-10-09"", ""country"": ""Romania"", ""league"": ""Liga 1"", ""home"": ""Sepsi OSK"", ""away"": ""Dinamo Bucuresti"", ""kickoff"": ""2026-10-09 20:00"", ""sel"": ""U35"", ""label"": ""Under 3.5 goals"", ""odds"": 1.4, ""p"": 0.7796, ""p_market"": 0.6744, ""edge_pp"": 10.5, ""result"": ""won"", ""score"": ""0-2""}, {""date"": ""2026-10-09"", ""country"": ""Switzerland"", ""league"": ""Challenge League"", ""home"": ""Stade Nyonnais"", ""away"": ""Aarau"", ""kickoff"": ""2026-10-09 20:15"", ""sel"": ""U45"", ""label"": ""Under 4.5 goals"", ""odds"": 1.36, ""p"": 0.785, ""p_market"": 0.6951, ""edge_pp"": 9.0, ""result"": ""won"", ""score"": ""2-1""}]",3.01,0.4017,0.2637,won,2026-10-09,
A20261009-33,2026-10-09 12:43,auto 12:43,2026-10-10 12:43,3.00,3,"[{""date"": ""2026-10-09"", ""country"": ""China"", ""league"": ""Super League"", ""home"": ""Zhejiang Professional"", ""away"": ""Shanghai Port"", ""kickoff"": ""2026-10-09 14:00"", ""sel"": ""U55"", ""label"": ""Under 5.5 goals"", ""odds"": 1.24, ""p"": 0.8891, ""p_market"": 0.7741, ""edge_pp"": 11.5, ""result"": ""lost"", ""score"": ""2-4""}, {""date"": ""2026-10-10"", ""country"": ""Colombia"", ""league"": ""Primera A: Clausura"", ""home"": ""Once Caldas"", ""away"": ""Llaneros FC"", ""kickoff"": ""2026-10-10 03:10"", ""sel"": ""AO05"", ""label"": ""Llaneros FC over 0.5 goals"", ""odds"": 1.7, ""p"": 0.6316, ""p_market"": 0.5467, ""edge_pp"": 8.5, ""result"": null}, {""date"": ""2026-10-10"", ""country"": ""Republic of Korea"", ""league"": ""K-League 1"", ""home"": ""FC Seoul"", ""away"": ""Jeju United"", ""kickoff"": ""2026-10-10 07:00"", ""sel"": ""U35"", ""label"": ""Under 3.5 goals"", ""odds"": 1.43, ""p"": 0.7685, ""p_market"": 0.6579, ""edge_pp"": 11.1, ""result"": null}]",3.01,0.4316,0.2784,lost,2026-10-09,
A20261009-34,2026-10-09 12:43,auto 12:43,2026-10-10 12:43,3.00,3,"[{""date"": ""2026-10-09"", ""country"": ""Germany"", ""league"": ""Regionalliga Bayern"", ""home"": ""Bayern Munich II"", ""away"": ""Unterhaching"", ""kickoff"": ""2026-10-09 19:00"", ""sel"": ""HU15"", ""label"": ""Bayern Munich II under 1.5 goals"", ""odds"": 1.68, ""p"": 0.6383, ""p_market"": 0.5422, ""edge_pp"": 9.6, ""result"": ""won"", ""score"": ""1-1""}, {""date"": ""2026-10-09"", ""country"": ""Norway"", ""league"": ""Eliteserien"", ""home"": ""Brann"", ""away"": ""Viking"", ""kickoff"": ""2026-10-09 19:00"", ""sel"": ""U45"", ""label"": ""Under 4.5 goals"", ""odds"": 1.39, ""p"": 0.7872, ""p_market"": 0.6904, ""edge_pp"": 9.7, ""result"": ""won"", ""score"": ""0-2""}, {""date"": ""2026-10-09"", ""country"": ""Netherlands"", ""league"": ""Eerste Divisie"", ""home"": ""Jong AZ Alkmaar"", ""away"": ""FC Den Bosch"", ""kickoff"": ""2026-10-09 20:00"", ""sel"": ""U55"", ""label"": ""Under 5.5 goals"", ""odds"": 1.28, ""p"": 0.8516, ""p_market"": 0.7377, ""edge_pp"": 11.4, ""result"": ""won"", ""score"": ""0-1""}]",2.99,0.4279,0.2762,won,2026-10-09,
A20261009-35,2026-10-09 12:43,auto 12:43,2026-10-10 12:43,3.00,3,"[{""date"": ""2026-10-09"", ""country"": ""Denmark"", ""league"": ""1st Division"", ""home"": ""Vejle Boldklub"", ""away"": ""Hvidovre"", ""kickoff"": ""2026-10-09 18:00"", ""sel"": ""U45"", ""label"": ""Under 4.5 goals"", ""odds"": 1.3, ""p"": 0.8224, ""p_market"": 0.7234, ""edge_pp"": 9.9, ""result"": ""won"", ""score"": ""1-2""}, {""date"": ""2026-10-09"", ""country"": ""Romania"", ""league"": ""Liga 1"", ""home"": ""Sepsi OSK"", ""away"": ""Dinamo Bucuresti"", ""kickoff"": ""2026-10-09 20:00"", ""sel"": ""U35"", ""label"": ""Under 3.5 goals"", ""odds"": 1.4, ""p"": 0.7796, ""p_market"": 0.6744, ""edge_pp"": 10.5, ""result"": ""won"", ""score"": ""0-2""}, {""date"": ""2026-10-09"", ""country"": ""Ireland"", ""league"": ""League of Ireland Premier Division"", ""home"": ""Shelbourne"", ""away"": ""Sligo Rovers"", ""kickoff"": ""2026-10-09 20:45"", ""sel"": ""AO05"", ""label"": ""Sligo Rovers over 0.5 goals"", ""odds"": 1.64, ""p"": 0.6368, ""p_market"": 0.5673, ""edge_pp"": 7.0, ""result"": ""won"", ""score"": ""5-1""}]",2.98,0.4083,0.2768,won,2026-10-09,
A20261009-36,2026-10-09 13:14,auto 13:14,2026-10-10 13:14,3.00,3,"[{""date"": ""2026-10-09"", ""country"": ""China"", ""league"": ""Super League"", ""home"": ""Qingdao Hainiu"", ""away"": ""Beijing Guoan"", ""kickoff"": ""2026-10-09 13:35"", ""sel"": ""U45"", ""label"": ""Under 4.5 goals"", ""odds"": 1.43, ""p"": 0.7597, ""p_market"": 0.6735, ""edge_pp"": 8.6, ""result"": ""won"", ""score"": ""0-3""}, {""date"": ""2026-10-09"", ""country"": ""Netherlands"", ""league"": ""Eerste Divisie"", ""home"": ""Jong AZ Alkmaar"", ""away"": ""FC Den Bosch"", ""kickoff"": ""2026-10-09 20:00"", ""sel"": ""U55"", ""label"": ""Under 5.5 goals"", ""odds"": 1.28, ""p"": 0.8516, ""p_market"": 0.7377, ""edge_pp"": 11.4, ""result"": ""won"", ""score"": ""0-1""}, {""date"": ""2026-10-09"", ""country"": ""Ireland"", ""league"": ""League of Ireland Premier Division"", ""home"": ""Shelbourne"", ""away"": ""Sligo Rovers"", ""kickoff"": ""2026-10-09 20:45"", ""sel"": ""AO05"", ""label"": ""Sligo Rovers over 0.5 goals"", ""odds"": 1.64, ""p"": 0.6368, ""p_market"": 0.5673, ""edge_pp"": 7.0, ""result"": ""won"", ""score"": ""5-1""}]",3.00,0.4120,0.2819,won,2026-10-09,
A20261009-37,2026-10-09 13:14,auto 13:14,2026-10-10 13:14,3.00,3,"[{""date"": ""2026-10-09"", ""country"": ""Czech Republic"", ""league"": ""2nd league"", ""home"": ""Slavia Prague B"", ""away"": ""FC Vlasim"", ""kickoff"": ""2026-10-09 17:00"", ""sel"": ""X2"", ""label"": ""Draw or FC Vlasim"", ""odds"": 1.58, ""p"": 0.6563, ""p_market"": 0.5625, ""edge_pp"": 9.4, ""result"": ""won"", ""score"": ""0-2""}, {""date"": ""2026-10-09"", ""country"": ""Norway"", ""league"": ""Eliteserien"", ""home"": ""Brann"", ""away"": ""Viking"", ""kickoff"": ""2026-10-09 19:00"", ""sel"": ""U45"", ""label"": ""Under 4.5 goals"", ""odds"": 1.39, ""p"": 0.7872, ""p_market"": 0.6904, ""edge_pp"": 9.7, ""result"": ""won"", ""score"": ""0-2""}, {""date"": ""2026-10-10"", ""country"": ""Germany"", ""league"": ""2. Bundesliga"", ""home"": ""Magdeburg"", ""away"": ""Hannover"", ""kickoff"": ""2026-10-10 13:00"", ""sel"": ""U45"", ""label"": ""Under 4.5 goals"", ""odds"": 1.36, ""p"": 0.7912, ""p_market"": 0.6951, ""edge_pp"": 9.6, ""result"": ""won"", ""score"": ""3-0""}]",2.99,0.4088,0.2700,won,2026-10-10,
A20261009-38,2026-10-09 13:41,auto 13:41,2026-10-10 13:41,3.00,3,"[{""date"": ""2026-10-09"", ""country"": ""Saudi Arabia"", ""league"": ""Saudi Professional League"", ""home"": ""Al Fateh"", ""away"": ""Al Ahli"", ""kickoff"": ""2026-10-09 16:55"", ""sel"": ""HU15"", ""label"": ""Al Fateh under 1.5 goals"", ""odds"": 1.41, ""p"": 0.7622, ""p_market"": 0.6611, ""edge_pp"": 10.1, ""result"": ""won"", ""score"": ""0-4""}, {""date"": ""2026-10-09"", ""country"": ""Netherlands"", ""league"": ""Eerste Divisie"", ""home"": ""Jong AZ Alkmaar"", ""away"": ""FC Den Bosch"", ""kickoff"": ""2026-10-09 20:00"", ""sel"": ""U55"", ""label"": ""Under 5.5 goals"", ""odds"": 1.28, ""p"": 0.8516, ""p_market"": 0.7377, ""edge_pp"": 11.4, ""result"": ""won"", ""score"": ""0-1""}, {""date"": ""2026-10-09"", ""country"": ""Ireland"", ""league"": ""League of Ireland Premier Division"", ""home"": ""Shelbourne"", ""away"": ""Sligo Rovers"", ""kickoff"": ""2026-10-09 20:45"", ""sel"": ""AO05"", ""label"": ""Sligo Rovers over 0.5 goals"", ""odds"": 1.66, ""p"": 0.6368, ""p_market"": 0.5585, ""edge_pp"": 7.8, ""result"": ""won"", ""score"": ""5-1""}]",3.00,0.4134,0.2724,won,2026-10-09,
A20261009-39,2026-10-09 14:11,auto 14:11,2026-10-10 14:11,3.00,3,"[{""date"": ""2026-10-09"", ""country"": ""Norway"", ""league"": ""Eliteserien"", ""home"": ""Brann"", ""away"": ""Viking"", ""kickoff"": ""2026-10-09 19:00"", ""sel"": ""U45"", ""label"": ""Under 4.5 goals"", ""odds"": 1.39, ""p"": 0.7872, ""p_market"": 0.6904, ""edge_pp"": 9.7, ""result"": ""won"", ""score"": ""0-2""}, {""date"": ""2026-10-09"", ""country"": ""Netherlands"", ""league"": ""Eerste Divisie"", ""home"": ""Jong AZ Alkmaar"", ""away"": ""FC Den Bosch"", ""kickoff"": ""2026-10-09 20:00"", ""sel"": ""U55"", ""label"": ""Under 5.5 goals"", ""odds"": 1.28, ""p"": 0.8516, ""p_market"": 0.7377, ""edge_pp"": 11.4, ""result"": ""won"", ""score"": ""0-1""}, {""date"": ""2026-10-09"", ""country"": ""Ireland"", ""league"": ""League of Ireland Premier Division"", ""home"": ""Shelbourne"", ""away"": ""Sligo Rovers"", ""kickoff"": ""2026-10-09 20:45"", ""sel"": ""AO05"", ""label"": ""Sligo Rovers over 0.5 goals"", ""odds"": 1.68, ""p"": 0.6368, ""p_market"": 0.5496, ""edge_pp"": 8.7, ""result"": ""won"", ""score"": ""5-1""}]",2.99,0.4270,0.2799,won,2026-10-09,
A20261009-40,2026-10-09 14:11,auto 14:11,2026-10-10 14:11,3.00,3,"[{""date"": ""2026-10-09"", ""country"": ""Belgium"", ""league"": ""Pro League"", ""home"": ""Beveren"", ""away"": ""Lommel SK"", ""kickoff"": ""2026-10-09 20:45"", ""sel"": ""U45"", ""label"": ""Under 4.5 goals"", ""odds"": 1.23, ""p"": 0.8729, ""p_market"": 0.7648, ""edge_pp"": 10.8, ""result"": null, ""score"": ""1-3""}, {""date"": ""2026-10-10"", ""country"": ""Colombia"", ""league"": ""Primera A: Clausura"", ""home"": ""Once Caldas"", ""away"": ""Llaneros FC"", ""kickoff"": ""2026-10-10 03:10"", ""sel"": ""AO05"", ""label"": ""Llaneros FC over 0.5 goals"", ""odds"": 1.7, ""p"": 0.6316, ""p_market"": 0.5467, ""edge_pp"": 8.5, ""result"": ""lost"", ""score"": ""1-0""}, {""date"": ""2026-10-10"", ""country"": ""Republic of Korea"", ""league"": ""K-League 1"", ""home"": ""FC Seoul"", ""away"": ""Jeju United"", ""kickoff"": ""2026-10-10 07:00"", ""sel"": ""U35"", ""label"": ""Under 3.5 goals"", ""odds"": 1.43, ""p"": 0.7685, ""p_market"": 0.6579, ""edge_pp"": 11.1, ""result"": null}]",2.99,0.4237,0.2751,lost,2026-10-10,
A20261009-41,2026-10-09 14:11,auto 14:11,2026-10-10 14:11,3.00,3,"[{""date"": ""2026-10-09"", ""country"": ""Azerbaijan"", ""league"": ""Premier League"", ""home"": ""FK Neftchi"", ""away"": ""Sabah FK"", ""kickoff"": ""2026-10-09 17:30"", ""sel"": ""U35"", ""label"": ""Under 3.5 goals"", ""odds"": 1.49, ""p"": 0.6974, ""p_market"": 0.6266, ""edge_pp"": 7.1, ""result"": ""won"", ""score"": ""0-0""}, {""date"": ""2026-10-09"", ""country"": ""Romania"", ""league"": ""Liga 1"", ""home"": ""Sepsi OSK"", ""away"": ""Dinamo Bucuresti"", ""kickoff"": ""2026-10-09 20:00"", ""sel"": ""U35"", ""label"": ""Under 3.5 goals"", ""odds"": 1.4, ""p"": 0.7796, ""p_market"": 0.6744, ""edge_pp"": 10.5, ""result"": ""won"", ""score"": ""0-2""}, {""date"": ""2026-10-10"", ""country"": ""England"", ""league"": ""League Two"", ""home"": ""Swindon"", ""away"": ""Crewe"", ""kickoff"": ""2026-10-10 13:30"", ""sel"": ""U35"", ""label"": ""Under 3.5 goals"", ""odds"": 1.43, ""p"": 0.7568, ""p_market"": 0.6579, ""edge_pp"": 9.9, ""result"": ""won"", ""score"": ""0-1""}]",2.98,0.4114,0.2780,won,2026-10-10,
A20261009-42,2026-10-09 14:48,auto 14:48,2026-10-10 14:48,3.00,3,"[{""date"": ""2026-10-09"", ""country"": ""Netherlands"", ""league"": ""Eerste Divisie"", ""home"": ""Jong Ajax"", ""away"": ""VVV-Venlo"", ""kickoff"": ""2026-10-09 20:00"", ""sel"": ""U55"", ""label"": ""Under 5.5 goals"", ""odds"": 1.25, ""p"": 0.8759, ""p_market"": 0.7573, ""edge_pp"": 11.9, ""result"": ""won"", ""score"": ""0-3""}, {""date"": ""2026-10-09"", ""country"": ""Ireland"", ""league"": ""League of Ireland Premier Division"", ""home"": ""Shelbourne"", ""away"": ""Sligo Rovers"", ""kickoff"": ""2026-10-09 20:45"", ""sel"": ""AO05"", ""label"": ""Sligo Rovers over 0.5 goals"", ""odds"": 1.68, ""p"": 0.6368, ""p_market"": 0.5496, ""edge_pp"": 8.7, ""result"": ""won"", ""score"": ""5-1""}, {""date"": ""2026-10-10"", ""country"": ""Republic of Korea"", ""league"": ""K-League 1"", ""home"": ""FC Seoul"", ""away"": ""Jeju United"", ""kickoff"": ""2026-10-10 07:00"", ""sel"": ""U35"", ""label"": ""Under 3.5 goals"", ""odds"": 1.43, ""p"": 0.7685, ""p_market"": 0.6579, ""edge_pp"": 11.1, ""result"": ""won"", ""score"": ""2-1""}]",3.00,0.4287,0.2738,won,2026-10-10,
A20261009-43,2026-10-09 14:48,auto 14:48,2026-10-10 14:48,3.00,3,"[{""date"": ""2026-10-09"", ""country"": ""Norway"", ""league"": ""Eliteserien"", ""home"": ""Brann"", ""away"": ""Viking"", ""kickoff"": ""2026-10-09 19:00"", ""sel"": ""U45"", ""label"": ""Under 4.5 goals"", ""odds"": 1.39, ""p"": 0.7872, ""p_market"": 0.6904, ""edge_pp"": 9.7, ""result"": ""won"", ""score"": ""0-2""}, {""date"": ""2026-10-09"", ""country"": ""England"", ""league"": ""National League"", ""home"": ""Sutton"", ""away"": ""Boreham Wood"", ""kickoff"": ""2026-10-09 20:45"", ""sel"": ""O15"", ""label"": ""Over 1.5 goals"", ""odds"": 1.27, ""p"": 0.8469, ""p_market"": 0.7445, ""edge_pp"": 10.2, ""result"": null, ""score"": ""0-2""}, {""date"": ""2026-10-10"", ""country"": ""Colombia"", ""league"": ""Primera A: Clausura"", ""home"": ""Once Caldas"", ""away"": ""Llaneros FC"", ""kickoff"": ""2026-10-10 03:10"", ""sel"": ""AO05"", ""label"": ""Llaneros FC over 0.5 goals"", ""odds"": 1.7, ""p"": 0.6316, ""p_market"": 0.5467, ""edge_pp"": 8.5, ""result"": ""lost"", ""score"": ""1-0""}]",3.00,0.4211,0.2810,lost,2026-10-10,
A20261009-44,2026-10-09 14:48,auto 14:48,2026-10-10 14:48,3.00,3,"[{""date"": ""2026-10-09"", ""country"": ""Saudi Arabia"", ""league"": ""Saudi Professional League"", ""home"": ""Al Fateh"", ""away"": ""Al Ahli"", ""kickoff"": ""2026-10-09 16:55"", ""sel"": ""HU15"", ""label"": ""Al Fateh under 1.5 goals"", ""odds"": 1.41, ""p"": 0.7622, ""p_market"": 0.6611, ""edge_pp"": 10.1, ""result"": ""won"", ""score"": ""0-4""}, {""date"": ""2026-10-09"", ""country"": ""Romania"", ""league"": ""Liga 1"", ""home"": ""Sepsi OSK"", ""away"": ""Dinamo Bucuresti"", ""kickoff"": ""2026-10-09 20:00"", ""sel"": ""U35"", ""label"": ""Under 3.5 goals"", ""odds"": 1.4, ""p"": 0.7796, ""p_market"": 0.6744, ""edge_pp"": 10.5, ""result"": ""won"", ""score"": ""0-2""}, {""date"": ""2026-10-10"", ""country"": ""Germany"", ""league"": ""Regionalliga Bayern"", ""home"": ""FC Memmingen"", ""away"": ""VfB Eichstatt"", ""kickoff"": ""2026-10-10 14:00"", ""sel"": ""AU15"", ""label"": ""VfB Eichstatt under 1.5 goals"", ""odds"": 1.52, ""p"": 0.7029, ""p_market"": 0.5968, ""edge_pp"": 10.6, ""result"": ""won"", ""score"": ""1-0""}]",3.00,0.4177,0.2661,won,2026-10-10,
A20261009-45,2026-10-09 15:13,auto 15:13,2026-10-10 15:13,3.00,3,"[{""date"": ""2026-10-09"", ""country"": ""Ireland"", ""league"": ""League of Ireland Premier Division"", ""home"": ""Shelbourne"", ""away"": ""Sligo Rovers"", ""kickoff"": ""2026-10-09 20:45"", ""sel"": ""AO05"", ""label"": ""Sligo Rovers over 0.5 goals"", ""odds"": 1.7, ""p"": 0.6368, ""p_market"": 0.5467, ""edge_pp"": 9.0, ""result"": ""won"", ""score"": ""5-1""}, {""date"": ""2026-10-10"", ""country"": ""Italy"", ""league"": ""Serie A"", ""home"": ""Genoa"", ""away"": ""Fiorentina"", ""kickoff"": ""2026-10-10 15:00"", ""sel"": ""KU55"", ""label"": ""Under 5.5 cards"", ""odds"": 1.42, ""p"": 0.7801, ""p_market"": 0.6635, ""edge_pp"": 11.7, ""result"": ""lost"", ""score"": ""2-1""}, {""date"": ""2026-10-10"", ""country"": ""Turkey"", ""league"": ""S\u00fcper Lig"", ""home"": ""Alanyaspor"", ""away"": ""Erzurumspor"", ""kickoff"": ""2026-10-10 15:00"", ""sel"": ""1X"", ""label"": ""Alanyaspor or draw"", ""odds"": 1.25, ""p"": 0.8807, ""p_market"": 0.7664, ""edge_pp"": 11.4, ""result"": ""won"", ""score"": ""0-0""}]",3.02,0.4375,0.2780,lost,2026-10-10,
A20261009-46,2026-10-09 15:44,auto 15:44,2026-10-10 15:44,3.00,3,"[{""date"": ""2026-10-09"", ""country"": ""Bahrain"", ""league"": ""Premier League"", ""home"": ""Malkia"", ""away"": ""Al-Riffa"", ""kickoff"": ""2026-10-09 18:00"", ""sel"": ""U35"", ""label"": ""Under 3.5 goals"", ""odds"": 1.47, ""p"": 0.7392, ""p_market"": 0.6388, ""edge_pp"": 10.0, ""result"": ""won"", ""score"": ""1-1""}, {""date"": ""2026-10-10"", ""country"": ""Republic of Korea"", ""league"": ""K-League 1"", ""home"": ""FC Seoul"", ""away"": ""Jeju United"", ""kickoff"": ""2026-10-10 07:00"", ""sel"": ""U35"", ""label"": ""Under 3.5 goals"", ""odds"": 1.43, ""p"": 0.7685, ""p_market"": 0.6579, ""edge_pp"": 11.1, ""result"": ""won"", ""score"": ""2-1""}, {""date"": ""2026-10-10"", ""country"": ""Italy"", ""league"": ""Serie A"", ""home"": ""Genoa"", ""away"": ""Fiorentina"", ""kickoff"": ""2026-10-10 15:00"", ""sel"": ""KU55"", ""label"": ""Under 5.5 cards"", ""odds"": 1.42, ""p"": 0.7801, ""p_market"": 0.6635, ""edge_pp"": 11.7, ""result"": ""lost"", ""score"": ""2-1""}]",2.98,0.4432,0.2789,lost,2026-10-10,
A20261009-47,2026-10-09 15:44,auto 15:44,2026-10-10 15:44,3.00,3,"[{""date"": ""2026-10-09"", ""country"": ""Saudi Arabia"", ""league"": ""Saudi Professional League"", ""home"": ""Al Fateh"", ""away"": ""Al Ahli"", ""kickoff"": ""2026-10-09 16:55"", ""sel"": ""HU15"", ""label"": ""Al Fateh under 1.5 goals"", ""odds"": 1.44, ""p"": 0.7622, ""p_market"": 0.6479, ""edge_pp"": 11.4, ""result"": ""won"", ""score"": ""0-4""}, {""date"": ""2026-10-10"", ""country"": ""England"", ""league"": ""League Two"", ""home"": ""Swindon"", ""away"": ""Crewe"", ""kickoff"": ""2026-10-10 13:30"", ""sel"": ""U35"", ""label"": ""Under 3.5 goals"", ""odds"": 1.43, ""p"": 0.7568, ""p_market"": 0.6579, ""edge_pp"": 9.9, ""result"": null, ""score"": ""0-1""}, {""date"": ""2026-10-10"", ""country"": ""Germany"", ""league"": ""Bundesliga"", ""home"": ""Hoffenheim"", ""away"": ""Hamburg"", ""kickoff"": ""2026-10-10 15:30"", ""sel"": ""KU55"", ""label"": ""Under 5.5 cards"", ""odds"": 1.45, ""p"": 0.75, ""p_market"": 0.6506, ""edge_pp"": 9.9, ""result"": null, ""score"": ""2-3""}]",2.99,0.4326,0.2773,pending,,
A20261009-48,2026-10-09 15:44,auto 15:44,2026-10-10 15:44,3.00,3,"[{""date"": ""2026-10-09"", ""country"": ""Netherlands"", ""league"": ""Eredivisie"", ""home"": ""PSV Eindhoven"", ""away"": ""Heerenveen"", ""kickoff"": ""2026-10-09 20:00"", ""sel"": ""U55"", ""label"": ""Under 5.5 goals"", ""odds"": 1.33, ""p"": 0.8159, ""p_market"": 0.7096, ""edge_pp"": 10.6, ""result"": null, ""score"": ""2-0""}, {""date"": ""2026-10-10"", ""country"": ""Colombia"", ""league"": ""Primera A: Clausura"", ""home"": ""Once Caldas"", ""away"": ""Llaneros FC"", ""kickoff"": ""2026-10-10 03:10"", ""sel"": ""AO05"", ""label"": ""Llaneros FC over 0.5 goals"", ""odds"": 1.7, ""p"": 0.6316, ""p_market"": 0.5467, ""edge_pp"": 8.5, ""result"": ""lost"", ""score"": ""1-0""}, {""date"": ""2026-10-10"", ""country"": ""Germany"", ""league"": ""Bundesliga"", ""home"": ""Paderborn"", ""away"": ""Stuttgart"", ""kickoff"": ""2026-10-10 15:30"", ""sel"": ""HO05"", ""label"": ""Paderborn over 0.5 goals"", ""odds"": 1.33, ""p"": 0.8355, ""p_market"": 0.7188, ""edge_pp"": 11.7, ""result"": null}]",3.01,0.4305,0.2788,lost,2026-10-10,
A20261009-49,2026-10-09 16:11,auto 16:11,2026-10-10 16:11,3.00,3,"[{""date"": ""2026-10-10"", ""country"": ""Germany"", ""league"": ""Bundesliga"", ""home"": ""Union Berlin"", ""away"": ""Elversberg"", ""kickoff"": ""2026-10-10 15:30"", ""sel"": ""AO05"", ""label"": ""Elversberg over 0.5 goals"", ""odds"": 1.22, ""p"": 0.8797, ""p_market"": 0.779, ""edge_pp"": 10.1, ""result"": ""lost"", ""score"": ""1-0""}, {""date"": ""2026-10-10"", ""country"": ""England"", ""league"": ""League Two"", ""home"": ""Crawley Town"", ""away"": ""Chesterfield"", ""kickoff"": ""2026-10-10 16:00"", ""sel"": ""U45"", ""label"": ""Under 4.5 goals"", ""odds"": 1.23, ""p"": 0.8838, ""p_market"": 0.7692, ""edge_pp"": 11.5, ""result"": null}, {""date"": ""2026-10-10"", ""country"": ""England"", ""league"": ""League Two"", ""home"": ""Port Vale"", ""away"": ""Grimsby"", ""kickoff"": ""2026-10-10 16:00"", ""sel"": ""NBTTS"", ""label"": ""Not both teams to score"", ""odds"": 2.0, ""p"": 0.5783, ""p_market"": 0.4609, ""edge_pp"": 11.7, ""result"": null}]",3.00,0.4496,0.2762,lost,2026-10-10,
A20261009-50,2026-10-09 16:47,auto 16:47,2026-10-10 16:47,3.00,3,"[{""date"": ""2026-10-10"", ""country"": ""England"", ""league"": ""National League"", ""home"": ""Fylde"", ""away"": ""Scunthorpe"", ""kickoff"": ""2026-10-10 16:00"", ""sel"": ""U45"", ""label"": ""Under 4.5 goals"", ""odds"": 1.39, ""p"": 0.7935, ""p_market"": 0.6797, ""edge_pp"": 11.4, ""result"": null, ""score"": ""2-0""}, {""date"": ""2026-10-10"", ""country"": ""Scotland"", ""league"": ""Championship"", ""home"": ""Livingston"", ""away"": ""Partick"", ""kickoff"": ""2026-10-10 16:00"", ""sel"": ""U35"", ""label"": ""Under 3.5 goals"", ""odds"": 1.39, ""p"": 0.7933, ""p_market"": 0.6797, ""edge_pp"": 11.4, ""result"": null, ""score"": ""1-2""}, {""date"": ""2026-10-10"", ""country"": ""Spain"", ""league"": ""Segunda Division RFEF: Group 2"", ""home"": ""Ebro"", ""away"": ""CF Calamocha"", ""kickoff"": ""2026-10-10 16:45"", ""sel"": ""HO15"", ""label"": ""Ebro over 1.5 goals"", ""odds"": 1.55, ""p"": 0.6862, ""p_market"": 0.5867, ""edge_pp"": 10.0, ""result"": ""won"", ""score"": ""2-0""}]",2.99,0.4320,0.2711,pending,,
A20261009-51,2026-10-09 17:10,17:00,2026-10-10 17:10,3.00,3,"[{""date"": ""2026-10-10"", ""country"": ""Colombia"", ""league"": ""Primera A: Clausura"", ""home"": ""Once Caldas"", ""away"": ""Llaneros FC"", ""kickoff"": ""2026-10-10 03:10"", ""sel"": ""AO05"", ""label"": ""Llaneros FC over 0.5 goals"", ""odds"": 1.7, ""p"": 0.6316, ""p_market"": 0.5467, ""edge_pp"": 8.5, ""result"": ""lost"", ""score"": ""1-0""}, {""date"": ""2026-10-10"", ""country"": ""Italy"", ""league"": ""Serie A"", ""home"": ""Genoa"", ""away"": ""Fiorentina"", ""kickoff"": ""2026-10-10 15:00"", ""sel"": ""KU55"", ""label"": ""Under 5.5 cards"", ""odds"": 1.42, ""p"": 0.7801, ""p_market"": 0.6635, ""edge_pp"": 11.7, ""result"": null}, {""date"": ""2026-10-10"", ""country"": ""Turkey"", ""league"": ""S\u00fcper Lig"", ""home"": ""Alanyaspor"", ""away"": ""Erzurumspor"", ""kickoff"": ""2026-10-10 15:00"", ""sel"": ""1X"", ""label"": ""Alanyaspor or draw"", ""odds"": 1.25, ""p"": 0.8807, ""p_market"": 0.7664, ""edge_pp"": 11.4, ""result"": null}]",3.02,0.4339,0.2780,lost,2026-10-10,
A20261009-52,2026-10-09 17:44,auto 17:44,2026-10-10 17:44,3.00,3,"[{""date"": ""2026-10-10"", ""country"": ""Turkey"", ""league"": ""S\u00fcper Lig"", ""home"": ""Alanyaspor"", ""away"": ""Erzurumspor"", ""kickoff"": ""2026-10-10 15:00"", ""sel"": ""1X"", ""label"": ""Alanyaspor or draw"", ""odds"": 1.24, ""p"": 0.8807, ""p_market"": 0.7718, ""edge_pp"": 10.9, ""result"": null, ""score"": ""0-0""}, {""date"": ""2026-10-10"", ""country"": ""England"", ""league"": ""League Two"", ""home"": ""Port Vale"", ""away"": ""Grimsby"", ""kickoff"": ""2026-10-10 16:00"", ""sel"": ""NBTTS"", ""label"": ""Not both teams to score"", ""odds"": 2.0, ""p"": 0.5783, ""p_market"": 0.4609, ""edge_pp"": 11.7, ""result"": null, ""score"": ""1-0""}, {""date"": ""2026-10-10"", ""country"": ""France"", ""league"": ""Ligue 1"", ""home"": ""Lille"", ""away"": ""Le Havre"", ""kickoff"": ""2026-10-10 17:15"", ""sel"": ""U45"", ""label"": ""Under 4.5 goals"", ""odds"": 1.21, ""p"": 0.8924, ""p_market"": 0.7953, ""edge_pp"": 9.7, ""result"": ""won"", ""score"": ""1-0""}]",3.00,0.4545,0.2829,pending,,
A20261009-53,2026-10-09 17:44,auto 17:44,2026-10-10 17:44,3.00,3,"[{""date"": ""2026-10-09"", ""country"": ""Netherlands"", ""league"": ""Eerste Divisie"", ""home"": ""Jong Ajax"", ""away"": ""VVV-Venlo"", ""kickoff"": ""2026-10-09 20:00"", ""sel"": ""U55"", ""label"": ""Under 5.5 goals"", ""odds"": 1.25, ""p"": 0.8759, ""p_market"": 0.7573, ""edge_pp"": 11.9, ""result"": ""won"", ""score"": ""0-3""}, {""date"": ""2026-10-10"", ""country"": ""Colombia"", ""league"": ""Primera A: Clausura"", ""home"": ""Once Caldas"", ""away"": ""Llaneros FC"", ""kickoff"": ""2026-10-10 03:10"", ""sel"": ""AO05"", ""label"": ""Llaneros FC over 0.5 goals"", ""odds"": 1.7, ""p"": 0.6316, ""p_market"": 0.5467, ""edge_pp"": 8.5, ""result"": ""lost"", ""score"": ""1-0""}, {""date"": ""2026-10-10"", ""country"": ""Italy"", ""league"": ""Serie A"", ""home"": ""Genoa"", ""away"": ""Fiorentina"", ""kickoff"": ""2026-10-10 15:00"", ""sel"": ""KU55"", ""label"": ""Under 5.5 cards"", ""odds"": 1.42, ""p"": 0.7801, ""p_market"": 0.6635, ""edge_pp"": 11.7, ""result"": null}]",3.02,0.4316,0.2747,lost,2026-10-10,
A20261009-54,2026-10-09 18:14,auto 18:14,2026-10-10 18:14,3.00,3,"[{""date"": ""2026-10-10"", ""country"": ""Italy"", ""league"": ""Serie A"", ""home"": ""Genoa"", ""away"": ""Fiorentina"", ""kickoff"": ""2026-10-10 15:00"", ""sel"": ""KU55"", ""label"": ""Under 5.5 cards"", ""odds"": 1.42, ""p"": 0.7801, ""p_market"": 0.6635, ""edge_pp"": 11.7, ""result"": ""lost"", ""score"": ""2-1""}, {""date"": ""2026-10-10"", ""country"": ""Germany"", ""league"": ""Bundesliga"", ""home"": ""Augsburg"", ""away"": ""Bayern Munich"", ""kickoff"": ""2026-10-10 15:30"", ""sel"": ""HO05"", ""label"": ""Augsburg over 0.5 goals"", ""odds"": 1.49, ""p"": 0.7173, ""p_market"": 0.6401, ""edge_pp"": 7.7, ""result"": null}, {""date"": ""2026-10-10"", ""country"": ""Italy"", ""league"": ""Serie A"", ""home"": ""Inter"", ""away"": ""Parma"", ""kickoff"": ""2026-10-10 18:00"", ""sel"": ""U45"", ""label"": ""Under 4.5 goals"", ""odds"": 1.41, ""p"": 0.7917, ""p_market"": 0.6803, ""edge_pp"": 11.1, ""result"": null}]",2.98,0.4430,0.2889,lost,2026-10-10,
A20261009-55,2026-10-09 18:44,auto 18:44,2026-10-10 18:44,3.00,3,"[{""date"": ""2026-10-10"", ""country"": ""Germany"", ""league"": ""Bundesliga"", ""home"": ""Union Berlin"", ""away"": ""Elversberg"", ""kickoff"": ""2026-10-10 15:30"", ""sel"": ""AO05"", ""label"": ""Elversberg over 0.5 goals"", ""odds"": 1.22, ""p"": 0.8797, ""p_market"": 0.779, ""edge_pp"": 10.1, ""result"": ""lost"", ""score"": ""1-0""}, {""date"": ""2026-10-10"", ""country"": ""England"", ""league"": ""League Two"", ""home"": ""Port Vale"", ""away"": ""Grimsby"", ""kickoff"": ""2026-10-10 16:00"", ""sel"": ""NBTTS"", ""label"": ""Not both teams to score"", ""odds"": 2.0, ""p"": 0.5783, ""p_market"": 0.4609, ""edge_pp"": 11.7, ""result"": null}, {""date"": ""2026-10-10"", ""country"": ""Spain"", ""league"": ""La Liga"", ""home"": ""Barcelona"", ""away"": ""Getafe"", ""kickoff"": ""2026-10-10 18:30"", ""sel"": ""U55"", ""label"": ""Under 5.5 goals"", ""odds"": 1.23, ""p"": 0.8962, ""p_market"": 0.7815, ""edge_pp"": 11.5, ""result"": null}]",3.00,0.4559,0.2806,lost,2026-10-10,
A20261009-56,2026-10-09 18:44,auto 18:44,2026-10-10 18:44,3.00,3,"[{""date"": ""2026-10-10"", ""country"": ""Sweden"", ""league"": ""Division 1: South"", ""home"": ""Haessleholms IF"", ""away"": ""Joenkoepings Soedra"", ""kickoff"": ""2026-10-10 13:00"", ""sel"": ""HO05"", ""label"": ""Haessleholms IF over 0.5 goals"", ""odds"": 1.29, ""p"": 0.8383, ""p_market"": 0.719, ""edge_pp"": 11.9, ""result"": ""won"", ""score"": ""1-0""}, {""date"": ""2026-10-10"", ""country"": ""Portugal"", ""league"": ""Liga Portugal 2"", ""home"": ""Leixoes"", ""away"": ""FC Porto B"", ""kickoff"": ""2026-10-10 16:30"", ""sel"": ""AO05"", ""label"": ""FC Porto B over 0.5 goals"", ""odds"": 1.64, ""p"": 0.6587, ""p_market"": 0.5696, ""edge_pp"": 8.9, ""result"": ""won"", ""score"": ""1-2""}, {""date"": ""2026-10-10"", ""country"": ""Italy"", ""league"": ""Serie A"", ""home"": ""Inter"", ""away"": ""Parma"", ""kickoff"": ""2026-10-10 18:00"", ""sel"": ""U45"", ""label"": ""Under 4.5 goals"", ""odds"": 1.41, ""p"": 0.7917, ""p_market"": 0.6803, ""edge_pp"": 11.1, ""result"": null}]",2.98,0.4372,0.2786,pending,,
A20261009-57,2026-10-09 18:44,auto 18:44,2026-10-10 18:44,3.00,3,"[{""date"": ""2026-10-09"", ""country"": ""Switzerland"", ""league"": ""Challenge League"", ""home"": ""Stade Nyonnais"", ""away"": ""Aarau"", ""kickoff"": ""2026-10-09 20:15"", ""sel"": ""U45"", ""label"": ""Under 4.5 goals"", ""odds"": 1.41, ""p"": 0.785, ""p_market"": 0.669, ""edge_pp"": 11.6, ""result"": ""won"", ""score"": ""2-1""}, {""date"": ""2026-10-10"", ""country"": ""Republic of Korea"", ""league"": ""K-League 1"", ""home"": ""FC Seoul"", ""away"": ""Jeju United"", ""kickoff"": ""2026-10-10 07:00"", ""sel"": ""U35"", ""label"": ""Under 3.5 goals"", ""odds"": 1.43, ""p"": 0.7685, ""p_market"": 0.6579, ""edge_pp"": 11.1, ""result"": ""won"", ""score"": ""2-1""}, {""date"": ""2026-10-10"", ""country"": ""Germany"", ""league"": ""Bundesliga"", ""home"": ""Augsburg"", ""away"": ""Bayern Munich"", ""kickoff"": ""2026-10-10 15:30"", ""sel"": ""HO05"", ""label"": ""Augsburg over 0.5 goals"", ""odds"": 1.48, ""p"": 0.7173, ""p_market"": 0.6459, ""edge_pp"": 7.1, ""result"": ""won"", ""score"": ""2-2""}]",2.98,0.4327,0.2843,won,2026-10-10,
A20261009-58,2026-10-09 19:42,auto 19:42,2026-10-10 19:42,3.00,3,"[{""date"": ""2026-10-09"", ""country"": ""Romania"", ""league"": ""Liga 1"", ""home"": ""Sepsi OSK"", ""away"": ""Dinamo Bucuresti"", ""kickoff"": ""2026-10-09 20:00"", ""sel"": ""U35"", ""label"": ""Under 3.5 goals"", ""odds"": 1.43, ""p"": 0.7776, ""p_market"": 0.6579, ""edge_pp"": 12.0, ""result"": ""won"", ""score"": ""0-2""}, {""date"": ""2026-10-10"", ""country"": ""Germany"", ""league"": ""Bundesliga"", ""home"": ""Augsburg"", ""away"": ""Bayern Munich"", ""kickoff"": ""2026-10-10 15:30"", ""sel"": ""HO05"", ""label"": ""Augsburg over 0.5 goals"", ""odds"": 1.48, ""p"": 0.7173, ""p_market"": 0.6459, ""edge_pp"": 7.1, ""result"": ""won"", ""score"": ""2-2""}, {""date"": ""2026-10-10"", ""country"": ""Italy"", ""league"": ""Serie A"", ""home"": ""Inter"", ""away"": ""Parma"", ""kickoff"": ""2026-10-10 18:00"", ""sel"": ""U45"", ""label"": ""Under 4.5 goals"", ""odds"": 1.41, ""p"": 0.7917, ""p_market"": 0.6803, ""edge_pp"": 11.1, ""result"": null}]",2.98,0.4416,0.2891,pending,,
A20261009-59,2026-10-09 20:10,auto 20:10,2026-10-10 20:10,3.00,3,"[{""date"": ""2026-10-10"", ""country"": ""Hungary"", ""league"": ""NB I"", ""home"": ""Ferencvaros"", ""away"": ""Debrecen"", ""kickoff"": ""2026-10-10 17:00"", ""sel"": ""U45"", ""label"": ""Under 4.5 goals"", ""odds"": 1.38, ""p"": 0.7955, ""p_market"": 0.6849, ""edge_pp"": 11.1, ""result"": ""won"", ""score"": ""1-1""}, {""date"": ""2026-10-10"", ""country"": ""Italy"", ""league"": ""Serie A"", ""home"": ""Inter"", ""away"": ""Parma"", ""kickoff"": ""2026-10-10 18:00"", ""sel"": ""U45"", ""label"": ""Under 4.5 goals"", ""odds"": 1.41, ""p"": 0.7917, ""p_market"": 0.6803, ""edge_pp"": 11.1, ""result"": null}, {""date"": ""2026-10-10"", ""country"": ""Argentina"", ""league"": ""Primera B Metropolitana"", ""home"": ""CSD Flandria"", ""away"": ""CA Defensores Unidos"", ""kickoff"": ""2026-10-10 20:00"", ""sel"": ""HU15"", ""label"": ""CSD Flandria under 1.5 goals"", ""odds"": 1.55, ""p"": 0.7041, ""p_market"": 0.5974, ""edge_pp"": 10.7, ""result"": null}]",3.02,0.4435,0.2784,pending,,
A20261009-60,2026-10-09 20:10,auto 20:10,2026-10-10 20:10,3.00,3,"[{""date"": ""2026-10-09"", ""country"": ""Spain"", ""league"": ""La Liga"", ""home"": ""Malaga"", ""away"": ""Espanol"", ""kickoff"": ""2026-10-09 21:00"", ""sel"": ""HO05"", ""label"": ""Malaga over 0.5 goals"", ""odds"": 1.33, ""p"": 0.8368, ""p_market"": 0.7188, ""edge_pp"": 11.8, ""result"": null, ""score"": ""1-1""}, {""date"": ""2026-10-10"", ""country"": ""Austria"", ""league"": ""2. Liga"", ""home"": ""FC Liefering"", ""away"": ""Sturm Graz II"", ""kickoff"": ""2026-10-10 15:30"", ""sel"": ""1X"", ""label"": ""FC Liefering or draw"", ""odds"": 1.38, ""p"": 0.7874, ""p_market"": 0.6718, ""edge_pp"": 11.6, ""result"": ""won"", ""score"": ""3-1""}, {""date"": ""2026-10-10"", ""country"": ""Portugal"", ""league"": ""Liga Portugal 2"", ""home"": ""Leixoes"", ""away"": ""FC Porto B"", ""kickoff"": ""2026-10-10 16:30"", ""sel"": ""AO05"", ""label"": ""FC Porto B over 0.5 goals"", ""odds"": 1.64, ""p"": 0.6587, ""p_market"": 0.5696, ""edge_pp"": 8.9, ""result"": ""won"", ""score"": ""1-2""}]",3.01,0.4340,0.2750,pending,,
A20261009-61,2026-10-09 21:16,auto 21:16,2026-10-10 21:16,3.00,3,"[{""date"": ""2026-10-10"", ""country"": ""England"", ""league"": ""National League"", ""home"": ""Fylde"", ""away"": ""Scunthorpe"", ""kickoff"": ""2026-10-10 16:00"", ""sel"": ""U45"", ""label"": ""Under 4.5 goals"", ""odds"": 1.39, ""p"": 0.7935, ""p_market"": 0.6797, ""edge_pp"": 11.4, ""result"": null, ""score"": ""2-0""}, {""date"": ""2026-10-10"", ""country"": ""Hungary"", ""league"": ""NB I"", ""home"": ""Ferencvaros"", ""away"": ""Debrecen"", ""kickoff"": ""2026-10-10 17:00"", ""sel"": ""U45"", ""label"": ""Under 4.5 goals"", ""odds"": 1.38, ""p"": 0.7955, ""p_market"": 0.6849, ""edge_pp"": 11.1, ""result"": ""won"", ""score"": ""1-1""}, {""date"": ""2026-10-10"", ""country"": ""Argentina"", ""league"": ""Primera B Metropolitana"", ""home"": ""CSD Flandria"", ""away"": ""CA Defensores Unidos"", ""kickoff"": ""2026-10-10 20:00"", ""sel"": ""HU15"", ""label"": ""CSD Flandria under 1.5 goals"", ""odds"": 1.56, ""p"": 0.7041, ""p_market"": 0.5959, ""edge_pp"": 10.8, ""result"": null}]",2.99,0.4445,0.2774,pending,,
A20261009-62,2026-10-09 21:48,auto 21:48,2026-10-10 21:48,3.00,3,"[{""date"": ""2026-10-10"", ""country"": ""Austria"", ""league"": ""2. Liga"", ""home"": ""FC Liefering"", ""away"": ""Sturm Graz II"", ""kickoff"": ""2026-10-10 15:30"", ""sel"": ""1X"", ""label"": ""FC Liefering or draw"", ""odds"": 1.38, ""p"": 0.7858, ""p_market"": 0.6718, ""edge_pp"": 11.4, ""result"": ""won"", ""score"": ""3-1""}, {""date"": ""2026-10-10"", ""country"": ""Germany"", ""league"": ""Bundesliga"", ""home"": ""Paderborn"", ""away"": ""Stuttgart"", ""kickoff"": ""2026-10-10 15:30"", ""sel"": ""HO05"", ""label"": ""Paderborn over 0.5 goals"", ""odds"": 1.33, ""p"": 0.8359, ""p_market"": 0.7188, ""edge_pp"": 11.7, ""result"": ""lost"", ""score"": ""0-2""}, {""date"": ""2026-10-10"", ""country"": ""Portugal"", ""league"": ""Liga Portugal 2"", ""home"": ""Leixoes"", ""away"": ""FC Porto B"", ""kickoff"": ""2026-10-10 16:30"", ""sel"": ""AO05"", ""label"": ""FC Porto B over 0.5 goals"", ""odds"": 1.64, ""p"": 0.6596, ""p_market"": 0.5696, ""edge_pp"": 9.0, ""result"": null}]",3.01,0.4332,0.2750,lost,2026-10-10,
A20261009-63,2026-10-09 22:20,auto 22:20,2026-10-10 22:20,3.00,3,"[{""date"": ""2026-10-10"", ""country"": ""Hungary"", ""league"": ""NB I"", ""home"": ""Ferencvaros"", ""away"": ""Debrecen"", ""kickoff"": ""2026-10-10 17:00"", ""sel"": ""U45"", ""label"": ""Under 4.5 goals"", ""odds"": 1.38, ""p"": 0.7955, ""p_market"": 0.6849, ""edge_pp"": 11.1, ""result"": ""won"", ""score"": ""1-1""}, {""date"": ""2026-10-10"", ""country"": ""Italy"", ""league"": ""Serie A"", ""home"": ""Inter"", ""away"": ""Parma"", ""kickoff"": ""2026-10-10 18:00"", ""sel"": ""U45"", ""label"": ""Under 4.5 goals"", ""odds"": 1.41, ""p"": 0.7917, ""p_market"": 0.6803, ""edge_pp"": 11.1, ""result"": null}, {""date"": ""2026-10-10"", ""country"": ""Belgium"", ""league"": ""Pro League"", ""home"": ""Genk"", ""away"": ""Kortrijk"", ""kickoff"": ""2026-10-10 20:45"", ""sel"": ""O25"", ""label"": ""Over 2.5 goals"", ""odds"": 1.54, ""p"": 0.7021, ""p_market"": 0.614, ""edge_pp"": 8.8, ""result"": null}]",3.00,0.4422,0.2861,pending,,
A20261009-64,2026-10-09 22:20,auto 22:20,2026-10-10 22:20,3.00,3,"[{""date"": ""2026-10-10"", ""country"": ""Germany"", ""league"": ""Bundesliga"", ""home"": ""Paderborn"", ""away"": ""Stuttgart"", ""kickoff"": ""2026-10-10 15:30"", ""sel"": ""HO05"", ""label"": ""Paderborn over 0.5 goals"", ""odds"": 1.32, ""p"": 0.8359, ""p_market"": 0.7203, ""edge_pp"": 11.6, ""result"": ""lost"", ""score"": ""0-2""}, {""date"": ""2026-10-10"", ""country"": ""England"", ""league"": ""National League"", ""home"": ""Fylde"", ""away"": ""Scunthorpe"", ""kickoff"": ""2026-10-10 16:00"", ""sel"": ""U45"", ""label"": ""Under 4.5 goals"", ""odds"": 1.39, ""p"": 0.7935, ""p_market"": 0.6797, ""edge_pp"": 11.4, ""result"": null}, {""date"": ""2026-10-10"", ""country"": ""Portugal"", ""league"": ""Liga Portugal 2"", ""home"": ""Leixoes"", ""away"": ""FC Porto B"", ""kickoff"": ""2026-10-10 16:30"", ""sel"": ""AO05"", ""label"": ""FC Porto B over 0.5 goals"", ""odds"": 1.64, ""p"": 0.6596, ""p_market"": 0.5696, ""edge_pp"": 9.0, ""result"": null}]",3.01,0.4375,0.2789,lost,2026-10-10,
A20261009-65,2026-10-09 23:43,auto 23:43,2026-10-10 23:43,3.00,3,"[{""date"": ""2026-10-10"", ""country"": ""Italy"", ""league"": ""Serie A"", ""home"": ""Genoa"", ""away"": ""Fiorentina"", ""kickoff"": ""2026-10-10 15:00"", ""sel"": ""KU55"", ""label"": ""Under 5.5 cards"", ""odds"": 1.42, ""p"": 0.7801, ""p_market"": 0.6635, ""edge_pp"": 11.7, ""result"": ""lost"", ""score"": ""2-1""}, {""date"": ""2026-10-10"", ""country"": ""England"", ""league"": ""National League"", ""home"": ""Fylde"", ""away"": ""Scunthorpe"", ""kickoff"": ""2026-10-10 16:00"", ""sel"": ""U45"", ""label"": ""Under 4.5 goals"", ""odds"": 1.39, ""p"": 0.7935, ""p_market"": 0.6797, ""edge_pp"": 11.4, ""result"": null}, {""date"": ""2026-10-10"", ""country"": ""Argentina"", ""league"": ""Primera B Metropolitana"", ""home"": ""CSD Flandria"", ""away"": ""CA Defensores Unidos"", ""kickoff"": ""2026-10-10 20:00"", ""sel"": ""HU15"", ""label"": ""CSD Flandria under 1.5 goals"", ""odds"": 1.52, ""p"": 0.7041, ""p_market"": 0.6072, ""edge_pp"": 9.7, ""result"": null}]",3.00,0.4358,0.2739,lost,2026-10-10,
A20261010-01,2026-10-10 04:16,auto 04:16,2026-10-11 04:16,3.00,3,"[{""date"": ""2026-10-10"", ""country"": ""Turkey"", ""league"": ""S\u00fcper Lig"", ""home"": ""Alanyaspor"", ""away"": ""Erzurumspor"", ""kickoff"": ""2026-10-10 15:00"", ""sel"": ""1X"", ""label"": ""Alanyaspor or draw"", ""odds"": 1.22, ""p"": 0.8804, ""p_market"": 0.7899, ""edge_pp"": 9.0, ""result"": null, ""score"": ""0-0""}, {""date"": ""2026-10-10"", ""country"": ""England"", ""league"": ""League Two"", ""home"": ""Port Vale"", ""away"": ""Grimsby"", ""kickoff"": ""2026-10-10 16:00"", ""sel"": ""NBTTS"", ""label"": ""Not both teams to score"", ""odds"": 2.0, ""p"": 0.5779, ""p_market"": 0.4609, ""edge_pp"": 11.7, ""result"": null, ""score"": ""1-0""}, {""date"": ""2026-10-10"", ""country"": ""Spain"", ""league"": ""La Liga"", ""home"": ""Barcelona"", ""away"": ""Getafe"", ""kickoff"": ""2026-10-10 18:30"", ""sel"": ""U55"", ""label"": ""Under 5.5 goals"", ""odds"": 1.23, ""p"": 0.8959, ""p_market"": 0.7815, ""edge_pp"": 11.4, ""result"": null}]",3.00,0.4558,0.2846,pending,,
A20261010-02,2026-10-10 06:20,auto 06:20,2026-10-11 06:20,3.00,3,"[{""date"": ""2026-10-10"", ""country"": ""Hungary"", ""league"": ""NB I"", ""home"": ""Ferencvaros"", ""away"": ""Debrecen"", ""kickoff"": ""2026-10-10 17:00"", ""sel"": ""U45"", ""label"": ""Under 4.5 goals"", ""odds"": 1.38, ""p"": 0.7956, ""p_market"": 0.6849, ""edge_pp"": 11.1, ""result"": ""won"", ""score"": ""1-1""}, {""date"": ""2026-10-10"", ""country"": ""Serbia"", ""league"": ""Super Liga"", ""home"": ""Cukaricki"", ""away"": ""Macva Sabac"", ""kickoff"": ""2026-10-10 17:00"", ""sel"": ""AO05"", ""label"": ""Macva Sabac over 0.5 goals"", ""odds"": 1.76, ""p"": 0.6391, ""p_market"": 0.5269, ""edge_pp"": 11.2, ""result"": ""won"", ""score"": ""2-2""}, {""date"": ""2026-10-10"", ""country"": ""Spain"", ""league"": ""La Liga"", ""home"": ""Barcelona"", ""away"": ""Getafe"", ""kickoff"": ""2026-10-10 18:30"", ""sel"": ""U55"", ""label"": ""Under 5.5 goals"", ""odds"": 1.23, ""p"": 0.8959, ""p_market"": 0.7815, ""edge_pp"": 11.4, ""result"": null}]",2.99,0.4555,0.2820,pending,,
A20261010-03,2026-10-10 06:20,auto 06:20,2026-10-11 06:20,3.00,3,"[{""date"": ""2026-10-10"", ""country"": ""England"", ""league"": ""National League"", ""home"": ""Fylde"", ""away"": ""Scunthorpe"", ""kickoff"": ""2026-10-10 16:00"", ""sel"": ""U45"", ""label"": ""Under 4.5 goals"", ""odds"": 1.39, ""p"": 0.7935, ""p_market"": 0.6797, ""edge_pp"": 11.4, ""result"": null, ""score"": ""2-0""}, {""date"": ""2026-10-10"", ""country"": ""Italy"", ""league"": ""Serie A"", ""home"": ""Inter"", ""away"": ""Parma"", ""kickoff"": ""2026-10-10 18:00"", ""sel"": ""U45"", ""label"": ""Under 4.5 goals"", ""odds"": 1.4, ""p"": 0.7919, ""p_market"": 0.6889, ""edge_pp"": 10.3, ""result"": null}, {""date"": ""2026-10-10"", ""country"": ""Belgium"", ""league"": ""Pro League"", ""home"": ""Genk"", ""away"": ""Kortrijk"", ""kickoff"": ""2026-10-10 20:45"", ""sel"": ""O25"", ""label"": ""Over 2.5 goals"", ""odds"": 1.54, ""p"": 0.7007, ""p_market"": 0.614, ""edge_pp"": 8.7, ""result"": null}]",3.00,0.4403,0.2875,pending,,
A20261010-04,2026-10-10 06:20,auto 06:20,2026-10-11 06:20,3.00,3,"[{""date"": ""2026-10-10"", ""country"": ""Italy"", ""league"": ""Serie A"", ""home"": ""Genoa"", ""away"": ""Fiorentina"", ""kickoff"": ""2026-10-10 15:00"", ""sel"": ""KU55"", ""label"": ""Under 5.5 cards"", ""odds"": 1.42, ""p"": 0.7803, ""p_market"": 0.6635, ""edge_pp"": 11.7, ""result"": ""lost"", ""score"": ""2-1""}, {""date"": ""2026-10-10"", ""country"": ""Scotland"", ""league"": ""Championship"", ""home"": ""Livingston"", ""away"": ""Partick"", ""kickoff"": ""2026-10-10 16:00"", ""sel"": ""U35"", ""label"": ""Under 3.5 goals"", ""odds"": 1.39, ""p"": 0.7932, ""p_market"": 0.6797, ""edge_pp"": 11.3, ""result"": null}, {""date"": ""2026-10-10"", ""country"": ""Argentina"", ""league"": ""Primera B Metropolitana"", ""home"": ""CSD Flandria"", ""away"": ""CA Defensores Unidos"", ""kickoff"": ""2026-10-10 20:00"", ""sel"": ""HU15"", ""label"": ""CSD Flandria under 1.5 goals"", ""odds"": 1.52, ""p"": 0.7024, ""p_market"": 0.6072, ""edge_pp"": 9.5, ""result"": null}]",3.00,0.4347,0.2739,lost,2026-10-10,
A20261010-05,2026-10-10 07:42,auto 07:42,2026-10-11 07:42,3.00,3,"[{""date"": ""2026-10-10"", ""country"": ""Japan"", ""league"": ""J1 League"", ""home"": ""FC Tokyo"", ""away"": ""Urawa Red Diamonds"", ""kickoff"": ""2026-10-10 08:00"", ""sel"": ""HO05"", ""label"": ""FC Tokyo over 0.5 goals"", ""odds"": 1.21, ""p"": 0.9036, ""p_market"": 0.7881, ""edge_pp"": 11.6, ""result"": ""won"", ""score"": ""3-0""}, {""date"": ""2026-10-10"", ""country"": ""Serbia"", ""league"": ""Super Liga"", ""home"": ""Cukaricki"", ""away"": ""Macva Sabac"", ""kickoff"": ""2026-10-10 17:00"", ""sel"": ""AO05"", ""label"": ""Macva Sabac over 0.5 goals"", ""odds"": 1.76, ""p"": 0.6391, ""p_market"": 0.5269, ""edge_pp"": 11.2, ""result"": ""won"", ""score"": ""2-2""}, {""date"": ""2026-10-10"", ""country"": ""Italy"", ""league"": ""Serie A"", ""home"": ""Inter"", ""away"": ""Parma"", ""kickoff"": ""2026-10-10 18:00"", ""sel"": ""U45"", ""label"": ""Under 4.5 goals"", ""odds"": 1.4, ""p"": 0.7919, ""p_market"": 0.6889, ""edge_pp"": 10.3, ""result"": null}]",2.98,0.4574,0.2860,pending,,
A20261010-06,2026-10-10 07:42,auto 07:42,2026-10-11 07:42,3.00,3,"[{""date"": ""2026-10-10"", ""country"": ""Italy"", ""league"": ""Serie A"", ""home"": ""Genoa"", ""away"": ""Fiorentina"", ""kickoff"": ""2026-10-10 15:00"", ""sel"": ""KU55"", ""label"": ""Under 5.5 cards"", ""odds"": 1.42, ""p"": 0.7803, ""p_market"": 0.6635, ""edge_pp"": 11.7, ""result"": ""lost"", ""score"": ""2-1""}, {""date"": ""2026-10-10"", ""country"": ""Germany"", ""league"": ""Bundesliga"", ""home"": ""Paderborn"", ""away"": ""Stuttgart"", ""kickoff"": ""2026-10-10 15:30"", ""sel"": ""HO05"", ""label"": ""Paderborn over 0.5 goals"", ""odds"": 1.33, ""p"": 0.8359, ""p_market"": 0.7188, ""edge_pp"": 11.7, ""result"": null}, {""date"": ""2026-10-10"", ""country"": ""Spain"", ""league"": ""Segunda Division RFEF: Group 2"", ""home"": ""Ebro"", ""away"": ""CF Calamocha"", ""kickoff"": ""2026-10-10 16:45"", ""sel"": ""HO15"", ""label"": ""Ebro over 1.5 goals"", ""odds"": 1.58, ""p"": 0.6857, ""p_market"": 0.5764, ""edge_pp"": 10.9, ""result"": null}]",2.98,0.4472,0.2749,lost,2026-10-10,
A20261010-07,2026-10-10 07:42,auto 07:42,2026-10-11 07:42,3.00,3,"[{""date"": ""2026-10-10"", ""country"": ""England"", ""league"": ""League Two"", ""home"": ""Swindon"", ""away"": ""Crewe"", ""kickoff"": ""2026-10-10 13:30"", ""sel"": ""U35"", ""label"": ""Under 3.5 goals"", ""odds"": 1.43, ""p"": 0.7567, ""p_market"": 0.6579, ""edge_pp"": 9.9, ""result"": null, ""score"": ""0-1""}, {""date"": ""2026-10-10"", ""country"": ""Hungary"", ""league"": ""NB I"", ""home"": ""Ferencvaros"", ""away"": ""Debrecen"", ""kickoff"": ""2026-10-10 17:00"", ""sel"": ""U45"", ""label"": ""Under 4.5 goals"", ""odds"": 1.38, ""p"": 0.7956, ""p_market"": 0.6849, ""edge_pp"": 11.1, ""result"": ""won"", ""score"": ""1-1""}, {""date"": ""2026-10-10"", ""country"": ""Argentina"", ""league"": ""Primera B Metropolitana"", ""home"": ""CSD Flandria"", ""away"": ""CA Defensores Unidos"", ""kickoff"": ""2026-10-10 20:00"", ""sel"": ""HU15"", ""label"": ""CSD Flandria under 1.5 goals"", ""odds"": 1.52, ""p"": 0.7024, ""p_market"": 0.6072, ""edge_pp"": 9.5, ""result"": null}]",3.00,0.4228,0.2736,pending,,
A20261010-08,2026-10-10 08:56,auto 08:56,2026-10-11 08:56,3.00,3,"[{""date"": ""2026-10-10"", ""country"": ""Italy"", ""league"": ""Serie D: Group B"", ""home"": ""Fiorenzuola"", ""away"": ""Piacenza"", ""kickoff"": ""2026-10-10 15:00"", ""sel"": ""A"", ""label"": ""Piacenza to win"", ""odds"": 1.47, ""p"": 0.7481, ""p_market"": 0.6481, ""edge_pp"": 10.0, ""result"": ""lost"", ""score"": ""0-0""}, {""date"": ""2026-10-10"", ""country"": ""Germany"", ""league"": ""Bundesliga"", ""home"": ""Hoffenheim"", ""away"": ""Hamburg"", ""kickoff"": ""2026-10-10 15:30"", ""sel"": ""KU55"", ""label"": ""Under 5.5 cards"", ""odds"": 1.45, ""p"": 0.7499, ""p_market"": 0.6506, ""edge_pp"": 9.9, ""result"": null}, {""date"": ""2026-10-10"", ""country"": ""Italy"", ""league"": ""Serie A"", ""home"": ""Inter"", ""away"": ""Parma"", ""kickoff"": ""2026-10-10 18:00"", ""sel"": ""U45"", ""label"": ""Under 4.5 goals"", ""odds"": 1.4, ""p"": 0.7919, ""p_market"": 0.6889, ""edge_pp"": 10.3, ""result"": null}]",2.98,0.4443,0.2905,lost,2026-10-10,
A20261010-09,2026-10-10 08:56,auto 08:56,2026-10-11 08:56,3.00,3,"[{""date"": ""2026-10-10"", ""country"": ""Germany"", ""league"": ""Bundesliga"", ""home"": ""Paderborn"", ""away"": ""Stuttgart"", ""kickoff"": ""2026-10-10 15:30"", ""sel"": ""HO05"", ""label"": ""Paderborn over 0.5 goals"", ""odds"": 1.32, ""p"": 0.8359, ""p_market"": 0.7203, ""edge_pp"": 11.6, ""result"": ""lost"", ""score"": ""0-2""}, {""date"": ""2026-10-10"", ""country"": ""France"", ""league"": ""Ligue 1"", ""home"": ""Lille"", ""away"": ""Le Havre"", ""kickoff"": ""2026-10-10 17:15"", ""sel"": ""U45"", ""label"": ""Under 4.5 goals"", ""odds"": 1.21, ""p"": 0.8923, ""p_market"": 0.7953, ""edge_pp"": 9.7, ""result"": null}, {""date"": ""2026-10-10"", ""country"": ""Hungary"", ""league"": ""NB I"", ""home"": ""Paksi SE"", ""away"": ""MTK Budapest"", ""kickoff"": ""2026-10-10 19:30"", ""sel"": ""AU15"", ""label"": ""MTK Budapest under 1.5 goals"", ""odds"": 1.87, ""p"": 0.589, ""p_market"": 0.4946, ""edge_pp"": 9.4, ""result"": null}]",2.99,0.4393,0.2833,lost,2026-10-10,
A20261010-10,2026-10-10 09:23,auto 09:23,2026-10-11 09:23,3.00,3,"[{""date"": ""2026-10-10"", ""country"": ""England"", ""league"": ""National League"", ""home"": ""Fylde"", ""away"": ""Scunthorpe"", ""kickoff"": ""2026-10-10 16:00"", ""sel"": ""U45"", ""label"": ""Under 4.5 goals"", ""odds"": 1.39, ""p"": 0.7935, ""p_market"": 0.6797, ""edge_pp"": 11.4, ""result"": null, ""score"": ""2-0""}, {""date"": ""2026-10-10"", ""country"": ""Serbia"", ""league"": ""Super Liga"", ""home"": ""Cukaricki"", ""away"": ""Macva Sabac"", ""kickoff"": ""2026-10-10 17:00"", ""sel"": ""AO05"", ""label"": ""Macva Sabac over 0.5 goals"", ""odds"": 1.76, ""p"": 0.6391, ""p_market"": 0.5269, ""edge_pp"": 11.2, ""result"": ""won"", ""score"": ""2-2""}, {""date"": ""2026-10-10"", ""country"": ""Spain"", ""league"": ""La Liga"", ""home"": ""Barcelona"", ""away"": ""Getafe"", ""kickoff"": ""2026-10-10 18:30"", ""sel"": ""U55"", ""label"": ""Under 5.5 goals"", ""odds"": 1.23, ""p"": 0.8959, ""p_market"": 0.7853, ""edge_pp"": 11.1, ""result"": null}]",3.01,0.4544,0.2813,pending,,
A20261010-11,2026-10-10 09:23,auto 09:23,2026-10-11 09:23,3.00,3,"[{""date"": ""2026-10-10"", ""country"": ""Italy"", ""league"": ""Serie A"", ""home"": ""Genoa"", ""away"": ""Fiorentina"", ""kickoff"": ""2026-10-10 15:00"", ""sel"": ""KU55"", ""label"": ""Under 5.5 cards"", ""odds"": 1.42, ""p"": 0.7803, ""p_market"": 0.6635, ""edge_pp"": 11.7, ""result"": ""lost"", ""score"": ""2-1""}, {""date"": ""2026-10-10"", ""country"": ""Scotland"", ""league"": ""Championship"", ""home"": ""Livingston"", ""away"": ""Partick"", ""kickoff"": ""2026-10-10 16:00"", ""sel"": ""U35"", ""label"": ""Under 3.5 goals"", ""odds"": 1.39, ""p"": 0.7932, ""p_market"": 0.6797, ""edge_pp"": 11.3, ""result"": null}, {""date"": ""2026-10-10"", ""country"": ""Belgium"", ""league"": ""Pro League"", ""home"": ""Genk"", ""away"": ""Kortrijk"", ""kickoff"": ""2026-10-10 20:45"", ""sel"": ""O25"", ""label"": ""Over 2.5 goals"", ""odds"": 1.52, ""p"": 0.7007, ""p_market"": 0.6219, ""edge_pp"": 7.9, ""result"": null}]",3.00,0.4337,0.2805,lost,2026-10-10,
A20261010-12,2026-10-10 09:23,auto 09:23,2026-10-11 09:23,3.00,3,"[{""date"": ""2026-10-10"", ""country"": ""Germany"", ""league"": ""Bundesliga"", ""home"": ""Hoffenheim"", ""away"": ""Hamburg"", ""kickoff"": ""2026-10-10 15:30"", ""sel"": ""KU55"", ""label"": ""Under 5.5 cards"", ""odds"": 1.45, ""p"": 0.7499, ""p_market"": 0.6506, ""edge_pp"": 9.9, ""result"": null, ""score"": ""2-3""}, {""date"": ""2026-10-10"", ""country"": ""Italy"", ""league"": ""Serie A"", ""home"": ""Inter"", ""away"": ""Parma"", ""kickoff"": ""2026-10-10 18:00"", ""sel"": ""U45"", ""label"": ""Under 4.5 goals"", ""odds"": 1.4, ""p"": 0.7919, ""p_market"": 0.6889, ""edge_pp"": 10.3, ""result"": null}, {""date"": ""2026-10-10"", ""country"": ""Argentina"", ""league"": ""Primera B Metropolitana"", ""home"": ""CSD Flandria"", ""away"": ""CA Defensores Unidos"", ""kickoff"": ""2026-10-10 20:00"", ""sel"": ""HU15"", ""label"": ""CSD Flandria under 1.5 goals"", ""odds"": 1.48, ""p"": 0.7024, ""p_market"": 0.6281, ""edge_pp"": 7.4, ""result"": null}]",3.00,0.4171,0.2815,pending,,
A20261010-13,2026-10-10 09:53,auto 09:53,2026-10-11 09:53,3.00,3,"[{""date"": ""2026-10-10"", ""country"": ""Italy"", ""league"": ""Serie A"", ""home"": ""Inter"", ""away"": ""Parma"", ""kickoff"": ""2026-10-10 18:00"", ""sel"": ""U45"", ""label"": ""Under 4.5 goals"", ""odds"": 1.4, ""p"": 0.7919, ""p_market"": 0.6889, ""edge_pp"": 10.3, ""result"": null}, {""date"": ""2026-10-10"", ""country"": ""Belgium"", ""league"": ""Pro League"", ""home"": ""Genk"", ""away"": ""Kortrijk"", ""kickoff"": ""2026-10-10 20:45"", ""sel"": ""O25"", ""label"": ""Over 2.5 goals"", ""odds"": 1.52, ""p"": 0.7007, ""p_market"": 0.6219, ""edge_pp"": 7.9, ""result"": null}, {""date"": ""2026-10-11"", ""country"": ""USA"", ""league"": ""MLS"", ""home"": ""New York Red Bulls"", ""away"": ""San Diego"", ""kickoff"": ""2026-10-11 01:30"", ""sel"": ""U45"", ""label"": ""Under 4.5 goals"", ""odds"": 1.41, ""p"": 0.7874, ""p_market"": 0.6803, ""edge_pp"": 10.7, ""result"": null}]",3.00,0.4369,0.2914,pending,,
A20261010-14,2026-10-10 09:53,auto 09:53,2026-10-11 09:53,3.00,3,"[{""date"": ""2026-10-10"", ""country"": ""England"", ""league"": ""League Two"", ""home"": ""Port Vale"", ""away"": ""Grimsby"", ""kickoff"": ""2026-10-10 16:00"", ""sel"": ""U35"", ""label"": ""Under 3.5 goals"", ""odds"": 1.32, ""p"": 0.8302, ""p_market"": 0.7161, ""edge_pp"": 11.4, ""result"": null, ""score"": ""1-0""}, {""date"": ""2026-10-10"", ""country"": ""France"", ""league"": ""Ligue 1"", ""home"": ""Lille"", ""away"": ""Le Havre"", ""kickoff"": ""2026-10-10 17:15"", ""sel"": ""U45"", ""label"": ""Under 4.5 goals"", ""odds"": 1.21, ""p"": 0.8923, ""p_market"": 0.7953, ""edge_pp"": 9.7, ""result"": ""won"", ""score"": ""1-0""}, {""date"": ""2026-10-10"", ""country"": ""Hungary"", ""league"": ""NB I"", ""home"": ""Paksi SE"", ""away"": ""MTK Budapest"", ""kickoff"": ""2026-10-10 19:30"", ""sel"": ""AU15"", ""label"": ""MTK Budapest under 1.5 goals"", ""odds"": 1.87, ""p"": 0.589, ""p_market"": 0.4946, ""edge_pp"": 9.4, ""result"": null}]",2.99,0.4364,0.2817,pending,,
A20261010-15,2026-10-10 10:49,auto 10:49,2026-10-11 10:49,3.00,3,"[{""date"": ""2026-10-10"", ""country"": ""Germany"", ""league"": ""Bundesliga"", ""home"": ""Hoffenheim"", ""away"": ""Hamburg"", ""kickoff"": ""2026-10-10 15:30"", ""sel"": ""KU55"", ""label"": ""Under 5.5 cards"", ""odds"": 1.45, ""p"": 0.7499, ""p_market"": 0.6506, ""edge_pp"": 9.9, ""result"": null, ""score"": ""2-3""}, {""date"": ""2026-10-10"", ""country"": ""Scotland"", ""league"": ""Championship"", ""home"": ""Livingston"", ""away"": ""Partick"", ""kickoff"": ""2026-10-10 16:00"", ""sel"": ""U35"", ""label"": ""Under 3.5 goals"", ""odds"": 1.39, ""p"": 0.7932, ""p_market"": 0.6797, ""edge_pp"": 11.3, ""result"": null, ""score"": ""1-2""}, {""date"": ""2026-10-10"", ""country"": ""France"", ""league"": ""Ligue 1"", ""home"": ""Brest"", ""away"": ""Angers"", ""kickoff"": ""2026-10-10 20:45"", ""sel"": ""U35"", ""label"": ""Under 3.5 goals"", ""odds"": 1.48, ""p"": 0.734, ""p_market"": 0.6501, ""edge_pp"": 8.4, ""result"": null}]",2.98,0.4366,0.2875,pending,,
A20261010-16,2026-10-10 11:08,auto 11:08,2026-10-11 11:08,3.00,3,"[{""date"": ""2026-10-10"", ""country"": ""Germany"", ""league"": ""Bundesliga"", ""home"": ""Hoffenheim"", ""away"": ""Hamburg"", ""kickoff"": ""2026-10-10 15:30"", ""sel"": ""KU55"", ""label"": ""Under 5.5 cards"", ""odds"": 1.45, ""p"": 0.7499, ""p_market"": 0.6506, ""edge_pp"": 9.9, ""result"": null, ""score"": ""2-3""}, {""date"": ""2026-10-10"", ""country"": ""England"", ""league"": ""National League"", ""home"": ""Fylde"", ""away"": ""Scunthorpe"", ""kickoff"": ""2026-10-10 16:00"", ""sel"": ""U45"", ""label"": ""Under 4.5 goals"", ""odds"": 1.4, ""p"": 0.7935, ""p_market"": 0.6744, ""edge_pp"": 11.9, ""result"": null, ""score"": ""2-0""}, {""date"": ""2026-10-10"", ""country"": ""France"", ""league"": ""Ligue 1"", ""home"": ""Brest"", ""away"": ""Angers"", ""kickoff"": ""2026-10-10 20:45"", ""sel"": ""U35"", ""label"": ""Under 3.5 goals"", ""odds"": 1.48, ""p"": 0.734, ""p_market"": 0.6501, ""edge_pp"": 8.4, ""result"": null}]",3.00,0.4368,0.2853,pending,,
A20261010-17,2026-10-10 11:42,auto 11:42,2026-10-11 11:42,3.00,3,"[{""date"": ""2026-10-10"", ""country"": ""Botswana"", ""league"": ""Premier League"", ""home"": ""Tafic"", ""away"": ""Matebele FC"", ""kickoff"": ""2026-10-10 16:00"", ""sel"": ""1X"", ""label"": ""Tafic or draw"", ""odds"": 1.2, ""p"": 0.904, ""p_market"": 0.7919, ""edge_pp"": 11.2, ""result"": ""won"", ""score"": ""2-2""}, {""date"": ""2026-10-10"", ""country"": ""England"", ""league"": ""League One"", ""home"": ""Cambridge"", ""away"": ""Blackpool"", ""kickoff"": ""2026-10-10 16:00"", ""sel"": ""1X"", ""label"": ""Cambridge or draw"", ""odds"": 1.33, ""p"": 0.8286, ""p_market"": 0.7106, ""edge_pp"": 11.8, ""result"": null, ""score"": ""1-0""}, {""date"": ""2026-10-10"", ""country"": ""Hungary"", ""league"": ""NB I"", ""home"": ""Paksi SE"", ""away"": ""MTK Budapest"", ""kickoff"": ""2026-10-10 19:30"", ""sel"": ""AU15"", ""label"": ""MTK Budapest under 1.5 goals"", ""odds"": 1.87, ""p"": 0.589, ""p_market"": 0.4946, ""edge_pp"": 9.4, ""result"": null}]",2.98,0.4412,0.2783,pending,,
A20261010-18,2026-10-10 12:11,12:00,2026-10-11 12:11,3.00,3,"[{""date"": ""2026-10-10"", ""country"": ""Austria"", ""league"": ""2. Liga"", ""home"": ""FC Liefering"", ""away"": ""Sturm Graz II"", ""kickoff"": ""2026-10-10 15:30"", ""sel"": ""U45"", ""label"": ""Under 4.5 goals"", ""odds"": 1.44, ""p"": 0.767, ""p_market"": 0.6563, ""edge_pp"": 11.1, ""result"": ""won"", ""score"": ""3-1""}, {""date"": ""2026-10-10"", ""country"": ""England"", ""league"": ""National League"", ""home"": ""Fylde"", ""away"": ""Scunthorpe"", ""kickoff"": ""2026-10-10 16:00"", ""sel"": ""U45"", ""label"": ""Under 4.5 goals"", ""odds"": 1.4, ""p"": 0.7935, ""p_market"": 0.6744, ""edge_pp"": 11.9, ""result"": null, ""score"": ""2-0""}, {""date"": ""2026-10-10"", ""country"": ""France"", ""league"": ""Ligue 1"", ""home"": ""Brest"", ""away"": ""Angers"", ""kickoff"": ""2026-10-10 20:45"", ""sel"": ""U35"", ""label"": ""Under 3.5 goals"", ""odds"": 1.48, ""p"": 0.734, ""p_market"": 0.6501, ""edge_pp"": 8.4, ""result"": null}]",2.98,0.4467,0.2878,pending,,
A20261010-19,2026-10-10 12:11,12:00,2026-10-11 12:11,3.00,3,"[{""date"": ""2026-10-10"", ""country"": ""China"", ""league"": ""Super League"", ""home"": ""Shanghai Shenhua"", ""away"": ""Yunnan Yukun"", ""kickoff"": ""2026-10-10 13:35"", ""sel"": ""U55"", ""label"": ""Under 5.5 goals"", ""odds"": 1.31, ""p"": 0.8481, ""p_market"": 0.7332, ""edge_pp"": 11.5, ""result"": ""lost"", ""score"": ""7-1""}, {""date"": ""2026-10-10"", ""country"": ""Serbia"", ""league"": ""Super Liga"", ""home"": ""FK Radnicki 1923"", ""away"": ""FK Crvena Zvezda"", ""kickoff"": ""2026-10-10 19:00"", ""sel"": ""U45"", ""label"": ""Under 4.5 goals"", ""odds"": 1.22, ""p"": 0.8887, ""p_market"": 0.7707, ""edge_pp"": 11.8, ""result"": null}, {""date"": ""2026-10-10"", ""country"": ""Hungary"", ""league"": ""NB I"", ""home"": ""Paksi SE"", ""away"": ""MTK Budapest"", ""kickoff"": ""2026-10-10 19:30"", ""sel"": ""AU15"", ""label"": ""MTK Budapest under 1.5 goals"", ""odds"": 1.87, ""p"": 0.589, ""p_market"": 0.4946, ""edge_pp"": 9.4, ""result"": null}]",2.99,0.4440,0.2795,lost,2026-10-10,
A20261010-20,2026-10-10 13:07,auto 13:07,2026-10-11 13:07,3.00,3,"[{""date"": ""2026-10-10"", ""country"": ""Spain"", ""league"": ""La Liga"", ""home"": ""Vallecano"", ""away"": ""Ath Bilbao"", ""kickoff"": ""2026-10-10 14:00"", ""sel"": ""HO05"", ""label"": ""Vallecano over 0.5 goals"", ""odds"": 1.38, ""p"": 0.8093, ""p_market"": 0.692, ""edge_pp"": 11.7, ""result"": null}, {""date"": ""2026-10-10"", ""country"": ""Serbia"", ""league"": ""Super Liga"", ""home"": ""Cukaricki"", ""away"": ""Macva Sabac"", ""kickoff"": ""2026-10-10 17:00"", ""sel"": ""AO05"", ""label"": ""Macva Sabac over 0.5 goals"", ""odds"": 1.76, ""p"": 0.6391, ""p_market"": 0.5269, ""edge_pp"": 11.2, ""result"": ""won"", ""score"": ""2-2""}, {""date"": ""2026-10-10"", ""country"": ""Spain"", ""league"": ""La Liga"", ""home"": ""Barcelona"", ""away"": ""Getafe"", ""kickoff"": ""2026-10-10 18:30"", ""sel"": ""U55"", ""label"": ""Under 5.5 goals"", ""odds"": 1.23, ""p"": 0.8959, ""p_market"": 0.7815, ""edge_pp"": 11.4, ""result"": null}]",2.99,0.4634,0.2849,pending,,
A20261010-21,2026-10-10 13:41,auto 13:41,2026-10-11 13:41,3.00,3,"[{""date"": ""2026-10-10"", ""country"": ""Italy"", ""league"": ""Serie A"", ""home"": ""Genoa"", ""away"": ""Fiorentina"", ""kickoff"": ""2026-10-10 15:00"", ""sel"": ""KU55"", ""label"": ""Under 5.5 cards"", ""odds"": 1.42, ""p"": 0.7803, ""p_market"": 0.6635, ""edge_pp"": 11.7, ""result"": ""lost"", ""score"": ""2-1""}, {""date"": ""2026-10-10"", ""country"": ""Slovakia"", ""league"": ""Super Liga"", ""home"": ""Skalica"", ""away"": ""Slovan Bratislava"", ""kickoff"": ""2026-10-10 15:30"", ""sel"": ""HO05"", ""label"": ""Skalica over 0.5 goals"", ""odds"": 1.5, ""p"": 0.7156, ""p_market"": 0.6154, ""edge_pp"": 10.0, ""result"": null}, {""date"": ""2026-10-10"", ""country"": ""England"", ""league"": ""National League"", ""home"": ""Fylde"", ""away"": ""Scunthorpe"", ""kickoff"": ""2026-10-10 16:00"", ""sel"": ""U45"", ""label"": ""Under 4.5 goals"", ""odds"": 1.4, ""p"": 0.7935, ""p_market"": 0.6744, ""edge_pp"": 11.9, ""result"": null}]",2.98,0.4431,0.2754,lost,2026-10-10,
A20261010-22,2026-10-10 14:15,auto 14:15,2026-10-11 14:15,3.00,3,"[{""date"": ""2026-10-10"", ""country"": ""Norway"", ""league"": ""3. Division: Group 3"", ""home"": ""FK Fyllingsdalen"", ""away"": ""Os"", ""kickoff"": ""2026-10-10 15:00"", ""sel"": ""U55"", ""label"": ""Under 5.5 goals"", ""odds"": 1.63, ""p"": 0.6814, ""p_market"": 0.563, ""edge_pp"": 11.8, ""result"": ""won"", ""score"": ""0-2""}, {""date"": ""2026-10-10"", ""country"": ""England"", ""league"": ""League Two"", ""home"": ""Port Vale"", ""away"": ""Grimsby"", ""kickoff"": ""2026-10-10 16:00"", ""sel"": ""U35"", ""label"": ""Under 3.5 goals"", ""odds"": 1.32, ""p"": 0.8302, ""p_market"": 0.7161, ""edge_pp"": 11.4, ""result"": ""won"", ""score"": ""1-0""}, {""date"": ""2026-10-10"", ""country"": ""England"", ""league"": ""National League"", ""home"": ""Fylde"", ""away"": ""Scunthorpe"", ""kickoff"": ""2026-10-10 16:00"", ""sel"": ""U45"", ""label"": ""Under 4.5 goals"", ""odds"": 1.4, ""p"": 0.7935, ""p_market"": 0.6744, ""edge_pp"": 11.9, ""result"": ""won"", ""score"": ""2-0""}]",3.01,0.4489,0.2719,won,2026-10-10,
A20261010-23,2026-10-10 14:15,auto 14:15,2026-10-11 14:15,3.00,3,"[{""date"": ""2026-10-10"", ""country"": ""Italy"", ""league"": ""Serie A"", ""home"": ""Genoa"", ""away"": ""Fiorentina"", ""kickoff"": ""2026-10-10 15:00"", ""sel"": ""KU55"", ""label"": ""Under 5.5 cards"", ""odds"": 1.42, ""p"": 0.7803, ""p_market"": 0.6635, ""edge_pp"": 11.7, ""result"": ""lost"", ""score"": ""2-1""}, {""date"": ""2026-10-10"", ""country"": ""Slovakia"", ""league"": ""Super Liga"", ""home"": ""Skalica"", ""away"": ""Slovan Bratislava"", ""kickoff"": ""2026-10-10 15:30"", ""sel"": ""HO05"", ""label"": ""Skalica over 0.5 goals"", ""odds"": 1.5, ""p"": 0.7156, ""p_market"": 0.6154, ""edge_pp"": 10.0, ""result"": null}, {""date"": ""2026-10-10"", ""country"": ""Scotland"", ""league"": ""Championship"", ""home"": ""Livingston"", ""away"": ""Partick"", ""kickoff"": ""2026-10-10 16:00"", ""sel"": ""U35"", ""label"": ""Under 3.5 goals"", ""odds"": 1.4, ""p"": 0.7932, ""p_market"": 0.6744, ""edge_pp"": 11.9, ""result"": null}]",2.98,0.4429,0.2754,lost,2026-10-10,
A20261010-24,2026-10-10 14:47,auto 14:47,2026-10-11 14:47,3.00,3,"[{""date"": ""2026-10-10"", ""country"": ""Austria"", ""league"": ""2. Liga"", ""home"": ""FC Liefering"", ""away"": ""Sturm Graz II"", ""kickoff"": ""2026-10-10 15:30"", ""sel"": ""U45"", ""label"": ""Under 4.5 goals"", ""odds"": 1.44, ""p"": 0.767, ""p_market"": 0.6563, ""edge_pp"": 11.1, ""result"": ""won"", ""score"": ""3-1""}, {""date"": ""2026-10-10"", ""country"": ""Tunisia"", ""league"": ""Ligue I"", ""home"": ""Esperance"", ""away"": ""Olympique de Beja"", ""kickoff"": ""2026-10-10 15:30"", ""sel"": ""U35"", ""label"": ""Under 3.5 goals"", ""odds"": 1.46, ""p"": 0.7665, ""p_market"": 0.649, ""edge_pp"": 11.7, ""result"": ""lost"", ""score"": ""3-1""}, {""date"": ""2026-10-10"", ""country"": ""France"", ""league"": ""Ligue 1"", ""home"": ""Monaco"", ""away"": ""Toulouse"", ""kickoff"": ""2026-10-10 20:45"", ""sel"": ""CU115"", ""label"": ""Under 11.5 corners"", ""odds"": 1.42, ""p"": 0.771, ""p_market"": 0.6635, ""edge_pp"": 10.8, ""result"": null}]",2.99,0.4532,0.2826,lost,2026-10-10,
A20261010-25,2026-10-10 14:47,auto 14:47,2026-10-11 14:47,3.00,3,"[{""date"": ""2026-10-10"", ""country"": ""England"", ""league"": ""Premier League"", ""home"": ""Ipswich"", ""away"": ""Fulham"", ""kickoff"": ""2026-10-10 16:00"", ""sel"": ""HO05"", ""label"": ""Ipswich over 0.5 goals"", ""odds"": 1.29, ""p"": 0.8433, ""p_market"": 0.7362, ""edge_pp"": 10.7, ""result"": null, ""score"": ""2-1""}, {""date"": ""2026-10-10"", ""country"": ""Hungary"", ""league"": ""NB I"", ""home"": ""Paksi SE"", ""away"": ""MTK Budapest"", ""kickoff"": ""2026-10-10 19:30"", ""sel"": ""AU15"", ""label"": ""MTK Budapest under 1.5 goals"", ""odds"": 1.87, ""p"": 0.5891, ""p_market"": 0.4946, ""edge_pp"": 9.4, ""result"": null}, {""date"": ""2026-10-10"", ""country"": ""Spain"", ""league"": ""La Liga"", ""home"": ""Real Madrid"", ""away"": ""Villarreal"", ""kickoff"": ""2026-10-10 21:00"", ""sel"": ""U55"", ""label"": ""Under 5.5 goals"", ""odds"": 1.24, ""p"": 0.8805, ""p_market"": 0.7762, ""edge_pp"": 10.4, ""result"": null}]",2.99,0.4374,0.2826,pending,,
A20261010-26,2026-10-10 15:14,auto 15:14,2026-10-11 15:14,3.00,3,"[{""date"": ""2026-10-10"", ""country"": ""England"", ""league"": ""League Two"", ""home"": ""Port Vale"", ""away"": ""Grimsby"", ""kickoff"": ""2026-10-10 16:00"", ""sel"": ""U35"", ""label"": ""Under 3.5 goals"", ""odds"": 1.32, ""p"": 0.8302, ""p_market"": 0.7161, ""edge_pp"": 11.4, ""result"": null, ""score"": ""1-0""}, {""date"": ""2026-10-10"", ""country"": ""France"", ""league"": ""Ligue 1"", ""home"": ""Monaco"", ""away"": ""Toulouse"", ""kickoff"": ""2026-10-10 20:45"", ""sel"": ""CU115"", ""label"": ""Under 11.5 corners"", ""odds"": 1.42, ""p"": 0.771, ""p_market"": 0.6635, ""edge_pp"": 10.8, ""result"": null}, {""date"": ""2026-10-11"", ""country"": ""Greece"", ""league"": ""Super League 2"", ""home"": ""Anagennisi Karditsas"", ""away"": ""Zakynthos APS"", ""kickoff"": ""2026-10-11 14:00"", ""sel"": ""HU15"", ""label"": ""Anagennisi Karditsas under 1.5 goals"", ""odds"": 1.6, ""p"": 0.686, ""p_market"": 0.5676, ""edge_pp"": 11.8, ""result"": null}]",3.00,0.4391,0.2697,pending,,
A20261010-27,2026-10-10 15:14,auto 15:14,2026-10-11 15:14,3.00,3,"[{""date"": ""2026-10-10"", ""country"": ""Scotland"", ""league"": ""Championship"", ""home"": ""Livingston"", ""away"": ""Partick"", ""kickoff"": ""2026-10-10 16:00"", ""sel"": ""U35"", ""label"": ""Under 3.5 goals"", ""odds"": 1.4, ""p"": 0.7932, ""p_market"": 0.6744, ""edge_pp"": 11.9, ""result"": null, ""score"": ""1-2""}, {""date"": ""2026-10-10"", ""country"": ""Spain"", ""league"": ""Segunda Division RFEF: Group 1"", ""home"": ""Atletico Astorga"", ""away"": ""Ourense CF"", ""kickoff"": ""2026-10-10 16:30"", ""sel"": ""HO05"", ""label"": ""Atletico Astorga over 0.5 goals"", ""odds"": 1.49, ""p"": 0.7216, ""p_market"": 0.612, ""edge_pp"": 11.0, ""result"": ""won"", ""score"": ""4-0""}, {""date"": ""2026-10-11"", ""country"": ""England"", ""league"": ""Premier League"", ""home"": ""Hull"", ""away"": ""Everton"", ""kickoff"": ""2026-10-11 15:00"", ""sel"": ""HO05"", ""label"": ""Hull over 0.5 goals"", ""odds"": 1.44, ""p"": 0.7654, ""p_market"": 0.6604, ""edge_pp"": 10.5, ""result"": null}]",3.00,0.4381,0.2726,pending,,
A20261010-28,2026-10-10 16:26,auto 16:26,2026-10-11 16:26,3.00,3,"[{""date"": ""2026-10-10"", ""country"": ""Spain"", ""league"": ""La Liga"", ""home"": ""Barcelona"", ""away"": ""Getafe"", ""kickoff"": ""2026-10-10 18:30"", ""sel"": ""U55"", ""label"": ""Under 5.5 goals"", ""odds"": 1.23, ""p"": 0.8959, ""p_market"": 0.7815, ""edge_pp"": 11.4, ""result"": null}, {""date"": ""2026-10-10"", ""country"": ""Hungary"", ""league"": ""NB I"", ""home"": ""Paksi SE"", ""away"": ""MTK Budapest"", ""kickoff"": ""2026-10-10 19:30"", ""sel"": ""AU15"", ""label"": ""MTK Budapest under 1.5 goals"", ""odds"": 1.87, ""p"": 0.589, ""p_market"": 0.4946, ""edge_pp"": 9.4, ""result"": null}, {""date"": ""2026-10-11"", ""country"": ""Finland"", ""league"": ""Ykkosliiga"", ""home"": ""SJK Akatemia"", ""away"": ""FC KTP"", ""kickoff"": ""2026-10-11 15:00"", ""sel"": ""HU15"", ""label"": ""SJK Akatemia under 1.5 goals"", ""odds"": 1.3, ""p"": 0.8361, ""p_market"": 0.7174, ""edge_pp"": 11.9, ""result"": null}]",2.99,0.4412,0.2773,pending,,
A20261010-29,2026-10-10 16:26,auto 16:26,2026-10-11 16:26,3.00,3,"[{""date"": ""2026-10-10"", ""country"": ""Hungary"", ""league"": ""NB I"", ""home"": ""Ferencvaros"", ""away"": ""Debrecen"", ""kickoff"": ""2026-10-10 17:00"", ""sel"": ""U45"", ""label"": ""Under 4.5 goals"", ""odds"": 1.39, ""p"": 0.7955, ""p_market"": 0.676, ""edge_pp"": 12.0, ""result"": ""won"", ""score"": ""1-1""}, {""date"": ""2026-10-11"", ""country"": ""England"", ""league"": ""Premier League"", ""home"": ""Hull"", ""away"": ""Everton"", ""kickoff"": ""2026-10-11 15:00"", ""sel"": ""HO05"", ""label"": ""Hull over 0.5 goals"", ""odds"": 1.44, ""p"": 0.7654, ""p_market"": 0.6604, ""edge_pp"": 10.5, ""result"": null}, {""date"": ""2026-10-11"", ""country"": ""Germany"", ""league"": ""Regionalliga Nord"", ""home"": ""Bremer SV"", ""away"": ""SV Drochtersen/Assel"", ""kickoff"": ""2026-10-11 15:00"", ""sel"": ""HO05"", ""label"": ""Bremer SV over 0.5 goals"", ""odds"": 1.5, ""p"": 0.7178, ""p_market"": 0.6053, ""edge_pp"": 11.3, ""result"": null}]",3.00,0.4371,0.2702,pending,,
A20261010-30,2026-10-10 16:26,auto 16:26,2026-10-11 16:26,3.00,3,"[{""date"": ""2026-10-10"", ""country"": ""Bulgaria"", ""league"": ""Parva Liga"", ""home"": ""Botev Plovdiv"", ""away"": ""Slavia Sofia"", ""kickoff"": ""2026-10-10 19:00"", ""sel"": ""U35"", ""label"": ""Under 3.5 goals"", ""odds"": 1.4, ""p"": 0.7779, ""p_market"": 0.6706, ""edge_pp"": 10.7, ""result"": null}, {""date"": ""2026-10-11"", ""country"": ""Italy"", ""league"": ""Serie C: Group B"", ""home"": ""Sambenedettese"", ""away"": ""Latina"", ""kickoff"": ""2026-10-11 14:30"", ""sel"": ""O15"", ""label"": ""Over 1.5 goals"", ""odds"": 1.45, ""p"": 0.7504, ""p_market"": 0.6463, ""edge_pp"": 10.4, ""result"": null}, {""date"": ""2026-10-11"", ""country"": ""Serbia"", ""league"": ""Super Liga"", ""home"": ""Radnicki Nis"", ""away"": ""Vojvodina"", ""kickoff"": ""2026-10-11 15:00"", ""sel"": ""U35"", ""label"": ""Under 3.5 goals"", ""odds"": 1.47, ""p"": 0.7308, ""p_market"": 0.6432, ""edge_pp"": 8.8, ""result"": null}]",2.98,0.4266,0.2788,pending,,
A20261010-31,2026-10-10 16:44,auto 16:44,2026-10-11 16:44,3.00,3,"[{""date"": ""2026-10-11"", ""country"": ""Ukraine"", ""league"": ""Premier League"", ""home"": ""Dynamo Kyiv"", ""away"": ""Karpaty"", ""kickoff"": ""2026-10-11 12:00"", ""sel"": ""U35"", ""label"": ""Under 3.5 goals"", ""odds"": 1.43, ""p"": 0.7559, ""p_market"": 0.6579, ""edge_pp"": 9.8, ""result"": null}, {""date"": ""2026-10-11"", ""country"": ""Italy"", ""league"": ""Serie C: Group B"", ""home"": ""Sambenedettese"", ""away"": ""Latina"", ""kickoff"": ""2026-10-11 14:30"", ""sel"": ""O15"", ""label"": ""Over 1.5 goals"", ""odds"": 1.45, ""p"": 0.7504, ""p_market"": 0.6463, ""edge_pp"": 10.4, ""result"": null}, {""date"": ""2026-10-11"", ""country"": ""England"", ""league"": ""Premier League"", ""home"": ""Hull"", ""away"": ""Everton"", ""kickoff"": ""2026-10-11 15:00"", ""sel"": ""HO05"", ""label"": ""Hull over 0.5 goals"", ""odds"": 1.44, ""p"": 0.7654, ""p_market"": 0.6604, ""edge_pp"": 10.5, ""result"": null}]",2.99,0.4341,0.2808,pending,,
A20261010-32,2026-10-10 16:44,auto 16:44,2026-10-11 16:44,3.00,3,"[{""date"": ""2026-10-10"", ""country"": ""Netherlands"", ""league"": ""Eredivisie"", ""home"": ""Ajax"", ""away"": ""Nijmegen"", ""kickoff"": ""2026-10-10 21:00"", ""sel"": ""U55"", ""label"": ""Under 5.5 goals"", ""odds"": 1.26, ""p"": 0.856, ""p_market"": 0.7485, ""edge_pp"": 10.7, ""result"": null}, {""date"": ""2026-10-10"", ""country"": ""Spain"", ""league"": ""La Liga"", ""home"": ""Real Madrid"", ""away"": ""Villarreal"", ""kickoff"": ""2026-10-10 21:00"", ""sel"": ""U55"", ""label"": ""Under 5.5 goals"", ""odds"": 1.24, ""p"": 0.8805, ""p_market"": 0.7762, ""edge_pp"": 10.4, ""result"": null}, {""date"": ""2026-10-11"", ""country"": ""Italy"", ""league"": ""Serie D: Group G"", ""home"": ""Atletico Lodigiani"", ""away"": ""Sarnese 1926"", ""kickoff"": ""2026-10-11 15:00"", ""sel"": ""O25"", ""label"": ""Over 2.5 goals"", ""odds"": 1.91, ""p"": 0.5655, ""p_market"": 0.481, ""edge_pp"": 8.5, ""result"": null}]",2.98,0.4262,0.2794,pending,,
A20261010-33,2026-10-10 17:07,17:00,2026-10-11 17:07,3.00,3,"[{""date"": ""2026-10-10"", ""country"": ""Italy"", ""league"": ""Serie A"", ""home"": ""Napoli"", ""away"": ""Frosinone"", ""kickoff"": ""2026-10-10 20:45"", ""sel"": ""AO05"", ""label"": ""Frosinone over 0.5 goals"", ""odds"": 1.43, ""p"": 0.7853, ""p_market"": 0.6659, ""edge_pp"": 11.9, ""result"": null}, {""date"": ""2026-10-11"", ""country"": ""Italy"", ""league"": ""Serie C: Group B"", ""home"": ""Sambenedettese"", ""away"": ""Latina"", ""kickoff"": ""2026-10-11 14:30"", ""sel"": ""O15"", ""label"": ""Over 1.5 goals"", ""odds"": 1.45, ""p"": 0.7504, ""p_market"": 0.6463, ""edge_pp"": 10.4, ""result"": null}, {""date"": ""2026-10-11"", ""country"": ""England"", ""league"": ""Premier League"", ""home"": ""Hull"", ""away"": ""Everton"", ""kickoff"": ""2026-10-11 15:00"", ""sel"": ""HO05"", ""label"": ""Hull over 0.5 goals"", ""odds"": 1.44, ""p"": 0.7654, ""p_market"": 0.6604, ""edge_pp"": 10.5, ""result"": null}]",2.99,0.4510,0.2842,pending,,
A20261010-34,2026-10-10 17:07,17:00,2026-10-11 17:07,3.00,3,"[{""date"": ""2026-10-10"", ""country"": ""Spain"", ""league"": ""La Liga"", ""home"": ""Barcelona"", ""away"": ""Getafe"", ""kickoff"": ""2026-10-10 18:30"", ""sel"": ""U55"", ""label"": ""Under 5.5 goals"", ""odds"": 1.23, ""p"": 0.8959, ""p_market"": 0.7815, ""edge_pp"": 11.4, ""result"": null}, {""date"": ""2026-10-10"", ""country"": ""Portugal"", ""league"": ""Primeira Liga"", ""home"": ""Academico Viseu"", ""away"": ""Estoril"", ""kickoff"": ""2026-10-10 21:30"", ""sel"": ""HO05"", ""label"": ""Academico Viseu over 0.5 goals"", ""odds"": 1.27, ""p"": 0.8523, ""p_market"": 0.7495, ""edge_pp"": 10.3, ""result"": null}, {""date"": ""2026-10-11"", ""country"": ""Italy"", ""league"": ""Serie D: Group G"", ""home"": ""Atletico Lodigiani"", ""away"": ""Sarnese 1926"", ""kickoff"": ""2026-10-11 15:00"", ""sel"": ""O25"", ""label"": ""Over 2.5 goals"", ""odds"": 1.91, ""p"": 0.5655, ""p_market"": 0.481, ""edge_pp"": 8.5, ""result"": null}]",2.98,0.4319,0.2817,pending,,
A20261010-35,2026-10-10 17:07,17:00,2026-10-11 17:07,3.00,3,"[{""date"": ""2026-10-10"", ""country"": ""France"", ""league"": ""Ligue 1"", ""home"": ""Monaco"", ""away"": ""Toulouse"", ""kickoff"": ""2026-10-10 20:45"", ""sel"": ""CU115"", ""label"": ""Under 11.5 corners"", ""odds"": 1.42, ""p"": 0.771, ""p_market"": 0.6635, ""edge_pp"": 10.7, ""result"": null}, {""date"": ""2026-10-11"", ""country"": ""San Marino"", ""league"": ""Campionato Sammarinese"", ""home"": ""Virtus Acquaviva"", ""away"": ""San Marino Academy U22"", ""kickoff"": ""2026-10-11 15:00"", ""sel"": ""O25"", ""label"": ""Over 2.5 goals"", ""odds"": 1.58, ""p"": 0.6899, ""p_market"": 0.5764, ""edge_pp"": 11.3, ""result"": null}, {""date"": ""2026-10-11"", ""country"": ""Luxembourg"", ""league"": ""National Division"", ""home"": ""FC Differdange 03"", ""away"": ""Walferdange"", ""kickoff"": ""2026-10-11 16:00"", ""sel"": ""U45"", ""label"": ""Under 4.5 goals"", ""odds"": 1.34, ""p"": 0.8081, ""p_market"": 0.6982, ""edge_pp"": 11.0, ""result"": null}]",3.01,0.4298,0.2670,pending,,
A20261010-36,2026-10-10 18:13,auto 18:13,2026-10-11 18:13,3.00,3,"[{""date"": ""2026-10-10"", ""country"": ""France"", ""league"": ""Ligue 1"", ""home"": ""Monaco"", ""away"": ""Toulouse"", ""kickoff"": ""2026-10-10 20:45"", ""sel"": ""CU115"", ""label"": ""Under 11.5 corners"", ""odds"": 1.42, ""p"": 0.771, ""p_market"": 0.6635, ""edge_pp"": 10.7, ""result"": null}, {""date"": ""2026-10-11"", ""country"": ""Mexico"", ""league"": ""Primera Premier"", ""home"": ""Jaguares Chiapas"", ""away"": ""Inter Playa del Carmen"", ""kickoff"": ""2026-10-11 02:00"", ""sel"": ""AO05"", ""label"": ""Inter Playa del Carmen over 0.5 goals"", ""odds"": 1.55, ""p"": 0.7018, ""p_market"": 0.5867, ""edge_pp"": 11.5, ""result"": null}, {""date"": ""2026-10-11"", ""country"": ""Norway"", ""league"": ""2. Division: Group 2"", ""home"": ""Junkeren"", ""away"": ""Grorud"", ""kickoff"": ""2026-10-11 17:00"", ""sel"": ""U45"", ""label"": ""Under 4.5 goals"", ""odds"": 1.36, ""p"": 0.8016, ""p_market"": 0.6881, ""edge_pp"": 11.4, ""result"": null}]",2.99,0.4338,0.2678,pending,,
A20261010-37,2026-10-10 18:42,auto 18:42,2026-10-11 18:42,3.00,3,"[{""date"": ""2026-10-10"", ""country"": ""Bulgaria"", ""league"": ""Parva Liga"", ""home"": ""Botev Plovdiv"", ""away"": ""Slavia Sofia"", ""kickoff"": ""2026-10-10 19:00"", ""sel"": ""U35"", ""label"": ""Under 3.5 goals"", ""odds"": 1.4, ""p"": 0.7782, ""p_market"": 0.6706, ""edge_pp"": 10.8, ""result"": null}, {""date"": ""2026-10-11"", ""country"": ""San Marino"", ""league"": ""Campionato Sammarinese"", ""home"": ""Virtus Acquaviva"", ""away"": ""San Marino Academy U22"", ""kickoff"": ""2026-10-11 15:00"", ""sel"": ""O25"", ""label"": ""Over 2.5 goals"", ""odds"": 1.58, ""p"": 0.6898, ""p_market"": 0.5764, ""edge_pp"": 11.3, ""result"": null}, {""date"": ""2026-10-11"", ""country"": ""Slovakia"", ""league"": ""Super Liga"", ""home"": ""Ruzomberok"", ""away"": ""Zilina"", ""kickoff"": ""2026-10-11 15:30"", ""sel"": ""X2"", ""label"": ""Draw or Zilina"", ""odds"": 1.35, ""p"": 0.8016, ""p_market"": 0.6927, ""edge_pp"": 10.9, ""result"": null}]",2.99,0.4303,0.2677,pending,,
A20261010-38,2026-10-10 19:07,auto 19:07,2026-10-11 19:07,3.00,3,"[{""date"": ""2026-10-10"", ""country"": ""Italy"", ""league"": ""Serie A"", ""home"": ""Napoli"", ""away"": ""Frosinone"", ""kickoff"": ""2026-10-10 20:45"", ""sel"": ""AO05"", ""label"": ""Frosinone over 0.5 goals"", ""odds"": 1.42, ""p"": 0.7853, ""p_market"": 0.6713, ""edge_pp"": 11.4}, {""date"": ""2026-10-11"", ""country"": ""Mexico"", ""league"": ""Primera Premier"", ""home"": ""Jaguares Chiapas"", ""away"": ""Inter Playa del Carmen"", ""kickoff"": ""2026-10-11 02:00"", ""sel"": ""AO05"", ""label"": ""Inter Playa del Carmen over 0.5 goals"", ""odds"": 1.55, ""p"": 0.7018, ""p_market"": 0.5867, ""edge_pp"": 11.5}, {""date"": ""2026-10-11"", ""country"": ""Norway"", ""league"": ""2. Division: Group 2"", ""home"": ""Junkeren"", ""away"": ""Grorud"", ""kickoff"": ""2026-10-11 17:00"", ""sel"": ""U45"", ""label"": ""Under 4.5 goals"", ""odds"": 1.36, ""p"": 0.8016, ""p_market"": 0.6881, ""edge_pp"": 11.4}]",2.99,0.4418,0.2710,pending,,
A20261010-39,2026-10-10 19:07,auto 19:07,2026-10-11 19:07,3.00,3,"[{""date"": ""2026-10-10"", ""country"": ""France"", ""league"": ""Ligue 1"", ""home"": ""Monaco"", ""away"": ""Toulouse"", ""kickoff"": ""2026-10-10 20:45"", ""sel"": ""CU115"", ""label"": ""Under 11.5 corners"", ""odds"": 1.42, ""p"": 0.771, ""p_market"": 0.6635, ""edge_pp"": 10.7}, {""date"": ""2026-10-11"", ""country"": ""San Marino"", ""league"": ""Campionato Sammarinese"", ""home"": ""Virtus Acquaviva"", ""away"": ""San Marino Academy U22"", ""kickoff"": ""2026-10-11 15:00"", ""sel"": ""O25"", ""label"": ""Over 2.5 goals"", ""odds"": 1.58, ""p"": 0.6899, ""p_market"": 0.5764, ""edge_pp"": 11.3}, {""date"": ""2026-10-11"", ""country"": ""Egypt"", ""league"": ""Premier League"", ""home"": ""El Zamalek"", ""away"": ""Al Ahly"", ""kickoff"": ""2026-10-11 19:00"", ""sel"": ""U35"", ""label"": ""Under 3.5 goals"", ""odds"": 1.33, ""p"": 0.8091, ""p_market"": 0.7096, ""edge_pp"": 9.9}]",2.98,0.4303,0.2714,pending,,
