day,decided,match_date,kickoff,country,league,home,away,sel,label,market,odds,p,p_sb,implied_raw,edge_pp,ev,quality,confidence,status,reasons,rank,score_rank,result,score,settled_on
2026-10-09,2026-10-09 19:42,2026-10-10,2026-10-10 14:00,Norway,2. Division: Group 2,Eidsvold TF,Skeid,H,Eidsvold TF to win,result,1.29,0.844,0.754,0.775,9.0,0.089,High,High,primary,,1,0.922,hit,2-1,2026-10-10
2026-10-09,2026-10-09 19:42,2026-10-10,2026-10-10 18:30,Spain,La Liga,Barcelona,Getafe,U55,Under 5.5 goals,goals,1.23,0.896,0.782,0.813,11.5,0.102,High,N/A,primary,,2,0.921,pending,,
2026-10-09,2026-10-09 19:42,2026-10-10,2026-10-10 16:00,England,League Two,Crawley Town,Chesterfield,U45,Under 4.5 goals,goals,1.23,0.884,0.769,0.813,11.5,0.087,High,N/A,primary,,3,0.894,hit,2-2,2026-10-10
2026-10-09,2026-10-09 19:42,2026-10-10,2026-10-10 15:00,Italy,Serie A,Genoa,Fiorentina,KU55,Under 5.5 cards,cards,1.42,0.78,0.664,0.704,11.7,0.108,High,N/A,primary,,4,0.862,miss,2-1,2026-10-10
2026-10-09,2026-10-09 19:42,2026-10-10,2026-10-10 07:00,Japan,J2 League,Omiya Ardija,Vanraure Hachinohe,1X,Omiya Ardija or draw,dc,1.18,0.904,0.813,0.847,9.1,0.066,High,High,primary,,5,0.853,hit,3-1,2026-10-10
2026-10-09,2026-10-09 19:42,2026-10-10,2026-10-10 17:15,France,Ligue 1,Lille,Le Havre,U45,Under 4.5 goals,goals,1.21,0.892,0.795,0.826,9.7,0.08,High,N/A,primary,,6,0.85,hit,1-0,2026-10-10
2026-10-09,2026-10-09 19:42,2026-10-10,2026-10-10 13:00,Sweden,Division 1: South,Haessleholms IF,Joenkoepings Soedra,HO05,Haessleholms IF over 0.5 goals,team,1.29,0.838,0.719,0.775,11.9,0.081,High,High,primary,,7,0.849,hit,1-0,2026-10-10
2026-10-09,2026-10-09 19:42,2026-10-10,2026-10-10 15:00,Turkey,Süper Lig,Alanyaspor,Erzurumspor,1X,Alanyaspor or draw,dc,1.24,0.881,0.772,0.806,10.9,0.092,High,Medium,watchlist,warning: High model probability (88%) rests on 6 matches for one team,,0.857,hit,0-0,2026-10-10
2026-10-09,2026-10-09 19:42,2026-10-10,2026-10-10 16:00,Scotland,Championship,Livingston,Partick,U35,Under 3.5 goals,goals,1.39,0.793,0.68,0.719,11.4,0.103,High,High,watchlist,"qualified, but outside the top 7 by overall ranking",,0.848,hit,1-2,2026-10-10
2026-10-09,2026-10-09 19:42,2026-10-10,2026-10-10 16:00,Scotland,League Two,Clyde,Dumbarton,H,Clyde to win,result,1.57,0.705,0.612,0.637,9.3,0.106,High,High,watchlist,"qualified, but outside the top 7 by overall ranking",,0.845,hit,2-1,2026-10-10
2026-10-09,2026-10-09 19:42,2026-10-10,2026-10-10 16:00,England,National League,Fylde,Scunthorpe,U45,Under 4.5 goals,goals,1.39,0.793,0.68,0.719,11.4,0.103,High,N/A,watchlist,"qualified, but outside the top 7 by overall ranking",,0.842,hit,2-0,2026-10-10
2026-10-09,2026-10-09 19:42,2026-10-10,2026-10-10 17:00,Hungary,NB I,Ferencvaros,Debrecen,U45,Under 4.5 goals,goals,1.38,0.796,0.685,0.725,11.1,0.098,High,N/A,watchlist,"qualified, but outside the top 7 by overall ranking",,0.842,hit,1-1,2026-10-10
2026-10-09,2026-10-09 19:42,2026-10-10,2026-10-10 15:30,Germany,Bundesliga,Union Berlin,Elversberg,AO05,Elversberg over 0.5 goals,team,1.22,0.88,0.779,0.82,10.1,0.073,High,High,watchlist,"qualified, but outside the top 7 by overall ranking",,0.839,miss,1-0,2026-10-10
2026-10-09,2026-10-09 19:42,2026-10-10,2026-10-10 18:00,Italy,Serie A,Inter,Parma,U45,Under 4.5 goals,goals,1.41,0.792,0.68,0.709,11.1,0.116,High,N/A,watchlist,"qualified, but outside the top 7 by overall ranking",,0.837,pending,,
2026-10-09,2026-10-09 19:42,2026-10-09,2026-10-09 21:00,England,Championship,West Ham,QPR,U45,Under 4.5 goals,goals,1.28,0.845,0.738,0.781,10.7,0.082,High,N/A,watchlist,"qualified, but outside the top 7 by overall ranking",,0.833,hit,1-1,2026-10-09
2026-10-09,2026-10-09 19:42,2026-10-10,2026-10-10 18:30,England,Premier League,Man United,Tottenham,AU15,Tottenham under 1.5 goals,team,1.47,0.759,0.647,0.68,11.1,0.115,High,High,watchlist,"qualified, but outside the top 7 by overall ranking",,0.832,pending,,
2026-10-09,2026-10-09 19:42,2026-10-10,2026-10-10 03:00,Peru,Liga 1: Clausura,Deportivo Garcilaso,Sport Huancayo,HO05,Deportivo Garcilaso over 0.5 goals,team,1.25,0.855,0.742,0.8,11.2,0.068,High,High,watchlist,"qualified, but outside the top 7 by overall ranking",,0.831,miss,0-1,2026-10-10
2026-10-09,2026-10-09 19:42,2026-10-10,2026-10-10 16:00,Ireland,FAI Cup,Galway United FC,Derry City,O15,Over 1.5 goals,goals,1.28,0.843,0.738,0.781,10.5,0.079,High,High,watchlist,"qualified, but outside the top 7 by overall ranking",,0.828,hit,0-2,2026-10-10
2026-10-09,2026-10-09 19:42,2026-10-10,2026-10-10 07:00,Republic of Korea,K-League 1,FC Seoul,Jeju United,U35,Under 3.5 goals,goals,1.43,0.769,0.658,0.699,11.1,0.099,High,High,watchlist,"qualified, but outside the top 7 by overall ranking",,0.823,hit,2-1,2026-10-10
2026-10-09,2026-10-09 19:42,2026-10-10,2026-10-10 13:30,Singapore,Premier League,Geylang International FC,Albirex Niigata FC,A,Albirex Niigata FC to win,result,1.67,0.685,0.573,0.599,11.2,0.144,High,High,watchlist,"qualified, but outside the top 7 by overall ranking",,0.823,miss,3-1,2026-10-10
2026-10-09,2026-10-09 19:42,2026-10-10,2026-10-10 16:00,England,Premier League,Sunderland,Brighton,X2,Draw or Brighton,dc,1.4,0.785,0.683,0.714,10.2,0.099,High,High,watchlist,"qualified, but outside the top 7 by overall ranking",,0.823,hit,0-2,2026-10-10
2026-10-09,2026-10-09 19:42,2026-10-10,2026-10-10 14:00,Germany,Regionalliga West,Oberhausen,FC Bocholt,H,Oberhausen to win,result,1.68,0.672,0.563,0.595,10.9,0.129,High,High,watchlist,"qualified, but outside the top 7 by overall ranking",,0.822,hit,3-1,2026-10-10
2026-10-09,2026-10-09 19:42,2026-10-10,2026-10-10 16:00,England,Premier League,Ipswich,Fulham,HO05,Ipswich over 0.5 goals,team,1.28,0.843,0.746,0.781,9.8,0.079,High,High,watchlist,"qualified, but outside the top 7 by overall ranking",,0.821,hit,2-1,2026-10-10
2026-10-09,2026-10-09 19:42,2026-10-10,2026-10-10 16:00,Scotland,Premiership,Hearts,St Mirren,AU15,St Mirren under 1.5 goals,team,1.3,0.825,0.717,0.769,10.7,0.072,High,High,watchlist,"qualified, but outside the top 7 by overall ranking",,0.82,hit,5-0,2026-10-10
2026-10-09,2026-10-09 19:42,2026-10-10,2026-10-10 15:30,Germany,Bundesliga,Hoffenheim,Hamburg,KU55,Under 5.5 cards,cards,1.45,0.75,0.651,0.69,9.9,0.087,High,N/A,watchlist,"qualified, but outside the top 7 by overall ranking",,0.819,pending,,
2026-10-09,2026-10-09 19:42,2026-10-10,2026-10-10 16:15,Spain,La Liga,Alaves,Ath Madrid,HO05,Alaves over 0.5 goals,team,1.49,0.75,0.64,0.671,11.0,0.118,High,High,watchlist,"qualified, but outside the top 7 by overall ranking",,0.819,hit,1-2,2026-10-10
2026-10-09,2026-10-09 19:42,2026-10-10,2026-10-10 08:00,Japan,J1 League,FC Tokyo,Urawa Red Diamonds,H,FC Tokyo to win,result,1.73,0.667,0.569,0.578,9.7,0.153,High,High,watchlist,"qualified, but outside the top 7 by overall ranking",,0.817,hit,3-0,2026-10-10
2026-10-09,2026-10-09 19:42,2026-10-09,2026-10-09 20:30,Germany,Bundesliga,Dortmund,Werder Bremen,H,Dortmund to win,result,1.4,0.773,0.708,0.714,6.4,0.082,High,High,watchlist,"qualified, but outside the top 7 by overall ranking",,0.816,miss,2-2,2026-10-09
2026-10-09,2026-10-09 19:42,2026-10-10,2026-10-10 16:00,England,League One,Cambridge,Blackpool,1X,Cambridge or draw,dc,1.3,0.829,0.726,0.769,10.3,0.077,High,High,watchlist,"qualified, but outside the top 7 by overall ranking",,0.816,hit,1-0,2026-10-10
2026-10-09,2026-10-09 19:42,2026-10-10,2026-10-10 19:00,Serbia,Super Liga,FK Radnicki 1923,FK Crvena Zvezda,U45,Under 4.5 goals,goals,1.2,0.889,0.786,0.833,10.3,0.067,High,N/A,watchlist,"qualified, but outside the top 7 by overall ranking",,0.816,pending,,
2026-10-09,2026-10-09 19:42,2026-10-10,2026-10-10 14:00,Spain,La Liga,Vallecano,Ath Bilbao,1X,Vallecano or draw,dc,1.49,0.749,0.629,0.671,12.0,0.117,High,High,watchlist,"qualified, but outside the top 7 by overall ranking",,0.813,pending,,
2026-10-09,2026-10-09 19:42,2026-10-10,2026-10-10 15:30,Austria,2. Liga,FC Liefering,Sturm Graz II,1X,FC Liefering or draw,dc,1.38,0.787,0.672,0.725,11.6,0.087,High,High,watchlist,"qualified, but outside the top 7 by overall ranking",,0.813,hit,3-1,2026-10-10
2026-10-09,2026-10-09 19:42,2026-10-10,2026-10-10 16:00,Botswana,Premier League,Tafic,Matebele FC,H,Tafic to win,result,1.61,0.678,0.58,0.621,9.8,0.092,High,High,watchlist,"qualified, but outside the top 7 by overall ranking",,0.811,miss,2-2,2026-10-10
2026-10-09,2026-10-09 19:42,2026-10-10,2026-10-10 16:00,England,League One,Doncaster,Burton,AO05,Burton over 0.5 goals,team,1.52,0.724,0.612,0.658,11.2,0.101,High,High,watchlist,"qualified, but outside the top 7 by overall ranking",,0.811,miss,1-0,2026-10-10
2026-10-09,2026-10-09 19:42,2026-10-09,2026-10-09 20:45,England,National League,Sutton,Boreham Wood,A,Boreham Wood to win,result,1.73,0.638,0.556,0.578,8.2,0.104,High,High,watchlist,"qualified, but outside the top 7 by overall ranking",,0.81,hit,0-2,2026-10-09
2026-10-09,2026-10-09 19:42,2026-10-10,2026-10-10 15:30,Slovakia,Super Liga,Trencin,Dukla Banska Bystrica,AO05,Dukla Banska Bystrica over 0.5 goals,team,1.29,0.834,0.719,0.775,11.5,0.076,High,High,watchlist,"qualified, but outside the top 7 by overall ranking",,0.809,hit,0-1,2026-10-10
2026-10-09,2026-10-09 19:42,2026-10-10,2026-10-10 18:15,Israel,Premier League,Hapoel Petah Tikva,Maccabi Netanya,HO05,Hapoel Petah Tikva over 0.5 goals,team,1.42,0.767,0.651,0.704,11.6,0.089,High,High,watchlist,"qualified, but outside the top 7 by overall ranking",,0.807,pending,,
2026-10-09,2026-10-09 19:42,2026-10-10,2026-10-10 13:00,Germany,2. Bundesliga,Magdeburg,Hannover,CU115,Under 11.5 corners,corners,1.55,0.705,0.597,0.645,10.8,0.093,High,N/A,watchlist,"qualified, but outside the top 7 by overall ranking",,0.806,pending,,
2026-10-09,2026-10-09 19:42,2026-10-10,2026-10-10 16:00,England,League Two,York,Northampton,12,York or Northampton,dc,1.21,0.873,0.787,0.826,8.6,0.056,High,High,watchlist,"qualified, but outside the top 7 by overall ranking",,0.806,miss,1-1,2026-10-10
2026-10-09,2026-10-09 19:42,2026-10-09,2026-10-09 20:00,Romania,Liga 1,Sepsi OSK,Dinamo Bucuresti,U35,Under 3.5 goals,goals,1.43,0.778,0.658,0.699,12.0,0.112,High,High,watchlist,"qualified, but outside the top 7 by overall ranking",,0.805,hit,0-2,2026-10-09
2026-10-09,2026-10-09 19:42,2026-10-10,2026-10-10 16:00,England,National League,Tamworth,Barrow,HO05,Tamworth over 0.5 goals,team,1.24,0.858,0.749,0.806,10.9,0.063,High,High,watchlist,"qualified, but outside the top 7 by overall ranking",,0.805,hit,1-2,2026-10-10
2026-10-09,2026-10-09 19:42,2026-10-10,2026-10-10 16:00,Sweden,Division 1: North,Karlstad,FC Arlanda,AO05,FC Arlanda over 0.5 goals,team,1.4,0.776,0.663,0.714,11.3,0.086,High,High,watchlist,"qualified, but outside the top 7 by overall ranking",,0.802,miss,3-0,2026-10-10
2026-10-09,2026-10-09 19:42,2026-10-10,2026-10-10 07:00,Japan,J2 League,Tokushima Vortis,FC Imabari,1X,Tokushima Vortis or draw,dc,1.28,0.83,0.732,0.781,9.8,0.062,High,High,watchlist,"qualified, but outside the top 7 by overall ranking",,0.801,miss,1-2,2026-10-10
2026-10-09,2026-10-09 19:42,2026-10-10,2026-10-10 14:45,Poland,Ekstraklasa,Cracovia,Zaglebie Lubin,AO05,Zaglebie Lubin over 0.5 goals,team,1.44,0.765,0.648,0.694,11.7,0.101,High,High,watchlist,"qualified, but outside the top 7 by overall ranking",,0.801,hit,3-1,2026-10-10
2026-10-09,2026-10-09 19:42,2026-10-10,2026-10-10 13:30,China,League One,Meizhou Hakka,Wuxi Wugou FC,X2,Draw or Wuxi Wugou FC,dc,1.34,0.799,0.683,0.746,11.6,0.07,High,High,watchlist,"qualified, but outside the top 7 by overall ranking",,0.799,hit,0-3,2026-10-10
2026-10-09,2026-10-09 19:42,2026-10-10,2026-10-10 14:00,Germany,Regionalliga Bayern,Ansbach,1. FC Nuremberg II,U45,Under 4.5 goals,goals,1.35,0.798,0.679,0.741,12.0,0.078,High,N/A,watchlist,"qualified, but outside the top 7 by overall ranking",,0.798,hit,0-1,2026-10-10
2026-10-09,2026-10-09 19:42,2026-10-10,2026-10-10 13:30,England,League Two,Swindon,Crewe,U35,Under 3.5 goals,goals,1.43,0.757,0.658,0.699,9.9,0.082,High,High,watchlist,"qualified, but outside the top 7 by overall ranking",,0.796,hit,0-1,2026-10-10
2026-10-09,2026-10-09 19:42,2026-10-10,2026-10-10 13:30,Netherlands,Tweede Divisie,Quick Boys,Katwijk,H,Quick Boys to win,result,1.6,0.678,0.6,0.625,7.8,0.085,High,High,watchlist,"qualified, but outside the top 7 by overall ranking",,0.796,hit,6-0,2026-10-10
2026-10-09,2026-10-09 19:42,2026-10-10,2026-10-10 16:00,England,Premier League,Chelsea,Bournemouth,AO05,Bournemouth over 0.5 goals,team,1.37,0.787,0.694,0.73,9.3,0.078,High,High,watchlist,"qualified, but outside the top 7 by overall ranking",,0.796,hit,5-1,2026-10-10
2026-10-09,2026-10-09 19:42,2026-10-10,2026-10-10 16:00,Scotland,League Two,Forfar,Elgin,HO05,Forfar over 0.5 goals,team,1.34,0.797,0.691,0.746,10.6,0.068,High,High,watchlist,"qualified, but outside the top 7 by overall ranking",,0.791,hit,1-2,2026-10-10
2026-10-09,2026-10-09 19:42,2026-10-09,2026-10-09 20:30,Austria,2. Liga,First Vienna FC,SKN St. Poelten,1X,First Vienna FC or draw,dc,1.38,0.779,0.673,0.725,10.6,0.075,High,High,watchlist,"qualified, but outside the top 7 by overall ranking",,0.79,hit,3-1,2026-10-09
2026-10-09,2026-10-09 19:42,2026-10-10,2026-10-10 16:30,Netherlands,Eredivisie,Go Ahead Eagles,Sparta Rotterdam,H,Go Ahead Eagles to win,result,1.76,0.641,0.55,0.568,9.0,0.127,High,High,watchlist,"qualified, but outside the top 7 by overall ranking",,0.79,miss,3-3,2026-10-10
2026-10-09,2026-10-09 19:42,2026-10-10,2026-10-10 17:00,Austria,Bundesliga,Grazer AK,FC Salzburg,U45,Under 4.5 goals,goals,1.27,0.844,0.744,0.787,10.0,0.072,High,N/A,watchlist,"qualified, but outside the top 7 by overall ranking",,0.788,hit,0-0,2026-10-10
2026-10-09,2026-10-09 19:42,2026-10-10,2026-10-10 16:00,Scotland,League One,Cove Rangers,East Fife,HO05,Cove Rangers over 0.5 goals,team,1.25,0.843,0.742,0.8,10.1,0.054,High,High,watchlist,"qualified, but outside the top 7 by overall ranking",,0.783,hit,1-1,2026-10-10
2026-10-09,2026-10-09 19:42,2026-10-10,2026-10-10 16:00,Slovenia,2. SNL,ND Ilirija Ljubljana,NK Krka,1X,ND Ilirija Ljubljana or draw,dc,1.33,0.803,0.698,0.752,10.5,0.068,High,High,watchlist,"qualified, but outside the top 7 by overall ranking",,0.783,hit,2-1,2026-10-10
2026-10-09,2026-10-09 19:42,2026-10-10,2026-10-10 14:00,Germany,3. Liga,Meppen,VfB Stuttgart II,1X,Meppen or draw,dc,1.37,0.791,0.681,0.73,10.9,0.083,High,High,watchlist,"qualified, but outside the top 7 by overall ranking",,0.782,hit,1-1,2026-10-10
2026-10-09,2026-10-09 19:42,2026-10-10,2026-10-10 16:00,Sweden,Division 1: South,FC Rosengaard,Aatvidaberg,AO05,Aatvidaberg over 0.5 goals,team,1.3,0.82,0.711,0.769,10.9,0.066,High,High,watchlist,"qualified, but outside the top 7 by overall ranking",,0.782,hit,1-1,2026-10-10
2026-10-09,2026-10-09 19:42,2026-10-09,2026-10-09 20:00,Netherlands,Eredivisie,PSV Eindhoven,Heerenveen,U55,Under 5.5 goals,goals,1.32,0.816,0.716,0.758,10.0,0.077,High,N/A,watchlist,"qualified, but outside the top 7 by overall ranking",,0.78,hit,2-0,2026-10-09
2026-10-09,2026-10-09 19:42,2026-10-10,2026-10-10 16:00,England,League One,Stevenage,Wigan,1X,Stevenage or draw,dc,1.29,0.821,0.736,0.775,8.5,0.059,High,High,watchlist,"qualified, but outside the top 7 by overall ranking",,0.78,hit,1-0,2026-10-10
2026-10-09,2026-10-09 19:42,2026-10-10,2026-10-10 13:00,Latvia,Virsliga,FK Tukums 2000,Riga FC,U45,Under 4.5 goals,goals,1.41,0.765,0.648,0.709,11.6,0.078,High,N/A,watchlist,"qualified, but outside the top 7 by overall ranking",,0.779,hit,0-2,2026-10-10
2026-10-09,2026-10-09 19:42,2026-10-10,2026-10-10 12:00,Belarus,Premier League,FC Minsk,Torpedo Zhodino,AU15,Torpedo Zhodino under 1.5 goals,team,1.55,0.72,0.603,0.645,11.8,0.116,High,High,watchlist,"qualified, but outside the top 7 by overall ranking",,0.777,hit,0-1,2026-10-10
2026-10-09,2026-10-09 19:42,2026-10-10,2026-10-10 01:00,Colombia,Primera A: Clausura,Alianza FC Valledupar,Aguilas Doradas Rionegro,AO05,Aguilas Doradas Rionegro over 0.5 goals,team,1.39,0.768,0.664,0.719,10.4,0.068,High,High,watchlist,"qualified, but outside the top 7 by overall ranking",,0.776,hit,2-2,2026-10-10
2026-10-09,2026-10-09 19:42,2026-10-10,2026-10-10 14:00,Germany,Regionalliga Bayern,DJK Vilzing,TSV Buchbach,U45,Under 4.5 goals,goals,1.31,0.81,0.703,0.763,10.7,0.061,High,N/A,watchlist,"qualified, but outside the top 7 by overall ranking",,0.774,hit,1-1,2026-10-10
2026-10-09,2026-10-09 19:42,2026-10-10,2026-10-10 18:00,Czech Republic,1st League,Bohemians 1905,Banik Ostrava,1X,Bohemians 1905 or draw,dc,1.37,0.78,0.681,0.73,9.9,0.069,High,High,watchlist,"qualified, but outside the top 7 by overall ranking",,0.773,pending,,
2026-10-09,2026-10-09 19:42,2026-10-10,2026-10-10 18:00,South Africa,MTN 8,Orlando Pirates,Mamelodi Sundowns FC,12,Orlando Pirates or Mamelodi Sundowns FC,dc,1.35,0.802,0.692,0.741,11.0,0.082,Medium,Medium,watchlist,"qualified, but outside the top 7 by overall ranking",,0.771,pending,,
2026-10-09,2026-10-09 19:42,2026-10-10,2026-10-10 14:30,Italy,Serie C: Group C,Savoia,Inter U23,O15,Over 1.5 goals,goals,1.35,0.796,0.69,0.741,10.7,0.075,High,High,watchlist,"qualified, but outside the top 7 by overall ranking",,0.77,hit,2-1,2026-10-10
2026-10-09,2026-10-09 19:42,2026-10-09,2026-10-09 20:45,Wales,JD Cymru Premier,Cardiff Met University,Trefelin BGC,AU15,Trefelin BGC under 1.5 goals,team,1.23,0.857,0.753,0.813,10.4,0.054,High,High,watchlist,"qualified, but outside the top 7 by overall ranking",,0.769,miss,1-3,2026-10-09
2026-10-09,2026-10-09 19:42,2026-10-09,2026-10-09 20:45,Belgium,Pro League,Beveren,Lommel SK,U45,Under 4.5 goals,goals,1.22,0.873,0.771,0.82,10.2,0.065,Medium,N/A,watchlist,warning: Beveren: 100% rates in home matches come from only 3 matches — not meaningful,,0.769,hit,1-3,2026-10-09
2026-10-09,2026-10-09 19:42,2026-10-10,2026-10-10 13:00,Norway,3. Division: Group 2,NTNUI,Volda,HO05,NTNUI over 0.5 goals,team,1.51,0.723,0.604,0.662,12.0,0.092,High,High,watchlist,"qualified, but outside the top 7 by overall ranking",,0.767,hit,1-0,2026-10-10
2026-10-09,2026-10-09 19:42,2026-10-10,2026-10-10 13:30,England,Championship,West Bromwich Albion,Birmingham City,CO85,Over 8.5 corners,corners,1.61,0.672,0.572,0.621,10.1,0.083,High,N/A,watchlist,"qualified, but outside the top 7 by overall ranking",,0.761,hit,0-1,2026-10-10
2026-10-09,2026-10-09 19:42,2026-10-10,2026-10-10 03:00,Mexico,Liga MX: Apertura,Puebla,Leon,CU115,Under 11.5 corners,corners,1.51,0.713,0.614,0.662,9.9,0.077,High,N/A,watchlist,"qualified, but outside the top 7 by overall ranking",,0.76,miss,1-1,2026-10-10
2026-10-09,2026-10-09 19:42,2026-10-10,2026-10-10 14:00,Germany,Regionalliga Nord,Schoeningen,Hamburger SV II,AO05,Hamburger SV II over 0.5 goals,team,1.27,0.825,0.716,0.787,10.9,0.048,High,High,watchlist,"qualified, but outside the top 7 by overall ranking",,0.76,hit,1-3,2026-10-10
2026-10-09,2026-10-09 19:42,2026-10-10,2026-10-10 16:00,England,Northern Premier League,Emley,Gainsborough,X2,Draw or Gainsborough,dc,1.2,0.874,0.789,0.833,8.5,0.049,Medium,Medium,watchlist,"qualified, but outside the top 7 by overall ranking",,0.759,hit,1-2,2026-10-10
2026-10-09,2026-10-09 19:42,2026-10-10,2026-10-10 12:00,Japan,J1 League,Kyoto Sanga FC,Machida Zelvia,AO05,Machida Zelvia over 0.5 goals,team,1.21,0.871,0.788,0.826,8.3,0.053,High,High,watchlist,"qualified, but outside the top 7 by overall ranking",,0.757,hit,0-1,2026-10-10
2026-10-09,2026-10-09 19:42,2026-10-09,2026-10-09 20:00,France,Ligue 2,Sochaux,Boulogne,AU15,Boulogne under 1.5 goals,team,1.32,0.805,0.708,0.758,9.7,0.062,High,High,watchlist,"qualified, but outside the top 7 by overall ranking",,0.753,hit,1-1,2026-10-09
2026-10-09,2026-10-09 19:42,2026-10-10,2026-10-10 16:00,England,Championship,Bolton,Stoke,HO05,Bolton over 0.5 goals,team,1.29,0.822,0.725,0.775,9.7,0.06,High,High,watchlist,"qualified, but outside the top 7 by overall ranking",,0.752,hit,1-2,2026-10-10
2026-10-09,2026-10-09 19:42,2026-10-10,2026-10-10 15:00,Latvia,Virsliga,SK Super Nova,Grobina,HO05,SK Super Nova over 0.5 goals,team,1.28,0.813,0.708,0.781,10.6,0.041,High,High,watchlist,"qualified, but outside the top 7 by overall ranking",,0.749,hit,2-1,2026-10-10
2026-10-09,2026-10-09 19:42,2026-10-10,2026-10-10 16:00,England,Championship,Preston,Millwall,CO95,Over 9.5 corners,corners,1.54,0.697,0.604,0.649,9.3,0.074,High,N/A,watchlist,"qualified, but outside the top 7 by overall ranking",,0.749,pending,,
2026-10-09,2026-10-09 19:42,2026-10-09,2026-10-09 20:00,Netherlands,Eerste Divisie,FC Volendam,Vitesse,U45,Under 4.5 goals,goals,1.37,0.785,0.686,0.73,9.8,0.075,High,N/A,watchlist,"qualified, but outside the top 7 by overall ranking",,0.748,hit,2-0,2026-10-09
2026-10-09,2026-10-09 19:42,2026-10-10,2026-10-10 16:00,England,National League: South,Billericay,Farnborough,H,Billericay to win,result,1.91,0.601,0.497,0.524,10.4,0.147,High,High,watchlist,"qualified, but outside the top 7 by overall ranking",,0.747,hit,4-0,2026-10-10
2026-10-09,2026-10-09 19:42,2026-10-09,2026-10-09 22:00,Uruguay,Primera División: Clausura,Montevideo City Torque,Danubio,H,Montevideo City Torque to win,result,1.87,0.61,0.512,0.535,9.9,0.141,High,High,watchlist,"qualified, but outside the top 7 by overall ranking",,0.745,hit,1-0,2026-10-10
2026-10-09,2026-10-09 19:42,2026-10-10,2026-10-10 17:30,Italy,Serie C: Group B,Ostia Mare,Pianese,HO05,Ostia Mare over 0.5 goals,team,1.25,0.846,0.742,0.8,10.3,0.057,Medium,Medium,watchlist,"qualified, but outside the top 7 by overall ranking",,0.738,pending,,
2026-10-09,2026-10-09 19:42,2026-10-10,2026-10-10 12:00,Portugal,Liga Portugal 2,Tondela,Torreense,X2,Draw or Torreense,dc,1.56,0.701,0.594,0.641,10.7,0.093,High,High,watchlist,"qualified, but outside the top 7 by overall ranking",,0.737,miss,1-0,2026-10-10
2026-10-09,2026-10-09 19:42,2026-10-10,2026-10-10 07:00,Japan,J2 League,Sagan Tosu,Fujieda MYFC,AO05,Fujieda MYFC over 0.5 goals,team,1.53,0.705,0.606,0.654,10.0,0.079,High,High,watchlist,"qualified, but outside the top 7 by overall ranking",,0.735,miss,1-0,2026-10-10
2026-10-09,2026-10-09 19:42,2026-10-09,2026-10-09 20:45,Ireland,1st Division,Cobh Ramblers,Kerry,HO05,Cobh Ramblers over 0.5 goals,team,1.3,0.807,0.711,0.769,9.6,0.05,High,High,watchlist,"qualified, but outside the top 7 by overall ranking",,0.734,miss,0-2,2026-10-09
2026-10-09,2026-10-09 19:42,2026-10-10,2026-10-10 14:00,Serbia,Prva Liga,FK Metalac,Teleoptik,HO05,FK Metalac over 0.5 goals,team,1.23,0.844,0.74,0.813,10.4,0.038,High,High,watchlist,"qualified, but outside the top 7 by overall ranking",,0.734,miss,0-3,2026-10-10
2026-10-09,2026-10-09 19:42,2026-10-10,2026-10-10 16:00,England,Southern League Premier: South,Bath City,Gosport Borough,AO05,Gosport Borough over 0.5 goals,team,1.43,0.749,0.636,0.699,11.3,0.071,High,High,watchlist,"qualified, but outside the top 7 by overall ranking",,0.733,hit,1-2,2026-10-10
2026-10-09,2026-10-09 19:42,2026-10-10,2026-10-10 15:30,Tunisia,Ligue I,Esperance,Olympique de Beja,U35,Under 3.5 goals,goals,1.4,0.766,0.674,0.714,9.2,0.073,High,High,watchlist,"qualified, but outside the top 7 by overall ranking",,0.732,miss,3-1,2026-10-10
2026-10-09,2026-10-09 19:42,2026-10-09,2026-10-09 22:30,Ecuador,Serie A: Relegation Group,Delfin,Mushuc Runa,AO05,Mushuc Runa over 0.5 goals,team,1.51,0.714,0.604,0.662,11.1,0.079,High,High,watchlist,"qualified, but outside the top 7 by overall ranking",,0.73,hit,3-2,2026-10-10
2026-10-09,2026-10-09 19:42,2026-10-10,2026-10-10 16:00,England,League One,Huddersfield,Sheffield Weds,AU15,Sheffield Weds under 1.5 goals,team,1.41,0.758,0.661,0.709,9.7,0.068,High,High,watchlist,"qualified, but outside the top 7 by overall ranking",,0.73,miss,2-2,2026-10-10
2026-10-09,2026-10-09 19:42,2026-10-10,2026-10-10 18:30,Northern Ireland,Championship,Annagh United,Glenavon,1X,Annagh United or draw,dc,1.36,0.779,0.677,0.735,10.2,0.059,High,High,watchlist,"qualified, but outside the top 7 by overall ranking",,0.728,pending,,
2026-10-09,2026-10-09 19:42,2026-10-10,2026-10-10 16:00,England,Championship,Derby,Wrexham,CU115,Under 11.5 corners,corners,1.59,0.68,0.58,0.629,10.0,0.082,High,N/A,watchlist,"qualified, but outside the top 7 by overall ranking",,0.725,pending,,
2026-10-09,2026-10-09 19:42,2026-10-10,2026-10-10 14:00,Turkiye,2nd Lig: Red Group,Ankara Demirspor,Belediye Kutahyaspor,O15,Over 1.5 goals,goals,1.29,0.821,0.713,0.775,10.8,0.059,Medium,Medium,watchlist,warning: High model probability (85%) rests on 5 matches for one team,,0.722,hit,5-1,2026-10-10
2026-10-09,2026-10-09 19:42,2026-10-10,2026-10-10 00:30,Argentina,Liga Profesional: Clausura,Instituto Cordoba,Boca Juniors,1X,Instituto Cordoba or draw,dc,1.48,0.725,0.617,0.676,10.8,0.074,High,High,watchlist,"qualified, but outside the top 7 by overall ranking",,0.72,hit,2-2,2026-10-10
2026-10-09,2026-10-09 19:42,2026-10-10,2026-10-10 08:00,Japan,J1 League,Avispa Fukuoka,Fagiano Okayama FC,AO05,Fagiano Okayama FC over 0.5 goals,team,1.36,0.783,0.702,0.735,8.1,0.065,High,High,watchlist,"qualified, but outside the top 7 by overall ranking",,0.718,hit,2-1,2026-10-10
2026-10-09,2026-10-09 19:42,2026-10-10,2026-10-10 15:00,Norway,3. Division: Group 2,Byaasen,Nardo,O25,Over 2.5 goals,goals,1.31,0.795,0.703,0.763,9.2,0.042,High,High,watchlist,"qualified, but outside the top 7 by overall ranking",,0.718,hit,1-3,2026-10-10
2026-10-09,2026-10-09 19:42,2026-10-10,2026-10-10 18:00,Tanzania,Premier League,Simba SC,Young Africans,AU15,Young Africans under 1.5 goals,team,1.35,0.778,0.675,0.741,10.3,0.05,High,High,watchlist,"qualified, but outside the top 7 by overall ranking",,0.718,pending,,
2026-10-09,2026-10-09 19:42,2026-10-10,2026-10-10 14:00,Norway,3. Division: Group 2,Orkla,Kvik,O25,Over 2.5 goals,goals,1.34,0.781,0.684,0.746,9.7,0.047,High,High,watchlist,"qualified, but outside the top 7 by overall ranking",,0.716,miss,0-1,2026-10-10
2026-10-09,2026-10-09 19:42,2026-10-10,2026-10-10 14:30,Italy,Serie C: Group B,Vis Pesaro,Grosseto,AO05,Grosseto over 0.5 goals,team,1.18,0.879,0.783,0.847,9.6,0.037,Medium,Medium,watchlist,warning: High model probability (88%) rests on 8 matches for one team,,0.715,hit,2-3,2026-10-10
2026-10-09,2026-10-09 19:42,2026-10-09,2026-10-09 20:00,Netherlands,Eerste Divisie,TOP Oss,Helmond Sport,1X,TOP Oss or draw,dc,1.34,0.778,0.7,0.746,7.8,0.043,High,High,watchlist,"qualified, but outside the top 7 by overall ranking",,0.714,hit,3-1,2026-10-09
2026-10-09,2026-10-09 19:42,2026-10-10,2026-10-10 13:00,North Macedonia,1st League,Arsimi,FK Sileks,HO05,Arsimi over 0.5 goals,team,1.43,0.744,0.636,0.699,10.8,0.064,High,High,watchlist,"qualified, but outside the top 7 by overall ranking",,0.713,hit,1-1,2026-10-10
2026-10-09,2026-10-09 19:42,2026-10-10,2026-10-10 12:00,Ukraine,Premier League,FC Obolon Kyiv,Kryvbas,AO05,Kryvbas over 0.5 goals,team,1.28,0.809,0.722,0.781,8.7,0.036,High,High,watchlist,"qualified, but outside the top 7 by overall ranking",,0.712,pending,,
2026-10-09,2026-10-09 19:42,2026-10-10,2026-10-10 16:15,Romania,Liga 1,Botosani,UTA Arad,1X,Botosani or draw,dc,1.39,0.756,0.666,0.719,9.0,0.051,High,High,watchlist,"qualified, but outside the top 7 by overall ranking",,0.711,hit,2-0,2026-10-10
2026-10-09,2026-10-09 19:42,2026-10-10,2026-10-10 13:00,Denmark,3rd Division,FC Helsingoer,ASA Aarhus,AO05,ASA Aarhus over 0.5 goals,team,1.4,0.758,0.65,0.714,10.8,0.061,High,High,watchlist,"qualified, but outside the top 7 by overall ranking",,0.709,hit,2-1,2026-10-10
2026-10-09,2026-10-09 19:42,2026-10-10,2026-10-10 14:00,Norway,3. Division: Group 1,Vaalerenga IF 2,Frigg,O25,Over 2.5 goals,goals,1.25,0.822,0.731,0.8,9.0,0.027,High,High,watchlist,"qualified, but outside the top 7 by overall ranking",,0.709,hit,4-1,2026-10-10
2026-10-09,2026-10-09 19:42,2026-10-10,2026-10-10 16:00,England,Championship,Blackburn,Cardiff,U35,Under 3.5 goals,goals,1.52,0.713,0.622,0.658,9.1,0.084,High,High,watchlist,"qualified, but outside the top 7 by overall ranking",,0.707,hit,2-1,2026-10-10
2026-10-09,2026-10-09 19:42,2026-10-10,2026-10-10 19:30,Austria,Bundesliga,Austria Wien,Sturm Graz,HO05,Austria Wien over 0.5 goals,team,1.3,0.806,0.717,0.769,8.9,0.048,High,High,watchlist,"qualified, but outside the top 7 by overall ranking",,0.706,pending,,
2026-10-09,2026-10-09 19:42,2026-10-10,2026-10-10 18:00,Switzerland,Super League,FC Zurich,Thun,X2,Draw or Thun,dc,1.43,0.737,0.649,0.699,8.9,0.054,High,High,watchlist,"qualified, but outside the top 7 by overall ranking",,0.703,pending,,
2026-10-09,2026-10-09 19:42,2026-10-10,2026-10-10 13:00,Norway,3. Division: Group 1,Lokomotiv Oslo FK,Konnerud,AO05,Konnerud over 0.5 goals,team,1.25,0.819,0.727,0.8,9.2,0.024,High,High,watchlist,"qualified, but outside the top 7 by overall ranking",,0.702,hit,3-2,2026-10-10
2026-10-09,2026-10-09 19:42,2026-10-10,2026-10-10 17:00,Austria,Bundesliga,WSG Tirol,SV Ried,1X,WSG Tirol or draw,dc,1.49,0.712,0.621,0.671,9.1,0.061,High,High,watchlist,"qualified, but outside the top 7 by overall ranking",,0.701,miss,1-2,2026-10-10
2026-10-09,2026-10-09 19:42,2026-10-10,2026-10-10 13:00,Sweden,Division 1: South,Eskilsminne IF,BK Olympic,1X,Eskilsminne IF or draw,dc,1.44,0.731,0.635,0.694,9.6,0.053,High,High,watchlist,"qualified, but outside the top 7 by overall ranking",,0.7,miss,2-7,2026-10-10
2026-10-09,2026-10-09 19:42,2026-10-10,2026-10-10 14:00,Norway,3. Division: Group 1,Asker,Baerum,O25,Over 2.5 goals,goals,1.21,0.839,0.758,0.826,8.1,0.015,High,High,watchlist,"qualified, but outside the top 7 by overall ranking",,0.7,hit,4-2,2026-10-10
2026-10-09,2026-10-09 19:42,2026-10-10,2026-10-10 14:00,Norway,3. Division: Group 4,Brodd,Hinna FK,AO05,Hinna FK over 0.5 goals,team,1.27,0.81,0.716,0.787,9.4,0.028,High,High,watchlist,"qualified, but outside the top 7 by overall ranking",,0.699,miss,4-0,2026-10-10
2026-10-09,2026-10-09 19:42,2026-10-10,2026-10-10 13:30,Turkiye,2nd Lig: Red Group,12 Bingol Spor,Kahramanmaras Istiklalspor,AO05,Kahramanmaras Istiklalspor over 0.5 goals,team,1.27,0.823,0.716,0.787,10.7,0.046,Medium,Medium,watchlist,"qualified, but outside the top 7 by overall ranking",,0.697,hit,2-1,2026-10-10
2026-10-09,2026-10-09 19:42,2026-10-10,2026-10-10 16:00,England,Southern League Premier: Central,Alvechurch,Bury Town,O15,Over 1.5 goals,goals,1.33,0.785,0.689,0.752,9.6,0.045,High,High,watchlist,"qualified, but outside the top 7 by overall ranking",,0.696,miss,0-1,2026-10-10
2026-10-09,2026-10-09 19:42,2026-10-10,2026-10-10 17:30,Italy,Serie C: Group A,Novara,Cittadella,HU15,Novara under 1.5 goals,team,1.42,0.734,0.651,0.704,8.3,0.043,High,High,watchlist,"qualified, but outside the top 7 by overall ranking",,0.694,pending,,
2026-10-09,2026-10-09 19:42,2026-10-10,2026-10-10 04:00,Mexico,Primera Premier,Reboceros de la Piedad,Los Cabos United,AO05,Los Cabos United over 0.5 goals,team,1.44,0.736,0.63,0.694,10.6,0.06,High,High,watchlist,"qualified, but outside the top 7 by overall ranking",,0.692,hit,2-1,2026-10-10
2026-10-09,2026-10-09 19:42,2026-10-10,2026-10-10 16:00,England,League Two,Fleetwood Town,Walsall,U35,Under 3.5 goals,goals,1.38,0.769,0.685,0.725,8.4,0.061,High,High,watchlist,"qualified, but outside the top 7 by overall ranking",,0.691,hit,1-1,2026-10-10
2026-10-09,2026-10-09 19:42,2026-10-10,2026-10-10 16:00,England,Southern League Premier: Central,Rushall Olympic,Worcester City,AO05,Worcester City over 0.5 goals,team,1.37,0.763,0.663,0.73,10.0,0.046,High,High,watchlist,"qualified, but outside the top 7 by overall ranking",,0.689,miss,1-0,2026-10-10
2026-10-09,2026-10-09 19:42,2026-10-10,2026-10-10 16:30,Spain,Segunda Division RFEF: Group 1,Atletico Astorga,Ourense CF,HO05,Atletico Astorga over 0.5 goals,team,1.46,0.722,0.622,0.685,10.0,0.054,High,High,watchlist,"qualified, but outside the top 7 by overall ranking",,0.688,hit,4-0,2026-10-10
2026-10-09,2026-10-09 19:42,2026-10-10,2026-10-10 15:00,Turkiye,1st Lig,Igdir FK,Batman Petrolspor,AO05,Batman Petrolspor over 0.5 goals,team,1.34,0.779,0.691,0.746,8.8,0.044,High,High,watchlist,"qualified, but outside the top 7 by overall ranking",,0.687,hit,2-1,2026-10-10
2026-10-09,2026-10-09 19:42,2026-10-10,2026-10-10 16:00,Scotland,Premiership,Dundee United,Hibernian,U35,Under 3.5 goals,goals,1.51,0.712,0.623,0.662,8.9,0.075,High,High,watchlist,"qualified, but outside the top 7 by overall ranking",,0.685,hit,1-0,2026-10-10
2026-10-09,2026-10-09 19:42,2026-10-10,2026-10-10 13:35,China,Super League,Chengdu Rongcheng,Tianjin Jinmen Tiger,CU115,Under 11.5 corners,corners,1.59,0.678,0.586,0.629,9.2,0.079,High,N/A,watchlist,"qualified, but outside the top 7 by overall ranking",,0.681,hit,0-1,2026-10-10
2026-10-09,2026-10-09 19:42,2026-10-10,2026-10-10 09:00,Japan,J2 League,Ventforet Kofu,Tochigi City FC,HU15,Ventforet Kofu under 1.5 goals,team,1.5,0.707,0.615,0.667,9.2,0.061,High,High,watchlist,"qualified, but outside the top 7 by overall ranking",,0.68,miss,2-1,2026-10-10
2026-10-09,2026-10-09 19:42,2026-10-10,2026-10-10 18:00,Switzerland,Super League,Lugano,Luzern,H,Lugano to win,result,1.6,0.665,0.606,0.625,5.8,0.063,High,High,watchlist,"qualified, but outside the top 7 by overall ranking",,0.675,pending,,
2026-10-09,2026-10-09 19:42,2026-10-09,2026-10-09 20:45,France,Ligue 1,Lens,Lyon,U45,Under 4.5 goals,goals,1.26,0.841,0.765,0.794,7.6,0.06,High,N/A,watchlist,"qualified, but outside the top 7 by overall ranking",,0.674,hit,2-1,2026-10-09
2026-10-09,2026-10-09 19:42,2026-10-09,2026-10-09 20:30,Italy,Serie C: Group A,Union Brescia,Pro Vercelli,U35,Under 3.5 goals,goals,1.42,0.743,0.655,0.704,8.8,0.055,High,High,watchlist,"qualified, but outside the top 7 by overall ranking",,0.673,hit,2-0,2026-10-09
2026-10-09,2026-10-09 19:42,2026-10-10,2026-10-10 16:00,Northern Ireland,Championship,Institute,Harland & Wolff Welders FC,HO05,Institute over 0.5 goals,team,1.24,0.825,0.733,0.806,9.2,0.023,High,High,watchlist,"qualified, but outside the top 7 by overall ranking",,0.673,miss,0-0,2026-10-10
2026-10-09,2026-10-09 19:42,2026-10-09,2026-10-09 21:00,Spain,La Liga,Malaga,Espanol,O15,Over 1.5 goals,goals,1.34,0.796,0.717,0.746,7.8,0.066,High,High,watchlist,"qualified, but outside the top 7 by overall ranking",,0.672,hit,1-1,2026-10-09
2026-10-09,2026-10-09 19:42,2026-10-10,2026-10-10 12:30,Spain,Segunda Division RFEF: Group 1,Eibar B,CD Basconia,AO05,CD Basconia over 0.5 goals,team,1.43,0.731,0.636,0.699,9.4,0.045,High,High,watchlist,"qualified, but outside the top 7 by overall ranking",,0.672,hit,1-1,2026-10-10
2026-10-09,2026-10-09 19:42,2026-10-10,2026-10-10 16:00,Spain,Segunda Division RFEF: Group 2,Utebo,Arnedo,AU15,Arnedo under 1.5 goals,team,1.22,0.842,0.747,0.82,9.5,0.027,Medium,Medium,watchlist,warning: High model probability (91%) rests on 5 matches for one team,,0.671,hit,0-0,2026-10-10
2026-10-09,2026-10-09 19:42,2026-10-10,2026-10-10 16:00,Scotland,Premiership,Rangers,Kilmarnock,U45,Under 4.5 goals,goals,1.39,0.765,0.676,0.719,9.0,0.064,High,N/A,watchlist,"qualified, but outside the top 7 by overall ranking",,0.67,hit,3-1,2026-10-10
2026-10-09,2026-10-09 19:42,2026-10-10,2026-10-10 10:00,Romania,Liga II,CS Dinamo Bucuresti,CSM Olimpia Satu Mare,U35,Under 3.5 goals,goals,1.51,0.705,0.609,0.662,9.6,0.064,High,High,watchlist,"qualified, but outside the top 7 by overall ranking",,0.669,miss,2-2,2026-10-10
2026-10-09,2026-10-09 19:42,2026-10-10,2026-10-10 07:00,Japan,J1 League,Cerezo Osaka,Yokohama F.Marinos,CU115,Under 11.5 corners,corners,1.51,0.704,0.614,0.662,9.0,0.063,High,N/A,watchlist,"qualified, but outside the top 7 by overall ranking",,0.668,hit,0-0,2026-10-10
2026-10-09,2026-10-09 19:42,2026-10-10,2026-10-10 18:30,Greece,Super League,Asteras Tripolis,Atromitos,HU15,Asteras Tripolis under 1.5 goals,team,1.49,0.705,0.622,0.671,8.3,0.051,High,High,watchlist,"qualified, but outside the top 7 by overall ranking",,0.668,pending,,
2026-10-09,2026-10-09 19:42,2026-10-10,2026-10-10 16:00,England,National League: South,AFC Totton,Walton and Hersham,U45,Under 4.5 goals,goals,1.28,0.821,0.732,0.781,8.8,0.05,High,N/A,watchlist,"qualified, but outside the top 7 by overall ranking",,0.667,hit,0-1,2026-10-10
2026-10-09,2026-10-09 19:42,2026-10-10,2026-10-10 13:00,Norway,3. Division: Group 1,Ullern,Grei,O25,Over 2.5 goals,goals,1.21,0.833,0.758,0.826,7.4,0.008,High,High,watchlist,"qualified, but outside the top 7 by overall ranking",,0.666,miss,0-2,2026-10-10
2026-10-09,2026-10-09 19:42,2026-10-10,2026-10-10 14:00,Germany,Regionalliga Bayern,FC Memmingen,VfB Eichstatt,U35,Under 3.5 goals,goals,1.38,0.756,0.666,0.725,9.0,0.043,High,High,watchlist,"qualified, but outside the top 7 by overall ranking",,0.666,hit,1-0,2026-10-10
2026-10-09,2026-10-09 19:42,2026-10-09,2026-10-09 20:45,Northern Ireland,Championship,Rathfriland Rangers,Armagh,AU15,Armagh under 1.5 goals,team,1.51,0.705,0.604,0.662,10.1,0.065,High,High,watchlist,"qualified, but outside the top 7 by overall ranking",,0.664,hit,2-1,2026-10-09
2026-10-09,2026-10-09 19:42,2026-10-10,2026-10-10 16:00,England,National League: North,Brackley Town,Spennymoor Town,AO05,Spennymoor Town over 0.5 goals,team,1.34,0.778,0.691,0.746,8.7,0.043,High,High,watchlist,"qualified, but outside the top 7 by overall ranking",,0.664,hit,2-1,2026-10-10
2026-10-09,2026-10-09 19:42,2026-10-10,2026-10-10 14:00,Germany,3. Liga,Wurzburger Kickers,Hansa Rostock,O15,Over 1.5 goals,goals,1.2,0.865,0.786,0.833,7.9,0.038,High,High,watchlist,"qualified, but outside the top 7 by overall ranking",,0.663,hit,0-2,2026-10-10
2026-10-09,2026-10-09 19:42,2026-10-10,2026-10-10 15:00,Czech Republic,1st League,FC Zbrojovka Brno,Jablonec,HO05,FC Zbrojovka Brno over 0.5 goals,team,1.27,0.818,0.734,0.787,8.5,0.039,High,High,watchlist,"qualified, but outside the top 7 by overall ranking",,0.663,miss,0-1,2026-10-10
2026-10-09,2026-10-09 19:42,2026-10-10,2026-10-10 18:30,Portugal,Liga 3: Group B,Sporting Covilha,Oliveirense,HO05,Sporting Covilha over 0.5 goals,team,1.44,0.731,0.63,0.694,10.1,0.053,High,High,watchlist,"qualified, but outside the top 7 by overall ranking",,0.662,pending,,
2026-10-09,2026-10-09 19:42,2026-10-10,2026-10-10 16:00,England,Isthmian League: North Division,Wroxham,Concord Rangers,H,Wroxham to win,result,1.72,0.622,0.55,0.581,7.2,0.071,Medium,Medium,watchlist,"qualified, but outside the top 7 by overall ranking",,0.661,hit,3-1,2026-10-10
2026-10-09,2026-10-09 19:42,2026-10-10,2026-10-10 00:30,Paraguay,Division Intermedia,Sol de America,Club Sportivo Carapegua,AU15,Club Sportivo Carapegua under 1.5 goals,team,1.35,0.766,0.675,0.741,9.1,0.033,High,High,watchlist,"qualified, but outside the top 7 by overall ranking",,0.657,miss,2-4,2026-10-10
2026-10-09,2026-10-09 19:42,2026-10-10,2026-10-10 16:00,England,Championship,Middlesbrough,Wolves,HO05,Middlesbrough over 0.5 goals,team,1.19,0.865,0.787,0.84,7.8,0.03,High,High,watchlist,"qualified, but outside the top 7 by overall ranking",,0.657,hit,1-0,2026-10-10
2026-10-09,2026-10-09 19:42,2026-10-10,2026-10-10 17:30,Sweden,Allsvenskan,Mjaellby,Degerfors,AO05,Degerfors over 0.5 goals,team,1.47,0.719,0.639,0.68,8.1,0.058,High,High,watchlist,"qualified, but outside the top 7 by overall ranking",,0.655,pending,,
2026-10-09,2026-10-09 19:42,2026-10-10,2026-10-10 16:00,England,Northern Premier League,Stockton Town,FC United of Manchester,AO05,FC United of Manchester over 0.5 goals,team,1.29,0.792,0.706,0.775,8.6,0.021,High,High,watchlist,"qualified, but outside the top 7 by overall ranking",,0.654,hit,2-2,2026-10-10
2026-10-09,2026-10-09 19:42,2026-10-10,2026-10-10 10:00,Romania,Liga II,FC Metaloglobus Bucuresti,Popesti Leordeni,O15,Over 1.5 goals,goals,1.28,0.815,0.714,0.781,10.1,0.043,Medium,Medium,watchlist,"qualified, but outside the top 7 by overall ranking",,0.653,hit,0-3,2026-10-10
2026-10-09,2026-10-09 19:42,2026-10-10,2026-10-10 16:00,England,National League: South,Farnham Town,Salisbury FC,U45,Under 4.5 goals,goals,1.24,0.839,0.752,0.806,8.7,0.04,High,N/A,watchlist,"qualified, but outside the top 7 by overall ranking",,0.653,hit,1-2,2026-10-10
2026-10-09,2026-10-09 19:42,2026-10-10,2026-10-10 18:30,Greece,Super League,AEK,OFI Crete,U45,Under 4.5 goals,goals,1.26,0.828,0.749,0.794,7.9,0.043,High,N/A,watchlist,"qualified, but outside the top 7 by overall ranking",,0.651,pending,,
2026-10-09,2026-10-09 19:42,2026-10-10,2026-10-10 13:30,Estonia,Meistriliiga,Parnu JK Vaprus,Narva Trans,12,Parnu JK Vaprus or Narva Trans,dc,1.28,0.805,0.74,0.781,6.5,0.03,High,High,watchlist,"qualified, but outside the top 7 by overall ranking",,0.649,miss,2-2,2026-10-10
2026-10-09,2026-10-09 19:42,2026-10-10,2026-10-10 15:00,Czech Republic,2nd league,FK Arsenal Ceska Lipa,Zizkov,1X,FK Arsenal Ceska Lipa or draw,dc,1.38,0.761,0.672,0.725,8.9,0.051,Medium,Medium,watchlist,"qualified, but outside the top 7 by overall ranking",,0.649,miss,1-2,2026-10-10
2026-10-09,2026-10-09 19:42,2026-10-10,2026-10-10 15:00,Norway,3. Division: Group 6,Oern-Horten,Lillehammer FK,O25,Over 2.5 goals,goals,1.31,0.779,0.703,0.763,7.6,0.021,High,High,watchlist,"qualified, but outside the top 7 by overall ranking",,0.648,miss,0-1,2026-10-10
2026-10-09,2026-10-09 19:42,2026-10-10,2026-10-10 15:30,Tunisia,Ligue I,CA Bizertin,US Monastir,O05,Over 0.5 goals,goals,1.21,0.842,0.78,0.826,6.2,0.019,High,N/A,watchlist,"qualified, but outside the top 7 by overall ranking",,0.645,miss,0-0,2026-10-10
2026-10-09,2026-10-09 19:42,2026-10-10,2026-10-10 01:00,Argentina,Primera B Metropolitana,CA Excursionistas,Villa San Carlos,U35,Under 3.5 goals,goals,1.27,0.815,0.739,0.787,7.6,0.036,High,High,watchlist,"qualified, but outside the top 7 by overall ranking",,0.64,miss,4-0,2026-10-10
2026-10-09,2026-10-09 19:42,2026-10-10,2026-10-10 16:00,England,National League: South,Braintree Town,Truro City,U35,Under 3.5 goals,goals,1.53,0.701,0.611,0.654,9.0,0.072,High,High,watchlist,"qualified, but outside the top 7 by overall ranking",,0.639,hit,1-2,2026-10-10
2026-10-09,2026-10-09 19:42,2026-10-10,2026-10-10 14:00,Turkiye,2nd Lig: White Group,Ankaraspor,Inegol Kafkas,AO05,Inegol Kafkas over 0.5 goals,team,1.31,0.787,0.692,0.763,9.5,0.031,Medium,Medium,watchlist,warning: Inegol Kafkas: 100% rates in away matches come from only 2 matches — not meaningful,,0.639,hit,1-2,2026-10-10
2026-10-09,2026-10-09 19:42,2026-10-10,2026-10-10 15:00,Bulgaria,Vtora Liga,PFC Rilski Sportist Samokov,Lokomotiv Gorna Oryahovitsa,HO05,PFC Rilski Sportist Samokov over 0.5 goals,team,1.19,0.85,0.762,0.84,8.8,0.011,High,High,watchlist,"qualified, but outside the top 7 by overall ranking",,0.638,miss,0-0,2026-10-10
2026-10-09,2026-10-09 19:42,2026-10-10,2026-10-10 18:00,Kosovo,Superleague,Drenica,Feronikeli,H,Drenica to win,result,1.78,0.603,0.53,0.562,7.3,0.074,Medium,Medium,watchlist,warning: High model probability (86%) rests on 7 matches for one team,,0.638,pending,,
2026-10-09,2026-10-09 19:42,2026-10-10,2026-10-10 14:30,Italy,Serie C: Group C,Crotone,Audace Cerignola,X2,Draw or Audace Cerignola,dc,1.5,0.702,0.61,0.667,9.2,0.053,High,Medium,watchlist,"qualified, but outside the top 7 by overall ranking",,0.637,hit,2-3,2026-10-10
2026-10-09,2026-10-09 19:42,2026-10-10,2026-10-10 09:30,Republic of Korea,K-League 1,Gimcheon Sangmu,FC Anyang,U35,Under 3.5 goals,goals,1.42,0.742,0.664,0.704,7.9,0.054,High,High,watchlist,"qualified, but outside the top 7 by overall ranking",,0.633,hit,0-1,2026-10-10
2026-10-09,2026-10-09 19:42,2026-10-10,2026-10-10 10:00,Romania,Liga II,Metalul Buzau,ASA Targu Mures,1X,Metalul Buzau or draw,dc,1.34,0.766,0.69,0.746,7.6,0.027,High,High,watchlist,"qualified, but outside the top 7 by overall ranking",,0.633,hit,1-0,2026-10-10
2026-10-09,2026-10-09 19:42,2026-10-09,2026-10-09 20:00,France,Ligue 2,Montpellier,Grenoble,U35,Under 3.5 goals,goals,1.3,0.799,0.723,0.769,7.6,0.039,High,High,watchlist,"qualified, but outside the top 7 by overall ranking",,0.631,hit,2-0,2026-10-09
2026-10-09,2026-10-09 19:42,2026-10-10,2026-10-10 16:00,Portugal,Liga 3: Group B,Vitoria de Sernache,Louletano,AO05,Louletano over 0.5 goals,team,1.33,0.776,0.682,0.752,9.5,0.033,Medium,Medium,watchlist,"qualified, but outside the top 7 by overall ranking",,0.63,miss,1-0,2026-10-10
2026-10-09,2026-10-09 19:42,2026-10-10,2026-10-10 18:15,Israel,Premier League,Hapoel Ironi Kiryat Shmona,Hapoel Tel Aviv,O15,Over 1.5 goals,goals,1.26,0.822,0.749,0.794,7.3,0.036,High,High,watchlist,"qualified, but outside the top 7 by overall ranking",,0.628,pending,,
2026-10-09,2026-10-09 19:42,2026-10-10,2026-10-10 16:00,England,League Two,Tranmere,Rochdale,AO05,Rochdale over 0.5 goals,team,1.43,0.73,0.654,0.699,7.7,0.045,High,High,watchlist,"qualified, but outside the top 7 by overall ranking",,0.627,hit,1-1,2026-10-10
2026-10-09,2026-10-09 19:42,2026-10-10,2026-10-10 14:00,Germany,3. Liga,Sonnenhof Grossaspach,Waldhof Mannheim,HO05,Sonnenhof Grossaspach over 0.5 goals,team,1.16,0.877,0.804,0.862,7.3,0.017,High,High,watchlist,"qualified, but outside the top 7 by overall ranking",,0.626,hit,1-5,2026-10-10
2026-10-09,2026-10-09 19:42,2026-10-09,2026-10-09 20:45,Ireland,1st Division,Cork City,Finn Harps,U55,Under 5.5 goals,goals,1.24,0.834,0.754,0.806,8.0,0.034,High,N/A,watchlist,"qualified, but outside the top 7 by overall ranking",,0.623,hit,2-0,2026-10-09
2026-10-09,2026-10-09 19:42,2026-10-10,2026-10-10 16:00,England,Southern League Premier: South,Wimborne Town,Havant & Waterlooville,HO05,Wimborne Town over 0.5 goals,team,1.19,0.847,0.766,0.84,8.1,0.008,High,High,watchlist,"qualified, but outside the top 7 by overall ranking",,0.623,hit,6-3,2026-10-10
2026-10-09,2026-10-09 19:42,2026-10-10,2026-10-10 18:00,Norway,Eliteserien,Rosenborg,Sandefjord,U45,Under 4.5 goals,goals,1.34,0.789,0.717,0.746,7.2,0.058,High,N/A,watchlist,"qualified, but outside the top 7 by overall ranking",,0.623,pending,,
2026-10-09,2026-10-09 19:42,2026-10-10,2026-10-10 16:00,England,National League: North,Macclesfield FC,South Shields,U45,Under 4.5 goals,goals,1.22,0.843,0.766,0.82,7.7,0.029,High,N/A,watchlist,"qualified, but outside the top 7 by overall ranking",,0.622,miss,4-3,2026-10-10
2026-10-09,2026-10-09 19:42,2026-10-10,2026-10-10 18:00,Finland,Veikkausliiga: Relegation,IFK Mariehamn,Ilves,X2,Draw or Ilves,dc,1.37,0.749,0.674,0.73,7.5,0.026,High,High,watchlist,"qualified, but outside the top 7 by overall ranking",,0.62,pending,,
2026-10-09,2026-10-09 19:42,2026-10-09,2026-10-09 20:45,Wales,JD Cymru Premier,Briton Ferry,Connah's Quay,O15,Over 1.5 goals,goals,1.22,0.842,0.771,0.82,7.1,0.027,High,High,watchlist,"qualified, but outside the top 7 by overall ranking",,0.619,hit,1-2,2026-10-09
2026-10-09,2026-10-09 19:42,2026-10-09,2026-10-09 21:15,San Marino,Campionato Sammarinese,Cailungo,SP Libertas,HO05,Cailungo over 0.5 goals,team,1.39,0.744,0.652,0.719,9.2,0.034,High,High,watchlist,"qualified, but outside the top 7 by overall ranking",,0.619,hit,1-2,2026-10-09
2026-10-09,2026-10-09 19:42,2026-10-10,2026-10-10 15:30,Slovakia,Super Liga,Skalica,Slovan Bratislava,HO05,Skalica over 0.5 goals,team,1.47,0.716,0.63,0.68,8.6,0.052,High,High,watchlist,"qualified, but outside the top 7 by overall ranking",,0.619,hit,1-1,2026-10-10
2026-10-09,2026-10-09 19:42,2026-10-10,2026-10-10 15:00,Italy,Serie B,Empoli,Palermo,U35,Under 3.5 goals,goals,1.4,0.75,0.674,0.714,7.5,0.049,High,High,watchlist,"qualified, but outside the top 7 by overall ranking",,0.618,miss,2-4,2026-10-10
2026-10-09,2026-10-09 19:42,2026-10-10,2026-10-10 18:15,Wales,JD Cymru Premier,Flint Town United,Colwyn Bay,HO05,Flint Town United over 0.5 goals,team,1.48,0.71,0.623,0.676,8.7,0.051,High,High,watchlist,"qualified, but outside the top 7 by overall ranking",,0.618,pending,,
2026-10-09,2026-10-09 19:42,2026-10-09,2026-10-09 20:30,Italy,Serie B,Avellino,Sampdoria,U35,Under 3.5 goals,goals,1.35,0.771,0.697,0.741,7.5,0.041,High,High,watchlist,"qualified, but outside the top 7 by overall ranking",,0.617,miss,4-1,2026-10-09
2026-10-09,2026-10-09 19:42,2026-10-10,2026-10-10 16:00,England,National League,Hornchurch,Eastleigh,1X,Hornchurch or draw,dc,1.3,0.788,0.722,0.769,6.6,0.024,High,High,watchlist,"qualified, but outside the top 7 by overall ranking",,0.617,hit,2-0,2026-10-10
2026-10-09,2026-10-09 19:42,2026-10-10,2026-10-10 16:00,Northern Ireland,Championship,Warrenpoint Town,Strabane Athletic,O15,Over 1.5 goals,goals,1.24,0.827,0.744,0.806,8.3,0.026,High,High,watchlist,"qualified, but outside the top 7 by overall ranking",,0.617,miss,1-0,2026-10-10
2026-10-09,2026-10-09 19:42,2026-10-10,2026-10-10 01:00,Uruguay,Primera División: Clausura,Deportivo Maldonado,Liverpool FC,AU15,Liverpool FC under 1.5 goals,team,1.42,0.738,0.651,0.704,8.6,0.047,High,High,watchlist,"qualified, but outside the top 7 by overall ranking",,0.616,hit,1-1,2026-10-10
2026-10-09,2026-10-09 19:42,2026-10-09,2026-10-09 20:00,Netherlands,Eerste Divisie,Jong Ajax,VVV-Venlo,U55,Under 5.5 goals,goals,1.17,0.876,0.807,0.855,6.9,0.025,High,N/A,watchlist,"qualified, but outside the top 7 by overall ranking",,0.613,hit,0-3,2026-10-09
2026-10-09,2026-10-09 19:42,2026-10-09,2026-10-09 20:00,Netherlands,Eerste Divisie,Roda JC Kerkrade,Jong PSV,U45,Under 4.5 goals,goals,1.3,0.798,0.723,0.769,7.5,0.038,High,N/A,watchlist,"qualified, but outside the top 7 by overall ranking",,0.613,hit,1-1,2026-10-09
2026-10-09,2026-10-09 19:42,2026-10-10,2026-10-10 16:00,England,Isthmian League Premier Division,Stanway Rovers,Three Bridges,AO05,Three Bridges over 0.5 goals,team,1.2,0.84,0.758,0.833,8.2,0.008,Medium,Medium,watchlist,"qualified, but outside the top 7 by overall ranking",,0.611,hit,1-3,2026-10-10
2026-10-09,2026-10-09 19:42,2026-10-10,2026-10-10 13:30,England,National League,Altrincham,Aldershot,U45,Under 4.5 goals,goals,1.21,0.849,0.778,0.826,7.1,0.028,High,N/A,watchlist,"qualified, but outside the top 7 by overall ranking",,0.609,hit,3-1,2026-10-10
2026-10-09,2026-10-09 19:42,2026-10-09,2026-10-09 21:15,San Marino,Campionato Sammarinese,SS Pennarossa,Folgore,O15,Over 1.5 goals,goals,1.18,0.854,0.772,0.847,8.2,0.008,High,High,watchlist,"qualified, but outside the top 7 by overall ranking",,0.608,hit,1-5,2026-10-09
2026-10-09,2026-10-09 19:42,2026-10-10,2026-10-10 16:00,Scotland,Championship,Ayr,Dunfermline,U35,Under 3.5 goals,goals,1.3,0.796,0.729,0.769,6.7,0.035,High,High,watchlist,"qualified, but outside the top 7 by overall ranking",,0.605,hit,1-1,2026-10-10
2026-10-09,2026-10-09 19:42,2026-10-10,2026-10-10 16:00,Scotland,League Two,Edinburgh City,Spartans,AO05,Spartans over 0.5 goals,team,1.22,0.828,0.757,0.82,7.1,0.01,High,High,watchlist,"qualified, but outside the top 7 by overall ranking",,0.603,hit,1-3,2026-10-10
2026-10-09,2026-10-09 19:42,2026-10-10,2026-10-10 17:00,Armenia,Premier League,Ararat Armenia,FC Alashkert,AO05,FC Alashkert over 0.5 goals,team,1.38,0.748,0.67,0.725,7.8,0.032,High,High,watchlist,"qualified, but outside the top 7 by overall ranking",,0.601,hit,1-1,2026-10-10
2026-10-09,2026-10-09 19:42,2026-10-10,2026-10-10 18:00,Turkiye,1st Lig,Kayserispor,Manisa FK,U45,Under 4.5 goals,goals,1.21,0.853,0.78,0.826,7.2,0.032,High,N/A,watchlist,"qualified, but outside the top 7 by overall ranking",,0.601,pending,,
2026-10-09,2026-10-09 19:42,2026-10-10,2026-10-10 16:00,Northern Ireland,Premiership,Limavady,Ballymena United,HO05,Limavady over 0.5 goals,team,1.33,0.778,0.7,0.752,7.8,0.035,High,High,watchlist,"qualified, but outside the top 7 by overall ranking",,0.6,hit,3-2,2026-10-10
2026-10-09,2026-10-09 19:42,2026-10-10,2026-10-10 17:00,Iraq,Iraq Stars League,Al Minaa,Ghaz Al-Shamal SC,HU15,Al Minaa under 1.5 goals,team,1.48,0.703,0.614,0.676,9.0,0.041,Medium,Medium,watchlist,"qualified, but outside the top 7 by overall ranking",,0.6,miss,2-0,2026-10-10
2026-10-09,2026-10-09 19:42,2026-10-10,2026-10-10 16:00,Spain,Segunda Division RFEF: Group 2,Barca Atletic,SD Logrones,O15,Over 1.5 goals,goals,1.2,0.842,0.76,0.833,8.2,0.011,High,High,watchlist,"qualified, but outside the top 7 by overall ranking",,0.597,miss,1-0,2026-10-10
2026-10-09,2026-10-09 19:42,2026-10-10,2026-10-10 15:00,Netherlands,Tweede Divisie,Kozakken Boys,Spakenburg,1X,Kozakken Boys or draw,dc,1.44,0.713,0.634,0.694,7.8,0.026,High,High,watchlist,"qualified, but outside the top 7 by overall ranking",,0.596,hit,2-0,2026-10-10
2026-10-09,2026-10-09 19:42,2026-10-10,2026-10-10 16:00,England,Southern League Premier: South,Taunton Town,Hanwell Town,1X,Taunton Town or draw,dc,1.35,0.751,0.677,0.741,7.5,0.014,High,High,watchlist,"qualified, but outside the top 7 by overall ranking",,0.596,miss,1-2,2026-10-10
2026-10-09,2026-10-09 19:42,2026-10-10,2026-10-10 07:00,Japan,J3 League,Kochi United SC,Nagano Parceiro,O15,Over 1.5 goals,goals,1.38,0.753,0.678,0.725,7.5,0.039,High,High,watchlist,"qualified, but outside the top 7 by overall ranking",,0.594,hit,1-3,2026-10-10
2026-10-09,2026-10-09 19:42,2026-10-10,2026-10-10 16:00,England,Southern League Premier: South,Uxbridge,Evesham United,O15,Over 1.5 goals,goals,1.18,0.851,0.777,0.847,7.5,0.004,High,High,watchlist,"qualified, but outside the top 7 by overall ranking",,0.594,miss,1-0,2026-10-10
2026-10-09,2026-10-09 19:42,2026-10-09,2026-10-09 20:00,Netherlands,Eerste Divisie,Jong AZ Alkmaar,FC Den Bosch,1X,Jong AZ Alkmaar or draw,dc,1.34,0.764,0.698,0.746,6.6,0.024,High,High,watchlist,"qualified, but outside the top 7 by overall ranking",,0.592,miss,0-1,2026-10-09
2026-10-09,2026-10-09 19:42,2026-10-10,2026-10-10 16:15,Spain,Segunda División,Ceuta,Sabadell,HU15,Ceuta under 1.5 goals,team,1.38,0.745,0.678,0.725,6.7,0.028,High,High,watchlist,"qualified, but outside the top 7 by overall ranking",,0.592,hit,1-2,2026-10-10
2026-10-09,2026-10-09 19:42,2026-10-10,2026-10-10 18:15,Belgium,Pro League,RAAL La Louviere,Club Brugge,HU15,RAAL La Louviere under 1.5 goals,team,1.28,0.793,0.732,0.781,6.1,0.015,High,High,watchlist,"qualified, but outside the top 7 by overall ranking",,0.592,pending,,
2026-10-09,2026-10-09 19:42,2026-10-10,2026-10-10 15:30,Germany,Bundesliga,Augsburg,Bayern Munich,HO05,Augsburg over 0.5 goals,team,1.48,0.717,0.646,0.676,7.1,0.062,High,High,watchlist,"qualified, but outside the top 7 by overall ranking",,0.591,hit,2-2,2026-10-10
2026-10-09,2026-10-09 19:42,2026-10-10,2026-10-10 18:30,Denmark,1st Division,Hobro,Kolding IF,AO05,Kolding IF over 0.5 goals,team,1.28,0.798,0.732,0.781,6.6,0.022,High,High,watchlist,"qualified, but outside the top 7 by overall ranking",,0.591,pending,,
2026-10-09,2026-10-09 19:42,2026-10-10,2026-10-10 15:00,Sweden,Allsvenskan,AIK,Brommapojkarna,CU115,Under 11.5 corners,corners,1.51,0.692,0.614,0.662,7.9,0.046,High,N/A,watchlist,"qualified, but outside the top 7 by overall ranking",,0.589,hit,5-6,2026-10-10
2026-10-09,2026-10-09 19:42,2026-10-10,2026-10-10 13:00,Sweden,Division 2: Norra Svealand,Enskede IK,Skiljebo SK,U45,Under 4.5 goals,goals,1.23,0.825,0.745,0.813,8.0,0.015,High,N/A,watchlist,"qualified, but outside the top 7 by overall ranking",,0.585,hit,1-0,2026-10-10
2026-10-09,2026-10-09 19:42,2026-10-10,2026-10-10 16:00,England,National League,Woking,Harrogate,O15,Over 1.5 goals,goals,1.23,0.834,0.765,0.813,6.9,0.026,High,High,watchlist,"qualified, but outside the top 7 by overall ranking",,0.583,miss,0-1,2026-10-10
2026-10-09,2026-10-09 19:42,2026-10-10,2026-10-10 16:00,Northern Ireland,Premiership,Dungannon Swifts,Carrick Rangers,U45,Under 4.5 goals,goals,1.2,0.848,0.778,0.833,7.0,0.018,High,N/A,watchlist,"qualified, but outside the top 7 by overall ranking",,0.583,miss,2-4,2026-10-10
2026-10-09,2026-10-09 19:42,2026-10-10,2026-10-10 16:00,England,National League: North,Marine,Spalding United,X2,Draw or Spalding United,dc,1.44,0.712,0.637,0.694,7.5,0.025,High,High,watchlist,"qualified, but outside the top 7 by overall ranking",,0.578,miss,1-0,2026-10-10
2026-10-09,2026-10-09 19:42,2026-10-10,2026-10-10 14:00,Estonia,Esiliiga,Talinna Kalev,Viimsi JK,U55,Under 5.5 goals,goals,1.16,0.868,0.791,0.862,7.7,0.007,High,N/A,watchlist,"qualified, but outside the top 7 by overall ranking",,0.577,hit,1-2,2026-10-10
2026-10-09,2026-10-09 19:42,2026-10-10,2026-10-10 15:30,Poland,I Liga,Chrobry Glogow,Pogon Grodzisk Mazowiecki,AU15,Pogon Grodzisk Mazowiecki under 1.5 goals,team,1.47,0.708,0.63,0.68,7.8,0.041,High,High,watchlist,"qualified, but outside the top 7 by overall ranking",,0.577,miss,0-4,2026-10-10
2026-10-09,2026-10-09 19:42,2026-10-09,2026-10-09 20:45,Wales,JD Cymru Premier,Penybont,Barry Town,O15,Over 1.5 goals,goals,1.23,0.834,0.769,0.813,6.5,0.026,High,High,watchlist,"qualified, but outside the top 7 by overall ranking",,0.576,hit,3-1,2026-10-09
2026-10-09,2026-10-09 19:42,2026-10-10,2026-10-10 09:30,Republic of Korea,K League 2,Gimhae,Chungnam Asan FC,HU15,Gimhae under 1.5 goals,team,1.35,0.744,0.671,0.741,7.3,0.005,High,High,watchlist,"qualified, but outside the top 7 by overall ranking",,0.575,hit,1-1,2026-10-10
2026-10-09,2026-10-09 19:42,2026-10-10,2026-10-10 16:00,England,National League: North,Darlington,Merthyr Town,U45,Under 4.5 goals,goals,1.27,0.808,0.734,0.787,7.4,0.026,High,N/A,watchlist,"qualified, but outside the top 7 by overall ranking",,0.575,hit,1-1,2026-10-10
2026-10-09,2026-10-09 19:42,2026-10-10,2026-10-10 16:00,England,Northern Premier League,Curzon Ashton,Hyde United,AO05,Hyde United over 0.5 goals,team,1.43,0.72,0.636,0.699,8.3,0.029,High,High,watchlist,"qualified, but outside the top 7 by overall ranking",,0.573,miss,2-0,2026-10-10
2026-10-09,2026-10-09 19:42,2026-10-10,2026-10-10 18:30,Germany,Bundesliga,RB Leipzig,Ein Frankfurt,U55,Under 5.5 goals,goals,1.23,0.841,0.782,0.813,6.0,0.035,High,N/A,watchlist,"qualified, but outside the top 7 by overall ranking",,0.571,pending,,
2026-10-09,2026-10-09 19:42,2026-10-10,2026-10-10 02:45,Argentina,Liga Profesional: Clausura,Union,Defensa y Justicia,AO05,Defensa y Justicia over 0.5 goals,team,1.42,0.725,0.651,0.704,7.3,0.029,High,High,watchlist,"qualified, but outside the top 7 by overall ranking",,0.569,hit,0-2,2026-10-10
2026-10-09,2026-10-09 19:42,2026-10-10,2026-10-10 16:00,England,National League: North,Hereford FC,Hednesford,U45,Under 4.5 goals,goals,1.25,0.823,0.747,0.8,7.6,0.029,High,N/A,watchlist,"qualified, but outside the top 7 by overall ranking",,0.569,hit,0-1,2026-10-10
2026-10-09,2026-10-09 19:42,2026-10-10,2026-10-10 16:00,Georgia,Erovnuli Liga,FC Rustavi,Dila Gori,HO05,FC Rustavi over 0.5 goals,team,1.32,0.768,0.687,0.758,8.1,0.014,High,High,watchlist,"qualified, but outside the top 7 by overall ranking",,0.569,hit,3-1,2026-10-10
2026-10-09,2026-10-09 19:42,2026-10-10,2026-10-10 13:00,Sweden,Division 2: Norra Goetaland,IK Tord,Grebbestads IF,X2,Draw or Grebbestads IF,dc,1.39,0.727,0.656,0.719,7.0,0.01,High,High,watchlist,"qualified, but outside the top 7 by overall ranking",,0.568,hit,1-1,2026-10-10
2026-10-09,2026-10-09 19:42,2026-10-09,2026-10-09 20:45,Wales,JD Cymru Premier,Haverfordwest,Caernarfon,O15,Over 1.5 goals,goals,1.22,0.835,0.771,0.82,6.5,0.019,High,High,watchlist,"qualified, but outside the top 7 by overall ranking",,0.567,hit,1-2,2026-10-09
2026-10-09,2026-10-09 19:42,2026-10-10,2026-10-10 16:00,England,League Two,Newport County,Colchester,U35,Under 3.5 goals,goals,1.39,0.747,0.68,0.719,6.7,0.038,High,High,watchlist,"qualified, but outside the top 7 by overall ranking",,0.566,hit,1-0,2026-10-10
2026-10-09,2026-10-09 19:42,2026-10-09,2026-10-09 20:15,Switzerland,Challenge League,Stade Nyonnais,Aarau,U45,Under 4.5 goals,goals,1.32,0.785,0.716,0.758,6.9,0.036,High,N/A,watchlist,"qualified, but outside the top 7 by overall ranking",,0.565,hit,2-1,2026-10-09
2026-10-09,2026-10-09 19:42,2026-10-10,2026-10-10 13:00,Sweden,Superettan,Landskrona BoIS,Sandvikens IF,U45,Under 4.5 goals,goals,1.2,0.851,0.786,0.833,6.5,0.021,High,N/A,watchlist,"qualified, but outside the top 7 by overall ranking",,0.565,miss,3-2,2026-10-10
2026-10-09,2026-10-09 19:42,2026-10-09,2026-10-09 20:45,Northern Ireland,Premiership,Portadown,Glentoran,HU15,Portadown under 1.5 goals,team,1.28,0.784,0.722,0.781,6.2,0.004,High,High,watchlist,"qualified, but outside the top 7 by overall ranking",,0.563,hit,0-0,2026-10-09
2026-10-09,2026-10-09 19:42,2026-10-10,2026-10-10 16:00,England,Southern League Premier: South,Chertsey Town,Chippenham Town,H,Chertsey Town to win,result,1.57,0.658,0.605,0.637,5.3,0.034,High,High,watchlist,"qualified, but outside the top 7 by overall ranking",,0.563,miss,2-2,2026-10-10
2026-10-09,2026-10-09 19:42,2026-10-10,2026-10-10 13:30,Thailand,Thai League,Buriram United,Rayong FC,U45,Under 4.5 goals,goals,1.28,0.805,0.738,0.781,6.7,0.03,High,N/A,watchlist,"qualified, but outside the top 7 by overall ranking",,0.562,miss,3-2,2026-10-10
2026-10-09,2026-10-09 19:42,2026-10-09,2026-10-09 20:00,Netherlands,Eerste Divisie,FC Dordrecht,FC Emmen,HO05,FC Dordrecht over 0.5 goals,team,1.25,0.812,0.747,0.8,6.4,0.014,High,High,watchlist,"qualified, but outside the top 7 by overall ranking",,0.56,miss,0-3,2026-10-09
2026-10-09,2026-10-09 19:42,2026-10-10,2026-10-10 15:00,Portugal,Liga Portugal 2,Amarante FC,Portimonense,CU105,Under 10.5 corners,corners,1.48,0.696,0.633,0.676,6.3,0.03,High,N/A,watchlist,"qualified, but outside the top 7 by overall ranking",,0.56,pending,,
2026-10-09,2026-10-09 19:42,2026-10-10,2026-10-10 17:00,Sweden,Superettan,Norrby,Oesters IF,U45,Under 4.5 goals,goals,1.22,0.836,0.771,0.82,6.5,0.02,High,N/A,watchlist,"qualified, but outside the top 7 by overall ranking",,0.558,hit,2-0,2026-10-10
2026-10-09,2026-10-09 19:42,2026-10-10,2026-10-10 12:00,Romania,Liga II,CSM Resita,CSM Slatina,AO05,CSM Slatina over 0.5 goals,team,1.34,0.754,0.68,0.746,7.4,0.011,High,High,watchlist,"qualified, but outside the top 7 by overall ranking",,0.555,hit,3-1,2026-10-10
2026-10-09,2026-10-09 19:42,2026-10-10,2026-10-10 15:30,Germany,Bundesliga,Mainz,Leverkusen,KU55,Under 5.5 cards,cards,1.32,0.761,0.714,0.758,4.7,0.005,High,N/A,watchlist,"qualified, but outside the top 7 by overall ranking",,0.552,pending,,
2026-10-09,2026-10-09 19:42,2026-10-09,2026-10-09 20:45,Ireland,1st Division,Bray Wanderers,Wexford FC,AU15,Wexford FC under 1.5 goals,team,1.4,0.734,0.663,0.714,7.1,0.027,High,High,watchlist,"qualified, but outside the top 7 by overall ranking",,0.551,miss,2-2,2026-10-09
2026-10-09,2026-10-09 19:42,2026-10-10,2026-10-10 16:30,Spain,Primera Division RFEF: Group 2,Juventud Torremolinos CF,Gimnastic,HO05,Juventud Torremolinos CF over 0.5 goals,team,1.32,0.763,0.687,0.758,7.6,0.007,High,High,watchlist,"qualified, but outside the top 7 by overall ranking",,0.551,hit,2-2,2026-10-10
2026-10-09,2026-10-09 19:42,2026-10-09,2026-10-09 20:00,Netherlands,Eerste Divisie,De Graafschap,Jong FC Utrecht,U55,Under 5.5 goals,goals,1.17,0.865,0.804,0.855,6.1,0.012,High,N/A,watchlist,"qualified, but outside the top 7 by overall ranking",,0.55,hit,2-1,2026-10-09
2026-10-09,2026-10-09 19:42,2026-10-10,2026-10-10 14:00,Germany,Regionalliga Südwest,TSV Steinbach Haiger,Eintracht Trier,U45,Under 4.5 goals,goals,1.25,0.806,0.731,0.8,7.5,0.008,High,N/A,watchlist,"qualified, but outside the top 7 by overall ranking",,0.548,hit,4-0,2026-10-10
2026-10-09,2026-10-09 19:42,2026-10-10,2026-10-10 13:00,Germany,2. Bundesliga,Darmstadt,Cottbus,U45,Under 4.5 goals,goals,1.34,0.782,0.705,0.746,7.7,0.048,Medium,N/A,watchlist,warning: Cottbus: 100% rates in home matches come from only 3 matches — not meaningful,,0.548,hit,3-1,2026-10-10
2026-10-09,2026-10-09 19:42,2026-10-10,2026-10-10 18:00,Turkey,Süper Lig,Rizespor,Fenerbahce,HO05,Rizespor over 0.5 goals,team,1.43,0.723,0.654,0.699,6.9,0.034,High,High,watchlist,"qualified, but outside the top 7 by overall ranking",,0.547,pending,,
2026-10-09,2026-10-09 19:42,2026-10-10,2026-10-10 16:00,Belgium,Pro League,Cercle Brugge,Anderlecht,U45,Under 4.5 goals,goals,1.19,0.852,0.794,0.84,5.8,0.014,High,N/A,watchlist,"qualified, but outside the top 7 by overall ranking",,0.542,hit,1-2,2026-10-10
2026-10-09,2026-10-09 19:42,2026-10-09,2026-10-09 21:15,Portugal,Primeira Liga,Sp Braga,Sp Lisbon,AO05,Sp Lisbon over 0.5 goals,team,1.29,0.789,0.736,0.775,5.3,0.018,High,High,watchlist,"qualified, but outside the top 7 by overall ranking",,0.541,hit,1-3,2026-10-09
2026-10-09,2026-10-09 19:42,2026-10-10,2026-10-10 16:00,England,League Two,Cheltenham,Salford,U45,Under 4.5 goals,goals,1.17,0.861,0.807,0.855,5.4,0.007,High,N/A,watchlist,"qualified, but outside the top 7 by overall ranking",,0.541,hit,0-2,2026-10-10
2026-10-09,2026-10-09 19:42,2026-10-10,2026-10-10 16:00,Scotland,League One,Peterhead,Queen of Sth,U45,Under 4.5 goals,goals,1.22,0.836,0.775,0.82,6.1,0.02,High,N/A,watchlist,"qualified, but outside the top 7 by overall ranking",,0.541,hit,0-1,2026-10-10
2026-10-09,2026-10-09 19:42,2026-10-10,2026-10-10 14:00,Sweden,Division 2: Norra Goetaland,Ahlafors IF,Stenungsunds IF,U45,Under 4.5 goals,goals,1.32,0.771,0.694,0.758,7.7,0.018,High,N/A,watchlist,"qualified, but outside the top 7 by overall ranking",,0.539,hit,1-3,2026-10-10
2026-10-09,2026-10-09 19:42,2026-10-10,2026-10-10 16:30,Spain,Primera Division RFEF: Group 2,CDA Aguilas FC,SD Huesca,12,CDA Aguilas FC or SD Huesca,dc,1.35,0.746,0.688,0.741,5.7,0.006,High,High,watchlist,"qualified, but outside the top 7 by overall ranking",,0.538,miss,2-2,2026-10-10
2026-10-09,2026-10-09 19:42,2026-10-10,2026-10-10 12:00,Portugal,Liga 3: Group A,Leca,AD Marco 09,AO05,AD Marco 09 over 0.5 goals,team,1.43,0.721,0.636,0.699,8.5,0.031,Medium,Medium,watchlist,"qualified, but outside the top 7 by overall ranking",,0.536,miss,2-0,2026-10-10
2026-10-09,2026-10-09 19:42,2026-10-10,2026-10-10 16:00,Scotland,League One,Alloa,Hamilton,U35,Under 3.5 goals,goals,1.39,0.739,0.676,0.719,6.3,0.028,High,High,watchlist,"qualified, but outside the top 7 by overall ranking",,0.534,hit,0-3,2026-10-10
2026-10-09,2026-10-09 19:42,2026-10-10,2026-10-10 16:00,England,League One,Milton Keynes Dons,Reading,HO05,Milton Keynes Dons over 0.5 goals,team,1.25,0.809,0.747,0.8,6.2,0.012,High,High,watchlist,"qualified, but outside the top 7 by overall ranking",,0.533,hit,1-5,2026-10-10
2026-10-09,2026-10-09 19:42,2026-10-10,2026-10-10 16:00,England,National League,Wealdstone,Yeovil,HO05,Wealdstone over 0.5 goals,team,1.23,0.816,0.751,0.813,6.6,0.004,High,High,watchlist,"qualified, but outside the top 7 by overall ranking",,0.532,miss,0-6,2026-10-10
2026-10-09,2026-10-09 19:42,2026-10-10,2026-10-10 18:00,Israel,Premier League,Ironi Tiberias,Hapoel Beer Sheva,U45,Under 4.5 goals,goals,1.25,0.816,0.757,0.8,5.9,0.02,High,N/A,watchlist,"qualified, but outside the top 7 by overall ranking",,0.532,pending,,
2026-10-09,2026-10-09 19:42,2026-10-09,2026-10-09 20:15,Switzerland,Challenge League,Etoile Carouge,Yverdon,U45,Under 4.5 goals,goals,1.23,0.828,0.769,0.813,5.8,0.018,High,N/A,watchlist,"qualified, but outside the top 7 by overall ranking",,0.53,hit,0-2,2026-10-09
2026-10-09,2026-10-09 19:42,2026-10-10,2026-10-10 14:00,Norway,2. division: group 1,Sotra Sportsklubb,Kvik Halden,AO05,Kvik Halden over 0.5 goals,team,1.43,0.716,0.65,0.699,6.6,0.024,High,High,watchlist,"qualified, but outside the top 7 by overall ranking",,0.53,miss,3-0,2026-10-10
2026-10-09,2026-10-09 19:42,2026-10-10,2026-10-10 16:00,England,National League,Boston Utd,Southend,U45,Under 4.5 goals,goals,1.3,0.787,0.723,0.769,6.4,0.024,High,N/A,watchlist,"qualified, but outside the top 7 by overall ranking",,0.53,hit,1-2,2026-10-10
2026-10-09,2026-10-09 19:42,2026-10-10,2026-10-10 15:30,Croatia,Prva NL,Vukovar 91,Hrvace,AO05,Hrvace over 0.5 goals,team,1.42,0.715,0.638,0.704,7.7,0.015,High,High,watchlist,"qualified, but outside the top 7 by overall ranking",,0.529,miss,1-0,2026-10-10
2026-10-09,2026-10-09 19:42,2026-10-10,2026-10-10 16:00,Kazakhstan,Premier League,Zhenis,Atyrau,HO05,Zhenis over 0.5 goals,team,1.25,0.806,0.742,0.8,6.4,0.007,High,High,watchlist,"qualified, but outside the top 7 by overall ranking",,0.528,hit,1-2,2026-10-10
2026-10-09,2026-10-09 19:42,2026-10-10,2026-10-10 17:30,Slovenia,Prva Liga,NK Celje,Aluminij,U45,Under 4.5 goals,goals,1.24,0.822,0.759,0.806,6.4,0.02,High,N/A,watchlist,"qualified, but outside the top 7 by overall ranking",,0.528,pending,,
2026-10-09,2026-10-09 19:42,2026-10-10,2026-10-10 16:00,Scotland,League Two,Annan Athletic,Stranraer,U45,Under 4.5 goals,goals,1.18,0.853,0.792,0.847,6.1,0.007,High,N/A,watchlist,"qualified, but outside the top 7 by overall ranking",,0.527,miss,1-6,2026-10-10
2026-10-09,2026-10-09 19:42,2026-10-09,2026-10-09 20:30,Poland,I Liga,Podbeskidzie Bielsko-Biala,Pogon Siedlce,AU15,Pogon Siedlce under 1.5 goals,team,1.35,0.758,0.686,0.741,7.2,0.023,High,High,watchlist,"qualified, but outside the top 7 by overall ranking",,0.526,hit,1-0,2026-10-09
2026-10-09,2026-10-09 19:42,2026-10-10,2026-10-10 16:00,Northern Ireland,Championship,Queen's University,Ballinamallard United,1X,Queen's University or draw,dc,1.24,0.812,0.763,0.806,4.9,0.006,High,High,watchlist,"qualified, but outside the top 7 by overall ranking",,0.526,miss,0-1,2026-10-10
2026-10-09,2026-10-09 19:42,2026-10-10,2026-10-10 14:00,Sweden,Division 2: Vaestra Goetaland,Dalstorps IF,Jonsereds IF,1X,Dalstorps IF or draw,dc,1.26,0.797,0.748,0.794,4.9,0.005,High,High,watchlist,"qualified, but outside the top 7 by overall ranking",,0.524,hit,3-2,2026-10-10
2026-10-09,2026-10-09 19:42,2026-10-10,2026-10-10 13:00,Kazakhstan,Premier League,Tobol Kostanay,FC Astana,U45,Under 4.5 goals,goals,1.15,0.872,0.813,0.87,5.9,0.003,High,N/A,watchlist,"qualified, but outside the top 7 by overall ranking",,0.523,hit,2-1,2026-10-10
2026-10-09,2026-10-09 19:42,2026-10-10,2026-10-10 19:00,Qatar,Qatar Stars League,Al-Ahli,Al-Sailiya,AO05,Al-Sailiya over 0.5 goals,team,1.35,0.75,0.686,0.741,6.4,0.013,High,High,watchlist,"qualified, but outside the top 7 by overall ranking",,0.523,pending,,
2026-10-09,2026-10-09 19:42,2026-10-10,2026-10-10 15:30,Germany,Bundesliga,Paderborn,Stuttgart,U55,Under 5.5 goals,goals,1.18,0.867,0.815,0.847,5.2,0.023,High,N/A,watchlist,"qualified, but outside the top 7 by overall ranking",,0.522,hit,0-2,2026-10-10
2026-10-09,2026-10-09 19:42,2026-10-10,2026-10-10 15:30,Malta,Malta Premier: Opening Round,Birkirkara,Valletta,O15,Over 1.5 goals,goals,1.36,0.753,0.677,0.735,7.6,0.024,High,High,watchlist,"qualified, but outside the top 7 by overall ranking",,0.522,hit,0-2,2026-10-10
2026-10-09,2026-10-09 19:42,2026-10-10,2026-10-10 16:00,England,League Two,Bristol Rvs,Barnet,AO05,Barnet over 0.5 goals,team,1.29,0.783,0.725,0.775,5.8,0.01,High,High,watchlist,"qualified, but outside the top 7 by overall ranking",,0.522,hit,1-3,2026-10-10
2026-10-09,2026-10-09 19:42,2026-10-10,2026-10-10 13:00,Kazakhstan,Premier League,FC Yelimay,Aktobe,U45,Under 4.5 goals,goals,1.18,0.855,0.796,0.847,5.9,0.009,High,N/A,watchlist,"qualified, but outside the top 7 by overall ranking",,0.521,hit,1-3,2026-10-10
2026-10-09,2026-10-09 19:42,2026-10-10,2026-10-10 18:30,Albania,Kategoria Superiore,AF Elbasani,Vora,U45,Under 4.5 goals,goals,1.16,0.867,0.809,0.862,5.8,0.006,High,N/A,watchlist,"qualified, but outside the top 7 by overall ranking",,0.521,pending,,
2026-10-09,2026-10-09 19:42,2026-10-10,2026-10-10 17:30,Azerbaijan,Premier League,Sumqayit,Gabala FK,HO05,Sumqayit over 0.5 goals,team,1.33,0.766,0.7,0.752,6.6,0.018,High,High,watchlist,"qualified, but outside the top 7 by overall ranking",,0.52,pending,,
2026-10-09,2026-10-09 19:42,2026-10-10,2026-10-10 13:00,China,League One,Suzhou Dongwu,Shijiazhuang Gongfu,AO05,Shijiazhuang Gongfu over 0.5 goals,team,1.44,0.701,0.63,0.694,7.1,0.01,High,High,watchlist,"qualified, but outside the top 7 by overall ranking",,0.518,miss,0-0,2026-10-10
2026-10-09,2026-10-09 19:42,2026-10-10,2026-10-10 13:30,England,Championship,Charlton,Bristol City,HO05,Charlton over 0.5 goals,team,1.42,0.725,0.659,0.704,6.6,0.03,High,High,watchlist,"qualified, but outside the top 7 by overall ranking",,0.518,hit,1-1,2026-10-10
2026-10-09,2026-10-09 19:42,2026-10-10,2026-10-10 16:00,England,Southern League Premier: South,Hanworth Villa,Gloucester City,1X,Hanworth Villa or draw,dc,1.36,0.739,0.668,0.735,7.1,0.005,High,High,watchlist,"qualified, but outside the top 7 by overall ranking",,0.518,miss,1-3,2026-10-10
2026-10-09,2026-10-09 19:42,2026-10-10,2026-10-10 18:45,Spain,Primera Division RFEF: Group 2,Real Jaen,Villarreal B,U35,Under 3.5 goals,goals,1.29,0.78,0.713,0.775,6.7,0.006,High,High,watchlist,"qualified, but outside the top 7 by overall ranking",,0.518,pending,,
2026-10-09,2026-10-09 19:42,2026-10-09,2026-10-09 20:45,Ireland,1st Division,Athlone Town,Treaty United,U45,Under 4.5 goals,goals,1.18,0.852,0.792,0.847,6.0,0.005,High,N/A,watchlist,"qualified, but outside the top 7 by overall ranking",,0.516,hit,1-2,2026-10-09
2026-10-09,2026-10-09 19:42,2026-10-10,2026-10-10 15:00,San Marino,Campionato Sammarinese,Faetano,FC Fiorentino,O15,Over 1.5 goals,goals,1.27,0.788,0.716,0.787,7.2,0.0,High,High,watchlist,"qualified, but outside the top 7 by overall ranking",,0.514,hit,0-6,2026-10-10
2026-10-09,2026-10-09 19:42,2026-10-09,2026-10-09 23:00,Honduras,Liga Nacional: Apertura,Platense FC,Juticalpa,O15,Over 1.5 goals,goals,1.29,0.788,0.725,0.775,6.3,0.017,High,High,watchlist,"qualified, but outside the top 7 by overall ranking",,0.511,hit,2-1,2026-10-10
2026-10-09,2026-10-09 19:42,2026-10-10,2026-10-10 16:00,Belgium,Challenger Pro League,Virton,Sporting Hasselt,HO05,Virton over 0.5 goals,team,1.22,0.827,0.762,0.82,6.5,0.009,High,High,watchlist,"qualified, but outside the top 7 by overall ranking",,0.511,hit,3-4,2026-10-10
2026-10-09,2026-10-09 19:42,2026-10-10,2026-10-10 16:00,England,Northern Premier League,Avro,Guiseley,O15,Over 1.5 goals,goals,1.2,0.834,0.765,0.833,6.9,0.001,High,High,watchlist,"qualified, but outside the top 7 by overall ranking",,0.51,miss,0-1,2026-10-10
2026-10-09,2026-10-09 19:42,2026-10-09,2026-10-09 20:00,France,Ligue 2,Nancy,Guingamp,U45,Under 4.5 goals,goals,1.15,0.875,0.822,0.87,5.4,0.007,High,N/A,watchlist,"qualified, but outside the top 7 by overall ranking",,0.509,hit,1-0,2026-10-09
2026-10-09,2026-10-09 19:42,2026-10-10,2026-10-10 16:00,England,League One,Bradford,Leyton Orient,U35,Under 3.5 goals,goals,1.34,0.762,0.705,0.746,5.7,0.022,High,High,watchlist,"qualified, but outside the top 7 by overall ranking",,0.509,hit,0-0,2026-10-10
2026-10-09,2026-10-09 19:42,2026-10-10,2026-10-10 15:00,Netherlands,Tweede Divisie,Rohda Raalte,Rkav Volendam,HO05,Rohda Raalte over 0.5 goals,team,1.31,0.777,0.703,0.763,7.4,0.018,Medium,Medium,watchlist,warning: High model probability (85%) rests on 9 matches for one team,,0.509,hit,2-8,2026-10-10
2026-10-09,2026-10-09 19:42,2026-10-10,2026-10-10 13:00,Thailand,Thai League,BG Pathum United,Ayutthaya United FC,U45,Under 4.5 goals,goals,1.19,0.845,0.791,0.84,5.4,0.006,High,N/A,watchlist,"qualified, but outside the top 7 by overall ranking",,0.508,hit,1-1,2026-10-10
2026-10-09,2026-10-09 19:42,2026-10-10,2026-10-10 16:30,Germany,3. Liga,MSV Duisburg,Hoffenheim II,1X,MSV Duisburg or draw,dc,1.24,0.808,0.766,0.806,4.3,0.002,High,High,watchlist,"qualified, but outside the top 7 by overall ranking",,0.508,hit,3-2,2026-10-10
2026-10-09,2026-10-09 19:42,2026-10-09,2026-10-09 21:00,Spain,Primera Division RFEF: Group 2,UD Ibiza,Real Madrid Castilla,AU15,Real Madrid Castilla under 1.5 goals,team,1.42,0.714,0.642,0.704,7.2,0.014,High,High,watchlist,"qualified, but outside the top 7 by overall ranking",,0.505,hit,1-1,2026-10-09
2026-10-09,2026-10-09 19:42,2026-10-10,2026-10-10 17:00,Sweden,Superettan,IK Oddevold,United IK Nordic,U45,Under 4.5 goals,goals,1.21,0.835,0.778,0.826,5.6,0.01,High,N/A,watchlist,"qualified, but outside the top 7 by overall ranking",,0.505,hit,2-0,2026-10-10
2026-10-09,2026-10-09 19:42,2026-10-10,2026-10-10 15:00,Italy,Serie B,Sudtirol,Ascoli,U35,Under 3.5 goals,goals,1.3,0.786,0.723,0.769,6.2,0.022,High,High,watchlist,"qualified, but outside the top 7 by overall ranking",,0.504,hit,0-0,2026-10-10
2026-10-09,2026-10-09 19:42,2026-10-10,2026-10-10 16:00,England,National League: South,Dagenham & Redbridge,Hemel Hempstead,U35,Under 3.5 goals,goals,1.3,0.778,0.719,0.769,5.9,0.011,High,High,watchlist,"qualified, but outside the top 7 by overall ranking",,0.502,hit,0-0,2026-10-10
2026-10-09,2026-10-09 19:42,2026-10-10,2026-10-10 13:30,England,Championship,Swansea,Norwich,1X,Swansea or draw,dc,1.39,0.728,0.678,0.719,5.0,0.012,High,High,watchlist,"qualified, but outside the top 7 by overall ranking",,0.5,hit,2-1,2026-10-10
2026-10-09,2026-10-09 19:42,2026-10-09,2026-10-09 20:00,France,Ligue 2,Dunkerque,Annecy,AO05,Annecy over 0.5 goals,team,1.33,0.757,0.7,0.752,5.8,0.007,High,High,watchlist,"qualified, but outside the top 7 by overall ranking",,0.499,hit,0-1,2026-10-09
2026-10-09,2026-10-09 19:42,2026-10-10,2026-10-10 19:00,Montenegro,1. CFL,Buducnost Podgorica,Sutjeska,U35,Under 3.5 goals,goals,1.22,0.822,0.766,0.82,5.6,0.003,High,High,watchlist,"qualified, but outside the top 7 by overall ranking",,0.497,pending,,
2026-10-09,2026-10-09 19:42,2026-10-10,2026-10-10 14:00,Denmark,2nd Division,FC Roskilde,Skive,AU15,Skive under 1.5 goals,team,1.34,0.748,0.68,0.746,6.8,0.003,High,High,watchlist,"qualified, but outside the top 7 by overall ranking",,0.496,hit,3-0,2026-10-10
2026-10-09,2026-10-09 19:42,2026-10-10,2026-10-10 15:00,Sweden,Superettan,Oestersunds FK,Varbergs BoIS FC,AO05,Varbergs BoIS FC over 0.5 goals,team,1.4,0.725,0.667,0.714,5.8,0.015,High,High,watchlist,"qualified, but outside the top 7 by overall ranking",,0.495,hit,1-1,2026-10-10
2026-10-09,2026-10-09 19:42,2026-10-10,2026-10-10 07:00,Japan,J3 League,Thespakusatsu Gunma,FC Ryukyu,U45,Under 4.5 goals,goals,1.21,0.827,0.772,0.826,5.4,0.0,High,N/A,watchlist,"qualified, but outside the top 7 by overall ranking",,0.493,hit,2-1,2026-10-10
2026-10-09,2026-10-09 19:42,2026-10-10,2026-10-10 14:00,France,Ligue 2,Clermont,Red Star,U35,Under 3.5 goals,goals,1.31,0.776,0.722,0.763,5.4,0.016,High,High,watchlist,"qualified, but outside the top 7 by overall ranking",,0.493,miss,2-3,2026-10-10
2026-10-09,2026-10-09 19:42,2026-10-10,2026-10-10 16:00,England,Southern League Premier: Central,Hitchin Town,Peterborough Sports,HO05,Hitchin Town over 0.5 goals,team,1.31,0.768,0.692,0.763,7.6,0.007,Medium,Medium,watchlist,"qualified, but outside the top 7 by overall ranking",,0.492,miss,0-1,2026-10-10
2026-10-09,2026-10-09 19:42,2026-10-10,2026-10-10 14:00,France,Ligue 2,Nantes,Reims,12,Nantes or Reims,dc,1.3,0.77,0.726,0.769,4.4,0.001,High,High,watchlist,"qualified, but outside the top 7 by overall ranking",,0.491,miss,0-0,2026-10-10
2026-10-09,2026-10-09 19:42,2026-10-10,2026-10-10 16:00,England,National League: South,Maidenhead United,Tonbridge Angels,AO05,Tonbridge Angels over 0.5 goals,team,1.34,0.751,0.691,0.746,6.0,0.007,High,High,watchlist,"qualified, but outside the top 7 by overall ranking",,0.49,hit,0-1,2026-10-10
2026-10-09,2026-10-09 19:42,2026-10-10,2026-10-10 16:00,England,Southern League Premier: South,Frome Town,Sholing,AO05,Sholing over 0.5 goals,team,1.35,0.743,0.675,0.741,6.8,0.003,High,High,watchlist,"qualified, but outside the top 7 by overall ranking",,0.49,hit,1-1,2026-10-10
2026-10-09,2026-10-09 19:42,2026-10-09,2026-10-09 20:00,Netherlands,Eerste Divisie,Almere City FC,FC Eindhoven,U55,Under 5.5 goals,goals,1.19,0.843,0.791,0.84,5.2,0.003,High,N/A,watchlist,"qualified, but outside the top 7 by overall ranking",,0.488,hit,3-0,2026-10-09
2026-10-09,2026-10-09 19:42,2026-10-10,2026-10-10 12:00,Vietnam,V-League,Hoang Anh Gia Lai,Da Nang,O15,Over 1.5 goals,goals,1.31,0.775,0.713,0.763,6.2,0.015,High,High,watchlist,"qualified, but outside the top 7 by overall ranking",,0.485,hit,3-0,2026-10-10
2026-10-09,2026-10-09 19:42,2026-10-10,2026-10-10 17:15,Italy,Serie B,Vicenza,Pisa,12,Vicenza or Pisa,dc,1.3,0.776,0.725,0.769,5.1,0.009,Medium,Medium,watchlist,warning: High model probability (86%) rests on 5 matches for one team,,0.484,hit,0-3,2026-10-10
2026-10-09,2026-10-09 19:42,2026-10-10,2026-10-10 15:00,Italy,Serie B,Virtus Entella,Juve Stabia,CU105,Under 10.5 corners,corners,1.45,0.692,0.637,0.69,5.5,0.004,High,N/A,watchlist,"qualified, but outside the top 7 by overall ranking",,0.482,hit,1-1,2026-10-10
2026-10-09,2026-10-09 19:42,2026-10-10,2026-10-10 17:30,Poland,Ekstraklasa,Slask Wroclaw,Lech Poznan,U45,Under 4.5 goals,goals,1.25,0.813,0.752,0.8,6.1,0.017,High,N/A,watchlist,"qualified, but outside the top 7 by overall ranking",,0.478,pending,,
2026-10-09,2026-10-09 19:42,2026-10-10,2026-10-10 15:00,Slovenia,Prva Liga,Radomlje,Koper,HU15,Radomlje under 1.5 goals,team,1.38,0.725,0.67,0.725,5.5,0.0,High,High,watchlist,"qualified, but outside the top 7 by overall ranking",,0.472,miss,3-3,2026-10-10
2026-10-09,2026-10-09 19:42,2026-10-10,2026-10-10 14:00,Germany,Regionalliga Bayern,Burghausen,Greuther Furth II,U45,Under 4.5 goals,goals,1.3,0.771,0.705,0.769,6.6,0.002,High,N/A,watchlist,"qualified, but outside the top 7 by overall ranking",,0.469,miss,3-3,2026-10-10
2026-10-09,2026-10-09 19:42,2026-10-10,2026-10-10 14:30,Cyprus,2nd Division,Halkanoras Idaliou,Doxa Katokopia,O15,Over 1.5 goals,goals,1.3,0.769,0.698,0.769,7.2,0.0,High,High,watchlist,"qualified, but outside the top 7 by overall ranking",,0.467,hit,3-4,2026-10-10
2026-10-09,2026-10-09 19:42,2026-10-10,2026-10-10 16:00,England,League Two,Shrewsbury,Exeter,U35,Under 3.5 goals,goals,1.25,0.801,0.752,0.8,4.9,0.001,High,High,watchlist,"qualified, but outside the top 7 by overall ranking",,0.466,hit,0-1,2026-10-10
2026-10-09,2026-10-09 19:42,2026-10-10,2026-10-10 18:00,Israel,Premier League,Hapoel Haifa,Maccabi Petach Tikva,O15,Over 1.5 goals,goals,1.22,0.822,0.771,0.82,5.1,0.003,High,High,watchlist,"qualified, but outside the top 7 by overall ranking",,0.465,pending,,
2026-10-09,2026-10-09 19:42,2026-10-10,2026-10-10 19:00,Portugal,Primeira Liga,Maritimo,Porto,O15,Over 1.5 goals,goals,1.3,0.787,0.743,0.769,4.4,0.023,High,High,watchlist,"qualified, but outside the top 7 by overall ranking",,0.465,pending,,
2026-10-09,2026-10-09 19:42,2026-10-10,2026-10-10 16:00,England,Championship,Sheffield United,Lincoln,O15,Over 1.5 goals,goals,1.33,0.765,0.71,0.752,5.6,0.018,High,High,watchlist,"qualified, but outside the top 7 by overall ranking",,0.464,hit,3-0,2026-10-10
2026-10-09,2026-10-09 19:42,2026-10-10,2026-10-10 19:00,Bulgaria,Parva Liga,Botev Plovdiv,Slavia Sofia,U35,Under 3.5 goals,goals,1.29,0.777,0.725,0.775,5.2,0.002,High,High,watchlist,"qualified, but outside the top 7 by overall ranking",,0.464,pending,,
2026-10-09,2026-10-09 19:42,2026-10-10,2026-10-10 15:00,Italy,Serie B,Benevento,Cesena,AU15,Cesena under 1.5 goals,team,1.37,0.741,0.683,0.73,5.8,0.016,High,High,watchlist,"qualified, but outside the top 7 by overall ranking",,0.46,hit,2-0,2026-10-10
2026-10-09,2026-10-09 19:42,2026-10-10,2026-10-10 18:30,Jordan,Pro League,Al-Salt,Al-Faisaly,O15,Over 1.5 goals,goals,1.3,0.776,0.719,0.769,5.7,0.009,High,High,watchlist,"qualified, but outside the top 7 by overall ranking",,0.46,pending,,
2026-10-09,2026-10-09 19:42,2026-10-09,2026-10-09 20:00,Saudi Arabia,Saudi Professional League,Al Nassr,Al Diriyah,U45,Under 4.5 goals,goals,1.27,0.804,0.744,0.787,5.9,0.021,Medium,N/A,watchlist,warning: High model probability (88%) rests on 8 matches for one team | unresolved conflict in the live research,,0.458,hit,3-0,2026-10-09
2026-10-09,2026-10-09 19:42,2026-10-10,2026-10-10 18:30,Spain,Segunda División,Eldense,Cordoba,1X,Eldense or draw,dc,1.42,0.711,0.657,0.704,5.5,0.01,High,Medium,watchlist,"qualified, but outside the top 7 by overall ranking",,0.447,pending,,
2026-10-09,2026-10-09 19:42,2026-10-10,2026-10-10 19:05,Kuwait,Premier League,Al-Salmiyah,Al-Shabab SC,O15,Over 1.5 goals,goals,1.26,0.795,0.741,0.794,5.5,0.002,High,High,watchlist,"qualified, but outside the top 7 by overall ranking",,0.446,pending,,
2026-10-09,2026-10-09 19:42,2026-10-10,2026-10-10 01:00,Mexico,Liga de Expansion MX: Apertura,Tapatio,Atletico La Paz,U45,Under 4.5 goals,goals,1.28,0.788,0.732,0.781,5.5,0.008,High,N/A,watchlist,"qualified, but outside the top 7 by overall ranking",,0.444,miss,2-4,2026-10-10
2026-10-09,2026-10-09 19:42,2026-10-10,2026-10-10 19:00,USA,MLS,Toronto FC,CF Montreal,AO05,CF Montreal over 0.5 goals,team,1.31,0.767,0.728,0.763,3.9,0.005,High,High,watchlist,"qualified, but outside the top 7 by overall ranking",,0.442,pending,,
2026-10-09,2026-10-09 19:42,2026-10-09,2026-10-09 20:30,Poland,Ekstraklasa,Rakow Czestochowa,GKS Katowice,U45,Under 4.5 goals,goals,1.27,0.799,0.744,0.787,5.5,0.015,High,N/A,watchlist,"qualified, but outside the top 7 by overall ranking",,0.441,miss,1-4,2026-10-09
2026-10-09,2026-10-09 19:42,2026-10-10,2026-10-10 16:00,England,National League: South,Horsham,Maidstone United,U35,Under 3.5 goals,goals,1.4,0.722,0.667,0.714,5.5,0.011,High,High,watchlist,"qualified, but outside the top 7 by overall ranking",,0.438,hit,1-2,2026-10-10
2026-10-09,2026-10-09 19:42,2026-10-10,2026-10-10 16:00,Scotland,Championship,Arbroath,Morton,U35,Under 3.5 goals,goals,1.27,0.789,0.744,0.787,4.5,0.002,High,High,watchlist,"qualified, but outside the top 7 by overall ranking",,0.438,hit,1-2,2026-10-10
2026-10-09,2026-10-09 19:42,2026-10-10,2026-10-10 16:00,England,Premier League,Aston Villa,Brentford,U45,Under 4.5 goals,goals,1.19,0.845,0.808,0.84,3.8,0.006,High,N/A,watchlist,"edge +3.8 pp is the model's usual gap on this market today (median +2.8 pp) — systematic, not specific to this match",,0.435,hit,2-2,2026-10-10
2026-10-09,2026-10-09 19:42,2026-10-10,2026-10-10 18:00,Spain,Segunda Division RFEF: Group 2,Naxara CD,Pena Sport,AO05,Pena Sport over 0.5 goals,team,1.41,0.712,0.644,0.709,6.8,0.003,Medium,Medium,watchlist,"qualified, but outside the top 7 by overall ranking",,0.429,pending,,
2026-10-09,2026-10-09 19:42,2026-10-09,2026-10-09 20:00,Belgium,Challenger Pro League,FCV Dender EH,Club NXT,U45,Under 4.5 goals,goals,1.25,0.808,0.747,0.8,6.1,0.01,Medium,N/A,watchlist,warning: High model probability (87%) rests on 5 matches for one team,,0.425,hit,3-0,2026-10-09
2026-10-09,2026-10-09 19:42,2026-10-10,2026-10-10 13:30,England,League Two,Oldham,Accrington,U35,Under 3.5 goals,goals,1.39,0.725,0.68,0.719,4.5,0.008,High,High,watchlist,"qualified, but outside the top 7 by overall ranking",,0.421,hit,0-0,2026-10-10
2026-10-09,2026-10-09 19:42,2026-10-10,2026-10-10 15:30,Austria,2. Liga,SK Rapid Wien II,FC Wacker Innsbruck,U45,Under 4.5 goals,goals,1.22,0.827,0.775,0.82,5.3,0.009,Medium,N/A,watchlist,"qualified, but outside the top 7 by overall ranking",,0.421,hit,1-2,2026-10-10
2026-10-09,2026-10-09 19:42,2026-10-10,2026-10-10 10:00,Romania,Liga II,Cetatea Suceava,CSC Dumbravita,H,Cetatea Suceava to win,result,1.47,0.686,0.651,0.68,3.6,0.009,Medium,Medium,watchlist,warning: High model probability (90%) rests on 8 matches for one team,,0.421,hit,3-1,2026-10-10
2026-10-09,2026-10-09 19:42,2026-10-10,2026-10-10 13:00,Germany,2. Bundesliga,Osnabruck,Dresden,CU115,Under 11.5 corners,corners,1.58,0.651,0.587,0.633,6.4,0.029,Medium,N/A,watchlist,warning: Osnabruck: 100% rates in home matches come from only 3 matches — not meaningful,,0.421,pending,,
2026-10-09,2026-10-09 19:42,2026-10-09,2026-10-09 20:00,Netherlands,Eerste Divisie,NAC Breda,MVV Maastricht,U45,Under 4.5 goals,goals,1.37,0.742,0.686,0.73,5.5,0.016,High,N/A,watchlist,"qualified, but outside the top 7 by overall ranking",,0.42,hit,1-0,2026-10-09
2026-10-09,2026-10-09 19:42,2026-10-10,2026-10-10 14:30,Italy,Serie C: Group C,Bari,Giugliano,O15,Over 1.5 goals,goals,1.29,0.782,0.725,0.775,5.7,0.009,Medium,Medium,watchlist,"qualified, but outside the top 7 by overall ranking",,0.42,hit,2-0,2026-10-10
2026-10-09,2026-10-09 19:42,2026-10-10,2026-10-10 10:00,Hong Kong,Premier League,Tai Po,Kowloon City,U45,Under 4.5 goals,goals,1.35,0.747,0.69,0.741,5.7,0.008,High,N/A,watchlist,"qualified, but outside the top 7 by overall ranking",,0.418,hit,1-1,2026-10-10
2026-10-09,2026-10-09 19:42,2026-10-10,2026-10-10 16:00,England,National League: South,Dover Athletic,Dorking Wanderers,U45,Under 4.5 goals,goals,1.28,0.782,0.732,0.781,5.0,0.001,High,N/A,watchlist,"qualified, but outside the top 7 by overall ranking",,0.417,hit,1-1,2026-10-10
2026-10-09,2026-10-09 19:42,2026-10-10,2026-10-10 14:00,Denmark,2nd Division,FA 2000,Naestved,U35,Under 3.5 goals,goals,1.41,0.714,0.653,0.709,6.1,0.006,High,High,watchlist,"qualified, but outside the top 7 by overall ranking",,0.414,hit,1-1,2026-10-10
2026-10-09,2026-10-09 19:42,2026-10-10,2026-10-10 16:00,Estonia,Meistriliiga,Tammeka,Nomme United,U45,Under 4.5 goals,goals,1.31,0.767,0.713,0.763,5.4,0.005,High,N/A,watchlist,"qualified, but outside the top 7 by overall ranking",,0.41,hit,4-0,2026-10-10
2026-10-09,2026-10-09 19:42,2026-10-10,2026-10-10 04:00,Costa Rica,Primera División: Apertura,Sporting FC,C.S. Cartagines,O15,Over 1.5 goals,goals,1.33,0.753,0.7,0.752,5.3,0.001,High,High,watchlist,"qualified, but outside the top 7 by overall ranking",,0.407,hit,3-1,2026-10-10
2026-10-09,2026-10-09 19:42,2026-10-10,2026-10-10 07:00,Japan,J2 League,Yokohama FC,Oita Trinita,O15,Over 1.5 goals,goals,1.34,0.747,0.698,0.746,4.9,0.001,High,High,watchlist,"qualified, but outside the top 7 by overall ranking",,0.402,hit,1-2,2026-10-10
2026-10-09,2026-10-09 19:42,2026-10-10,2026-10-10 14:00,England,Premier League 2,Arsenal U21,Sunderland U21,U45,Under 4.5 goals,goals,1.4,0.721,0.671,0.714,5.0,0.009,High,N/A,watchlist,"qualified, but outside the top 7 by overall ranking",,0.388,hit,2-2,2026-10-10
2026-10-09,2026-10-09 19:42,2026-10-10,2026-10-10 18:00,Croatia,HNL,Osijek,NK Istra 1961,U35,Under 3.5 goals,goals,1.44,0.701,0.656,0.694,4.4,0.009,High,High,watchlist,"qualified, but outside the top 7 by overall ranking",,0.382,pending,,
2026-10-09,2026-10-09 19:42,2026-10-09,2026-10-09 22:00,Colombia,Primera B: Clausura,Real Soacha Cundinamarca,Real Santander,U35,Under 3.5 goals,goals,1.4,0.717,0.671,0.714,4.6,0.003,High,High,watchlist,"qualified, but outside the top 7 by overall ranking",,0.364,hit,0-1,2026-10-10
2026-10-09,2026-10-09 19:42,2026-10-10,2026-10-10 16:00,Scotland,Premiership,Falkirk,Dundee,U35,Under 3.5 goals,goals,1.43,0.701,0.662,0.699,4.0,0.003,High,High,watchlist,"edge +4.0 pp is the model's usual gap on this market today (median +2.1 pp) — systematic, not specific to this match",,0.353,hit,1-2,2026-10-10
2026-10-09,2026-10-09 19:42,2026-10-09,2026-10-09 20:00,Belgium,Challenger Pro League,RSCA Futures,Eupen,O05,Over 0.5 goals,goals,,0.952,,,,,Medium,N/A,rejected,odds N/A (not priced by Sportybet),,0.404,hit,0-2,2026-10-09
2026-10-09,2026-10-09 19:42,2026-10-09,2026-10-09 20:00,Ecuador,Serie A: Placement Group,Libertad,Club Leones Del Norte,U55,Under 5.5 goals,goals,,0.936,,,,,High,N/A,rejected,odds N/A (not priced by Sportybet),,0.444,hit,3-0,2026-10-09
2026-10-09,2026-10-09 19:42,2026-10-09,2026-10-09 20:00,France,Ligue 2,Pau FC,Laval,U55,Under 5.5 goals,goals,,0.943,,,,,High,N/A,rejected,odds N/A (not priced by Sportybet),,0.461,hit,3-2,2026-10-09
2026-10-09,2026-10-09 19:42,2026-10-09,2026-10-09 20:00,Germany,Oberliga NOFV Nord 25/26,FC Mecklenburg Schwerin,Hansa Rostock II,O05,Over 0.5 goals,goals,,0.965,,,,,Medium,N/A,rejected,odds N/A (not priced by Sportybet),,0.41,hit,2-2,2026-10-09
2026-10-09,2026-10-09 19:42,2026-10-09,2026-10-09 20:00,Germany,Oberliga: Mittelrhein,SSV Bornheim 1924,Borussia Neunkirchen,O05,Over 0.5 goals,goals,,0.977,,,,,Medium,N/A,rejected,odds N/A (not priced by Sportybet),,0.404,hit,6-1,2026-10-09
2026-10-09,2026-10-09 19:42,2026-10-09,2026-10-09 20:00,Germany,Oberliga: Niedersachsen,TuS Bersenbrueck,Eintracht Nordhorn,O05,Over 0.5 goals,goals,,0.971,,,,,Medium,N/A,rejected,odds N/A (not priced by Sportybet),,0.404,hit,5-0,2026-10-09
2026-10-09,2026-10-09 19:42,2026-10-09,2026-10-09 20:00,Germany,Oberliga: Niedersachsen,Wilhelmshaven,Blau-Weiss Lohne,O05,Over 0.5 goals,goals,,0.96,,,,,High,N/A,rejected,odds N/A (not priced by Sportybet),,0.437,hit,3-2,2026-10-09
2026-10-09,2026-10-09 19:42,2026-10-09,2026-10-09 20:00,Germany,Oberliga: Rheinland-Pfalz/Saar,TuS Mechtersheim,Ahrweiler BC,O05,Over 0.5 goals,goals,,0.977,,,,,High,N/A,rejected,odds N/A (not priced by Sportybet),,0.44,hit,5-0,2026-10-09
2026-10-09,2026-10-09 19:42,2026-10-09,2026-10-09 20:00,International Friendlies,Women's Friendlies,Haiti W,Japan W,O05,Over 0.5 goals,goals,,0.953,,,,,Low,N/A,rejected,failed the pipeline's data checks | odds N/A (not priced by Sportybet),,0.329,hit,1-5,2026-10-10
2026-10-09,2026-10-09 19:42,2026-10-09,2026-10-09 20:00,Malta,Malta Premier: Opening Round,Mosta,Birzebbuga St. Peters FC,O05,Over 0.5 goals,goals,,0.955,,,,,Medium,N/A,rejected,odds N/A (not priced by Sportybet),,0.401,hit,2-2,2026-10-09
2026-10-09,2026-10-09 19:42,2026-10-09,2026-10-09 20:00,Netherlands,Eerste Divisie,Heracles,RKC Waalwijk,AO05,RKC Waalwijk over 0.5 goals,team,1.4,0.814,0.667,0.714,14.7,0.14,High,High,rejected,"model 15 pp above the market — data fault, not edge",,0.843,miss,3-0,2026-10-09
2026-10-09,2026-10-09 19:42,2026-10-09,2026-10-09 20:00,Tanzania,Premier League,Coastal Union,Azam FC,U55,Under 5.5 goals,goals,,0.966,,,,,High,N/A,rejected,odds N/A (not priced by Sportybet),,0.464,hit,0-2,2026-10-09
2026-10-09,2026-10-09 19:42,2026-10-09,2026-10-09 20:00,Women's World Cup Qualification,UEFA Qualification: Playoff,Hungary Women,Netherlands Women,O05,Over 0.5 goals,goals,,0.958,,,,,Low,N/A,rejected,failed the pipeline's data checks | odds N/A (not priced by Sportybet),,0.317,hit,0-8,2026-10-09
2026-10-09,2026-10-09 19:42,2026-10-09,2026-10-09 20:00,Women's World Cup Qualification,UEFA Qualification: Playoff,Northern Ireland W,Portugal Women,O05,Over 0.5 goals,goals,,0.96,,,,,Low,N/A,rejected,failed the pipeline's data checks | odds N/A (not priced by Sportybet),,0.272,hit,0-4,2026-10-09
2026-10-09,2026-10-09 19:42,2026-10-09,2026-10-09 20:15,Women's World Cup Qualification,UEFA Qualification: Playoff,Belgium Women,Poland Women,O05,Over 0.5 goals,goals,,0.958,,,,,Low,N/A,rejected,failed the pipeline's data checks | odds N/A (not priced by Sportybet),,0.314,hit,1-0,2026-10-09
2026-10-09,2026-10-09 19:42,2026-10-09,2026-10-09 20:30,International Friendlies,Women's Friendlies,Germany Women,Australia Women,O05,Over 0.5 goals,goals,,0.954,,,,,Low,N/A,rejected,failed the pipeline's data checks | odds N/A (not priced by Sportybet),,0.284,hit,4-2,2026-10-09
2026-10-09,2026-10-09 19:42,2026-10-09,2026-10-09 20:45,Ireland,1st Division,UCD,Longford Town,O05,Over 0.5 goals,goals,,0.954,,,,,High,N/A,rejected,odds N/A (not priced by Sportybet),,0.461,hit,1-1,2026-10-09
2026-10-09,2026-10-09 19:42,2026-10-09,2026-10-09 20:45,Ireland,FAI Cup,Bohemian FC,Waterford FC,O05,Over 0.5 goals,goals,,0.97,,,,,High,N/A,rejected,odds N/A (not priced by Sportybet),,0.449,hit,0-2,2026-10-09
2026-10-09,2026-10-09 19:42,2026-10-09,2026-10-09 20:45,Ireland,League of Ireland Premier Division,Shelbourne,Sligo Rovers,U45,Under 4.5 goals,goals,1.34,0.871,0.705,0.746,16.6,0.167,High,N/A,rejected,"model 17 pp above the market — data fault, not edge",,0.913,miss,5-1,2026-10-09
2026-10-09,2026-10-09 19:42,2026-10-09,2026-10-09 20:45,Northern Ireland,Championship,Newington FC,Ards,HO05,Newington FC over 0.5 goals,team,1.12,0.848,0.811,0.893,3.8,-0.05,High,High,rejected,odds 1.12 at or below 1.14 | price too short for the probability (EV -5.0%),,0.446,miss,0-2,2026-10-09
2026-10-09,2026-10-09 19:42,2026-10-09,2026-10-09 20:45,Northern Ireland,Championship,Newry City AFC,Dundela,O15,Over 1.5 goals,goals,1.15,0.851,0.796,0.87,5.4,-0.022,High,High,rejected,price too short for the probability (EV -2.2%),,0.474,hit,3-1,2026-10-09
2026-10-09,2026-10-09 19:42,2026-10-09,2026-10-09 20:45,Wales,JD Cymru Premier,Cambrian & Clydach,Ammanford,O05,Over 0.5 goals,goals,,0.969,,,,,High,N/A,rejected,odds N/A (not priced by Sportybet),,0.428,hit,0-1,2026-10-09
2026-10-09,2026-10-09 19:42,2026-10-09,2026-10-09 20:45,Wales,JD Cymru Premier,Holywell Town,TNS,A,TNS to win,result,,0.9,,,,,High,High,rejected,odds N/A (not priced by Sportybet),,0.428,hit,1-6,2026-10-09
2026-10-09,2026-10-09 19:42,2026-10-09,2026-10-09 20:45,Wales,JD Cymru Premier,Llandudno FC,Airbus UK Broughton,O05,Over 0.5 goals,goals,,0.952,,,,,High,N/A,rejected,odds N/A (not priced by Sportybet),,0.437,hit,1-4,2026-10-09
2026-10-09,2026-10-09 19:42,2026-10-09,2026-10-09 21:00,Algeria,Ligue 1,MC Alger,CR Temouchent,H,MC Alger to win,result,,0.877,,,,,Low,Low,rejected,failed the pipeline's data checks | odds N/A (not priced by Sportybet),,0.35,hit,1-0,2026-10-09
2026-10-09,2026-10-09 19:42,2026-10-09,2026-10-09 21:00,Bolivia,Primera Division,San Antonio Bulo Bulo,Real Tomayapo,O05,Over 0.5 goals,goals,,0.939,,,,,High,N/A,rejected,odds N/A (not priced by Sportybet),,0.467,miss,0-0,2026-10-09
2026-10-09,2026-10-09 19:42,2026-10-09,2026-10-09 21:15,San Marino,Campionato Sammarinese,La Fiorita,S.S. Murata,BTTS,Both teams to score,btts,2.4,0.463,0.378,0.417,8.5,0.112,High,High,rejected,probability 46% below the 70% bar for btts,,0.755,miss,3-0,2026-10-09
2026-10-09,2026-10-09 19:42,2026-10-09,2026-10-09 22:00,International Friendlies,Women's Friendlies,Morocco Women,Uzbekistan W,O05,Over 0.5 goals,goals,,0.95,,,,,Low,N/A,rejected,failed the pipeline's data checks | odds N/A (not priced by Sportybet),,0.344,hit,3-1,2026-10-10
2026-10-09,2026-10-09 19:42,2026-10-09,2026-10-09 22:00,International Friendlies,Women's Friendlies,Peru W,Philippines W,O05,Over 0.5 goals,goals,,0.954,,,,,Low,N/A,rejected,failed the pipeline's data checks | odds N/A (not priced by Sportybet),,0.329,hit,2-1,2026-10-10
2026-10-09,2026-10-09 19:42,2026-10-09,2026-10-09 22:00,Morocco,Botola Pro,MAT Tetouan,FUS Rabat,U55,Under 5.5 goals,goals,,0.973,,,,,Low,N/A,rejected,failed the pipeline's data checks | odds N/A (not priced by Sportybet),,0.389,hit,0-0,2026-10-10
2026-10-09,2026-10-09 19:42,2026-10-09,2026-10-09 22:00,Paraguay,Division Intermedia,Tacuary,Paraguari AC,AO15,Paraguari AC over 1.5 goals,team,2.4,0.437,0.377,0.417,6.0,0.048,Low,Low,rejected,failed the pipeline's data checks | probability 44% below the 70% bar for team,,0.578,hit,2-4,2026-10-10
2026-10-09,2026-10-09 19:42,2026-10-09,2026-10-09 22:00,Portugal,Liga 3: Group B,Santarem,Lusitano Ginasio Clube,U55,Under 5.5 goals,goals,,0.961,,,,,High,N/A,rejected,odds N/A (not priced by Sportybet),,0.452,hit,3-0,2026-10-10
2026-10-09,2026-10-09 19:42,2026-10-09,2026-10-09 23:00,Argentina,Liga Profesional: Clausura,Gimnasia LP,Atletico Tucuman,U55,Under 5.5 goals,goals,,0.966,,,,,High,N/A,rejected,odds N/A (not priced by Sportybet),,0.443,hit,1-1,2026-10-10
2026-10-09,2026-10-09 19:42,2026-10-10,2026-10-10 01:00,Argentina,Primera B Metropolitana,CA Talleres Remedios de Escalada,CASD Camioneros,U45,Under 4.5 goals,goals,,0.954,,,,,High,N/A,rejected,odds N/A (not priced by Sportybet),,0.467,hit,1-1,2026-10-10
2026-10-09,2026-10-09 19:42,2026-10-10,2026-10-10 01:00,International Friendlies,Women's Friendlies,Canada W,Denmark Women,O05,Over 0.5 goals,goals,,0.957,,,,,Low,N/A,rejected,failed the pipeline's data checks | odds N/A (not priced by Sportybet),,0.329,hit,1-1,2026-10-10
2026-10-09,2026-10-09 19:42,2026-10-10,2026-10-10 01:30,USA,USL Championship,Lexington SC,FC Tulsa,A,FC Tulsa to win,result,4.6,0.261,0.191,0.217,6.9,0.199,High,High,rejected,probability 26% below the 60% bar for result,,0.733,miss,0-0,2026-10-10
2026-10-09,2026-10-09 19:42,2026-10-10,2026-10-10 02:00,El Salvador,Primera Division: Apertura,Inca Aruba,CD Platense Municipal,O25,Over 2.5 goals,goals,2.15,0.471,0.427,0.465,4.4,0.012,High,High,rejected,probability 47% below the 70% bar for goals,,0.44,hit,1-4,2026-10-10
2026-10-09,2026-10-09 19:42,2026-10-10,2026-10-10 02:30,Argentina,Federal A: Promotion Play-off,San Martin Mendoza,Argentino Monte Maiz,O15,Over 1.5 goals,goals,1.54,0.749,0.604,0.649,14.4,0.153,Low,Low,rejected,"failed the pipeline's data checks | model 14 pp above the market — data fault, not edge",,0.686,hit,0-2,2026-10-10
2026-10-09,2026-10-09 19:42,2026-10-10,2026-10-10 03:00,Argentina,Federal A: Promotion Play-off,Juventud Antoniana,Huracan Las Heras,O15,Over 1.5 goals,goals,1.5,0.753,0.62,0.667,13.3,0.13,Low,Low,rejected,"failed the pipeline's data checks | model 13 pp above the market — data fault, not edge",,0.63,hit,3-0,2026-10-10
2026-10-09,2026-10-09 19:42,2026-10-10,2026-10-10 03:00,International Friendlies,Women's Friendlies,Mexico W,Jamaica W,O05,Over 0.5 goals,goals,,0.949,,,,,Low,N/A,rejected,failed the pipeline's data checks | odds N/A (not priced by Sportybet),,0.352,hit,3-4,2026-10-10
2026-10-09,2026-10-09 19:42,2026-10-10,2026-10-10 03:00,Mexico,Liga de Expansion MX: Apertura,CD Tepatitlan de Morelos,Atlético Morelia,H,CD Tepatitlan de Morelos to win,result,5.6,0.188,0.151,0.179,3.7,0.054,High,High,rejected,probability 19% below the 60% bar for result,,0.522,miss,1-1,2026-10-10
2026-10-09,2026-10-09 19:42,2026-10-10,2026-10-10 03:10,Colombia,Primera A: Clausura,Once Caldas,Llaneros FC,A,Llaneros FC to win,result,5.75,0.225,0.152,0.174,7.3,0.294,High,High,rejected,probability 23% below the 60% bar for result,,0.765,miss,1-0,2026-10-10
2026-10-09,2026-10-09 19:42,2026-10-10,2026-10-10 03:30,International Friendlies,Women's Friendlies,El Salvador W,Paraguay W,O05,Over 0.5 goals,goals,,0.973,,,,,Low,N/A,rejected,failed the pipeline's data checks | odds N/A (not priced by Sportybet),,0.329,hit,1-5,2026-10-10
2026-10-09,2026-10-09 19:42,2026-10-10,2026-10-10 03:30,New Zealand,National League Championship,Wellington Phoenix B,Birkenhead United,O05,Over 0.5 goals,goals,,0.961,,,,,Medium,N/A,rejected,failed the pipeline's data checks | odds N/A (not priced by Sportybet),,0.386,hit,0-1,2026-10-10
2026-10-09,2026-10-09 19:42,2026-10-10,2026-10-10 04:00,Costa Rica,Liga de Ascenso: Apertura: Group B,Deportiva Carmelita,Guadalupe FC,O05,Over 0.5 goals,goals,,0.947,,,,,High,N/A,rejected,odds N/A (not priced by Sportybet),,0.45,hit,0-2,2026-10-10
2026-10-09,2026-10-09 19:42,2026-10-10,2026-10-10 04:00,New Zealand,National League Championship,Auckland City FC,Wellington Olympic,O15,Over 1.5 goals,goals,1.13,0.862,0.809,0.885,5.3,-0.026,Medium,Medium,rejected,failed the pipeline's data checks | odds 1.13 at or below 1.14 | price too short for the probability (EV -2.6%),,0.445,hit,2-2,2026-10-10
2026-10-09,2026-10-09 19:42,2026-10-10,2026-10-10 05:00,Mexico,Liga MX: Apertura,Tigres,Toluca,KU55,Under 5.5 cards,cards,1.7,0.771,0.547,0.588,22.4,0.31,High,N/A,rejected,"model 22 pp above the market — data fault, not edge",,0.876,miss,3-2,2026-10-10
2026-10-09,2026-10-09 19:42,2026-10-10,2026-10-10 05:00,New Zealand,National League Championship,Ferrymead Bays,Miramar Rangers,H,Ferrymead Bays to win,result,2.5,0.48,0.367,0.4,11.2,0.199,Low,Low,rejected,failed the pipeline's data checks | probability 48% below the 60% bar for result,,0.689,miss,1-4,2026-10-10
2026-10-09,2026-10-09 19:42,2026-10-10,2026-10-10 07:00,Japan,J3 League,Nara Club,Giravanz Kitakyushu,KU55,Under 5.5 cards,cards,,0.945,,,,,High,N/A,rejected,odds N/A (not priced by Sportybet),,0.491,hit,2-0,2026-10-10
2026-10-09,2026-10-09 19:42,2026-10-10,2026-10-10 07:00,Republic of Korea,K League 2,Jeonnam Dragons,Yongin FC,U45,Under 4.5 goals,goals,1.12,0.866,0.82,0.893,4.6,-0.031,High,N/A,rejected,odds 1.12 at or below 1.14 | price too short for the probability (EV -3.1%),,0.475,hit,2-1,2026-10-10
2026-10-09,2026-10-09 19:42,2026-10-10,2026-10-10 07:00,Republic of Korea,K League 2,Paju Citizens,Busan I'Park,U55,Under 5.5 goals,goals,,0.964,,,,,High,N/A,rejected,odds N/A (not priced by Sportybet),,0.458,hit,1-1,2026-10-10
2026-10-09,2026-10-09 19:42,2026-10-10,2026-10-10 07:00,Republic of Korea,K3 League,Busan Transport Corp,Yeoju Sejong,HO05,Busan Transport Corp over 0.5 goals,team,1.19,0.811,0.766,0.84,4.5,-0.035,High,High,rejected,price too short for the probability (EV -3.5%),,0.445,hit,2-1,2026-10-10
2026-10-09,2026-10-09 19:42,2026-10-10,2026-10-10 07:00,Republic of Korea,K3 League,Changwon City,Pocheon Citizens FC,AO05,Pocheon Citizens FC over 0.5 goals,team,1.24,0.773,0.733,0.806,4.0,-0.041,High,High,rejected,price too short for the probability (EV -4.1%),,0.427,hit,1-3,2026-10-10
2026-10-09,2026-10-09 19:42,2026-10-10,2026-10-10 07:00,Republic of Korea,K3 League,Chuncheon FC,Jeonbuk Hyundai Motors FC Reserves,O05,Over 0.5 goals,goals,,0.953,,,,,High,N/A,rejected,odds N/A (not priced by Sportybet),,0.461,hit,3-2,2026-10-10
2026-10-09,2026-10-09 19:42,2026-10-10,2026-10-10 09:00,Japan,J3 League,Fukushima United,MIO Biwako Shiga,KU55,Under 5.5 cards,cards,,0.954,,,,,High,N/A,rejected,odds N/A (not priced by Sportybet),,0.446,hit,2-2,2026-10-10
2026-10-09,2026-10-09 19:42,2026-10-10,2026-10-10 09:30,Republic of Korea,K League 2,Cheonan City,Gyeongnam FC,A,Gyeongnam FC to win,result,2.8,0.412,0.325,0.357,8.7,0.155,High,High,rejected,probability 41% below the 60% bar for result,,0.77,miss,1-0,2026-10-10
2026-10-09,2026-10-09 19:42,2026-10-10,2026-10-10 10:00,Hong Kong,Premier League,Kitchee,Hong Kong FC,H,Kitchee to win,result,1.11,0.855,0.884,0.901,-2.9,-0.051,High,High,rejected,odds 1.11 at or below 1.14 | price too short for the probability (EV -5.1%),,0.455,hit,4-0,2026-10-10
2026-10-09,2026-10-09 19:42,2026-10-10,2026-10-10 10:00,Romania,Liga II,CS Gloria Bistrita,Ramnicu Valcea,O15,Over 1.5 goals,goals,1.24,0.796,0.738,0.806,5.8,-0.013,Medium,Medium,rejected,price too short for the probability (EV -1.3%),,0.41,miss,1-0,2026-10-10
2026-10-09,2026-10-09 19:42,2026-10-10,2026-10-10 10:00,Romania,Liga II,Chindia Targoviste,Concordia Chiajna,HO05,Chindia Targoviste over 0.5 goals,team,1.14,0.842,0.798,0.877,4.5,-0.04,High,High,rejected,odds 1.14 at or below 1.14 | price too short for the probability (EV -4.0%),,0.453,hit,3-2,2026-10-10
2026-10-09,2026-10-09 19:42,2026-10-10,2026-10-10 10:00,Romania,Liga II,Comunal Selimbar,FC Unirea 2004 Slobozia,U55,Under 5.5 goals,goals,,0.938,,,,,Medium,N/A,rejected,odds N/A (not priced by Sportybet),,0.413,hit,0-1,2026-10-10
2026-10-09,2026-10-09 19:42,2026-10-10,2026-10-10 10:00,Women's Euro U19,Qualification Round 1: Group B2,Bulgaria U19 W,Armenia Women U19,O05,Over 0.5 goals,goals,,0.955,,,,,Low,N/A,rejected,failed the pipeline's data checks | odds N/A (not priced by Sportybet),,0.359,hit,10-0,2026-10-10
2026-10-09,2026-10-09 19:42,2026-10-10,2026-10-10 10:30,Indonesia,Super League,Arema FC,Bhayangkara FC,HO15,Arema FC over 1.5 goals,team,1.99,0.51,0.465,0.503,4.5,0.015,High,High,rejected,probability 51% below the 70% bar for team,,0.469,hit,2-2,2026-10-10
2026-10-09,2026-10-09 19:42,2026-10-10,2026-10-10 10:30,Indonesia,Super League,PSIM Yogyakarta,Persija Jakarta,H,PSIM Yogyakarta to win,result,4.75,0.227,0.185,0.211,4.2,0.078,High,High,rejected,probability 23% below the 60% bar for result,,0.584,miss,0-4,2026-10-10
2026-10-09,2026-10-09 19:42,2026-10-10,2026-10-10 10:30,Indonesia,Super League,Persita Tangerang,Garudayaksa FC,H,Persita Tangerang to win,result,2.25,0.499,0.421,0.444,7.8,0.123,Low,Low,rejected,failed the pipeline's data checks | probability 50% below the 60% bar for result,,0.686,hit,2-1,2026-10-10
2026-10-09,2026-10-09 19:42,2026-10-10,2026-10-10 10:35,Australia,Australia Cup,South Melbourne,Melbourne Victory,H,South Melbourne to win,result,4.2,0.304,0.217,0.238,8.7,0.277,Low,Low,rejected,failed the pipeline's data checks | probability 30% below the 60% bar for result,,0.677,miss,1-1,2026-10-10
2026-10-09,2026-10-09 19:42,2026-10-10,2026-10-10 11:00,Italy,Campionato Primavera 1,Cesena FC U20,Torino U20,O05,Over 0.5 goals,goals,,0.943,,,,,High,N/A,rejected,odds N/A (not priced by Sportybet),,0.446,hit,2-1,2026-10-10
2026-10-09,2026-10-09 19:42,2026-10-10,2026-10-10 11:00,Italy,Campionato Primavera 1,Inter U20,Como U20,O05,Over 0.5 goals,goals,,0.952,,,,,Medium,N/A,rejected,odds N/A (not priced by Sportybet),,0.401,hit,2-2,2026-10-10
2026-10-09,2026-10-09 19:42,2026-10-10,2026-10-10 11:00,Japan,J2 League,Jubilo Iwata,Consadole Sapporo,HO05,Jubilo Iwata over 0.5 goals,team,1.15,0.853,0.803,0.87,5.0,-0.019,High,High,rejected,price too short for the probability (EV -1.9%),,0.518,hit,1-0,2026-10-10
2026-10-09,2026-10-09 19:42,2026-10-10,2026-10-10 11:30,Estonia,Esiliiga,Flora Tallinn U21,FC Tallinn,O05,Over 0.5 goals,goals,,0.974,,,,,High,N/A,rejected,odds N/A (not priced by Sportybet),,0.452,hit,1-2,2026-10-10
2026-10-09,2026-10-09 19:42,2026-10-10,2026-10-10 12:00,Croatia,Prva NL,HNK Orijent 1919,Dubrava Zagreb,U55,Under 5.5 goals,goals,,0.966,,,,,High,N/A,rejected,odds N/A (not priced by Sportybet),,0.473,hit,2-1,2026-10-10
2026-10-09,2026-10-09 19:42,2026-10-10,2026-10-10 12:00,Denmark,Danmarksserien: Group 1,GVI,FC Sydkysten,O05,Over 0.5 goals,goals,,0.953,,,,,High,N/A,rejected,odds N/A (not priced by Sportybet),,0.446,hit,0-1,2026-10-10
2026-10-09,2026-10-09 19:42,2026-10-10,2026-10-10 12:00,Denmark,Danmarksserien: Group 1,Ledoeje-Smoerum Fodbold,Espergaerde IF,O05,Over 0.5 goals,goals,,0.958,,,,,High,N/A,rejected,odds N/A (not priced by Sportybet),,0.467,hit,1-1,2026-10-10
2026-10-09,2026-10-09 19:42,2026-10-10,2026-10-10 12:00,Denmark,Danmarksserien: Group 1,Skjold,Skovshoved,O05,Over 0.5 goals,goals,,0.95,,,,,High,N/A,rejected,odds N/A (not priced by Sportybet),,0.44,hit,0-4,2026-10-10
2026-10-09,2026-10-09 19:42,2026-10-10,2026-10-10 12:00,Denmark,Danmarksserien: Group 2,Glostrup FK,FC Gladsaxe,O05,Over 0.5 goals,goals,,0.979,,,,,High,N/A,rejected,odds N/A (not priced by Sportybet),,0.434,hit,2-1,2026-10-10
2026-10-09,2026-10-09 19:42,2026-10-10,2026-10-10 12:00,Denmark,Danmarksserien: Group 2,Saaby Fodbold,Alleroed FK,O05,Over 0.5 goals,goals,,0.976,,,,,High,N/A,rejected,odds N/A (not priced by Sportybet),,0.44,hit,3-2,2026-10-10
2026-10-09,2026-10-09 19:42,2026-10-10,2026-10-10 12:00,Kazakhstan,Premier League,Irtysh Pavlodar,FC Kyzylzhar Petropavlovsk,AU15,FC Kyzylzhar Petropavlovsk under 1.5 goals,team,1.35,0.726,0.686,0.741,4.0,-0.019,High,High,rejected,price too short for the probability (EV -1.9%),,0.373,miss,0-2,2026-10-10
2026-10-09,2026-10-09 19:42,2026-10-10,2026-10-10 12:00,North Macedonia,1st League,GFK Tikves Kavadarci,FK Bregalnica Stip,O05,Over 0.5 goals,goals,,0.957,,,,,Medium,N/A,rejected,odds N/A (not priced by Sportybet),,0.395,hit,3-0,2026-10-10
2026-10-09,2026-10-09 19:42,2026-10-10,2026-10-10 12:00,Republic of Korea,K3 League,Daejeon Korail,Dangjin Citizen,HO05,Daejeon Korail over 0.5 goals,team,1.15,0.838,0.789,0.87,5.0,-0.036,High,High,rejected,price too short for the probability (EV -3.6%),,0.477,miss,0-1,2026-10-10
2026-10-09,2026-10-09 19:42,2026-10-10,2026-10-10 12:00,Ukraine,Premier League,Chornomorets Odesa,FC Kharkiv,HU15,Chornomorets Odesa under 1.5 goals,team,1.14,0.843,0.808,0.877,3.5,-0.039,Medium,Medium,rejected,odds 1.14 at or below 1.14 | price too short for the probability (EV -3.9%),,0.443,hit,1-2,2026-10-10
2026-10-09,2026-10-09 19:42,2026-10-10,2026-10-10 12:00,Ukraine,Premier League,FC Kolos Kovalivka,Epicentr Kamianets-Podilskyi,A,Epicentr Kamianets-Podilskyi to win,result,3.5,0.314,0.264,0.286,5.0,0.1,High,High,rejected,probability 31% below the 60% bar for result,,0.67,miss,3-1,2026-10-10
2026-10-09,2026-10-09 19:42,2026-10-10,2026-10-10 12:00,Women's Euro U17,Qualification Round 1: Group A6,Finland U17 W,Romania Women U17,O05,Over 0.5 goals,goals,,0.968,,,,,Low,N/A,rejected,failed the pipeline's data checks | odds N/A (not priced by Sportybet),,0.365,hit,4-0,2026-10-10
2026-10-09,2026-10-09 19:42,2026-10-10,2026-10-10 12:30,Denmark,Ligaen U19,HB Koege U19,AGF U19,O05,Over 0.5 goals,goals,,0.963,,,,,Low,N/A,rejected,failed the pipeline's data checks | odds N/A (not priced by Sportybet),,0.362,hit,0-5,2026-10-10
2026-10-09,2026-10-09 19:42,2026-10-10,2026-10-10 12:30,Denmark,Ligaen U19,OB U19,SoenderjyskE U19,O05,Over 0.5 goals,goals,,0.965,,,,,High,N/A,rejected,odds N/A (not priced by Sportybet),,0.464,hit,3-3,2026-10-10
2026-10-09,2026-10-09 19:42,2026-10-10,2026-10-10 12:30,Sweden,Division 2: Norra Svealand,Falu,FC Gute,O15,Over 1.5 goals,goals,1.19,0.829,0.771,0.84,5.9,-0.013,High,High,rejected,price too short for the probability (EV -1.3%),,0.513,hit,3-0,2026-10-10
2026-10-09,2026-10-09 19:42,2026-10-10,2026-10-10 12:30,Turkey,Süper Lig,Genclerbirligi,Amedspor,O05,Over 0.5 goals,goals,,0.934,,,,,Medium,N/A,rejected,odds N/A (not priced by Sportybet),,0.407,hit,2-2,2026-10-10
2026-10-09,2026-10-09 19:42,2026-10-10,2026-10-10 12:30,Turkiye,1st Lig,Boluspor,Antalyaspor,HO05,Boluspor over 0.5 goals,team,1.54,0.77,0.604,0.649,16.5,0.185,High,High,rejected,"model 17 pp above the market — data fault, not edge",,0.805,miss,0-1,2026-10-10
2026-10-09,2026-10-09 19:42,2026-10-10,2026-10-10 13:00,China,League One,Dalian Kuncheng City,Changchun Yatai,U45,Under 4.5 goals,goals,1.13,0.85,0.813,0.885,3.7,-0.04,High,N/A,rejected,odds 1.13 at or below 1.14 | price too short for the probability (EV -4.0%),,0.429,hit,1-1,2026-10-10
2026-10-09,2026-10-09 19:42,2026-10-10,2026-10-10 13:00,Denmark,1st Division,Hilleroed,Fredericia,U55,Under 5.5 goals,goals,,0.937,,,,,High,N/A,rejected,odds N/A (not priced by Sportybet),,0.439,hit,0-2,2026-10-10
2026-10-09,2026-10-09 19:42,2026-10-10,2026-10-10 13:00,Denmark,3rd Division,Ringsted,Hoersholm Usseroed IK,H,Ringsted to win,result,3.25,0.35,0.273,0.308,7.8,0.139,High,High,rejected,probability 35% below the 60% bar for result,,0.737,miss,2-4,2026-10-10
2026-10-09,2026-10-09 19:42,2026-10-10,2026-10-10 13:00,Denmark,Danmarksserien: Group 1,Nakskov,Frederikssund IK,O05,Over 0.5 goals,goals,,0.955,,,,,High,N/A,rejected,odds N/A (not priced by Sportybet),,0.443,hit,1-2,2026-10-10
2026-10-09,2026-10-09 19:42,2026-10-10,2026-10-10 13:00,Denmark,Danmarksserien: Group 3,Aarhus Fremad II,Horsens fS,O05,Over 0.5 goals,goals,,0.981,,,,,High,N/A,rejected,odds N/A (not priced by Sportybet),,0.44,hit,2-1,2026-10-10
2026-10-09,2026-10-09 19:42,2026-10-10,2026-10-10 13:00,Denmark,Danmarksserien: Group 3,Odder IGF,B 1913,O05,Over 0.5 goals,goals,,0.975,,,,,Medium,N/A,rejected,odds N/A (not priced by Sportybet),,0.386,miss,0-0,2026-10-10
2026-10-09,2026-10-09 19:42,2026-10-10,2026-10-10 13:00,Denmark,Danmarksserien: Group 3,Tarup-Paarup,Kolding B,O05,Over 0.5 goals,goals,,0.972,,,,,High,N/A,rejected,odds N/A (not priced by Sportybet),,0.431,hit,1-3,2026-10-10
2026-10-09,2026-10-09 19:42,2026-10-10,2026-10-10 13:00,Denmark,Danmarksserien: Group 4,Viby IF,Noerresundby,O05,Over 0.5 goals,goals,,0.968,,,,,High,N/A,rejected,odds N/A (not priced by Sportybet),,0.461,hit,1-2,2026-10-10
2026-10-09,2026-10-09 19:42,2026-10-10,2026-10-10 13:00,Denmark,Ligaen U19,AC Horsens U19,Silkeborg U19,O05,Over 0.5 goals,goals,,0.969,,,,,High,N/A,rejected,odds N/A (not priced by Sportybet),,0.452,hit,1-3,2026-10-10
2026-10-09,2026-10-09 19:42,2026-10-10,2026-10-10 13:00,Denmark,Ligaen U19,AaB U19,FC Midtjylland U19,O05,Over 0.5 goals,goals,,0.973,,,,,High,N/A,rejected,odds N/A (not priced by Sportybet),,0.452,hit,0-4,2026-10-10
2026-10-09,2026-10-09 19:42,2026-10-10,2026-10-10 13:00,Denmark,Ligaen U19,FC Copenhagen U19,Viborg U19,O05,Over 0.5 goals,goals,,0.968,,,,,Low,N/A,rejected,failed the pipeline's data checks | odds N/A (not priced by Sportybet),,0.32,hit,6-1,2026-10-10
2026-10-09,2026-10-09 19:42,2026-10-10,2026-10-10 13:00,Denmark,Ligaen U19,Randers Freja U19,Lyngby U19,O05,Over 0.5 goals,goals,,0.964,,,,,High,N/A,rejected,odds N/A (not priced by Sportybet),,0.452,hit,5-0,2026-10-10
2026-10-09,2026-10-09 19:42,2026-10-10,2026-10-10 13:00,Finland,Ykkonen: Championship,PK Keski-Uusimaa,SalPa,1X,PK Keski-Uusimaa or draw,dc,1.67,0.729,0.517,0.599,21.2,0.218,Medium,Medium,rejected,"failed the pipeline's data checks | model 21 pp above the market — data fault, not edge",,0.692,miss,0-4,2026-10-10
2026-10-09,2026-10-09 19:42,2026-10-10,2026-10-10 13:00,Germany,Oberliga NOFV Nord 25/26,Eintracht Mahlsdorf,TSG Neustrelitz,O05,Over 0.5 goals,goals,,0.955,,,,,High,N/A,rejected,odds N/A (not priced by Sportybet),,0.455,hit,2-1,2026-10-10
2026-10-09,2026-10-09 19:42,2026-10-10,2026-10-10 13:00,Germany,Oberliga NOFV Nord 25/26,SV Lichtenberg 47,FC Anker Wismar,O05,Over 0.5 goals,goals,,0.965,,,,,High,N/A,rejected,odds N/A (not priced by Sportybet),,0.455,hit,1-3,2026-10-10
2026-10-09,2026-10-09 19:42,2026-10-10,2026-10-10 13:00,Germany,Oberliga: Baden-Wurttemberg,TSV Essingen,Reutlingen,O05,Over 0.5 goals,goals,,0.957,,,,,High,N/A,rejected,odds N/A (not priced by Sportybet),,0.461,hit,3-1,2026-10-10
2026-10-09,2026-10-09 19:42,2026-10-10,2026-10-10 13:00,Germany,Oberliga: Bremen,Brinkumer SV,Werder Bremen III,O05,Over 0.5 goals,goals,,0.988,,,,,High,N/A,rejected,odds N/A (not priced by Sportybet),,0.455,hit,4-0,2026-10-10
2026-10-09,2026-10-09 19:42,2026-10-10,2026-10-10 13:00,Germany,Oberliga: Bremen,FC Union 60,Blumenthaler SV,O05,Over 0.5 goals,goals,,0.986,,,,,High,N/A,rejected,odds N/A (not priced by Sportybet),,0.461,hit,1-3,2026-10-10
2026-10-09,2026-10-09 19:42,2026-10-10,2026-10-10 13:00,Germany,Oberliga: Hamburg,TuS Dassendorf,Victoria Hamburg,O05,Over 0.5 goals,goals,,0.972,,,,,High,N/A,rejected,odds N/A (not priced by Sportybet),,0.461,hit,1-2,2026-10-10
2026-10-09,2026-10-09 19:42,2026-10-10,2026-10-10 13:00,Germany,Oberliga: NOFV-Sud,FC Eilenburg,Einheit Wernigerode,O05,Over 0.5 goals,goals,,0.965,,,,,High,N/A,rejected,odds N/A (not priced by Sportybet),,0.431,hit,6-0,2026-10-10
2026-10-09,2026-10-09 19:42,2026-10-10,2026-10-10 13:00,Hungary,NB II,Kazincbarcika SC,Karcag SE,O05,Over 0.5 goals,goals,,0.937,,,,,Medium,N/A,rejected,odds N/A (not priced by Sportybet),,0.376,hit,3-0,2026-10-10
2026-10-09,2026-10-09 19:42,2026-10-10,2026-10-10 13:00,Italy,Campionato Primavera 1,Atalanta U20,AC Milan U20,U55,Under 5.5 goals,goals,,0.936,,,,,High,N/A,rejected,odds N/A (not priced by Sportybet),,0.447,hit,2-0,2026-10-10
2026-10-09,2026-10-09 19:42,2026-10-10,2026-10-10 13:00,Kenya,Premier League,Mathare United,APS Bomett,U55,Under 5.5 goals,goals,,0.977,,,,,High,N/A,rejected,odds N/A (not priced by Sportybet),,0.44,hit,0-0,2026-10-10
2026-10-09,2026-10-09 19:42,2026-10-10,2026-10-10 13:00,Norway,3. Division: Group 1,IF Ready Football,Union Carl Berner,A,Union Carl Berner to win,result,3.0,0.353,0.298,0.333,5.5,0.06,High,High,rejected,probability 35% below the 60% bar for result,,0.584,miss,4-0,2026-10-10
2026-10-09,2026-10-09 19:42,2026-10-10,2026-10-10 13:00,Sweden,2.Division Norrland: Promotion Group,IFK Luleaa,Gottne IF,U55,Under 5.5 goals,goals,1.14,0.859,0.806,0.877,5.3,-0.02,High,N/A,rejected,odds 1.14 at or below 1.14 | price too short for the probability (EV -2.0%),,0.467,hit,3-1,2026-10-10
2026-10-09,2026-10-09 19:42,2026-10-10,2026-10-10 13:00,Sweden,2.Division Norrland: Promotion Group,Kubikenborgs IF,IFK Oestersund,HO15,Kubikenborgs IF over 1.5 goals,team,1.6,0.622,0.568,0.625,5.4,-0.006,High,High,rejected,probability 62% below the 70% bar for team | price too short for the probability (EV -0.6%),,0.472,hit,2-0,2026-10-10
2026-10-09,2026-10-09 19:42,2026-10-10,2026-10-10 13:00,Sweden,Division 1: North,Karlbergs BK,Vasalunds,H,Karlbergs BK to win,result,2.6,0.408,0.358,0.385,5.0,0.061,High,High,rejected,probability 41% below the 60% bar for result,,0.582,miss,3-3,2026-10-10
2026-10-09,2026-10-09 19:42,2026-10-10,2026-10-10 13:00,Sweden,Division 1: South,Trelleborgs FF,Kristianstad FC,A,Kristianstad FC to win,result,6.75,0.203,0.122,0.148,8.1,0.368,High,High,rejected,probability 20% below the 60% bar for result,,0.755,miss,2-0,2026-10-10
2026-10-09,2026-10-09 19:42,2026-10-10,2026-10-10 13:00,Sweden,Division 2: Soedra Goetaland,Soelvesborgs GOIF,Lilla Torg FF,A,Lilla Torg FF to win,result,3.5,0.325,0.252,0.286,7.2,0.136,High,High,rejected,probability 32% below the 60% bar for result,,0.735,miss,1-1,2026-10-10
2026-10-09,2026-10-09 19:42,2026-10-10,2026-10-10 13:00,Sweden,Division 2: Soedra Svealand,IF Sylvia,Orebro Syrianska,O05,Over 0.5 goals,goals,,0.949,,,,,High,N/A,rejected,odds N/A (not priced by Sportybet),,0.461,hit,1-2,2026-10-10
2026-10-09,2026-10-09 19:42,2026-10-10,2026-10-10 13:00,Vietnam,V-League,Hai Phong,Dong A Thanh Hoa,U45,Under 4.5 goals,goals,1.15,0.85,0.813,0.87,3.7,-0.022,High,N/A,rejected,price too short for the probability (EV -2.2%),,0.412,hit,1-2,2026-10-10
2026-10-09,2026-10-09 19:42,2026-10-10,2026-10-10 13:00,Vietnam,V-League,Nam Dinh,Ninh Binh FC,H,Nam Dinh to win,result,3.0,0.347,0.304,0.333,4.3,0.04,High,High,rejected,probability 35% below the 60% bar for result,,0.501,miss,1-1,2026-10-10
2026-10-09,2026-10-09 19:42,2026-10-10,2026-10-10 13:00,Women's Euro U17,Qualification Round 1: Group B3,Faroe Islands U17 W,Lithuania U17 W,O05,Over 0.5 goals,goals,,0.947,,,,,Low,N/A,rejected,failed the pipeline's data checks | odds N/A (not priced by Sportybet),,0.351,hit,0-1,2026-10-10
2026-10-09,2026-10-09 19:42,2026-10-10,2026-10-10 13:00,Women's Euro U17,Qualification Round 1: Group B3,Latvia Women U17,Estonia U17 W,O05,Over 0.5 goals,goals,,0.945,,,,,Low,N/A,rejected,failed the pipeline's data checks | odds N/A (not priced by Sportybet),,0.361,hit,4-2,2026-10-10
2026-10-09,2026-10-09 19:42,2026-10-10,2026-10-10 13:00,Women's Euro U19,Qualification Round 1: Group A5,Denmark Women U19,Bosnia and Herzegovina Women U19,O05,Over 0.5 goals,goals,,0.952,,,,,Low,N/A,rejected,failed the pipeline's data checks | odds N/A (not priced by Sportybet),,0.359,hit,4-1,2026-10-10
2026-10-09,2026-10-09 19:42,2026-10-10,2026-10-10 13:00,Women's Euro U19,Qualification Round 1: Group A5,Switzerland U19 W,England U19 W,O05,Over 0.5 goals,goals,,0.951,,,,,Low,N/A,rejected,failed the pipeline's data checks | odds N/A (not priced by Sportybet),,0.359,hit,2-2,2026-10-10
2026-10-09,2026-10-09 19:42,2026-10-10,2026-10-10 13:15,Denmark,Danmarksserien: Group 2,Fredensborg BI,KFUM Roskilde,H,Fredensborg BI to win,result,,0.853,,,,,Medium,Medium,rejected,odds N/A (not priced by Sportybet),,0.407,hit,4-0,2026-10-10
2026-10-09,2026-10-09 19:42,2026-10-10,2026-10-10 13:15,Lithuania,A Lyga,Zalgiris Vilnius,Suduva,A,Suduva to win,result,3.0,0.367,0.304,0.333,6.3,0.1,High,High,rejected,probability 37% below the 60% bar for result,,0.697,miss,4-0,2026-10-10
2026-10-09,2026-10-09 19:42,2026-10-10,2026-10-10 13:30,Denmark,1st Division,Esbjerg fB,AaB,O05,Over 0.5 goals,goals,,0.936,,,,,High,N/A,rejected,odds N/A (not priced by Sportybet),,0.456,hit,3-3,2026-10-10
2026-10-09,2026-10-09 19:42,2026-10-10,2026-10-10 13:30,Denmark,Danmarksserien: Group 3,Marienlyst,Esbjerg fB II,O05,Over 0.5 goals,goals,,0.972,,,,,High,N/A,rejected,odds N/A (not priced by Sportybet),,0.461,hit,6-1,2026-10-10
2026-10-09,2026-10-09 19:42,2026-10-10,2026-10-10 13:30,Denmark,Danmarksserien: Group 4,IF Lyseng,Hobro II,O05,Over 0.5 goals,goals,,0.95,,,,,High,N/A,rejected,odds N/A (not priced by Sportybet),,0.44,hit,0-4,2026-10-10
2026-10-09,2026-10-09 19:42,2026-10-10,2026-10-10 13:30,England,Championship,West Brom,Birmingham,U55,Under 5.5 goals,goals,,0.958,,,,,High,N/A,rejected,odds N/A (not priced by Sportybet),,0.488,pending,,
2026-10-09,2026-10-09 19:42,2026-10-10,2026-10-10 13:30,England,League One,Notts County,Oxford,H,Notts County to win,result,2.5,0.425,0.379,0.4,4.7,0.063,High,High,rejected,probability 43% below the 60% bar for result,,0.56,miss,1-2,2026-10-10
2026-10-09,2026-10-09 19:42,2026-10-10,2026-10-10 13:30,England,League One,Plymouth,AFC Wimbledon,AU15,AFC Wimbledon under 1.5 goals,team,1.26,0.785,0.741,0.794,4.4,-0.011,High,High,rejected,price too short for the probability (EV -1.1%),,0.444,hit,2-1,2026-10-10
2026-10-09,2026-10-09 19:42,2026-10-10,2026-10-10 13:30,England,National League,Carlisle,Kidderminster,AO05,Kidderminster over 0.5 goals,team,1.54,0.732,0.599,0.649,13.4,0.128,High,High,rejected,"model 13 pp above the market — data fault, not edge",,0.787,miss,0-0,2026-10-10
2026-10-09,2026-10-09 19:42,2026-10-10,2026-10-10 13:30,England,Premier League,Arsenal,Leeds,KO35,Over 3.5 cards,cards,2.4,0.473,0.392,0.417,8.1,0.136,High,N/A,rejected,probability 47% below the 65% bar for cards,,0.776,pending,,
2026-10-09,2026-10-09 19:42,2026-10-10,2026-10-10 13:30,Estonia,Meistriliiga,Nomme Kalju FC,Harju Jalgpallikool,O05,Over 0.5 goals,goals,,0.952,,,,,High,N/A,rejected,odds N/A (not priced by Sportybet),,0.452,hit,0-1,2026-10-10
2026-10-09,2026-10-09 19:42,2026-10-10,2026-10-10 13:30,Georgia,Erovnuli Liga,FC Meshakhte Tkibuli,FC Iberia 1999,U45,Under 4.5 goals,goals,1.12,0.865,0.817,0.893,4.8,-0.031,High,N/A,rejected,odds 1.12 at or below 1.14 | price too short for the probability (EV -3.1%),,0.461,hit,1-2,2026-10-10
2026-10-09,2026-10-09 19:42,2026-10-10,2026-10-10 13:30,Georgia,Erovnuli Liga 2,Odishi 1919,FC Gareji 1960,O05,Over 0.5 goals,goals,,0.936,,,,,Low,N/A,rejected,failed the pipeline's data checks | odds N/A (not priced by Sportybet),,0.294,hit,1-0,2026-10-10
2026-10-09,2026-10-09 19:42,2026-10-10,2026-10-10 13:30,India,Super League,Bengaluru FC,Hyderabad FC,U55,Under 5.5 goals,goals,,0.949,,,,,Medium,N/A,rejected,odds N/A (not priced by Sportybet),,0.412,hit,3-2,2026-10-10
2026-10-09,2026-10-09 19:42,2026-10-10,2026-10-10 13:30,Turkiye,2nd Lig: White Group,Sebat Genclik Spor,68 Aksaray Belediyespor,AO05,68 Aksaray Belediyespor over 0.5 goals,team,1.36,0.811,0.669,0.735,14.2,0.104,Low,Low,rejected,"failed the pipeline's data checks | model 14 pp above the market — data fault, not edge",,0.763,hit,1-1,2026-10-10
2026-10-09,2026-10-09 19:42,2026-10-10,2026-10-10 13:35,China,Super League,Shanghai Shenhua,Yunnan Yukun,U55,Under 5.5 goals,goals,1.32,0.848,0.726,0.758,12.2,0.119,High,N/A,rejected,"model 12 pp above the market — data fault, not edge",,0.867,miss,7-1,2026-10-10
2026-10-09,2026-10-09 19:42,2026-10-10,2026-10-10 13:45,Greece,Super League 2,Panserraikos FC,Nestos Chrysoupoli FC,A,Nestos Chrysoupoli FC to win,result,6.25,0.226,0.128,0.16,9.8,0.413,Medium,Medium,rejected,probability 23% below the 60% bar for result,,0.707,miss,2-1,2026-10-10
2026-10-09,2026-10-09 19:42,2026-10-10,2026-10-10 14:00,Armenia,Premier League,Van,Gandzasar,H,Van to win,result,2.75,0.395,0.338,0.364,5.7,0.086,High,High,rejected,probability 39% below the 60% bar for result,,0.649,hit,2-0,2026-10-10
2026-10-09,2026-10-09 19:42,2026-10-10,2026-10-10 14:00,Belarus,Premier League,Naftan Novopolotsk,Belshina Bobruisk,U55,Under 5.5 goals,goals,,0.948,,,,,High,N/A,rejected,odds N/A (not priced by Sportybet),,0.453,hit,4-1,2026-10-10
2026-10-09,2026-10-09 19:42,2026-10-10,2026-10-10 14:00,Bulgaria,Parva Liga,Botev Vratsa,Spartak Varna,CU115,Under 11.5 corners,corners,,0.771,,,,,High,N/A,rejected,odds N/A (not priced by Sportybet),,0.366,miss,0-1,2026-10-10
2026-10-09,2026-10-09 19:42,2026-10-10,2026-10-10 14:00,Denmark,2nd Division,Brabrand,Fremad Amager,H,Brabrand to win,result,2.6,0.432,0.352,0.385,7.9,0.123,High,High,rejected,probability 43% below the 60% bar for result,,0.77,hit,1-0,2026-10-10
2026-10-09,2026-10-09 19:42,2026-10-10,2026-10-10 14:00,Denmark,2nd Division,HIK,Thisted,A,Thisted to win,result,3.1,0.357,0.285,0.323,7.2,0.107,High,High,rejected,probability 36% below the 60% bar for result,,0.739,miss,1-1,2026-10-10
2026-10-09,2026-10-09 19:42,2026-10-10,2026-10-10 14:00,Denmark,3rd Division,Frem,Naesby,U45,Under 4.5 goals,goals,1.25,0.795,0.731,0.8,6.4,-0.006,High,N/A,rejected,price too short for the probability (EV -0.6%),,0.471,hit,2-0,2026-10-10
2026-10-09,2026-10-09 19:42,2026-10-10,2026-10-10 14:00,Denmark,3rd Division,Vanloese,Holbaek,O05,Over 0.5 goals,goals,,0.952,,,,,High,N/A,rejected,odds N/A (not priced by Sportybet),,0.467,miss,0-0,2026-10-10
2026-10-09,2026-10-09 19:42,2026-10-10,2026-10-10 14:00,Denmark,Danmarksserien: Group 1,NB Bornholm,Avarta,O05,Over 0.5 goals,goals,,0.955,,,,,High,N/A,rejected,odds N/A (not priced by Sportybet),,0.437,hit,2-2,2026-10-10
2026-10-09,2026-10-09 19:42,2026-10-10,2026-10-10 14:00,Denmark,Danmarksserien: Group 2,Herlev,Taarnby FF,O05,Over 0.5 goals,goals,,0.976,,,,,High,N/A,rejected,odds N/A (not priced by Sportybet),,0.434,hit,2-1,2026-10-10
2026-10-09,2026-10-09 19:42,2026-10-10,2026-10-10 14:00,Denmark,Danmarksserien: Group 2,Nerashte Ballerup,Goerslev IF,O05,Over 0.5 goals,goals,,0.983,,,,,High,N/A,rejected,odds N/A (not priced by Sportybet),,0.431,hit,5-1,2026-10-10
2026-10-09,2026-10-09 19:42,2026-10-10,2026-10-10 14:00,Denmark,Danmarksserien: Group 3,Oure FA,OKS,O05,Over 0.5 goals,goals,,0.97,,,,,High,N/A,rejected,odds N/A (not priced by Sportybet),,0.461,hit,3-0,2026-10-10
2026-10-09,2026-10-09 19:42,2026-10-10,2026-10-10 14:00,Denmark,Danmarksserien: Group 4,Skovsgaard B,VRI,O05,Over 0.5 goals,goals,,0.953,,,,,Medium,N/A,rejected,odds N/A (not priced by Sportybet),,0.413,hit,1-4,2026-10-10
2026-10-09,2026-10-09 19:42,2026-10-10,2026-10-10 14:00,Finland,Ykkonen: Championship,OLS,Tampere United,O05,Over 0.5 goals,goals,,0.972,,,,,Medium,N/A,rejected,failed the pipeline's data checks | odds N/A (not priced by Sportybet),,0.389,hit,0-1,2026-10-10
2026-10-09,2026-10-09 19:42,2026-10-10,2026-10-10 14:00,Finland,Ykkonen: Relegation,KuPS Akatemia,VJS,U55,Under 5.5 goals,goals,1.2,0.893,0.765,0.833,12.8,0.071,Low,N/A,rejected,"failed the pipeline's data checks | model 13 pp above the market — data fault, not edge",,0.765,hit,1-2,2026-10-10
2026-10-09,2026-10-09 19:42,2026-10-10,2026-10-10 14:00,Germany,3. Liga,Fortuna Cologne,1. FC Saarbrucken,HO05,Fortuna Cologne over 0.5 goals,team,1.29,0.852,0.725,0.775,12.7,0.099,High,High,rejected,"model 13 pp above the market — data fault, not edge",,0.868,miss,0-0,2026-10-10
2026-10-09,2026-10-09 19:42,2026-10-10,2026-10-10 14:00,Germany,3. Liga,Jahn Regensburg,TSV Havelse,A,TSV Havelse to win,result,4.5,0.244,0.201,0.222,4.3,0.098,High,High,rejected,probability 24% below the 60% bar for result,,0.622,miss,5-0,2026-10-10
2026-10-09,2026-10-09 19:42,2026-10-10,2026-10-10 14:00,Germany,Oberliga NOFV Nord 25/26,Fuechse Berlin Reinickendorf,1. FC Lok Stendal,O05,Over 0.5 goals,goals,,0.958,,,,,Medium,N/A,rejected,odds N/A (not priced by Sportybet),,0.389,hit,2-1,2026-10-10
2026-10-09,2026-10-09 19:42,2026-10-10,2026-10-10 14:00,Germany,Oberliga NOFV Nord 25/26,Optik Rathenow,TuS Makkabi Berlin,O05,Over 0.5 goals,goals,,0.959,,,,,High,N/A,rejected,odds N/A (not priced by Sportybet),,0.461,hit,0-1,2026-10-10
2026-10-09,2026-10-09 19:42,2026-10-10,2026-10-10 14:00,Germany,Oberliga NOFV Nord 25/26,SV Siedenbollentin,TeBe Berlin,O05,Over 0.5 goals,goals,,0.962,,,,,High,N/A,rejected,odds N/A (not priced by Sportybet),,0.461,hit,0-1,2026-10-10
2026-10-09,2026-10-09 19:42,2026-10-10,2026-10-10 14:00,Germany,Oberliga: Baden-Wurttemberg,1. CfR Pforzheim,FC Teningen,O05,Over 0.5 goals,goals,,0.97,,,,,High,N/A,rejected,odds N/A (not priced by Sportybet),,0.434,hit,3-2,2026-10-10
2026-10-09,2026-10-09 19:42,2026-10-10,2026-10-10 14:00,Germany,Oberliga: Bayern North,Eintracht Bamberg,DJK Ammerthal,O05,Over 0.5 goals,goals,,0.955,,,,,High,N/A,rejected,odds N/A (not priced by Sportybet),,0.434,hit,2-2,2026-10-10
2026-10-09,2026-10-09 19:42,2026-10-10,2026-10-10 14:00,Germany,Oberliga: Bayern North,Viktoria Aschaffenburg,SV Fortuna Regensberg,O05,Over 0.5 goals,goals,,0.962,,,,,High,N/A,rejected,odds N/A (not priced by Sportybet),,0.437,hit,1-0,2026-10-10
2026-10-09,2026-10-09 19:42,2026-10-10,2026-10-10 14:00,Germany,Oberliga: Bayern South,FC Deisenhofen,SpVgg Hankofen-Hailing,O05,Over 0.5 goals,goals,,0.954,,,,,High,N/A,rejected,odds N/A (not priced by Sportybet),,0.431,hit,0-3,2026-10-10
2026-10-09,2026-10-09 19:42,2026-10-10,2026-10-10 14:00,Germany,Oberliga: Bayern South,FC Ismaning,SV Heimstetten,O05,Over 0.5 goals,goals,,0.963,,,,,High,N/A,rejected,odds N/A (not priced by Sportybet),,0.461,hit,3-2,2026-10-10
2026-10-09,2026-10-09 19:42,2026-10-10,2026-10-10 14:00,Germany,Oberliga: Bayern South,TSV Kottern,1860 Munich II,O05,Over 0.5 goals,goals,,0.952,,,,,High,N/A,rejected,odds N/A (not priced by Sportybet),,0.467,miss,0-0,2026-10-10
2026-10-09,2026-10-09 19:42,2026-10-10,2026-10-10 14:00,Germany,Oberliga: Flens,FC Kilia Kiel,VfB Lubeck II,O05,Over 0.5 goals,goals,,0.985,,,,,High,N/A,rejected,odds N/A (not priced by Sportybet),,0.428,hit,4-2,2026-10-10
2026-10-09,2026-10-09 19:42,2026-10-10,2026-10-10 14:00,Germany,Oberliga: Flens,Heider SV,1. FC Phoenix Luebeck II,O05,Over 0.5 goals,goals,,0.981,,,,,High,N/A,rejected,odds N/A (not priced by Sportybet),,0.461,hit,2-0,2026-10-10
2026-10-09,2026-10-09 19:42,2026-10-10,2026-10-10 14:00,Germany,Oberliga: Flens,MTSV Hohenwestedt,Kaltenkirchener TS,O05,Over 0.5 goals,goals,,0.973,,,,,High,N/A,rejected,odds N/A (not priced by Sportybet),,0.455,hit,3-2,2026-10-10
2026-10-09,2026-10-09 19:42,2026-10-10,2026-10-10 14:00,Germany,Oberliga: Flens,TuS Rotenhof,SC Rapid Luebeck,O05,Over 0.5 goals,goals,,0.976,,,,,High,N/A,rejected,odds N/A (not priced by Sportybet),,0.434,hit,5-2,2026-10-10
2026-10-09,2026-10-09 19:42,2026-10-10,2026-10-10 14:00,Germany,Oberliga: Flens,Union Neumuenster,Nordmark Satrup,O05,Over 0.5 goals,goals,,0.974,,,,,High,N/A,rejected,odds N/A (not priced by Sportybet),,0.455,hit,4-1,2026-10-10
2026-10-09,2026-10-09 19:42,2026-10-10,2026-10-10 14:00,Germany,Oberliga: Hamburg,TSV Sasel,VfL Pinneberg,O05,Over 0.5 goals,goals,,0.98,,,,,High,N/A,rejected,odds N/A (not priced by Sportybet),,0.428,hit,1-1,2026-10-10
2026-10-09,2026-10-09 19:42,2026-10-10,2026-10-10 14:00,Germany,Oberliga: Hessen,FC Giessen,SV Hummetroth,O05,Over 0.5 goals,goals,,0.971,,,,,High,N/A,rejected,odds N/A (not priced by Sportybet),,0.455,hit,2-1,2026-10-10
2026-10-09,2026-10-09 19:42,2026-10-10,2026-10-10 14:00,Germany,Oberliga: Hessen,KSV Baunatal,Hanauer SC 1960,O05,Over 0.5 goals,goals,,0.967,,,,,High,N/A,rejected,odds N/A (not priced by Sportybet),,0.467,hit,3-1,2026-10-10
2026-10-09,2026-10-09 19:42,2026-10-10,2026-10-10 14:00,Germany,Oberliga: Hessen,Turk Gucu Friedberg,Bayern Alzenau,O05,Over 0.5 goals,goals,,0.971,,,,,High,N/A,rejected,odds N/A (not priced by Sportybet),,0.446,hit,0-2,2026-10-10
2026-10-09,2026-10-09 19:42,2026-10-10,2026-10-10 14:00,Germany,Oberliga: NOFV-Sud,1. FC Frankfurt,Germania Halberstadt,O05,Over 0.5 goals,goals,,0.972,,,,,Medium,N/A,rejected,odds N/A (not priced by Sportybet),,0.398,hit,0-3,2026-10-10
2026-10-09,2026-10-09 19:42,2026-10-10,2026-10-10 14:00,Germany,Oberliga: NOFV-Sud,Plauen,Union Sandersdorf,O05,Over 0.5 goals,goals,,0.948,,,,,High,N/A,rejected,odds N/A (not priced by Sportybet),,0.465,hit,3-3,2026-10-10
2026-10-09,2026-10-09 19:42,2026-10-10,2026-10-10 14:00,Germany,Oberliga: NOFV-Sud,SC Freital,Empor Glauchau,O05,Over 0.5 goals,goals,,0.957,,,,,High,N/A,rejected,odds N/A (not priced by Sportybet),,0.473,hit,1-1,2026-10-10
2026-10-09,2026-10-09 19:42,2026-10-10,2026-10-10 14:00,Germany,Oberliga: Niedersachsen,BSV Rehden,Hemmingen-Westerfeld,O05,Over 0.5 goals,goals,,0.97,,,,,Medium,N/A,rejected,odds N/A (not priced by Sportybet),,0.41,hit,3-1,2026-10-10
2026-10-09,2026-10-09 19:42,2026-10-10,2026-10-10 14:00,Germany,Oberliga: Niedersachsen,Eintracht Braunschweig U23,FC Verden 04,O05,Over 0.5 goals,goals,,0.968,,,,,High,N/A,rejected,odds N/A (not priced by Sportybet),,0.455,hit,2-1,2026-10-10
2026-10-09,2026-10-09 19:42,2026-10-10,2026-10-10 14:00,Germany,Oberliga: Rheinland-Pfalz/Saar,Cosmos Koblenz,SV Gonsenheim,O05,Over 0.5 goals,goals,,0.968,,,,,High,N/A,rejected,odds N/A (not priced by Sportybet),,0.455,hit,1-2,2026-10-10
2026-10-09,2026-10-09 19:42,2026-10-10,2026-10-10 14:00,Germany,Oberliga: Rheinland-Pfalz/Saar,Pirmasens,Elversberg II,O05,Over 0.5 goals,goals,,0.982,,,,,High,N/A,rejected,odds N/A (not priced by Sportybet),,0.434,hit,7-1,2026-10-10
2026-10-09,2026-10-09 19:42,2026-10-10,2026-10-10 14:00,Germany,Oberliga: Rheinland-Pfalz/Saar,RW Koblenz,SV Auersmacher,O05,Over 0.5 goals,goals,,0.977,,,,,High,N/A,rejected,odds N/A (not priced by Sportybet),,0.461,hit,4-0,2026-10-10
2026-10-09,2026-10-09 19:42,2026-10-10,2026-10-10 14:00,Germany,Oberliga: Rheinland-Pfalz/Saar,TSV Schott Mainz,Koblenz,O05,Over 0.5 goals,goals,,0.971,,,,,High,N/A,rejected,odds N/A (not priced by Sportybet),,0.44,hit,3-2,2026-10-10
2026-10-09,2026-10-09 19:42,2026-10-10,2026-10-10 14:00,Germany,Regionalliga Bayern,FV Illertissen,1860 Munich,O05,Over 0.5 goals,goals,,0.944,,,,,High,N/A,rejected,odds N/A (not priced by Sportybet),,0.456,hit,1-1,2026-10-10
2026-10-09,2026-10-09 19:42,2026-10-10,2026-10-10 14:00,Germany,Regionalliga Bayern,TSV Landsberg,TSV Aubstadt,O05,Over 0.5 goals,goals,,0.945,,,,,High,N/A,rejected,odds N/A (not priced by Sportybet),,0.433,hit,2-2,2026-10-10
2026-10-09,2026-10-09 19:42,2026-10-10,2026-10-10 14:00,Germany,Regionalliga Bayern,TSV Schwaben Augsburg,SpVgg Bayreuth,O05,Over 0.5 goals,goals,,0.942,,,,,High,N/A,rejected,odds N/A (not priced by Sportybet),,0.448,hit,0-3,2026-10-10
2026-10-09,2026-10-09 19:42,2026-10-10,2026-10-10 14:00,Germany,Regionalliga Nord,Eimsbutteler TV,Hannover 96 II,O05,Over 0.5 goals,goals,,0.971,,,,,High,N/A,rejected,odds N/A (not priced by Sportybet),,0.431,hit,0-2,2026-10-10
2026-10-09,2026-10-09 19:42,2026-10-10,2026-10-10 14:00,Germany,Regionalliga Nordost,BFC Preussen,Hertha Berlin II,O05,Over 0.5 goals,goals,,0.945,,,,,High,N/A,rejected,odds N/A (not priced by Sportybet),,0.469,hit,1-1,2026-10-10
2026-10-09,2026-10-09 19:42,2026-10-10,2026-10-10 14:00,Germany,Regionalliga Nordost,Carl Zeiss Jena,Magdeburg II,U45,Under 4.5 goals,goals,1.3,0.757,0.705,0.769,5.2,-0.016,High,N/A,rejected,price too short for the probability (EV -1.6%),,0.401,hit,2-1,2026-10-10
2026-10-09,2026-10-09 19:42,2026-10-10,2026-10-10 14:00,Germany,Regionalliga Südwest,FC Astoria Walldorf,Mainz 05 II,HO05,FC Astoria Walldorf over 0.5 goals,team,1.14,0.834,0.798,0.877,3.6,-0.049,High,High,rejected,odds 1.14 at or below 1.14 | price too short for the probability (EV -4.9%),,0.435,hit,1-1,2026-10-10
2026-10-09,2026-10-09 19:42,2026-10-10,2026-10-10 14:00,Germany,Regionalliga Südwest,FSV Frankfurt,Sandhausen,H,FSV Frankfurt to win,result,2.55,0.46,0.357,0.392,10.2,0.172,High,High,rejected,probability 46% below the 60% bar for result,,0.77,miss,1-3,2026-10-10
2026-10-09,2026-10-09 19:42,2026-10-10,2026-10-10 14:00,Germany,Regionalliga Südwest,Kaiserslautern II,Hessen Kassel,O05,Over 0.5 goals,goals,,0.957,,,,,High,N/A,rejected,odds N/A (not priced by Sportybet),,0.431,hit,2-3,2026-10-10
2026-10-09,2026-10-09 19:42,2026-10-10,2026-10-10 14:00,Germany,Regionalliga Südwest,SG Barockstadt Fulda Lehnerz,Aalen,O05,Over 0.5 goals,goals,,0.959,,,,,High,N/A,rejected,odds N/A (not priced by Sportybet),,0.431,hit,0-2,2026-10-10
2026-10-09,2026-10-09 19:42,2026-10-10,2026-10-10 14:00,Germany,Regionalliga Südwest,SSV Ulm 1846,Eintracht Frankfurt II,O05,Over 0.5 goals,goals,,0.965,,,,,Medium,N/A,rejected,odds N/A (not priced by Sportybet),,0.422,hit,1-0,2026-10-10
2026-10-09,2026-10-09 19:42,2026-10-10,2026-10-10 14:00,Germany,Regionalliga Südwest,VfR Mannheim,Stuttgarter Kickers,O05,Over 0.5 goals,goals,,0.945,,,,,High,N/A,rejected,odds N/A (not priced by Sportybet),,0.439,hit,2-0,2026-10-10
2026-10-09,2026-10-09 19:42,2026-10-10,2026-10-10 14:00,Germany,Regionalliga West,Bergisch Gladbach,Schalke 04 II,O05,Over 0.5 goals,goals,,0.967,,,,,High,N/A,rejected,odds N/A (not priced by Sportybet),,0.431,hit,1-5,2026-10-10
2026-10-09,2026-10-09 19:42,2026-10-10,2026-10-10 14:00,Germany,Regionalliga West,Borussia Dortmund II,Wattenscheid,O05,Over 0.5 goals,goals,,0.954,,,,,High,N/A,rejected,odds N/A (not priced by Sportybet),,0.443,hit,3-2,2026-10-10
2026-10-09,2026-10-09 19:42,2026-10-10,2026-10-10 14:00,Germany,Regionalliga West,FC Guetersloh,Sportfreunde Siegen,O05,Over 0.5 goals,goals,,0.956,,,,,High,N/A,rejected,odds N/A (not priced by Sportybet),,0.467,hit,0-5,2026-10-10
2026-10-09,2026-10-09 19:42,2026-10-10,2026-10-10 14:00,Germany,Regionalliga West,Sportfreunde Lotte,SC Paderborn 07 II,U45,Under 4.5 goals,goals,1.23,0.805,0.745,0.813,6.0,-0.01,High,N/A,rejected,price too short for the probability (EV -1.0%),,0.461,hit,1-0,2026-10-10
2026-10-09,2026-10-09 19:42,2026-10-10,2026-10-10 14:00,Germany,Regionalliga West,Westfalia Rhynern,VfB Hilden,O05,Over 0.5 goals,goals,,0.965,,,,,High,N/A,rejected,odds N/A (not priced by Sportybet),,0.431,hit,0-1,2026-10-10
2026-10-09,2026-10-09 19:42,2026-10-10,2026-10-10 14:00,Greece,Super League 2,Athens Kallithea,Panthrakikos Komotini,A,Panthrakikos Komotini to win,result,6.7,0.257,0.12,0.149,13.8,0.725,Low,Low,rejected,"failed the pipeline's data checks | probability 26% below the 60% bar for result | model 14 pp above the market — data fault, not edge",,0.689,miss,1-0,2026-10-10
2026-10-09,2026-10-09 19:42,2026-10-10,2026-10-10 14:00,Indonesia,Super League,Bali United,Persijap Jepara,U45,Under 4.5 goals,goals,1.17,0.835,0.797,0.855,3.8,-0.023,High,N/A,rejected,price too short for the probability (EV -2.3%),,0.414,miss,6-1,2026-10-10
2026-10-09,2026-10-09 19:42,2026-10-10,2026-10-10 14:00,Kazakhstan,Premier League,Kairat Almaty,Zhetysu Taldykorgan,O05,Over 0.5 goals,goals,,0.952,,,,,High,N/A,rejected,odds N/A (not priced by Sportybet),,0.446,hit,1-0,2026-10-10
2026-10-09,2026-10-09 19:42,2026-10-10,2026-10-10 14:00,Kosovo,Superleague,KF Vushtrria,Gjilani,O15,Over 1.5 goals,goals,1.21,0.807,0.758,0.826,4.9,-0.023,Medium,Medium,rejected,price too short for the probability (EV -2.3%),,0.386,miss,1-0,2026-10-10
2026-10-09,2026-10-09 19:42,2026-10-10,2026-10-10 14:00,Moldova,Super Liga,FC Zaria Balti,Real Sireti,U55,Under 5.5 goals,goals,,0.945,,,,,High,N/A,rejected,odds N/A (not priced by Sportybet),,0.43,hit,0-3,2026-10-10
2026-10-09,2026-10-09 19:42,2026-10-10,2026-10-10 14:00,Norway,2. Division: Group 2,Ull/Kisa,Follo,O05,Over 0.5 goals,goals,,0.961,,,,,High,N/A,rejected,odds N/A (not priced by Sportybet),,0.461,hit,4-2,2026-10-10
2026-10-09,2026-10-09 19:42,2026-10-10,2026-10-10 14:00,Norway,3. Division: Group 1,Gamle Oslo,Nordstrand,A,Nordstrand to win,result,7.4,0.163,0.099,0.135,6.4,0.207,High,High,rejected,probability 16% below the 60% bar for result,,0.69,miss,1-0,2026-10-10
2026-10-09,2026-10-09 19:42,2026-10-10,2026-10-10 14:00,Norway,3. Division: Group 3,Aasane 2,Vard Haugesund,O05,Over 0.5 goals,goals,,0.981,,,,,High,N/A,rejected,odds N/A (not priced by Sportybet),,0.455,hit,1-5,2026-10-10
2026-10-09,2026-10-09 19:42,2026-10-10,2026-10-10 14:00,Norway,3. Division: Group 3,Askoy,Fana,O05,Over 0.5 goals,goals,,0.975,,,,,High,N/A,rejected,odds N/A (not priced by Sportybet),,0.455,hit,0-3,2026-10-10
2026-10-09,2026-10-09 19:42,2026-10-10,2026-10-10 14:00,Norway,3. Division: Group 3,Varegg,Stord,O25,Over 2.5 goals,goals,1.28,0.77,0.717,0.781,5.2,-0.014,High,High,rejected,price too short for the probability (EV -1.4%),,0.509,hit,2-3,2026-10-10
2026-10-09,2026-10-09 19:42,2026-10-10,2026-10-10 14:00,Norway,3. Division: Group 4,Varhaug,Madla,O05,Over 0.5 goals,goals,,0.971,,,,,High,N/A,rejected,odds N/A (not priced by Sportybet),,0.455,hit,1-3,2026-10-10
2026-10-09,2026-10-09 19:42,2026-10-10,2026-10-10 14:00,Norway,3. Division: Group 5,Skedsmo,Floeya,O05,Over 0.5 goals,goals,,0.982,,,,,High,N/A,rejected,odds N/A (not priced by Sportybet),,0.455,hit,1-3,2026-10-10
2026-10-09,2026-10-09 19:42,2026-10-10,2026-10-10 14:00,Norway,3. Division: Group 6,Bjoerkelangen,Gjoevik-Lyn,O05,Over 0.5 goals,goals,,0.983,,,,,High,N/A,rejected,odds N/A (not priced by Sportybet),,0.449,hit,1-7,2026-10-10
2026-10-09,2026-10-09 19:42,2026-10-10,2026-10-10 14:00,Norway,3. Division: Group 6,Oppsal,Droebak/Frogn,A,Droebak/Frogn to win,result,2.65,0.422,0.342,0.377,8.1,0.119,High,High,rejected,probability 42% below the 60% bar for result,,0.758,hit,1-2,2026-10-10
2026-10-09,2026-10-09 19:42,2026-10-10,2026-10-10 14:00,Sweden,2.Division Norrland: Promotion Group,Taftea IK,Bodens BK,O05,Over 0.5 goals,goals,,0.965,,,,,High,N/A,rejected,odds N/A (not priced by Sportybet),,0.428,hit,1-2,2026-10-10
2026-10-09,2026-10-09 19:42,2026-10-10,2026-10-10 14:00,Sweden,Division 2: Norra Goetaland,Motala AIF FK,Lidkoepings FK,O05,Over 0.5 goals,goals,,0.947,,,,,High,N/A,rejected,odds N/A (not priced by Sportybet),,0.453,hit,1-3,2026-10-10
2026-10-09,2026-10-09 19:42,2026-10-10,2026-10-10 14:00,Sweden,Division 2: Norra Svealand,Bollstanaes SK,Kungsaengens IF,A,Kungsaengens IF to win,result,3.2,0.324,0.28,0.312,4.4,0.036,High,High,rejected,probability 32% below the 60% bar for result,,0.501,hit,2-3,2026-10-10
2026-10-09,2026-10-09 19:42,2026-10-10,2026-10-10 14:00,Sweden,Division 2: Soedra Goetaland,Linero IF,Vaexjoe Norra IF,O05,Over 0.5 goals,goals,,0.957,,,,,High,N/A,rejected,odds N/A (not priced by Sportybet),,0.461,hit,3-1,2026-10-10
2026-10-09,2026-10-09 19:42,2026-10-10,2026-10-10 14:00,Sweden,Division 2: Soedra Goetaland,Raeppe GOIF,Nosaby IF,O05,Over 0.5 goals,goals,,0.958,,,,,High,N/A,rejected,odds N/A (not priced by Sportybet),,0.461,hit,1-2,2026-10-10
2026-10-09,2026-10-09 19:42,2026-10-10,2026-10-10 14:00,Sweden,Division 2: Vaestra Goetaland,Landvetter IS,BK Astrio,O05,Over 0.5 goals,goals,,0.969,,,,,High,N/A,rejected,odds N/A (not priced by Sportybet),,0.461,hit,1-0,2026-10-10
2026-10-09,2026-10-09 19:42,2026-10-10,2026-10-10 14:00,Thailand,Thai League,Uthai Thani FC,Rasisalai United,A,Rasisalai United to win,result,6.3,0.21,0.137,0.159,7.3,0.326,Low,Low,rejected,failed the pipeline's data checks | probability 21% below the 60% bar for result,,0.669,miss,4-2,2026-10-10
2026-10-09,2026-10-09 19:42,2026-10-10,2026-10-10 14:30,Cyprus,2nd Division,APEA Akrotiri,Spartakos Kitiou,U55,Under 5.5 goals,goals,,0.938,,,,,High,N/A,rejected,odds N/A (not priced by Sportybet),,0.425,hit,0-0,2026-10-10
2026-10-09,2026-10-09 19:42,2026-10-10,2026-10-10 14:30,Cyprus,2nd Division,ASIL Lysi,Iraklis Gerolakkou,A,Iraklis Gerolakkou to win,result,3.6,0.313,0.234,0.278,7.9,0.126,High,High,rejected,probability 31% below the 60% bar for result,,0.735,miss,2-0,2026-10-10
2026-10-09,2026-10-09 19:42,2026-10-10,2026-10-10 14:30,Cyprus,2nd Division,Anagennisi Deryneia,Digenis Morphou,U55,Under 5.5 goals,goals,,0.949,,,,,Low,N/A,rejected,failed the pipeline's data checks | odds N/A (not priced by Sportybet),,0.373,hit,1-3,2026-10-10
2026-10-09,2026-10-09 19:42,2026-10-10,2026-10-10 14:30,Cyprus,2nd Division,Ayia Napa,Enosis Paralimni,U55,Under 5.5 goals,goals,,0.939,,,,,Medium,N/A,rejected,odds N/A (not priced by Sportybet),,0.401,hit,1-2,2026-10-10
2026-10-09,2026-10-09 19:42,2026-10-10,2026-10-10 14:30,Cyprus,2nd Division,MEAP Nisou,Ethnikos Achnas,U55,Under 5.5 goals,goals,,0.937,,,,,Medium,N/A,rejected,odds N/A (not priced by Sportybet),,0.405,hit,0-5,2026-10-10
2026-10-09,2026-10-09 19:42,2026-10-10,2026-10-10 14:30,Cyprus,2nd Division,Polemidion,Ermis Aradippou,U55,Under 5.5 goals,goals,,0.942,,,,,Low,N/A,rejected,failed the pipeline's data checks | odds N/A (not priced by Sportybet),,0.32,hit,0-1,2026-10-10
2026-10-09,2026-10-09 19:42,2026-10-10,2026-10-10 14:30,Denmark,3rd Division,Holstebro,Broenshoej,HO05,Holstebro over 0.5 goals,team,1.34,0.804,0.676,0.746,12.8,0.077,High,High,rejected,"model 13 pp above the market — data fault, not edge",,0.78,hit,2-4,2026-10-10
2026-10-09,2026-10-09 19:42,2026-10-10,2026-10-10 14:30,Germany,Oberliga NOFV Nord 25/26,Berliner AK 07,SG Union Klosterfelde,O05,Over 0.5 goals,goals,,0.957,,,,,High,N/A,rejected,odds N/A (not priced by Sportybet),,0.467,hit,1-1,2026-10-10
2026-10-09,2026-10-09 19:42,2026-10-10,2026-10-10 14:30,Germany,Oberliga: Westfalen,ASC Dortmund,FC Gievenbeck,O05,Over 0.5 goals,goals,,0.969,,,,,High,N/A,rejected,odds N/A (not priced by Sportybet),,0.461,hit,1-2,2026-10-10
2026-10-09,2026-10-09 19:42,2026-10-10,2026-10-10 14:30,Italy,Serie C: Group A,Pergolettese,Carpi,CU115,Under 11.5 corners,corners,,0.829,,,,,High,N/A,rejected,odds N/A (not priced by Sportybet),,0.377,hit,2-1,2026-10-10
2026-10-09,2026-10-09 19:42,2026-10-10,2026-10-10 14:30,Italy,Serie C: Group C,Casertana,Monopoli,A,Monopoli to win,result,3.6,0.339,0.252,0.278,8.7,0.222,High,Medium,rejected,probability 34% below the 60% bar for result,,0.734,miss,3-1,2026-10-10
2026-10-09,2026-10-09 19:42,2026-10-10,2026-10-10 14:30,Netherlands,Tweede Divisie,GVVV Veenendaal,Rijnsburgse Boys,H,GVVV Veenendaal to win,result,2.55,0.416,0.364,0.392,5.3,0.062,High,High,rejected,probability 42% below the 60% bar for result,,0.594,hit,4-1,2026-10-10
2026-10-09,2026-10-09 19:42,2026-10-10,2026-10-10 14:30,Norway,3. Division: Group 3,Austevoll,Foerde,O05,Over 0.5 goals,goals,,0.978,,,,,High,N/A,rejected,odds N/A (not priced by Sportybet),,0.455,hit,3-2,2026-10-10
2026-10-09,2026-10-09 19:42,2026-10-10,2026-10-10 14:30,Turkiye,2nd Lig: White Group,Arnavutkoy Belediyespor,Isparta 32 Spor,AO05,Isparta 32 Spor over 0.5 goals,team,1.15,0.844,0.793,0.87,5.2,-0.029,High,High,rejected,price too short for the probability (EV -2.9%),,0.51,hit,2-3,2026-10-10
2026-10-09,2026-10-09 19:42,2026-10-10,2026-10-10 14:30,Turkiye,2nd Lig: White Group,Corluspor 1947,Sanliurfaspor,O05,Over 0.5 goals,goals,,0.944,,,,,Medium,N/A,rejected,odds N/A (not priced by Sportybet),,0.399,hit,2-3,2026-10-10
2026-10-09,2026-10-09 19:42,2026-10-10,2026-10-10 14:45,Hungary,NB I,Vasas Budapest,Kisvarda FC,H,Vasas Budapest to win,result,1.81,0.574,0.529,0.552,4.5,0.039,Medium,Medium,rejected,probability 57% below the 60% bar for result,,0.478,miss,1-1,2026-10-10
2026-10-09,2026-10-09 19:42,2026-10-10,2026-10-10 15:00,Azerbaijan,Premier League,Zira,Shamakhi FK,A,Shamakhi FK to win,result,4.5,0.296,0.196,0.222,10.0,0.332,High,High,rejected,probability 30% below the 60% bar for result,,0.761,miss,1-1,2026-10-10
2026-10-09,2026-10-09 19:42,2026-10-10,2026-10-10 15:00,Bosnia and Herzegovina,1st League: FBiH,Buducnost,Capljina,U55,Under 5.5 goals,goals,,0.935,,,,,Medium,N/A,rejected,odds N/A (not priced by Sportybet),,0.398,hit,1-0,2026-10-10
2026-10-09,2026-10-09 19:42,2026-10-10,2026-10-10 15:00,Bosnia and Herzegovina,1st League: FBiH,FK Zvijezda,NK Bratstvo,U55,Under 5.5 goals,goals,,0.958,,,,,Medium,N/A,rejected,odds N/A (not priced by Sportybet),,0.419,hit,0-1,2026-10-10
2026-10-09,2026-10-09 19:42,2026-10-10,2026-10-10 15:00,Bosnia and Herzegovina,1st League: FBiH,HNK Tomislav,Rudar Kakanj,U55,Under 5.5 goals,goals,,0.935,,,,,Medium,N/A,rejected,odds N/A (not priced by Sportybet),,0.392,hit,1-0,2026-10-10
2026-10-09,2026-10-09 19:42,2026-10-10,2026-10-10 15:00,Bosnia and Herzegovina,1st League: FBiH,Radnik Hadzici,Stupcanica,U55,Under 5.5 goals,goals,,0.957,,,,,High,N/A,rejected,odds N/A (not priced by Sportybet),,0.467,hit,1-3,2026-10-10
2026-10-09,2026-10-09 19:42,2026-10-10,2026-10-10 15:00,Bosnia and Herzegovina,1st League: FBiH,Sloboda Tuzla,Travnik,U55,Under 5.5 goals,goals,,0.956,,,,,High,N/A,rejected,odds N/A (not priced by Sportybet),,0.467,hit,2-0,2026-10-10
2026-10-09,2026-10-09 19:42,2026-10-10,2026-10-10 15:00,Bosnia and Herzegovina,1st League: FBiH,Vitez,Posusje,U55,Under 5.5 goals,goals,,0.973,,,,,High,N/A,rejected,odds N/A (not priced by Sportybet),,0.449,hit,1-2,2026-10-10
2026-10-09,2026-10-09 19:42,2026-10-10,2026-10-10 15:00,Bosnia and Herzegovina,1st League: RS,FK Laktasi,Omarska,H,FK Laktasi to win,result,1.1,0.856,0.887,0.909,-3.2,-0.059,High,High,rejected,odds 1.10 at or below 1.14 | price too short for the probability (EV -5.9%),,0.476,hit,4-0,2026-10-10
2026-10-09,2026-10-09 19:42,2026-10-10,2026-10-10 15:00,Bosnia and Herzegovina,1st League: RS,FK Zvijezda 09,Drina Zvornik,U55,Under 5.5 goals,goals,,0.942,,,,,High,N/A,rejected,odds N/A (not priced by Sportybet),,0.455,hit,2-1,2026-10-10
2026-10-09,2026-10-09 19:42,2026-10-10,2026-10-10 15:00,Bosnia and Herzegovina,1st League: RS,Famos,Sutjeska Foca,U55,Under 5.5 goals,goals,,0.968,,,,,High,N/A,rejected,odds N/A (not priced by Sportybet),,0.473,hit,2-1,2026-10-10
2026-10-09,2026-10-09 19:42,2026-10-10,2026-10-10 15:00,Bosnia and Herzegovina,1st League: RS,Majevica,Velez Nevesinje,O05,Over 0.5 goals,goals,,0.953,,,,,Medium,N/A,rejected,odds N/A (not priced by Sportybet),,0.41,hit,3-0,2026-10-10
2026-10-09,2026-10-09 19:42,2026-10-10,2026-10-10 15:00,Bosnia and Herzegovina,1st League: RS,Romanija,FK Leotar,U55,Under 5.5 goals,goals,,0.943,,,,,High,N/A,rejected,odds N/A (not priced by Sportybet),,0.449,hit,1-2,2026-10-10
2026-10-09,2026-10-09 19:42,2026-10-10,2026-10-10 15:00,Bulgaria,Vtora Liga,Marek Dupnitsa,Beroe,HO05,Marek Dupnitsa over 0.5 goals,team,1.28,0.763,0.708,0.781,5.5,-0.023,High,High,rejected,price too short for the probability (EV -2.3%),,0.427,hit,3-2,2026-10-10
2026-10-09,2026-10-09 19:42,2026-10-10,2026-10-10 15:00,Bulgaria,Vtora Liga,Nesebar,PFC CSKA Sofia II,A,PFC CSKA Sofia II to win,result,2.25,0.461,0.41,0.444,5.2,0.038,High,High,rejected,probability 46% below the 60% bar for result,,0.506,miss,0-0,2026-10-10
2026-10-09,2026-10-09 19:42,2026-10-10,2026-10-10 15:00,Bulgaria,Vtora Liga,Pirin Blagoevgrad,Spartak Pleven,U55,Under 5.5 goals,goals,,0.95,,,,,High,N/A,rejected,odds N/A (not priced by Sportybet),,0.455,hit,1-1,2026-10-10
2026-10-09,2026-10-09 19:42,2026-10-10,2026-10-10 15:00,Bulgaria,Vtora Liga,Sportist Svoge,Hebar,AO05,Hebar over 0.5 goals,team,1.3,0.759,0.698,0.769,6.2,-0.013,High,High,rejected,price too short for the probability (EV -1.3%),,0.495,hit,1-3,2026-10-10
2026-10-09,2026-10-09 19:42,2026-10-10,2026-10-10 15:00,Croatia,HNL,Hajduk Split,Dinamo Zagreb,H,Hajduk Split to win,result,3.0,0.351,0.308,0.333,4.3,0.053,High,High,rejected,probability 35% below the 60% bar for result,,0.539,hit,2-1,2026-10-10
2026-10-09,2026-10-09 19:42,2026-10-10,2026-10-10 15:00,Czech Republic,1st League,Hradec Kralove,SK Lisen,U55,Under 5.5 goals,goals,,0.955,,,,,High,N/A,rejected,odds N/A (not priced by Sportybet),,0.452,miss,2-4,2026-10-10
2026-10-09,2026-10-09 19:42,2026-10-10,2026-10-10 15:00,Czech Republic,1st League,Viktoria Plzen,Mlada Boleslav,U45,Under 4.5 goals,goals,1.31,0.844,0.722,0.763,12.2,0.105,High,N/A,rejected,"model 12 pp above the market — data fault, not edge",,0.879,hit,3-0,2026-10-10
2026-10-09,2026-10-09 19:42,2026-10-10,2026-10-10 15:00,Denmark,2nd Division,B 93,Middelfart,U55,Under 5.5 goals,goals,,0.943,,,,,High,N/A,rejected,odds N/A (not priced by Sportybet),,0.453,hit,3-1,2026-10-10
2026-10-09,2026-10-09 19:42,2026-10-10,2026-10-10 15:00,Denmark,Ligaen U17,HB Koege U17,AGF U17,O05,Over 0.5 goals,goals,,0.974,,,,,Low,N/A,rejected,failed the pipeline's data checks | odds N/A (not priced by Sportybet),,0.362,hit,3-4,2026-10-10
2026-10-09,2026-10-09 19:42,2026-10-10,2026-10-10 15:00,Denmark,Ligaen U17,OB U17,SoenderjyskE U17,O05,Over 0.5 goals,goals,,0.981,,,,,High,N/A,rejected,odds N/A (not priced by Sportybet),,0.452,hit,5-2,2026-10-10
2026-10-09,2026-10-09 19:42,2026-10-10,2026-10-10 15:00,Finland,Ykkonen: Championship,RoPS,JJK Jyvaskyla,O05,Over 0.5 goals,goals,,0.971,,,,,Medium,N/A,rejected,failed the pipeline's data checks | odds N/A (not priced by Sportybet),,0.359,hit,6-1,2026-10-10
2026-10-09,2026-10-09 19:42,2026-10-10,2026-10-10 15:00,Germany,Oberliga: Bayern North,DJK Gebenbach,TSV Grossbardorf,O05,Over 0.5 goals,goals,,0.959,,,,,High,N/A,rejected,odds N/A (not priced by Sportybet),,0.434,hit,1-4,2026-10-10
2026-10-09,2026-10-09 19:42,2026-10-10,2026-10-10 15:00,Germany,Oberliga: Bayern North,FV 04 Wurzburg,SpVgg Weiden,O05,Over 0.5 goals,goals,,0.957,,,,,High,N/A,rejected,odds N/A (not priced by Sportybet),,0.467,hit,1-1,2026-10-10
2026-10-09,2026-10-09 19:42,2026-10-10,2026-10-10 15:00,Germany,Oberliga: Bayern South,Gundelfingen,SV Schalding-Heining,O05,Over 0.5 goals,goals,,0.961,,,,,High,N/A,rejected,odds N/A (not priced by Sportybet),,0.461,hit,4-0,2026-10-10
2026-10-09,2026-10-09 19:42,2026-10-10,2026-10-10 15:00,Germany,Oberliga: Bayern South,SV Kirchanschoering,TSV Schwabmuenchen,O05,Over 0.5 goals,goals,,0.961,,,,,High,N/A,rejected,odds N/A (not priced by Sportybet),,0.434,hit,1-2,2026-10-10
2026-10-09,2026-10-09 19:42,2026-10-10,2026-10-10 15:00,Germany,Oberliga: Bayern South,SpVgg Landshut,Sportfreunde Schwaig,O05,Over 0.5 goals,goals,,0.95,,,,,High,N/A,rejected,odds N/A (not priced by Sportybet),,0.434,hit,1-2,2026-10-10
2026-10-09,2026-10-09 19:42,2026-10-10,2026-10-10 15:00,Germany,Oberliga: Bremen,TS Woltmershausen,Vatan Sport Bremen,O05,Over 0.5 goals,goals,,0.986,,,,,High,N/A,rejected,odds N/A (not priced by Sportybet),,0.455,hit,1-2,2026-10-10
2026-10-09,2026-10-09 19:42,2026-10-10,2026-10-10 15:00,Italy,Campionato Primavera 1,Bologna U20,Lazio U20,O05,Over 0.5 goals,goals,,0.944,,,,,High,N/A,rejected,odds N/A (not priced by Sportybet),,0.441,hit,4-1,2026-10-10
2026-10-09,2026-10-09 19:42,2026-10-10,2026-10-10 15:00,Italy,Campionato Primavera 1,Roma U20,Empoli U20,O05,Over 0.5 goals,goals,,0.935,,,,,Medium,N/A,rejected,odds N/A (not priced by Sportybet),,0.398,hit,1-1,2026-10-10
2026-10-09,2026-10-09 19:42,2026-10-10,2026-10-10 15:00,Italy,Serie D: Group B,Fiorenzuola,Piacenza,A,Piacenza to win,result,1.62,0.749,0.586,0.617,16.3,0.213,Medium,Medium,rejected,"model 16 pp above the market — data fault, not edge",,0.811,miss,0-0,2026-10-10
2026-10-09,2026-10-09 19:42,2026-10-10,2026-10-10 15:00,Italy,Serie D: Group F,SN Notaresco,Recanatese,U55,Under 5.5 goals,goals,,0.953,,,,,High,N/A,rejected,odds N/A (not priced by Sportybet),,0.473,hit,2-1,2026-10-10
2026-10-09,2026-10-09 19:42,2026-10-10,2026-10-10 15:00,Netherlands,Tweede Divisie,IJsselmeervogels,Koninklijke HFC,HO05,IJsselmeervogels over 0.5 goals,team,1.11,0.86,0.835,0.901,2.6,-0.045,High,High,rejected,odds 1.11 at or below 1.14 | price too short for the probability (EV -4.5%),,0.423,hit,2-0,2026-10-10
2026-10-09,2026-10-09 19:42,2026-10-10,2026-10-10 15:00,Netherlands,Tweede Divisie,Jong Sparta Rotterdam,Jong Almere City FC,U55,Under 5.5 goals,goals,1.23,0.809,0.76,0.813,4.9,-0.005,High,N/A,rejected,price too short for the probability (EV -0.5%),,0.43,hit,1-4,2026-10-10
2026-10-09,2026-10-09 19:42,2026-10-10,2026-10-10 15:00,Netherlands,Tweede Divisie,Kloetinge,HHC Hardenberg,AO05,HHC Hardenberg over 0.5 goals,team,1.13,0.857,0.821,0.885,3.6,-0.031,Medium,Medium,rejected,odds 1.13 at or below 1.14 | price too short for the probability (EV -3.1%),,0.425,hit,3-3,2026-10-10
2026-10-09,2026-10-09 19:42,2026-10-10,2026-10-10 15:00,Norway,3. Division: Group 3,FK Fyllingsdalen,Os,O05,Over 0.5 goals,goals,,0.988,,,,,High,N/A,rejected,odds N/A (not priced by Sportybet),,0.455,hit,0-2,2026-10-10
2026-10-09,2026-10-09 19:42,2026-10-10,2026-10-10 15:00,Norway,3. Division: Group 3,Sogndal 2,Gneist,O05,Over 0.5 goals,goals,,0.986,,,,,High,N/A,rejected,odds N/A (not priced by Sportybet),,0.461,hit,5-3,2026-10-10
2026-10-09,2026-10-09 19:42,2026-10-10,2026-10-10 15:00,Norway,3. Division: Group 4,Staal Joerpeland,Vaag,O05,Over 0.5 goals,goals,,0.975,,,,,High,N/A,rejected,odds N/A (not priced by Sportybet),,0.455,hit,0-4,2026-10-10
2026-10-09,2026-10-09 19:42,2026-10-10,2026-10-10 15:00,Norway,3. Division: Group 4,Viking 2,Vindbjart,O05,Over 0.5 goals,goals,,0.969,,,,,High,N/A,rejected,odds N/A (not priced by Sportybet),,0.449,hit,5-1,2026-10-10
2026-10-09,2026-10-09 19:42,2026-10-10,2026-10-10 15:00,Norway,3. Division: Group 5,Alta,Skjervoey,O05,Over 0.5 goals,goals,,0.989,,,,,High,N/A,rejected,odds N/A (not priced by Sportybet),,0.455,hit,2-1,2026-10-10
2026-10-09,2026-10-09 19:42,2026-10-10,2026-10-10 15:00,Norway,3. Division: Group 6,Fram Larvik,Brumunddal,O05,Over 0.5 goals,goals,,0.989,,,,,High,N/A,rejected,odds N/A (not priced by Sportybet),,0.455,hit,4-0,2026-10-10
2026-10-09,2026-10-09 19:42,2026-10-10,2026-10-10 15:00,Paraguay,Division Intermedia,3 de Noviembre de B San Pablo,Fernando de la Mora,U55,Under 5.5 goals,goals,,0.949,,,,,High,N/A,rejected,odds N/A (not priced by Sportybet),,0.466,hit,3-2,2026-10-10
2026-10-09,2026-10-09 19:42,2026-10-10,2026-10-10 15:00,Paraguay,Division Intermedia,Guairena,Encarnacion FC,HU15,Guairena under 1.5 goals,team,1.47,0.672,0.62,0.68,5.2,-0.012,High,High,rejected,probability 67% below the 70% bar for team | price too short for the probability (EV -1.2%),,0.451,hit,1-0,2026-10-10
2026-10-09,2026-10-09 19:42,2026-10-10,2026-10-10 15:00,Paraguay,Division Intermedia,Independiente CG,Atletico Tembetary,U55,Under 5.5 goals,goals,,0.944,,,,,High,N/A,rejected,odds N/A (not priced by Sportybet),,0.45,hit,3-0,2026-10-10
2026-10-09,2026-10-09 19:42,2026-10-10,2026-10-10 15:00,Poland,II Liga,Avia Swidnik,Swit Szczecin,HO15,Avia Swidnik over 1.5 goals,team,1.65,0.616,0.56,0.606,5.6,0.016,High,High,rejected,probability 62% below the 70% bar for team,,0.492,miss,1-0,2026-10-10
2026-10-09,2026-10-09 19:42,2026-10-10,2026-10-10 15:00,San Marino,Campionato Sammarinese,San Giovanni,Tre Fiori,BTTS,Both teams to score,btts,2.3,0.477,0.395,0.435,8.2,0.096,High,High,rejected,probability 48% below the 70% bar for btts,,0.731,miss,0-1,2026-10-10
2026-10-09,2026-10-09 19:42,2026-10-10,2026-10-10 15:00,Serbia,Super Liga,FK IMT Beograd,FK Radnik Surdulica,U55,Under 5.5 goals,goals,,0.953,,,,,High,N/A,rejected,odds N/A (not priced by Sportybet),,0.449,hit,1-0,2026-10-10
2026-10-09,2026-10-09 19:42,2026-10-10,2026-10-10 15:00,Slovakia,2. Liga,MFK Bytca,Humenne,H,MFK Bytca to win,result,3.0,0.387,0.299,0.333,8.8,0.161,High,High,rejected,probability 39% below the 60% bar for result,,0.743,hit,4-1,2026-10-10
2026-10-09,2026-10-09 19:42,2026-10-10,2026-10-10 15:00,Slovakia,2. Liga,OFK Banik Lehota Pod Vtacnikom,Lokomotiva Zvolen,O05,Over 0.5 goals,goals,,0.937,,,,,High,N/A,rejected,odds N/A (not priced by Sportybet),,0.45,hit,1-0,2026-10-10
2026-10-09,2026-10-09 19:42,2026-10-10,2026-10-10 15:00,Slovakia,2. Liga,Povazska Bystrica,Tatran Presov,O15,Over 1.5 goals,goals,1.21,0.811,0.758,0.826,5.2,-0.019,High,High,rejected,price too short for the probability (EV -1.9%),,0.447,hit,2-2,2026-10-10
2026-10-09,2026-10-09 19:42,2026-10-10,2026-10-10 15:00,Sweden,Allsvenskan,GAIS,Sirius,H,GAIS to win,result,2.45,0.435,0.391,0.408,4.4,0.067,High,High,rejected,probability 44% below the 60% bar for result,,0.572,miss,0-1,2026-10-10
2026-10-09,2026-10-09 19:42,2026-10-10,2026-10-10 15:00,Turkey,Süper Lig,Samsunspor,Trabzonspor,U45,Under 4.5 goals,goals,1.19,0.832,0.791,0.84,4.1,-0.01,High,N/A,rejected,price too short for the probability (EV -1.0%),,0.435,hit,0-3,2026-10-10
2026-10-09,2026-10-09 19:42,2026-10-10,2026-10-10 15:00,Uruguay,Segunda División,River Plate,Oriental,A,Oriental to win,result,3.4,0.333,0.261,0.294,7.2,0.132,High,High,rejected,probability 33% below the 60% bar for result,,0.738,miss,3-1,2026-10-10
2026-10-09,2026-10-09 19:42,2026-10-10,2026-10-10 15:00,Uzbekistan,Super League,Qizilqum Zarafshon,Surkhon-2011,U55,Under 5.5 goals,goals,,0.962,,,,,High,N/A,rejected,odds N/A (not priced by Sportybet),,0.458,hit,0-0,2026-10-10
2026-10-09,2026-10-09 19:42,2026-10-10,2026-10-10 15:00,Women's Euro U17,Qualification Round 1: Group A1,Norway U17 W,Italy U17 W,O05,Over 0.5 goals,goals,,0.957,,,,,Low,N/A,rejected,failed the pipeline's data checks | odds N/A (not priced by Sportybet),,0.359,miss,0-0,2026-10-10
2026-10-09,2026-10-09 19:42,2026-10-10,2026-10-10 15:00,Women's Euro U19,Qualification Round 1: Group B2,Ireland Women U19,Georgia U19 W,O05,Over 0.5 goals,goals,,0.963,,,,,Low,N/A,rejected,failed the pipeline's data checks | odds N/A (not priced by Sportybet),,0.359,hit,7-0,2026-10-10
2026-10-09,2026-10-09 19:42,2026-10-10,2026-10-10 15:05,Oman,Professional League,Saham,Sur,U55,Under 5.5 goals,goals,,0.955,,,,,High,N/A,rejected,odds N/A (not priced by Sportybet),,0.458,hit,1-0,2026-10-10
2026-10-09,2026-10-09 19:42,2026-10-10,2026-10-10 15:15,Denmark,Ligaen U17,AaB U17,FC Midtjylland U17,O05,Over 0.5 goals,goals,,0.975,,,,,High,N/A,rejected,odds N/A (not priced by Sportybet),,0.446,hit,1-3,2026-10-10
2026-10-09,2026-10-09 19:42,2026-10-10,2026-10-10 15:15,Denmark,Ligaen U17,Randers Freja U17,Lyngby U17,O05,Over 0.5 goals,goals,,0.976,,,,,High,N/A,rejected,odds N/A (not priced by Sportybet),,0.452,hit,2-5,2026-10-10
2026-10-09,2026-10-09 19:42,2026-10-10,2026-10-10 15:15,Kenya,Premier League,Posta Rangers,Shabana,U55,Under 5.5 goals,goals,,0.978,,,,,High,N/A,rejected,odds N/A (not priced by Sportybet),,0.44,hit,0-1,2026-10-10
2026-10-09,2026-10-09 19:42,2026-10-10,2026-10-10 15:15,Netherlands,Tweede Divisie,AFC,Hoek,O05,Over 0.5 goals,goals,,0.955,,,,,High,N/A,rejected,odds N/A (not priced by Sportybet),,0.473,hit,2-0,2026-10-10
2026-10-09,2026-10-09 19:42,2026-10-10,2026-10-10 15:30,Austria,2. Liga,FC Hertha Wels,SW Bregenz,O05,Over 0.5 goals,goals,,0.946,,,,,High,N/A,rejected,odds N/A (not priced by Sportybet),,0.467,hit,1-0,2026-10-10
2026-10-09,2026-10-09 19:42,2026-10-10,2026-10-10 15:30,Austria,2. Liga,SV Austria Salzburg,Floridsdorfer AC,O05,Over 0.5 goals,goals,,0.936,,,,,High,N/A,rejected,odds N/A (not priced by Sportybet),,0.453,hit,2-1,2026-10-10
2026-10-09,2026-10-09 19:42,2026-10-10,2026-10-10 15:30,Germany,Oberliga: Baden-Wurttemberg,Bahlinger SC,SV Oberachern,O05,Over 0.5 goals,goals,,0.96,,,,,High,N/A,rejected,odds N/A (not priced by Sportybet),,0.437,hit,1-0,2026-10-10
2026-10-09,2026-10-09 19:42,2026-10-10,2026-10-10 15:30,Germany,Oberliga: Baden-Wurttemberg,FV Ravensburg,Noettingen,O05,Over 0.5 goals,goals,,0.967,,,,,High,N/A,rejected,odds N/A (not priced by Sportybet),,0.455,hit,1-3,2026-10-10
2026-10-09,2026-10-09 19:42,2026-10-10,2026-10-10 15:30,Germany,Oberliga: Bayern North,TSV 1861 Noerdlingen,SpVgg Bayern Hof,O05,Over 0.5 goals,goals,,0.953,,,,,High,N/A,rejected,odds N/A (not priced by Sportybet),,0.431,hit,2-6,2026-10-10
2026-10-09,2026-10-09 19:42,2026-10-10,2026-10-10 15:30,Germany,Oberliga: Hamburg,Altonaer FC 93,Tesla Hamburg,O05,Over 0.5 goals,goals,,0.982,,,,,High,N/A,rejected,odds N/A (not priced by Sportybet),,0.431,hit,4-2,2026-10-10
2026-10-09,2026-10-09 19:42,2026-10-10,2026-10-10 15:30,Germany,Oberliga: Hessen,SV 1898 Unter-Flockenbach,Huenfelder SV,O05,Over 0.5 goals,goals,,0.976,,,,,High,N/A,rejected,odds N/A (not priced by Sportybet),,0.437,hit,1-0,2026-10-10
2026-10-09,2026-10-09 19:42,2026-10-10,2026-10-10 15:30,Germany,Oberliga: Rheinland-Pfalz/Saar,FC Karbach,Gau-Odernheim,O05,Over 0.5 goals,goals,,0.967,,,,,High,N/A,rejected,odds N/A (not priced by Sportybet),,0.461,hit,2-0,2026-10-10
2026-10-09,2026-10-09 19:42,2026-10-10,2026-10-10 15:30,Germany,Oberliga: Rheinland-Pfalz/Saar,FV Diefflen,Wormatia Worms,O05,Over 0.5 goals,goals,,0.98,,,,,High,N/A,rejected,odds N/A (not priced by Sportybet),,0.455,hit,3-3,2026-10-10
2026-10-09,2026-10-09 19:42,2026-10-10,2026-10-10 15:30,Germany,Oberliga: Rheinland-Pfalz/Saar,FV Engers,RW Wittlich,O05,Over 0.5 goals,goals,,0.98,,,,,High,N/A,rejected,odds N/A (not priced by Sportybet),,0.428,hit,1-1,2026-10-10
2026-10-09,2026-10-09 19:42,2026-10-10,2026-10-10 15:30,Iran,Persian Gulf Pro League,Paykan,Shams Azar Qazvin,H,Paykan to win,result,2.15,0.489,0.432,0.465,5.7,0.052,Medium,Medium,rejected,probability 49% below the 60% bar for result,,0.536,miss,1-1,2026-10-10
2026-10-09,2026-10-09 19:42,2026-10-10,2026-10-10 15:30,Poland,I Liga,Arka Gdynia,Polonia Warsaw,U45,Under 4.5 goals,goals,1.13,0.85,0.824,0.885,2.6,-0.039,High,N/A,rejected,odds 1.13 at or below 1.14 | price too short for the probability (EV -3.9%),,0.354,hit,1-2,2026-10-10
2026-10-09,2026-10-09 19:42,2026-10-10,2026-10-10 15:30,Poland,I Liga,Skierniewice,Termalica Nieciecza,HU15,Skierniewice under 1.5 goals,team,1.73,0.596,0.535,0.578,6.1,0.032,Medium,Medium,rejected,probability 60% below the 70% bar for team,,0.485,miss,2-2,2026-10-10
2026-10-09,2026-10-09 19:42,2026-10-10,2026-10-10 15:30,Slovakia,Super Liga,FC Kosice,Komarno,O05,Over 0.5 goals,goals,,0.957,,,,,High,N/A,rejected,odds N/A (not priced by Sportybet),,0.47,hit,1-1,2026-10-10
2026-10-09,2026-10-09 19:42,2026-10-10,2026-10-10 15:30,Tunisia,Ligue I,Ben Guerdane,Club Africain,H,Ben Guerdane to win,result,6.75,0.192,0.128,0.148,6.4,0.296,High,High,rejected,probability 19% below the 60% bar for result,,0.714,hit,2-1,2026-10-10
2026-10-09,2026-10-09 19:42,2026-10-10,2026-10-10 15:30,Tunisia,Ligue I,PS Sakiet Eddaier,CS Sfaxien,H,PS Sakiet Eddaier to win,result,3.2,0.344,0.292,0.312,5.1,0.1,Low,Low,rejected,failed the pipeline's data checks | probability 34% below the 60% bar for result,,0.586,hit,1-0,2026-10-10
2026-10-09,2026-10-09 19:42,2026-10-10,2026-10-10 15:45,Denmark,Ligaen U17,AC Horsens U17,Silkeborg U17,O05,Over 0.5 goals,goals,,0.983,,,,,High,N/A,rejected,odds N/A (not priced by Sportybet),,0.452,hit,1-4,2026-10-10
2026-10-09,2026-10-09 19:42,2026-10-10,2026-10-10 15:50,Saudi Arabia,Saudi Professional League,Al Hazm,NEOM SC,CO85,Over 8.5 corners,corners,2.0,0.565,0.462,0.5,10.3,0.13,High,N/A,rejected,probability 57% below the 65% bar for corners,,0.782,miss,1-1,2026-10-10
2026-10-09,2026-10-09 19:42,2026-10-10,2026-10-10 16:00,Belarus,Premier League,BATE Borisov,Slavia Mozyr,U55,Under 5.5 goals,goals,,0.968,,,,,High,N/A,rejected,odds N/A (not priced by Sportybet),,0.467,hit,2-1,2026-10-10
2026-10-09,2026-10-09 19:42,2026-10-10,2026-10-10 16:00,Belgium,Challenger Pro League,K Lierse S.K.,Francs Borains,U55,Under 5.5 goals,goals,,0.936,,,,,Medium,N/A,rejected,odds N/A (not priced by Sportybet),,0.396,hit,3-0,2026-10-10
2026-10-09,2026-10-09 19:42,2026-10-10,2026-10-10 16:00,Botswana,Premier League,Botswana Defence Force XI,Orapa United FC,U55,Under 5.5 goals,goals,,0.972,,,,,High,N/A,rejected,odds N/A (not priced by Sportybet),,0.452,miss,2-4,2026-10-10
2026-10-09,2026-10-09 19:42,2026-10-10,2026-10-10 16:00,Botswana,Premier League,Prisons XI,Enesia,HU15,Prisons XI under 1.5 goals,team,1.36,0.821,0.669,0.735,15.2,0.116,Low,Low,rejected,"failed the pipeline's data checks | model 15 pp above the market — data fault, not edge",,0.777,miss,3-1,2026-10-10
2026-10-09,2026-10-09 19:42,2026-10-10,2026-10-10 16:00,England,Championship,Watford,Burnley,U55,Under 5.5 goals,goals,,0.95,,,,,High,N/A,rejected,odds N/A (not priced by Sportybet),,0.467,hit,0-4,2026-10-10
2026-10-09,2026-10-09 19:42,2026-10-10,2026-10-10 16:00,England,Isthmian League Premier Division,Burgess Hill Town,Aveley,O15,Over 1.5 goals,goals,1.15,0.855,0.8,0.87,5.5,-0.016,High,High,rejected,price too short for the probability (EV -1.6%),,0.503,hit,1-1,2026-10-10
2026-10-09,2026-10-09 19:42,2026-10-10,2026-10-10 16:00,England,Isthmian League Premier Division,Carshalton Athletic,St.Albans,AO05,St.Albans over 0.5 goals,team,1.17,0.833,0.778,0.855,5.5,-0.026,High,High,rejected,price too short for the probability (EV -2.6%),,0.521,hit,0-1,2026-10-10
2026-10-09,2026-10-09 19:42,2026-10-10,2026-10-10 16:00,England,Isthmian League Premier Division,Chatham Town,Brentwood Town,HO05,Chatham Town over 0.5 goals,team,1.12,0.869,0.809,0.893,6.0,-0.027,High,High,rejected,odds 1.12 at or below 1.14 | price too short for the probability (EV -2.7%),,0.532,hit,3-0,2026-10-10
2026-10-09,2026-10-09 19:42,2026-10-10,2026-10-10 16:00,England,Isthmian League Premier Division,Cray Wanderers,Lewes,1X,Cray Wanderers or draw,dc,1.31,0.85,0.702,0.763,14.8,0.114,High,High,rejected,"model 15 pp above the market — data fault, not edge",,0.89,miss,1-2,2026-10-10
2026-10-09,2026-10-09 19:42,2026-10-10,2026-10-10 16:00,England,Isthmian League Premier Division,Dartford,Wingate & Finchley,O15,Over 1.5 goals,goals,1.15,0.847,0.796,0.87,5.1,-0.026,High,High,rejected,price too short for the probability (EV -2.6%),,0.492,hit,2-1,2026-10-10
2026-10-09,2026-10-09 19:42,2026-10-10,2026-10-10 16:00,England,Isthmian League Premier Division,Eastbourne Borough,Welling United,O15,Over 1.5 goals,goals,1.16,0.848,0.791,0.862,5.7,-0.016,High,High,rejected,price too short for the probability (EV -1.6%),,0.484,miss,1-0,2026-10-10
2026-10-09,2026-10-09 19:42,2026-10-10,2026-10-10 16:00,England,Isthmian League Premier Division,Enfield Town,Dulwich Hamlet,AO15,Dulwich Hamlet over 1.5 goals,team,2.25,0.462,0.405,0.444,5.7,0.039,High,High,rejected,probability 46% below the 70% bar for team,,0.6,miss,3-0,2026-10-10
2026-10-09,2026-10-09 19:42,2026-10-10,2026-10-10 16:00,England,Isthmian League Premier Division,Leatherhead,Cheshunt,HO15,Leatherhead over 1.5 goals,team,1.66,0.605,0.546,0.602,5.9,0.004,High,High,rejected,probability 61% below the 70% bar for team,,0.489,miss,1-2,2026-10-10
2026-10-09,2026-10-09 19:42,2026-10-10,2026-10-10 16:00,England,Isthmian League Premier Division,Maldon & Tiptree,Whyteleafe,O15,Over 1.5 goals,goals,1.16,0.838,0.791,0.862,4.7,-0.028,High,High,rejected,price too short for the probability (EV -2.8%),,0.427,hit,1-2,2026-10-10
2026-10-09,2026-10-09 19:42,2026-10-10,2026-10-10 16:00,England,Isthmian League Premier Division,Whitehawk,Ramsgate,O05,Over 0.5 goals,goals,,0.957,,,,,High,N/A,rejected,odds N/A (not priced by Sportybet),,0.461,hit,1-4,2026-10-10
2026-10-09,2026-10-09 19:42,2026-10-10,2026-10-10 16:00,England,Isthmian League: North Division,AFC Sudbury,Gorleston,O05,Over 0.5 goals,goals,,0.966,,,,,Medium,N/A,rejected,odds N/A (not priced by Sportybet),,0.413,hit,2-3,2026-10-10
2026-10-09,2026-10-09 19:42,2026-10-10,2026-10-10 16:00,England,Isthmian League: North Division,Buckhurst Hill,Mulbarton Wanderers,O05,Over 0.5 goals,goals,,0.956,,,,,Medium,N/A,rejected,odds N/A (not priced by Sportybet),,0.41,hit,1-1,2026-10-10
2026-10-09,2026-10-09 19:42,2026-10-10,2026-10-10 16:00,England,Isthmian League: North Division,Canvey Island,Fakenham Town,O05,Over 0.5 goals,goals,,0.955,,,,,Medium,N/A,rejected,odds N/A (not priced by Sportybet),,0.419,hit,1-3,2026-10-10
2026-10-09,2026-10-09 19:42,2026-10-10,2026-10-10 16:00,England,Isthmian League: North Division,Little Oakley,Grays Athletic,O05,Over 0.5 goals,goals,,0.971,,,,,Medium,N/A,rejected,odds N/A (not priced by Sportybet),,0.395,hit,2-1,2026-10-10
2026-10-09,2026-10-09 19:42,2026-10-10,2026-10-10 16:00,England,Isthmian League: North Division,Lowestoft Town,Hashtag United,O05,Over 0.5 goals,goals,,0.973,,,,,Medium,N/A,rejected,odds N/A (not priced by Sportybet),,0.407,hit,0-8,2026-10-10
2026-10-09,2026-10-09 19:42,2026-10-10,2026-10-10 16:00,England,Isthmian League: North Division,Newmarket Town,Bowers & Pitsea,O05,Over 0.5 goals,goals,,0.953,,,,,High,N/A,rejected,odds N/A (not priced by Sportybet),,0.431,hit,2-2,2026-10-10
2026-10-09,2026-10-09 19:42,2026-10-10,2026-10-10 16:00,England,Isthmian League: North Division,Redbridge,Cambridge City,O05,Over 0.5 goals,goals,,0.965,,,,,Medium,N/A,rejected,odds N/A (not priced by Sportybet),,0.395,hit,1-3,2026-10-10
2026-10-09,2026-10-09 19:42,2026-10-10,2026-10-10 16:00,England,Isthmian League: North Division,Tilbury,Takeley,O05,Over 0.5 goals,goals,,0.952,,,,,High,N/A,rejected,odds N/A (not priced by Sportybet),,0.425,hit,2-0,2026-10-10
2026-10-09,2026-10-09 19:42,2026-10-10,2026-10-10 16:00,England,Isthmian League: North Division,Walthamstow,Brightlingsea Regent,O05,Over 0.5 goals,goals,,0.961,,,,,Medium,N/A,rejected,odds N/A (not priced by Sportybet),,0.419,hit,4-0,2026-10-10
2026-10-09,2026-10-09 19:42,2026-10-10,2026-10-10 16:00,England,Isthmian League: North Division,Witham Town,Felixstowe & Walton United,O05,Over 0.5 goals,goals,,0.955,,,,,Medium,N/A,rejected,odds N/A (not priced by Sportybet),,0.425,hit,1-2,2026-10-10
2026-10-09,2026-10-09 19:42,2026-10-10,2026-10-10 16:00,England,Isthmian League: South Central Division,AFC Portchester,Ashford Town,O05,Over 0.5 goals,goals,,0.949,,,,,Medium,N/A,rejected,odds N/A (not priced by Sportybet),,0.4,hit,1-2,2026-10-10
2026-10-09,2026-10-09 19:42,2026-10-10,2026-10-10 16:00,England,Isthmian League: South Central Division,Ascot United,Harrow Borough,O05,Over 0.5 goals,goals,,0.964,,,,,High,N/A,rejected,odds N/A (not priced by Sportybet),,0.425,hit,1-1,2026-10-10
2026-10-09,2026-10-09 19:42,2026-10-10,2026-10-10 16:00,England,Isthmian League: South Central Division,Bedfont Sports Club,Westfield FC,O05,Over 0.5 goals,goals,,0.955,,,,,Medium,N/A,rejected,odds N/A (not priced by Sportybet),,0.419,hit,1-4,2026-10-10
2026-10-09,2026-10-09 19:42,2026-10-10,2026-10-10 16:00,England,Isthmian League: South Central Division,Bognor Regis Town,Binfield,O05,Over 0.5 goals,goals,,0.981,,,,,Medium,N/A,rejected,odds N/A (not priced by Sportybet),,0.41,hit,2-1,2026-10-10
2026-10-09,2026-10-09 19:42,2026-10-10,2026-10-10 16:00,England,Isthmian League: South Central Division,Cobham,Egham Town FC,O05,Over 0.5 goals,goals,,0.962,,,,,Medium,N/A,rejected,odds N/A (not priced by Sportybet),,0.395,hit,0-1,2026-10-10
2026-10-09,2026-10-09 19:42,2026-10-10,2026-10-10 16:00,England,Isthmian League: South Central Division,Kingstonian,Jersey Bulls,O05,Over 0.5 goals,goals,,0.967,,,,,Medium,N/A,rejected,odds N/A (not priced by Sportybet),,0.419,hit,0-2,2026-10-10
2026-10-09,2026-10-09 19:42,2026-10-10,2026-10-10 16:00,England,Isthmian League: South Central Division,Littlehampton Town,Hendon,O05,Over 0.5 goals,goals,,0.97,,,,,Medium,N/A,rejected,odds N/A (not priced by Sportybet),,0.422,hit,3-4,2026-10-10
2026-10-09,2026-10-09 19:42,2026-10-10,2026-10-10 16:00,England,Isthmian League: South Central Division,Moneyfields FC,Hartley Wintney,O05,Over 0.5 goals,goals,,0.964,,,,,Medium,N/A,rejected,odds N/A (not priced by Sportybet),,0.404,hit,3-2,2026-10-10
2026-10-09,2026-10-09 19:42,2026-10-10,2026-10-10 16:00,England,Isthmian League: South Central Division,Raynes Park Vale,AFC Stoneham,O05,Over 0.5 goals,goals,,0.961,,,,,Medium,N/A,rejected,odds N/A (not priced by Sportybet),,0.383,hit,2-3,2026-10-10
2026-10-09,2026-10-09 19:42,2026-10-10,2026-10-10 16:00,England,Isthmian League: South Central Division,Winchester City,Southall,O05,Over 0.5 goals,goals,,0.961,,,,,Medium,N/A,rejected,odds N/A (not priced by Sportybet),,0.425,hit,3-2,2026-10-10
2026-10-09,2026-10-09 19:42,2026-10-10,2026-10-10 16:00,England,Isthmian League: South Central Division,Windsor & Eton FC,Hayes & Yeading United,O05,Over 0.5 goals,goals,,0.964,,,,,Low,N/A,rejected,failed the pipeline's data checks | odds N/A (not priced by Sportybet),,0.314,miss,0-0,2026-10-10
2026-10-09,2026-10-09 19:42,2026-10-10,2026-10-10 16:00,England,Isthmian League: South East Division,AFC Croydon Athletic,Margate,O05,Over 0.5 goals,goals,,0.963,,,,,Medium,N/A,rejected,odds N/A (not priced by Sportybet),,0.425,hit,1-3,2026-10-10
2026-10-09,2026-10-09 19:42,2026-10-10,2026-10-10 16:00,England,Isthmian League: South East Division,Ashford United,Horley Town,O05,Over 0.5 goals,goals,,0.974,,,,,Medium,N/A,rejected,odds N/A (not priced by Sportybet),,0.389,hit,2-2,2026-10-10
2026-10-09,2026-10-09 19:42,2026-10-10,2026-10-10 16:00,England,Isthmian League: South East Division,Broadbridge Heath,Deal Town,O05,Over 0.5 goals,goals,,0.965,,,,,Medium,N/A,rejected,odds N/A (not priced by Sportybet),,0.401,hit,1-1,2026-10-10
2026-10-09,2026-10-09 19:42,2026-10-10,2026-10-10 16:00,England,Isthmian League: South East Division,Crowborough Athletic,Sevenoaks Town,O05,Over 0.5 goals,goals,,0.965,,,,,Medium,N/A,rejected,odds N/A (not priced by Sportybet),,0.383,hit,5-2,2026-10-10
2026-10-09,2026-10-09 19:42,2026-10-10,2026-10-10 16:00,England,Isthmian League: South East Division,Eastbourne Town,Sittingbourne,O05,Over 0.5 goals,goals,,0.963,,,,,Medium,N/A,rejected,odds N/A (not priced by Sportybet),,0.383,hit,1-1,2026-10-10
2026-10-09,2026-10-09 19:42,2026-10-10,2026-10-10 16:00,England,Isthmian League: South East Division,Erith Town,Herne Bay,O05,Over 0.5 goals,goals,,0.956,,,,,Medium,N/A,rejected,odds N/A (not priced by Sportybet),,0.401,hit,4-1,2026-10-10
2026-10-09,2026-10-09 19:42,2026-10-10,2026-10-10 16:00,England,Isthmian League: South East Division,Faversham Town,South Park,O05,Over 0.5 goals,goals,,0.967,,,,,Medium,N/A,rejected,odds N/A (not priced by Sportybet),,0.389,hit,2-2,2026-10-10
2026-10-09,2026-10-09 19:42,2026-10-10,2026-10-10 16:00,England,Isthmian League: South East Division,Sheppey United,Hastings United,O05,Over 0.5 goals,goals,,0.957,,,,,Medium,N/A,rejected,odds N/A (not priced by Sportybet),,0.395,hit,1-2,2026-10-10
2026-10-09,2026-10-09 19:42,2026-10-10,2026-10-10 16:00,England,Isthmian League: South East Division,Whitstable Town,Steyning Town,O05,Over 0.5 goals,goals,,0.966,,,,,Medium,N/A,rejected,odds N/A (not priced by Sportybet),,0.419,hit,4-0,2026-10-10
2026-10-09,2026-10-09 19:42,2026-10-10,2026-10-10 16:00,England,League One,Leicester,Peterboro,U45,Under 4.5 goals,goals,1.34,0.857,0.705,0.746,15.2,0.148,High,N/A,rejected,"model 15 pp above the market — data fault, not edge",,0.881,hit,1-3,2026-10-10
2026-10-09,2026-10-09 19:42,2026-10-10,2026-10-10 16:00,England,League One,Mansfield,Bromley,KU55,Under 5.5 cards,cards,,0.875,,,,,High,N/A,rejected,odds N/A (not priced by Sportybet),,0.435,pending,,
2026-10-09,2026-10-09 19:42,2026-10-10,2026-10-10 16:00,England,League One,Stockport,Barnsley,O05,Over 0.5 goals,goals,,0.948,,,,,High,N/A,rejected,odds N/A (not priced by Sportybet),,0.462,hit,3-1,2026-10-10
2026-10-09,2026-10-09 19:42,2026-10-10,2026-10-10 16:00,England,League One,Wycombe,Luton,O05,Over 0.5 goals,goals,,0.946,,,,,High,N/A,rejected,odds N/A (not priced by Sportybet),,0.473,hit,1-4,2026-10-10
2026-10-09,2026-10-09 19:42,2026-10-10,2026-10-10 16:00,England,League Two,Port Vale,Grimsby,U35,Under 3.5 goals,goals,1.33,0.83,0.71,0.752,12.1,0.105,High,High,rejected,"model 12 pp above the market — data fault, not edge",,0.883,hit,1-0,2026-10-10
2026-10-09,2026-10-09 19:42,2026-10-10,2026-10-10 16:00,England,League Two,Rotherham,Gillingham,A,Gillingham to win,result,4.0,0.282,0.23,0.25,5.1,0.126,High,High,rejected,probability 28% below the 60% bar for result,,0.662,hit,1-4,2026-10-10
2026-10-09,2026-10-09 19:42,2026-10-10,2026-10-10 16:00,England,National League,Halifax,Gateshead,O35,Over 3.5 goals,goals,2.65,0.386,0.357,0.377,2.9,0.022,High,High,rejected,probability 39% below the 70% bar for goals,,0.513,hit,4-1,2026-10-10
2026-10-09,2026-10-09 19:42,2026-10-10,2026-10-10 16:00,England,National League,Worthing,Solihull,O05,Over 0.5 goals,goals,,0.964,,,,,High,N/A,rejected,odds N/A (not priced by Sportybet),,0.467,hit,5-0,2026-10-10
2026-10-09,2026-10-09 19:42,2026-10-10,2026-10-10 16:00,England,National League: North,Chester FC,Bedford Town,A,Bedford Town to win,result,4.8,0.244,0.181,0.208,6.4,0.173,High,High,rejected,probability 24% below the 60% bar for result,,0.714,miss,1-0,2026-10-10
2026-10-09,2026-10-09 19:42,2026-10-10,2026-10-10 16:00,England,National League: North,Chorley,AFC Telford United,H,Chorley to win,result,2.4,0.425,0.39,0.417,3.6,0.021,High,High,rejected,probability 43% below the 60% bar for result,,0.441,hit,2-1,2026-10-10
2026-10-09,2026-10-09 19:42,2026-10-10,2026-10-10 16:00,England,National League: North,Harborough Town FC,Southport,1X,Harborough Town FC or draw,dc,1.17,0.839,0.817,0.855,2.1,-0.019,High,High,rejected,price too short for the probability (EV -1.9%),,0.412,hit,1-0,2026-10-10
2026-10-09,2026-10-09 19:42,2026-10-10,2026-10-10 16:00,England,National League: North,Hebburn Town,Oxford City,H,Hebburn Town to win,result,3.0,0.378,0.305,0.333,7.3,0.134,High,High,rejected,probability 38% below the 60% bar for result,,0.717,miss,0-3,2026-10-10
2026-10-09,2026-10-09 19:42,2026-10-10,2026-10-10 16:00,England,National League: North,King's Lynn Town,Buxton,H,King's Lynn Town to win,result,2.8,0.397,0.327,0.357,7.0,0.111,High,High,rejected,probability 40% below the 60% bar for result,,0.729,hit,1-0,2026-10-10
2026-10-09,2026-10-09 19:42,2026-10-10,2026-10-10 16:00,England,National League: North,Radcliffe,Scarborough Athletic,A,Scarborough Athletic to win,result,2.15,0.484,0.438,0.465,4.6,0.041,High,High,rejected,probability 48% below the 60% bar for result,,0.519,miss,4-1,2026-10-10
2026-10-09,2026-10-09 19:42,2026-10-10,2026-10-10 16:00,England,National League: North,Worksop Town,Morecambe,H,Worksop Town to win,result,2.65,0.393,0.35,0.377,4.2,0.041,High,High,rejected,probability 39% below the 60% bar for result,,0.488,hit,2-1,2026-10-10
2026-10-09,2026-10-09 19:42,2026-10-10,2026-10-10 16:00,England,National League: South,Chesham United,Chelmsford City,AO15,Chelmsford City over 1.5 goals,team,2.2,0.458,0.423,0.455,3.6,0.008,High,High,rejected,probability 46% below the 70% bar for team,,0.481,hit,0-5,2026-10-10
2026-10-09,2026-10-09 19:42,2026-10-10,2026-10-10 16:00,England,National League: South,Hampton & Richmond,Ebbsfleet United,AO05,Ebbsfleet United over 0.5 goals,team,1.14,0.846,0.814,0.877,3.1,-0.036,High,High,rejected,odds 1.14 at or below 1.14 | price too short for the probability (EV -3.6%),,0.45,hit,0-2,2026-10-10
2026-10-09,2026-10-09 19:42,2026-10-10,2026-10-10 16:00,England,National League: South,Torquay United,Slough Town,O05,Over 0.5 goals,goals,,0.961,,,,,High,N/A,rejected,odds N/A (not priced by Sportybet),,0.455,hit,5-1,2026-10-10
2026-10-09,2026-10-09 19:42,2026-10-10,2026-10-10 16:00,England,National League: South,Weston Super Mare,Folkestone Invicta,U55,Under 5.5 goals,goals,,0.942,,,,,High,N/A,rejected,odds N/A (not priced by Sportybet),,0.436,hit,1-1,2026-10-10
2026-10-09,2026-10-09 19:42,2026-10-10,2026-10-10 16:00,England,Northern Premier League,Alfreton Town,Bury,HU15,Alfreton Town under 1.5 goals,team,1.48,0.695,0.614,0.676,8.2,0.029,Medium,Medium,rejected,probability 70% below the 70% bar for team,,0.553,miss,2-3,2026-10-10
2026-10-09,2026-10-09 19:42,2026-10-10,2026-10-10 16:00,England,Northern Premier League,Cleethorpes Town,Warrington Rylands,HO05,Cleethorpes Town over 0.5 goals,team,1.19,0.817,0.762,0.84,5.5,-0.028,High,High,rejected,price too short for the probability (EV -2.8%),,0.492,hit,3-0,2026-10-10
2026-10-09,2026-10-09 19:42,2026-10-10,2026-10-10 16:00,England,Northern Premier League,Ilkeston Town,Redcar Athletic,HU15,Ilkeston Town under 1.5 goals,team,1.26,0.782,0.721,0.794,6.1,-0.015,High,High,rejected,price too short for the probability (EV -1.5%),,0.517,hit,0-5,2026-10-10
2026-10-09,2026-10-09 19:42,2026-10-10,2026-10-10 16:00,England,Northern Premier League,Leek Town,Ashton United,H,Leek Town to win,result,2.25,0.459,0.408,0.444,5.1,0.033,High,High,rejected,probability 46% below the 60% bar for result,,0.527,miss,2-2,2026-10-10
2026-10-09,2026-10-09 19:42,2026-10-10,2026-10-10 16:00,England,Northern Premier League,Quorn,Workington,HU15,Quorn under 1.5 goals,team,1.9,0.53,0.478,0.526,5.2,0.007,High,High,rejected,probability 53% below the 70% bar for team,,0.428,miss,3-0,2026-10-10
2026-10-09,2026-10-09 19:42,2026-10-10,2026-10-10 16:00,England,Northern Premier League,Warrington Town,Lancaster City,O15,Over 1.5 goals,goals,1.22,0.809,0.755,0.82,5.5,-0.013,High,High,rejected,price too short for the probability (EV -1.3%),,0.464,hit,2-2,2026-10-10
2026-10-09,2026-10-09 19:42,2026-10-10,2026-10-10 16:00,England,Northern Premier League,Whitby,Bamber Bridge,O05,Over 0.5 goals,goals,,0.954,,,,,High,N/A,rejected,odds N/A (not priced by Sportybet),,0.455,miss,0-0,2026-10-10
2026-10-09,2026-10-09 19:42,2026-10-10,2026-10-10 16:00,England,Northern Premier League: East Division,Bradford PA,Liversedge,O05,Over 0.5 goals,goals,,0.958,,,,,Medium,N/A,rejected,odds N/A (not priced by Sportybet),,0.383,hit,2-1,2026-10-10
2026-10-09,2026-10-09 19:42,2026-10-10,2026-10-10 16:00,England,Northern Premier League: East Division,Bridlington Town,Morpeth Town AFC,U55,Under 5.5 goals,goals,,0.948,,,,,Medium,N/A,rejected,odds N/A (not priced by Sportybet),,0.424,hit,1-1,2026-10-10
2026-10-09,2026-10-09 19:42,2026-10-10,2026-10-10 16:00,England,Northern Premier League: East Division,Guisborough Town,Blyth Spartans,U55,Under 5.5 goals,goals,,0.956,,,,,Medium,N/A,rejected,odds N/A (not priced by Sportybet),,0.395,hit,0-1,2026-10-10
2026-10-09,2026-10-09 19:42,2026-10-10,2026-10-10 16:00,England,Northern Premier League: East Division,Hallam,Garforth Town,U55,Under 5.5 goals,goals,,0.936,,,,,Medium,N/A,rejected,odds N/A (not priced by Sportybet),,0.393,hit,0-3,2026-10-10
2026-10-09,2026-10-09 19:42,2026-10-10,2026-10-10 16:00,England,Northern Premier League: East Division,Heaton Stannington FC,Ossett United,U55,Under 5.5 goals,goals,,0.942,,,,,High,N/A,rejected,odds N/A (not priced by Sportybet),,0.431,pending,,
2026-10-09,2026-10-09 19:42,2026-10-10,2026-10-10 16:00,England,Northern Premier League: East Division,Lincoln United,West Auckland Town,O05,Over 0.5 goals,goals,,0.939,,,,,High,N/A,rejected,odds N/A (not priced by Sportybet),,0.431,hit,3-2,2026-10-10
2026-10-09,2026-10-09 19:42,2026-10-10,2026-10-10 16:00,England,Northern Premier League: East Division,North Ferriby FC,Dunston UTS,U55,Under 5.5 goals,goals,,0.959,,,,,Medium,N/A,rejected,odds N/A (not priced by Sportybet),,0.413,hit,0-2,2026-10-10
2026-10-09,2026-10-09 19:42,2026-10-10,2026-10-10 16:00,England,Northern Premier League: East Division,Pontefract Collieries,Grimsby Borough,O05,Over 0.5 goals,goals,,0.958,,,,,High,N/A,rejected,odds N/A (not priced by Sportybet),,0.425,hit,3-1,2026-10-10
2026-10-09,2026-10-09 19:42,2026-10-10,2026-10-10 16:00,England,Northern Premier League: East Division,Stocksbridge Park Steels,Matlock Town,U55,Under 5.5 goals,goals,,0.938,,,,,Medium,N/A,rejected,odds N/A (not priced by Sportybet),,0.41,hit,0-3,2026-10-10
2026-10-09,2026-10-09 19:42,2026-10-10,2026-10-10 16:00,England,Northern Premier League: Midlands Division,Bedworth United,Bourne Town,U55,Under 5.5 goals,goals,,0.946,,,,,Medium,N/A,rejected,odds N/A (not priced by Sportybet),,0.422,miss,6-1,2026-10-10
2026-10-09,2026-10-09 19:42,2026-10-10,2026-10-10 16:00,England,Northern Premier League: Midlands Division,Coleshill Town,Basford United,O05,Over 0.5 goals,goals,,0.936,,,,,Medium,N/A,rejected,odds N/A (not priced by Sportybet),,0.39,hit,4-2,2026-10-10
2026-10-09,2026-10-09 19:42,2026-10-10,2026-10-10 16:00,England,Northern Premier League: Midlands Division,Corby Town,Boldmere St Michaels,O05,Over 0.5 goals,goals,,0.939,,,,,High,N/A,rejected,odds N/A (not priced by Sportybet),,0.422,hit,2-2,2026-10-10
2026-10-09,2026-10-09 19:42,2026-10-10,2026-10-10 16:00,England,Northern Premier League: Midlands Division,Coventry United,Carlton Town,O05,Over 0.5 goals,goals,,0.94,,,,,Medium,N/A,rejected,odds N/A (not priced by Sportybet),,0.387,hit,0-3,2026-10-10
2026-10-09,2026-10-09 19:42,2026-10-10,2026-10-10 16:00,England,Northern Premier League: Midlands Division,Long Eaton United,AFC Rushden & Diamonds,O05,Over 0.5 goals,goals,,0.944,,,,,Medium,N/A,rejected,odds N/A (not priced by Sportybet),,0.39,hit,3-5,2026-10-10
2026-10-09,2026-10-09 19:42,2026-10-10,2026-10-10 16:00,England,Northern Premier League: Midlands Division,Loughborough University,Barwell FC,O05,Over 0.5 goals,goals,,0.952,,,,,Medium,N/A,rejected,odds N/A (not priced by Sportybet),,0.392,hit,3-0,2026-10-10
2026-10-09,2026-10-09 19:42,2026-10-10,2026-10-10 16:00,England,Northern Premier League: Midlands Division,Shepshed Dynamo,Mickleover Sports,U55,Under 5.5 goals,goals,,0.942,,,,,Medium,N/A,rejected,odds N/A (not priced by Sportybet),,0.382,hit,1-1,2026-10-10
2026-10-09,2026-10-09 19:42,2026-10-10,2026-10-10 16:00,England,Northern Premier League: Midlands Division,St. Ives Town,Belper Town,O05,Over 0.5 goals,goals,,0.941,,,,,Medium,N/A,rejected,odds N/A (not priced by Sportybet),,0.412,hit,0-5,2026-10-10
2026-10-09,2026-10-09 19:42,2026-10-10,2026-10-10 16:00,England,Northern Premier League: Midlands Division,Sutton Coldfield Town,Boston Town,O05,Over 0.5 goals,goals,,0.952,,,,,Medium,N/A,rejected,odds N/A (not priced by Sportybet),,0.401,hit,3-3,2026-10-10
2026-10-09,2026-10-09 19:42,2026-10-10,2026-10-10 16:00,England,Northern Premier League: Midlands Division,Wellingborough Town,Grantham Town,O05,Over 0.5 goals,goals,,0.943,,,,,Medium,N/A,rejected,odds N/A (not priced by Sportybet),,0.395,hit,3-2,2026-10-10
2026-10-09,2026-10-09 19:42,2026-10-10,2026-10-10 16:00,England,Northern Premier League: West Division,Hanley Town,Bootle,O05,Over 0.5 goals,goals,,0.967,,,,,High,N/A,rejected,odds N/A (not priced by Sportybet),,0.431,hit,1-0,2026-10-10
2026-10-09,2026-10-09 19:42,2026-10-10,2026-10-10 16:00,England,Northern Premier League: West Division,Lichfield City,Clitheroe,O05,Over 0.5 goals,goals,,0.969,,,,,Medium,N/A,rejected,odds N/A (not priced by Sportybet),,0.413,hit,1-2,2026-10-10
2026-10-09,2026-10-09 19:42,2026-10-10,2026-10-10 16:00,England,Northern Premier League: West Division,Nantwich Town,Atherton Collieries,O05,Over 0.5 goals,goals,,0.956,,,,,Medium,N/A,rejected,odds N/A (not priced by Sportybet),,0.425,hit,1-2,2026-10-10
2026-10-09,2026-10-09 19:42,2026-10-10,2026-10-10 16:00,England,Northern Premier League: West Division,Prescot Cables,Wythenshawe,O05,Over 0.5 goals,goals,,0.954,,,,,Medium,N/A,rejected,odds N/A (not priced by Sportybet),,0.404,hit,1-1,2026-10-10
2026-10-09,2026-10-09 19:42,2026-10-10,2026-10-10 16:00,England,Northern Premier League: West Division,Runcorn Linnets,Congleton Town,O05,Over 0.5 goals,goals,,0.946,,,,,Medium,N/A,rejected,odds N/A (not priced by Sportybet),,0.422,hit,2-2,2026-10-10
2026-10-09,2026-10-09 19:42,2026-10-10,2026-10-10 16:00,England,Northern Premier League: West Division,Shifnal Town,1874 Northwich,O05,Over 0.5 goals,goals,,0.944,,,,,Medium,N/A,rejected,odds N/A (not priced by Sportybet),,0.396,hit,3-1,2026-10-10
2026-10-09,2026-10-09 19:42,2026-10-10,2026-10-10 16:00,England,Northern Premier League: West Division,Stafford Rangers,Mossley AFC,O05,Over 0.5 goals,goals,,0.948,,,,,Medium,N/A,rejected,odds N/A (not priced by Sportybet),,0.393,hit,3-0,2026-10-10
2026-10-09,2026-10-09 19:42,2026-10-10,2026-10-10 16:00,England,Northern Premier League: West Division,Stalybridge,Kidsgrove Athletic,O05,Over 0.5 goals,goals,,0.952,,,,,Medium,N/A,rejected,odds N/A (not priced by Sportybet),,0.401,hit,3-1,2026-10-10
2026-10-09,2026-10-09 19:42,2026-10-10,2026-10-10 16:00,England,Northern Premier League: West Division,Vauxhall Motors,Chasetown,O05,Over 0.5 goals,goals,,0.961,,,,,High,N/A,rejected,odds N/A (not priced by Sportybet),,0.425,hit,2-2,2026-10-10
2026-10-09,2026-10-09 19:42,2026-10-10,2026-10-10 16:00,England,Northern Premier League: West Division,Witton Albion,Newcastle Town,O05,Over 0.5 goals,goals,,0.961,,,,,Medium,N/A,rejected,odds N/A (not priced by Sportybet),,0.404,hit,1-0,2026-10-10
2026-10-09,2026-10-09 19:42,2026-10-10,2026-10-10 16:00,England,Southern League Premier: Central,Banbury United,Stamford AFC,U45,Under 4.5 goals,goals,1.12,0.862,0.823,0.893,3.9,-0.035,High,N/A,rejected,odds 1.12 at or below 1.14 | price too short for the probability (EV -3.5%),,0.436,miss,3-2,2026-10-10
2026-10-09,2026-10-09 19:42,2026-10-10,2026-10-10 16:00,England,Southern League Premier: Central,Kettering Town,Halesowen Town FC,U45,Under 4.5 goals,goals,1.13,0.848,0.813,0.885,3.6,-0.042,High,N/A,rejected,odds 1.13 at or below 1.14 | price too short for the probability (EV -4.2%),,0.412,hit,1-1,2026-10-10
2026-10-09,2026-10-09 19:42,2026-10-10,2026-10-10 16:00,England,Southern League Premier: Central,Needham Market,Anstey Nomads,AO05,Anstey Nomads over 0.5 goals,team,1.2,0.794,0.758,0.833,3.6,-0.047,High,High,rejected,price too short for the probability (EV -4.7%),,0.404,hit,1-1,2026-10-10
2026-10-09,2026-10-09 19:42,2026-10-10,2026-10-10 16:00,England,Southern League Premier: Central,Racing Club Warwick,Leiston,U45,Under 4.5 goals,goals,1.2,0.82,0.765,0.833,5.6,-0.016,High,N/A,rejected,price too short for the probability (EV -1.6%),,0.429,hit,0-0,2026-10-10
2026-10-09,2026-10-09 19:42,2026-10-10,2026-10-10 16:00,England,Southern League Premier: Central,Real Bedford,Bromsgrove Sporting,AU15,Bromsgrove Sporting under 1.5 goals,team,1.54,0.664,0.588,0.649,7.6,0.023,High,High,rejected,probability 66% below the 70% bar for team,,0.528,hit,1-1,2026-10-10
2026-10-09,2026-10-09 19:42,2026-10-10,2026-10-10 16:00,England,Southern League Premier: Central,Redditch United,Bishop's Stortford,H,Redditch United to win,result,1.82,0.578,0.515,0.549,6.2,0.051,High,High,rejected,probability 58% below the 60% bar for result,,0.608,hit,3-1,2026-10-10
2026-10-09,2026-10-09 19:42,2026-10-10,2026-10-10 16:00,England,Southern League Premier: Central,Stourbridge,Leighton Town,O15,Over 1.5 goals,goals,1.21,0.812,0.756,0.826,5.6,-0.017,High,High,rejected,price too short for the probability (EV -1.7%),,0.454,hit,2-1,2026-10-10
2026-10-09,2026-10-09 19:42,2026-10-10,2026-10-10 16:00,England,Southern League Premier: Central,Stratford Town,Leamington,O05,Over 0.5 goals,goals,,0.945,,,,,High,N/A,rejected,odds N/A (not priced by Sportybet),,0.433,hit,2-1,2026-10-10
2026-10-09,2026-10-09 19:42,2026-10-10,2026-10-10 16:00,England,Southern League Premier: South,Basingstoke,Malvern Town,H,Basingstoke to win,result,1.88,0.557,0.499,0.532,5.8,0.047,High,High,rejected,probability 56% below the 60% bar for result,,0.547,hit,4-1,2026-10-10
2026-10-09,2026-10-09 19:42,2026-10-10,2026-10-10 16:00,England,Southern League Premier: South,Chichester City,Plymouth Parkway,O15,Over 1.5 goals,goals,1.17,0.841,0.786,0.855,5.5,-0.016,High,High,rejected,price too short for the probability (EV -1.6%),,0.475,hit,3-1,2026-10-10
2026-10-09,2026-10-09 19:42,2026-10-10,2026-10-10 16:00,England,Southern League Premier: South,Poole Town,Bracknell Town,O15,Over 1.5 goals,goals,1.17,0.83,0.786,0.855,4.4,-0.029,High,High,rejected,price too short for the probability (EV -2.9%),,0.451,miss,1-0,2026-10-10
2026-10-09,2026-10-09 19:42,2026-10-10,2026-10-10 16:00,England,Southern League Premier: South,Yate Town,Berkhamsted,O05,Over 0.5 goals,goals,,0.938,,,,,High,N/A,rejected,odds N/A (not priced by Sportybet),,0.458,hit,0-3,2026-10-10
2026-10-09,2026-10-09 19:42,2026-10-10,2026-10-10 16:00,England,Southern League: Central Divison,Beaconsfield Town,Barton Rovers,O05,Over 0.5 goals,goals,,0.951,,,,,Medium,N/A,rejected,odds N/A (not priced by Sportybet),,0.398,hit,1-3,2026-10-10
2026-10-09,2026-10-09 19:42,2026-10-10,2026-10-10 16:00,England,Southern League: Central Divison,Biggleswade Town,Haringey Borough,O05,Over 0.5 goals,goals,,0.942,,,,,Medium,N/A,rejected,odds N/A (not priced by Sportybet),,0.395,hit,2-3,2026-10-10
2026-10-09,2026-10-09 19:42,2026-10-10,2026-10-10 16:00,England,Southern League: Central Divison,Didcot Town,Biggleswade FC,O05,Over 0.5 goals,goals,,0.965,,,,,Medium,N/A,rejected,odds N/A (not priced by Sportybet),,0.383,hit,0-2,2026-10-10
2026-10-09,2026-10-09 19:42,2026-10-10,2026-10-10 16:00,England,Southern League: Central Divison,Hertford Town,Milton Keynes Irish,O05,Over 0.5 goals,goals,,0.95,,,,,Medium,N/A,rejected,odds N/A (not priced by Sportybet),,0.395,hit,0-3,2026-10-10
2026-10-09,2026-10-09 19:42,2026-10-10,2026-10-10 16:00,England,Southern League: Central Divison,London Lions,Aylesbury United,O05,Over 0.5 goals,goals,,0.963,,,,,High,N/A,rejected,odds N/A (not priced by Sportybet),,0.425,hit,2-1,2026-10-10
2026-10-09,2026-10-09 19:42,2026-10-10,2026-10-10 16:00,England,Southern League: Central Divison,Marlow,Royston Town,O05,Over 0.5 goals,goals,,0.958,,,,,Medium,N/A,rejected,odds N/A (not priced by Sportybet),,0.389,hit,3-3,2026-10-10
2026-10-09,2026-10-09 19:42,2026-10-10,2026-10-10 16:00,England,Southern League: Central Divison,Potters Bar Town,Flackwell Heath,O05,Over 0.5 goals,goals,,0.951,,,,,Medium,N/A,rejected,odds N/A (not priced by Sportybet),,0.413,hit,3-0,2026-10-10
2026-10-09,2026-10-09 19:42,2026-10-10,2026-10-10 16:00,England,Southern League: Central Divison,Stotfold,Waltham Abbey,O05,Over 0.5 goals,goals,,0.962,,,,,Medium,N/A,rejected,odds N/A (not priced by Sportybet),,0.383,hit,3-1,2026-10-10
2026-10-09,2026-10-09 19:42,2026-10-10,2026-10-10 16:00,England,Southern League: Central Divison,Thame United,Leverstock Green,O05,Over 0.5 goals,goals,,0.956,,,,,Medium,N/A,rejected,odds N/A (not priced by Sportybet),,0.413,hit,2-3,2026-10-10
2026-10-09,2026-10-09 19:42,2026-10-10,2026-10-10 16:00,England,Southern League: Central Divison,Ware,Hadley,O05,Over 0.5 goals,goals,,0.956,,,,,Medium,N/A,rejected,odds N/A (not priced by Sportybet),,0.386,hit,2-4,2026-10-10
2026-10-09,2026-10-09 19:42,2026-10-10,2026-10-10 16:00,England,Southern League: Central Divison,Welwyn Garden City,Winslow United,O05,Over 0.5 goals,goals,,0.957,,,,,Medium,N/A,rejected,odds N/A (not priced by Sportybet),,0.389,hit,1-2,2026-10-10
2026-10-09,2026-10-09 19:42,2026-10-10,2026-10-10 16:00,Finland,Veikkausliiga: Relegation,TPS,FF Jaro,U55,Under 5.5 goals,goals,,0.939,,,,,High,N/A,rejected,odds N/A (not priced by Sportybet),,0.446,hit,0-1,2026-10-10
2026-10-09,2026-10-09 19:42,2026-10-10,2026-10-10 16:00,Finland,Ykkonen: Relegation,TPV Tampere,KPV,U55,Under 5.5 goals,goals,1.2,0.898,0.765,0.833,13.3,0.077,Low,N/A,rejected,"failed the pipeline's data checks | model 13 pp above the market — data fault, not edge",,0.781,hit,4-0,2026-10-10
2026-10-09,2026-10-09 19:42,2026-10-10,2026-10-10 16:00,Georgia,Erovnuli Liga 2,FC Gori,Merani Martvili,U55,Under 5.5 goals,goals,,0.949,,,,,High,N/A,rejected,odds N/A (not priced by Sportybet),,0.457,hit,2-1,2026-10-10
2026-10-09,2026-10-09 19:42,2026-10-10,2026-10-10 16:00,Georgia,Erovnuli Liga 2,Samtredia,Sioni Bolnisi,O05,Over 0.5 goals,goals,,0.948,,,,,High,N/A,rejected,odds N/A (not priced by Sportybet),,0.45,hit,3-0,2026-10-10
2026-10-09,2026-10-09 19:42,2026-10-10,2026-10-10 16:00,Germany,Oberliga: Bayern North,Jahn Regensburg II,Stadeln,O05,Over 0.5 goals,goals,,0.963,,,,,High,N/A,rejected,odds N/A (not priced by Sportybet),,0.461,miss,0-0,2026-10-10
2026-10-09,2026-10-09 19:42,2026-10-10,2026-10-10 16:00,Germany,Oberliga: Hessen,SV Rot-Weiss Hadamar,VfB Marburg,O05,Over 0.5 goals,goals,,0.954,,,,,High,N/A,rejected,odds N/A (not priced by Sportybet),,0.44,hit,2-0,2026-10-10
2026-10-09,2026-10-09 19:42,2026-10-10,2026-10-10 16:00,Germany,Oberliga: Rheinland-Pfalz/Saar,Eisbachtaler Sportfreunde,Hertha Wiesbach,O05,Over 0.5 goals,goals,,0.97,,,,,High,N/A,rejected,odds N/A (not priced by Sportybet),,0.467,hit,1-4,2026-10-10
2026-10-09,2026-10-09 19:42,2026-10-10,2026-10-10 16:00,Iceland,Besta deildin: Relegation Group,Stjarnan,KA Akureyri,O05,Over 0.5 goals,goals,,0.952,,,,,Medium,N/A,rejected,failed the pipeline's data checks | odds N/A (not priced by Sportybet),,0.368,hit,0-3,2026-10-10
2026-10-09,2026-10-09 19:42,2026-10-10,2026-10-10 16:00,Iceland,Besta deildin: Relegation Group,Thor Akureyri,IBV Vestmannaeyjar,O05,Over 0.5 goals,goals,,0.946,,,,,Low,N/A,rejected,failed the pipeline's data checks | odds N/A (not priced by Sportybet),,0.358,hit,1-0,2026-10-10
2026-10-09,2026-10-09 19:42,2026-10-10,2026-10-10 16:00,Iceland,Besta deildin: Relegation Group,Valur,FH Hafnarfjordur,O05,Over 0.5 goals,goals,,0.953,,,,,Low,N/A,rejected,failed the pipeline's data checks | odds N/A (not priced by Sportybet),,0.347,hit,3-5,2026-10-10
2026-10-09,2026-10-09 19:42,2026-10-10,2026-10-10 16:00,India,Super League,FC Goa,Chennaiyin FC,A,Chennaiyin FC to win,result,5.2,0.202,0.17,0.192,3.3,0.052,High,High,rejected,probability 20% below the 60% bar for result,,0.451,miss,1-1,2026-10-10
2026-10-09,2026-10-09 19:42,2026-10-10,2026-10-10 16:00,International Friendlies,Women's Friendlies,Liechtenstein W,Gibraltar W,O05,Over 0.5 goals,goals,,0.956,,,,,Low,N/A,rejected,failed the pipeline's data checks | odds N/A (not priced by Sportybet),,0.341,hit,3-0,2026-10-10
2026-10-09,2026-10-09 19:42,2026-10-10,2026-10-10 16:00,Jordan,Pro League,Ramtha SC,Doqara,HO05,Ramtha SC over 0.5 goals,team,1.21,0.799,0.763,0.826,3.6,-0.033,Low,Low,rejected,failed the pipeline's data checks | price too short for the probability (EV -3.3%),,0.315,miss,0-0,2026-10-10
2026-10-09,2026-10-09 19:42,2026-10-10,2026-10-10 16:00,Moldova,Super Liga,Dacia-2 Buiucani,FC Sheriff,O05,Over 0.5 goals,goals,,0.937,,,,,High,N/A,rejected,odds N/A (not priced by Sportybet),,0.417,hit,2-5,2026-10-10
2026-10-09,2026-10-09 19:42,2026-10-10,2026-10-10 16:00,Northern Ireland,Championship,Loughgall,Moyola Park,A,Moyola Park to win,result,5.6,0.232,0.146,0.179,8.6,0.3,Medium,Medium,rejected,probability 23% below the 60% bar for result,,0.722,hit,1-2,2026-10-10
2026-10-09,2026-10-09 19:42,2026-10-10,2026-10-10 16:00,Northern Ireland,Premiership,Coleraine,Cliftonville,A,Cliftonville to win,result,6.9,0.183,0.119,0.145,6.4,0.26,High,High,rejected,probability 18% below the 60% bar for result,,0.716,miss,1-0,2026-10-10
2026-10-09,2026-10-09 19:42,2026-10-10,2026-10-10 16:00,Northern Ireland,Premiership,Crusaders,Larne,1X,Crusaders or draw,dc,2.75,0.322,0.271,0.364,5.1,-0.115,High,High,rejected,probability 32% below the 70% bar for dc | price too short for the probability (EV -11.5%),,0.429,miss,0-3,2026-10-10
2026-10-09,2026-10-09 19:42,2026-10-10,2026-10-10 16:00,Northern Ireland,Premiership,Linfield,Bangor,X2,Draw or Bangor,dc,3.1,0.263,0.221,0.323,4.2,-0.184,High,High,rejected,probability 26% below the 70% bar for dc | price too short for the probability (EV -18.4%),,0.421,miss,2-0,2026-10-10
2026-10-09,2026-10-09 19:42,2026-10-10,2026-10-10 16:00,Norway,Eliteserien,Bodoe/Glimt,Kristiansund BK,U55,Under 5.5 goals,goals,1.44,0.791,0.668,0.694,12.3,0.139,High,N/A,rejected,"model 12 pp above the market — data fault, not edge",,0.831,hit,3-1,2026-10-10
2026-10-09,2026-10-09 19:42,2026-10-10,2026-10-10 16:00,Poland,II Liga,Stal Stalowa Wola,Slask Wroclaw ll,O05,Over 0.5 goals,goals,,0.954,,,,,High,N/A,rejected,odds N/A (not priced by Sportybet),,0.446,hit,3-2,2026-10-10
2026-10-09,2026-10-09 19:42,2026-10-10,2026-10-10 16:00,Portugal,Liga 3: Group A,SC Vianense,Paredes,AO05,Paredes over 0.5 goals,team,1.24,0.762,0.733,0.806,3.0,-0.055,Medium,Medium,rejected,price too short for the probability (EV -5.5%),,0.317,hit,3-3,2026-10-10
2026-10-09,2026-10-09 19:42,2026-10-10,2026-10-10 16:00,Scotland,Championship,Inverness C,Stenhousemuir,U45,Under 4.5 goals,goals,,0.955,,,,,High,N/A,rejected,odds N/A (not priced by Sportybet),,0.47,hit,2-0,2026-10-10
2026-10-09,2026-10-09 19:42,2026-10-10,2026-10-10 16:00,Scotland,Championship,Raith Rvs,Queens Park,AU15,Queens Park under 1.5 goals,team,1.17,0.832,0.797,0.855,3.5,-0.027,High,High,rejected,price too short for the probability (EV -2.7%),,0.458,hit,2-0,2026-10-10
2026-10-09,2026-10-09 19:42,2026-10-10,2026-10-10 16:00,Scotland,League 1,East Kilbride,Airdrieonians,O05,Over 0.5 goals,goals,,0.945,,,,,High,N/A,rejected,odds N/A (not priced by Sportybet),,0.448,hit,2-2,2026-10-10
2026-10-09,2026-10-09 19:42,2026-10-10,2026-10-10 16:00,Scotland,League One,East Kilbride,Airdrie Utd,O05,Over 0.5 goals,goals,,0.953,,,,,High,N/A,rejected,odds N/A (not priced by Sportybet),,0.458,pending,,
2026-10-09,2026-10-09 19:42,2026-10-10,2026-10-10 16:00,Scotland,League One,Montrose,Ross County,H,Montrose to win,result,6.1,0.226,0.14,0.164,8.6,0.38,High,High,rejected,probability 23% below the 60% bar for result,,0.761,miss,0-5,2026-10-10
2026-10-09,2026-10-09 19:42,2026-10-10,2026-10-10 16:00,Scotland,League Two,Stirling,Kelty Hearts,HO05,Stirling over 0.5 goals,team,1.21,0.798,0.763,0.826,3.5,-0.035,High,High,rejected,price too short for the probability (EV -3.5%),,0.391,hit,2-1,2026-10-10
2026-10-09,2026-10-09 19:42,2026-10-10,2026-10-10 16:00,Serbia,Prva Liga,FK Borac Cacak,Jedinstvo Ub,AO05,Jedinstvo Ub over 0.5 goals,team,1.85,0.579,0.49,0.541,8.9,0.072,High,High,rejected,probability 58% below the 70% bar for team,,0.705,hit,3-1,2026-10-10
2026-10-09,2026-10-09 19:42,2026-10-10,2026-10-10 16:00,Slovenia,2. SNL,Jadran,Vrhnika,U55,Under 5.5 goals,goals,,0.951,,,,,Medium,N/A,rejected,odds N/A (not priced by Sportybet),,0.404,hit,1-0,2026-10-10
2026-10-09,2026-10-09 19:42,2026-10-10,2026-10-10 16:00,Slovenia,2. SNL,ND Beltinci,ND Bilje,O15,Over 1.5 goals,goals,1.16,0.854,0.791,0.862,6.3,-0.009,High,High,rejected,price too short for the probability (EV -0.9%),,0.532,hit,5-1,2026-10-10
2026-10-09,2026-10-09 19:42,2026-10-10,2026-10-10 16:00,Slovenia,2. SNL,NK Jesenice,Brezice,U45,Under 4.5 goals,goals,1.19,0.824,0.771,0.84,5.3,-0.02,Medium,N/A,rejected,price too short for the probability (EV -2.0%),,0.407,hit,2-2,2026-10-10
2026-10-09,2026-10-09 19:42,2026-10-10,2026-10-10 16:00,Sweden,2.Division Norrland: Relegation Group,Friska Viljor,IFK Umeaa,O05,Over 0.5 goals,goals,,0.982,,,,,Medium,N/A,rejected,odds N/A (not priced by Sportybet),,0.407,hit,5-1,2026-10-10
2026-10-09,2026-10-09 19:42,2026-10-10,2026-10-10 16:00,Sweden,Division 1: North,AFC Eskilstuna,FC Stockholm Internazionale,AO05,FC Stockholm Internazionale over 0.5 goals,team,1.12,0.862,0.828,0.893,3.4,-0.035,High,High,rejected,odds 1.12 at or below 1.14 | price too short for the probability (EV -3.5%),,0.467,hit,1-3,2026-10-10
2026-10-09,2026-10-09 19:42,2026-10-10,2026-10-10 16:00,Sweden,Division 1: South,Ariana FC,Skoevde AIK,A,Skoevde AIK to win,result,4.25,0.259,0.208,0.235,5.0,0.099,High,High,rejected,probability 26% below the 60% bar for result,,0.651,miss,4-2,2026-10-10
2026-10-09,2026-10-09 19:42,2026-10-10,2026-10-10 16:00,Sweden,Division 1: South,Lunds BK,FC Trollhaettan,HU15,Lunds BK under 1.5 goals,team,2.1,0.488,0.44,0.476,4.8,0.025,High,High,rejected,probability 49% below the 70% bar for team,,0.467,miss,4-3,2026-10-10
2026-10-09,2026-10-09 19:42,2026-10-10,2026-10-10 16:00,Sweden,Division 2: Norra Svealand,IK Franke,Helges IF,O05,Over 0.5 goals,goals,,0.968,,,,,High,N/A,rejected,odds N/A (not priced by Sportybet),,0.461,hit,5-2,2026-10-10
2026-10-09,2026-10-09 19:42,2026-10-10,2026-10-10 16:00,Sweden,Division 2: Norra Svealand,Taby FK,IFK Lidingoe,O05,Over 0.5 goals,goals,,0.964,,,,,High,N/A,rejected,odds N/A (not priced by Sportybet),,0.461,hit,2-3,2026-10-10
2026-10-09,2026-10-09 19:42,2026-10-10,2026-10-10 16:00,Sweden,Division 2: Soedra Svealand,Haninge,FC Nacka Iliria,O05,Over 0.5 goals,goals,,0.969,,,,,High,N/A,rejected,odds N/A (not priced by Sportybet),,0.449,hit,4-5,2026-10-10
2026-10-09,2026-10-09 19:42,2026-10-10,2026-10-10 16:00,Sweden,Division 2: Soedra Svealand,Raegsveds IF,Smedby AIS,O05,Over 0.5 goals,goals,,0.955,,,,,High,N/A,rejected,odds N/A (not priced by Sportybet),,0.455,hit,4-3,2026-10-10
2026-10-09,2026-10-09 19:42,2026-10-10,2026-10-10 16:00,Sweden,Division 2: Vaestra Goetaland,Onsala BK,Aastorps FF,O05,Over 0.5 goals,goals,,0.95,,,,,High,N/A,rejected,odds N/A (not priced by Sportybet),,0.473,hit,2-1,2026-10-10
2026-10-09,2026-10-09 19:42,2026-10-10,2026-10-10 16:00,Switzerland,Promotion League,Bavois,FC Amical Saint-Prex,A,FC Amical Saint-Prex to win,result,4.1,0.265,0.217,0.244,4.8,0.086,High,High,rejected,probability 26% below the 60% bar for result,,0.594,hit,0-2,2026-10-10
2026-10-09,2026-10-09 19:42,2026-10-10,2026-10-10 16:00,Switzerland,Promotion League,Luzern II,Schaffhausen,O05,Over 0.5 goals,goals,,0.965,,,,,High,N/A,rejected,odds N/A (not priced by Sportybet),,0.455,hit,0-8,2026-10-10
2026-10-09,2026-10-09 19:42,2026-10-10,2026-10-10 16:00,Switzerland,Promotion League,SC Bruehl,FC Grand-Saconnex,O05,Over 0.5 goals,goals,,0.963,,,,,High,N/A,rejected,odds N/A (not priced by Sportybet),,0.455,hit,1-0,2026-10-10
2026-10-09,2026-10-09 19:42,2026-10-10,2026-10-10 16:00,Switzerland,Promotion League,SC YF Juventus Zuerich,Bellinzona,O05,Over 0.5 goals,goals,,0.966,,,,,Medium,N/A,rejected,odds N/A (not priced by Sportybet),,0.407,hit,2-0,2026-10-10
2026-10-09,2026-10-09 19:42,2026-10-10,2026-10-10 16:00,Uruguay,Primera División: Clausura,Defensor Sporting,Cerro,AO05,Cerro over 0.5 goals,team,1.65,0.707,0.56,0.606,14.7,0.166,High,High,rejected,"model 15 pp above the market — data fault, not edge",,0.742,hit,2-3,2026-10-10
2026-10-09,2026-10-09 19:42,2026-10-10,2026-10-10 16:30,Bulgaria,Parva Liga,PFC Lokomotiv Sofia 1929,Lokomotiv Plovdiv,A,Lokomotiv Plovdiv to win,result,3.7,0.296,0.244,0.27,5.3,0.097,High,High,rejected,probability 30% below the 60% bar for result,,0.674,miss,1-1,2026-10-10
2026-10-09,2026-10-09 19:42,2026-10-10,2026-10-10 16:30,Gabon,Championnat: Division 1,AS Stade Mandji,Cercle Mberi Sportif,U55,Under 5.5 goals,goals,,0.947,,,,,Low,N/A,rejected,failed the pipeline's data checks | odds N/A (not priced by Sportybet),,0.291,pending,,
2026-10-09,2026-10-09 19:42,2026-10-10,2026-10-10 16:30,Gabon,Championnat: Division 1,CF Mounana,Mangasport,U55,Under 5.5 goals,goals,,0.952,,,,,Low,N/A,rejected,failed the pipeline's data checks | odds N/A (not priced by Sportybet),,0.317,pending,,
2026-10-09,2026-10-09 19:42,2026-10-10,2026-10-10 16:30,Gabon,Championnat: Division 1,Lozo,AS Pelican,U55,Under 5.5 goals,goals,,0.962,,,,,Low,N/A,rejected,failed the pipeline's data checks | odds N/A (not priced by Sportybet),,0.293,pending,,
2026-10-09,2026-10-09 19:42,2026-10-10,2026-10-10 16:30,Gabon,Championnat: Division 1,Ogooue,Oyem AC,U55,Under 5.5 goals,goals,,0.955,,,,,High,N/A,rejected,odds N/A (not priced by Sportybet),,0.428,pending,,
2026-10-09,2026-10-09 19:42,2026-10-10,2026-10-10 16:30,Gabon,Championnat: Division 1,Stade Migoveen de Lambarene,FC Libreville,U55,Under 5.5 goals,goals,,0.964,,,,,High,N/A,rejected,odds N/A (not priced by Sportybet),,0.431,pending,,
2026-10-09,2026-10-09 19:42,2026-10-10,2026-10-10 16:30,Gabon,Championnat: Division 1,Union Sportive d'Oyem,US Bitam,U55,Under 5.5 goals,goals,,0.953,,,,,Medium,N/A,rejected,odds N/A (not priced by Sportybet),,0.401,pending,,
2026-10-09,2026-10-09 19:42,2026-10-10,2026-10-10 16:30,Gibraltar,National League,Lincoln Red Imps FC,Europa FC,O05,Over 0.5 goals,goals,,0.957,,,,,High,N/A,rejected,odds N/A (not priced by Sportybet),,0.452,hit,2-0,2026-10-10
2026-10-09,2026-10-09 19:42,2026-10-10,2026-10-10 16:30,Portugal,Liga Portugal 2,Leixoes,FC Porto B,A,FC Porto B to win,result,5.6,0.251,0.157,0.179,9.4,0.404,High,High,rejected,probability 25% below the 60% bar for result,,0.776,hit,1-2,2026-10-10
2026-10-09,2026-10-09 19:42,2026-10-10,2026-10-10 16:30,Portugal,Primeira Liga,Casa Pia,Santa Clara,U55,Under 5.5 goals,goals,,0.952,,,,,High,N/A,rejected,odds N/A (not priced by Sportybet),,0.461,pending,,
2026-10-09,2026-10-09 19:42,2026-10-10,2026-10-10 16:30,Spain,Primera Division RFEF: Group 1,RC Deportivo Fabril,Racing de Ferrol,1X,RC Deportivo Fabril or draw,dc,1.51,0.86,0.59,0.662,27.1,0.299,High,High,rejected,"model 27 pp above the market — data fault, not edge",,0.892,miss,0-1,2026-10-10
2026-10-09,2026-10-09 19:42,2026-10-10,2026-10-10 16:30,Women's Euro U17,Qualification Round 1: Group A6,Scotland U17 W,Ukraine U17 W,O05,Over 0.5 goals,goals,,0.959,,,,,Low,N/A,rejected,failed the pipeline's data checks | odds N/A (not priced by Sportybet),,0.359,hit,3-1,2026-10-10
2026-10-09,2026-10-09 19:42,2026-10-10,2026-10-10 16:45,Qatar,Qatar Stars League,Al-Shahaniya,Lusail SC,AO05,Lusail SC over 0.5 goals,team,1.28,0.854,0.726,0.781,12.8,0.094,Low,Low,rejected,"failed the pipeline's data checks | model 13 pp above the market — data fault, not edge",,0.803,miss,1-0,2026-10-10
2026-10-09,2026-10-09 19:42,2026-10-10,2026-10-10 16:45,Spain,Segunda Division RFEF: Group 2,Ebro,CF Calamocha,O15,Over 1.5 goals,goals,1.34,0.81,0.68,0.746,13.0,0.086,Medium,Medium,rejected,"model 13 pp above the market — data fault, not edge",,0.772,hit,2-0,2026-10-10
2026-10-09,2026-10-09 19:42,2026-10-10,2026-10-10 16:50,Kuwait,Premier League,Al-Tadhamon,Al-Qadsia,H,Al-Tadhamon to win,result,9.0,0.149,0.086,0.111,6.3,0.342,High,High,rejected,probability 15% below the 60% bar for result,,0.698,miss,0-2,2026-10-10
2026-10-09,2026-10-09 19:42,2026-10-10,2026-10-10 16:55,Saudi Arabia,Saudi Professional League,Al Ettifaq,Al Khaleej,HO05,Al Ettifaq over 0.5 goals,team,1.18,0.833,0.792,0.847,4.1,-0.017,High,High,rejected,price too short for the probability (EV -1.7%),,0.459,hit,1-1,2026-10-10
2026-10-09,2026-10-09 19:42,2026-10-10,2026-10-10 17:00,Benin,Ligue 1,AS Cotonou,Ayema FC,U45,Under 4.5 goals,goals,,0.966,,,,,High,N/A,rejected,odds N/A (not priced by Sportybet),,0.473,pending,,
2026-10-09,2026-10-09 19:42,2026-10-10,2026-10-10 17:00,Benin,Ligue 1,ASVO,ASPAC,U45,Under 4.5 goals,goals,,0.956,,,,,High,N/A,rejected,odds N/A (not priced by Sportybet),,0.473,pending,,
2026-10-09,2026-10-09 19:42,2026-10-10,2026-10-10 17:00,Benin,Ligue 1,Bani Ganse,Loto FC,U45,Under 4.5 goals,goals,,0.953,,,,,High,N/A,rejected,odds N/A (not priced by Sportybet),,0.473,pending,,
2026-10-09,2026-10-09 19:42,2026-10-10,2026-10-10 17:00,Benin,Ligue 1,Cavaliers,US Krake,U55,Under 5.5 goals,goals,,0.978,,,,,High,N/A,rejected,odds N/A (not priced by Sportybet),,0.461,pending,,
2026-10-09,2026-10-09 19:42,2026-10-10,2026-10-10 17:00,Benin,Ligue 1,Dragons FC,Pantheres de Djougou,U55,Under 5.5 goals,goals,,0.977,,,,,Low,N/A,rejected,failed the pipeline's data checks | odds N/A (not priced by Sportybet),,0.386,pending,,
2026-10-09,2026-10-09 19:42,2026-10-10,2026-10-10 17:00,Bulgaria,Vtora Liga,Dobrudzha Dobrich,PFC Chernomorets Burgas,HU15,Dobrudzha Dobrich under 1.5 goals,team,1.3,0.738,0.698,0.769,4.1,-0.04,High,High,rejected,price too short for the probability (EV -4.0%),,0.409,hit,0-3,2026-10-10
2026-10-09,2026-10-09 19:42,2026-10-10,2026-10-10 17:00,Cyprus,1st Division,Ypsonas,Apollon Limassol,AO05,Apollon Limassol over 0.5 goals,team,1.16,0.837,0.799,0.862,3.9,-0.029,High,High,rejected,price too short for the probability (EV -2.9%),,0.484,hit,1-3,2026-10-10
2026-10-09,2026-10-09 19:42,2026-10-10,2026-10-10 17:00,Denmark,Ligaen U17,FC Copenhagen U17,Viborg U17,H,FC Copenhagen U17 to win,result,,0.919,,,,,Low,Low,rejected,failed the pipeline's data checks | odds N/A (not priced by Sportybet),,0.359,hit,3-1,2026-10-10
2026-10-09,2026-10-09 19:42,2026-10-10,2026-10-10 17:00,Ghana,Premier League,All Blacks,Asante Kotoko SC,U55,Under 5.5 goals,goals,,0.977,,,,,High,N/A,rejected,odds N/A (not priced by Sportybet),,0.461,hit,1-0,2026-10-10
2026-10-09,2026-10-09 19:42,2026-10-10,2026-10-10 17:00,Hungary,NB II,Fehervar FC,Szentlorinc,U55,Under 5.5 goals,goals,,0.935,,,,,Medium,N/A,rejected,odds N/A (not priced by Sportybet),,0.389,hit,3-0,2026-10-10
2026-10-09,2026-10-09 19:42,2026-10-10,2026-10-10 17:00,Hungary,NB II,Gyirmot,Nagykanizsa TE 1866 Mav,O05,Over 0.5 goals,goals,,0.935,,,,,Medium,N/A,rejected,odds N/A (not priced by Sportybet),,0.395,hit,1-0,2026-10-10
2026-10-09,2026-10-09 19:42,2026-10-10,2026-10-10 17:00,Hungary,NB II,Kozarmisleny,Diosgyori VTK,O05,Over 0.5 goals,goals,,0.935,,,,,Medium,N/A,rejected,odds N/A (not priced by Sportybet),,0.362,hit,0-2,2026-10-10
2026-10-09,2026-10-09 19:42,2026-10-10,2026-10-10 17:00,Hungary,NB II,Mezokovesd SE,Szeged 2011,U55,Under 5.5 goals,goals,,0.935,,,,,Medium,N/A,rejected,odds N/A (not priced by Sportybet),,0.398,hit,1-1,2026-10-10
2026-10-09,2026-10-09 19:42,2026-10-10,2026-10-10 17:00,Hungary,NB II,Tiszakecske FC,FC Ajka,O05,Over 0.5 goals,goals,,0.939,,,,,Medium,N/A,rejected,odds N/A (not priced by Sportybet),,0.398,hit,4-3,2026-10-10
2026-10-09,2026-10-09 19:42,2026-10-10,2026-10-10 17:00,International Friendlies,Women's Friendlies,Indonesia Women,Armenia Women,O05,Over 0.5 goals,goals,,0.958,,,,,Low,N/A,rejected,failed the pipeline's data checks | odds N/A (not priced by Sportybet),,0.335,pending,,
2026-10-09,2026-10-09 19:42,2026-10-10,2026-10-10 17:00,Nigeria,NPFL,Ikorodu City,Kwara United,X2,Draw or Kwara United,dc,,0.37,0.293,,7.7,,High,High,rejected,odds N/A (not priced by Sportybet) | probability 37% below the 70% bar for dc,,0.551,miss,2-0,2026-10-10
2026-10-09,2026-10-09 19:42,2026-10-10,2026-10-10 17:00,Nigeria,NPFL,Ranchers Bees,Niger Tornadoes,HO15,Ranchers Bees over 1.5 goals,team,2.1,0.493,0.437,0.476,5.6,0.035,Medium,Medium,rejected,probability 49% below the 70% bar for team,,0.514,miss,0-0,2026-10-10
2026-10-09,2026-10-09 19:42,2026-10-10,2026-10-10 17:00,Serbia,Super Liga,Cukaricki,Macva Sabac,A,Macva Sabac to win,result,5.9,0.247,0.146,0.169,10.1,0.457,High,High,rejected,probability 25% below the 60% bar for result,,0.725,miss,2-2,2026-10-10
2026-10-09,2026-10-09 19:42,2026-10-10,2026-10-10 17:00,Spain,Segunda Division RFEF: Group 3,Elche Ilicitano,Valencia B,U55,Under 5.5 goals,goals,,0.947,,,,,High,N/A,rejected,odds N/A (not priced by Sportybet),,0.438,hit,4-1,2026-10-10
2026-10-09,2026-10-09 19:42,2026-10-10,2026-10-10 17:00,Sweden,2.Division Norrland: Relegation Group,Storfors AIK,Umeaa FC Akademi,O05,Over 0.5 goals,goals,,0.966,,,,,Medium,N/A,rejected,odds N/A (not priced by Sportybet),,0.392,hit,3-2,2026-10-10
2026-10-09,2026-10-09 19:42,2026-10-10,2026-10-10 17:00,Sweden,2.Division Norrland: Relegation Group,Team TG FF,Fraensta IK,O05,Over 0.5 goals,goals,,0.97,,,,,Medium,N/A,rejected,odds N/A (not priced by Sportybet),,0.392,hit,3-3,2026-10-10
2026-10-09,2026-10-09 19:42,2026-10-10,2026-10-10 17:00,Sweden,Division 2: Soedra Svealand,Syrianska,FOC Farsta,O05,Over 0.5 goals,goals,,0.957,,,,,High,N/A,rejected,odds N/A (not priced by Sportybet),,0.461,hit,1-2,2026-10-10
2026-10-09,2026-10-09 19:42,2026-10-10,2026-10-10 17:00,Sweden,Division 2: Vaestra Goetaland,IK Kongahaella,Qviding FIF,O05,Over 0.5 goals,goals,,0.961,,,,,High,N/A,rejected,odds N/A (not priced by Sportybet),,0.449,hit,1-2,2026-10-10
2026-10-09,2026-10-09 19:42,2026-10-10,2026-10-10 17:00,Switzerland,Promotion League,Bulle,Paradiso,O05,Over 0.5 goals,goals,,0.956,,,,,High,N/A,rejected,odds N/A (not priced by Sportybet),,0.467,hit,2-2,2026-10-10
2026-10-09,2026-10-09 19:42,2026-10-10,2026-10-10 17:00,Switzerland,Promotion League,FC Zurich II,Breitenrain,HO05,FC Zurich II over 0.5 goals,team,1.15,0.841,0.803,0.87,3.7,-0.033,High,High,rejected,price too short for the probability (EV -3.3%),,0.439,hit,2-2,2026-10-10
2026-10-09,2026-10-09 19:42,2026-10-10,2026-10-10 17:00,Switzerland,Promotion League,Young Boys II,Cham,O05,Over 0.5 goals,goals,,0.963,,,,,High,N/A,rejected,odds N/A (not priced by Sportybet),,0.461,hit,1-3,2026-10-10
2026-10-09,2026-10-09 19:42,2026-10-10,2026-10-10 17:00,UEFA Youth League,Domestic Champions Path,Dinamo Tbilisi U19,Dinamo Minsk U19,O05,Over 0.5 goals,goals,,0.952,,,,,Low,N/A,rejected,failed the pipeline's data checks | odds N/A (not priced by Sportybet),,0.251,hit,3-4,2026-10-10
2026-10-09,2026-10-09 19:42,2026-10-10,2026-10-10 17:30,Burkina Faso,Ligue 1,FocuSport,Rahimo FC,U55,Under 5.5 goals,goals,,0.971,,,,,Low,N/A,rejected,failed the pipeline's data checks | odds N/A (not priced by Sportybet),,0.38,pending,,
2026-10-09,2026-10-09 19:42,2026-10-10,2026-10-10 17:30,Burkina Faso,Ligue 1,Sporting Cascades,Sonabel,U55,Under 5.5 goals,goals,,0.978,,,,,High,N/A,rejected,odds N/A (not priced by Sportybet),,0.473,pending,,
2026-10-09,2026-10-09 19:42,2026-10-10,2026-10-10 17:30,Chile,Primera B,Deportes Recoleta,Magallanes,U45,Under 4.5 goals,goals,1.13,0.864,0.824,0.885,4.0,-0.023,High,N/A,rejected,odds 1.13 at or below 1.14 | price too short for the probability (EV -2.3%),,0.448,pending,,
2026-10-09,2026-10-09 19:42,2026-10-10,2026-10-10 17:30,Czech Republic,2nd league,SK Hanacka Slavia Kromeriz,Pribram,A,Pribram to win,result,2.45,0.422,0.381,0.408,4.1,0.034,High,High,rejected,probability 42% below the 60% bar for result,,0.483,pending,,
2026-10-09,2026-10-09 19:42,2026-10-10,2026-10-10 17:30,Germany,Oberliga: Niederrhein,SW Essen,Ratinger SV,O05,Over 0.5 goals,goals,,0.967,,,,,High,N/A,rejected,odds N/A (not priced by Sportybet),,0.467,pending,,
2026-10-09,2026-10-09 19:42,2026-10-10,2026-10-10 17:30,Italy,Serie C: Group A,Desenzano,Dolomiti Bellunesi,U55,Under 5.5 goals,goals,,0.964,,,,,High,N/A,rejected,odds N/A (not priced by Sportybet),,0.461,pending,,
2026-10-09,2026-10-09 19:42,2026-10-10,2026-10-10 17:30,Italy,Serie C: Group A,FC Arzignano Valchiampo,Juventus Next Gen,U55,Under 5.5 goals,goals,,0.951,,,,,Medium,N/A,rejected,odds N/A (not priced by Sportybet),,0.41,pending,,
2026-10-09,2026-10-09 19:42,2026-10-10,2026-10-10 17:30,Italy,Serie C: Group A,Lumezzane,AlbinoLeffe,CU115,Under 11.5 corners,corners,,0.789,,,,,High,N/A,rejected,odds N/A (not priced by Sportybet),,0.396,pending,,
2026-10-09,2026-10-09 19:42,2026-10-10,2026-10-10 17:30,Italy,Serie C: Group B,ASD Pineto,AC Reggiana,H,ASD Pineto to win,result,3.5,0.323,0.261,0.286,6.2,0.132,Medium,Medium,rejected,probability 32% below the 60% bar for result,,0.649,pending,,
2026-10-09,2026-10-09 19:42,2026-10-10,2026-10-10 17:30,Oman,Professional League,Dhofar,Al-Samail,U55,Under 5.5 goals,goals,,0.968,,,,,High,N/A,rejected,odds N/A (not priced by Sportybet),,0.458,pending,,
2026-10-09,2026-10-09 19:42,2026-10-10,2026-10-10 18:00,Bahrain,Premier League,Al-Hidd,Al Ittifaq BHR,U55,Under 5.5 goals,goals,,0.966,,,,,Low,N/A,rejected,failed the pipeline's data checks | odds N/A (not priced by Sportybet),,0.383,pending,,
2026-10-09,2026-10-09 19:42,2026-10-10,2026-10-10 18:00,Bahrain,Premier League,Manama,Al Ahli,U55,Under 5.5 goals,goals,,0.949,,,,,Low,N/A,rejected,failed the pipeline's data checks | odds N/A (not priced by Sportybet),,0.374,pending,,
2026-10-09,2026-10-09 19:42,2026-10-10,2026-10-10 18:00,Belarus,Premier League,Neman Grodno,FC Baranovichi,U55,Under 5.5 goals,goals,,0.951,,,,,High,N/A,rejected,odds N/A (not priced by Sportybet),,0.461,pending,,
2026-10-09,2026-10-09 19:42,2026-10-10,2026-10-10 18:00,Cyprus,1st Division,APOEL Nicosia,Nea Salamis,O05,Over 0.5 goals,goals,,0.942,,,,,High,N/A,rejected,odds N/A (not priced by Sportybet),,0.431,pending,,
2026-10-09,2026-10-09 19:42,2026-10-10,2026-10-10 18:00,Cyprus,2nd Division,PAEEK,Akritas Chlorakas,U45,Under 4.5 goals,goals,1.16,0.837,0.784,0.862,5.3,-0.029,Medium,N/A,rejected,price too short for the probability (EV -2.9%),,0.419,pending,,
2026-10-09,2026-10-09 19:42,2026-10-10,2026-10-10 18:00,Czech Republic,2nd league,Trinec,SK Kladno,A,SK Kladno to win,result,2.75,0.368,0.336,0.364,3.2,0.012,High,High,rejected,probability 37% below the 60% bar for result,,0.374,pending,,
2026-10-09,2026-10-09 19:42,2026-10-10,2026-10-10 18:00,Georgia,Erovnuli Liga,Spaeri,Torpedo Kutaisi,AO15,Torpedo Kutaisi over 1.5 goals,team,1.96,0.524,0.464,0.51,6.0,0.028,High,High,rejected,probability 52% below the 70% bar for team,,0.594,pending,,
2026-10-09,2026-10-09 19:42,2026-10-10,2026-10-10 18:00,Georgia,Erovnuli Liga 2,Shturmi,Kolkheti-1913 Poti,U55,Under 5.5 goals,goals,,0.953,,,,,High,N/A,rejected,odds N/A (not priced by Sportybet),,0.452,pending,,
2026-10-09,2026-10-09 19:42,2026-10-10,2026-10-10 18:00,Malta,Malta Premier: Opening Round,Marsaxlokk FC,Zabbar St. Patrick,A,Zabbar St. Patrick to win,result,4.3,0.248,0.2,0.233,4.8,0.066,High,High,rejected,probability 25% below the 60% bar for result,,0.546,pending,,
2026-10-09,2026-10-09 19:42,2026-10-10,2026-10-10 18:00,Netherlands,Tweede Divisie,De Treffers,Barendrecht,O35,Over 3.5 goals,goals,1.88,0.51,0.497,0.532,1.3,-0.041,High,High,rejected,probability 51% below the 70% bar for goals | price too short for the probability (EV -4.1%),,0.385,pending,,
2026-10-09,2026-10-09 19:42,2026-10-10,2026-10-10 18:00,Poland,II Liga,Lechia Zielona Gora,Legia Warszawa II,HO05,Lechia Zielona Gora over 0.5 goals,team,1.14,0.833,0.808,0.877,2.5,-0.051,Medium,Medium,rejected,odds 1.14 at or below 1.14 | price too short for the probability (EV -5.1%),,0.34,pending,,
2026-10-09,2026-10-09 19:42,2026-10-10,2026-10-10 18:00,Slovakia,Super Liga,Zemplin Michalovce,DAC 1904 Dunajska Streda,H,Zemplin Michalovce to win,result,4.7,0.228,0.189,0.213,3.9,0.072,High,High,rejected,probability 23% below the 60% bar for result,,0.575,pending,,
2026-10-09,2026-10-09 19:42,2026-10-10,2026-10-10 18:00,Spain,Segunda Division RFEF: Group 1,SD Amorebieta,Portugalete,U55,Under 5.5 goals,goals,,0.958,,,,,Medium,N/A,rejected,odds N/A (not priced by Sportybet),,0.398,pending,,
2026-10-09,2026-10-09 19:42,2026-10-10,2026-10-10 18:00,Spain,Segunda Division RFEF: Group 1,UD Llanera,Marino Luanco,U55,Under 5.5 goals,goals,,0.954,,,,,Medium,N/A,rejected,odds N/A (not priced by Sportybet),,0.413,pending,,
2026-10-09,2026-10-09 19:42,2026-10-10,2026-10-10 18:00,Spain,Segunda Division RFEF: Group 2,CE Manresa,Osasuna B,1X,CE Manresa or draw,dc,1.37,0.826,0.66,0.73,16.6,0.132,Medium,Medium,rejected,"model 17 pp above the market — data fault, not edge",,0.793,pending,,
2026-10-09,2026-10-09 19:42,2026-10-10,2026-10-10 18:00,Spain,Segunda Division RFEF: Group 4,Betis Deportivo Balompie,Xerez,U35,Under 3.5 goals,goals,1.23,0.81,0.74,0.813,7.0,-0.004,High,High,rejected,price too short for the probability (EV -0.4%),,0.512,pending,,
2026-10-09,2026-10-09 19:42,2026-10-10,2026-10-10 18:00,Switzerland,Super League,Servette,Sion,A,Sion to win,result,2.4,0.454,0.395,0.417,5.9,0.09,High,High,rejected,probability 45% below the 60% bar for result,,0.673,pending,,
2026-10-09,2026-10-09 19:42,2026-10-10,2026-10-10 18:00,Turkiye,1st Lig,Istanbulspor,Esenler Erokspor,H,Istanbulspor to win,result,3.5,0.298,0.264,0.286,3.4,0.042,High,High,rejected,probability 30% below the 60% bar for result,,0.486,pending,,
2026-10-09,2026-10-09 19:42,2026-10-10,2026-10-10 18:00,Turkiye,2nd Lig: White Group,Aliaga,Menemen FK,A,Menemen FK to win,result,6.2,0.197,0.129,0.161,6.8,0.222,High,High,rejected,probability 20% below the 60% bar for result,,0.698,pending,,
2026-10-09,2026-10-09 19:42,2026-10-10,2026-10-10 18:00,Turkiye,2nd Lig: White Group,Mus Spor,Kastamonuspor 1966,O05,Over 0.5 goals,goals,,0.969,,,,,High,N/A,rejected,odds N/A (not priced by Sportybet),,0.437,pending,,
2026-10-09,2026-10-09 19:42,2026-10-10,2026-10-10 18:00,Uruguay,Segunda División,Uruguay Montevideo,Colon,H,Uruguay Montevideo to win,result,3.6,0.291,0.245,0.278,4.5,0.047,High,High,rejected,probability 29% below the 60% bar for result,,0.547,pending,,
2026-10-09,2026-10-09 19:42,2026-10-10,2026-10-10 18:30,Albania,Kategoria Superiore,Teuta Durres,Skenderbeu,A,Skenderbeu to win,result,6.0,0.223,0.141,0.167,8.1,0.336,Medium,Medium,rejected,probability 22% below the 60% bar for result,,0.71,pending,,
2026-10-09,2026-10-09 19:42,2026-10-10,2026-10-10 18:30,Bosnia and Herzegovina,Premier League,Borac Banja Luka,FK BSK Banja Luka,U45,Under 4.5 goals,goals,1.31,0.853,0.713,0.763,14.0,0.117,High,N/A,rejected,"model 14 pp above the market — data fault, not edge",,0.853,pending,,
2026-10-09,2026-10-09 19:42,2026-10-10,2026-10-10 18:30,Ecuador,Serie A: Championship Group,Independiente del Valle,Aucas,HO05,Independiente del Valle over 0.5 goals,team,1.12,0.867,0.826,0.893,4.1,-0.029,High,High,rejected,odds 1.12 at or below 1.14 | price too short for the probability (EV -2.9%),,0.471,pending,,
2026-10-09,2026-10-09 19:42,2026-10-10,2026-10-10 18:30,England,National League,Forest Green,Hartlepool,O05,Over 0.5 goals,goals,,0.946,,,,,High,N/A,rejected,odds N/A (not priced by Sportybet),,0.482,pending,,
2026-10-09,2026-10-09 19:42,2026-10-10,2026-10-10 18:30,Israel,Premier League,Maccabi Tel Aviv,Bnei Sakhnin,D,Draw,result,7.3,0.202,0.105,0.137,9.7,0.475,High,High,rejected,probability 20% below the 60% bar for result,,0.758,pending,,
2026-10-09,2026-10-09 19:42,2026-10-10,2026-10-10 18:30,Spain,Primera Division RFEF: Group 2,CD Teruel,Alcorcon,U35,Under 3.5 goals,goals,1.22,0.818,0.752,0.82,6.6,-0.002,High,High,rejected,price too short for the probability (EV -0.2%),,0.537,pending,,
2026-10-09,2026-10-09 19:42,2026-10-10,2026-10-10 18:30,Spain,Segunda Division RFEF: Group 1,Sestao,RS Gimnastica,U55,Under 5.5 goals,goals,,0.944,,,,,Medium,N/A,rejected,odds N/A (not priced by Sportybet),,0.39,pending,,
2026-10-09,2026-10-09 19:42,2026-10-10,2026-10-10 18:45,Iraq,Iraq Stars League,Al Kahrabaa,Karbalaa,HO05,Al Kahrabaa over 0.5 goals,team,1.18,0.799,0.768,0.847,3.1,-0.057,Medium,Medium,rejected,price too short for the probability (EV -5.7%),,0.328,pending,,
2026-10-09,2026-10-09 19:42,2026-10-10,2026-10-10 18:45,Netherlands,Eredivisie,Feyenoord,AZ Alkmaar,KU55,Under 5.5 cards,cards,,0.942,,,,,High,N/A,rejected,odds N/A (not priced by Sportybet),,0.458,pending,,
2026-10-09,2026-10-09 19:42,2026-10-10,2026-10-10 18:45,Spain,Primera Division RFEF: Group 1,Cacereno,Unionistas de Salamanca,U35,Under 3.5 goals,goals,1.32,0.743,0.694,0.758,4.8,-0.02,High,High,rejected,price too short for the probability (EV -2.0%),,0.421,pending,,
2026-10-09,2026-10-09 19:42,2026-10-10,2026-10-10 18:45,Spain,Primera Division RFEF: Group 1,UD Ourense,Barakaldo,H,UD Ourense to win,result,3.5,0.355,0.254,0.286,10.1,0.243,High,High,rejected,probability 36% below the 60% bar for result,,0.77,pending,,
2026-10-09,2026-10-09 19:42,2026-10-10,2026-10-10 19:00,Botswana,Premier League,Centre Chiefs,Township Rollers,U55,Under 5.5 goals,goals,,0.978,,,,,High,N/A,rejected,odds N/A (not priced by Sportybet),,0.464,pending,,
2026-10-09,2026-10-09 19:42,2026-10-10,2026-10-10 19:00,Botswana,Premier League,Galaxy,Nico United,U55,Under 5.5 goals,goals,,0.968,,,,,High,N/A,rejected,odds N/A (not priced by Sportybet),,0.434,pending,,
2026-10-09,2026-10-09 19:42,2026-10-10,2026-10-10 19:00,Georgia,Erovnuli Liga 2,Aragvi Dusheti,FC Telavi,U55,Under 5.5 goals,goals,,0.934,,,,,Low,N/A,rejected,failed the pipeline's data checks | odds N/A (not priced by Sportybet),,0.311,pending,,
2026-10-09,2026-10-09 19:42,2026-10-10,2026-10-10 19:00,Morocco,Botola Pro,KACM,Ittihad Tanger,U55,Under 5.5 goals,goals,,0.977,,,,,High,N/A,rejected,odds N/A (not priced by Sportybet),,0.473,pending,,
2026-10-09,2026-10-09 19:42,2026-10-10,2026-10-10 19:00,Norway,2. division: group 1,Jerv,Arendal Fotball,O15,Over 1.5 goals,goals,1.13,0.857,0.83,0.885,2.7,-0.032,High,High,rejected,odds 1.13 at or below 1.14 | price too short for the probability (EV -3.2%),,0.405,pending,,
2026-10-09,2026-10-09 19:42,2026-10-10,2026-10-10 19:00,Norway,2. division: group 1,Mjoendalen,Pors Football,O05,Over 0.5 goals,goals,,0.953,,,,,High,N/A,rejected,odds N/A (not priced by Sportybet),,0.461,pending,,
2026-10-09,2026-10-09 19:42,2026-10-10,2026-10-10 19:30,Faroe Islands,Premier League,07 Vestur Sorvagur,EB/Streymur,A,EB/Streymur to win,result,2.55,0.419,0.363,0.392,5.6,0.068,High,High,rejected,probability 42% below the 60% bar for result,,0.61,pending,,
2026-10-09,2026-10-09 19:42,2026-10-10,2026-10-10 19:30,Gibraltar,National League,St Joseph's,Lions Gibraltar,O05,Over 0.5 goals,goals,,0.977,,,,,High,N/A,rejected,odds N/A (not priced by Sportybet),,0.452,pending,,
2026-10-09,2026-10-09 19:42,2026-10-10,2026-10-10 19:30,Hungary,NB I,Paksi SE,MTK Budapest,U45,Under 4.5 goals,goals,1.46,0.766,0.645,0.685,12.1,0.118,High,N/A,rejected,"model 12 pp above the market — data fault, not edge",,0.829,pending,,
2026-10-09,2026-10-09 19:42,2026-10-10,2026-10-10 19:30,Iraq,Iraq Stars League,Al-Karma,Al Karkh,A,Al Karkh to win,result,7.25,0.156,0.109,0.138,4.7,0.13,High,High,rejected,probability 16% below the 60% bar for result,,0.644,pending,,
2026-10-09,2026-10-09 19:42,2026-10-10,2026-10-10 19:30,Italy,Serie B,Arezzo,Cremonese,HO05,Arezzo over 0.5 goals,team,1.38,0.8,0.678,0.725,12.2,0.104,Medium,Medium,rejected,"model 12 pp above the market — data fault, not edge",,0.787,pending,,
2026-10-09,2026-10-09 19:42,2026-10-10,2026-10-10 19:30,Women's Euro U17,Qualification Round 1: Group A1,Austria Women U17,Northern Ireland U17 W,O05,Over 0.5 goals,goals,,0.96,,,,,Low,N/A,rejected,failed the pipeline's data checks | odds N/A (not priced by Sportybet),,0.359,pending,,
2026-10-09,2026-10-09 20:10,2026-10-10,2026-10-10 20:00,Saudi Arabia,Saudi Professional League,Al Hilal,Al Ittihad,U55,Under 5.5 goals,goals,1.16,0.916,0.812,0.862,10.5,0.063,High,N/A,primary,,4,0.856,pending,,
2026-10-09,2026-10-09 20:10,2026-10-10,2026-10-10 20:00,Chile,Primera B,Santiago Wanderers,Curico Unido,HO05,Santiago Wanderers over 0.5 goals,team,1.21,0.88,0.763,0.826,11.6,0.064,High,High,watchlist,"qualified, but outside the top 7 by overall ranking",,0.842,pending,,
2026-10-09,2026-10-09 20:10,2026-10-10,2026-10-10 20:00,Argentina,Primera B Metropolitana,CSD Flandria,CA Defensores Unidos,HU15,CSD Flandria under 1.5 goals,team,1.55,0.704,0.597,0.645,10.7,0.091,High,High,watchlist,"qualified, but outside the top 7 by overall ranking",,0.762,pending,,
2026-10-09,2026-10-09 20:10,2026-10-10,2026-10-10 20:00,Argentina,Primera Nacional,Colegiales,Tristan Suarez,HU15,Colegiales under 1.5 goals,team,1.29,0.81,0.719,0.775,9.1,0.044,High,High,watchlist,"qualified, but outside the top 7 by overall ranking",,0.752,pending,,
2026-10-09,2026-10-09 20:10,2026-10-10,2026-10-10 20:00,Chile,Primera División,Cobresal,Universidad de Concepcion,1X,Cobresal or draw,dc,1.32,0.798,0.713,0.758,8.5,0.053,High,High,watchlist,"qualified, but outside the top 7 by overall ranking",,0.748,pending,,
2026-10-09,2026-10-09 20:10,2026-10-10,2026-10-10 20:00,Argentina,Primera B Metropolitana,Arsenal Sarandi,San Martin Burzaco,U35,Under 3.5 goals,goals,1.28,0.818,0.732,0.781,8.5,0.047,High,High,watchlist,"qualified, but outside the top 7 by overall ranking",,0.711,pending,,
2026-10-09,2026-10-09 20:10,2026-10-10,2026-10-10 20:00,Argentina,Primera B Metropolitana,Ituzaingo,Argentino de Quilmes,U35,Under 3.5 goals,goals,1.19,0.867,0.787,0.84,8.0,0.032,High,High,watchlist,"qualified, but outside the top 7 by overall ranking",,0.702,pending,,
2026-10-09,2026-10-09 20:10,2026-10-10,2026-10-10 20:00,Argentina,Primera B Metropolitana,Villa Dalmine,CS Deportivo Liniers,U25,Under 2.5 goals,goals,1.49,0.708,0.627,0.671,8.1,0.054,High,High,watchlist,"qualified, but outside the top 7 by overall ranking",,0.691,pending,,
2026-10-09,2026-10-09 20:10,2026-10-10,2026-10-10 20:00,Belgium,National Division 1 VV,KVV Zelzate,Hoogstraten,X2,Draw or Hoogstraten,dc,1.4,0.727,0.643,0.714,8.4,0.018,High,High,watchlist,"qualified, but outside the top 7 by overall ranking",,0.621,pending,,
2026-10-09,2026-10-09 20:10,2026-10-10,2026-10-10 20:00,France,Ligue 2,St Etienne,Rodez,U45,Under 4.5 goals,goals,1.3,0.801,0.729,0.769,7.2,0.041,High,N/A,watchlist,"qualified, but outside the top 7 by overall ranking",,0.589,pending,,
2026-10-09,2026-10-09 20:10,2026-10-10,2026-10-10 20:00,Belgium,National Division 1 ACFF,RFC Meux,Union Rochefortoise,HO05,RFC Meux over 0.5 goals,team,1.26,0.801,0.724,0.794,7.7,0.009,High,High,watchlist,"qualified, but outside the top 7 by overall ranking",,0.586,pending,,
2026-10-09,2026-10-09 20:10,2026-10-10,2026-10-10 20:00,Netherlands,Eredivisie,For Sittard,Twente,U55,Under 5.5 goals,goals,1.15,0.872,0.822,0.87,5.0,0.002,High,N/A,watchlist,"qualified, but outside the top 7 by overall ranking",,0.51,pending,,
2026-10-09,2026-10-09 20:10,2026-10-10,2026-10-10 20:00,Argentina,Primera B Metropolitana,Laferrere,Deportivo Merlo,AU15,Deportivo Merlo under 1.5 goals,team,1.22,0.792,0.762,0.82,3.0,-0.034,High,High,rejected,price too short for the probability (EV -3.4%),,0.383,pending,,
2026-10-09,2026-10-09 20:10,2026-10-10,2026-10-10 20:00,Belgium,Challenger Pro League,Beerschot,FC Liege,1X,Beerschot or draw,dc,1.13,0.844,0.856,0.885,-1.2,-0.046,Medium,Medium,rejected,odds 1.13 at or below 1.14 | price too short for the probability (EV -4.6%),,0.313,pending,,
2026-10-09,2026-10-09 20:10,2026-10-10,2026-10-10 20:00,Belgium,National Division 1 ACFF,RWD Molenbeek,Tubize,O05,Over 0.5 goals,goals,,0.936,,,,,Medium,N/A,rejected,odds N/A (not priced by Sportybet),,0.405,pending,,
2026-10-09,2026-10-09 20:10,2026-10-10,2026-10-10 20:00,Belgium,National Division 1 ACFF,Sporting Charleroi U21,Olympic Charleroi Chatelet Farciennes,O05,Over 0.5 goals,goals,,0.944,,,,,Medium,N/A,rejected,odds N/A (not priced by Sportybet),,0.405,pending,,
2026-10-09,2026-10-09 20:10,2026-10-10,2026-10-10 20:00,Belgium,National Division 1 VV,Houtvenne,Royal Knokke FC,O05,Over 0.5 goals,goals,,0.959,,,,,High,N/A,rejected,odds N/A (not priced by Sportybet),,0.458,pending,,
2026-10-09,2026-10-09 20:10,2026-10-10,2026-10-10 20:00,Belgium,National Division 1 VV,Roeselare,Dessel,HO15,Roeselare over 1.5 goals,team,1.62,0.647,0.559,0.617,8.8,0.048,High,High,rejected,probability 65% below the 70% bar for team,,0.667,pending,,
2026-10-09,2026-10-09 20:10,2026-10-10,2026-10-10 20:00,Mexico,Liga Premier: Serie A Clausura,Club Canoneros Marina,Calor de San Pedro,U45,Under 4.5 goals,goals,1.29,0.86,0.713,0.775,14.7,0.109,High,N/A,rejected,"model 15 pp above the market — data fault, not edge",,0.883,pending,,
2026-10-09,2026-10-09 20:10,2026-10-10,2026-10-10 20:00,Peru,Liga 1: Clausura,Asociacion Deportiva Tarma,FC Cajamarca,AO05,FC Cajamarca over 0.5 goals,team,1.44,0.793,0.644,0.694,14.9,0.141,High,High,rejected,"model 15 pp above the market — data fault, not edge",,0.811,pending,,
2026-10-09,2026-10-09 20:10,2026-10-10,2026-10-10 20:00,Spain,Primera Division RFEF: Group 1,CD Coria,CD Extremadura 1924,CU115,Under 11.5 corners,corners,,0.779,,,,,High,N/A,rejected,odds N/A (not priced by Sportybet),,0.367,pending,,
2026-10-09,2026-10-09 20:10,2026-10-10,2026-10-10 20:00,Spain,Segunda Division RFEF: Group 5,Salamanca CF Uds B,San Sebastian de los Reyes,U55,Under 5.5 goals,goals,,0.965,,,,,High,N/A,rejected,odds N/A (not priced by Sportybet),,0.449,pending,,
2026-10-09,2026-10-09 20:10,2026-10-10,2026-10-10 20:00,Uruguay,Primera División: Clausura,Montevideo Wanderers,Boston River,A,Boston River to win,result,3.1,0.343,0.3,0.323,4.3,0.065,High,High,rejected,probability 34% below the 60% bar for result,,0.544,pending,,
2026-10-09,2026-10-09 20:46,2026-10-10,2026-10-10 20:45,Belgium,Pro League,Genk,Kortrijk,12,Genk or Kortrijk,dc,1.18,0.915,0.815,0.847,10.0,0.079,High,High,primary,,3,0.87,pending,,
2026-10-09,2026-10-09 20:46,2026-10-10,2026-10-10 20:30,Argentina,Primera Nacional,Almagro,Chacarita Juniors,AU15,Chacarita Juniors under 1.5 goals,team,1.24,0.839,0.749,0.806,9.0,0.04,High,High,watchlist,"qualified, but outside the top 7 by overall ranking",,0.737,pending,,
2026-10-09,2026-10-09 20:46,2026-10-10,2026-10-10 20:15,Poland,Ekstraklasa,Jagiellonia Bialystok,Gornik Zabrze,AO05,Gornik Zabrze over 0.5 goals,team,1.26,0.828,0.741,0.794,8.7,0.043,High,High,watchlist,"qualified, but outside the top 7 by overall ranking",,0.702,pending,,
2026-10-09,2026-10-09 20:46,2026-10-10,2026-10-10 20:45,Argentina,Liga Profesional: Clausura,Barracas Central,CA Huracan,O05,Over 0.5 goals,goals,1.17,0.868,0.807,0.855,6.1,0.016,High,N/A,watchlist,"qualified, but outside the top 7 by overall ranking",,0.662,pending,,
2026-10-09,2026-10-09 20:46,2026-10-10,2026-10-10 20:30,Germany,2. Bundesliga,Nurnberg,Wolfsburg,HO05,Nurnberg over 0.5 goals,team,1.16,0.877,0.809,0.862,6.8,0.017,High,High,watchlist,"qualified, but outside the top 7 by overall ranking",,0.604,pending,,
2026-10-09,2026-10-09 20:46,2026-10-10,2026-10-10 20:15,Slovenia,Prva Liga,Olimpija Ljubljana,Mura,HO05,Olimpija Ljubljana over 0.5 goals,team,1.17,0.861,0.794,0.855,6.7,0.007,High,High,watchlist,"qualified, but outside the top 7 by overall ranking",,0.575,pending,,
2026-10-09,2026-10-09 20:46,2026-10-10,2026-10-10 20:45,France,Ligue 1,Brest,Angers,U35,Under 3.5 goals,goals,1.43,0.734,0.674,0.699,6.1,0.05,High,High,watchlist,"qualified, but outside the top 7 by overall ranking",,0.549,pending,,
2026-10-09,2026-10-09 20:46,2026-10-10,2026-10-10 20:30,Andorra,1st Division,FC Ordino,Inter Club d'Escaldes,U45,Under 4.5 goals,goals,1.23,0.817,0.745,0.813,7.2,0.005,High,N/A,watchlist,"qualified, but outside the top 7 by overall ranking",,0.53,pending,,
2026-10-09,2026-10-09 20:46,2026-10-10,2026-10-10 20:30,Romania,Liga 1,FCSB,Otelul Galati,U45,Under 4.5 goals,goals,1.2,0.839,0.786,0.833,5.3,0.007,High,N/A,watchlist,"qualified, but outside the top 7 by overall ranking",,0.489,pending,,
2026-10-09,2026-10-09 20:46,2026-10-10,2026-10-10 20:30,USA,MLS,Chicago Fire,New York City FC,AO05,New York City FC over 0.5 goals,team,1.35,0.748,0.703,0.741,4.5,0.01,High,High,watchlist,"qualified, but outside the top 7 by overall ranking",,0.462,pending,,
2026-10-09,2026-10-09 20:46,2026-10-10,2026-10-10 20:30,Argentina,Primera B Metropolitana,Deportivo Armenio,Comunicaciones,U35,Under 3.5 goals,goals,1.14,0.864,0.82,0.877,4.3,-0.015,High,High,rejected,odds 1.14 at or below 1.14 | price too short for the probability (EV -1.5%),,0.495,pending,,
2026-10-09,2026-10-09 20:46,2026-10-10,2026-10-10 20:30,International Friendlies,Women's Friendlies,USA W,Spain Women,O05,Over 0.5 goals,goals,,0.962,,,,,Low,N/A,rejected,failed the pipeline's data checks | odds N/A (not priced by Sportybet),,0.278,pending,,
2026-10-09,2026-10-09 20:46,2026-10-10,2026-10-10 20:30,Italy,Serie C: Group B,Spezia,Gubbio,D,Draw,result,5.7,0.23,0.141,0.175,8.9,0.309,Medium,Medium,rejected,probability 23% below the 60% bar for result,,0.707,pending,,
2026-10-09,2026-10-09 20:46,2026-10-10,2026-10-10 20:45,Belgium,Pro League,Waregem,Gent,H,Waregem to win,result,2.85,0.366,0.334,0.351,3.2,0.043,High,High,rejected,probability 37% below the 60% bar for result,,0.494,pending,,
2026-10-09,2026-10-09 20:46,2026-10-10,2026-10-10 20:45,France,Ligue 1,Lorient,Paris FC,H,Lorient to win,result,3.3,0.338,0.298,0.303,3.9,0.114,High,High,rejected,probability 34% below the 60% bar for result,,0.627,pending,,
2026-10-09,2026-10-09 20:46,2026-10-10,2026-10-10 20:45,France,Ligue 1,Monaco,Toulouse,KU55,Under 5.5 cards,cards,,0.841,,,,,High,N/A,rejected,odds N/A (not priced by Sportybet),,0.411,pending,,
2026-10-09,2026-10-09 20:46,2026-10-10,2026-10-10 20:45,France,Ligue 1,Paris SG,Le Mans,O05,Over 0.5 goals,goals,,0.941,,,,,High,N/A,rejected,odds N/A (not priced by Sportybet),,0.457,pending,,
2026-10-09,2026-10-09 20:46,2026-10-10,2026-10-10 20:45,Italy,Serie A,Napoli,Frosinone,U45,Under 4.5 goals,goals,1.3,0.88,0.74,0.769,14.0,0.144,High,N/A,rejected,"model 14 pp above the market — data fault, not edge",,0.914,pending,,
2026-10-09,2026-10-09 21:16,2026-10-10,2026-10-10 21:00,Spain,La Liga,Real Madrid,Villarreal,U55,Under 5.5 goals,goals,1.23,0.881,0.782,0.813,9.9,0.083,High,N/A,watchlist,"qualified, but outside the top 7 by overall ranking",,0.85,pending,,
2026-10-09,2026-10-09 21:16,2026-10-10,2026-10-10 21:00,Netherlands,Eredivisie,Ajax,Nijmegen,AO05,Nijmegen over 0.5 goals,team,1.47,0.751,0.634,0.68,11.6,0.103,High,High,watchlist,"qualified, but outside the top 7 by overall ranking",,0.804,pending,,
2026-10-09,2026-10-09 21:16,2026-10-10,2026-10-10 21:00,Argentina,Primera Nacional,Quilmes,Agropecuario,AU15,Agropecuario under 1.5 goals,team,1.16,0.891,0.795,0.862,9.6,0.033,High,High,watchlist,"qualified, but outside the top 7 by overall ranking",,0.786,pending,,
2026-10-09,2026-10-09 21:16,2026-10-10,2026-10-10 21:00,Spain,Primera Division RFEF: Group 1,Mirandes,Zamora,AO05,Zamora over 0.5 goals,team,1.45,0.734,0.628,0.69,10.5,0.064,High,High,watchlist,"qualified, but outside the top 7 by overall ranking",,0.718,pending,,
2026-10-09,2026-10-09 21:16,2026-10-10,2026-10-10 21:00,Ecuador,Serie A: Relegation Group,Manta,Tecnico Universitario,AO05,Tecnico Universitario over 0.5 goals,team,1.51,0.711,0.604,0.662,10.7,0.073,High,High,watchlist,"qualified, but outside the top 7 by overall ranking",,0.705,pending,,
2026-10-09,2026-10-09 21:16,2026-10-10,2026-10-10 21:00,Bolivia,Primera Division,Universitario de Vinto,CDT Real Oruro,U45,Under 4.5 goals,goals,1.35,0.761,0.697,0.741,6.4,0.027,High,N/A,watchlist,"qualified, but outside the top 7 by overall ranking",,0.512,pending,,
2026-10-09,2026-10-09 21:16,2026-10-10,2026-10-10 21:00,Argentina,Federal A: Promotion Play-off,Defensores de Vilelas,Gimnasia y Esgrima de Chivilcoy,1X,Defensores de Vilelas or draw,dc,1.41,0.82,0.656,0.709,16.4,0.156,Low,Low,rejected,"failed the pipeline's data checks | model 16 pp above the market — data fault, not edge",,0.719,pending,,
2026-10-09,2026-10-09 21:16,2026-10-10,2026-10-10 21:00,Argentina,Federal A: Promotion Play-off,Deportivo Rincon,Kimberley,U55,Under 5.5 goals,goals,,0.948,,,,,Low,N/A,rejected,failed the pipeline's data checks | odds N/A (not priced by Sportybet),,0.337,pending,,
2026-10-09,2026-10-09 21:16,2026-10-10,2026-10-10 21:00,Bolivia,Nacional B: Play-off,Wilstermann Cooperativa,Virginia USC,O05,Over 0.5 goals,goals,,0.941,,,,,Medium,N/A,rejected,odds N/A (not priced by Sportybet),,0.382,pending,,
2026-10-09,2026-10-09 21:16,2026-10-10,2026-10-10 21:00,International Friendlies,Women's Friendlies,France Women,Latvia Women,O05,Over 0.5 goals,goals,,0.955,,,,,Low,N/A,rejected,failed the pipeline's data checks | odds N/A (not priced by Sportybet),,0.29,pending,,
2026-10-09,2026-10-09 21:16,2026-10-10,2026-10-10 21:00,Morocco,Botola Pro,US Amal Tiznit,Difaa El Jadida,O25,Over 2.5 goals,goals,2.65,0.438,0.354,0.377,8.4,0.161,Low,Low,rejected,failed the pipeline's data checks | probability 44% below the 70% bar for goals,,0.677,pending,,
2026-10-09,2026-10-09 21:16,2026-10-10,2026-10-10 21:00,Spain,LaLiga 2,Celta Vigo B,Real Sociedad B,O05,Over 0.5 goals,goals,,0.939,,,,,High,N/A,rejected,odds N/A (not priced by Sportybet),,0.455,pending,,
2026-10-09,2026-10-09 21:16,2026-10-10,2026-10-10 21:00,Spain,Segunda División,Celta B,Sociedad B,U45,Under 4.5 goals,goals,1.16,0.849,0.815,0.862,3.4,-0.015,High,N/A,rejected,price too short for the probability (EV -1.5%),,0.383,pending,,
2026-10-09,2026-10-09 21:16,2026-10-10,2026-10-10 21:00,Uruguay,Segunda División,Cerrito,Tacuarembo FC,AU15,Tacuarembo FC under 1.5 goals,team,1.27,0.772,0.716,0.787,5.7,-0.019,High,High,rejected,price too short for the probability (EV -1.9%),,0.48,pending,,
2026-10-09,2026-10-09 21:16,2026-10-10,2026-10-10 21:15,Iceland,Besta deildin: Championship Group,Fram Reykjavik,KR Reykjavik,U55,Under 5.5 goals,goals,1.4,0.885,0.674,0.714,21.0,0.238,Medium,N/A,rejected,"failed the pipeline's data checks | model 21 pp above the market — data fault, not edge",,0.819,pending,,
2026-10-09,2026-10-09 21:48,2026-10-10,2026-10-10 21:30,Portugal,Primeira Liga,Academico Viseu,Estoril,HO05,Academico Viseu over 0.5 goals,team,1.27,0.852,0.75,0.787,10.3,0.082,High,High,primary,,6,0.854,pending,,
2026-10-09,2026-10-09 21:48,2026-10-10,2026-10-10 21:30,Portugal,Primeira Liga,Casa Pia AC,Santa Clara,AO05,Santa Clara over 0.5 goals,team,1.27,0.829,0.75,0.787,8.0,0.053,High,High,watchlist,"qualified, but outside the top 7 by overall ranking",,0.729,pending,,
2026-10-09,2026-10-09 21:48,2026-10-10,2026-10-10 21:30,Argentina,Primera Nacional,CA Ferrocarril Midland,Atletico Rafaela,1X,CA Ferrocarril Midland or draw,dc,1.16,0.858,0.828,0.862,3.0,-0.005,High,High,rejected,price too short for the probability (EV -0.5%),,0.493,pending,,
2026-10-09,2026-10-09 21:48,2026-10-10,2026-10-10 21:30,Bolivia,Nacional B: Play-off,Fatic,26 de Febrero Colquiri,O05,Over 0.5 goals,goals,,0.938,,,,,Medium,N/A,rejected,odds N/A (not priced by Sportybet),,0.38,pending,,
2026-10-09,2026-10-09 21:48,2026-10-10,2026-10-10 21:30,International Friendlies,Women's Friendlies,Brazil W,Argentina W,O05,Over 0.5 goals,goals,,0.957,,,,,Low,N/A,rejected,failed the pipeline's data checks | odds N/A (not priced by Sportybet),,0.284,pending,,
2026-10-09,2026-10-09 21:48,2026-10-10,2026-10-10 21:30,Portugal,Liga Portugal 2,Vizela,Sporting CP B,HU15,Vizela under 1.5 goals,team,1.57,0.663,0.596,0.637,6.6,0.04,High,High,rejected,probability 66% below the 70% bar for team,,0.584,pending,,
2026-10-09,2026-10-09 21:48,2026-10-10,2026-10-10 21:30,Venezuela,Segunda División: Central-Oriental,Monagas SC B,Atletico Avila,O05,Over 0.5 goals,goals,,0.945,,,,,High,N/A,rejected,odds N/A (not priced by Sportybet),,0.463,pending,,
2026-10-09,2026-10-09 22:20,2026-10-10,2026-10-10 22:00,Paraguay,Division Profesional: Clausura,Sportivo San Lorenzo,Sportivo Trinidense,X2,Draw or Sportivo Trinidense,dc,1.19,0.913,0.805,0.84,10.9,0.087,High,High,primary,,3,0.902,pending,,
2026-10-09,2026-10-09 22:20,2026-10-10,2026-10-10 22:00,Costa Rica,Liga de Ascenso: Apertura: Group B,CS Uruguay,Santa Ana,HU15,CS Uruguay under 1.5 goals,team,1.54,0.717,0.604,0.649,11.3,0.104,High,High,watchlist,"qualified, but outside the top 7 by overall ranking",,0.783,pending,,
2026-10-09,2026-10-09 22:20,2026-10-10,2026-10-10 22:00,Brazil,Serie C: 2nd Stage: Group B,Brusque,Paysandu,HO05,Brusque over 0.5 goals,team,1.25,0.836,0.742,0.8,9.3,0.044,High,High,watchlist,"qualified, but outside the top 7 by overall ranking",,0.694,pending,,
2026-10-09,2026-10-09 22:20,2026-10-10,2026-10-10 22:00,Ecuador,Serie B Relegation Group,Gualaceo SC,Cumbaya,HO05,Gualaceo SC over 0.5 goals,team,1.34,0.764,0.68,0.746,8.3,0.023,Medium,Medium,watchlist,warning: Gualaceo SC: 100% rates in away matches come from only 2 matches — not meaningful,,0.529,pending,,
2026-10-09,2026-10-09 22:20,2026-10-10,2026-10-10 22:00,Brazil,Serie C: 2nd Stage: Group C,Botafogo PB,Santa Cruz,12,Botafogo PB or Santa Cruz,dc,1.34,0.75,0.694,0.746,5.6,0.005,Medium,Medium,watchlist,"qualified, but outside the top 7 by overall ranking",,0.479,pending,,
2026-10-09,2026-10-09 22:20,2026-10-10,2026-10-10 22:00,Argentina,Liga Profesional: Clausura,Central Cordoba de Santiago,Estudiantes de la Plata,U55,Under 5.5 goals,goals,,0.973,,,,,High,N/A,rejected,odds N/A (not priced by Sportybet),,0.452,pending,,
2026-10-09,2026-10-09 22:20,2026-10-10,2026-10-10 22:00,Brazil,Serie C: 2nd Stage: Group B,Ferroviaria,Inter de Limeira,O05,Over 0.5 goals,goals,,0.946,,,,,Medium,N/A,rejected,odds N/A (not priced by Sportybet),,0.394,pending,,
2026-10-09,2026-10-09 22:20,2026-10-10,2026-10-10 22:00,Brazil,Serie C: 2nd Stage: Group C,Maringa FC,Floresta,A,Floresta to win,result,5.75,0.217,0.149,0.174,6.8,0.247,Medium,Medium,rejected,probability 22% below the 60% bar for result,,0.649,pending,,
2026-10-09,2026-10-09 22:20,2026-10-10,2026-10-10 22:00,Canada,Premier League,Supra du Quebec,Vancouver FC,O15,Over 1.5 goals,goals,1.18,0.82,0.792,0.847,2.7,-0.033,High,High,rejected,price too short for the probability (EV -3.3%),,0.391,pending,,
2026-10-09,2026-10-09 22:20,2026-10-10,2026-10-10 22:00,Venezuela,Segunda División: Occidental,Yaracuyanos FC,Academia Rey,U55,Under 5.5 goals,goals,,0.939,,,,,High,N/A,rejected,odds N/A (not priced by Sportybet),,0.452,pending,,
2026-10-09,2026-10-09 22:59,2026-10-10,2026-10-10 22:30,Chile,Primera B,Deportes Temuco,Deportes Santa Cruz,1X,Deportes Temuco or draw,dc,1.28,0.805,0.734,0.781,7.1,0.03,High,High,watchlist,"qualified, but outside the top 7 by overall ranking",,0.688,pending,,
2026-10-09,2026-10-09 22:59,2026-10-10,2026-10-10 22:30,Colombia,Primera A: Clausura,Deportivo Pereira,Deportivo Cali,AO05,Deportivo Cali over 0.5 goals,team,1.2,0.838,0.774,0.833,6.5,0.006,High,High,watchlist,"qualified, but outside the top 7 by overall ranking",,0.598,pending,,
2026-10-09,2026-10-09 22:59,2026-10-10,2026-10-10 22:30,Chile,Primera División,Huachipato,O'Higgins,O05,Over 0.5 goals,goals,,0.94,,,,,High,N/A,rejected,odds N/A (not priced by Sportybet),,0.477,pending,,
2026-10-09,2026-10-09 22:59,2026-10-10,2026-10-10 22:30,Peru,Liga 1: Clausura,Comerciantes Unidos,ADC Juan Pablo II,O05,Over 0.5 goals,goals,,0.942,,,,,High,N/A,rejected,odds N/A (not priced by Sportybet),,0.464,pending,,
2026-10-09,2026-10-09 23:17,2026-10-10,2026-10-10 23:00,Honduras,Liga Nacional: Apertura,Genesis FC,CD Olimpia,HO05,Genesis FC over 0.5 goals,team,1.53,0.706,0.606,0.654,10.0,0.08,High,High,watchlist,"qualified, but outside the top 7 by overall ranking",,0.72,pending,,
2026-10-09,2026-10-09 23:17,2026-10-10,2026-10-10 23:00,Venezuela,Primera Division: Clausura,Portuguesa FC,Deportivo La Guaira,HO05,Portuguesa FC over 0.5 goals,team,1.36,0.765,0.669,0.735,9.5,0.04,High,High,watchlist,"qualified, but outside the top 7 by overall ranking",,0.647,pending,,
2026-10-09,2026-10-09 23:17,2026-10-10,2026-10-10 23:00,Costa Rica,Primera División: Apertura,Inter San Carlos,Municipal Perez Zeledon,U35,Under 3.5 goals,goals,1.47,0.723,0.634,0.68,8.8,0.062,High,High,watchlist,"qualified, but outside the top 7 by overall ranking",,0.63,pending,,
2026-10-09,2026-10-09 23:17,2026-10-10,2026-10-10 23:00,USA,USL League One,Portland Hearts of Pine,Boise,HO05,Portland Hearts of Pine over 0.5 goals,team,1.29,0.779,0.716,0.775,6.3,0.005,High,High,watchlist,"qualified, but outside the top 7 by overall ranking",,0.519,pending,,
2026-10-09,2026-10-09 23:17,2026-10-10,2026-10-10 23:00,Brazil,Serie A,Vasco da Gama,Remo,U45,Under 4.5 goals,goals,1.21,0.843,0.795,0.826,4.8,0.021,High,N/A,watchlist,"qualified, but outside the top 7 by overall ranking",,0.508,pending,,
2026-10-09,2026-10-09 23:17,2026-10-10,2026-10-10 23:00,Guatemala,Liga Nacional: Apertura,Aurora FC,Club Xelaju,O15,Over 1.5 goals,goals,1.31,0.773,0.716,0.763,5.7,0.013,High,High,watchlist,"qualified, but outside the top 7 by overall ranking",,0.482,pending,,
2026-10-09,2026-10-09 23:17,2026-10-10,2026-10-10 23:00,El Salvador,Primera Division: Apertura,CD Fuerte San Francisco,CD Cacahuatique U20,H,CD Fuerte San Francisco to win,result,2.6,0.392,0.35,0.385,4.2,0.019,High,High,rejected,probability 39% below the 60% bar for result,,0.458,pending,,
2026-10-09,2026-10-09 23:17,2026-10-10,2026-10-10 23:00,International Friendlies,Women's Friendlies,Panama W,New Zealand Women,O05,Over 0.5 goals,goals,,0.97,,,,,Low,N/A,rejected,failed the pipeline's data checks | odds N/A (not priced by Sportybet),,0.329,pending,,
2026-10-09,2026-10-09 23:17,2026-10-10,2026-10-10 23:00,International Friendlies,Women's Friendlies,Venezuela W,Colombia W,O05,Over 0.5 goals,goals,,0.957,,,,,Low,N/A,rejected,failed the pipeline's data checks | odds N/A (not priced by Sportybet),,0.29,pending,,
2026-10-09,2026-10-09 23:17,2026-10-10,2026-10-10 23:00,USA,USL Championship,Sporting Jax,Birmingham Legion,O05,Over 0.5 goals,goals,,0.952,,,,,High,N/A,rejected,odds N/A (not priced by Sportybet),,0.479,pending,,
2026-10-09,2026-10-09 23:17,2026-10-10,2026-10-10 23:00,USA,USL League One,Union Omaha,Fort Wayne FC,U45,Under 4.5 goals,goals,1.23,0.804,0.76,0.813,4.3,-0.012,High,N/A,rejected,price too short for the probability (EV -1.2%),,0.429,pending,,
2026-10-09,2026-10-09 23:43,2026-10-10,2026-10-10 23:30,Mexico,Primera Premier,Cordobes FC,Tigres de Alica FC,AO05,Tigres de Alica FC over 0.5 goals,team,1.25,0.808,0.725,0.8,8.2,0.01,High,High,watchlist,"qualified, but outside the top 7 by overall ranking",,0.618,pending,,
2026-10-09,2026-10-09 23:43,2026-10-10,2026-10-10 23:30,Ecuador,Serie A: Placement Group,Guayaquil City,Emelec,AU15,Emelec under 1.5 goals,team,1.39,0.728,0.656,0.719,7.2,0.012,High,High,watchlist,"qualified, but outside the top 7 by overall ranking",,0.504,pending,,
2026-10-09,2026-10-09 23:43,2026-10-10,2026-10-10 23:30,Mexico,Liga Premier: Serie A Clausura,Delfines de Coatzacoalcos,Artesanos Metepec FC,U45,Under 4.5 goals,goals,1.2,0.87,0.765,0.833,10.5,0.044,Low,N/A,rejected,failed the pipeline's data checks,,0.678,pending,,
2026-10-09,2026-10-09 23:43,2026-10-10,2026-10-10 23:30,Mexico,Primera Premier,Racing FC Porto Palmeiras,Celaya,O05,Over 0.5 goals,goals,,0.945,,,,,High,N/A,rejected,odds N/A (not priced by Sportybet),,0.436,pending,,
2026-10-09,2026-10-09 23:43,2026-10-10,2026-10-10 23:30,Uruguay,Primera División: Clausura,Club Atletico Penarol,Club Atletico Progreso,U55,Under 5.5 goals,goals,,0.946,,,,,High,N/A,rejected,odds N/A (not priced by Sportybet),,0.446,pending,,
2026-10-10,2026-10-10 00:09,2026-10-10,2026-10-10 18:30,Spain,La Liga,Barcelona,Getafe,U55,Under 5.5 goals,goals,1.23,0.896,0.782,0.813,11.4,0.102,High,N/A,primary,,1,0.921,pending,,
2026-10-10,2026-10-10 00:09,2026-10-10,2026-10-10 14:00,Norway,2. Division: Group 2,Eidsvold TF,Skeid,H,Eidsvold TF to win,result,1.29,0.844,0.754,0.775,8.9,0.088,High,High,primary,,2,0.92,hit,2-1,2026-10-10
2026-10-10,2026-10-10 00:09,2026-10-10,2026-10-10 16:00,England,League One,Leicester,Peterboro,U55,Under 5.5 goals,goals,1.15,0.94,0.82,0.87,12.0,0.081,High,N/A,primary,,3,0.909,hit,1-3,2026-10-10
2026-10-10,2026-10-10 00:09,2026-10-10,2026-10-10 22:00,Paraguay,Division Profesional: Clausura,Sportivo San Lorenzo,Sportivo Trinidense,X2,Draw or Sportivo Trinidense,dc,1.18,0.913,0.815,0.847,9.8,0.078,High,High,primary,,4,0.884,pending,,
2026-10-10,2026-10-10 00:09,2026-10-10,2026-10-10 15:00,Italy,Serie A,Genoa,Fiorentina,KU55,Under 5.5 cards,cards,1.42,0.78,0.664,0.704,11.7,0.108,High,N/A,primary,,5,0.868,miss,2-1,2026-10-10
2026-10-10,2026-10-10 00:09,2026-10-10,2026-10-10 20:45,Belgium,Pro League,Genk,Kortrijk,12,Genk or Kortrijk,dc,1.18,0.914,0.815,0.847,9.9,0.078,High,High,primary,,6,0.868,pending,,
2026-10-10,2026-10-10 00:09,2026-10-10,2026-10-10 15:30,Germany,Bundesliga,Paderborn,Stuttgart,HO05,Paderborn over 0.5 goals,team,1.32,0.836,0.72,0.758,11.6,0.103,High,High,primary,,7,0.864,miss,0-2,2026-10-10
2026-10-10,2026-10-10 00:09,2026-10-10,2026-10-10 15:00,Turkey,Süper Lig,Alanyaspor,Erzurumspor,1X,Alanyaspor or draw,dc,1.24,0.88,0.772,0.806,10.9,0.092,High,Medium,watchlist,warning: High model probability (88%) rests on 6 matches for one team,,0.856,hit,0-0,2026-10-10
2026-10-10,2026-10-10 00:09,2026-10-10,2026-10-10 07:00,Japan,J2 League,Omiya Ardija,Vanraure Hachinohe,1X,Omiya Ardija or draw,dc,1.18,0.903,0.813,0.847,9.1,0.066,High,High,watchlist,"qualified, but outside the top 7 by overall ranking",,0.853,hit,3-1,2026-10-10
2026-10-10,2026-10-10 00:09,2026-10-10,2026-10-10 21:30,Portugal,Primeira Liga,Academico Viseu,Estoril,HO05,Academico Viseu over 0.5 goals,team,1.27,0.852,0.75,0.787,10.3,0.082,High,High,watchlist,"qualified, but outside the top 7 by overall ranking",,0.853,pending,,
2026-10-10,2026-10-10 00:09,2026-10-10,2026-10-10 17:15,France,Ligue 1,Lille,Le Havre,U45,Under 4.5 goals,goals,1.21,0.892,0.795,0.826,9.7,0.08,High,N/A,watchlist,"qualified, but outside the top 7 by overall ranking",,0.852,hit,1-0,2026-10-10
2026-10-10,2026-10-10 00:09,2026-10-10,2026-10-10 13:00,Sweden,Division 1: South,Haessleholms IF,Joenkoepings Soedra,HO05,Haessleholms IF over 0.5 goals,team,1.29,0.838,0.719,0.775,11.9,0.081,High,High,watchlist,"qualified, but outside the top 7 by overall ranking",,0.849,hit,1-0,2026-10-10
2026-10-10,2026-10-10 00:09,2026-10-10,2026-10-10 21:00,Spain,La Liga,Real Madrid,Villarreal,U55,Under 5.5 goals,goals,1.23,0.88,0.782,0.813,9.9,0.083,High,N/A,watchlist,"qualified, but outside the top 7 by overall ranking",,0.849,pending,,
2026-10-10,2026-10-10 00:09,2026-10-10,2026-10-10 16:00,Scotland,Championship,Livingston,Partick,U35,Under 3.5 goals,goals,1.39,0.793,0.68,0.719,11.3,0.103,High,High,watchlist,"qualified, but outside the top 7 by overall ranking",,0.848,hit,1-2,2026-10-10
2026-10-10,2026-10-10 00:09,2026-10-10,2026-10-10 20:00,Saudi Arabia,Saudi Professional League,Al Hilal,Al Ittihad,U55,Under 5.5 goals,goals,1.16,0.916,0.812,0.862,10.4,0.062,High,N/A,watchlist,"qualified, but outside the top 7 by overall ranking",,0.848,pending,,
2026-10-10,2026-10-10 00:09,2026-10-10,2026-10-10 16:00,Scotland,League Two,Clyde,Dumbarton,H,Clyde to win,result,1.57,0.704,0.612,0.637,9.2,0.106,High,High,watchlist,"qualified, but outside the top 7 by overall ranking",,0.844,hit,2-1,2026-10-10
2026-10-10,2026-10-10 00:09,2026-10-10,2026-10-10 16:00,England,National League,Fylde,Scunthorpe,U45,Under 4.5 goals,goals,1.39,0.794,0.68,0.719,11.4,0.103,High,N/A,watchlist,"qualified, but outside the top 7 by overall ranking",,0.842,hit,2-0,2026-10-10
2026-10-10,2026-10-10 00:09,2026-10-10,2026-10-10 17:00,Hungary,NB I,Ferencvaros,Debrecen,U45,Under 4.5 goals,goals,1.38,0.796,0.685,0.725,11.1,0.098,High,N/A,watchlist,"qualified, but outside the top 7 by overall ranking",,0.842,hit,1-1,2026-10-10
2026-10-10,2026-10-10 00:09,2026-10-10,2026-10-10 20:00,Chile,Primera B,Santiago Wanderers,Curico Unido,HO05,Santiago Wanderers over 0.5 goals,team,1.21,0.88,0.763,0.826,11.6,0.064,High,High,watchlist,"qualified, but outside the top 7 by overall ranking",,0.842,pending,,
2026-10-10,2026-10-10 00:09,2026-10-10,2026-10-10 15:30,Germany,Bundesliga,Union Berlin,Elversberg,AO05,Elversberg over 0.5 goals,team,1.22,0.88,0.779,0.82,10.1,0.073,High,High,watchlist,"qualified, but outside the top 7 by overall ranking",,0.84,miss,1-0,2026-10-10
2026-10-10,2026-10-10 00:09,2026-10-10,2026-10-10 18:00,Italy,Serie A,Inter,Parma,U45,Under 4.5 goals,goals,1.41,0.792,0.68,0.709,11.2,0.117,High,N/A,watchlist,"qualified, but outside the top 7 by overall ranking",,0.838,pending,,
2026-10-10,2026-10-10 00:09,2026-10-10,2026-10-10 18:30,England,Premier League,Man United,Tottenham,AU15,Tottenham under 1.5 goals,team,1.47,0.759,0.647,0.68,11.1,0.115,High,High,watchlist,"qualified, but outside the top 7 by overall ranking",,0.832,pending,,
2026-10-10,2026-10-10 00:09,2026-10-10,2026-10-10 03:00,Peru,Liga 1: Clausura,Deportivo Garcilaso,Sport Huancayo,HO05,Deportivo Garcilaso over 0.5 goals,team,1.25,0.855,0.742,0.8,11.2,0.068,High,High,watchlist,"qualified, but outside the top 7 by overall ranking",,0.83,miss,0-1,2026-10-10
2026-10-10,2026-10-10 00:09,2026-10-10,2026-10-10 16:00,Botswana,Premier League,Tafic,Matebele FC,H,Tafic to win,result,1.61,0.683,0.58,0.621,10.3,0.1,High,High,watchlist,"qualified, but outside the top 7 by overall ranking",,0.829,miss,2-2,2026-10-10
2026-10-10,2026-10-10 00:09,2026-10-10,2026-10-10 15:30,Austria,2. Liga,FC Liefering,Sturm Graz II,U45,Under 4.5 goals,goals,1.44,0.767,0.656,0.694,11.1,0.104,High,N/A,watchlist,"qualified, but outside the top 7 by overall ranking",,0.824,hit,3-1,2026-10-10
2026-10-10,2026-10-10 00:09,2026-10-10,2026-10-10 13:30,Singapore,Premier League,Geylang International FC,Albirex Niigata FC,A,Albirex Niigata FC to win,result,1.67,0.684,0.573,0.599,11.2,0.143,High,High,watchlist,"qualified, but outside the top 7 by overall ranking",,0.823,miss,3-1,2026-10-10
2026-10-10,2026-10-10 00:09,2026-10-10,2026-10-10 07:00,Republic of Korea,K-League 1,FC Seoul,Jeju United,U35,Under 3.5 goals,goals,1.43,0.768,0.658,0.699,11.0,0.099,High,High,watchlist,"qualified, but outside the top 7 by overall ranking",,0.822,hit,2-1,2026-10-10
2026-10-10,2026-10-10 00:09,2026-10-10,2026-10-10 14:00,Germany,Regionalliga West,Oberhausen,FC Bocholt,H,Oberhausen to win,result,1.68,0.672,0.563,0.595,10.9,0.129,High,High,watchlist,"qualified, but outside the top 7 by overall ranking",,0.821,hit,3-1,2026-10-10
2026-10-10,2026-10-10 00:09,2026-10-10,2026-10-10 15:30,Germany,Bundesliga,Hoffenheim,Hamburg,KU55,Under 5.5 cards,cards,1.45,0.75,0.651,0.69,9.9,0.087,High,N/A,watchlist,"qualified, but outside the top 7 by overall ranking",,0.819,pending,,
2026-10-10,2026-10-10 00:09,2026-10-10,2026-10-10 16:00,Scotland,Premiership,Hearts,St Mirren,AU15,St Mirren under 1.5 goals,team,1.3,0.824,0.717,0.769,10.7,0.072,High,High,watchlist,"qualified, but outside the top 7 by overall ranking",,0.819,hit,5-0,2026-10-10
2026-10-10,2026-10-10 00:09,2026-10-10,2026-10-10 16:15,Spain,La Liga,Alaves,Ath Madrid,HO05,Alaves over 0.5 goals,team,1.49,0.75,0.64,0.671,11.0,0.118,High,High,watchlist,"qualified, but outside the top 7 by overall ranking",,0.819,hit,1-2,2026-10-10
2026-10-10,2026-10-10 00:09,2026-10-10,2026-10-10 19:00,Serbia,Super Liga,FK Radnicki 1923,FK Crvena Zvezda,U45,Under 4.5 goals,goals,1.2,0.889,0.786,0.833,10.3,0.066,High,N/A,watchlist,"qualified, but outside the top 7 by overall ranking",,0.818,pending,,
2026-10-10,2026-10-10 00:09,2026-10-10,2026-10-10 08:00,Japan,J1 League,FC Tokyo,Urawa Red Diamonds,H,FC Tokyo to win,result,1.73,0.666,0.569,0.578,9.7,0.153,High,High,watchlist,"qualified, but outside the top 7 by overall ranking",,0.817,hit,3-0,2026-10-10
2026-10-10,2026-10-10 00:09,2026-10-10,2026-10-10 16:00,England,League One,Cambridge,Blackpool,1X,Cambridge or draw,dc,1.3,0.829,0.726,0.769,10.3,0.077,High,High,watchlist,"qualified, but outside the top 7 by overall ranking",,0.815,hit,1-0,2026-10-10
2026-10-10,2026-10-10 00:09,2026-10-10,2026-10-10 16:00,England,Premier League,Ipswich,Fulham,HO05,Ipswich over 0.5 goals,team,1.28,0.843,0.746,0.781,9.8,0.079,High,High,watchlist,"qualified, but outside the top 7 by overall ranking",,0.815,hit,2-1,2026-10-10
2026-10-10,2026-10-10 00:09,2026-10-10,2026-10-10 14:00,Spain,La Liga,Vallecano,Ath Bilbao,1X,Vallecano or draw,dc,1.48,0.749,0.634,0.676,11.5,0.109,High,High,watchlist,"qualified, but outside the top 7 by overall ranking",,0.812,pending,,
2026-10-10,2026-10-10 00:09,2026-10-10,2026-10-10 16:00,Sweden,Division 1: North,Karlstad,FC Arlanda,AO05,FC Arlanda over 0.5 goals,team,1.41,0.774,0.657,0.709,11.7,0.092,High,High,watchlist,"qualified, but outside the top 7 by overall ranking",,0.812,miss,3-0,2026-10-10
2026-10-10,2026-10-10 00:09,2026-10-10,2026-10-10 16:00,England,League One,Doncaster,Burton,AO05,Burton over 0.5 goals,team,1.52,0.724,0.612,0.658,11.2,0.101,High,High,watchlist,"qualified, but outside the top 7 by overall ranking",,0.811,miss,1-0,2026-10-10
2026-10-10,2026-10-10 00:09,2026-10-10,2026-10-10 15:30,Slovakia,Super Liga,Trencin,Dukla Banska Bystrica,AO05,Dukla Banska Bystrica over 0.5 goals,team,1.29,0.834,0.719,0.775,11.5,0.076,High,High,watchlist,"qualified, but outside the top 7 by overall ranking",,0.808,hit,0-1,2026-10-10
2026-10-10,2026-10-10 00:09,2026-10-10,2026-10-10 16:00,England,Premier League,Sunderland,Brighton,X2,Draw or Brighton,dc,1.39,0.785,0.683,0.719,10.2,0.091,High,High,watchlist,"qualified, but outside the top 7 by overall ranking",,0.807,hit,0-2,2026-10-10
2026-10-10,2026-10-10 00:09,2026-10-10,2026-10-10 18:15,Israel,Premier League,Hapoel Petah Tikva,Maccabi Netanya,HO05,Hapoel Petah Tikva over 0.5 goals,team,1.42,0.767,0.651,0.704,11.6,0.089,High,High,watchlist,"qualified, but outside the top 7 by overall ranking",,0.807,pending,,
2026-10-10,2026-10-10 00:09,2026-10-10,2026-10-10 13:00,Germany,2. Bundesliga,Magdeburg,Hannover,CU115,Under 11.5 corners,corners,1.55,0.705,0.597,0.645,10.7,0.092,High,N/A,watchlist,"qualified, but outside the top 7 by overall ranking",,0.805,pending,,
2026-10-10,2026-10-10 00:09,2026-10-10,2026-10-10 16:00,England,National League,Tamworth,Barrow,HO05,Tamworth over 0.5 goals,team,1.24,0.858,0.749,0.806,10.9,0.063,High,High,watchlist,"qualified, but outside the top 7 by overall ranking",,0.805,hit,1-2,2026-10-10
2026-10-10,2026-10-10 00:09,2026-10-10,2026-10-10 21:00,Netherlands,Eredivisie,Ajax,Nijmegen,AO05,Nijmegen over 0.5 goals,team,1.47,0.751,0.634,0.68,11.7,0.104,High,High,watchlist,"qualified, but outside the top 7 by overall ranking",,0.805,pending,,
2026-10-10,2026-10-10 00:09,2026-10-10,2026-10-10 14:45,Poland,Ekstraklasa,Cracovia,Zaglebie Lubin,AO05,Zaglebie Lubin over 0.5 goals,team,1.44,0.767,0.648,0.694,12.0,0.105,High,High,watchlist,"qualified, but outside the top 7 by overall ranking",,0.803,hit,3-1,2026-10-10
2026-10-10,2026-10-10 00:09,2026-10-10,2026-10-10 16:00,Ireland,FAI Cup,Galway United FC,Derry City,O15,Over 1.5 goals,goals,1.28,0.838,0.738,0.781,10.1,0.073,High,High,watchlist,"qualified, but outside the top 7 by overall ranking",,0.801,hit,0-2,2026-10-10
2026-10-10,2026-10-10 00:09,2026-10-10,2026-10-10 07:00,Japan,J2 League,Tokushima Vortis,FC Imabari,1X,Tokushima Vortis or draw,dc,1.28,0.829,0.732,0.781,9.8,0.062,High,High,watchlist,"qualified, but outside the top 7 by overall ranking",,0.8,miss,1-2,2026-10-10
2026-10-10,2026-10-10 00:09,2026-10-10,2026-10-10 13:30,England,League Two,Swindon,Crewe,U35,Under 3.5 goals,goals,1.43,0.757,0.658,0.699,9.9,0.082,High,High,watchlist,"qualified, but outside the top 7 by overall ranking",,0.8,hit,0-1,2026-10-10
2026-10-10,2026-10-10 00:09,2026-10-10,2026-10-10 16:00,England,Premier League,Chelsea,Bournemouth,AO05,Bournemouth over 0.5 goals,team,1.37,0.787,0.694,0.73,9.3,0.078,High,High,watchlist,"qualified, but outside the top 7 by overall ranking",,0.796,hit,5-1,2026-10-10
2026-10-10,2026-10-10 00:09,2026-10-11,2026-10-11 00:00,USA,USL Championship,Charleston Battery,Louisville City FC,1X,Charleston Battery or draw,dc,1.33,0.803,0.696,0.752,10.6,0.067,High,High,watchlist,"qualified, but outside the top 7 by overall ranking",,0.796,pending,,
2026-10-10,2026-10-10 00:09,2026-10-10,2026-10-10 18:00,Czech Republic,1st League,Bohemians 1905,Banik Ostrava,AU15,Banik Ostrava under 1.5 goals,team,1.53,0.731,0.611,0.654,12.0,0.118,High,High,watchlist,"qualified, but outside the top 7 by overall ranking",,0.794,pending,,
2026-10-10,2026-10-10 00:09,2026-10-10,2026-10-10 16:00,Scotland,League Two,Forfar,Elgin,HO05,Forfar over 0.5 goals,team,1.34,0.797,0.691,0.746,10.6,0.068,High,High,watchlist,"qualified, but outside the top 7 by overall ranking",,0.79,hit,1-2,2026-10-10
2026-10-10,2026-10-10 00:09,2026-10-10,2026-10-10 16:30,Netherlands,Eredivisie,Go Ahead Eagles,Sparta Rotterdam,H,Go Ahead Eagles to win,result,1.76,0.64,0.55,0.568,9.0,0.126,High,High,watchlist,"qualified, but outside the top 7 by overall ranking",,0.79,miss,3-3,2026-10-10
2026-10-10,2026-10-10 00:09,2026-10-10,2026-10-10 17:00,Austria,Bundesliga,Grazer AK,FC Salzburg,U45,Under 4.5 goals,goals,1.27,0.844,0.744,0.787,10.0,0.072,High,N/A,watchlist,"qualified, but outside the top 7 by overall ranking",,0.79,hit,0-0,2026-10-10
2026-10-10,2026-10-10 00:09,2026-10-10,2026-10-10 21:00,Argentina,Primera Nacional,Quilmes,Agropecuario,AU15,Agropecuario under 1.5 goals,team,1.16,0.89,0.795,0.862,9.5,0.033,High,High,watchlist,"qualified, but outside the top 7 by overall ranking",,0.785,pending,,
2026-10-10,2026-10-10 00:09,2026-10-10,2026-10-10 13:30,Netherlands,Tweede Divisie,Quick Boys,Katwijk,H,Quick Boys to win,result,1.6,0.678,0.6,0.625,7.8,0.085,High,High,watchlist,"qualified, but outside the top 7 by overall ranking",,0.783,hit,6-0,2026-10-10
2026-10-10,2026-10-10 00:09,2026-10-10,2026-10-10 14:00,Germany,3. Liga,Meppen,VfB Stuttgart II,1X,Meppen or draw,dc,1.37,0.791,0.681,0.73,11.0,0.084,High,High,watchlist,"qualified, but outside the top 7 by overall ranking",,0.783,hit,1-1,2026-10-10
2026-10-10,2026-10-10 00:09,2026-10-10,2026-10-10 16:00,Slovenia,2. SNL,ND Ilirija Ljubljana,NK Krka,1X,ND Ilirija Ljubljana or draw,dc,1.33,0.803,0.698,0.752,10.5,0.068,High,High,watchlist,"qualified, but outside the top 7 by overall ranking",,0.783,hit,2-1,2026-10-10
2026-10-10,2026-10-10 00:09,2026-10-10,2026-10-10 22:00,Costa Rica,Liga de Ascenso: Apertura: Group B,CS Uruguay,Santa Ana,HU15,CS Uruguay under 1.5 goals,team,1.54,0.717,0.604,0.649,11.3,0.104,High,High,watchlist,"qualified, but outside the top 7 by overall ranking",,0.783,pending,,
2026-10-10,2026-10-10 00:09,2026-10-10,2026-10-10 14:00,Germany,Regionalliga Bayern,DJK Vilzing,TSV Buchbach,U45,Under 4.5 goals,goals,1.31,0.81,0.703,0.763,10.7,0.061,High,N/A,watchlist,"qualified, but outside the top 7 by overall ranking",,0.781,hit,1-1,2026-10-10
2026-10-10,2026-10-10 00:09,2026-10-10,2026-10-10 16:00,Scotland,League One,Cove Rangers,East Fife,HO05,Cove Rangers over 0.5 goals,team,1.25,0.843,0.742,0.8,10.1,0.054,High,High,watchlist,"qualified, but outside the top 7 by overall ranking",,0.78,hit,1-1,2026-10-10
2026-10-10,2026-10-10 00:09,2026-10-10,2026-10-10 16:00,England,League One,Stevenage,Wigan,1X,Stevenage or draw,dc,1.29,0.821,0.736,0.775,8.5,0.059,High,High,watchlist,"qualified, but outside the top 7 by overall ranking",,0.779,hit,1-0,2026-10-10
2026-10-10,2026-10-10 00:09,2026-10-10,2026-10-10 12:00,Belarus,Premier League,FC Minsk,Torpedo Zhodino,1X,FC Minsk or draw,dc,1.43,0.758,0.654,0.699,10.4,0.085,High,High,watchlist,"qualified, but outside the top 7 by overall ranking",,0.777,miss,0-1,2026-10-10
2026-10-10,2026-10-10 00:09,2026-10-10,2026-10-10 01:00,Colombia,Primera A: Clausura,Alianza FC Valledupar,Aguilas Doradas Rionegro,AO05,Aguilas Doradas Rionegro over 0.5 goals,team,1.39,0.768,0.664,0.719,10.4,0.068,High,High,watchlist,"qualified, but outside the top 7 by overall ranking",,0.776,hit,2-2,2026-10-10
2026-10-10,2026-10-10 00:09,2026-10-10,2026-10-10 13:30,China,League One,Meizhou Hakka,Wuxi Wugou FC,AO05,Wuxi Wugou FC over 0.5 goals,team,1.22,0.85,0.742,0.82,10.8,0.037,High,High,watchlist,"qualified, but outside the top 7 by overall ranking",,0.773,hit,0-3,2026-10-10
2026-10-10,2026-10-10 00:09,2026-10-10,2026-10-10 14:30,Italy,Serie C: Group C,Savoia,Inter U23,O15,Over 1.5 goals,goals,1.35,0.796,0.69,0.741,10.7,0.075,High,High,watchlist,"qualified, but outside the top 7 by overall ranking",,0.77,hit,2-1,2026-10-10
2026-10-10,2026-10-10 00:09,2026-10-10,2026-10-10 16:00,England,League One,Milton Keynes Dons,Reading,1X,Milton Keynes Dons or draw,dc,1.48,0.735,0.621,0.676,11.4,0.088,High,High,watchlist,"qualified, but outside the top 7 by overall ranking",,0.77,miss,1-5,2026-10-10
2026-10-10,2026-10-10 00:09,2026-10-10,2026-10-10 18:00,South Africa,MTN 8,Orlando Pirates,Mamelodi Sundowns FC,12,Orlando Pirates or Mamelodi Sundowns FC,dc,1.35,0.801,0.692,0.741,10.9,0.082,Medium,Medium,watchlist,"qualified, but outside the top 7 by overall ranking",,0.77,pending,,
2026-10-10,2026-10-10 00:09,2026-10-10,2026-10-10 20:00,Chile,Primera División,Cobresal,Universidad de Concepcion,AU15,Universidad de Concepcion under 1.5 goals,team,1.52,0.72,0.607,0.658,11.3,0.095,High,High,watchlist,"qualified, but outside the top 7 by overall ranking",,0.769,pending,,
2026-10-10,2026-10-10 00:09,2026-10-11,2026-10-11 00:00,Mexico,Liga de Expansion MX: Apertura,Tlaxcala FC,Piratas,HO05,Tlaxcala FC over 0.5 goals,team,1.39,0.775,0.668,0.719,10.7,0.077,High,High,watchlist,"qualified, but outside the top 7 by overall ranking",,0.767,pending,,
2026-10-10,2026-10-10 00:09,2026-10-10,2026-10-10 16:00,Sweden,Division 1: South,FC Rosengaard,Aatvidaberg,AO05,Aatvidaberg over 0.5 goals,team,1.29,0.82,0.719,0.775,10.1,0.057,High,High,watchlist,"qualified, but outside the top 7 by overall ranking",,0.765,hit,1-1,2026-10-10
2026-10-10,2026-10-10 00:09,2026-10-10,2026-10-10 13:00,Latvia,Virsliga,FK Tukums 2000,Riga FC,U45,Under 4.5 goals,goals,1.4,0.765,0.654,0.714,11.1,0.071,High,N/A,watchlist,"qualified, but outside the top 7 by overall ranking",,0.764,hit,0-2,2026-10-10
2026-10-10,2026-10-10 00:09,2026-10-10,2026-10-10 03:00,Mexico,Liga MX: Apertura,Puebla,Leon,CU115,Under 11.5 corners,corners,1.51,0.713,0.614,0.662,9.9,0.076,High,N/A,watchlist,"qualified, but outside the top 7 by overall ranking",,0.759,miss,1-1,2026-10-10
2026-10-10,2026-10-10 00:09,2026-10-10,2026-10-10 16:00,England,Northern Premier League,Emley,Gainsborough,X2,Draw or Gainsborough,dc,1.2,0.874,0.789,0.833,8.5,0.049,Medium,Medium,watchlist,"qualified, but outside the top 7 by overall ranking",,0.759,hit,1-2,2026-10-10
2026-10-10,2026-10-10 00:09,2026-10-10,2026-10-10 14:00,Germany,Regionalliga Nord,Schoeningen,Hamburger SV II,AO05,Hamburger SV II over 0.5 goals,team,1.27,0.824,0.716,0.787,10.9,0.047,High,High,watchlist,"qualified, but outside the top 7 by overall ranking",,0.758,hit,1-3,2026-10-10
2026-10-10,2026-10-10 00:09,2026-10-10,2026-10-10 12:00,Japan,J1 League,Kyoto Sanga FC,Machida Zelvia,AO05,Machida Zelvia over 0.5 goals,team,1.21,0.87,0.788,0.826,8.2,0.053,High,High,watchlist,"qualified, but outside the top 7 by overall ranking",,0.757,hit,0-1,2026-10-10
2026-10-10,2026-10-10 00:09,2026-10-10,2026-10-10 13:30,England,Championship,West Bromwich Albion,Birmingham City,CO85,Over 8.5 corners,corners,1.61,0.671,0.572,0.621,9.9,0.081,High,N/A,watchlist,"qualified, but outside the top 7 by overall ranking",,0.755,hit,0-1,2026-10-10
2026-10-10,2026-10-10 00:09,2026-10-10,2026-10-10 00:30,Argentina,Liga Profesional: Clausura,Instituto Cordoba,Boca Juniors,1X,Instituto Cordoba or draw,dc,1.51,0.723,0.608,0.662,11.5,0.091,High,High,watchlist,"qualified, but outside the top 7 by overall ranking",,0.752,hit,2-2,2026-10-10
2026-10-10,2026-10-10 00:09,2026-10-10,2026-10-10 20:00,Argentina,Primera Nacional,Colegiales,Tristan Suarez,HU15,Colegiales under 1.5 goals,team,1.29,0.809,0.719,0.775,9.0,0.044,High,High,watchlist,"qualified, but outside the top 7 by overall ranking",,0.752,pending,,
2026-10-10,2026-10-10 00:09,2026-10-10,2026-10-10 14:00,Norway,3. Division: Group 5,Skedsmo,Floeya,H,Skedsmo to win,result,1.8,0.608,0.522,0.556,8.5,0.094,High,High,watchlist,"qualified, but outside the top 7 by overall ranking",,0.749,miss,1-3,2026-10-10
2026-10-10,2026-10-10 00:09,2026-10-10,2026-10-10 15:00,Latvia,Virsliga,SK Super Nova,Grobina,HO05,SK Super Nova over 0.5 goals,team,1.28,0.813,0.708,0.781,10.6,0.041,High,High,watchlist,"qualified, but outside the top 7 by overall ranking",,0.749,hit,2-1,2026-10-10
2026-10-10,2026-10-10 00:09,2026-10-10,2026-10-10 16:00,England,Championship,Preston,Millwall,CO95,Over 9.5 corners,corners,1.54,0.697,0.604,0.649,9.3,0.074,High,N/A,watchlist,"qualified, but outside the top 7 by overall ranking",,0.749,pending,,
2026-10-10,2026-10-10 00:09,2026-10-10,2026-10-10 16:00,England,Championship,Bolton,Stoke,HO05,Bolton over 0.5 goals,team,1.29,0.822,0.725,0.775,9.7,0.06,High,High,watchlist,"qualified, but outside the top 7 by overall ranking",,0.746,hit,1-2,2026-10-10
2026-10-10,2026-10-10 00:09,2026-10-10,2026-10-10 17:00,Ghana,Premier League,All Blacks,Asante Kotoko SC,1X,All Blacks or draw,dc,1.29,0.811,0.723,0.775,8.7,0.046,High,High,watchlist,"qualified, but outside the top 7 by overall ranking",,0.744,hit,1-0,2026-10-10
2026-10-10,2026-10-10 00:09,2026-10-10,2026-10-10 20:15,Poland,Ekstraklasa,Jagiellonia Bialystok,Gornik Zabrze,AO05,Gornik Zabrze over 0.5 goals,team,1.26,0.833,0.741,0.794,9.3,0.05,High,High,watchlist,"qualified, but outside the top 7 by overall ranking",,0.744,pending,,
2026-10-10,2026-10-10 00:09,2026-10-10,2026-10-10 12:00,Portugal,Liga Portugal 2,Tondela,Torreense,X2,Draw or Torreense,dc,1.56,0.702,0.594,0.641,10.8,0.095,High,High,watchlist,"qualified, but outside the top 7 by overall ranking",,0.741,miss,1-0,2026-10-10
2026-10-10,2026-10-10 00:09,2026-10-10,2026-10-10 13:00,Norway,3. Division: Group 2,NTNUI,Volda,HO05,NTNUI over 0.5 goals,team,1.49,0.724,0.612,0.671,11.2,0.078,High,High,watchlist,"qualified, but outside the top 7 by overall ranking",,0.74,hit,1-0,2026-10-10
2026-10-10,2026-10-10 00:09,2026-10-10,2026-10-10 21:30,Portugal,Primeira Liga,Casa Pia AC,Santa Clara,AO05,Santa Clara over 0.5 goals,team,1.27,0.83,0.75,0.787,8.1,0.055,High,High,watchlist,"qualified, but outside the top 7 by overall ranking",,0.74,pending,,
2026-10-10,2026-10-10 00:09,2026-10-10,2026-10-10 15:30,Tunisia,Ligue I,Esperance,Olympique de Beja,U35,Under 3.5 goals,goals,1.4,0.766,0.674,0.714,9.2,0.073,High,High,watchlist,"qualified, but outside the top 7 by overall ranking",,0.738,miss,3-1,2026-10-10
2026-10-10,2026-10-10 00:09,2026-10-10,2026-10-10 17:30,Italy,Serie C: Group B,Ostia Mare,Pianese,HO05,Ostia Mare over 0.5 goals,team,1.25,0.846,0.742,0.8,10.3,0.057,Medium,Medium,watchlist,"qualified, but outside the top 7 by overall ranking",,0.738,pending,,
2026-10-10,2026-10-10 00:09,2026-10-10,2026-10-10 20:30,Argentina,Primera Nacional,Almagro,Chacarita Juniors,AU15,Chacarita Juniors under 1.5 goals,team,1.24,0.839,0.749,0.806,9.0,0.04,High,High,watchlist,"qualified, but outside the top 7 by overall ranking",,0.737,pending,,
2026-10-10,2026-10-10 00:09,2026-10-10,2026-10-10 07:00,Japan,J2 League,Sagan Tosu,Fujieda MYFC,AO05,Fujieda MYFC over 0.5 goals,team,1.53,0.705,0.606,0.654,10.0,0.079,High,High,watchlist,"qualified, but outside the top 7 by overall ranking",,0.736,miss,1-0,2026-10-10
2026-10-10,2026-10-10 00:09,2026-10-10,2026-10-10 04:00,Mexico,Primera Premier,Reboceros de la Piedad,Los Cabos United,O15,Over 1.5 goals,goals,1.32,0.8,0.694,0.758,10.5,0.056,High,High,watchlist,"qualified, but outside the top 7 by overall ranking",,0.734,hit,2-1,2026-10-10
2026-10-10,2026-10-10 00:09,2026-10-10,2026-10-10 14:00,Serbia,Prva Liga,FK Metalac,Teleoptik,HO05,FK Metalac over 0.5 goals,team,1.23,0.844,0.74,0.813,10.4,0.038,High,High,watchlist,"qualified, but outside the top 7 by overall ranking",,0.734,miss,0-3,2026-10-10
2026-10-10,2026-10-10 00:09,2026-10-10,2026-10-10 16:00,England,Southern League Premier: South,Bath City,Gosport Borough,AO05,Gosport Borough over 0.5 goals,team,1.43,0.749,0.636,0.699,11.3,0.071,High,High,watchlist,"qualified, but outside the top 7 by overall ranking",,0.733,hit,1-2,2026-10-10
2026-10-10,2026-10-10 00:09,2026-10-10,2026-10-10 19:00,Botswana,Premier League,Centre Chiefs,Township Rollers,HO05,Centre Chiefs over 0.5 goals,team,1.42,0.748,0.642,0.704,10.6,0.062,High,High,watchlist,"qualified, but outside the top 7 by overall ranking",,0.73,pending,,
2026-10-10,2026-10-10 00:09,2026-10-10,2026-10-10 18:30,Northern Ireland,Championship,Annagh United,Glenavon,1X,Annagh United or draw,dc,1.36,0.779,0.677,0.735,10.2,0.06,High,High,watchlist,"qualified, but outside the top 7 by overall ranking",,0.729,pending,,
2026-10-10,2026-10-10 00:09,2026-10-10,2026-10-10 14:00,Turkiye,2nd Lig: Red Group,Ankara Demirspor,Belediye Kutahyaspor,O15,Over 1.5 goals,goals,1.29,0.821,0.713,0.775,10.8,0.059,Medium,Medium,watchlist,warning: High model probability (85%) rests on 5 matches for one team,,0.722,hit,5-1,2026-10-10
2026-10-10,2026-10-10 00:09,2026-10-10,2026-10-10 13:00,Denmark,3rd Division,FC Helsingoer,ASA Aarhus,AO05,ASA Aarhus over 0.5 goals,team,1.4,0.761,0.65,0.714,11.1,0.066,High,High,watchlist,"qualified, but outside the top 7 by overall ranking",,0.721,hit,2-1,2026-10-10
2026-10-10,2026-10-10 00:09,2026-10-10,2026-10-10 16:00,England,Championship,Derby,Wrexham,CU115,Under 11.5 corners,corners,1.59,0.68,0.58,0.629,9.9,0.081,High,N/A,watchlist,"qualified, but outside the top 7 by overall ranking",,0.721,pending,,
2026-10-10,2026-10-10 00:09,2026-10-10,2026-10-10 20:00,Argentina,Primera B Metropolitana,CSD Flandria,CA Defensores Unidos,HU15,CSD Flandria under 1.5 goals,team,1.52,0.704,0.607,0.658,9.7,0.07,High,High,watchlist,"qualified, but outside the top 7 by overall ranking",,0.72,pending,,
2026-10-10,2026-10-10 00:09,2026-10-10,2026-10-10 23:00,Honduras,Liga Nacional: Apertura,Genesis FC,CD Olimpia,HO05,Genesis FC over 0.5 goals,team,1.53,0.706,0.606,0.654,10.0,0.08,High,High,watchlist,"qualified, but outside the top 7 by overall ranking",,0.72,pending,,
2026-10-10,2026-10-10 00:09,2026-10-10,2026-10-10 08:00,Japan,J1 League,Avispa Fukuoka,Fagiano Okayama FC,AO05,Fagiano Okayama FC over 0.5 goals,team,1.36,0.783,0.702,0.735,8.1,0.065,High,High,watchlist,"qualified, but outside the top 7 by overall ranking",,0.719,hit,2-1,2026-10-10
2026-10-10,2026-10-10 00:09,2026-10-10,2026-10-10 12:00,Ukraine,Premier League,FC Obolon Kyiv,Kryvbas,X2,Draw or Kryvbas,dc,1.34,0.778,0.701,0.746,7.7,0.043,High,High,watchlist,"qualified, but outside the top 7 by overall ranking",,0.718,pending,,
2026-10-10,2026-10-10 00:09,2026-10-10,2026-10-10 21:00,Spain,Primera Division RFEF: Group 1,Mirandes,Zamora,AO05,Zamora over 0.5 goals,team,1.45,0.733,0.628,0.69,10.5,0.064,High,High,watchlist,"qualified, but outside the top 7 by overall ranking",,0.718,pending,,
2026-10-10,2026-10-10 00:09,2026-10-10,2026-10-10 15:00,Norway,3. Division: Group 2,Byaasen,Nardo,O25,Over 2.5 goals,goals,1.31,0.795,0.703,0.763,9.2,0.041,High,High,watchlist,"qualified, but outside the top 7 by overall ranking",,0.716,hit,1-3,2026-10-10
2026-10-10,2026-10-10 00:09,2026-10-10,2026-10-10 14:00,Norway,3. Division: Group 2,Orkla,Kvik,O25,Over 2.5 goals,goals,1.34,0.78,0.684,0.746,9.6,0.046,High,High,watchlist,"qualified, but outside the top 7 by overall ranking",,0.714,miss,0-1,2026-10-10
2026-10-10,2026-10-10 00:09,2026-10-10,2026-10-10 14:30,Italy,Serie C: Group B,Vis Pesaro,Grosseto,AO05,Grosseto over 0.5 goals,team,1.18,0.878,0.785,0.847,9.4,0.037,Medium,Medium,watchlist,warning: High model probability (88%) rests on 8 matches for one team,,0.714,hit,2-3,2026-10-10
2026-10-10,2026-10-10 00:09,2026-10-10,2026-10-10 16:00,Spain,Segunda Division RFEF: Group 2,Utebo,Arnedo,AU15,Arnedo under 1.5 goals,team,1.24,0.842,0.733,0.806,10.9,0.044,Medium,Medium,watchlist,warning: High model probability (91%) rests on 5 matches for one team,,0.713,hit,0-0,2026-10-10
2026-10-10,2026-10-10 00:09,2026-10-10,2026-10-10 16:00,England,Championship,Blackburn,Cardiff,U35,Under 3.5 goals,goals,1.52,0.713,0.622,0.658,9.1,0.084,High,High,watchlist,"qualified, but outside the top 7 by overall ranking",,0.711,hit,2-1,2026-10-10
2026-10-10,2026-10-10 00:09,2026-10-10,2026-10-10 14:00,Norway,3. Division: Group 1,Vaalerenga IF 2,Frigg,O25,Over 2.5 goals,goals,1.25,0.821,0.731,0.8,9.0,0.027,High,High,watchlist,"qualified, but outside the top 7 by overall ranking",,0.709,hit,4-1,2026-10-10
2026-10-10,2026-10-10 00:09,2026-10-10,2026-10-10 21:00,Ecuador,Serie A: Relegation Group,Manta,Tecnico Universitario,AO05,Tecnico Universitario over 0.5 goals,team,1.51,0.711,0.604,0.662,10.7,0.074,High,High,watchlist,"qualified, but outside the top 7 by overall ranking",,0.706,pending,,
2026-10-10,2026-10-10 00:09,2026-10-10,2026-10-10 13:00,Norway,3. Division: Group 1,Lokomotiv Oslo FK,Konnerud,AO05,Konnerud over 0.5 goals,team,1.25,0.819,0.727,0.8,9.2,0.024,High,High,watchlist,"qualified, but outside the top 7 by overall ranking",,0.703,hit,3-2,2026-10-10
2026-10-10,2026-10-10 00:09,2026-10-10,2026-10-10 18:00,Switzerland,Super League,FC Zurich,Thun,X2,Draw or Thun,dc,1.43,0.737,0.649,0.699,8.9,0.054,High,High,watchlist,"qualified, but outside the top 7 by overall ranking",,0.702,pending,,
2026-10-10,2026-10-10 00:09,2026-10-10,2026-10-10 19:30,Austria,Bundesliga,Austria Wien,Sturm Graz,HO05,Austria Wien over 0.5 goals,team,1.3,0.806,0.717,0.769,8.9,0.048,High,High,watchlist,"qualified, but outside the top 7 by overall ranking",,0.701,pending,,
2026-10-10,2026-10-10 00:09,2026-10-10,2026-10-10 13:00,Sweden,Division 1: South,Eskilsminne IF,BK Olympic,1X,Eskilsminne IF or draw,dc,1.44,0.731,0.635,0.694,9.6,0.053,High,High,watchlist,"qualified, but outside the top 7 by overall ranking",,0.7,miss,2-7,2026-10-10
2026-10-10,2026-10-10 00:09,2026-10-10,2026-10-10 16:15,Romania,Liga 1,Botosani,UTA Arad,1X,Botosani or draw,dc,1.39,0.753,0.666,0.719,8.7,0.047,High,High,watchlist,"qualified, but outside the top 7 by overall ranking",,0.7,hit,2-0,2026-10-10
2026-10-10,2026-10-10 00:09,2026-10-10,2026-10-10 17:00,Austria,Bundesliga,WSG Tirol,SV Ried,1X,WSG Tirol or draw,dc,1.49,0.712,0.621,0.671,9.1,0.06,High,High,watchlist,"qualified, but outside the top 7 by overall ranking",,0.7,miss,1-2,2026-10-10
2026-10-10,2026-10-10 00:09,2026-10-10,2026-10-10 14:00,Norway,3. Division: Group 4,Brodd,Hinna FK,AO05,Hinna FK over 0.5 goals,team,1.27,0.81,0.716,0.787,9.4,0.028,High,High,watchlist,"qualified, but outside the top 7 by overall ranking",,0.699,miss,4-0,2026-10-10
2026-10-10,2026-10-10 00:09,2026-10-10,2026-10-10 13:00,North Macedonia,1st League,Arsimi,FK Sileks,HO05,Arsimi over 0.5 goals,team,1.42,0.744,0.642,0.704,10.2,0.057,High,High,watchlist,"qualified, but outside the top 7 by overall ranking",,0.697,hit,1-1,2026-10-10
2026-10-10,2026-10-10 00:09,2026-10-10,2026-10-10 13:30,Turkiye,2nd Lig: Red Group,12 Bingol Spor,Kahramanmaras Istiklalspor,AO05,Kahramanmaras Istiklalspor over 0.5 goals,team,1.27,0.823,0.716,0.787,10.7,0.045,Medium,Medium,watchlist,"qualified, but outside the top 7 by overall ranking",,0.697,hit,2-1,2026-10-10
2026-10-10,2026-10-10 00:09,2026-10-10,2026-10-10 16:00,England,League Two,Fleetwood Town,Walsall,U35,Under 3.5 goals,goals,1.38,0.769,0.685,0.725,8.4,0.061,High,High,watchlist,"qualified, but outside the top 7 by overall ranking",,0.695,hit,1-1,2026-10-10
2026-10-10,2026-10-10 00:09,2026-10-10,2026-10-10 14:00,Norway,3. Division: Group 1,Asker,Baerum,O25,Over 2.5 goals,goals,1.21,0.839,0.758,0.826,8.0,0.015,High,High,watchlist,"qualified, but outside the top 7 by overall ranking",,0.694,hit,4-2,2026-10-10
2026-10-10,2026-10-10 00:09,2026-10-10,2026-10-10 15:00,Turkiye,1st Lig,Igdir FK,Batman Petrolspor,AO05,Batman Petrolspor over 0.5 goals,team,1.34,0.78,0.691,0.746,8.8,0.045,High,High,watchlist,"qualified, but outside the top 7 by overall ranking",,0.692,hit,2-1,2026-10-10
2026-10-10,2026-10-10 00:09,2026-10-10,2026-10-10 22:00,Brazil,Serie C: 2nd Stage: Group B,Brusque,Paysandu,HO05,Brusque over 0.5 goals,team,1.25,0.836,0.742,0.8,9.3,0.044,High,High,watchlist,"qualified, but outside the top 7 by overall ranking",,0.692,pending,,
2026-10-10,2026-10-10 00:09,2026-10-10,2026-10-10 17:30,Italy,Serie C: Group A,Novara,Cittadella,HU15,Novara under 1.5 goals,team,1.42,0.733,0.651,0.704,8.2,0.041,High,High,watchlist,"qualified, but outside the top 7 by overall ranking",,0.691,pending,,
2026-10-10,2026-10-10 00:09,2026-10-10,2026-10-10 16:00,England,Southern League Premier: Central,Rushall Olympic,Worcester City,AO05,Worcester City over 0.5 goals,team,1.37,0.763,0.663,0.73,10.0,0.046,High,High,watchlist,"qualified, but outside the top 7 by overall ranking",,0.689,miss,1-0,2026-10-10
2026-10-10,2026-10-10 00:09,2026-10-10,2026-10-10 16:00,Scotland,Premiership,Dundee United,Hibernian,U35,Under 3.5 goals,goals,1.51,0.712,0.623,0.662,8.9,0.075,High,High,watchlist,"qualified, but outside the top 7 by overall ranking",,0.689,hit,1-0,2026-10-10
2026-10-10,2026-10-10 00:09,2026-10-10,2026-10-10 18:00,Tanzania,Premier League,Simba SC,Young Africans,AU15,Young Africans under 1.5 goals,team,1.34,0.776,0.68,0.746,9.6,0.04,High,High,watchlist,"qualified, but outside the top 7 by overall ranking",,0.689,pending,,
2026-10-10,2026-10-10 00:09,2026-10-10,2026-10-10 17:00,Hungary,NB II,Tiszakecske FC,FC Ajka,1X,Tiszakecske FC or draw,dc,1.31,0.801,0.718,0.763,8.2,0.049,Medium,Medium,watchlist,"qualified, but outside the top 7 by overall ranking",,0.688,hit,4-3,2026-10-10
2026-10-10,2026-10-10 00:09,2026-10-10,2026-10-10 12:00,Romania,Liga II,CSM Resita,CSM Slatina,AO05,CSM Slatina over 0.5 goals,team,1.38,0.754,0.658,0.725,9.7,0.041,High,High,watchlist,"qualified, but outside the top 7 by overall ranking",,0.686,hit,3-1,2026-10-10
2026-10-10,2026-10-10 00:09,2026-10-10,2026-10-10 16:30,Spain,Segunda Division RFEF: Group 1,Atletico Astorga,Ourense CF,HO05,Atletico Astorga over 0.5 goals,team,1.46,0.722,0.622,0.685,10.0,0.054,High,High,watchlist,"qualified, but outside the top 7 by overall ranking",,0.684,hit,4-0,2026-10-10
2026-10-10,2026-10-10 00:09,2026-10-10,2026-10-10 13:35,China,Super League,Chengdu Rongcheng,Tianjin Jinmen Tiger,CU115,Under 11.5 corners,corners,1.59,0.679,0.586,0.629,9.3,0.079,High,N/A,watchlist,"qualified, but outside the top 7 by overall ranking",,0.682,hit,0-1,2026-10-10
2026-10-10,2026-10-10 00:09,2026-10-10,2026-10-10 18:30,Portugal,Liga 3: Group B,Sporting Covilha,Oliveirense,HO05,Sporting Covilha over 0.5 goals,team,1.44,0.736,0.63,0.694,10.7,0.06,High,High,watchlist,"qualified, but outside the top 7 by overall ranking",,0.681,pending,,
2026-10-10,2026-10-10 00:09,2026-10-10,2026-10-10 09:00,Japan,J2 League,Ventforet Kofu,Tochigi City FC,HU15,Ventforet Kofu under 1.5 goals,team,1.5,0.707,0.615,0.667,9.2,0.061,High,High,watchlist,"qualified, but outside the top 7 by overall ranking",,0.679,miss,2-1,2026-10-10
2026-10-10,2026-10-10 00:09,2026-10-10,2026-10-10 14:30,Cyprus,2nd Division,MEAP Nisou,Ethnikos Achnas,U45,Under 4.5 goals,goals,1.21,0.851,0.748,0.826,10.2,0.029,Medium,N/A,watchlist,"qualified, but outside the top 7 by overall ranking",,0.679,miss,0-5,2026-10-10
2026-10-10,2026-10-10 00:09,2026-10-10,2026-10-10 22:30,Chile,Primera B,Deportes Temuco,Deportes Santa Cruz,1X,Deportes Temuco or draw,dc,1.28,0.805,0.734,0.781,7.1,0.03,High,High,watchlist,"qualified, but outside the top 7 by overall ranking",,0.678,pending,,
2026-10-10,2026-10-10 00:09,2026-10-10,2026-10-10 16:00,England,National League: North,Marine,Spalding United,X2,Draw or Spalding United,dc,1.49,0.711,0.611,0.671,10.1,0.06,High,High,watchlist,"qualified, but outside the top 7 by overall ranking",,0.675,miss,1-0,2026-10-10
2026-10-10,2026-10-10 00:09,2026-10-10,2026-10-10 16:00,Scotland,Premiership,Rangers,Kilmarnock,U45,Under 4.5 goals,goals,1.39,0.766,0.676,0.719,9.0,0.064,High,N/A,watchlist,"qualified, but outside the top 7 by overall ranking",,0.674,hit,3-1,2026-10-10
2026-10-10,2026-10-10 00:09,2026-10-10,2026-10-10 13:00,Norway,3. Division: Group 1,Ullern,Grei,AO05,Grei over 0.5 goals,team,1.2,0.844,0.76,0.833,8.4,0.013,High,High,watchlist,"qualified, but outside the top 7 by overall ranking",,0.673,hit,0-2,2026-10-10
2026-10-10,2026-10-10 00:09,2026-10-10,2026-10-10 14:00,Germany,Regionalliga Bayern,FC Memmingen,VfB Eichstatt,U35,Under 3.5 goals,goals,1.38,0.756,0.666,0.725,9.0,0.044,High,High,watchlist,"qualified, but outside the top 7 by overall ranking",,0.673,hit,1-0,2026-10-10
2026-10-10,2026-10-10 00:09,2026-10-10,2026-10-10 12:30,Spain,Segunda Division RFEF: Group 1,Eibar B,CD Basconia,AO05,CD Basconia over 0.5 goals,team,1.43,0.731,0.636,0.699,9.4,0.045,High,High,watchlist,"qualified, but outside the top 7 by overall ranking",,0.672,hit,1-1,2026-10-10
2026-10-10,2026-10-10 00:09,2026-10-10,2026-10-10 18:30,Greece,Super League,Asteras Tripolis,Atromitos,HU15,Asteras Tripolis under 1.5 goals,team,1.49,0.705,0.622,0.671,8.3,0.051,High,High,watchlist,"qualified, but outside the top 7 by overall ranking",,0.672,pending,,
2026-10-10,2026-10-10 00:09,2026-10-10,2026-10-10 07:00,Japan,J1 League,Cerezo Osaka,Yokohama F.Marinos,CU115,Under 11.5 corners,corners,1.51,0.704,0.614,0.662,9.0,0.063,High,N/A,watchlist,"qualified, but outside the top 7 by overall ranking",,0.671,hit,0-0,2026-10-10
2026-10-10,2026-10-10 00:09,2026-10-10,2026-10-10 16:00,England,National League: South,AFC Totton,Walton and Hersham,U45,Under 4.5 goals,goals,1.28,0.821,0.732,0.781,8.8,0.05,High,N/A,watchlist,"qualified, but outside the top 7 by overall ranking",,0.67,hit,0-1,2026-10-10
2026-10-10,2026-10-10 00:09,2026-10-10,2026-10-10 20:45,Argentina,Liga Profesional: Clausura,Barracas Central,CA Huracan,O05,Over 0.5 goals,goals,1.17,0.869,0.807,0.855,6.2,0.017,High,N/A,watchlist,"qualified, but outside the top 7 by overall ranking",,0.669,pending,,
2026-10-10,2026-10-10 00:09,2026-10-10,2026-10-10 14:00,Germany,3. Liga,Wurzburger Kickers,Hansa Rostock,O15,Over 1.5 goals,goals,1.2,0.866,0.786,0.833,8.0,0.039,High,High,watchlist,"qualified, but outside the top 7 by overall ranking",,0.668,hit,0-2,2026-10-10
2026-10-10,2026-10-10 00:09,2026-10-10,2026-10-10 16:00,Northern Ireland,Championship,Institute,Harland & Wolff Welders FC,HO05,Institute over 0.5 goals,team,1.24,0.825,0.733,0.806,9.2,0.023,High,High,watchlist,"qualified, but outside the top 7 by overall ranking",,0.667,miss,0-0,2026-10-10
2026-10-10,2026-10-10 00:09,2026-10-10,2026-10-10 16:00,England,National League: North,Brackley Town,Spennymoor Town,AO05,Spennymoor Town over 0.5 goals,team,1.34,0.778,0.691,0.746,8.7,0.043,High,High,watchlist,"qualified, but outside the top 7 by overall ranking",,0.665,hit,2-1,2026-10-10
2026-10-10,2026-10-10 00:09,2026-10-10,2026-10-10 18:00,Switzerland,Super League,Lugano,Luzern,H,Lugano to win,result,1.6,0.664,0.606,0.625,5.8,0.063,High,High,watchlist,"qualified, but outside the top 7 by overall ranking",,0.66,pending,,
2026-10-10,2026-10-10 00:09,2026-10-10,2026-10-10 16:00,England,Southern League Premier: Central,Alvechurch,Bury Town,O15,Over 1.5 goals,goals,1.32,0.785,0.694,0.758,9.1,0.037,High,High,watchlist,"qualified, but outside the top 7 by overall ranking",,0.659,miss,0-1,2026-10-10
2026-10-10,2026-10-10 00:09,2026-10-10,2026-10-10 13:00,Sweden,Division 2: Norra Goetaland,IK Tord,Grebbestads IF,X2,Draw or Grebbestads IF,dc,1.42,0.727,0.635,0.704,9.2,0.033,High,High,watchlist,"qualified, but outside the top 7 by overall ranking",,0.657,hit,1-1,2026-10-10
2026-10-10,2026-10-10 00:09,2026-10-10,2026-10-10 16:00,England,League One,Huddersfield,Sheffield Weds,AU15,Sheffield Weds under 1.5 goals,team,1.39,0.757,0.672,0.719,8.5,0.053,High,High,watchlist,"qualified, but outside the top 7 by overall ranking",,0.656,miss,2-2,2026-10-10
2026-10-10,2026-10-10 00:09,2026-10-10,2026-10-10 16:00,England,National League: South,Farnham Town,Salisbury FC,U45,Under 4.5 goals,goals,1.24,0.839,0.752,0.806,8.7,0.04,High,N/A,watchlist,"qualified, but outside the top 7 by overall ranking",,0.655,hit,1-2,2026-10-10
2026-10-10,2026-10-10 00:09,2026-10-10,2026-10-10 18:30,Greece,Super League,AEK,OFI Crete,U45,Under 4.5 goals,goals,1.26,0.828,0.749,0.794,7.9,0.043,High,N/A,watchlist,"qualified, but outside the top 7 by overall ranking",,0.655,pending,,
2026-10-10,2026-10-10 00:09,2026-10-10,2026-10-10 16:00,England,Northern Premier League,Stockton Town,FC United of Manchester,AO05,FC United of Manchester over 0.5 goals,team,1.29,0.792,0.706,0.775,8.6,0.021,High,High,watchlist,"qualified, but outside the top 7 by overall ranking",,0.654,hit,2-2,2026-10-10
2026-10-10,2026-10-10 00:09,2026-10-10,2026-10-10 16:00,England,Championship,Middlesbrough,Wolves,HO05,Middlesbrough over 0.5 goals,team,1.19,0.865,0.787,0.84,7.8,0.03,High,High,watchlist,"qualified, but outside the top 7 by overall ranking",,0.651,hit,1-0,2026-10-10
2026-10-10,2026-10-10 00:09,2026-10-10,2026-10-10 10:00,Romania,Liga II,FC Metaloglobus Bucuresti,Popesti Leordeni,O15,Over 1.5 goals,goals,1.28,0.815,0.714,0.781,10.1,0.043,Medium,Medium,watchlist,"qualified, but outside the top 7 by overall ranking",,0.65,hit,0-3,2026-10-10
2026-10-10,2026-10-10 00:09,2026-10-10,2026-10-10 10:00,Romania,Liga II,Metalul Buzau,ASA Targu Mures,1X,Metalul Buzau or draw,dc,1.34,0.766,0.69,0.746,7.6,0.026,High,High,watchlist,"qualified, but outside the top 7 by overall ranking",,0.648,hit,1-0,2026-10-10
2026-10-10,2026-10-10 00:09,2026-10-10,2026-10-10 15:30,Tunisia,Ligue I,CA Bizertin,US Monastir,O05,Over 0.5 goals,goals,1.21,0.842,0.78,0.826,6.2,0.019,High,N/A,watchlist,"qualified, but outside the top 7 by overall ranking",,0.647,miss,0-0,2026-10-10
2026-10-10,2026-10-10 00:09,2026-10-10,2026-10-10 23:00,Venezuela,Primera Division: Clausura,Portuguesa FC,Deportivo La Guaira,HO05,Portuguesa FC over 0.5 goals,team,1.36,0.765,0.669,0.735,9.5,0.04,High,High,watchlist,"qualified, but outside the top 7 by overall ranking",,0.647,pending,,
2026-10-10,2026-10-10 00:09,2026-10-10,2026-10-10 15:00,Czech Republic,1st League,FC Zbrojovka Brno,Jablonec,HO05,FC Zbrojovka Brno over 0.5 goals,team,1.27,0.817,0.734,0.787,8.3,0.037,High,High,watchlist,"qualified, but outside the top 7 by overall ranking",,0.646,miss,0-1,2026-10-10
2026-10-10,2026-10-10 00:09,2026-10-10,2026-10-10 17:30,Sweden,Allsvenskan,Mjaellby,Degerfors,AO05,Degerfors over 0.5 goals,team,1.47,0.718,0.639,0.68,7.9,0.056,High,High,watchlist,"qualified, but outside the top 7 by overall ranking",,0.646,pending,,
2026-10-10,2026-10-10 00:09,2026-10-10,2026-10-10 01:00,Argentina,Primera B Metropolitana,CA Excursionistas,Villa San Carlos,U35,Under 3.5 goals,goals,1.27,0.815,0.739,0.787,7.6,0.036,High,High,watchlist,"qualified, but outside the top 7 by overall ranking",,0.645,miss,4-0,2026-10-10
2026-10-10,2026-10-10 00:09,2026-10-10,2026-10-10 13:30,Estonia,Meistriliiga,Parnu JK Vaprus,Narva Trans,12,Parnu JK Vaprus or Narva Trans,dc,1.28,0.805,0.74,0.781,6.5,0.03,High,High,watchlist,"qualified, but outside the top 7 by overall ranking",,0.645,miss,2-2,2026-10-10
2026-10-10,2026-10-10 00:09,2026-10-10,2026-10-10 16:00,England,Isthmian League: North Division,Wroxham,Concord Rangers,H,Wroxham to win,result,1.72,0.622,0.55,0.581,7.2,0.07,Medium,Medium,watchlist,"qualified, but outside the top 7 by overall ranking",,0.645,hit,3-1,2026-10-10
2026-10-10,2026-10-10 00:09,2026-10-10,2026-10-10 16:00,England,National League: South,Braintree Town,Truro City,U35,Under 3.5 goals,goals,1.53,0.7,0.611,0.654,9.0,0.071,High,High,watchlist,"qualified, but outside the top 7 by overall ranking",,0.642,hit,1-2,2026-10-10
2026-10-10,2026-10-10 00:09,2026-10-10,2026-10-10 15:00,Norway,3. Division: Group 6,Oern-Horten,Lillehammer FK,O25,Over 2.5 goals,goals,1.31,0.779,0.703,0.763,7.6,0.021,High,High,watchlist,"qualified, but outside the top 7 by overall ranking",,0.639,miss,0-1,2026-10-10
2026-10-10,2026-10-10 00:09,2026-10-10,2026-10-10 14:00,Turkiye,2nd Lig: White Group,Ankaraspor,Inegol Kafkas,AO05,Inegol Kafkas over 0.5 goals,team,1.31,0.787,0.692,0.763,9.5,0.031,Medium,Medium,watchlist,warning: Inegol Kafkas: 100% rates in away matches come from only 2 matches — not meaningful,,0.639,hit,1-2,2026-10-10
2026-10-10,2026-10-10 00:09,2026-10-10,2026-10-10 09:30,Republic of Korea,K-League 1,Gimcheon Sangmu,FC Anyang,U35,Under 3.5 goals,goals,1.42,0.742,0.664,0.704,7.9,0.054,High,High,watchlist,"qualified, but outside the top 7 by overall ranking",,0.638,hit,0-1,2026-10-10
2026-10-10,2026-10-10 00:09,2026-10-10,2026-10-10 14:30,Italy,Serie C: Group C,Crotone,Audace Cerignola,X2,Draw or Audace Cerignola,dc,1.5,0.702,0.61,0.667,9.2,0.053,High,Medium,watchlist,"qualified, but outside the top 7 by overall ranking",,0.636,hit,2-3,2026-10-10
2026-10-10,2026-10-10 00:09,2026-10-10,2026-10-10 15:00,Czech Republic,2nd league,FK Arsenal Ceska Lipa,Zizkov,1X,FK Arsenal Ceska Lipa or draw,dc,1.38,0.758,0.672,0.725,8.6,0.046,Medium,Medium,watchlist,"qualified, but outside the top 7 by overall ranking",,0.636,miss,1-2,2026-10-10
2026-10-10,2026-10-10 00:09,2026-10-10,2026-10-10 15:00,Bulgaria,Vtora Liga,PFC Rilski Sportist Samokov,Lokomotiv Gorna Oryahovitsa,HO05,PFC Rilski Sportist Samokov over 0.5 goals,team,1.19,0.85,0.762,0.84,8.9,0.012,High,High,watchlist,"qualified, but outside the top 7 by overall ranking",,0.635,miss,0-0,2026-10-10
2026-10-10,2026-10-10 00:09,2026-10-10,2026-10-10 18:00,Turkiye,1st Lig,Kayserispor,Manisa FK,U35,Under 3.5 goals,goals,1.53,0.7,0.616,0.654,8.5,0.071,High,High,watchlist,"qualified, but outside the top 7 by overall ranking",,0.635,pending,,
2026-10-10,2026-10-10 00:09,2026-10-10,2026-10-10 16:00,England,National League,Hornchurch,Eastleigh,1X,Hornchurch or draw,dc,1.3,0.787,0.722,0.769,6.6,0.024,High,High,watchlist,"qualified, but outside the top 7 by overall ranking",,0.631,hit,2-0,2026-10-10
2026-10-10,2026-10-10 00:09,2026-10-10,2026-10-10 18:00,Finland,Veikkausliiga: Relegation,IFK Mariehamn,Ilves,X2,Draw or Ilves,dc,1.37,0.749,0.674,0.73,7.5,0.026,High,High,watchlist,"qualified, but outside the top 7 by overall ranking",,0.631,pending,,
2026-10-10,2026-10-10 00:09,2026-10-10,2026-10-10 18:00,Norway,Eliteserien,Rosenborg,Sandefjord,U45,Under 4.5 goals,goals,1.34,0.79,0.717,0.746,7.3,0.059,High,N/A,watchlist,"qualified, but outside the top 7 by overall ranking",,0.631,pending,,
2026-10-10,2026-10-10 00:09,2026-10-10,2026-10-10 15:00,Italy,Serie B,Empoli,Palermo,U35,Under 3.5 goals,goals,1.4,0.75,0.674,0.714,7.6,0.051,High,High,watchlist,"qualified, but outside the top 7 by overall ranking",,0.629,miss,2-4,2026-10-10
2026-10-10,2026-10-10 00:09,2026-10-10,2026-10-10 16:00,England,National League,Worthing,Solihull,H,Worthing to win,result,1.63,0.648,0.592,0.613,5.6,0.057,High,High,watchlist,"qualified, but outside the top 7 by overall ranking",,0.629,hit,5-0,2026-10-10
2026-10-10,2026-10-10 00:09,2026-10-10,2026-10-10 14:00,Estonia,Esiliiga,Talinna Kalev,Viimsi JK,U55,Under 5.5 goals,goals,1.17,0.869,0.786,0.855,8.3,0.017,High,N/A,watchlist,"qualified, but outside the top 7 by overall ranking",,0.625,hit,1-2,2026-10-10
2026-10-10,2026-10-10 00:09,2026-10-10,2026-10-10 18:15,Israel,Premier League,Hapoel Ironi Kiryat Shmona,Hapoel Tel Aviv,O15,Over 1.5 goals,goals,1.26,0.822,0.749,0.794,7.3,0.036,High,High,watchlist,"qualified, but outside the top 7 by overall ranking",,0.625,pending,,
2026-10-10,2026-10-10 00:09,2026-10-10,2026-10-10 14:00,Germany,3. Liga,Sonnenhof Grossaspach,Waldhof Mannheim,HO05,Sonnenhof Grossaspach over 0.5 goals,team,1.16,0.877,0.804,0.862,7.3,0.017,High,High,watchlist,"qualified, but outside the top 7 by overall ranking",,0.624,hit,1-5,2026-10-10
2026-10-10,2026-10-10 00:09,2026-10-10,2026-10-10 10:00,Romania,Liga II,CS Dinamo Bucuresti,CSM Olimpia Satu Mare,U45,Under 4.5 goals,goals,1.19,0.857,0.775,0.84,8.1,0.019,High,N/A,watchlist,"qualified, but outside the top 7 by overall ranking",,0.623,hit,2-2,2026-10-10
2026-10-10,2026-10-10 00:09,2026-10-10,2026-10-10 23:30,Mexico,Primera Premier,Cordobes FC,Tigres de Alica FC,AO05,Tigres de Alica FC over 0.5 goals,team,1.25,0.808,0.725,0.8,8.2,0.01,High,High,watchlist,"qualified, but outside the top 7 by overall ranking",,0.619,pending,,
2026-10-10,2026-10-10 00:09,2026-10-10,2026-10-10 16:00,England,Southern League Premier: South,Wimborne Town,Havant & Waterlooville,HO05,Wimborne Town over 0.5 goals,team,1.19,0.847,0.766,0.84,8.1,0.008,High,High,watchlist,"qualified, but outside the top 7 by overall ranking",,0.618,hit,6-3,2026-10-10
2026-10-10,2026-10-10 00:09,2026-10-10,2026-10-10 16:00,England,National League: South,Billericay,Farnborough,H,Billericay to win,result,1.78,0.601,0.538,0.562,6.3,0.069,High,High,watchlist,"qualified, but outside the top 7 by overall ranking",,0.617,hit,4-0,2026-10-10
2026-10-10,2026-10-10 00:09,2026-10-10,2026-10-10 16:00,Portugal,Liga 3: Group B,Vitoria de Sernache,Louletano,O15,Over 1.5 goals,goals,1.4,0.75,0.654,0.714,9.6,0.051,Medium,Medium,watchlist,"qualified, but outside the top 7 by overall ranking",,0.617,miss,1-0,2026-10-10
2026-10-10,2026-10-10 00:09,2026-10-10,2026-10-10 23:00,Costa Rica,Primera División: Apertura,Inter San Carlos,Municipal Perez Zeledon,U35,Under 3.5 goals,goals,1.47,0.723,0.634,0.68,8.9,0.063,Medium,Medium,watchlist,"qualified, but outside the top 7 by overall ranking",,0.617,pending,,
2026-10-10,2026-10-10 00:09,2026-10-10,2026-10-10 15:30,Slovakia,Super Liga,Skalica,Slovan Bratislava,HO05,Skalica over 0.5 goals,team,1.47,0.716,0.63,0.68,8.6,0.052,High,High,watchlist,"qualified, but outside the top 7 by overall ranking",,0.614,hit,1-1,2026-10-10
2026-10-10,2026-10-10 00:09,2026-10-10,2026-10-10 16:00,Northern Ireland,Championship,Warrenpoint Town,Strabane Athletic,O15,Over 1.5 goals,goals,1.24,0.827,0.744,0.806,8.3,0.026,High,High,watchlist,"qualified, but outside the top 7 by overall ranking",,0.613,miss,1-0,2026-10-10
2026-10-10,2026-10-10 00:09,2026-10-10,2026-10-10 18:00,Kosovo,Superleague,Drenica,Feronikeli,HO05,Drenica over 0.5 goals,team,1.19,0.855,0.766,0.84,8.9,0.017,Medium,Medium,watchlist,warning: High model probability (85%) rests on 7 matches for one team,,0.613,pending,,
2026-10-10,2026-10-10 00:09,2026-10-10,2026-10-10 16:00,England,Southern League Premier: South,Taunton Town,Hanwell Town,1X,Taunton Town or draw,dc,1.35,0.751,0.677,0.741,7.4,0.014,High,High,watchlist,"qualified, but outside the top 7 by overall ranking",,0.611,miss,1-2,2026-10-10
2026-10-10,2026-10-10 00:09,2026-10-10,2026-10-10 13:30,England,National League,Altrincham,Aldershot,U45,Under 4.5 goals,goals,1.21,0.849,0.778,0.826,7.1,0.027,High,N/A,watchlist,"qualified, but outside the top 7 by overall ranking",,0.61,hit,3-1,2026-10-10
2026-10-10,2026-10-10 00:09,2026-10-10,2026-10-10 16:00,Scotland,Championship,Ayr,Dunfermline,U35,Under 3.5 goals,goals,1.3,0.796,0.729,0.769,6.7,0.035,High,High,watchlist,"qualified, but outside the top 7 by overall ranking",,0.609,hit,1-1,2026-10-10
2026-10-10,2026-10-10 00:09,2026-10-10,2026-10-10 20:00,Belgium,National Division 1 VV,KVV Zelzate,Hoogstraten,X2,Draw or Hoogstraten,dc,1.39,0.727,0.643,0.719,8.4,0.01,High,High,watchlist,"qualified, but outside the top 7 by overall ranking",,0.606,pending,,
2026-10-10,2026-10-10 00:09,2026-10-10,2026-10-10 15:00,Sweden,Allsvenskan,AIK,Brommapojkarna,CU115,Under 11.5 corners,corners,1.51,0.694,0.614,0.662,8.1,0.049,High,N/A,watchlist,"qualified, but outside the top 7 by overall ranking",,0.604,hit,5-6,2026-10-10
2026-10-10,2026-10-10 00:09,2026-10-10,2026-10-10 20:00,Argentina,Primera B Metropolitana,Arsenal Sarandi,San Martin Burzaco,U35,Under 3.5 goals,goals,1.25,0.818,0.747,0.8,7.0,0.022,High,High,watchlist,"qualified, but outside the top 7 by overall ranking",,0.604,pending,,
2026-10-10,2026-10-10 00:09,2026-10-10,2026-10-10 16:00,England,Isthmian League Premier Division,Stanway Rovers,Three Bridges,AO05,Three Bridges over 0.5 goals,team,1.2,0.84,0.758,0.833,8.2,0.008,Medium,Medium,watchlist,"qualified, but outside the top 7 by overall ranking",,0.602,hit,1-3,2026-10-10
2026-10-10,2026-10-10 00:09,2026-10-10,2026-10-10 16:00,Scotland,League Two,Edinburgh City,Spartans,AO05,Spartans over 0.5 goals,team,1.22,0.828,0.757,0.82,7.1,0.01,High,High,watchlist,"qualified, but outside the top 7 by overall ranking",,0.602,hit,1-3,2026-10-10
2026-10-10,2026-10-10 00:09,2026-10-10,2026-10-10 17:00,Armenia,Premier League,Ararat Armenia,FC Alashkert,AO05,FC Alashkert over 0.5 goals,team,1.38,0.748,0.67,0.725,7.8,0.032,High,High,watchlist,"qualified, but outside the top 7 by overall ranking",,0.602,hit,1-1,2026-10-10
2026-10-10,2026-10-10 00:09,2026-10-10,2026-10-10 17:00,Iraq,Iraq Stars League,Al Minaa,Ghaz Al-Shamal SC,HU15,Al Minaa under 1.5 goals,team,1.48,0.703,0.614,0.676,9.0,0.041,Medium,Medium,watchlist,"qualified, but outside the top 7 by overall ranking",,0.601,miss,2-0,2026-10-10
2026-10-10,2026-10-10 00:09,2026-10-10,2026-10-10 20:30,Germany,2. Bundesliga,Nurnberg,Wolfsburg,HO05,Nurnberg over 0.5 goals,team,1.16,0.876,0.809,0.862,6.8,0.017,High,High,watchlist,"qualified, but outside the top 7 by overall ranking",,0.601,pending,,
2026-10-10,2026-10-10 00:09,2026-10-10,2026-10-10 22:30,Colombia,Primera A: Clausura,Deportivo Pereira,Deportivo Cali,AO05,Deportivo Cali over 0.5 goals,team,1.2,0.838,0.774,0.833,6.4,0.006,High,High,watchlist,"qualified, but outside the top 7 by overall ranking",,0.601,pending,,
2026-10-10,2026-10-10 00:09,2026-10-10,2026-10-10 16:15,Spain,Segunda División,Ceuta,Sabadell,HU15,Ceuta under 1.5 goals,team,1.38,0.744,0.678,0.725,6.7,0.027,High,High,watchlist,"qualified, but outside the top 7 by overall ranking",,0.597,hit,1-2,2026-10-10
2026-10-10,2026-10-10 00:09,2026-10-10,2026-10-10 18:15,Belgium,Pro League,RAAL La Louviere,Club Brugge,HU15,RAAL La Louviere under 1.5 goals,team,1.28,0.793,0.732,0.781,6.1,0.015,High,High,watchlist,"qualified, but outside the top 7 by overall ranking",,0.597,pending,,
2026-10-10,2026-10-10 00:09,2026-10-10,2026-10-10 01:00,Uruguay,Primera División: Clausura,Deportivo Maldonado,Liverpool FC,AU15,Liverpool FC under 1.5 goals,team,1.41,0.74,0.657,0.709,8.3,0.043,High,High,watchlist,"qualified, but outside the top 7 by overall ranking",,0.596,hit,1-1,2026-10-10
2026-10-10,2026-10-10 00:09,2026-10-10,2026-10-10 16:00,Northern Ireland,Premiership,Dungannon Swifts,Carrick Rangers,U45,Under 4.5 goals,goals,1.2,0.849,0.778,0.833,7.2,0.019,High,N/A,watchlist,"qualified, but outside the top 7 by overall ranking",,0.596,miss,2-4,2026-10-10
2026-10-10,2026-10-10 00:09,2026-10-10,2026-10-10 16:00,Spain,Segunda Division RFEF: Group 2,Barca Atletic,SD Logrones,O15,Over 1.5 goals,goals,1.2,0.842,0.76,0.833,8.2,0.011,High,High,watchlist,"qualified, but outside the top 7 by overall ranking",,0.594,miss,1-0,2026-10-10
2026-10-10,2026-10-10 00:09,2026-10-10,2026-10-10 07:00,Japan,J3 League,Kochi United SC,Nagano Parceiro,O15,Over 1.5 goals,goals,1.38,0.753,0.678,0.725,7.5,0.039,High,High,watchlist,"qualified, but outside the top 7 by overall ranking",,0.593,hit,1-3,2026-10-10
2026-10-10,2026-10-10 00:09,2026-10-10,2026-10-10 02:45,Argentina,Liga Profesional: Clausura,Union,Defensa y Justicia,AO05,Defensa y Justicia over 0.5 goals,team,1.42,0.728,0.651,0.704,7.6,0.033,High,High,watchlist,"qualified, but outside the top 7 by overall ranking",,0.591,hit,0-2,2026-10-10
2026-10-10,2026-10-10 00:09,2026-10-10,2026-10-10 16:00,England,Southern League Premier: South,Uxbridge,Evesham United,O15,Over 1.5 goals,goals,1.18,0.851,0.777,0.847,7.5,0.004,High,High,watchlist,"qualified, but outside the top 7 by overall ranking",,0.591,miss,1-0,2026-10-10
2026-10-10,2026-10-10 00:09,2026-10-10,2026-10-10 20:00,Argentina,Primera B Metropolitana,Villa Dalmine,CS Deportivo Liniers,U35,Under 3.5 goals,goals,1.15,0.877,0.816,0.87,6.1,0.009,High,High,watchlist,"qualified, but outside the top 7 by overall ranking",,0.59,pending,,
2026-10-10,2026-10-10 00:09,2026-10-10,2026-10-10 13:00,Sweden,Division 2: Norra Svealand,Enskede IK,Skiljebo SK,U45,Under 4.5 goals,goals,1.23,0.825,0.745,0.813,8.0,0.015,High,N/A,watchlist,"qualified, but outside the top 7 by overall ranking",,0.587,hit,1-0,2026-10-10
2026-10-10,2026-10-10 00:09,2026-10-10,2026-10-10 20:00,France,Ligue 2,St Etienne,Rodez,U45,Under 4.5 goals,goals,1.3,0.801,0.729,0.769,7.2,0.041,High,N/A,watchlist,"qualified, but outside the top 7 by overall ranking",,0.587,pending,,
2026-10-10,2026-10-10 00:09,2026-10-10,2026-10-10 20:00,Argentina,Primera B Metropolitana,Ituzaingo,Argentino de Quilmes,U35,Under 3.5 goals,goals,1.16,0.867,0.804,0.862,6.4,0.006,High,High,watchlist,"qualified, but outside the top 7 by overall ranking",,0.586,pending,,
2026-10-10,2026-10-10 00:09,2026-10-10,2026-10-10 20:00,Belgium,National Division 1 ACFF,RFC Meux,Union Rochefortoise,HO05,RFC Meux over 0.5 goals,team,1.26,0.801,0.724,0.794,7.7,0.009,High,High,watchlist,"qualified, but outside the top 7 by overall ranking",,0.586,pending,,
2026-10-10,2026-10-10 00:09,2026-10-10,2026-10-10 16:00,England,National League: North,Macclesfield FC,South Shields,U45,Under 4.5 goals,goals,1.21,0.843,0.772,0.826,7.1,0.02,High,N/A,watchlist,"qualified, but outside the top 7 by overall ranking",,0.585,miss,4-3,2026-10-10
2026-10-10,2026-10-10 00:09,2026-10-10,2026-10-10 15:30,Poland,I Liga,Chrobry Glogow,Pogon Grodzisk Mazowiecki,AU15,Pogon Grodzisk Mazowiecki under 1.5 goals,team,1.47,0.709,0.63,0.68,7.9,0.042,High,High,watchlist,"qualified, but outside the top 7 by overall ranking",,0.584,miss,0-4,2026-10-10
2026-10-10,2026-10-10 00:09,2026-10-10,2026-10-10 16:00,Northern Ireland,Premiership,Limavady,Ballymena United,HO05,Limavady over 0.5 goals,team,1.33,0.776,0.7,0.752,7.7,0.032,High,High,watchlist,"qualified, but outside the top 7 by overall ranking",,0.582,hit,3-2,2026-10-10
2026-10-10,2026-10-10 00:09,2026-10-10,2026-10-10 18:30,Denmark,1st Division,Hobro,Kolding IF,AO05,Kolding IF over 0.5 goals,team,1.28,0.797,0.732,0.781,6.4,0.02,High,High,watchlist,"qualified, but outside the top 7 by overall ranking",,0.581,pending,,
2026-10-10,2026-10-10 00:09,2026-10-10,2026-10-10 09:30,Republic of Korea,K League 2,Gimhae,Chungnam Asan FC,HU15,Gimhae under 1.5 goals,team,1.35,0.744,0.671,0.741,7.3,0.004,High,High,watchlist,"qualified, but outside the top 7 by overall ranking",,0.58,hit,1-1,2026-10-10
2026-10-10,2026-10-10 00:09,2026-10-10,2026-10-10 16:00,England,National League,Woking,Harrogate,O15,Over 1.5 goals,goals,1.23,0.834,0.765,0.813,6.9,0.026,High,High,watchlist,"qualified, but outside the top 7 by overall ranking",,0.58,miss,0-1,2026-10-10
2026-10-10,2026-10-10 00:09,2026-10-10,2026-10-10 16:00,England,National League: North,Darlington,Merthyr Town,U45,Under 4.5 goals,goals,1.27,0.808,0.734,0.787,7.4,0.026,High,N/A,watchlist,"qualified, but outside the top 7 by overall ranking",,0.578,hit,1-1,2026-10-10
2026-10-10,2026-10-10 00:09,2026-10-10,2026-10-10 12:00,Portugal,Liga 3: Group A,Leca,AD Marco 09,AO05,AD Marco 09 over 0.5 goals,team,1.44,0.721,0.63,0.694,9.1,0.038,Medium,Medium,watchlist,"qualified, but outside the top 7 by overall ranking",,0.576,miss,2-0,2026-10-10
2026-10-10,2026-10-10 00:09,2026-10-10,2026-10-10 18:30,Germany,Bundesliga,RB Leipzig,Ein Frankfurt,U45,Under 4.5 goals,goals,1.52,0.703,0.631,0.658,7.2,0.068,High,N/A,watchlist,"qualified, but outside the top 7 by overall ranking",,0.575,pending,,
2026-10-10,2026-10-10 00:09,2026-10-10,2026-10-10 16:00,England,Northern Premier League,Curzon Ashton,Hyde United,AO05,Hyde United over 0.5 goals,team,1.43,0.72,0.636,0.699,8.3,0.029,High,High,watchlist,"qualified, but outside the top 7 by overall ranking",,0.573,miss,2-0,2026-10-10
2026-10-10,2026-10-10 00:09,2026-10-10,2026-10-10 20:15,Slovenia,Prva Liga,Olimpija Ljubljana,Mura,HO05,Olimpija Ljubljana over 0.5 goals,team,1.17,0.861,0.794,0.855,6.7,0.007,High,High,watchlist,"qualified, but outside the top 7 by overall ranking",,0.573,pending,,
2026-10-10,2026-10-10 00:09,2026-10-10,2026-10-10 16:00,England,National League: North,Hereford FC,Hednesford,U45,Under 4.5 goals,goals,1.25,0.823,0.747,0.8,7.6,0.029,High,N/A,watchlist,"qualified, but outside the top 7 by overall ranking",,0.572,hit,0-1,2026-10-10
2026-10-10,2026-10-10 00:09,2026-10-10,2026-10-10 16:00,England,League Two,Newport County,Colchester,U35,Under 3.5 goals,goals,1.39,0.747,0.68,0.719,6.7,0.038,High,High,watchlist,"qualified, but outside the top 7 by overall ranking",,0.57,hit,1-0,2026-10-10
2026-10-10,2026-10-10 00:09,2026-10-10,2026-10-10 16:00,England,National League,Wealdstone,Yeovil,HO05,Wealdstone over 0.5 goals,team,1.24,0.817,0.744,0.806,7.3,0.012,High,High,watchlist,"qualified, but outside the top 7 by overall ranking",,0.569,miss,0-6,2026-10-10
2026-10-10,2026-10-10 00:09,2026-10-10,2026-10-10 16:00,England,League Two,Crawley Town,Chesterfield,HU15,Crawley Town under 1.5 goals,team,1.38,0.74,0.678,0.725,6.3,0.021,High,High,watchlist,"qualified, but outside the top 7 by overall ranking",,0.568,miss,2-2,2026-10-10
2026-10-10,2026-10-10 00:09,2026-10-10,2026-10-10 18:15,Wales,JD Cymru Premier,Flint Town United,Colwyn Bay,HO05,Flint Town United over 0.5 goals,team,1.48,0.704,0.623,0.676,8.1,0.043,High,High,watchlist,"qualified, but outside the top 7 by overall ranking",,0.568,pending,,
2026-10-10,2026-10-10 00:09,2026-10-10,2026-10-10 13:00,Sweden,Superettan,Landskrona BoIS,Sandvikens IF,U45,Under 4.5 goals,goals,1.2,0.851,0.786,0.833,6.5,0.021,High,N/A,watchlist,"qualified, but outside the top 7 by overall ranking",,0.567,miss,3-2,2026-10-10
2026-10-10,2026-10-10 00:09,2026-10-10,2026-10-10 13:30,Thailand,Thai League,Buriram United,Rayong FC,U45,Under 4.5 goals,goals,1.28,0.805,0.738,0.781,6.7,0.03,High,N/A,watchlist,"qualified, but outside the top 7 by overall ranking",,0.565,miss,3-2,2026-10-10
2026-10-10,2026-10-10 00:09,2026-10-10,2026-10-10 15:30,Germany,Bundesliga,Augsburg,Bayern Munich,HO05,Augsburg over 0.5 goals,team,1.47,0.717,0.647,0.68,7.0,0.054,High,High,watchlist,"qualified, but outside the top 7 by overall ranking",,0.565,hit,2-2,2026-10-10
2026-10-10,2026-10-10 00:09,2026-10-10,2026-10-10 16:00,Georgia,Erovnuli Liga,FC Rustavi,Dila Gori,HO05,FC Rustavi over 0.5 goals,team,1.32,0.769,0.687,0.758,8.1,0.014,High,High,watchlist,"qualified, but outside the top 7 by overall ranking",,0.564,hit,3-1,2026-10-10
2026-10-10,2026-10-10 00:09,2026-10-10,2026-10-10 20:45,France,Ligue 1,Brest,Angers,U35,Under 3.5 goals,goals,1.43,0.734,0.67,0.699,6.4,0.05,High,High,watchlist,"qualified, but outside the top 7 by overall ranking",,0.564,pending,,
2026-10-10,2026-10-10 00:09,2026-10-10,2026-10-10 17:00,Sweden,Superettan,Norrby,Oesters IF,U45,Under 4.5 goals,goals,1.22,0.836,0.771,0.82,6.5,0.02,High,N/A,watchlist,"qualified, but outside the top 7 by overall ranking",,0.56,hit,2-0,2026-10-10
2026-10-10,2026-10-10 00:09,2026-10-10,2026-10-10 15:00,Portugal,Liga Portugal 2,Amarante FC,Portimonense,CU105,Under 10.5 corners,corners,1.48,0.696,0.633,0.676,6.3,0.03,High,N/A,watchlist,"qualified, but outside the top 7 by overall ranking",,0.558,pending,,
2026-10-10,2026-10-10 00:09,2026-10-10,2026-10-10 15:30,Germany,Bundesliga,Mainz,Leverkusen,KU55,Under 5.5 cards,cards,1.32,0.761,0.714,0.758,4.7,0.005,High,N/A,watchlist,"qualified, but outside the top 7 by overall ranking",,0.553,pending,,
2026-10-10,2026-10-10 00:09,2026-10-10,2026-10-10 14:00,Sweden,Division 2: Norra Goetaland,Ahlafors IF,Stenungsunds IF,U45,Under 4.5 goals,goals,1.32,0.772,0.694,0.758,7.8,0.019,High,N/A,watchlist,"qualified, but outside the top 7 by overall ranking",,0.551,hit,1-3,2026-10-10
2026-10-10,2026-10-10 00:09,2026-10-10,2026-10-10 14:00,Germany,Regionalliga Südwest,TSV Steinbach Haiger,Eintracht Trier,U45,Under 4.5 goals,goals,1.25,0.806,0.731,0.8,7.5,0.007,High,N/A,watchlist,"qualified, but outside the top 7 by overall ranking",,0.548,hit,4-0,2026-10-10
2026-10-10,2026-10-10 00:09,2026-10-10,2026-10-10 16:00,England,Southern League Premier: South,Chertsey Town,Chippenham Town,H,Chertsey Town to win,result,1.57,0.658,0.605,0.637,5.3,0.033,High,High,watchlist,"qualified, but outside the top 7 by overall ranking",,0.548,miss,2-2,2026-10-10
2026-10-10,2026-10-10 00:09,2026-10-10,2026-10-10 16:00,Belgium,Pro League,Cercle Brugge,Anderlecht,U45,Under 4.5 goals,goals,1.19,0.853,0.794,0.84,5.8,0.015,High,N/A,watchlist,"qualified, but outside the top 7 by overall ranking",,0.546,hit,1-2,2026-10-10
2026-10-10,2026-10-10 00:09,2026-10-10,2026-10-10 16:00,England,League Two,Cheltenham,Salford,U45,Under 4.5 goals,goals,1.17,0.861,0.807,0.855,5.4,0.007,High,N/A,watchlist,"qualified, but outside the top 7 by overall ranking",,0.544,hit,0-2,2026-10-10
2026-10-10,2026-10-10 00:09,2026-10-10,2026-10-10 16:00,Scotland,League One,Peterhead,Queen of Sth,U45,Under 4.5 goals,goals,1.22,0.836,0.775,0.82,6.1,0.02,High,N/A,watchlist,"qualified, but outside the top 7 by overall ranking",,0.544,hit,0-1,2026-10-10
2026-10-10,2026-10-10 00:09,2026-10-10,2026-10-10 16:30,Spain,Primera Division RFEF: Group 2,Juventud Torremolinos CF,Gimnastic,HO05,Juventud Torremolinos CF over 0.5 goals,team,1.32,0.763,0.687,0.758,7.6,0.007,High,High,watchlist,"qualified, but outside the top 7 by overall ranking",,0.543,hit,2-2,2026-10-10
2026-10-10,2026-10-10 00:09,2026-10-10,2026-10-10 13:00,Germany,2. Bundesliga,Darmstadt,Cottbus,U45,Under 4.5 goals,goals,1.34,0.781,0.705,0.746,7.6,0.046,Medium,N/A,watchlist,warning: Cottbus: 100% rates in home matches come from only 3 matches — not meaningful,,0.543,hit,3-1,2026-10-10
2026-10-10,2026-10-10 00:09,2026-10-10,2026-10-10 16:00,Northern Ireland,Championship,Queen's University,Ballinamallard United,1X,Queen's University or draw,dc,1.24,0.812,0.763,0.806,4.9,0.006,High,High,watchlist,"qualified, but outside the top 7 by overall ranking",,0.542,miss,0-1,2026-10-10
2026-10-10,2026-10-10 00:09,2026-10-10,2026-10-10 18:00,Turkey,Süper Lig,Rizespor,Fenerbahce,HO05,Rizespor over 0.5 goals,team,1.43,0.723,0.654,0.699,6.9,0.034,High,High,watchlist,"qualified, but outside the top 7 by overall ranking",,0.542,pending,,
2026-10-10,2026-10-10 00:09,2026-10-10,2026-10-10 13:00,China,League One,Suzhou Dongwu,Shijiazhuang Gongfu,AO05,Shijiazhuang Gongfu over 0.5 goals,team,1.45,0.701,0.628,0.69,7.3,0.017,High,High,watchlist,"qualified, but outside the top 7 by overall ranking",,0.54,miss,0-0,2026-10-10
2026-10-10,2026-10-10 00:09,2026-10-10,2026-10-10 15:30,Croatia,Prva NL,Vukovar 91,Hrvace,AO05,Hrvace over 0.5 goals,team,1.42,0.716,0.638,0.704,7.8,0.017,High,High,watchlist,"qualified, but outside the top 7 by overall ranking",,0.538,miss,1-0,2026-10-10
2026-10-10,2026-10-10 00:09,2026-10-10,2026-10-10 16:00,Scotland,League One,Alloa,Hamilton,U35,Under 3.5 goals,goals,1.39,0.739,0.676,0.719,6.3,0.028,High,High,watchlist,"qualified, but outside the top 7 by overall ranking",,0.538,hit,0-3,2026-10-10
2026-10-10,2026-10-10 00:09,2026-10-10,2026-10-10 15:30,Malta,Malta Premier: Opening Round,Birkirkara,Valletta,O15,Over 1.5 goals,goals,1.36,0.755,0.677,0.735,7.8,0.027,High,High,watchlist,"qualified, but outside the top 7 by overall ranking",,0.536,hit,0-2,2026-10-10
2026-10-10,2026-10-10 00:09,2026-10-10,2026-10-10 16:00,England,Southern League Premier: South,Hanworth Villa,Gloucester City,1X,Hanworth Villa or draw,dc,1.36,0.739,0.668,0.735,7.1,0.005,High,High,watchlist,"qualified, but outside the top 7 by overall ranking",,0.534,miss,1-3,2026-10-10
2026-10-10,2026-10-10 00:09,2026-10-10,2026-10-10 18:00,Israel,Premier League,Ironi Tiberias,Hapoel Beer Sheva,U45,Under 4.5 goals,goals,1.25,0.816,0.757,0.8,5.9,0.02,High,N/A,watchlist,"qualified, but outside the top 7 by overall ranking",,0.534,pending,,
2026-10-10,2026-10-10 00:09,2026-10-10,2026-10-10 16:00,England,National League,Boston Utd,Southend,U45,Under 4.5 goals,goals,1.3,0.788,0.723,0.769,6.4,0.024,High,N/A,watchlist,"qualified, but outside the top 7 by overall ranking",,0.533,hit,1-2,2026-10-10
2026-10-10,2026-10-10 00:09,2026-10-10,2026-10-10 16:30,Spain,Primera Division RFEF: Group 2,CDA Aguilas FC,SD Huesca,12,CDA Aguilas FC or SD Huesca,dc,1.35,0.745,0.688,0.741,5.7,0.006,High,High,watchlist,"qualified, but outside the top 7 by overall ranking",,0.533,miss,2-2,2026-10-10
2026-10-10,2026-10-10 00:09,2026-10-10,2026-10-10 14:30,Cyprus,2nd Division,Halkanoras Idaliou,Doxa Katokopia,AO05,Doxa Katokopia over 0.5 goals,team,1.25,0.802,0.731,0.8,7.1,0.002,High,High,watchlist,"qualified, but outside the top 7 by overall ranking",,0.532,hit,3-4,2026-10-10
2026-10-10,2026-10-10 00:09,2026-10-10,2026-10-10 15:00,San Marino,Campionato Sammarinese,Faetano,FC Fiorentino,O15,Over 1.5 goals,goals,1.27,0.79,0.716,0.787,7.5,0.004,High,High,watchlist,"qualified, but outside the top 7 by overall ranking",,0.532,hit,0-6,2026-10-10
2026-10-10,2026-10-10 00:09,2026-10-10,2026-10-10 14:00,Norway,2. division: group 1,Sotra Sportsklubb,Kvik Halden,AO05,Kvik Halden over 0.5 goals,team,1.43,0.716,0.65,0.699,6.6,0.024,High,High,watchlist,"qualified, but outside the top 7 by overall ranking",,0.531,miss,3-0,2026-10-10
2026-10-10,2026-10-10 00:09,2026-10-10,2026-10-10 17:30,Slovenia,Prva Liga,NK Celje,Aluminij,U45,Under 4.5 goals,goals,1.24,0.823,0.759,0.806,6.4,0.02,High,N/A,watchlist,"qualified, but outside the top 7 by overall ranking",,0.53,pending,,
2026-10-10,2026-10-10 00:09,2026-10-10,2026-10-10 16:00,England,Championship,Watford,Burnley,U45,Under 4.5 goals,goals,1.15,0.876,0.822,0.87,5.4,0.008,High,N/A,watchlist,"qualified, but outside the top 7 by overall ranking",,0.529,hit,0-4,2026-10-10
2026-10-10,2026-10-10 00:09,2026-10-10,2026-10-10 16:00,Scotland,League Two,Annan Athletic,Stranraer,U45,Under 4.5 goals,goals,1.18,0.853,0.792,0.847,6.1,0.007,High,N/A,watchlist,"qualified, but outside the top 7 by overall ranking",,0.529,miss,1-6,2026-10-10
2026-10-10,2026-10-10 00:09,2026-10-10,2026-10-10 21:00,Bolivia,Primera Division,Universitario de Vinto,CDT Real Oruro,U45,Under 4.5 goals,goals,1.35,0.763,0.697,0.741,6.7,0.03,High,N/A,watchlist,"qualified, but outside the top 7 by overall ranking",,0.529,pending,,
2026-10-10,2026-10-10 00:09,2026-10-10,2026-10-10 22:00,Ecuador,Serie B Relegation Group,Gualaceo SC,Cumbaya,HO05,Gualaceo SC over 0.5 goals,team,1.34,0.764,0.68,0.746,8.4,0.023,Medium,Medium,watchlist,warning: Gualaceo SC: 100% rates in away matches come from only 2 matches — not meaningful,,0.529,pending,,
2026-10-10,2026-10-10 00:09,2026-10-10,2026-10-10 20:30,Andorra,1st Division,FC Ordino,Inter Club d'Escaldes,U45,Under 4.5 goals,goals,1.23,0.817,0.745,0.813,7.2,0.005,High,N/A,watchlist,"qualified, but outside the top 7 by overall ranking",,0.528,pending,,
2026-10-10,2026-10-10 00:09,2026-10-10,2026-10-10 13:00,Kazakhstan,Premier League,Tobol Kostanay,FC Astana,U45,Under 4.5 goals,goals,1.15,0.872,0.813,0.87,5.9,0.003,High,N/A,watchlist,"qualified, but outside the top 7 by overall ranking",,0.525,hit,2-1,2026-10-10
2026-10-10,2026-10-10 00:09,2026-10-10,2026-10-10 18:45,Spain,Primera Division RFEF: Group 2,Real Jaen,Villarreal B,U35,Under 3.5 goals,goals,1.29,0.78,0.713,0.775,6.7,0.006,High,High,watchlist,"qualified, but outside the top 7 by overall ranking",,0.525,pending,,
2026-10-10,2026-10-10 00:09,2026-10-10,2026-10-10 13:00,Kazakhstan,Premier League,FC Yelimay,Aktobe,U45,Under 4.5 goals,goals,1.18,0.855,0.796,0.847,5.9,0.009,High,N/A,watchlist,"qualified, but outside the top 7 by overall ranking",,0.524,hit,1-3,2026-10-10
2026-10-10,2026-10-10 00:09,2026-10-10,2026-10-10 14:00,Sweden,Division 2: Vaestra Goetaland,Dalstorps IF,Jonsereds IF,1X,Dalstorps IF or draw,dc,1.26,0.795,0.748,0.794,4.7,0.002,High,High,watchlist,"qualified, but outside the top 7 by overall ranking",,0.524,hit,3-2,2026-10-10
2026-10-10,2026-10-10 00:09,2026-10-10,2026-10-10 18:30,Albania,Kategoria Superiore,AF Elbasani,Vora,U45,Under 4.5 goals,goals,1.16,0.867,0.809,0.862,5.8,0.006,High,N/A,watchlist,"qualified, but outside the top 7 by overall ranking",,0.523,pending,,
2026-10-10,2026-10-10 00:09,2026-10-10,2026-10-10 16:00,England,League Two,Bristol Rvs,Barnet,AO05,Barnet over 0.5 goals,team,1.29,0.783,0.725,0.775,5.8,0.01,High,High,watchlist,"qualified, but outside the top 7 by overall ranking",,0.522,hit,1-3,2026-10-10
2026-10-10,2026-10-10 00:09,2026-10-10,2026-10-10 16:30,Germany,3. Liga,MSV Duisburg,Hoffenheim II,1X,MSV Duisburg or draw,dc,1.24,0.808,0.766,0.806,4.2,0.002,High,High,watchlist,"qualified, but outside the top 7 by overall ranking",,0.521,hit,3-2,2026-10-10
2026-10-10,2026-10-10 00:09,2026-10-10,2026-10-10 17:00,Sweden,Superettan,IK Oddevold,United IK Nordic,AO05,United IK Nordic over 0.5 goals,team,1.36,0.748,0.688,0.735,6.0,0.017,High,High,watchlist,"qualified, but outside the top 7 by overall ranking",,0.52,miss,2-0,2026-10-10
2026-10-10,2026-10-10 00:09,2026-10-10,2026-10-10 13:30,England,Championship,Swansea,Norwich,1X,Swansea or draw,dc,1.39,0.728,0.678,0.719,5.0,0.012,High,High,watchlist,"qualified, but outside the top 7 by overall ranking",,0.515,hit,2-1,2026-10-10
2026-10-10,2026-10-10 00:09,2026-10-10,2026-10-10 17:30,Azerbaijan,Premier League,Sumqayit,Gabala FK,HO05,Sumqayit over 0.5 goals,team,1.33,0.766,0.7,0.752,6.6,0.018,High,High,watchlist,"qualified, but outside the top 7 by overall ranking",,0.515,pending,,
2026-10-10,2026-10-10 00:09,2026-10-10,2026-10-10 13:30,England,Championship,Charlton,Bristol City,HO05,Charlton over 0.5 goals,team,1.42,0.725,0.659,0.704,6.6,0.03,High,High,watchlist,"qualified, but outside the top 7 by overall ranking",,0.514,hit,1-1,2026-10-10
2026-10-10,2026-10-10 00:09,2026-10-10,2026-10-10 16:00,England,League One,Bradford,Leyton Orient,U35,Under 3.5 goals,goals,1.34,0.762,0.705,0.746,5.7,0.021,High,High,watchlist,"qualified, but outside the top 7 by overall ranking",,0.512,hit,0-0,2026-10-10
2026-10-10,2026-10-10 00:09,2026-10-10,2026-10-10 15:00,Italy,Serie B,Sudtirol,Ascoli,U35,Under 3.5 goals,goals,1.3,0.786,0.723,0.769,6.3,0.022,High,High,watchlist,"qualified, but outside the top 7 by overall ranking",,0.511,hit,0-0,2026-10-10
2026-10-10,2026-10-10 00:09,2026-10-10,2026-10-10 19:00,Bulgaria,Parva Liga,Botev Plovdiv,Slavia Sofia,U35,Under 3.5 goals,goals,1.3,0.777,0.717,0.769,5.9,0.01,High,High,watchlist,"qualified, but outside the top 7 by overall ranking",,0.511,pending,,
2026-10-10,2026-10-10 00:09,2026-10-10,2026-10-10 13:00,Thailand,Thai League,BG Pathum United,Ayutthaya United FC,U45,Under 4.5 goals,goals,1.19,0.845,0.791,0.84,5.4,0.006,High,N/A,watchlist,"qualified, but outside the top 7 by overall ranking",,0.51,hit,1-1,2026-10-10
2026-10-10,2026-10-10 00:09,2026-10-10,2026-10-10 23:00,Brazil,Serie A,Vasco da Gama,Remo,U45,Under 4.5 goals,goals,1.21,0.844,0.795,0.826,4.8,0.021,High,N/A,watchlist,"qualified, but outside the top 7 by overall ranking",,0.509,pending,,
2026-10-10,2026-10-10 00:09,2026-10-10,2026-10-10 23:00,USA,USL League One,Portland Hearts of Pine,Boise,HO05,Portland Hearts of Pine over 0.5 goals,team,1.29,0.778,0.716,0.775,6.2,0.003,High,High,watchlist,"qualified, but outside the top 7 by overall ranking",,0.509,pending,,
2026-10-10,2026-10-10 00:09,2026-10-10,2026-10-10 20:00,Netherlands,Eredivisie,For Sittard,Twente,U55,Under 5.5 goals,goals,1.15,0.872,0.822,0.87,5.0,0.003,High,N/A,watchlist,"qualified, but outside the top 7 by overall ranking",,0.506,pending,,
2026-10-10,2026-10-10 00:09,2026-10-10,2026-10-10 15:00,Netherlands,Tweede Divisie,Rohda Raalte,Rkav Volendam,HO05,Rohda Raalte over 0.5 goals,team,1.31,0.777,0.703,0.763,7.4,0.018,Medium,Medium,watchlist,warning: High model probability (85%) rests on 9 matches for one team,,0.505,hit,2-8,2026-10-10
2026-10-10,2026-10-10 00:09,2026-10-10,2026-10-10 16:00,England,National League: South,Dagenham & Redbridge,Hemel Hempstead,U35,Under 3.5 goals,goals,1.3,0.778,0.719,0.769,5.8,0.011,High,High,watchlist,"qualified, but outside the top 7 by overall ranking",,0.504,hit,0-0,2026-10-10
2026-10-10,2026-10-10 00:09,2026-10-10,2026-10-10 16:00,Belgium,Challenger Pro League,Virton,Sporting Hasselt,HO05,Virton over 0.5 goals,team,1.22,0.826,0.762,0.82,6.4,0.008,High,High,watchlist,"qualified, but outside the top 7 by overall ranking",,0.501,hit,3-4,2026-10-10
2026-10-10,2026-10-10 00:09,2026-10-10,2026-10-10 23:30,Ecuador,Serie A: Placement Group,Guayaquil City,Emelec,AU15,Emelec under 1.5 goals,team,1.39,0.728,0.656,0.719,7.2,0.011,High,High,watchlist,"qualified, but outside the top 7 by overall ranking",,0.501,pending,,
2026-10-10,2026-10-10 00:09,2026-10-10,2026-10-10 19:00,Montenegro,1. CFL,Buducnost Podgorica,Sutjeska,U35,Under 3.5 goals,goals,1.22,0.822,0.766,0.82,5.6,0.003,High,High,watchlist,"qualified, but outside the top 7 by overall ranking",,0.5,pending,,
2026-10-10,2026-10-10 00:09,2026-10-10,2026-10-10 15:00,Sweden,Superettan,Oestersunds FK,Varbergs BoIS FC,AO05,Varbergs BoIS FC over 0.5 goals,team,1.4,0.725,0.667,0.714,5.8,0.015,High,High,watchlist,"qualified, but outside the top 7 by overall ranking",,0.496,hit,1-1,2026-10-10
2026-10-10,2026-10-10 00:09,2026-10-10,2026-10-10 07:00,Japan,J3 League,Thespakusatsu Gunma,FC Ryukyu,U45,Under 4.5 goals,goals,1.21,0.827,0.772,0.826,5.4,0.0,High,N/A,watchlist,"qualified, but outside the top 7 by overall ranking",,0.495,hit,2-1,2026-10-10
2026-10-10,2026-10-10 00:09,2026-10-10,2026-10-10 14:00,Denmark,2nd Division,FC Roskilde,Skive,AU15,Skive under 1.5 goals,team,1.34,0.748,0.68,0.746,6.8,0.002,High,High,watchlist,"qualified, but outside the top 7 by overall ranking",,0.495,hit,3-0,2026-10-10
2026-10-10,2026-10-10 00:09,2026-10-10,2026-10-10 20:30,Romania,Liga 1,FCSB,Otelul Galati,U45,Under 4.5 goals,goals,1.2,0.84,0.786,0.833,5.4,0.008,High,N/A,watchlist,"qualified, but outside the top 7 by overall ranking",,0.494,pending,,
2026-10-10,2026-10-10 00:09,2026-10-10,2026-10-10 14:00,France,Ligue 2,Clermont,Red Star,U35,Under 3.5 goals,goals,1.31,0.775,0.722,0.763,5.3,0.015,High,High,watchlist,"qualified, but outside the top 7 by overall ranking",,0.492,miss,2-3,2026-10-10
2026-10-10,2026-10-10 00:09,2026-10-10,2026-10-10 14:00,France,Ligue 2,Nantes,Reims,12,Nantes or Reims,dc,1.3,0.77,0.726,0.769,4.4,0.001,High,High,watchlist,"qualified, but outside the top 7 by overall ranking",,0.491,miss,0-0,2026-10-10
2026-10-10,2026-10-10 00:09,2026-10-10,2026-10-10 16:00,England,League Two,Shrewsbury,Exeter,U35,Under 3.5 goals,goals,1.26,0.801,0.751,0.794,5.0,0.009,High,High,watchlist,"qualified, but outside the top 7 by overall ranking",,0.491,hit,0-1,2026-10-10
2026-10-10,2026-10-10 00:09,2026-10-10,2026-10-10 16:00,England,Southern League Premier: South,Frome Town,Sholing,AO05,Sholing over 0.5 goals,team,1.35,0.743,0.675,0.741,6.8,0.003,High,High,watchlist,"qualified, but outside the top 7 by overall ranking",,0.491,hit,1-1,2026-10-10
2026-10-10,2026-10-10 00:09,2026-10-10,2026-10-10 01:00,Mexico,Liga de Expansion MX: Apertura,Tapatio,Atletico La Paz,U45,Under 4.5 goals,goals,1.29,0.788,0.725,0.775,6.3,0.016,High,N/A,watchlist,"qualified, but outside the top 7 by overall ranking",,0.49,miss,2-4,2026-10-10
2026-10-10,2026-10-10 00:09,2026-10-10,2026-10-10 16:00,England,National League: South,Maidenhead United,Tonbridge Angels,AO05,Tonbridge Angels over 0.5 goals,team,1.34,0.751,0.691,0.746,6.0,0.007,High,High,watchlist,"qualified, but outside the top 7 by overall ranking",,0.49,hit,0-1,2026-10-10
2026-10-10,2026-10-10 00:09,2026-10-10,2026-10-10 12:00,Vietnam,V-League,Hoang Anh Gia Lai,Da Nang,O15,Over 1.5 goals,goals,1.31,0.775,0.713,0.763,6.2,0.015,High,High,watchlist,"qualified, but outside the top 7 by overall ranking",,0.483,hit,3-0,2026-10-10
2026-10-10,2026-10-10 00:09,2026-10-10,2026-10-10 17:15,Italy,Serie B,Vicenza,Pisa,12,Vicenza or Pisa,dc,1.3,0.776,0.725,0.769,5.1,0.009,Medium,Medium,watchlist,warning: High model probability (86%) rests on 5 matches for one team,,0.481,hit,0-3,2026-10-10
2026-10-10,2026-10-10 00:09,2026-10-10,2026-10-10 23:00,Guatemala,Liga Nacional: Apertura,Aurora FC,Club Xelaju,O15,Over 1.5 goals,goals,1.31,0.773,0.716,0.763,5.7,0.013,High,High,watchlist,"qualified, but outside the top 7 by overall ranking",,0.479,pending,,
2026-10-10,2026-10-10 00:09,2026-10-10,2026-10-10 14:00,Germany,Regionalliga Bayern,Burghausen,Greuther Furth II,U45,Under 4.5 goals,goals,1.3,0.772,0.705,0.769,6.7,0.003,High,N/A,watchlist,"qualified, but outside the top 7 by overall ranking",,0.478,miss,3-3,2026-10-10
2026-10-10,2026-10-10 00:09,2026-10-10,2026-10-10 22:00,Brazil,Serie C: 2nd Stage: Group C,Botafogo PB,Santa Cruz,12,Botafogo PB or Santa Cruz,dc,1.34,0.75,0.694,0.746,5.6,0.004,Medium,Medium,watchlist,"qualified, but outside the top 7 by overall ranking",,0.478,pending,,
2026-10-10,2026-10-10 00:09,2026-10-10,2026-10-10 15:00,Italy,Serie B,Virtus Entella,Juve Stabia,CU105,Under 10.5 corners,corners,1.45,0.691,0.637,0.69,5.4,0.003,High,N/A,watchlist,"qualified, but outside the top 7 by overall ranking",,0.475,hit,1-1,2026-10-10
2026-10-10,2026-10-10 00:09,2026-10-10,2026-10-10 16:00,England,Premier League,Aston Villa,Brentford,CU115,Under 11.5 corners,corners,1.43,0.714,0.658,0.699,5.6,0.021,High,N/A,watchlist,"qualified, but outside the top 7 by overall ranking",,0.475,hit,2-2,2026-10-10
2026-10-10,2026-10-10 00:09,2026-10-10,2026-10-10 18:30,Spain,Segunda División,Eldense,Cordoba,1X,Eldense or draw,dc,1.42,0.711,0.657,0.704,5.5,0.01,High,Medium,watchlist,"qualified, but outside the top 7 by overall ranking",,0.463,pending,,
2026-10-10,2026-10-10 00:09,2026-10-10,2026-10-10 20:30,USA,MLS,Chicago Fire,New York City FC,AO05,New York City FC over 0.5 goals,team,1.35,0.748,0.703,0.741,4.5,0.01,High,High,watchlist,"qualified, but outside the top 7 by overall ranking",,0.463,pending,,
2026-10-10,2026-10-10 00:09,2026-10-10,2026-10-10 16:00,England,Championship,Sheffield United,Lincoln,O15,Over 1.5 goals,goals,1.33,0.765,0.71,0.752,5.6,0.018,High,High,watchlist,"qualified, but outside the top 7 by overall ranking",,0.462,hit,3-0,2026-10-10
2026-10-10,2026-10-10 00:09,2026-10-10,2026-10-10 18:00,Israel,Premier League,Hapoel Haifa,Maccabi Petach Tikva,O15,Over 1.5 goals,goals,1.22,0.822,0.771,0.82,5.1,0.003,High,High,watchlist,"qualified, but outside the top 7 by overall ranking",,0.462,pending,,
2026-10-10,2026-10-10 00:09,2026-10-10,2026-10-10 19:00,Portugal,Primeira Liga,Maritimo,Porto,O15,Over 1.5 goals,goals,1.3,0.787,0.743,0.769,4.4,0.023,High,High,watchlist,"qualified, but outside the top 7 by overall ranking",,0.461,pending,,
2026-10-10,2026-10-10 00:09,2026-10-10,2026-10-10 19:00,Qatar,Qatar Stars League,Al-Ahli,Al-Sailiya,AO05,Al-Sailiya over 0.5 goals,team,1.33,0.753,0.7,0.752,5.3,0.001,High,High,watchlist,"qualified, but outside the top 7 by overall ranking",,0.461,pending,,
2026-10-10,2026-10-10 00:09,2026-10-10,2026-10-10 15:00,Italy,Serie B,Benevento,Cesena,AU15,Cesena under 1.5 goals,team,1.37,0.741,0.683,0.73,5.8,0.015,High,High,watchlist,"qualified, but outside the top 7 by overall ranking",,0.457,hit,2-0,2026-10-10
2026-10-10,2026-10-10 00:09,2026-10-10,2026-10-10 17:30,Poland,Ekstraklasa,Slask Wroclaw,Lech Poznan,U45,Under 4.5 goals,goals,1.25,0.81,0.752,0.8,5.7,0.012,High,N/A,watchlist,"qualified, but outside the top 7 by overall ranking",,0.457,pending,,
2026-10-10,2026-10-10 00:09,2026-10-10,2026-10-10 18:30,Jordan,Pro League,Al-Salt,Al-Faisaly,O15,Over 1.5 goals,goals,1.3,0.774,0.719,0.769,5.5,0.007,High,High,watchlist,"qualified, but outside the top 7 by overall ranking",,0.446,pending,,
2026-10-10,2026-10-10 00:09,2026-10-10,2026-10-10 16:00,Scotland,Championship,Arbroath,Morton,U35,Under 3.5 goals,goals,1.27,0.789,0.744,0.787,4.5,0.002,High,High,watchlist,"qualified, but outside the top 7 by overall ranking",,0.443,hit,1-2,2026-10-10
2026-10-10,2026-10-10 00:09,2026-10-10,2026-10-10 17:00,Cyprus,1st Division,Ypsonas,Apollon Limassol,O15,Over 1.5 goals,goals,1.3,0.771,0.719,0.769,5.2,0.002,High,High,watchlist,"qualified, but outside the top 7 by overall ranking",,0.443,hit,1-3,2026-10-10
2026-10-10,2026-10-10 00:09,2026-10-10,2026-10-10 16:00,England,National League: South,Horsham,Maidstone United,U35,Under 3.5 goals,goals,1.4,0.722,0.667,0.714,5.5,0.011,High,High,watchlist,"qualified, but outside the top 7 by overall ranking",,0.442,hit,1-2,2026-10-10
2026-10-10,2026-10-10 00:09,2026-10-10,2026-10-10 19:00,USA,MLS,Toronto FC,CF Montreal,AO05,CF Montreal over 0.5 goals,team,1.31,0.767,0.728,0.763,3.9,0.005,High,High,watchlist,"qualified, but outside the top 7 by overall ranking",,0.442,pending,,
2026-10-10,2026-10-10 00:09,2026-10-10,2026-10-10 19:05,Kuwait,Premier League,Al-Salmiyah,Al-Shabab SC,O15,Over 1.5 goals,goals,1.26,0.794,0.741,0.794,5.3,0.001,High,High,watchlist,"qualified, but outside the top 7 by overall ranking",,0.434,pending,,
2026-10-10,2026-10-10 00:09,2026-10-10,2026-10-10 15:30,Austria,2. Liga,SK Rapid Wien II,FC Wacker Innsbruck,U45,Under 4.5 goals,goals,1.22,0.829,0.775,0.82,5.4,0.011,Medium,N/A,watchlist,"qualified, but outside the top 7 by overall ranking",,0.433,hit,1-2,2026-10-10
2026-10-10,2026-10-10 00:09,2026-10-10,2026-10-10 18:00,Spain,Segunda Division RFEF: Group 2,Naxara CD,Pena Sport,AO05,Pena Sport over 0.5 goals,team,1.41,0.712,0.644,0.709,6.8,0.004,Medium,Medium,watchlist,"qualified, but outside the top 7 by overall ranking",,0.431,pending,,
2026-10-10,2026-10-10 00:09,2026-10-10,2026-10-10 13:30,England,League Two,Oldham,Accrington,U35,Under 3.5 goals,goals,1.39,0.725,0.68,0.719,4.5,0.008,High,High,watchlist,"qualified, but outside the top 7 by overall ranking",,0.426,hit,0-0,2026-10-10
2026-10-10,2026-10-10 00:09,2026-10-10,2026-10-10 13:00,Germany,2. Bundesliga,Osnabruck,Dresden,CU115,Under 11.5 corners,corners,1.58,0.651,0.587,0.633,6.4,0.029,Medium,N/A,watchlist,warning: Osnabruck: 100% rates in home matches come from only 3 matches — not meaningful,,0.421,pending,,
2026-10-10,2026-10-10 00:09,2026-10-10,2026-10-10 16:00,England,National League: South,Dover Athletic,Dorking Wanderers,U45,Under 4.5 goals,goals,1.28,0.783,0.732,0.781,5.0,0.002,High,N/A,watchlist,"qualified, but outside the top 7 by overall ranking",,0.42,hit,1-1,2026-10-10
2026-10-10,2026-10-10 00:09,2026-10-10,2026-10-10 14:00,Denmark,2nd Division,FA 2000,Naestved,U35,Under 3.5 goals,goals,1.41,0.714,0.653,0.709,6.1,0.006,High,High,watchlist,"qualified, but outside the top 7 by overall ranking",,0.419,hit,1-1,2026-10-10
2026-10-10,2026-10-10 00:09,2026-10-10,2026-10-10 14:30,Italy,Serie C: Group C,Bari,Giugliano,O15,Over 1.5 goals,goals,1.29,0.782,0.725,0.775,5.7,0.009,Medium,Medium,watchlist,"qualified, but outside the top 7 by overall ranking",,0.414,hit,2-0,2026-10-10
2026-10-10,2026-10-10 00:09,2026-10-10,2026-10-10 16:00,Estonia,Meistriliiga,Tammeka,Nomme United,U45,Under 4.5 goals,goals,1.31,0.767,0.713,0.763,5.4,0.005,High,N/A,watchlist,"qualified, but outside the top 7 by overall ranking",,0.412,hit,4-0,2026-10-10
2026-10-10,2026-10-10 00:09,2026-10-10,2026-10-10 15:30,Poland,I Liga,Skierniewice,Termalica Nieciecza,U45,Under 4.5 goals,goals,1.22,0.82,0.766,0.82,5.3,0.0,Medium,N/A,watchlist,"qualified, but outside the top 7 by overall ranking",,0.407,hit,2-2,2026-10-10
2026-10-10,2026-10-10 00:09,2026-10-10,2026-10-10 14:00,England,Premier League 2,Arsenal U21,Sunderland U21,U45,Under 4.5 goals,goals,1.4,0.721,0.667,0.714,5.4,0.009,High,N/A,watchlist,"qualified, but outside the top 7 by overall ranking",,0.405,hit,2-2,2026-10-10
2026-10-10,2026-10-10 00:09,2026-10-10,2026-10-10 17:00,Hungary,NB II,Fehervar FC,Szentlorinc,O15,Over 1.5 goals,goals,1.3,0.775,0.717,0.769,5.7,0.007,Medium,Medium,watchlist,"qualified, but outside the top 7 by overall ranking",,0.405,hit,3-0,2026-10-10
2026-10-10,2026-10-10 00:09,2026-10-10,2026-10-10 07:00,Japan,J2 League,Yokohama FC,Oita Trinita,O15,Over 1.5 goals,goals,1.34,0.747,0.698,0.746,4.9,0.001,High,High,watchlist,"qualified, but outside the top 7 by overall ranking",,0.401,hit,1-2,2026-10-10
2026-10-10,2026-10-10 00:09,2026-10-10,2026-10-10 18:00,Croatia,HNL,Osijek,NK Istra 1961,U35,Under 3.5 goals,goals,1.44,0.701,0.656,0.694,4.5,0.009,High,High,watchlist,"qualified, but outside the top 7 by overall ranking",,0.388,pending,,
2026-10-10,2026-10-10 00:09,2026-10-10,2026-10-10 10:00,Hong Kong,Premier League,Tai Po,Kowloon City,U45,Under 4.5 goals,goals,1.34,0.747,0.698,0.746,4.9,0.001,High,N/A,watchlist,"qualified, but outside the top 7 by overall ranking",,0.374,hit,1-1,2026-10-10
2026-10-10,2026-10-10 00:09,2026-10-10,2026-10-10 16:00,Scotland,Premiership,Falkirk,Dundee,U35,Under 3.5 goals,goals,1.43,0.701,0.662,0.699,4.0,0.003,High,High,watchlist,"edge +4.0 pp is the model's usual gap on this market today (median +2.0 pp) — systematic, not specific to this match",,0.358,hit,1-2,2026-10-10
2026-10-10,2026-10-10 00:09,2026-10-10,2026-10-10 13:30,England,Premier League,Arsenal,Leeds,U35,Under 3.5 goals,goals,1.4,0.715,0.689,0.714,2.7,0.002,High,High,watchlist,"edge +2.7 pp is the model's usual gap on this market today (median +2.0 pp) — systematic, not specific to this match",,0.317,hit,2-1,2026-10-10
2026-10-10,2026-10-10 00:09,2026-10-10,2026-10-10 00:30,Paraguay,Division Intermedia,Sol de America,Club Sportivo Carapegua,H,Sol de America to win,result,2.0,0.516,0.468,0.5,4.8,0.031,High,High,rejected,probability 52% below the 60% bar for result,,0.503,miss,2-4,2026-10-10
2026-10-10,2026-10-10 00:09,2026-10-10,2026-10-10 01:00,Argentina,Primera B Metropolitana,CA Talleres Remedios de Escalada,CASD Camioneros,U45,Under 4.5 goals,goals,,0.954,,,,,High,N/A,rejected,odds N/A (not priced by Sportybet),,0.467,hit,1-1,2026-10-10
2026-10-10,2026-10-10 00:09,2026-10-10,2026-10-10 01:00,International Friendlies,Women's Friendlies,Canada W,Denmark Women,O05,Over 0.5 goals,goals,,0.956,,,,,Low,N/A,rejected,failed the pipeline's data checks | odds N/A (not priced by Sportybet),,0.329,hit,1-1,2026-10-10
2026-10-10,2026-10-10 00:09,2026-10-10,2026-10-10 01:30,USA,USL Championship,Lexington SC,FC Tulsa,A,FC Tulsa to win,result,4.7,0.26,0.187,0.213,7.4,0.224,High,High,rejected,probability 26% below the 60% bar for result,,0.746,miss,0-0,2026-10-10
2026-10-10,2026-10-10 00:09,2026-10-10,2026-10-10 02:00,El Salvador,Primera Division: Apertura,Inca Aruba,CD Platense Municipal,AO05,CD Platense Municipal over 0.5 goals,team,1.32,0.725,0.687,0.758,3.8,-0.043,High,High,rejected,price too short for the probability (EV -4.3%),,0.363,hit,1-4,2026-10-10
2026-10-10,2026-10-10 00:09,2026-10-10,2026-10-10 02:30,Argentina,Federal A: Promotion Play-off,San Martin Mendoza,Argentino Monte Maiz,HO05,San Martin Mendoza over 0.5 goals,team,1.33,0.813,0.693,0.752,12.0,0.081,Low,Low,rejected,"failed the pipeline's data checks | model 12 pp above the market — data fault, not edge",,0.7,miss,0-2,2026-10-10
2026-10-10,2026-10-10 00:09,2026-10-10,2026-10-10 03:00,Argentina,Federal A: Promotion Play-off,Juventud Antoniana,Huracan Las Heras,O15,Over 1.5 goals,goals,1.61,0.753,0.577,0.621,17.6,0.213,Low,Low,rejected,"failed the pipeline's data checks | model 18 pp above the market — data fault, not edge",,0.63,hit,3-0,2026-10-10
2026-10-10,2026-10-10 00:09,2026-10-10,2026-10-10 03:00,International Friendlies,Women's Friendlies,Mexico W,Jamaica W,O05,Over 0.5 goals,goals,,0.949,,,,,Low,N/A,rejected,failed the pipeline's data checks | odds N/A (not priced by Sportybet),,0.352,hit,3-4,2026-10-10
2026-10-10,2026-10-10 00:09,2026-10-10,2026-10-10 03:00,Mexico,Liga de Expansion MX: Apertura,CD Tepatitlan de Morelos,Atlético Morelia,H,CD Tepatitlan de Morelos to win,result,5.75,0.189,0.148,0.174,4.0,0.084,High,High,rejected,probability 19% below the 60% bar for result,,0.581,miss,1-1,2026-10-10
2026-10-10,2026-10-10 00:09,2026-10-10,2026-10-10 03:10,Colombia,Primera A: Clausura,Once Caldas,Llaneros FC,A,Llaneros FC to win,result,5.75,0.225,0.152,0.174,7.3,0.295,High,High,rejected,probability 23% below the 60% bar for result,,0.762,miss,1-0,2026-10-10
2026-10-10,2026-10-10 00:09,2026-10-10,2026-10-10 03:30,International Friendlies,Women's Friendlies,El Salvador W,Paraguay W,O05,Over 0.5 goals,goals,,0.973,,,,,Low,N/A,rejected,failed the pipeline's data checks | odds N/A (not priced by Sportybet),,0.329,hit,1-5,2026-10-10
2026-10-10,2026-10-10 00:09,2026-10-10,2026-10-10 03:30,New Zealand,National League Championship,Wellington Phoenix B,Birkenhead United,O05,Over 0.5 goals,goals,,0.961,,,,,Medium,N/A,rejected,failed the pipeline's data checks | odds N/A (not priced by Sportybet),,0.386,hit,0-1,2026-10-10
2026-10-10,2026-10-10 00:09,2026-10-10,2026-10-10 04:00,Costa Rica,Liga de Ascenso: Apertura: Group B,Deportiva Carmelita,Guadalupe FC,O05,Over 0.5 goals,goals,,0.947,,,,,High,N/A,rejected,odds N/A (not priced by Sportybet),,0.45,hit,0-2,2026-10-10
2026-10-10,2026-10-10 00:09,2026-10-10,2026-10-10 04:00,Costa Rica,Primera División: Apertura,Sporting FC,C.S. Cartagines,HO05,Sporting FC over 0.5 goals,team,1.26,0.782,0.735,0.794,4.7,-0.014,High,High,rejected,price too short for the probability (EV -1.4%),,0.412,hit,3-1,2026-10-10
2026-10-10,2026-10-10 00:09,2026-10-10,2026-10-10 04:00,New Zealand,National League Championship,Auckland City FC,Wellington Olympic,O15,Over 1.5 goals,goals,1.13,0.862,0.809,0.885,5.2,-0.026,Medium,Medium,rejected,failed the pipeline's data checks | odds 1.13 at or below 1.14 | price too short for the probability (EV -2.6%),,0.442,hit,2-2,2026-10-10
2026-10-10,2026-10-10 00:09,2026-10-10,2026-10-10 05:00,Mexico,Liga MX: Apertura,Tigres,Toluca,KU55,Under 5.5 cards,cards,1.7,0.771,0.547,0.588,22.4,0.31,High,N/A,rejected,"model 22 pp above the market — data fault, not edge",,0.876,miss,3-2,2026-10-10
2026-10-10,2026-10-10 00:09,2026-10-10,2026-10-10 05:00,New Zealand,National League Championship,Ferrymead Bays,Miramar Rangers,1X,Ferrymead Bays or draw,dc,1.53,0.718,0.58,0.654,13.9,0.099,Low,Low,rejected,"failed the pipeline's data checks | model 14 pp above the market — data fault, not edge",,0.702,miss,1-4,2026-10-10
2026-10-10,2026-10-10 00:09,2026-10-10,2026-10-10 07:00,Japan,J3 League,Nara Club,Giravanz Kitakyushu,A,Giravanz Kitakyushu to win,result,3.33,0.313,0.272,0.3,4.1,0.042,High,High,rejected,probability 31% below the 60% bar for result,,0.524,miss,2-0,2026-10-10
2026-10-10,2026-10-10 00:09,2026-10-10,2026-10-10 07:00,Republic of Korea,K League 2,Jeonnam Dragons,Yongin FC,U45,Under 4.5 goals,goals,1.12,0.866,0.82,0.893,4.6,-0.031,High,N/A,rejected,odds 1.12 at or below 1.14 | price too short for the probability (EV -3.1%),,0.478,hit,2-1,2026-10-10
2026-10-10,2026-10-10 00:09,2026-10-10,2026-10-10 07:00,Republic of Korea,K League 2,Paju Citizens,Busan I'Park,U55,Under 5.5 goals,goals,,0.964,,,,,High,N/A,rejected,odds N/A (not priced by Sportybet),,0.458,hit,1-1,2026-10-10
2026-10-10,2026-10-10 00:09,2026-10-10,2026-10-10 07:00,Republic of Korea,K3 League,Busan Transport Corp,Yeoju Sejong,HO05,Busan Transport Corp over 0.5 goals,team,1.19,0.811,0.766,0.84,4.5,-0.035,High,High,rejected,price too short for the probability (EV -3.5%),,0.439,hit,2-1,2026-10-10
2026-10-10,2026-10-10 00:09,2026-10-10,2026-10-10 07:00,Republic of Korea,K3 League,Changwon City,Pocheon Citizens FC,AO05,Pocheon Citizens FC over 0.5 goals,team,1.24,0.773,0.733,0.806,4.1,-0.041,High,High,rejected,price too short for the probability (EV -4.1%),,0.427,hit,1-3,2026-10-10
2026-10-10,2026-10-10 00:09,2026-10-10,2026-10-10 07:00,Republic of Korea,K3 League,Chuncheon FC,Jeonbuk Hyundai Motors FC Reserves,O05,Over 0.5 goals,goals,,0.953,,,,,High,N/A,rejected,odds N/A (not priced by Sportybet),,0.461,hit,3-2,2026-10-10
2026-10-10,2026-10-10 00:09,2026-10-10,2026-10-10 09:00,Japan,J3 League,Fukushima United,MIO Biwako Shiga,KU55,Under 5.5 cards,cards,,0.954,,,,,High,N/A,rejected,odds N/A (not priced by Sportybet),,0.446,hit,2-2,2026-10-10
2026-10-10,2026-10-10 00:09,2026-10-10,2026-10-10 09:30,Republic of Korea,K League 2,Cheonan City,Gyeongnam FC,A,Gyeongnam FC to win,result,2.8,0.412,0.325,0.357,8.7,0.155,High,High,rejected,probability 41% below the 60% bar for result,,0.77,miss,1-0,2026-10-10
2026-10-10,2026-10-10 00:09,2026-10-10,2026-10-10 10:00,Hong Kong,Premier League,Kitchee,Hong Kong FC,H,Kitchee to win,result,1.12,0.854,0.875,0.893,-2.1,-0.043,High,High,rejected,odds 1.12 at or below 1.14 | price too short for the probability (EV -4.3%),,0.455,hit,4-0,2026-10-10
2026-10-10,2026-10-10 00:09,2026-10-10,2026-10-10 10:00,Romania,Liga II,CS Gloria Bistrita,Ramnicu Valcea,O15,Over 1.5 goals,goals,1.24,0.796,0.738,0.806,5.8,-0.013,Medium,Medium,rejected,price too short for the probability (EV -1.3%),,0.408,miss,1-0,2026-10-10
2026-10-10,2026-10-10 00:09,2026-10-10,2026-10-10 10:00,Romania,Liga II,Cetatea Suceava,CSC Dumbravita,O15,Over 1.5 goals,goals,1.17,0.826,0.784,0.855,4.2,-0.034,Medium,Medium,rejected,price too short for the probability (EV -3.4%),,0.361,hit,3-1,2026-10-10
2026-10-10,2026-10-10 00:09,2026-10-10,2026-10-10 10:00,Romania,Liga II,Chindia Targoviste,Concordia Chiajna,HO05,Chindia Targoviste over 0.5 goals,team,1.14,0.842,0.798,0.877,4.5,-0.04,High,High,rejected,odds 1.14 at or below 1.14 | price too short for the probability (EV -4.0%),,0.447,hit,3-2,2026-10-10
2026-10-10,2026-10-10 00:09,2026-10-10,2026-10-10 10:00,Romania,Liga II,Comunal Selimbar,FC Unirea 2004 Slobozia,U55,Under 5.5 goals,goals,,0.938,,,,,Medium,N/A,rejected,odds N/A (not priced by Sportybet),,0.413,hit,0-1,2026-10-10
2026-10-10,2026-10-10 00:09,2026-10-10,2026-10-10 10:00,Women's Euro U19,Qualification Round 1: Group B2,Bulgaria U19 W,Armenia Women U19,O05,Over 0.5 goals,goals,,0.955,,,,,Low,N/A,rejected,failed the pipeline's data checks | odds N/A (not priced by Sportybet),,0.359,hit,10-0,2026-10-10
2026-10-10,2026-10-10 00:09,2026-10-10,2026-10-10 10:30,Indonesia,Super League,Arema FC,Bhayangkara FC,HO15,Arema FC over 1.5 goals,team,2.0,0.51,0.461,0.5,4.9,0.02,High,High,rejected,probability 51% below the 70% bar for team,,0.487,hit,2-2,2026-10-10
2026-10-10,2026-10-10 00:09,2026-10-10,2026-10-10 10:30,Indonesia,Super League,PSIM Yogyakarta,Persija Jakarta,H,PSIM Yogyakarta to win,result,4.75,0.227,0.186,0.211,4.1,0.079,High,High,rejected,probability 23% below the 60% bar for result,,0.57,miss,0-4,2026-10-10
2026-10-10,2026-10-10 00:09,2026-10-10,2026-10-10 10:30,Indonesia,Super League,Persita Tangerang,Garudayaksa FC,H,Persita Tangerang to win,result,2.25,0.499,0.421,0.444,7.8,0.122,Low,Low,rejected,failed the pipeline's data checks | probability 50% below the 60% bar for result,,0.673,hit,2-1,2026-10-10
2026-10-10,2026-10-10 00:09,2026-10-10,2026-10-10 10:35,Australia,Australia Cup,South Melbourne,Melbourne Victory,O05,Over 0.5 goals,goals,,0.949,,,,,Low,N/A,rejected,failed the pipeline's data checks | odds N/A (not priced by Sportybet),,0.373,hit,1-1,2026-10-10
2026-10-10,2026-10-10 00:09,2026-10-10,2026-10-10 11:00,Italy,Campionato Primavera 1,Cesena FC U20,Torino U20,O05,Over 0.5 goals,goals,,0.943,,,,,High,N/A,rejected,odds N/A (not priced by Sportybet),,0.446,hit,2-1,2026-10-10
2026-10-10,2026-10-10 00:09,2026-10-10,2026-10-10 11:00,Italy,Campionato Primavera 1,Inter U20,Como U20,O05,Over 0.5 goals,goals,,0.952,,,,,Medium,N/A,rejected,odds N/A (not priced by Sportybet),,0.401,hit,2-2,2026-10-10
2026-10-10,2026-10-10 00:09,2026-10-10,2026-10-10 11:00,Japan,J2 League,Jubilo Iwata,Consadole Sapporo,HO05,Jubilo Iwata over 0.5 goals,team,1.15,0.853,0.803,0.87,5.0,-0.019,High,High,rejected,price too short for the probability (EV -1.9%),,0.512,hit,1-0,2026-10-10
2026-10-10,2026-10-10 00:09,2026-10-10,2026-10-10 11:30,Estonia,Esiliiga,Flora Tallinn U21,FC Tallinn,O05,Over 0.5 goals,goals,,0.974,,,,,High,N/A,rejected,odds N/A (not priced by Sportybet),,0.452,hit,1-2,2026-10-10
2026-10-10,2026-10-10 00:09,2026-10-10,2026-10-10 12:00,Croatia,Prva NL,HNK Orijent 1919,Dubrava Zagreb,U55,Under 5.5 goals,goals,,0.965,,,,,High,N/A,rejected,odds N/A (not priced by Sportybet),,0.473,hit,2-1,2026-10-10
2026-10-10,2026-10-10 00:09,2026-10-10,2026-10-10 12:00,Denmark,Danmarksserien: Group 1,GVI,FC Sydkysten,O05,Over 0.5 goals,goals,,0.953,,,,,High,N/A,rejected,odds N/A (not priced by Sportybet),,0.446,hit,0-1,2026-10-10
2026-10-10,2026-10-10 00:09,2026-10-10,2026-10-10 12:00,Denmark,Danmarksserien: Group 1,Ledoeje-Smoerum Fodbold,Espergaerde IF,O05,Over 0.5 goals,goals,,0.958,,,,,High,N/A,rejected,odds N/A (not priced by Sportybet),,0.467,hit,1-1,2026-10-10
2026-10-10,2026-10-10 00:09,2026-10-10,2026-10-10 12:00,Denmark,Danmarksserien: Group 1,Skjold,Skovshoved,O05,Over 0.5 goals,goals,,0.95,,,,,High,N/A,rejected,odds N/A (not priced by Sportybet),,0.44,hit,0-4,2026-10-10
2026-10-10,2026-10-10 00:09,2026-10-10,2026-10-10 12:00,Denmark,Danmarksserien: Group 2,Glostrup FK,FC Gladsaxe,O05,Over 0.5 goals,goals,,0.979,,,,,High,N/A,rejected,odds N/A (not priced by Sportybet),,0.434,hit,2-1,2026-10-10
2026-10-10,2026-10-10 00:09,2026-10-10,2026-10-10 12:00,Denmark,Danmarksserien: Group 2,Saaby Fodbold,Alleroed FK,O05,Over 0.5 goals,goals,,0.976,,,,,High,N/A,rejected,odds N/A (not priced by Sportybet),,0.44,hit,3-2,2026-10-10
2026-10-10,2026-10-10 00:09,2026-10-10,2026-10-10 12:00,Kazakhstan,Premier League,Irtysh Pavlodar,FC Kyzylzhar Petropavlovsk,HO05,Irtysh Pavlodar over 0.5 goals,team,1.22,0.787,0.757,0.82,3.0,-0.04,High,High,rejected,price too short for the probability (EV -4.0%),,0.364,miss,0-2,2026-10-10
2026-10-10,2026-10-10 00:09,2026-10-10,2026-10-10 12:00,North Macedonia,1st League,GFK Tikves Kavadarci,FK Bregalnica Stip,O05,Over 0.5 goals,goals,,0.956,,,,,Medium,N/A,rejected,odds N/A (not priced by Sportybet),,0.395,hit,3-0,2026-10-10
2026-10-10,2026-10-10 00:09,2026-10-10,2026-10-10 12:00,Republic of Korea,K3 League,Daejeon Korail,Dangjin Citizen,HO05,Daejeon Korail over 0.5 goals,team,1.15,0.838,0.789,0.87,4.9,-0.036,High,High,rejected,price too short for the probability (EV -3.6%),,0.471,miss,0-1,2026-10-10
2026-10-10,2026-10-10 00:09,2026-10-10,2026-10-10 12:00,Ukraine,Premier League,Chornomorets Odesa,FC Kharkiv,HU15,Chornomorets Odesa under 1.5 goals,team,1.14,0.843,0.808,0.877,3.5,-0.039,Medium,Medium,rejected,odds 1.14 at or below 1.14 | price too short for the probability (EV -3.9%),,0.448,hit,1-2,2026-10-10
2026-10-10,2026-10-10 00:09,2026-10-10,2026-10-10 12:00,Ukraine,Premier League,FC Kolos Kovalivka,Epicentr Kamianets-Podilskyi,A,Epicentr Kamianets-Podilskyi to win,result,3.5,0.314,0.264,0.286,5.0,0.1,High,High,rejected,probability 31% below the 60% bar for result,,0.666,miss,3-1,2026-10-10
2026-10-10,2026-10-10 00:09,2026-10-10,2026-10-10 12:00,Women's Euro U17,Qualification Round 1: Group A6,Finland U17 W,Romania Women U17,O05,Over 0.5 goals,goals,,0.968,,,,,Low,N/A,rejected,failed the pipeline's data checks | odds N/A (not priced by Sportybet),,0.365,hit,4-0,2026-10-10
2026-10-10,2026-10-10 00:09,2026-10-10,2026-10-10 12:30,Denmark,Ligaen U19,HB Koege U19,AGF U19,O05,Over 0.5 goals,goals,,0.963,,,,,Low,N/A,rejected,failed the pipeline's data checks | odds N/A (not priced by Sportybet),,0.362,hit,0-5,2026-10-10
2026-10-10,2026-10-10 00:09,2026-10-10,2026-10-10 12:30,Denmark,Ligaen U19,OB U19,SoenderjyskE U19,O05,Over 0.5 goals,goals,,0.965,,,,,High,N/A,rejected,odds N/A (not priced by Sportybet),,0.464,hit,3-3,2026-10-10
2026-10-10,2026-10-10 00:09,2026-10-10,2026-10-10 12:30,Sweden,Division 2: Norra Svealand,Falu,FC Gute,O15,Over 1.5 goals,goals,1.19,0.829,0.771,0.84,5.9,-0.013,High,High,rejected,price too short for the probability (EV -1.3%),,0.51,hit,3-0,2026-10-10
2026-10-10,2026-10-10 00:09,2026-10-10,2026-10-10 12:30,Turkey,Süper Lig,Genclerbirligi,Amedspor,O05,Over 0.5 goals,goals,,0.934,,,,,Medium,N/A,rejected,odds N/A (not priced by Sportybet),,0.407,hit,2-2,2026-10-10
2026-10-10,2026-10-10 00:09,2026-10-10,2026-10-10 12:30,Turkiye,1st Lig,Boluspor,Antalyaspor,HO05,Boluspor over 0.5 goals,team,1.54,0.767,0.604,0.649,16.3,0.182,High,High,rejected,"model 16 pp above the market — data fault, not edge",,0.803,miss,0-1,2026-10-10
2026-10-10,2026-10-10 00:09,2026-10-10,2026-10-10 13:00,China,League One,Dalian Kuncheng City,Changchun Yatai,U45,Under 4.5 goals,goals,1.13,0.85,0.813,0.885,3.7,-0.04,High,N/A,rejected,odds 1.13 at or below 1.14 | price too short for the probability (EV -4.0%),,0.432,hit,1-1,2026-10-10
2026-10-10,2026-10-10 00:09,2026-10-10,2026-10-10 13:00,Denmark,1st Division,Hilleroed,Fredericia,U55,Under 5.5 goals,goals,,0.937,,,,,High,N/A,rejected,odds N/A (not priced by Sportybet),,0.439,hit,0-2,2026-10-10
2026-10-10,2026-10-10 00:09,2026-10-10,2026-10-10 13:00,Denmark,3rd Division,Ringsted,Hoersholm Usseroed IK,H,Ringsted to win,result,3.2,0.348,0.278,0.312,7.0,0.114,High,High,rejected,probability 35% below the 60% bar for result,,0.694,miss,2-4,2026-10-10
2026-10-10,2026-10-10 00:09,2026-10-10,2026-10-10 13:00,Denmark,Danmarksserien: Group 1,Nakskov,Frederikssund IK,O05,Over 0.5 goals,goals,,0.955,,,,,High,N/A,rejected,odds N/A (not priced by Sportybet),,0.443,hit,1-2,2026-10-10
2026-10-10,2026-10-10 00:09,2026-10-10,2026-10-10 13:00,Denmark,Danmarksserien: Group 3,Aarhus Fremad II,Horsens fS,O05,Over 0.5 goals,goals,,0.981,,,,,High,N/A,rejected,odds N/A (not priced by Sportybet),,0.44,hit,2-1,2026-10-10
2026-10-10,2026-10-10 00:09,2026-10-10,2026-10-10 13:00,Denmark,Danmarksserien: Group 3,Odder IGF,B 1913,O05,Over 0.5 goals,goals,,0.975,,,,,Medium,N/A,rejected,odds N/A (not priced by Sportybet),,0.386,miss,0-0,2026-10-10
2026-10-10,2026-10-10 00:09,2026-10-10,2026-10-10 13:00,Denmark,Danmarksserien: Group 3,Tarup-Paarup,Kolding B,O05,Over 0.5 goals,goals,,0.972,,,,,High,N/A,rejected,odds N/A (not priced by Sportybet),,0.431,hit,1-3,2026-10-10
2026-10-10,2026-10-10 00:09,2026-10-10,2026-10-10 13:00,Denmark,Danmarksserien: Group 4,Viby IF,Noerresundby,O05,Over 0.5 goals,goals,,0.967,,,,,High,N/A,rejected,odds N/A (not priced by Sportybet),,0.461,hit,1-2,2026-10-10
2026-10-10,2026-10-10 00:09,2026-10-10,2026-10-10 13:00,Denmark,Ligaen U19,AC Horsens U19,Silkeborg U19,O05,Over 0.5 goals,goals,,0.969,,,,,High,N/A,rejected,odds N/A (not priced by Sportybet),,0.452,hit,1-3,2026-10-10
2026-10-10,2026-10-10 00:09,2026-10-10,2026-10-10 13:00,Denmark,Ligaen U19,AaB U19,FC Midtjylland U19,O05,Over 0.5 goals,goals,,0.972,,,,,High,N/A,rejected,odds N/A (not priced by Sportybet),,0.452,hit,0-4,2026-10-10
2026-10-10,2026-10-10 00:09,2026-10-10,2026-10-10 13:00,Denmark,Ligaen U19,FC Copenhagen U19,Viborg U19,O05,Over 0.5 goals,goals,,0.968,,,,,Low,N/A,rejected,failed the pipeline's data checks | odds N/A (not priced by Sportybet),,0.32,hit,6-1,2026-10-10
2026-10-10,2026-10-10 00:09,2026-10-10,2026-10-10 13:00,Denmark,Ligaen U19,Randers Freja U19,Lyngby U19,O05,Over 0.5 goals,goals,,0.964,,,,,High,N/A,rejected,odds N/A (not priced by Sportybet),,0.452,hit,5-0,2026-10-10
2026-10-10,2026-10-10 00:09,2026-10-10,2026-10-10 13:00,Finland,Ykkonen: Championship,PK Keski-Uusimaa,SalPa,1X,PK Keski-Uusimaa or draw,dc,1.67,0.729,0.517,0.599,21.2,0.217,Medium,Medium,rejected,"failed the pipeline's data checks | model 21 pp above the market — data fault, not edge",,0.691,miss,0-4,2026-10-10
2026-10-10,2026-10-10 00:09,2026-10-10,2026-10-10 13:00,Germany,Oberliga NOFV Nord 25/26,Eintracht Mahlsdorf,TSG Neustrelitz,O05,Over 0.5 goals,goals,,0.955,,,,,High,N/A,rejected,odds N/A (not priced by Sportybet),,0.455,hit,2-1,2026-10-10
2026-10-10,2026-10-10 00:09,2026-10-10,2026-10-10 13:00,Germany,Oberliga NOFV Nord 25/26,SV Lichtenberg 47,FC Anker Wismar,O05,Over 0.5 goals,goals,,0.965,,,,,High,N/A,rejected,odds N/A (not priced by Sportybet),,0.446,hit,1-3,2026-10-10
2026-10-10,2026-10-10 00:09,2026-10-10,2026-10-10 13:00,Germany,Oberliga: Baden-Wurttemberg,TSV Essingen,Reutlingen,O05,Over 0.5 goals,goals,,0.957,,,,,High,N/A,rejected,odds N/A (not priced by Sportybet),,0.461,hit,3-1,2026-10-10
2026-10-10,2026-10-10 00:09,2026-10-10,2026-10-10 13:00,Germany,Oberliga: Bremen,Brinkumer SV,Werder Bremen III,O05,Over 0.5 goals,goals,,0.988,,,,,High,N/A,rejected,odds N/A (not priced by Sportybet),,0.446,hit,4-0,2026-10-10
2026-10-10,2026-10-10 00:09,2026-10-10,2026-10-10 13:00,Germany,Oberliga: Bremen,FC Union 60,Blumenthaler SV,O05,Over 0.5 goals,goals,,0.986,,,,,High,N/A,rejected,odds N/A (not priced by Sportybet),,0.461,hit,1-3,2026-10-10
2026-10-10,2026-10-10 00:09,2026-10-10,2026-10-10 13:00,Germany,Oberliga: Hamburg,TuS Dassendorf,Victoria Hamburg,O05,Over 0.5 goals,goals,,0.973,,,,,High,N/A,rejected,odds N/A (not priced by Sportybet),,0.461,hit,1-2,2026-10-10
2026-10-10,2026-10-10 00:09,2026-10-10,2026-10-10 13:00,Germany,Oberliga: NOFV-Sud,FC Eilenburg,Einheit Wernigerode,O05,Over 0.5 goals,goals,,0.965,,,,,Medium,N/A,rejected,odds N/A (not priced by Sportybet),,0.422,hit,6-0,2026-10-10
2026-10-10,2026-10-10 00:09,2026-10-10,2026-10-10 13:00,Hungary,NB II,Kazincbarcika SC,Karcag SE,AO05,Karcag SE over 0.5 goals,team,1.48,0.766,0.623,0.676,14.2,0.133,Medium,Medium,rejected,"model 14 pp above the market — data fault, not edge",,0.742,miss,3-0,2026-10-10
2026-10-10,2026-10-10 00:09,2026-10-10,2026-10-10 13:00,Italy,Campionato Primavera 1,Atalanta U20,AC Milan U20,U55,Under 5.5 goals,goals,,0.936,,,,,High,N/A,rejected,odds N/A (not priced by Sportybet),,0.447,hit,2-0,2026-10-10
2026-10-10,2026-10-10 00:09,2026-10-10,2026-10-10 13:00,Kenya,Premier League,Mathare United,APS Bomett,A,APS Bomett to win,result,2.7,0.387,0.344,0.37,4.4,0.046,High,High,rejected,probability 39% below the 60% bar for result,,0.494,miss,0-0,2026-10-10
2026-10-10,2026-10-10 00:09,2026-10-10,2026-10-10 13:00,Norway,3. Division: Group 1,IF Ready Football,Union Carl Berner,A,Union Carl Berner to win,result,3.0,0.353,0.298,0.333,5.5,0.06,High,High,rejected,probability 35% below the 60% bar for result,,0.58,miss,4-0,2026-10-10
2026-10-10,2026-10-10 00:09,2026-10-10,2026-10-10 13:00,Sweden,2.Division Norrland: Promotion Group,IFK Luleaa,Gottne IF,U55,Under 5.5 goals,goals,1.14,0.86,0.806,0.877,5.3,-0.02,High,N/A,rejected,odds 1.14 at or below 1.14 | price too short for the probability (EV -2.0%),,0.47,hit,3-1,2026-10-10
2026-10-10,2026-10-10 00:09,2026-10-10,2026-10-10 13:00,Sweden,2.Division Norrland: Promotion Group,Kubikenborgs IF,IFK Oestersund,HO15,Kubikenborgs IF over 1.5 goals,team,1.6,0.621,0.568,0.625,5.4,-0.006,High,High,rejected,probability 62% below the 70% bar for team | price too short for the probability (EV -0.6%),,0.465,hit,2-0,2026-10-10
2026-10-10,2026-10-10 00:09,2026-10-10,2026-10-10 13:00,Sweden,Division 1: North,Karlbergs BK,Vasalunds,H,Karlbergs BK to win,result,2.6,0.411,0.358,0.385,5.3,0.069,High,High,rejected,probability 41% below the 60% bar for result,,0.595,miss,3-3,2026-10-10
2026-10-10,2026-10-10 00:09,2026-10-10,2026-10-10 13:00,Sweden,Division 1: South,Trelleborgs FF,Kristianstad FC,A,Kristianstad FC to win,result,6.75,0.203,0.122,0.148,8.1,0.369,High,High,rejected,probability 20% below the 60% bar for result,,0.755,miss,2-0,2026-10-10
2026-10-10,2026-10-10 00:09,2026-10-10,2026-10-10 13:00,Sweden,Division 2: Soedra Goetaland,Soelvesborgs GOIF,Lilla Torg FF,A,Lilla Torg FF to win,result,3.5,0.324,0.252,0.286,7.1,0.133,High,High,rejected,probability 32% below the 60% bar for result,,0.728,miss,1-1,2026-10-10
2026-10-10,2026-10-10 00:09,2026-10-10,2026-10-10 13:00,Sweden,Division 2: Soedra Svealand,IF Sylvia,Orebro Syrianska,O05,Over 0.5 goals,goals,,0.949,,,,,High,N/A,rejected,odds N/A (not priced by Sportybet),,0.461,hit,1-2,2026-10-10
2026-10-10,2026-10-10 00:09,2026-10-10,2026-10-10 13:00,Vietnam,V-League,Hai Phong,Dong A Thanh Hoa,U45,Under 4.5 goals,goals,1.15,0.85,0.816,0.87,3.4,-0.022,High,N/A,rejected,price too short for the probability (EV -2.2%),,0.403,hit,1-2,2026-10-10
2026-10-10,2026-10-10 00:09,2026-10-10,2026-10-10 13:00,Vietnam,V-League,Nam Dinh,Ninh Binh FC,H,Nam Dinh to win,result,3.0,0.347,0.305,0.333,4.2,0.04,High,High,rejected,probability 35% below the 60% bar for result,,0.484,miss,1-1,2026-10-10
2026-10-10,2026-10-10 00:09,2026-10-10,2026-10-10 13:00,Women's Euro U17,Qualification Round 1: Group B3,Faroe Islands U17 W,Lithuania U17 W,O05,Over 0.5 goals,goals,,0.947,,,,,Low,N/A,rejected,failed the pipeline's data checks | odds N/A (not priced by Sportybet),,0.351,hit,0-1,2026-10-10
2026-10-10,2026-10-10 00:09,2026-10-10,2026-10-10 13:00,Women's Euro U17,Qualification Round 1: Group B3,Latvia Women U17,Estonia U17 W,O05,Over 0.5 goals,goals,,0.945,,,,,Low,N/A,rejected,failed the pipeline's data checks | odds N/A (not priced by Sportybet),,0.361,hit,4-2,2026-10-10
2026-10-10,2026-10-10 00:09,2026-10-10,2026-10-10 13:00,Women's Euro U19,Qualification Round 1: Group A5,Denmark Women U19,Bosnia and Herzegovina Women U19,O05,Over 0.5 goals,goals,,0.952,,,,,Low,N/A,rejected,failed the pipeline's data checks | odds N/A (not priced by Sportybet),,0.359,hit,4-1,2026-10-10
2026-10-10,2026-10-10 00:09,2026-10-10,2026-10-10 13:00,Women's Euro U19,Qualification Round 1: Group A5,Switzerland U19 W,England U19 W,O05,Over 0.5 goals,goals,,0.951,,,,,Low,N/A,rejected,failed the pipeline's data checks | odds N/A (not priced by Sportybet),,0.359,hit,2-2,2026-10-10
2026-10-10,2026-10-10 00:09,2026-10-10,2026-10-10 13:15,Denmark,Danmarksserien: Group 2,Fredensborg BI,KFUM Roskilde,H,Fredensborg BI to win,result,,0.852,,,,,Medium,Medium,rejected,odds N/A (not priced by Sportybet),,0.407,hit,4-0,2026-10-10
2026-10-10,2026-10-10 00:09,2026-10-10,2026-10-10 13:15,Lithuania,A Lyga,Zalgiris Vilnius,Suduva,A,Suduva to win,result,3.0,0.367,0.304,0.333,6.3,0.1,High,High,rejected,probability 37% below the 60% bar for result,,0.693,miss,4-0,2026-10-10
2026-10-10,2026-10-10 00:09,2026-10-10,2026-10-10 13:30,Denmark,1st Division,Esbjerg fB,AaB,O05,Over 0.5 goals,goals,,0.936,,,,,High,N/A,rejected,odds N/A (not priced by Sportybet),,0.456,hit,3-3,2026-10-10
2026-10-10,2026-10-10 00:09,2026-10-10,2026-10-10 13:30,Denmark,Danmarksserien: Group 3,Marienlyst,Esbjerg fB II,O05,Over 0.5 goals,goals,,0.972,,,,,High,N/A,rejected,odds N/A (not priced by Sportybet),,0.461,hit,6-1,2026-10-10
2026-10-10,2026-10-10 00:09,2026-10-10,2026-10-10 13:30,Denmark,Danmarksserien: Group 4,IF Lyseng,Hobro II,O05,Over 0.5 goals,goals,,0.95,,,,,High,N/A,rejected,odds N/A (not priced by Sportybet),,0.44,hit,0-4,2026-10-10
2026-10-10,2026-10-10 00:09,2026-10-10,2026-10-10 13:30,England,Championship,West Brom,Birmingham,U55,Under 5.5 goals,goals,,0.958,,,,,High,N/A,rejected,odds N/A (not priced by Sportybet),,0.488,pending,,
2026-10-10,2026-10-10 00:09,2026-10-10,2026-10-10 13:30,England,League One,Notts County,Oxford,H,Notts County to win,result,2.5,0.425,0.379,0.4,4.7,0.063,High,High,rejected,probability 43% below the 60% bar for result,,0.547,miss,1-2,2026-10-10
2026-10-10,2026-10-10 00:09,2026-10-10,2026-10-10 13:30,England,League One,Plymouth,AFC Wimbledon,U45,Under 4.5 goals,goals,1.19,0.835,0.794,0.84,4.1,-0.006,High,N/A,rejected,price too short for the probability (EV -0.6%),,0.44,hit,2-1,2026-10-10
2026-10-10,2026-10-10 00:09,2026-10-10,2026-10-10 13:30,England,National League,Carlisle,Kidderminster,AO05,Kidderminster over 0.5 goals,team,1.54,0.732,0.599,0.649,13.3,0.128,High,High,rejected,"model 13 pp above the market — data fault, not edge",,0.787,miss,0-0,2026-10-10
2026-10-10,2026-10-10 00:09,2026-10-10,2026-10-10 13:30,Estonia,Meistriliiga,Nomme Kalju FC,Harju Jalgpallikool,O05,Over 0.5 goals,goals,,0.952,,,,,High,N/A,rejected,odds N/A (not priced by Sportybet),,0.452,hit,0-1,2026-10-10
2026-10-10,2026-10-10 00:09,2026-10-10,2026-10-10 13:30,Georgia,Erovnuli Liga,FC Meshakhte Tkibuli,FC Iberia 1999,U45,Under 4.5 goals,goals,1.12,0.865,0.817,0.893,4.8,-0.031,High,N/A,rejected,odds 1.12 at or below 1.14 | price too short for the probability (EV -3.1%),,0.463,hit,1-2,2026-10-10
2026-10-10,2026-10-10 00:09,2026-10-10,2026-10-10 13:30,Georgia,Erovnuli Liga 2,Odishi 1919,FC Gareji 1960,O05,Over 0.5 goals,goals,,0.936,,,,,Low,N/A,rejected,failed the pipeline's data checks | odds N/A (not priced by Sportybet),,0.294,hit,1-0,2026-10-10
2026-10-10,2026-10-10 00:09,2026-10-10,2026-10-10 13:30,India,Super League,Bengaluru FC,Hyderabad FC,U55,Under 5.5 goals,goals,,0.949,,,,,Medium,N/A,rejected,odds N/A (not priced by Sportybet),,0.412,hit,3-2,2026-10-10
2026-10-10,2026-10-10 00:09,2026-10-10,2026-10-10 13:30,Turkiye,2nd Lig: White Group,Sebat Genclik Spor,68 Aksaray Belediyespor,AO05,68 Aksaray Belediyespor over 0.5 goals,team,1.36,0.811,0.669,0.735,14.2,0.103,Low,Low,rejected,"failed the pipeline's data checks | model 14 pp above the market — data fault, not edge",,0.763,hit,1-1,2026-10-10
2026-10-10,2026-10-10 00:09,2026-10-10,2026-10-10 13:35,China,Super League,Shanghai Shenhua,Yunnan Yukun,U55,Under 5.5 goals,goals,1.32,0.848,0.726,0.758,12.2,0.119,High,N/A,rejected,"model 12 pp above the market — data fault, not edge",,0.867,miss,7-1,2026-10-10
2026-10-10,2026-10-10 00:09,2026-10-10,2026-10-10 13:45,Greece,Super League 2,Panserraikos FC,Nestos Chrysoupoli FC,A,Nestos Chrysoupoli FC to win,result,7.0,0.227,0.112,0.143,11.5,0.586,Medium,Medium,rejected,probability 23% below the 60% bar for result,,0.707,miss,2-1,2026-10-10
2026-10-10,2026-10-10 00:09,2026-10-10,2026-10-10 14:00,Armenia,Premier League,Van,Gandzasar,H,Van to win,result,2.75,0.395,0.338,0.364,5.7,0.086,High,High,rejected,probability 39% below the 60% bar for result,,0.636,hit,2-0,2026-10-10
2026-10-10,2026-10-10 00:09,2026-10-10,2026-10-10 14:00,Belarus,Premier League,Naftan Novopolotsk,Belshina Bobruisk,U55,Under 5.5 goals,goals,,0.948,,,,,High,N/A,rejected,odds N/A (not priced by Sportybet),,0.454,hit,4-1,2026-10-10
2026-10-10,2026-10-10 00:09,2026-10-10,2026-10-10 14:00,Bulgaria,Parva Liga,Botev Vratsa,Spartak Varna,A,Spartak Varna to win,result,4.25,0.254,0.21,0.235,4.5,0.08,High,High,rejected,probability 25% below the 60% bar for result,,0.594,hit,0-1,2026-10-10
2026-10-10,2026-10-10 00:09,2026-10-10,2026-10-10 14:00,Denmark,2nd Division,Brabrand,Fremad Amager,H,Brabrand to win,result,2.6,0.432,0.352,0.385,7.9,0.122,High,High,rejected,probability 43% below the 60% bar for result,,0.763,hit,1-0,2026-10-10
2026-10-10,2026-10-10 00:09,2026-10-10,2026-10-10 14:00,Denmark,2nd Division,HIK,Thisted,A,Thisted to win,result,3.1,0.357,0.285,0.323,7.2,0.107,High,High,rejected,probability 36% below the 60% bar for result,,0.735,miss,1-1,2026-10-10
2026-10-10,2026-10-10 00:09,2026-10-10,2026-10-10 14:00,Denmark,3rd Division,Frem,Naesby,U45,Under 4.5 goals,goals,1.24,0.794,0.738,0.806,5.5,-0.016,High,N/A,rejected,price too short for the probability (EV -1.6%),,0.439,hit,2-0,2026-10-10
2026-10-10,2026-10-10 00:09,2026-10-10,2026-10-10 14:00,Denmark,3rd Division,Vanloese,Holbaek,O05,Over 0.5 goals,goals,,0.952,,,,,High,N/A,rejected,odds N/A (not priced by Sportybet),,0.467,miss,0-0,2026-10-10
2026-10-10,2026-10-10 00:09,2026-10-10,2026-10-10 14:00,Denmark,Danmarksserien: Group 1,NB Bornholm,Avarta,O05,Over 0.5 goals,goals,,0.955,,,,,High,N/A,rejected,odds N/A (not priced by Sportybet),,0.437,hit,2-2,2026-10-10
2026-10-10,2026-10-10 00:09,2026-10-10,2026-10-10 14:00,Denmark,Danmarksserien: Group 2,Herlev,Taarnby FF,O05,Over 0.5 goals,goals,,0.976,,,,,High,N/A,rejected,odds N/A (not priced by Sportybet),,0.434,hit,2-1,2026-10-10
2026-10-10,2026-10-10 00:09,2026-10-10,2026-10-10 14:00,Denmark,Danmarksserien: Group 2,Nerashte Ballerup,Goerslev IF,O05,Over 0.5 goals,goals,,0.982,,,,,High,N/A,rejected,odds N/A (not priced by Sportybet),,0.431,hit,5-1,2026-10-10
2026-10-10,2026-10-10 00:09,2026-10-10,2026-10-10 14:00,Denmark,Danmarksserien: Group 3,Oure FA,OKS,O05,Over 0.5 goals,goals,,0.97,,,,,High,N/A,rejected,odds N/A (not priced by Sportybet),,0.461,hit,3-0,2026-10-10
2026-10-10,2026-10-10 00:09,2026-10-10,2026-10-10 14:00,Denmark,Danmarksserien: Group 4,Skovsgaard B,VRI,O05,Over 0.5 goals,goals,,0.953,,,,,Medium,N/A,rejected,odds N/A (not priced by Sportybet),,0.413,hit,1-4,2026-10-10
2026-10-10,2026-10-10 00:09,2026-10-10,2026-10-10 14:00,Finland,Ykkonen: Championship,OLS,Tampere United,O05,Over 0.5 goals,goals,,0.972,,,,,Medium,N/A,rejected,failed the pipeline's data checks | odds N/A (not priced by Sportybet),,0.38,hit,0-1,2026-10-10
2026-10-10,2026-10-10 00:09,2026-10-10,2026-10-10 14:00,Finland,Ykkonen: Relegation,KuPS Akatemia,VJS,U55,Under 5.5 goals,goals,1.2,0.893,0.765,0.833,12.8,0.071,Low,N/A,rejected,"failed the pipeline's data checks | model 13 pp above the market — data fault, not edge",,0.765,hit,1-2,2026-10-10
2026-10-10,2026-10-10 00:09,2026-10-10,2026-10-10 14:00,Germany,3. Liga,Fortuna Cologne,1. FC Saarbrucken,HO05,Fortuna Cologne over 0.5 goals,team,1.29,0.852,0.725,0.775,12.7,0.1,High,High,rejected,"model 13 pp above the market — data fault, not edge",,0.87,miss,0-0,2026-10-10
2026-10-10,2026-10-10 00:09,2026-10-10,2026-10-10 14:00,Germany,3. Liga,Jahn Regensburg,TSV Havelse,A,TSV Havelse to win,result,4.5,0.245,0.201,0.222,4.4,0.101,High,High,rejected,probability 24% below the 60% bar for result,,0.624,miss,5-0,2026-10-10
2026-10-10,2026-10-10 00:09,2026-10-10,2026-10-10 14:00,Germany,Oberliga NOFV Nord 25/26,Fuechse Berlin Reinickendorf,1. FC Lok Stendal,O05,Over 0.5 goals,goals,,0.958,,,,,Medium,N/A,rejected,odds N/A (not priced by Sportybet),,0.38,hit,2-1,2026-10-10
2026-10-10,2026-10-10 00:09,2026-10-10,2026-10-10 14:00,Germany,Oberliga NOFV Nord 25/26,Optik Rathenow,TuS Makkabi Berlin,O05,Over 0.5 goals,goals,,0.959,,,,,High,N/A,rejected,odds N/A (not priced by Sportybet),,0.461,hit,0-1,2026-10-10
2026-10-10,2026-10-10 00:09,2026-10-10,2026-10-10 14:00,Germany,Oberliga NOFV Nord 25/26,SV Siedenbollentin,TeBe Berlin,O05,Over 0.5 goals,goals,,0.962,,,,,High,N/A,rejected,odds N/A (not priced by Sportybet),,0.452,hit,0-1,2026-10-10
2026-10-10,2026-10-10 00:09,2026-10-10,2026-10-10 14:00,Germany,Oberliga: Baden-Wurttemberg,1. CfR Pforzheim,FC Teningen,O05,Over 0.5 goals,goals,,0.97,,,,,High,N/A,rejected,odds N/A (not priced by Sportybet),,0.434,hit,3-2,2026-10-10
2026-10-10,2026-10-10 00:09,2026-10-10,2026-10-10 14:00,Germany,Oberliga: Bayern North,Eintracht Bamberg,DJK Ammerthal,O05,Over 0.5 goals,goals,,0.955,,,,,High,N/A,rejected,odds N/A (not priced by Sportybet),,0.434,hit,2-2,2026-10-10
2026-10-10,2026-10-10 00:09,2026-10-10,2026-10-10 14:00,Germany,Oberliga: Bayern North,Viktoria Aschaffenburg,SV Fortuna Regensberg,O05,Over 0.5 goals,goals,,0.962,,,,,High,N/A,rejected,odds N/A (not priced by Sportybet),,0.437,hit,1-0,2026-10-10
2026-10-10,2026-10-10 00:09,2026-10-10,2026-10-10 14:00,Germany,Oberliga: Bayern South,FC Deisenhofen,SpVgg Hankofen-Hailing,O05,Over 0.5 goals,goals,,0.954,,,,,High,N/A,rejected,odds N/A (not priced by Sportybet),,0.431,hit,0-3,2026-10-10
2026-10-10,2026-10-10 00:09,2026-10-10,2026-10-10 14:00,Germany,Oberliga: Bayern South,FC Ismaning,SV Heimstetten,O05,Over 0.5 goals,goals,,0.963,,,,,High,N/A,rejected,odds N/A (not priced by Sportybet),,0.461,hit,3-2,2026-10-10
2026-10-10,2026-10-10 00:09,2026-10-10,2026-10-10 14:00,Germany,Oberliga: Bayern South,TSV Kottern,1860 Munich II,O05,Over 0.5 goals,goals,,0.952,,,,,High,N/A,rejected,odds N/A (not priced by Sportybet),,0.467,miss,0-0,2026-10-10
2026-10-10,2026-10-10 00:09,2026-10-10,2026-10-10 14:00,Germany,Oberliga: Flens,FC Kilia Kiel,VfB Lubeck II,O05,Over 0.5 goals,goals,,0.985,,,,,High,N/A,rejected,odds N/A (not priced by Sportybet),,0.428,hit,4-2,2026-10-10
2026-10-10,2026-10-10 00:09,2026-10-10,2026-10-10 14:00,Germany,Oberliga: Flens,Heider SV,1. FC Phoenix Luebeck II,O05,Over 0.5 goals,goals,,0.981,,,,,High,N/A,rejected,odds N/A (not priced by Sportybet),,0.461,hit,2-0,2026-10-10
2026-10-10,2026-10-10 00:09,2026-10-10,2026-10-10 14:00,Germany,Oberliga: Flens,MTSV Hohenwestedt,Kaltenkirchener TS,O05,Over 0.5 goals,goals,,0.973,,,,,High,N/A,rejected,odds N/A (not priced by Sportybet),,0.455,hit,3-2,2026-10-10
2026-10-10,2026-10-10 00:09,2026-10-10,2026-10-10 14:00,Germany,Oberliga: Flens,TuS Rotenhof,SC Rapid Luebeck,O05,Over 0.5 goals,goals,,0.976,,,,,High,N/A,rejected,odds N/A (not priced by Sportybet),,0.434,hit,5-2,2026-10-10
2026-10-10,2026-10-10 00:09,2026-10-10,2026-10-10 14:00,Germany,Oberliga: Flens,Union Neumuenster,Nordmark Satrup,O05,Over 0.5 goals,goals,,0.974,,,,,High,N/A,rejected,odds N/A (not priced by Sportybet),,0.455,hit,4-1,2026-10-10
2026-10-10,2026-10-10 00:09,2026-10-10,2026-10-10 14:00,Germany,Oberliga: Hamburg,TSV Sasel,VfL Pinneberg,O05,Over 0.5 goals,goals,,0.98,,,,,High,N/A,rejected,odds N/A (not priced by Sportybet),,0.428,hit,1-1,2026-10-10
2026-10-10,2026-10-10 00:09,2026-10-10,2026-10-10 14:00,Germany,Oberliga: Hessen,FC Giessen,SV Hummetroth,O05,Over 0.5 goals,goals,,0.971,,,,,High,N/A,rejected,odds N/A (not priced by Sportybet),,0.455,hit,2-1,2026-10-10
2026-10-10,2026-10-10 00:09,2026-10-10,2026-10-10 14:00,Germany,Oberliga: Hessen,KSV Baunatal,Hanauer SC 1960,O05,Over 0.5 goals,goals,,0.967,,,,,High,N/A,rejected,odds N/A (not priced by Sportybet),,0.467,hit,3-1,2026-10-10
2026-10-10,2026-10-10 00:09,2026-10-10,2026-10-10 14:00,Germany,Oberliga: Hessen,Turk Gucu Friedberg,Bayern Alzenau,O05,Over 0.5 goals,goals,,0.971,,,,,High,N/A,rejected,odds N/A (not priced by Sportybet),,0.446,hit,0-2,2026-10-10
2026-10-10,2026-10-10 00:09,2026-10-10,2026-10-10 14:00,Germany,Oberliga: NOFV-Sud,1. FC Frankfurt,Germania Halberstadt,O05,Over 0.5 goals,goals,,0.972,,,,,Medium,N/A,rejected,odds N/A (not priced by Sportybet),,0.398,hit,0-3,2026-10-10
2026-10-10,2026-10-10 00:09,2026-10-10,2026-10-10 14:00,Germany,Oberliga: NOFV-Sud,Plauen,Union Sandersdorf,O05,Over 0.5 goals,goals,,0.948,,,,,High,N/A,rejected,odds N/A (not priced by Sportybet),,0.456,hit,3-3,2026-10-10
2026-10-10,2026-10-10 00:09,2026-10-10,2026-10-10 14:00,Germany,Oberliga: NOFV-Sud,SC Freital,Empor Glauchau,O05,Over 0.5 goals,goals,,0.957,,,,,High,N/A,rejected,odds N/A (not priced by Sportybet),,0.473,hit,1-1,2026-10-10
2026-10-10,2026-10-10 00:09,2026-10-10,2026-10-10 14:00,Germany,Oberliga: Niedersachsen,BSV Rehden,Hemmingen-Westerfeld,O05,Over 0.5 goals,goals,,0.971,,,,,Medium,N/A,rejected,odds N/A (not priced by Sportybet),,0.41,hit,3-1,2026-10-10
2026-10-10,2026-10-10 00:09,2026-10-10,2026-10-10 14:00,Germany,Oberliga: Niedersachsen,Eintracht Braunschweig U23,FC Verden 04,O05,Over 0.5 goals,goals,,0.969,,,,,High,N/A,rejected,odds N/A (not priced by Sportybet),,0.455,hit,2-1,2026-10-10
2026-10-10,2026-10-10 00:09,2026-10-10,2026-10-10 14:00,Germany,Oberliga: Rheinland-Pfalz/Saar,Cosmos Koblenz,SV Gonsenheim,O05,Over 0.5 goals,goals,,0.968,,,,,High,N/A,rejected,odds N/A (not priced by Sportybet),,0.455,hit,1-2,2026-10-10
2026-10-10,2026-10-10 00:09,2026-10-10,2026-10-10 14:00,Germany,Oberliga: Rheinland-Pfalz/Saar,Pirmasens,Elversberg II,O05,Over 0.5 goals,goals,,0.982,,,,,High,N/A,rejected,odds N/A (not priced by Sportybet),,0.434,hit,7-1,2026-10-10
2026-10-10,2026-10-10 00:09,2026-10-10,2026-10-10 14:00,Germany,Oberliga: Rheinland-Pfalz/Saar,RW Koblenz,SV Auersmacher,O05,Over 0.5 goals,goals,,0.977,,,,,High,N/A,rejected,odds N/A (not priced by Sportybet),,0.461,hit,4-0,2026-10-10
2026-10-10,2026-10-10 00:09,2026-10-10,2026-10-10 14:00,Germany,Oberliga: Rheinland-Pfalz/Saar,TSV Schott Mainz,Koblenz,O05,Over 0.5 goals,goals,,0.971,,,,,High,N/A,rejected,odds N/A (not priced by Sportybet),,0.44,hit,3-2,2026-10-10
2026-10-10,2026-10-10 00:09,2026-10-10,2026-10-10 14:00,Germany,Regionalliga Bayern,Ansbach,1. FC Nuremberg II,U45,Under 4.5 goals,goals,1.35,0.799,0.679,0.741,12.0,0.078,High,N/A,rejected,"model 12 pp above the market — data fault, not edge",,0.8,hit,0-1,2026-10-10
2026-10-10,2026-10-10 00:09,2026-10-10,2026-10-10 14:00,Germany,Regionalliga Bayern,FV Illertissen,1860 Munich,O05,Over 0.5 goals,goals,,0.944,,,,,High,N/A,rejected,odds N/A (not priced by Sportybet),,0.456,hit,1-1,2026-10-10
2026-10-10,2026-10-10 00:09,2026-10-10,2026-10-10 14:00,Germany,Regionalliga Bayern,TSV Landsberg,TSV Aubstadt,O05,Over 0.5 goals,goals,,0.944,,,,,High,N/A,rejected,odds N/A (not priced by Sportybet),,0.432,hit,2-2,2026-10-10
2026-10-10,2026-10-10 00:09,2026-10-10,2026-10-10 14:00,Germany,Regionalliga Bayern,TSV Schwaben Augsburg,SpVgg Bayreuth,O05,Over 0.5 goals,goals,,0.942,,,,,High,N/A,rejected,odds N/A (not priced by Sportybet),,0.448,hit,0-3,2026-10-10
2026-10-10,2026-10-10 00:09,2026-10-10,2026-10-10 14:00,Germany,Regionalliga Nord,Eimsbutteler TV,Hannover 96 II,O05,Over 0.5 goals,goals,,0.97,,,,,High,N/A,rejected,odds N/A (not priced by Sportybet),,0.431,hit,0-2,2026-10-10
2026-10-10,2026-10-10 00:09,2026-10-10,2026-10-10 14:00,Germany,Regionalliga Nordost,BFC Preussen,Hertha Berlin II,O05,Over 0.5 goals,goals,,0.945,,,,,High,N/A,rejected,odds N/A (not priced by Sportybet),,0.469,hit,1-1,2026-10-10
2026-10-10,2026-10-10 00:09,2026-10-10,2026-10-10 14:00,Germany,Regionalliga Nordost,Carl Zeiss Jena,Magdeburg II,U45,Under 4.5 goals,goals,1.3,0.758,0.705,0.769,5.3,-0.015,High,N/A,rejected,price too short for the probability (EV -1.5%),,0.4,hit,2-1,2026-10-10
2026-10-10,2026-10-10 00:09,2026-10-10,2026-10-10 14:00,Germany,Regionalliga Südwest,FC Astoria Walldorf,Mainz 05 II,HO05,FC Astoria Walldorf over 0.5 goals,team,1.14,0.834,0.798,0.877,3.6,-0.049,High,High,rejected,odds 1.14 at or below 1.14 | price too short for the probability (EV -4.9%),,0.43,hit,1-1,2026-10-10
2026-10-10,2026-10-10 00:09,2026-10-10,2026-10-10 14:00,Germany,Regionalliga Südwest,FSV Frankfurt,Sandhausen,H,FSV Frankfurt to win,result,2.55,0.459,0.357,0.392,10.2,0.172,High,High,rejected,probability 46% below the 60% bar for result,,0.77,miss,1-3,2026-10-10
2026-10-10,2026-10-10 00:09,2026-10-10,2026-10-10 14:00,Germany,Regionalliga Südwest,Kaiserslautern II,Hessen Kassel,O05,Over 0.5 goals,goals,,0.957,,,,,High,N/A,rejected,odds N/A (not priced by Sportybet),,0.431,hit,2-3,2026-10-10
2026-10-10,2026-10-10 00:09,2026-10-10,2026-10-10 14:00,Germany,Regionalliga Südwest,SG Barockstadt Fulda Lehnerz,Aalen,O05,Over 0.5 goals,goals,,0.959,,,,,High,N/A,rejected,odds N/A (not priced by Sportybet),,0.431,hit,0-2,2026-10-10
2026-10-10,2026-10-10 00:09,2026-10-10,2026-10-10 14:00,Germany,Regionalliga Südwest,SSV Ulm 1846,Eintracht Frankfurt II,O05,Over 0.5 goals,goals,,0.965,,,,,Medium,N/A,rejected,odds N/A (not priced by Sportybet),,0.422,hit,1-0,2026-10-10
2026-10-10,2026-10-10 00:09,2026-10-10,2026-10-10 14:00,Germany,Regionalliga Südwest,VfR Mannheim,Stuttgarter Kickers,O05,Over 0.5 goals,goals,,0.945,,,,,High,N/A,rejected,odds N/A (not priced by Sportybet),,0.439,hit,2-0,2026-10-10
2026-10-10,2026-10-10 00:09,2026-10-10,2026-10-10 14:00,Germany,Regionalliga West,Bergisch Gladbach,Schalke 04 II,O05,Over 0.5 goals,goals,,0.967,,,,,High,N/A,rejected,odds N/A (not priced by Sportybet),,0.431,hit,1-5,2026-10-10
2026-10-10,2026-10-10 00:09,2026-10-10,2026-10-10 14:00,Germany,Regionalliga West,Borussia Dortmund II,Wattenscheid,O05,Over 0.5 goals,goals,,0.954,,,,,High,N/A,rejected,odds N/A (not priced by Sportybet),,0.443,hit,3-2,2026-10-10
2026-10-10,2026-10-10 00:09,2026-10-10,2026-10-10 14:00,Germany,Regionalliga West,FC Guetersloh,Sportfreunde Siegen,O05,Over 0.5 goals,goals,,0.956,,,,,High,N/A,rejected,odds N/A (not priced by Sportybet),,0.467,hit,0-5,2026-10-10
2026-10-10,2026-10-10 00:09,2026-10-10,2026-10-10 14:00,Germany,Regionalliga West,Sportfreunde Lotte,SC Paderborn 07 II,U45,Under 4.5 goals,goals,1.23,0.805,0.745,0.813,5.9,-0.01,High,N/A,rejected,price too short for the probability (EV -1.0%),,0.463,hit,1-0,2026-10-10
2026-10-10,2026-10-10 00:09,2026-10-10,2026-10-10 14:00,Germany,Regionalliga West,Westfalia Rhynern,VfB Hilden,O05,Over 0.5 goals,goals,,0.965,,,,,High,N/A,rejected,odds N/A (not priced by Sportybet),,0.431,hit,0-1,2026-10-10
2026-10-10,2026-10-10 00:09,2026-10-10,2026-10-10 14:00,Greece,Super League 2,Athens Kallithea,Panthrakikos Komotini,A,Panthrakikos Komotini to win,result,6.7,0.258,0.12,0.149,13.8,0.726,Low,Low,rejected,"failed the pipeline's data checks | probability 26% below the 60% bar for result | model 14 pp above the market — data fault, not edge",,0.689,miss,1-0,2026-10-10
2026-10-10,2026-10-10 00:09,2026-10-10,2026-10-10 14:00,Indonesia,Super League,Bali United,Persijap Jepara,U45,Under 4.5 goals,goals,1.17,0.835,0.797,0.855,3.8,-0.023,High,N/A,rejected,price too short for the probability (EV -2.3%),,0.416,miss,6-1,2026-10-10
2026-10-10,2026-10-10 00:09,2026-10-10,2026-10-10 14:00,Kazakhstan,Premier League,Kairat Almaty,Zhetysu Taldykorgan,O05,Over 0.5 goals,goals,,0.952,,,,,High,N/A,rejected,odds N/A (not priced by Sportybet),,0.446,hit,1-0,2026-10-10
2026-10-10,2026-10-10 00:09,2026-10-10,2026-10-10 14:00,Kosovo,Superleague,KF Vushtrria,Gjilani,O15,Over 1.5 goals,goals,1.21,0.806,0.758,0.826,4.8,-0.025,Medium,Medium,rejected,price too short for the probability (EV -2.5%),,0.379,miss,1-0,2026-10-10
2026-10-10,2026-10-10 00:09,2026-10-10,2026-10-10 14:00,Moldova,Super Liga,FC Zaria Balti,Real Sireti,U55,Under 5.5 goals,goals,,0.945,,,,,High,N/A,rejected,odds N/A (not priced by Sportybet),,0.43,hit,0-3,2026-10-10
2026-10-10,2026-10-10 00:09,2026-10-10,2026-10-10 14:00,Norway,2. Division: Group 2,Ull/Kisa,Follo,O05,Over 0.5 goals,goals,,0.961,,,,,High,N/A,rejected,odds N/A (not priced by Sportybet),,0.461,hit,4-2,2026-10-10
2026-10-10,2026-10-10 00:09,2026-10-10,2026-10-10 14:00,Norway,3. Division: Group 1,Gamle Oslo,Nordstrand,A,Nordstrand to win,result,7.4,0.163,0.099,0.135,6.4,0.208,High,High,rejected,probability 16% below the 60% bar for result,,0.687,miss,1-0,2026-10-10
2026-10-10,2026-10-10 00:09,2026-10-10,2026-10-10 14:00,Norway,3. Division: Group 3,Aasane 2,Vard Haugesund,O05,Over 0.5 goals,goals,,0.981,,,,,High,N/A,rejected,odds N/A (not priced by Sportybet),,0.455,hit,1-5,2026-10-10
2026-10-10,2026-10-10 00:09,2026-10-10,2026-10-10 14:00,Norway,3. Division: Group 3,Askoy,Fana,O05,Over 0.5 goals,goals,,0.975,,,,,High,N/A,rejected,odds N/A (not priced by Sportybet),,0.455,hit,0-3,2026-10-10
2026-10-10,2026-10-10 00:09,2026-10-10,2026-10-10 14:00,Norway,3. Division: Group 3,Varegg,Stord,O25,Over 2.5 goals,goals,1.28,0.77,0.717,0.781,5.2,-0.015,High,High,rejected,price too short for the probability (EV -1.5%),,0.501,hit,2-3,2026-10-10
2026-10-10,2026-10-10 00:09,2026-10-10,2026-10-10 14:00,Norway,3. Division: Group 4,Varhaug,Madla,O05,Over 0.5 goals,goals,,0.971,,,,,High,N/A,rejected,odds N/A (not priced by Sportybet),,0.455,hit,1-3,2026-10-10
2026-10-10,2026-10-10 00:09,2026-10-10,2026-10-10 14:00,Norway,3. Division: Group 6,Bjoerkelangen,Gjoevik-Lyn,O05,Over 0.5 goals,goals,,0.983,,,,,High,N/A,rejected,odds N/A (not priced by Sportybet),,0.449,hit,1-7,2026-10-10
2026-10-10,2026-10-10 00:09,2026-10-10,2026-10-10 14:00,Norway,3. Division: Group 6,Oppsal,Droebak/Frogn,A,Droebak/Frogn to win,result,2.65,0.422,0.342,0.377,8.0,0.118,High,High,rejected,probability 42% below the 60% bar for result,,0.756,hit,1-2,2026-10-10
2026-10-10,2026-10-10 00:09,2026-10-10,2026-10-10 14:00,Sweden,2.Division Norrland: Promotion Group,Taftea IK,Bodens BK,O05,Over 0.5 goals,goals,,0.965,,,,,High,N/A,rejected,odds N/A (not priced by Sportybet),,0.428,hit,1-2,2026-10-10
2026-10-10,2026-10-10 00:09,2026-10-10,2026-10-10 14:00,Sweden,Division 2: Norra Goetaland,Motala AIF FK,Lidkoepings FK,O05,Over 0.5 goals,goals,,0.947,,,,,High,N/A,rejected,odds N/A (not priced by Sportybet),,0.453,hit,1-3,2026-10-10
2026-10-10,2026-10-10 00:09,2026-10-10,2026-10-10 14:00,Sweden,Division 2: Norra Svealand,Bollstanaes SK,Kungsaengens IF,A,Kungsaengens IF to win,result,3.2,0.324,0.28,0.312,4.4,0.037,High,High,rejected,probability 32% below the 60% bar for result,,0.497,hit,2-3,2026-10-10
2026-10-10,2026-10-10 00:09,2026-10-10,2026-10-10 14:00,Sweden,Division 2: Soedra Goetaland,Linero IF,Vaexjoe Norra IF,O05,Over 0.5 goals,goals,,0.956,,,,,High,N/A,rejected,odds N/A (not priced by Sportybet),,0.461,hit,3-1,2026-10-10
2026-10-10,2026-10-10 00:09,2026-10-10,2026-10-10 14:00,Sweden,Division 2: Soedra Goetaland,Raeppe GOIF,Nosaby IF,O05,Over 0.5 goals,goals,,0.958,,,,,High,N/A,rejected,odds N/A (not priced by Sportybet),,0.461,hit,1-2,2026-10-10
2026-10-10,2026-10-10 00:09,2026-10-10,2026-10-10 14:00,Sweden,Division 2: Vaestra Goetaland,Landvetter IS,BK Astrio,O05,Over 0.5 goals,goals,,0.969,,,,,High,N/A,rejected,odds N/A (not priced by Sportybet),,0.461,hit,1-0,2026-10-10
2026-10-10,2026-10-10 00:09,2026-10-10,2026-10-10 14:00,Thailand,Thai League,Uthai Thani FC,Rasisalai United,A,Rasisalai United to win,result,6.1,0.211,0.142,0.164,6.8,0.285,Low,Low,rejected,failed the pipeline's data checks | probability 21% below the 60% bar for result,,0.647,miss,4-2,2026-10-10
2026-10-10,2026-10-10 00:09,2026-10-10,2026-10-10 14:30,Cyprus,2nd Division,APEA Akrotiri,Spartakos Kitiou,U55,Under 5.5 goals,goals,,0.938,,,,,High,N/A,rejected,odds N/A (not priced by Sportybet),,0.425,hit,0-0,2026-10-10
2026-10-10,2026-10-10 00:09,2026-10-10,2026-10-10 14:30,Cyprus,2nd Division,ASIL Lysi,Iraklis Gerolakkou,A,Iraklis Gerolakkou to win,result,4.7,0.313,0.171,0.213,14.2,0.47,High,High,rejected,"probability 31% below the 60% bar for result | model 14 pp above the market — data fault, not edge",,0.74,miss,2-0,2026-10-10
2026-10-10,2026-10-10 00:09,2026-10-10,2026-10-10 14:30,Cyprus,2nd Division,Anagennisi Deryneia,Digenis Morphou,U55,Under 5.5 goals,goals,,0.949,,,,,Low,N/A,rejected,failed the pipeline's data checks | odds N/A (not priced by Sportybet),,0.373,hit,1-3,2026-10-10
2026-10-10,2026-10-10 00:09,2026-10-10,2026-10-10 14:30,Cyprus,2nd Division,Ayia Napa,Enosis Paralimni,U55,Under 5.5 goals,goals,,0.939,,,,,Medium,N/A,rejected,odds N/A (not priced by Sportybet),,0.401,hit,1-2,2026-10-10
2026-10-10,2026-10-10 00:09,2026-10-10,2026-10-10 14:30,Cyprus,2nd Division,Polemidion,Ermis Aradippou,U55,Under 5.5 goals,goals,,0.942,,,,,Low,N/A,rejected,failed the pipeline's data checks | odds N/A (not priced by Sportybet),,0.32,hit,0-1,2026-10-10
2026-10-10,2026-10-10 00:09,2026-10-10,2026-10-10 14:30,Denmark,3rd Division,Holstebro,Broenshoej,HO05,Holstebro over 0.5 goals,team,1.34,0.804,0.676,0.746,12.7,0.077,High,High,rejected,"model 13 pp above the market — data fault, not edge",,0.779,hit,2-4,2026-10-10
2026-10-10,2026-10-10 00:09,2026-10-10,2026-10-10 14:30,Germany,Oberliga NOFV Nord 25/26,Berliner AK 07,SG Union Klosterfelde,O05,Over 0.5 goals,goals,,0.957,,,,,High,N/A,rejected,odds N/A (not priced by Sportybet),,0.467,hit,1-1,2026-10-10
2026-10-10,2026-10-10 00:09,2026-10-10,2026-10-10 14:30,Germany,Oberliga: Westfalen,ASC Dortmund,FC Gievenbeck,O05,Over 0.5 goals,goals,,0.969,,,,,High,N/A,rejected,odds N/A (not priced by Sportybet),,0.461,hit,1-2,2026-10-10
2026-10-10,2026-10-10 00:09,2026-10-10,2026-10-10 14:30,Italy,Serie C: Group A,Pergolettese,Carpi,CU115,Under 11.5 corners,corners,,0.828,,,,,High,N/A,rejected,odds N/A (not priced by Sportybet),,0.376,hit,2-1,2026-10-10
2026-10-10,2026-10-10 00:09,2026-10-10,2026-10-10 14:30,Italy,Serie C: Group C,Casertana,Monopoli,A,Monopoli to win,result,3.7,0.339,0.243,0.27,9.6,0.256,High,Medium,rejected,probability 34% below the 60% bar for result,,0.734,miss,3-1,2026-10-10
2026-10-10,2026-10-10 00:09,2026-10-10,2026-10-10 14:30,Netherlands,Tweede Divisie,GVVV Veenendaal,Rijnsburgse Boys,H,GVVV Veenendaal to win,result,2.55,0.416,0.364,0.392,5.3,0.062,High,High,rejected,probability 42% below the 60% bar for result,,0.58,hit,4-1,2026-10-10
2026-10-10,2026-10-10 00:09,2026-10-10,2026-10-10 14:30,Norway,3. Division: Group 3,Austevoll,Foerde,O05,Over 0.5 goals,goals,,0.978,,,,,High,N/A,rejected,odds N/A (not priced by Sportybet),,0.455,hit,3-2,2026-10-10
2026-10-10,2026-10-10 00:09,2026-10-10,2026-10-10 14:30,Turkiye,2nd Lig: White Group,Arnavutkoy Belediyespor,Isparta 32 Spor,AO05,Isparta 32 Spor over 0.5 goals,team,1.15,0.844,0.793,0.87,5.1,-0.029,High,High,rejected,price too short for the probability (EV -2.9%),,0.51,hit,2-3,2026-10-10
2026-10-10,2026-10-10 00:09,2026-10-10,2026-10-10 14:30,Turkiye,2nd Lig: White Group,Corluspor 1947,Sanliurfaspor,O05,Over 0.5 goals,goals,,0.944,,,,,Medium,N/A,rejected,odds N/A (not priced by Sportybet),,0.399,hit,2-3,2026-10-10
2026-10-10,2026-10-10 00:09,2026-10-10,2026-10-10 14:45,Hungary,NB I,Vasas Budapest,Kisvarda FC,H,Vasas Budapest to win,result,1.81,0.574,0.529,0.552,4.5,0.039,Medium,Medium,rejected,probability 57% below the 60% bar for result,,0.463,miss,1-1,2026-10-10
2026-10-10,2026-10-10 00:09,2026-10-10,2026-10-10 15:00,Azerbaijan,Premier League,Zira,Shamakhi FK,A,Shamakhi FK to win,result,4.5,0.296,0.196,0.222,10.0,0.333,High,High,rejected,probability 30% below the 60% bar for result,,0.761,miss,1-1,2026-10-10
2026-10-10,2026-10-10 00:09,2026-10-10,2026-10-10 15:00,Bosnia and Herzegovina,1st League: FBiH,Buducnost,Capljina,U55,Under 5.5 goals,goals,,0.935,,,,,Medium,N/A,rejected,odds N/A (not priced by Sportybet),,0.401,hit,1-0,2026-10-10
2026-10-10,2026-10-10 00:09,2026-10-10,2026-10-10 15:00,Bosnia and Herzegovina,1st League: FBiH,FK Zvijezda,NK Bratstvo,U55,Under 5.5 goals,goals,,0.958,,,,,Medium,N/A,rejected,odds N/A (not priced by Sportybet),,0.419,hit,0-1,2026-10-10
2026-10-10,2026-10-10 00:09,2026-10-10,2026-10-10 15:00,Bosnia and Herzegovina,1st League: FBiH,HNK Tomislav,Rudar Kakanj,U55,Under 5.5 goals,goals,,0.935,,,,,Medium,N/A,rejected,odds N/A (not priced by Sportybet),,0.392,hit,1-0,2026-10-10
2026-10-10,2026-10-10 00:09,2026-10-10,2026-10-10 15:00,Bosnia and Herzegovina,1st League: FBiH,Radnik Hadzici,Stupcanica,U55,Under 5.5 goals,goals,,0.957,,,,,High,N/A,rejected,odds N/A (not priced by Sportybet),,0.47,hit,1-3,2026-10-10
2026-10-10,2026-10-10 00:09,2026-10-10,2026-10-10 15:00,Bosnia and Herzegovina,1st League: FBiH,Sloboda Tuzla,Travnik,A,Travnik to win,result,4.0,0.292,0.217,0.25,7.5,0.169,High,High,rejected,probability 29% below the 60% bar for result,,0.748,miss,2-0,2026-10-10
2026-10-10,2026-10-10 00:09,2026-10-10,2026-10-10 15:00,Bosnia and Herzegovina,1st League: FBiH,Vitez,Posusje,U55,Under 5.5 goals,goals,,0.972,,,,,High,N/A,rejected,odds N/A (not priced by Sportybet),,0.449,hit,1-2,2026-10-10
2026-10-10,2026-10-10 00:09,2026-10-10,2026-10-10 15:00,Bosnia and Herzegovina,1st League: RS,FK Laktasi,Omarska,H,FK Laktasi to win,result,1.1,0.855,0.887,0.909,-3.2,-0.059,High,High,rejected,odds 1.10 at or below 1.14 | price too short for the probability (EV -5.9%),,0.476,hit,4-0,2026-10-10
2026-10-10,2026-10-10 00:09,2026-10-10,2026-10-10 15:00,Bosnia and Herzegovina,1st League: RS,FK Zvijezda 09,Drina Zvornik,X2,Draw or Drina Zvornik,dc,1.26,0.87,0.739,0.794,13.0,0.096,High,High,rejected,"model 13 pp above the market — data fault, not edge",,0.891,miss,2-1,2026-10-10
2026-10-10,2026-10-10 00:09,2026-10-10,2026-10-10 15:00,Bosnia and Herzegovina,1st League: RS,Famos,Sutjeska Foca,U55,Under 5.5 goals,goals,,0.969,,,,,High,N/A,rejected,odds N/A (not priced by Sportybet),,0.473,hit,2-1,2026-10-10
2026-10-10,2026-10-10 00:09,2026-10-10,2026-10-10 15:00,Bosnia and Herzegovina,1st League: RS,Majevica,Velez Nevesinje,O05,Over 0.5 goals,goals,,0.953,,,,,Medium,N/A,rejected,odds N/A (not priced by Sportybet),,0.41,hit,3-0,2026-10-10
2026-10-10,2026-10-10 00:09,2026-10-10,2026-10-10 15:00,Bosnia and Herzegovina,1st League: RS,Romanija,FK Leotar,U55,Under 5.5 goals,goals,,0.943,,,,,High,N/A,rejected,odds N/A (not priced by Sportybet),,0.45,hit,1-2,2026-10-10
2026-10-10,2026-10-10 00:09,2026-10-10,2026-10-10 15:00,Bulgaria,Vtora Liga,Marek Dupnitsa,Beroe,HO05,Marek Dupnitsa over 0.5 goals,team,1.28,0.763,0.708,0.781,5.6,-0.023,High,High,rejected,price too short for the probability (EV -2.3%),,0.422,hit,3-2,2026-10-10
2026-10-10,2026-10-10 00:09,2026-10-10,2026-10-10 15:00,Bulgaria,Vtora Liga,Nesebar,PFC CSKA Sofia II,AO05,PFC CSKA Sofia II over 0.5 goals,team,1.25,0.794,0.731,0.8,6.2,-0.008,High,High,rejected,price too short for the probability (EV -0.8%),,0.499,miss,0-0,2026-10-10
2026-10-10,2026-10-10 00:09,2026-10-10,2026-10-10 15:00,Bulgaria,Vtora Liga,Pirin Blagoevgrad,Spartak Pleven,U55,Under 5.5 goals,goals,,0.951,,,,,High,N/A,rejected,odds N/A (not priced by Sportybet),,0.455,hit,1-1,2026-10-10
2026-10-10,2026-10-10 00:09,2026-10-10,2026-10-10 15:00,Bulgaria,Vtora Liga,Sportist Svoge,Hebar,AO05,Hebar over 0.5 goals,team,1.3,0.758,0.698,0.769,6.1,-0.014,High,High,rejected,price too short for the probability (EV -1.4%),,0.491,hit,1-3,2026-10-10
2026-10-10,2026-10-10 00:09,2026-10-10,2026-10-10 15:00,Croatia,HNL,Hajduk Split,Dinamo Zagreb,H,Hajduk Split to win,result,3.0,0.349,0.308,0.333,4.0,0.046,High,High,rejected,probability 35% below the 60% bar for result,,0.503,hit,2-1,2026-10-10
2026-10-10,2026-10-10 00:09,2026-10-10,2026-10-10 15:00,Czech Republic,1st League,Hradec Kralove,SK Lisen,U55,Under 5.5 goals,goals,,0.955,,,,,High,N/A,rejected,odds N/A (not priced by Sportybet),,0.452,miss,2-4,2026-10-10
2026-10-10,2026-10-10 00:09,2026-10-10,2026-10-10 15:00,Czech Republic,1st League,Viktoria Plzen,Mlada Boleslav,U45,Under 4.5 goals,goals,1.32,0.845,0.714,0.758,13.0,0.115,High,N/A,rejected,"model 13 pp above the market — data fault, not edge",,0.88,hit,3-0,2026-10-10
2026-10-10,2026-10-10 00:09,2026-10-10,2026-10-10 15:00,Denmark,2nd Division,B 93,Middelfart,U55,Under 5.5 goals,goals,,0.943,,,,,High,N/A,rejected,odds N/A (not priced by Sportybet),,0.453,hit,3-1,2026-10-10
2026-10-10,2026-10-10 00:09,2026-10-10,2026-10-10 15:00,Denmark,Ligaen U17,HB Koege U17,AGF U17,O05,Over 0.5 goals,goals,,0.973,,,,,Low,N/A,rejected,failed the pipeline's data checks | odds N/A (not priced by Sportybet),,0.362,hit,3-4,2026-10-10
2026-10-10,2026-10-10 00:09,2026-10-10,2026-10-10 15:00,Denmark,Ligaen U17,OB U17,SoenderjyskE U17,O05,Over 0.5 goals,goals,,0.981,,,,,High,N/A,rejected,odds N/A (not priced by Sportybet),,0.452,hit,5-2,2026-10-10
2026-10-10,2026-10-10 00:09,2026-10-10,2026-10-10 15:00,Finland,Ykkonen: Championship,RoPS,JJK Jyvaskyla,O05,Over 0.5 goals,goals,,0.97,,,,,Medium,N/A,rejected,failed the pipeline's data checks | odds N/A (not priced by Sportybet),,0.35,hit,6-1,2026-10-10
2026-10-10,2026-10-10 00:09,2026-10-10,2026-10-10 15:00,Germany,Oberliga: Bayern North,DJK Gebenbach,TSV Grossbardorf,O05,Over 0.5 goals,goals,,0.959,,,,,High,N/A,rejected,odds N/A (not priced by Sportybet),,0.434,hit,1-4,2026-10-10
2026-10-10,2026-10-10 00:09,2026-10-10,2026-10-10 15:00,Germany,Oberliga: Bayern North,FV 04 Wurzburg,SpVgg Weiden,O05,Over 0.5 goals,goals,,0.957,,,,,High,N/A,rejected,odds N/A (not priced by Sportybet),,0.467,hit,1-1,2026-10-10
2026-10-10,2026-10-10 00:09,2026-10-10,2026-10-10 15:00,Germany,Oberliga: Bayern South,Gundelfingen,SV Schalding-Heining,O05,Over 0.5 goals,goals,,0.961,,,,,High,N/A,rejected,odds N/A (not priced by Sportybet),,0.461,hit,4-0,2026-10-10
2026-10-10,2026-10-10 00:09,2026-10-10,2026-10-10 15:00,Germany,Oberliga: Bayern South,SV Kirchanschoering,TSV Schwabmuenchen,O05,Over 0.5 goals,goals,,0.961,,,,,High,N/A,rejected,odds N/A (not priced by Sportybet),,0.434,hit,1-2,2026-10-10
2026-10-10,2026-10-10 00:09,2026-10-10,2026-10-10 15:00,Germany,Oberliga: Bayern South,SpVgg Landshut,Sportfreunde Schwaig,O05,Over 0.5 goals,goals,,0.95,,,,,High,N/A,rejected,odds N/A (not priced by Sportybet),,0.434,hit,1-2,2026-10-10
2026-10-10,2026-10-10 00:09,2026-10-10,2026-10-10 15:00,Germany,Oberliga: Bremen,TS Woltmershausen,Vatan Sport Bremen,O05,Over 0.5 goals,goals,,0.986,,,,,High,N/A,rejected,odds N/A (not priced by Sportybet),,0.446,hit,1-2,2026-10-10
2026-10-10,2026-10-10 00:09,2026-10-10,2026-10-10 15:00,Italy,Campionato Primavera 1,Bologna U20,Lazio U20,O05,Over 0.5 goals,goals,,0.944,,,,,High,N/A,rejected,odds N/A (not priced by Sportybet),,0.441,hit,4-1,2026-10-10
2026-10-10,2026-10-10 00:09,2026-10-10,2026-10-10 15:00,Italy,Campionato Primavera 1,Roma U20,Empoli U20,O05,Over 0.5 goals,goals,,0.935,,,,,Medium,N/A,rejected,odds N/A (not priced by Sportybet),,0.398,hit,1-1,2026-10-10
2026-10-10,2026-10-10 00:09,2026-10-10,2026-10-10 15:00,Italy,Serie D: Group B,Fiorenzuola,Piacenza,A,Piacenza to win,result,1.62,0.748,0.586,0.617,16.2,0.212,Medium,Medium,rejected,"model 16 pp above the market — data fault, not edge",,0.811,miss,0-0,2026-10-10
2026-10-10,2026-10-10 00:09,2026-10-10,2026-10-10 15:00,Italy,Serie D: Group F,SN Notaresco,Recanatese,U55,Under 5.5 goals,goals,,0.953,,,,,High,N/A,rejected,odds N/A (not priced by Sportybet),,0.473,hit,2-1,2026-10-10
2026-10-10,2026-10-10 00:09,2026-10-10,2026-10-10 15:00,Netherlands,Tweede Divisie,IJsselmeervogels,Koninklijke HFC,HO05,IJsselmeervogels over 0.5 goals,team,1.11,0.86,0.835,0.901,2.6,-0.045,High,High,rejected,odds 1.11 at or below 1.14 | price too short for the probability (EV -4.5%),,0.418,hit,2-0,2026-10-10
2026-10-10,2026-10-10 00:09,2026-10-10,2026-10-10 15:00,Netherlands,Tweede Divisie,Jong Sparta Rotterdam,Jong Almere City FC,U55,Under 5.5 goals,goals,1.23,0.809,0.76,0.813,4.9,-0.005,High,N/A,rejected,price too short for the probability (EV -0.5%),,0.433,hit,1-4,2026-10-10
2026-10-10,2026-10-10 00:09,2026-10-10,2026-10-10 15:00,Netherlands,Tweede Divisie,Kloetinge,HHC Hardenberg,AO05,HHC Hardenberg over 0.5 goals,team,1.13,0.857,0.821,0.885,3.6,-0.032,Medium,Medium,rejected,odds 1.13 at or below 1.14 | price too short for the probability (EV -3.2%),,0.425,hit,3-3,2026-10-10
2026-10-10,2026-10-10 00:09,2026-10-10,2026-10-10 15:00,Netherlands,Tweede Divisie,Kozakken Boys,Spakenburg,H,Kozakken Boys to win,result,2.2,0.485,0.427,0.455,5.8,0.067,High,High,rejected,probability 48% below the 60% bar for result,,0.604,hit,2-0,2026-10-10
2026-10-10,2026-10-10 00:09,2026-10-10,2026-10-10 15:00,Norway,3. Division: Group 3,FK Fyllingsdalen,Os,O05,Over 0.5 goals,goals,,0.988,,,,,High,N/A,rejected,odds N/A (not priced by Sportybet),,0.455,hit,0-2,2026-10-10
2026-10-10,2026-10-10 00:09,2026-10-10,2026-10-10 15:00,Norway,3. Division: Group 3,Sogndal 2,Gneist,O05,Over 0.5 goals,goals,,0.986,,,,,High,N/A,rejected,odds N/A (not priced by Sportybet),,0.461,hit,5-3,2026-10-10
2026-10-10,2026-10-10 00:09,2026-10-10,2026-10-10 15:00,Norway,3. Division: Group 4,Staal Joerpeland,Vaag,O05,Over 0.5 goals,goals,,0.975,,,,,High,N/A,rejected,odds N/A (not priced by Sportybet),,0.455,hit,0-4,2026-10-10
2026-10-10,2026-10-10 00:09,2026-10-10,2026-10-10 15:00,Norway,3. Division: Group 4,Viking 2,Vindbjart,O05,Over 0.5 goals,goals,,0.969,,,,,High,N/A,rejected,odds N/A (not priced by Sportybet),,0.449,hit,5-1,2026-10-10
2026-10-10,2026-10-10 00:09,2026-10-10,2026-10-10 15:00,Norway,3. Division: Group 5,Alta,Skjervoey,O05,Over 0.5 goals,goals,,0.989,,,,,High,N/A,rejected,odds N/A (not priced by Sportybet),,0.455,hit,2-1,2026-10-10
2026-10-10,2026-10-10 00:09,2026-10-10,2026-10-10 15:00,Norway,3. Division: Group 6,Fram Larvik,Brumunddal,O05,Over 0.5 goals,goals,,0.989,,,,,High,N/A,rejected,odds N/A (not priced by Sportybet),,0.455,hit,4-0,2026-10-10
2026-10-10,2026-10-10 00:09,2026-10-10,2026-10-10 15:00,Paraguay,Division Intermedia,3 de Noviembre de B San Pablo,Fernando de la Mora,U55,Under 5.5 goals,goals,,0.949,,,,,High,N/A,rejected,odds N/A (not priced by Sportybet),,0.466,hit,3-2,2026-10-10
2026-10-10,2026-10-10 00:09,2026-10-10,2026-10-10 15:00,Paraguay,Division Intermedia,Guairena,Encarnacion FC,HU15,Guairena under 1.5 goals,team,1.47,0.673,0.62,0.68,5.3,-0.011,High,High,rejected,probability 67% below the 70% bar for team | price too short for the probability (EV -1.1%),,0.459,hit,1-0,2026-10-10
2026-10-10,2026-10-10 00:09,2026-10-10,2026-10-10 15:00,Paraguay,Division Intermedia,Independiente CG,Atletico Tembetary,U55,Under 5.5 goals,goals,,0.944,,,,,High,N/A,rejected,odds N/A (not priced by Sportybet),,0.45,hit,3-0,2026-10-10
2026-10-10,2026-10-10 00:09,2026-10-10,2026-10-10 15:00,Poland,II Liga,Avia Swidnik,Swit Szczecin,HO15,Avia Swidnik over 1.5 goals,team,1.65,0.616,0.56,0.606,5.6,0.017,High,High,rejected,probability 62% below the 70% bar for team,,0.487,miss,1-0,2026-10-10
2026-10-10,2026-10-10 00:09,2026-10-10,2026-10-10 15:00,San Marino,Campionato Sammarinese,San Giovanni,Tre Fiori,BTTS,Both teams to score,btts,2.3,0.477,0.395,0.435,8.2,0.097,High,High,rejected,probability 48% below the 70% bar for btts,,0.731,miss,0-1,2026-10-10
2026-10-10,2026-10-10 00:09,2026-10-10,2026-10-10 15:00,Serbia,Super Liga,FK IMT Beograd,FK Radnik Surdulica,U55,Under 5.5 goals,goals,,0.952,,,,,High,N/A,rejected,odds N/A (not priced by Sportybet),,0.449,hit,1-0,2026-10-10
2026-10-10,2026-10-10 00:09,2026-10-10,2026-10-10 15:00,Slovakia,2. Liga,MFK Bytca,Humenne,H,MFK Bytca to win,result,3.0,0.387,0.299,0.333,8.8,0.161,High,High,rejected,probability 39% below the 60% bar for result,,0.743,hit,4-1,2026-10-10
2026-10-10,2026-10-10 00:09,2026-10-10,2026-10-10 15:00,Slovakia,2. Liga,OFK Banik Lehota Pod Vtacnikom,Lokomotiva Zvolen,O05,Over 0.5 goals,goals,,0.937,,,,,High,N/A,rejected,odds N/A (not priced by Sportybet),,0.45,hit,1-0,2026-10-10
2026-10-10,2026-10-10 00:09,2026-10-10,2026-10-10 15:00,Slovakia,2. Liga,Povazska Bystrica,Tatran Presov,O15,Over 1.5 goals,goals,1.21,0.811,0.758,0.826,5.2,-0.019,High,High,rejected,price too short for the probability (EV -1.9%),,0.445,hit,2-2,2026-10-10
2026-10-10,2026-10-10 00:09,2026-10-10,2026-10-10 15:00,Slovenia,Prva Liga,Radomlje,Koper,AO05,Koper over 0.5 goals,team,1.14,0.855,0.811,0.877,4.4,-0.025,High,High,rejected,odds 1.14 at or below 1.14 | price too short for the probability (EV -2.5%),,0.51,hit,3-3,2026-10-10
2026-10-10,2026-10-10 00:09,2026-10-10,2026-10-10 15:00,Sweden,Allsvenskan,GAIS,Sirius,H,GAIS to win,result,2.45,0.436,0.391,0.408,4.5,0.069,High,High,rejected,probability 44% below the 60% bar for result,,0.567,miss,0-1,2026-10-10
2026-10-10,2026-10-10 00:09,2026-10-10,2026-10-10 15:00,Turkey,Süper Lig,Samsunspor,Trabzonspor,U45,Under 4.5 goals,goals,1.19,0.832,0.791,0.84,4.1,-0.01,High,N/A,rejected,price too short for the probability (EV -1.0%),,0.438,hit,0-3,2026-10-10
2026-10-10,2026-10-10 00:09,2026-10-10,2026-10-10 15:00,Uruguay,Segunda División,River Plate,Oriental,A,Oriental to win,result,3.4,0.333,0.261,0.294,7.2,0.133,High,High,rejected,probability 33% below the 60% bar for result,,0.734,miss,3-1,2026-10-10
2026-10-10,2026-10-10 00:09,2026-10-10,2026-10-10 15:00,Uzbekistan,Super League,Qizilqum Zarafshon,Surkhon-2011,U55,Under 5.5 goals,goals,,0.962,,,,,High,N/A,rejected,odds N/A (not priced by Sportybet),,0.458,hit,0-0,2026-10-10
2026-10-10,2026-10-10 00:09,2026-10-10,2026-10-10 15:00,Women's Euro U17,Qualification Round 1: Group A1,Norway U17 W,Italy U17 W,O05,Over 0.5 goals,goals,,0.957,,,,,Low,N/A,rejected,failed the pipeline's data checks | odds N/A (not priced by Sportybet),,0.359,miss,0-0,2026-10-10
2026-10-10,2026-10-10 00:09,2026-10-10,2026-10-10 15:00,Women's Euro U19,Qualification Round 1: Group B2,Ireland Women U19,Georgia U19 W,O05,Over 0.5 goals,goals,,0.963,,,,,Low,N/A,rejected,failed the pipeline's data checks | odds N/A (not priced by Sportybet),,0.359,hit,7-0,2026-10-10
2026-10-10,2026-10-10 00:09,2026-10-10,2026-10-10 15:05,Oman,Professional League,Saham,Sur,U55,Under 5.5 goals,goals,,0.955,,,,,High,N/A,rejected,odds N/A (not priced by Sportybet),,0.458,hit,1-0,2026-10-10
2026-10-10,2026-10-10 00:09,2026-10-10,2026-10-10 15:15,Denmark,Ligaen U17,AaB U17,FC Midtjylland U17,O05,Over 0.5 goals,goals,,0.975,,,,,High,N/A,rejected,odds N/A (not priced by Sportybet),,0.446,hit,1-3,2026-10-10
2026-10-10,2026-10-10 00:09,2026-10-10,2026-10-10 15:15,Denmark,Ligaen U17,Randers Freja U17,Lyngby U17,O05,Over 0.5 goals,goals,,0.976,,,,,High,N/A,rejected,odds N/A (not priced by Sportybet),,0.452,hit,2-5,2026-10-10
2026-10-10,2026-10-10 00:09,2026-10-10,2026-10-10 15:15,Kenya,Premier League,Posta Rangers,Shabana,H,Posta Rangers to win,result,3.2,0.336,0.286,0.312,5.0,0.075,High,High,rejected,probability 34% below the 60% bar for result,,0.575,miss,0-1,2026-10-10
2026-10-10,2026-10-10 00:09,2026-10-10,2026-10-10 15:15,Netherlands,Tweede Divisie,AFC,Hoek,O05,Over 0.5 goals,goals,,0.955,,,,,High,N/A,rejected,odds N/A (not priced by Sportybet),,0.473,hit,2-0,2026-10-10
2026-10-10,2026-10-10 00:09,2026-10-10,2026-10-10 15:30,Austria,2. Liga,FC Hertha Wels,SW Bregenz,O05,Over 0.5 goals,goals,,0.946,,,,,High,N/A,rejected,odds N/A (not priced by Sportybet),,0.467,hit,1-0,2026-10-10
2026-10-10,2026-10-10 00:09,2026-10-10,2026-10-10 15:30,Austria,2. Liga,SV Austria Salzburg,Floridsdorfer AC,O05,Over 0.5 goals,goals,,0.935,,,,,High,N/A,rejected,odds N/A (not priced by Sportybet),,0.452,hit,2-1,2026-10-10
2026-10-10,2026-10-10 00:09,2026-10-10,2026-10-10 15:30,Germany,Oberliga: Baden-Wurttemberg,Bahlinger SC,SV Oberachern,O05,Over 0.5 goals,goals,,0.96,,,,,High,N/A,rejected,odds N/A (not priced by Sportybet),,0.437,hit,1-0,2026-10-10
2026-10-10,2026-10-10 00:09,2026-10-10,2026-10-10 15:30,Germany,Oberliga: Baden-Wurttemberg,FV Ravensburg,Noettingen,O05,Over 0.5 goals,goals,,0.967,,,,,High,N/A,rejected,odds N/A (not priced by Sportybet),,0.455,hit,1-3,2026-10-10
2026-10-10,2026-10-10 00:09,2026-10-10,2026-10-10 15:30,Germany,Oberliga: Bayern North,TSV 1861 Noerdlingen,SpVgg Bayern Hof,O05,Over 0.5 goals,goals,,0.953,,,,,High,N/A,rejected,odds N/A (not priced by Sportybet),,0.431,hit,2-6,2026-10-10
2026-10-10,2026-10-10 00:09,2026-10-10,2026-10-10 15:30,Germany,Oberliga: Hamburg,Altonaer FC 93,Tesla Hamburg,O05,Over 0.5 goals,goals,,0.983,,,,,High,N/A,rejected,odds N/A (not priced by Sportybet),,0.431,hit,4-2,2026-10-10
2026-10-10,2026-10-10 00:09,2026-10-10,2026-10-10 15:30,Germany,Oberliga: Hessen,SV 1898 Unter-Flockenbach,Huenfelder SV,O05,Over 0.5 goals,goals,,0.976,,,,,High,N/A,rejected,odds N/A (not priced by Sportybet),,0.437,hit,1-0,2026-10-10
2026-10-10,2026-10-10 00:09,2026-10-10,2026-10-10 15:30,Germany,Oberliga: Rheinland-Pfalz/Saar,FC Karbach,Gau-Odernheim,O05,Over 0.5 goals,goals,,0.967,,,,,High,N/A,rejected,odds N/A (not priced by Sportybet),,0.461,hit,2-0,2026-10-10
2026-10-10,2026-10-10 00:09,2026-10-10,2026-10-10 15:30,Germany,Oberliga: Rheinland-Pfalz/Saar,FV Diefflen,Wormatia Worms,O05,Over 0.5 goals,goals,,0.979,,,,,High,N/A,rejected,odds N/A (not priced by Sportybet),,0.455,hit,3-3,2026-10-10
2026-10-10,2026-10-10 00:09,2026-10-10,2026-10-10 15:30,Germany,Oberliga: Rheinland-Pfalz/Saar,FV Engers,RW Wittlich,O05,Over 0.5 goals,goals,,0.98,,,,,High,N/A,rejected,odds N/A (not priced by Sportybet),,0.428,hit,1-1,2026-10-10
2026-10-10,2026-10-10 00:09,2026-10-10,2026-10-10 15:30,Iran,Persian Gulf Pro League,Paykan,Shams Azar Qazvin,H,Paykan to win,result,2.15,0.489,0.432,0.465,5.7,0.051,Medium,Medium,rejected,probability 49% below the 60% bar for result,,0.521,miss,1-1,2026-10-10
2026-10-10,2026-10-10 00:09,2026-10-10,2026-10-10 15:30,Poland,I Liga,Arka Gdynia,Polonia Warsaw,U45,Under 4.5 goals,goals,1.13,0.851,0.824,0.885,2.7,-0.038,High,N/A,rejected,odds 1.13 at or below 1.14 | price too short for the probability (EV -3.8%),,0.355,hit,1-2,2026-10-10
2026-10-10,2026-10-10 00:09,2026-10-10,2026-10-10 15:30,Slovakia,Super Liga,FC Kosice,Komarno,O05,Over 0.5 goals,goals,,0.957,,,,,High,N/A,rejected,odds N/A (not priced by Sportybet),,0.47,hit,1-1,2026-10-10
2026-10-10,2026-10-10 00:09,2026-10-10,2026-10-10 15:30,Tunisia,Ligue I,Ben Guerdane,Club Africain,H,Ben Guerdane to win,result,6.75,0.192,0.128,0.148,6.4,0.297,High,High,rejected,probability 19% below the 60% bar for result,,0.702,hit,2-1,2026-10-10
2026-10-10,2026-10-10 00:09,2026-10-10,2026-10-10 15:30,Tunisia,Ligue I,PS Sakiet Eddaier,CS Sfaxien,H,PS Sakiet Eddaier to win,result,3.2,0.343,0.292,0.312,5.1,0.099,Low,Low,rejected,failed the pipeline's data checks | probability 34% below the 60% bar for result,,0.571,hit,1-0,2026-10-10
2026-10-10,2026-10-10 00:09,2026-10-10,2026-10-10 15:45,Denmark,Ligaen U17,AC Horsens U17,Silkeborg U17,O05,Over 0.5 goals,goals,,0.983,,,,,High,N/A,rejected,odds N/A (not priced by Sportybet),,0.452,hit,1-4,2026-10-10
2026-10-10,2026-10-10 00:09,2026-10-10,2026-10-10 15:50,Saudi Arabia,Saudi Professional League,Al Hazm,NEOM SC,CO85,Over 8.5 corners,corners,2.0,0.569,0.462,0.5,10.6,0.137,High,N/A,rejected,probability 57% below the 65% bar for corners,,0.782,miss,1-1,2026-10-10
2026-10-10,2026-10-10 00:09,2026-10-10,2026-10-10 16:00,Belarus,Premier League,BATE Borisov,Slavia Mozyr,U55,Under 5.5 goals,goals,,0.969,,,,,High,N/A,rejected,odds N/A (not priced by Sportybet),,0.467,hit,2-1,2026-10-10
2026-10-10,2026-10-10 00:09,2026-10-10,2026-10-10 16:00,Belgium,Challenger Pro League,K Lierse S.K.,Francs Borains,U55,Under 5.5 goals,goals,,0.937,,,,,Medium,N/A,rejected,odds N/A (not priced by Sportybet),,0.397,hit,3-0,2026-10-10
2026-10-10,2026-10-10 00:09,2026-10-10,2026-10-10 16:00,Botswana,Premier League,Botswana Defence Force XI,Orapa United FC,U55,Under 5.5 goals,goals,,0.972,,,,,High,N/A,rejected,odds N/A (not priced by Sportybet),,0.452,miss,2-4,2026-10-10
2026-10-10,2026-10-10 00:09,2026-10-10,2026-10-10 16:00,Botswana,Premier League,Prisons XI,Enesia,HU15,Prisons XI under 1.5 goals,team,1.36,0.818,0.669,0.735,14.9,0.112,Low,Low,rejected,"failed the pipeline's data checks | model 15 pp above the market — data fault, not edge",,0.774,miss,3-1,2026-10-10
2026-10-10,2026-10-10 00:09,2026-10-10,2026-10-10 16:00,England,Isthmian League Premier Division,Burgess Hill Town,Aveley,O15,Over 1.5 goals,goals,1.15,0.855,0.8,0.87,5.5,-0.016,High,High,rejected,price too short for the probability (EV -1.6%),,0.501,hit,1-1,2026-10-10
2026-10-10,2026-10-10 00:09,2026-10-10,2026-10-10 16:00,England,Isthmian League Premier Division,Carshalton Athletic,St.Albans,AO05,St.Albans over 0.5 goals,team,1.17,0.832,0.778,0.855,5.4,-0.026,High,High,rejected,price too short for the probability (EV -2.6%),,0.521,hit,0-1,2026-10-10
2026-10-10,2026-10-10 00:09,2026-10-10,2026-10-10 16:00,England,Isthmian League Premier Division,Chatham Town,Brentwood Town,HO05,Chatham Town over 0.5 goals,team,1.12,0.869,0.809,0.893,6.0,-0.027,High,High,rejected,odds 1.12 at or below 1.14 | price too short for the probability (EV -2.7%),,0.526,hit,3-0,2026-10-10
2026-10-10,2026-10-10 00:09,2026-10-10,2026-10-10 16:00,England,Isthmian League Premier Division,Cray Wanderers,Lewes,1X,Cray Wanderers or draw,dc,1.31,0.85,0.702,0.763,14.8,0.113,High,High,rejected,"model 15 pp above the market — data fault, not edge",,0.89,miss,1-2,2026-10-10
2026-10-10,2026-10-10 00:09,2026-10-10,2026-10-10 16:00,England,Isthmian League Premier Division,Dartford,Wingate & Finchley,O15,Over 1.5 goals,goals,1.15,0.847,0.796,0.87,5.1,-0.026,High,High,rejected,price too short for the probability (EV -2.6%),,0.489,hit,2-1,2026-10-10
2026-10-10,2026-10-10 00:09,2026-10-10,2026-10-10 16:00,England,Isthmian League Premier Division,Eastbourne Borough,Welling United,O15,Over 1.5 goals,goals,1.16,0.848,0.791,0.862,5.7,-0.016,High,High,rejected,price too short for the probability (EV -1.6%),,0.481,miss,1-0,2026-10-10
2026-10-10,2026-10-10 00:09,2026-10-10,2026-10-10 16:00,England,Isthmian League Premier Division,Enfield Town,Dulwich Hamlet,AO15,Dulwich Hamlet over 1.5 goals,team,2.25,0.462,0.405,0.444,5.7,0.039,High,High,rejected,probability 46% below the 70% bar for team,,0.601,miss,3-0,2026-10-10
2026-10-10,2026-10-10 00:09,2026-10-10,2026-10-10 16:00,England,Isthmian League Premier Division,Leatherhead,Cheshunt,O15,Over 1.5 goals,goals,1.18,0.836,0.777,0.847,5.9,-0.014,High,High,rejected,price too short for the probability (EV -1.4%),,0.483,hit,1-2,2026-10-10
2026-10-10,2026-10-10 00:09,2026-10-10,2026-10-10 16:00,England,Isthmian League Premier Division,Maldon & Tiptree,Whyteleafe,O15,Over 1.5 goals,goals,1.15,0.838,0.796,0.87,4.2,-0.036,High,High,rejected,price too short for the probability (EV -3.6%),,0.406,hit,1-2,2026-10-10
2026-10-10,2026-10-10 00:09,2026-10-10,2026-10-10 16:00,England,Isthmian League Premier Division,Whitehawk,Ramsgate,O05,Over 0.5 goals,goals,,0.957,,,,,High,N/A,rejected,odds N/A (not priced by Sportybet),,0.461,hit,1-4,2026-10-10
2026-10-10,2026-10-10 00:09,2026-10-10,2026-10-10 16:00,England,Isthmian League: North Division,AFC Sudbury,Gorleston,O05,Over 0.5 goals,goals,,0.966,,,,,Medium,N/A,rejected,odds N/A (not priced by Sportybet),,0.413,hit,2-3,2026-10-10
2026-10-10,2026-10-10 00:09,2026-10-10,2026-10-10 16:00,England,Isthmian League: North Division,Buckhurst Hill,Mulbarton Wanderers,O05,Over 0.5 goals,goals,,0.956,,,,,Medium,N/A,rejected,odds N/A (not priced by Sportybet),,0.41,hit,1-1,2026-10-10
2026-10-10,2026-10-10 00:09,2026-10-10,2026-10-10 16:00,England,Isthmian League: North Division,Canvey Island,Fakenham Town,O05,Over 0.5 goals,goals,,0.955,,,,,Medium,N/A,rejected,odds N/A (not priced by Sportybet),,0.419,hit,1-3,2026-10-10
2026-10-10,2026-10-10 00:09,2026-10-10,2026-10-10 16:00,England,Isthmian League: North Division,Little Oakley,Grays Athletic,O05,Over 0.5 goals,goals,,0.971,,,,,Medium,N/A,rejected,odds N/A (not priced by Sportybet),,0.395,hit,2-1,2026-10-10
2026-10-10,2026-10-10 00:09,2026-10-10,2026-10-10 16:00,England,Isthmian League: North Division,Lowestoft Town,Hashtag United,O05,Over 0.5 goals,goals,,0.973,,,,,Medium,N/A,rejected,odds N/A (not priced by Sportybet),,0.407,hit,0-8,2026-10-10
2026-10-10,2026-10-10 00:09,2026-10-10,2026-10-10 16:00,England,Isthmian League: North Division,Newmarket Town,Bowers & Pitsea,O05,Over 0.5 goals,goals,,0.953,,,,,High,N/A,rejected,odds N/A (not priced by Sportybet),,0.431,hit,2-2,2026-10-10
2026-10-10,2026-10-10 00:09,2026-10-10,2026-10-10 16:00,England,Isthmian League: North Division,Redbridge,Cambridge City,O05,Over 0.5 goals,goals,,0.965,,,,,Medium,N/A,rejected,odds N/A (not priced by Sportybet),,0.395,hit,1-3,2026-10-10
2026-10-10,2026-10-10 00:09,2026-10-10,2026-10-10 16:00,England,Isthmian League: North Division,Tilbury,Takeley,O05,Over 0.5 goals,goals,,0.952,,,,,High,N/A,rejected,odds N/A (not priced by Sportybet),,0.425,hit,2-0,2026-10-10
2026-10-10,2026-10-10 00:09,2026-10-10,2026-10-10 16:00,England,Isthmian League: North Division,Walthamstow,Brightlingsea Regent,O05,Over 0.5 goals,goals,,0.961,,,,,Medium,N/A,rejected,odds N/A (not priced by Sportybet),,0.419,hit,4-0,2026-10-10
2026-10-10,2026-10-10 00:09,2026-10-10,2026-10-10 16:00,England,Isthmian League: North Division,Witham Town,Felixstowe & Walton United,O05,Over 0.5 goals,goals,,0.955,,,,,Medium,N/A,rejected,odds N/A (not priced by Sportybet),,0.425,hit,1-2,2026-10-10
2026-10-10,2026-10-10 00:09,2026-10-10,2026-10-10 16:00,England,Isthmian League: South Central Division,AFC Portchester,Ashford Town,O05,Over 0.5 goals,goals,,0.949,,,,,Medium,N/A,rejected,odds N/A (not priced by Sportybet),,0.4,hit,1-2,2026-10-10
2026-10-10,2026-10-10 00:09,2026-10-10,2026-10-10 16:00,England,Isthmian League: South Central Division,Ascot United,Harrow Borough,O05,Over 0.5 goals,goals,,0.964,,,,,High,N/A,rejected,odds N/A (not priced by Sportybet),,0.425,hit,1-1,2026-10-10
2026-10-10,2026-10-10 00:09,2026-10-10,2026-10-10 16:00,England,Isthmian League: South Central Division,Bedfont Sports Club,Westfield FC,O05,Over 0.5 goals,goals,,0.955,,,,,Medium,N/A,rejected,odds N/A (not priced by Sportybet),,0.419,hit,1-4,2026-10-10
2026-10-10,2026-10-10 00:09,2026-10-10,2026-10-10 16:00,England,Isthmian League: South Central Division,Bognor Regis Town,Binfield,O05,Over 0.5 goals,goals,,0.98,,,,,Medium,N/A,rejected,odds N/A (not priced by Sportybet),,0.41,hit,2-1,2026-10-10
2026-10-10,2026-10-10 00:09,2026-10-10,2026-10-10 16:00,England,Isthmian League: South Central Division,Cobham,Egham Town FC,O05,Over 0.5 goals,goals,,0.962,,,,,Medium,N/A,rejected,odds N/A (not priced by Sportybet),,0.395,hit,0-1,2026-10-10
2026-10-10,2026-10-10 00:09,2026-10-10,2026-10-10 16:00,England,Isthmian League: South Central Division,Kingstonian,Jersey Bulls,O05,Over 0.5 goals,goals,,0.967,,,,,Medium,N/A,rejected,odds N/A (not priced by Sportybet),,0.419,hit,0-2,2026-10-10
2026-10-10,2026-10-10 00:09,2026-10-10,2026-10-10 16:00,England,Isthmian League: South Central Division,Littlehampton Town,Hendon,O05,Over 0.5 goals,goals,,0.97,,,,,Medium,N/A,rejected,odds N/A (not priced by Sportybet),,0.422,hit,3-4,2026-10-10
2026-10-10,2026-10-10 00:09,2026-10-10,2026-10-10 16:00,England,Isthmian League: South Central Division,Moneyfields FC,Hartley Wintney,O05,Over 0.5 goals,goals,,0.964,,,,,Medium,N/A,rejected,odds N/A (not priced by Sportybet),,0.404,hit,3-2,2026-10-10
2026-10-10,2026-10-10 00:09,2026-10-10,2026-10-10 16:00,England,Isthmian League: South Central Division,Raynes Park Vale,AFC Stoneham,O05,Over 0.5 goals,goals,,0.961,,,,,Medium,N/A,rejected,odds N/A (not priced by Sportybet),,0.383,hit,2-3,2026-10-10
2026-10-10,2026-10-10 00:09,2026-10-10,2026-10-10 16:00,England,Isthmian League: South Central Division,Winchester City,Southall,O05,Over 0.5 goals,goals,,0.961,,,,,Medium,N/A,rejected,odds N/A (not priced by Sportybet),,0.425,hit,3-2,2026-10-10
2026-10-10,2026-10-10 00:09,2026-10-10,2026-10-10 16:00,England,Isthmian League: South Central Division,Windsor & Eton FC,Hayes & Yeading United,O05,Over 0.5 goals,goals,,0.964,,,,,Low,N/A,rejected,failed the pipeline's data checks | odds N/A (not priced by Sportybet),,0.314,miss,0-0,2026-10-10
2026-10-10,2026-10-10 00:09,2026-10-10,2026-10-10 16:00,England,Isthmian League: South East Division,AFC Croydon Athletic,Margate,O05,Over 0.5 goals,goals,,0.963,,,,,Medium,N/A,rejected,odds N/A (not priced by Sportybet),,0.425,hit,1-3,2026-10-10
2026-10-10,2026-10-10 00:09,2026-10-10,2026-10-10 16:00,England,Isthmian League: South East Division,Ashford United,Horley Town,O05,Over 0.5 goals,goals,,0.974,,,,,Medium,N/A,rejected,odds N/A (not priced by Sportybet),,0.389,hit,2-2,2026-10-10
2026-10-10,2026-10-10 00:09,2026-10-10,2026-10-10 16:00,England,Isthmian League: South East Division,Broadbridge Heath,Deal Town,O05,Over 0.5 goals,goals,,0.965,,,,,Medium,N/A,rejected,odds N/A (not priced by Sportybet),,0.401,hit,1-1,2026-10-10
2026-10-10,2026-10-10 00:09,2026-10-10,2026-10-10 16:00,England,Isthmian League: South East Division,Crowborough Athletic,Sevenoaks Town,O05,Over 0.5 goals,goals,,0.965,,,,,Medium,N/A,rejected,odds N/A (not priced by Sportybet),,0.383,hit,5-2,2026-10-10
2026-10-10,2026-10-10 00:09,2026-10-10,2026-10-10 16:00,England,Isthmian League: South East Division,Eastbourne Town,Sittingbourne,O05,Over 0.5 goals,goals,,0.963,,,,,Medium,N/A,rejected,odds N/A (not priced by Sportybet),,0.383,hit,1-1,2026-10-10
2026-10-10,2026-10-10 00:09,2026-10-10,2026-10-10 16:00,England,Isthmian League: South East Division,Erith Town,Herne Bay,O05,Over 0.5 goals,goals,,0.956,,,,,Medium,N/A,rejected,odds N/A (not priced by Sportybet),,0.401,hit,4-1,2026-10-10
2026-10-10,2026-10-10 00:09,2026-10-10,2026-10-10 16:00,England,Isthmian League: South East Division,Faversham Town,South Park,O05,Over 0.5 goals,goals,,0.967,,,,,Medium,N/A,rejected,odds N/A (not priced by Sportybet),,0.389,hit,2-2,2026-10-10
2026-10-10,2026-10-10 00:09,2026-10-10,2026-10-10 16:00,England,Isthmian League: South East Division,Sheppey United,Hastings United,O05,Over 0.5 goals,goals,,0.957,,,,,Medium,N/A,rejected,odds N/A (not priced by Sportybet),,0.395,hit,1-2,2026-10-10
2026-10-10,2026-10-10 00:09,2026-10-10,2026-10-10 16:00,England,Isthmian League: South East Division,Whitstable Town,Steyning Town,O05,Over 0.5 goals,goals,,0.966,,,,,Medium,N/A,rejected,odds N/A (not priced by Sportybet),,0.419,hit,4-0,2026-10-10
2026-10-10,2026-10-10 00:09,2026-10-10,2026-10-10 16:00,England,League One,Mansfield,Bromley,KU55,Under 5.5 cards,cards,,0.875,,,,,High,N/A,rejected,odds N/A (not priced by Sportybet),,0.435,pending,,
2026-10-10,2026-10-10 00:09,2026-10-10,2026-10-10 16:00,England,League One,Stockport,Barnsley,O05,Over 0.5 goals,goals,,0.948,,,,,High,N/A,rejected,odds N/A (not priced by Sportybet),,0.462,hit,3-1,2026-10-10
2026-10-10,2026-10-10 00:09,2026-10-10,2026-10-10 16:00,England,League One,Wycombe,Luton,O05,Over 0.5 goals,goals,,0.946,,,,,High,N/A,rejected,odds N/A (not priced by Sportybet),,0.473,hit,1-4,2026-10-10
2026-10-10,2026-10-10 00:09,2026-10-10,2026-10-10 16:00,England,League Two,Port Vale,Grimsby,U35,Under 3.5 goals,goals,1.33,0.83,0.71,0.752,12.1,0.104,High,High,rejected,"model 12 pp above the market — data fault, not edge",,0.883,hit,1-0,2026-10-10
2026-10-10,2026-10-10 00:09,2026-10-10,2026-10-10 16:00,England,League Two,Rotherham,Gillingham,A,Gillingham to win,result,4.0,0.282,0.23,0.25,5.1,0.126,High,High,rejected,probability 28% below the 60% bar for result,,0.658,hit,1-4,2026-10-10
2026-10-10,2026-10-10 00:09,2026-10-10,2026-10-10 16:00,England,League Two,Tranmere,Rochdale,U55,Under 5.5 goals,goals,,0.954,,,,,High,N/A,rejected,odds N/A (not priced by Sportybet),,0.47,hit,1-1,2026-10-10
2026-10-10,2026-10-10 00:09,2026-10-10,2026-10-10 16:00,England,League Two,York,Northampton,1X,York or draw,dc,,0.951,,,,,High,High,rejected,odds N/A (not priced by Sportybet),,0.452,hit,1-1,2026-10-10
2026-10-10,2026-10-10 00:09,2026-10-10,2026-10-10 16:00,England,National League,Halifax,Gateshead,O35,Over 3.5 goals,goals,2.65,0.386,0.357,0.377,2.9,0.022,High,High,rejected,probability 39% below the 70% bar for goals,,0.508,hit,4-1,2026-10-10
2026-10-10,2026-10-10 00:09,2026-10-10,2026-10-10 16:00,England,National League: North,Chester FC,Bedford Town,A,Bedford Town to win,result,4.8,0.244,0.181,0.208,6.4,0.173,High,High,rejected,probability 24% below the 60% bar for result,,0.711,miss,1-0,2026-10-10
2026-10-10,2026-10-10 00:09,2026-10-10,2026-10-10 16:00,England,National League: North,Chorley,AFC Telford United,H,Chorley to win,result,2.4,0.425,0.39,0.417,3.6,0.021,High,High,rejected,probability 43% below the 60% bar for result,,0.429,hit,2-1,2026-10-10
2026-10-10,2026-10-10 00:09,2026-10-10,2026-10-10 16:00,England,National League: North,Harborough Town FC,Southport,1X,Harborough Town FC or draw,dc,1.17,0.838,0.817,0.855,2.1,-0.019,High,High,rejected,price too short for the probability (EV -1.9%),,0.428,hit,1-0,2026-10-10
2026-10-10,2026-10-10 00:09,2026-10-10,2026-10-10 16:00,England,National League: North,Hebburn Town,Oxford City,H,Hebburn Town to win,result,3.0,0.378,0.305,0.333,7.3,0.134,High,High,rejected,probability 38% below the 60% bar for result,,0.704,miss,0-3,2026-10-10
2026-10-10,2026-10-10 00:09,2026-10-10,2026-10-10 16:00,England,National League: North,King's Lynn Town,Buxton,H,King's Lynn Town to win,result,2.8,0.397,0.327,0.357,7.0,0.111,High,High,rejected,probability 40% below the 60% bar for result,,0.716,hit,1-0,2026-10-10
2026-10-10,2026-10-10 00:09,2026-10-10,2026-10-10 16:00,England,National League: North,Radcliffe,Scarborough Athletic,O05,Over 0.5 goals,goals,,0.941,,,,,High,N/A,rejected,odds N/A (not priced by Sportybet),,0.454,hit,4-1,2026-10-10
2026-10-10,2026-10-10 00:09,2026-10-10,2026-10-10 16:00,England,National League: North,Worksop Town,Morecambe,O05,Over 0.5 goals,goals,,0.944,,,,,High,N/A,rejected,odds N/A (not priced by Sportybet),,0.432,hit,2-1,2026-10-10
2026-10-10,2026-10-10 00:09,2026-10-10,2026-10-10 16:00,England,National League: South,Chesham United,Chelmsford City,AO15,Chelmsford City over 1.5 goals,team,2.2,0.458,0.423,0.455,3.5,0.008,High,High,rejected,probability 46% below the 70% bar for team,,0.481,hit,0-5,2026-10-10
2026-10-10,2026-10-10 00:09,2026-10-10,2026-10-10 16:00,England,National League: South,Hampton & Richmond,Ebbsfleet United,AO05,Ebbsfleet United over 0.5 goals,team,1.14,0.846,0.814,0.877,3.1,-0.036,High,High,rejected,odds 1.14 at or below 1.14 | price too short for the probability (EV -3.6%),,0.451,hit,0-2,2026-10-10
2026-10-10,2026-10-10 00:09,2026-10-10,2026-10-10 16:00,England,National League: South,Torquay United,Slough Town,O05,Over 0.5 goals,goals,,0.961,,,,,High,N/A,rejected,odds N/A (not priced by Sportybet),,0.455,hit,5-1,2026-10-10
2026-10-10,2026-10-10 00:09,2026-10-10,2026-10-10 16:00,England,National League: South,Weston Super Mare,Folkestone Invicta,U55,Under 5.5 goals,goals,,0.942,,,,,High,N/A,rejected,odds N/A (not priced by Sportybet),,0.436,hit,1-1,2026-10-10
2026-10-10,2026-10-10 00:09,2026-10-10,2026-10-10 16:00,England,Northern Premier League,Alfreton Town,Bury,HU15,Alfreton Town under 1.5 goals,team,1.48,0.695,0.614,0.676,8.1,0.029,Medium,Medium,rejected,probability 70% below the 70% bar for team,,0.558,miss,2-3,2026-10-10
2026-10-10,2026-10-10 00:09,2026-10-10,2026-10-10 16:00,England,Northern Premier League,Avro,Guiseley,O15,Over 1.5 goals,goals,1.19,0.834,0.771,0.84,6.3,-0.008,High,High,rejected,price too short for the probability (EV -0.8%),,0.483,miss,0-1,2026-10-10
2026-10-10,2026-10-10 00:09,2026-10-10,2026-10-10 16:00,England,Northern Premier League,Cleethorpes Town,Warrington Rylands,HO05,Cleethorpes Town over 0.5 goals,team,1.19,0.817,0.762,0.84,5.5,-0.028,High,High,rejected,price too short for the probability (EV -2.8%),,0.487,hit,3-0,2026-10-10
2026-10-10,2026-10-10 00:09,2026-10-10,2026-10-10 16:00,England,Northern Premier League,Ilkeston Town,Redcar Athletic,HU15,Ilkeston Town under 1.5 goals,team,1.27,0.782,0.716,0.787,6.6,-0.007,High,High,rejected,price too short for the probability (EV -0.7%),,0.54,hit,0-5,2026-10-10
2026-10-10,2026-10-10 00:09,2026-10-10,2026-10-10 16:00,England,Northern Premier League,Leek Town,Ashton United,H,Leek Town to win,result,2.25,0.459,0.408,0.444,5.1,0.033,High,High,rejected,probability 46% below the 60% bar for result,,0.514,miss,2-2,2026-10-10
2026-10-10,2026-10-10 00:09,2026-10-10,2026-10-10 16:00,England,Northern Premier League,Quorn,Workington,HU15,Quorn under 1.5 goals,team,1.9,0.53,0.478,0.526,5.2,0.007,High,High,rejected,probability 53% below the 70% bar for team,,0.435,miss,3-0,2026-10-10
2026-10-10,2026-10-10 00:09,2026-10-10,2026-10-10 16:00,England,Northern Premier League,Warrington Town,Lancaster City,O15,Over 1.5 goals,goals,1.22,0.809,0.755,0.82,5.5,-0.013,High,High,rejected,price too short for the probability (EV -1.3%),,0.462,hit,2-2,2026-10-10
2026-10-10,2026-10-10 00:09,2026-10-10,2026-10-10 16:00,England,Northern Premier League,Whitby,Bamber Bridge,O05,Over 0.5 goals,goals,,0.954,,,,,High,N/A,rejected,odds N/A (not priced by Sportybet),,0.455,miss,0-0,2026-10-10
2026-10-10,2026-10-10 00:09,2026-10-10,2026-10-10 16:00,England,Northern Premier League: East Division,Bradford PA,Liversedge,O05,Over 0.5 goals,goals,,0.958,,,,,Medium,N/A,rejected,odds N/A (not priced by Sportybet),,0.383,hit,2-1,2026-10-10
2026-10-10,2026-10-10 00:09,2026-10-10,2026-10-10 16:00,England,Northern Premier League: East Division,Bridlington Town,Morpeth Town AFC,U55,Under 5.5 goals,goals,,0.948,,,,,Medium,N/A,rejected,odds N/A (not priced by Sportybet),,0.424,hit,1-1,2026-10-10
2026-10-10,2026-10-10 00:09,2026-10-10,2026-10-10 16:00,England,Northern Premier League: East Division,Guisborough Town,Blyth Spartans,U55,Under 5.5 goals,goals,,0.956,,,,,Medium,N/A,rejected,odds N/A (not priced by Sportybet),,0.395,hit,0-1,2026-10-10
2026-10-10,2026-10-10 00:09,2026-10-10,2026-10-10 16:00,England,Northern Premier League: East Division,Hallam,Garforth Town,U55,Under 5.5 goals,goals,,0.936,,,,,Medium,N/A,rejected,odds N/A (not priced by Sportybet),,0.393,hit,0-3,2026-10-10
2026-10-10,2026-10-10 00:09,2026-10-10,2026-10-10 16:00,England,Northern Premier League: East Division,Heaton Stannington FC,Ossett United,U55,Under 5.5 goals,goals,,0.942,,,,,High,N/A,rejected,odds N/A (not priced by Sportybet),,0.431,pending,,
2026-10-10,2026-10-10 00:09,2026-10-10,2026-10-10 16:00,England,Northern Premier League: East Division,Lincoln United,West Auckland Town,O05,Over 0.5 goals,goals,,0.939,,,,,High,N/A,rejected,odds N/A (not priced by Sportybet),,0.431,hit,3-2,2026-10-10
2026-10-10,2026-10-10 00:09,2026-10-10,2026-10-10 16:00,England,Northern Premier League: East Division,North Ferriby FC,Dunston UTS,U55,Under 5.5 goals,goals,,0.959,,,,,Medium,N/A,rejected,odds N/A (not priced by Sportybet),,0.413,hit,0-2,2026-10-10
2026-10-10,2026-10-10 00:09,2026-10-10,2026-10-10 16:00,England,Northern Premier League: East Division,Pontefract Collieries,Grimsby Borough,O05,Over 0.5 goals,goals,,0.958,,,,,High,N/A,rejected,odds N/A (not priced by Sportybet),,0.425,hit,3-1,2026-10-10
2026-10-10,2026-10-10 00:09,2026-10-10,2026-10-10 16:00,England,Northern Premier League: East Division,Stocksbridge Park Steels,Matlock Town,U55,Under 5.5 goals,goals,,0.938,,,,,Medium,N/A,rejected,odds N/A (not priced by Sportybet),,0.41,hit,0-3,2026-10-10
2026-10-10,2026-10-10 00:09,2026-10-10,2026-10-10 16:00,England,Northern Premier League: Midlands Division,Bedworth United,Bourne Town,U55,Under 5.5 goals,goals,,0.946,,,,,Medium,N/A,rejected,odds N/A (not priced by Sportybet),,0.422,miss,6-1,2026-10-10
2026-10-10,2026-10-10 00:09,2026-10-10,2026-10-10 16:00,England,Northern Premier League: Midlands Division,Coleshill Town,Basford United,O05,Over 0.5 goals,goals,,0.936,,,,,Medium,N/A,rejected,odds N/A (not priced by Sportybet),,0.39,hit,4-2,2026-10-10
2026-10-10,2026-10-10 00:09,2026-10-10,2026-10-10 16:00,England,Northern Premier League: Midlands Division,Corby Town,Boldmere St Michaels,O05,Over 0.5 goals,goals,,0.939,,,,,High,N/A,rejected,odds N/A (not priced by Sportybet),,0.422,hit,2-2,2026-10-10
2026-10-10,2026-10-10 00:09,2026-10-10,2026-10-10 16:00,England,Northern Premier League: Midlands Division,Coventry United,Carlton Town,O05,Over 0.5 goals,goals,,0.94,,,,,Medium,N/A,rejected,odds N/A (not priced by Sportybet),,0.387,hit,0-3,2026-10-10
2026-10-10,2026-10-10 00:09,2026-10-10,2026-10-10 16:00,England,Northern Premier League: Midlands Division,Long Eaton United,AFC Rushden & Diamonds,O05,Over 0.5 goals,goals,,0.944,,,,,Medium,N/A,rejected,odds N/A (not priced by Sportybet),,0.39,hit,3-5,2026-10-10
2026-10-10,2026-10-10 00:09,2026-10-10,2026-10-10 16:00,England,Northern Premier League: Midlands Division,Loughborough University,Barwell FC,O05,Over 0.5 goals,goals,,0.952,,,,,Medium,N/A,rejected,odds N/A (not priced by Sportybet),,0.392,hit,3-0,2026-10-10
2026-10-10,2026-10-10 00:09,2026-10-10,2026-10-10 16:00,England,Northern Premier League: Midlands Division,Shepshed Dynamo,Mickleover Sports,U55,Under 5.5 goals,goals,,0.942,,,,,Medium,N/A,rejected,odds N/A (not priced by Sportybet),,0.382,hit,1-1,2026-10-10
2026-10-10,2026-10-10 00:09,2026-10-10,2026-10-10 16:00,England,Northern Premier League: Midlands Division,St. Ives Town,Belper Town,O05,Over 0.5 goals,goals,,0.941,,,,,Medium,N/A,rejected,odds N/A (not priced by Sportybet),,0.412,hit,0-5,2026-10-10
2026-10-10,2026-10-10 00:09,2026-10-10,2026-10-10 16:00,England,Northern Premier League: Midlands Division,Sutton Coldfield Town,Boston Town,O05,Over 0.5 goals,goals,,0.952,,,,,Medium,N/A,rejected,odds N/A (not priced by Sportybet),,0.401,hit,3-3,2026-10-10
2026-10-10,2026-10-10 00:09,2026-10-10,2026-10-10 16:00,England,Northern Premier League: Midlands Division,Wellingborough Town,Grantham Town,O05,Over 0.5 goals,goals,,0.943,,,,,Medium,N/A,rejected,odds N/A (not priced by Sportybet),,0.395,hit,3-2,2026-10-10
2026-10-10,2026-10-10 00:09,2026-10-10,2026-10-10 16:00,England,Northern Premier League: West Division,Hanley Town,Bootle,O05,Over 0.5 goals,goals,,0.967,,,,,High,N/A,rejected,odds N/A (not priced by Sportybet),,0.431,hit,1-0,2026-10-10
2026-10-10,2026-10-10 00:09,2026-10-10,2026-10-10 16:00,England,Northern Premier League: West Division,Lichfield City,Clitheroe,O05,Over 0.5 goals,goals,,0.969,,,,,Medium,N/A,rejected,odds N/A (not priced by Sportybet),,0.413,hit,1-2,2026-10-10
2026-10-10,2026-10-10 00:09,2026-10-10,2026-10-10 16:00,England,Northern Premier League: West Division,Nantwich Town,Atherton Collieries,O05,Over 0.5 goals,goals,,0.956,,,,,Medium,N/A,rejected,odds N/A (not priced by Sportybet),,0.425,hit,1-2,2026-10-10
2026-10-10,2026-10-10 00:09,2026-10-10,2026-10-10 16:00,England,Northern Premier League: West Division,Prescot Cables,Wythenshawe,O05,Over 0.5 goals,goals,,0.954,,,,,Medium,N/A,rejected,odds N/A (not priced by Sportybet),,0.404,hit,1-1,2026-10-10
2026-10-10,2026-10-10 00:09,2026-10-10,2026-10-10 16:00,England,Northern Premier League: West Division,Runcorn Linnets,Congleton Town,O05,Over 0.5 goals,goals,,0.946,,,,,Medium,N/A,rejected,odds N/A (not priced by Sportybet),,0.422,hit,2-2,2026-10-10
2026-10-10,2026-10-10 00:09,2026-10-10,2026-10-10 16:00,England,Northern Premier League: West Division,Shifnal Town,1874 Northwich,O05,Over 0.5 goals,goals,,0.944,,,,,Medium,N/A,rejected,odds N/A (not priced by Sportybet),,0.396,hit,3-1,2026-10-10
2026-10-10,2026-10-10 00:09,2026-10-10,2026-10-10 16:00,England,Northern Premier League: West Division,Stafford Rangers,Mossley AFC,O05,Over 0.5 goals,goals,,0.948,,,,,Medium,N/A,rejected,odds N/A (not priced by Sportybet),,0.393,hit,3-0,2026-10-10
2026-10-10,2026-10-10 00:09,2026-10-10,2026-10-10 16:00,England,Northern Premier League: West Division,Stalybridge,Kidsgrove Athletic,O05,Over 0.5 goals,goals,,0.952,,,,,Medium,N/A,rejected,odds N/A (not priced by Sportybet),,0.401,hit,3-1,2026-10-10
2026-10-10,2026-10-10 00:09,2026-10-10,2026-10-10 16:00,England,Northern Premier League: West Division,Vauxhall Motors,Chasetown,O05,Over 0.5 goals,goals,,0.961,,,,,High,N/A,rejected,odds N/A (not priced by Sportybet),,0.425,hit,2-2,2026-10-10
2026-10-10,2026-10-10 00:09,2026-10-10,2026-10-10 16:00,England,Northern Premier League: West Division,Witton Albion,Newcastle Town,O05,Over 0.5 goals,goals,,0.961,,,,,Medium,N/A,rejected,odds N/A (not priced by Sportybet),,0.404,hit,1-0,2026-10-10
2026-10-10,2026-10-10 00:09,2026-10-10,2026-10-10 16:00,England,Southern League Premier: Central,Banbury United,Stamford AFC,HO05,Banbury United over 0.5 goals,team,1.12,0.845,0.811,0.893,3.5,-0.053,High,High,rejected,odds 1.12 at or below 1.14 | price too short for the probability (EV -5.3%),,0.427,hit,3-2,2026-10-10
2026-10-10,2026-10-10 00:09,2026-10-10,2026-10-10 16:00,England,Southern League Premier: Central,Hitchin Town,Peterborough Sports,H,Hitchin Town to win,result,3.1,0.375,0.289,0.323,8.6,0.162,Medium,Medium,rejected,probability 37% below the 60% bar for result,,0.716,miss,0-1,2026-10-10
2026-10-10,2026-10-10 00:09,2026-10-10,2026-10-10 16:00,England,Southern League Premier: Central,Kettering Town,Halesowen Town FC,U45,Under 4.5 goals,goals,1.13,0.848,0.813,0.885,3.5,-0.042,High,N/A,rejected,odds 1.13 at or below 1.14 | price too short for the probability (EV -4.2%),,0.414,hit,1-1,2026-10-10
2026-10-10,2026-10-10 00:09,2026-10-10,2026-10-10 16:00,England,Southern League Premier: Central,Needham Market,Anstey Nomads,AO05,Anstey Nomads over 0.5 goals,team,1.2,0.794,0.758,0.833,3.6,-0.047,High,High,rejected,price too short for the probability (EV -4.7%),,0.404,hit,1-1,2026-10-10
2026-10-10,2026-10-10 00:09,2026-10-10,2026-10-10 16:00,England,Southern League Premier: Central,Racing Club Warwick,Leiston,U45,Under 4.5 goals,goals,1.2,0.82,0.765,0.833,5.6,-0.016,High,N/A,rejected,price too short for the probability (EV -1.6%),,0.431,hit,0-0,2026-10-10
2026-10-10,2026-10-10 00:09,2026-10-10,2026-10-10 16:00,England,Southern League Premier: Central,Real Bedford,Bromsgrove Sporting,AU15,Bromsgrove Sporting under 1.5 goals,team,1.54,0.664,0.588,0.649,7.6,0.023,High,High,rejected,probability 66% below the 70% bar for team,,0.528,hit,1-1,2026-10-10
2026-10-10,2026-10-10 00:09,2026-10-10,2026-10-10 16:00,England,Southern League Premier: Central,Redditch United,Bishop's Stortford,H,Redditch United to win,result,1.82,0.577,0.515,0.549,6.2,0.051,High,High,rejected,probability 58% below the 60% bar for result,,0.594,hit,3-1,2026-10-10
2026-10-10,2026-10-10 00:09,2026-10-10,2026-10-10 16:00,England,Southern League Premier: Central,Stourbridge,Leighton Town,O15,Over 1.5 goals,goals,1.21,0.812,0.756,0.826,5.6,-0.017,High,High,rejected,price too short for the probability (EV -1.7%),,0.452,hit,2-1,2026-10-10
2026-10-10,2026-10-10 00:09,2026-10-10,2026-10-10 16:00,England,Southern League Premier: Central,Stratford Town,Leamington,O05,Over 0.5 goals,goals,,0.945,,,,,High,N/A,rejected,odds N/A (not priced by Sportybet),,0.433,hit,2-1,2026-10-10
2026-10-10,2026-10-10 00:09,2026-10-10,2026-10-10 16:00,England,Southern League Premier: South,Basingstoke,Malvern Town,AU15,Malvern Town under 1.5 goals,team,1.56,0.662,0.58,0.641,8.3,0.033,High,High,rejected,probability 66% below the 70% bar for team,,0.536,hit,4-1,2026-10-10
2026-10-10,2026-10-10 00:09,2026-10-10,2026-10-10 16:00,England,Southern League Premier: South,Chichester City,Plymouth Parkway,O15,Over 1.5 goals,goals,1.17,0.841,0.786,0.855,5.5,-0.016,High,High,rejected,price too short for the probability (EV -1.6%),,0.472,hit,3-1,2026-10-10
2026-10-10,2026-10-10 00:09,2026-10-10,2026-10-10 16:00,England,Southern League Premier: South,Poole Town,Bracknell Town,O15,Over 1.5 goals,goals,1.17,0.83,0.786,0.855,4.4,-0.029,High,High,rejected,price too short for the probability (EV -2.9%),,0.448,miss,1-0,2026-10-10
2026-10-10,2026-10-10 00:09,2026-10-10,2026-10-10 16:00,England,Southern League Premier: South,Yate Town,Berkhamsted,O05,Over 0.5 goals,goals,,0.938,,,,,High,N/A,rejected,odds N/A (not priced by Sportybet),,0.458,hit,0-3,2026-10-10
2026-10-10,2026-10-10 00:09,2026-10-10,2026-10-10 16:00,England,Southern League: Central Divison,Beaconsfield Town,Barton Rovers,O05,Over 0.5 goals,goals,,0.951,,,,,Medium,N/A,rejected,odds N/A (not priced by Sportybet),,0.398,hit,1-3,2026-10-10
2026-10-10,2026-10-10 00:09,2026-10-10,2026-10-10 16:00,England,Southern League: Central Divison,Biggleswade Town,Haringey Borough,O05,Over 0.5 goals,goals,,0.942,,,,,Medium,N/A,rejected,odds N/A (not priced by Sportybet),,0.395,hit,2-3,2026-10-10
2026-10-10,2026-10-10 00:09,2026-10-10,2026-10-10 16:00,England,Southern League: Central Divison,Didcot Town,Biggleswade FC,O05,Over 0.5 goals,goals,,0.965,,,,,Medium,N/A,rejected,odds N/A (not priced by Sportybet),,0.383,hit,0-2,2026-10-10
2026-10-10,2026-10-10 00:09,2026-10-10,2026-10-10 16:00,England,Southern League: Central Divison,Hertford Town,Milton Keynes Irish,O05,Over 0.5 goals,goals,,0.95,,,,,Medium,N/A,rejected,odds N/A (not priced by Sportybet),,0.395,hit,0-3,2026-10-10
2026-10-10,2026-10-10 00:09,2026-10-10,2026-10-10 16:00,England,Southern League: Central Divison,London Lions,Aylesbury United,O05,Over 0.5 goals,goals,,0.963,,,,,High,N/A,rejected,odds N/A (not priced by Sportybet),,0.425,hit,2-1,2026-10-10
2026-10-10,2026-10-10 00:09,2026-10-10,2026-10-10 16:00,England,Southern League: Central Divison,Marlow,Royston Town,O05,Over 0.5 goals,goals,,0.958,,,,,Medium,N/A,rejected,odds N/A (not priced by Sportybet),,0.389,hit,3-3,2026-10-10
2026-10-10,2026-10-10 00:09,2026-10-10,2026-10-10 16:00,England,Southern League: Central Divison,Potters Bar Town,Flackwell Heath,O05,Over 0.5 goals,goals,,0.951,,,,,Medium,N/A,rejected,odds N/A (not priced by Sportybet),,0.413,hit,3-0,2026-10-10
2026-10-10,2026-10-10 00:09,2026-10-10,2026-10-10 16:00,England,Southern League: Central Divison,Stotfold,Waltham Abbey,O05,Over 0.5 goals,goals,,0.962,,,,,Medium,N/A,rejected,odds N/A (not priced by Sportybet),,0.383,hit,3-1,2026-10-10
2026-10-10,2026-10-10 00:09,2026-10-10,2026-10-10 16:00,England,Southern League: Central Divison,Thame United,Leverstock Green,O05,Over 0.5 goals,goals,,0.956,,,,,Medium,N/A,rejected,odds N/A (not priced by Sportybet),,0.413,hit,2-3,2026-10-10
2026-10-10,2026-10-10 00:09,2026-10-10,2026-10-10 16:00,England,Southern League: Central Divison,Ware,Hadley,O05,Over 0.5 goals,goals,,0.956,,,,,Medium,N/A,rejected,odds N/A (not priced by Sportybet),,0.386,hit,2-4,2026-10-10
2026-10-10,2026-10-10 00:09,2026-10-10,2026-10-10 16:00,England,Southern League: Central Divison,Welwyn Garden City,Winslow United,O05,Over 0.5 goals,goals,,0.957,,,,,Medium,N/A,rejected,odds N/A (not priced by Sportybet),,0.389,hit,1-2,2026-10-10
2026-10-10,2026-10-10 00:09,2026-10-10,2026-10-10 16:00,Finland,Veikkausliiga: Relegation,TPS,FF Jaro,U55,Under 5.5 goals,goals,,0.939,,,,,High,N/A,rejected,odds N/A (not priced by Sportybet),,0.446,hit,0-1,2026-10-10
2026-10-10,2026-10-10 00:09,2026-10-10,2026-10-10 16:00,Finland,Ykkonen: Relegation,TPV Tampere,KPV,U55,Under 5.5 goals,goals,1.2,0.898,0.765,0.833,13.3,0.077,Low,N/A,rejected,"failed the pipeline's data checks | model 13 pp above the market — data fault, not edge",,0.781,hit,4-0,2026-10-10
2026-10-10,2026-10-10 00:09,2026-10-10,2026-10-10 16:00,Georgia,Erovnuli Liga 2,FC Gori,Merani Martvili,U55,Under 5.5 goals,goals,,0.949,,,,,High,N/A,rejected,odds N/A (not priced by Sportybet),,0.457,hit,2-1,2026-10-10
2026-10-10,2026-10-10 00:09,2026-10-10,2026-10-10 16:00,Georgia,Erovnuli Liga 2,Samtredia,Sioni Bolnisi,O05,Over 0.5 goals,goals,,0.948,,,,,High,N/A,rejected,odds N/A (not priced by Sportybet),,0.453,hit,3-0,2026-10-10
2026-10-10,2026-10-10 00:09,2026-10-10,2026-10-10 16:00,Germany,Oberliga: Bayern North,Jahn Regensburg II,Stadeln,O05,Over 0.5 goals,goals,,0.963,,,,,High,N/A,rejected,odds N/A (not priced by Sportybet),,0.461,miss,0-0,2026-10-10
2026-10-10,2026-10-10 00:09,2026-10-10,2026-10-10 16:00,Germany,Oberliga: Hessen,SV Rot-Weiss Hadamar,VfB Marburg,O05,Over 0.5 goals,goals,,0.954,,,,,High,N/A,rejected,odds N/A (not priced by Sportybet),,0.44,hit,2-0,2026-10-10
2026-10-10,2026-10-10 00:09,2026-10-10,2026-10-10 16:00,Germany,Oberliga: Rheinland-Pfalz/Saar,Eisbachtaler Sportfreunde,Hertha Wiesbach,O05,Over 0.5 goals,goals,,0.97,,,,,High,N/A,rejected,odds N/A (not priced by Sportybet),,0.467,hit,1-4,2026-10-10
2026-10-10,2026-10-10 00:09,2026-10-10,2026-10-10 16:00,Iceland,Besta deildin: Relegation Group,Stjarnan,KA Akureyri,U55,Under 5.5 goals,goals,1.28,0.9,0.738,0.781,16.2,0.152,Medium,N/A,rejected,"failed the pipeline's data checks | model 16 pp above the market — data fault, not edge",,0.831,hit,0-3,2026-10-10
2026-10-10,2026-10-10 00:09,2026-10-10,2026-10-10 16:00,Iceland,Besta deildin: Relegation Group,Thor Akureyri,IBV Vestmannaeyjar,H,Thor Akureyri to win,result,2.75,0.401,0.341,0.364,6.0,0.102,Low,Low,rejected,failed the pipeline's data checks | probability 40% below the 60% bar for result,,0.585,hit,1-0,2026-10-10
2026-10-10,2026-10-10 00:09,2026-10-10,2026-10-10 16:00,Iceland,Besta deildin: Relegation Group,Valur,FH Hafnarfjordur,U45,Under 4.5 goals,goals,1.45,0.785,0.651,0.69,13.5,0.138,Low,N/A,rejected,"failed the pipeline's data checks | model 13 pp above the market — data fault, not edge",,0.718,miss,3-5,2026-10-10
2026-10-10,2026-10-10 00:09,2026-10-10,2026-10-10 16:00,India,Super League,FC Goa,Chennaiyin FC,A,Chennaiyin FC to win,result,5.2,0.203,0.17,0.192,3.3,0.054,High,High,rejected,probability 20% below the 60% bar for result,,0.452,miss,1-1,2026-10-10
2026-10-10,2026-10-10 00:09,2026-10-10,2026-10-10 16:00,International Friendlies,Women's Friendlies,Liechtenstein W,Gibraltar W,O05,Over 0.5 goals,goals,,0.956,,,,,Low,N/A,rejected,failed the pipeline's data checks | odds N/A (not priced by Sportybet),,0.341,hit,3-0,2026-10-10
2026-10-10,2026-10-10 00:09,2026-10-10,2026-10-10 16:00,Jordan,Pro League,Ramtha SC,Doqara,HO05,Ramtha SC over 0.5 goals,team,1.21,0.796,0.763,0.826,3.2,-0.037,Low,Low,rejected,failed the pipeline's data checks | price too short for the probability (EV -3.7%),,0.296,miss,0-0,2026-10-10
2026-10-10,2026-10-10 00:09,2026-10-10,2026-10-10 16:00,Kazakhstan,Premier League,Zhenis,Atyrau,HO15,Zhenis over 1.5 goals,team,2.1,0.488,0.443,0.476,4.5,0.024,High,High,rejected,probability 49% below the 70% bar for team,,0.498,miss,1-2,2026-10-10
2026-10-10,2026-10-10 00:09,2026-10-10,2026-10-10 16:00,Moldova,Super Liga,Dacia-2 Buiucani,FC Sheriff,O05,Over 0.5 goals,goals,,0.937,,,,,High,N/A,rejected,odds N/A (not priced by Sportybet),,0.417,hit,2-5,2026-10-10
2026-10-10,2026-10-10 00:09,2026-10-10,2026-10-10 16:00,Northern Ireland,Championship,Loughgall,Moyola Park,A,Moyola Park to win,result,5.6,0.232,0.146,0.179,8.6,0.299,Medium,Medium,rejected,probability 23% below the 60% bar for result,,0.722,hit,1-2,2026-10-10
2026-10-10,2026-10-10 00:09,2026-10-10,2026-10-10 16:00,Northern Ireland,Premiership,Coleraine,Cliftonville,A,Cliftonville to win,result,6.9,0.183,0.119,0.145,6.4,0.262,High,High,rejected,probability 18% below the 60% bar for result,,0.713,miss,1-0,2026-10-10
2026-10-10,2026-10-10 00:09,2026-10-10,2026-10-10 16:00,Northern Ireland,Premiership,Crusaders,Larne,1X,Crusaders or draw,dc,2.75,0.323,0.271,0.364,5.2,-0.113,High,High,rejected,probability 32% below the 70% bar for dc | price too short for the probability (EV -11.3%),,0.448,miss,0-3,2026-10-10
2026-10-10,2026-10-10 00:09,2026-10-10,2026-10-10 16:00,Northern Ireland,Premiership,Linfield,Bangor,X2,Draw or Bangor,dc,3.1,0.264,0.221,0.323,4.3,-0.18,High,High,rejected,probability 26% below the 70% bar for dc | price too short for the probability (EV -18.0%),,0.427,miss,2-0,2026-10-10
2026-10-10,2026-10-10 00:09,2026-10-10,2026-10-10 16:00,Norway,Eliteserien,Bodoe/Glimt,Kristiansund BK,U55,Under 5.5 goals,goals,1.44,0.793,0.668,0.694,12.4,0.141,High,N/A,rejected,"model 12 pp above the market — data fault, not edge",,0.832,hit,3-1,2026-10-10
2026-10-10,2026-10-10 00:09,2026-10-10,2026-10-10 16:00,Poland,II Liga,Stal Stalowa Wola,Slask Wroclaw ll,O05,Over 0.5 goals,goals,,0.954,,,,,High,N/A,rejected,odds N/A (not priced by Sportybet),,0.446,hit,3-2,2026-10-10
2026-10-10,2026-10-10 00:09,2026-10-10,2026-10-10 16:00,Portugal,Liga 3: Group A,SC Vianense,Paredes,AO05,Paredes over 0.5 goals,team,1.24,0.762,0.733,0.806,3.0,-0.055,Medium,Medium,rejected,price too short for the probability (EV -5.5%),,0.318,hit,3-3,2026-10-10
2026-10-10,2026-10-10 00:09,2026-10-10,2026-10-10 16:00,Scotland,Championship,Inverness C,Stenhousemuir,U45,Under 4.5 goals,goals,,0.955,,,,,High,N/A,rejected,odds N/A (not priced by Sportybet),,0.461,hit,2-0,2026-10-10
2026-10-10,2026-10-10 00:09,2026-10-10,2026-10-10 16:00,Scotland,Championship,Raith Rvs,Queens Park,AU15,Queens Park under 1.5 goals,team,1.17,0.832,0.801,0.855,3.1,-0.027,High,High,rejected,price too short for the probability (EV -2.7%),,0.434,hit,2-0,2026-10-10
2026-10-10,2026-10-10 00:09,2026-10-10,2026-10-10 16:00,Scotland,League 1,East Kilbride,Airdrieonians,O05,Over 0.5 goals,goals,,0.945,,,,,High,N/A,rejected,odds N/A (not priced by Sportybet),,0.448,hit,2-2,2026-10-10
2026-10-10,2026-10-10 00:09,2026-10-10,2026-10-10 16:00,Scotland,League One,East Kilbride,Airdrie Utd,O05,Over 0.5 goals,goals,,0.953,,,,,High,N/A,rejected,odds N/A (not priced by Sportybet),,0.458,pending,,
2026-10-10,2026-10-10 00:09,2026-10-10,2026-10-10 16:00,Scotland,League One,Montrose,Ross County,H,Montrose to win,result,6.1,0.226,0.14,0.164,8.6,0.38,High,High,rejected,probability 23% below the 60% bar for result,,0.761,miss,0-5,2026-10-10
2026-10-10,2026-10-10 00:09,2026-10-10,2026-10-10 16:00,Scotland,League Two,Stirling,Kelty Hearts,HO05,Stirling over 0.5 goals,team,1.21,0.798,0.763,0.826,3.5,-0.035,High,High,rejected,price too short for the probability (EV -3.5%),,0.386,hit,2-1,2026-10-10
2026-10-10,2026-10-10 00:09,2026-10-10,2026-10-10 16:00,Serbia,Prva Liga,FK Borac Cacak,Jedinstvo Ub,BTTS,Both teams to score,btts,2.3,0.496,0.396,0.435,10.0,0.141,High,High,rejected,probability 50% below the 70% bar for btts,,0.776,hit,3-1,2026-10-10
2026-10-10,2026-10-10 00:09,2026-10-10,2026-10-10 16:00,Slovenia,2. SNL,Jadran,Vrhnika,U55,Under 5.5 goals,goals,,0.951,,,,,Medium,N/A,rejected,odds N/A (not priced by Sportybet),,0.404,hit,1-0,2026-10-10
2026-10-10,2026-10-10 00:09,2026-10-10,2026-10-10 16:00,Slovenia,2. SNL,ND Beltinci,ND Bilje,O15,Over 1.5 goals,goals,1.16,0.854,0.791,0.862,6.3,-0.009,High,High,rejected,price too short for the probability (EV -0.9%),,0.529,hit,5-1,2026-10-10
2026-10-10,2026-10-10 00:09,2026-10-10,2026-10-10 16:00,Slovenia,2. SNL,NK Jesenice,Brezice,U45,Under 4.5 goals,goals,1.19,0.824,0.771,0.84,5.3,-0.02,Medium,N/A,rejected,price too short for the probability (EV -2.0%),,0.409,hit,2-2,2026-10-10
2026-10-10,2026-10-10 00:09,2026-10-10,2026-10-10 16:00,Sweden,2.Division Norrland: Relegation Group,Friska Viljor,IFK Umeaa,O05,Over 0.5 goals,goals,,0.982,,,,,Medium,N/A,rejected,odds N/A (not priced by Sportybet),,0.407,hit,5-1,2026-10-10
2026-10-10,2026-10-10 00:09,2026-10-10,2026-10-10 16:00,Sweden,Division 1: North,AFC Eskilstuna,FC Stockholm Internazionale,AO05,FC Stockholm Internazionale over 0.5 goals,team,1.12,0.86,0.828,0.893,3.2,-0.036,High,High,rejected,odds 1.12 at or below 1.14 | price too short for the probability (EV -3.6%),,0.46,hit,1-3,2026-10-10
2026-10-10,2026-10-10 00:09,2026-10-10,2026-10-10 16:00,Sweden,Division 1: South,Ariana FC,Skoevde AIK,A,Skoevde AIK to win,result,4.25,0.259,0.208,0.235,5.0,0.099,High,High,rejected,probability 26% below the 60% bar for result,,0.647,miss,4-2,2026-10-10
2026-10-10,2026-10-10 00:09,2026-10-10,2026-10-10 16:00,Sweden,Division 1: South,Lunds BK,FC Trollhaettan,HU15,Lunds BK under 1.5 goals,team,2.1,0.488,0.44,0.476,4.8,0.025,High,High,rejected,probability 49% below the 70% bar for team,,0.473,miss,4-3,2026-10-10
2026-10-10,2026-10-10 00:09,2026-10-10,2026-10-10 16:00,Sweden,Division 2: Norra Svealand,IK Franke,Helges IF,O05,Over 0.5 goals,goals,,0.968,,,,,High,N/A,rejected,odds N/A (not priced by Sportybet),,0.461,hit,5-2,2026-10-10
2026-10-10,2026-10-10 00:09,2026-10-10,2026-10-10 16:00,Sweden,Division 2: Norra Svealand,Taby FK,IFK Lidingoe,O05,Over 0.5 goals,goals,,0.964,,,,,High,N/A,rejected,odds N/A (not priced by Sportybet),,0.461,hit,2-3,2026-10-10
2026-10-10,2026-10-10 00:09,2026-10-10,2026-10-10 16:00,Sweden,Division 2: Soedra Svealand,Haninge,FC Nacka Iliria,O05,Over 0.5 goals,goals,,0.969,,,,,High,N/A,rejected,odds N/A (not priced by Sportybet),,0.449,hit,4-5,2026-10-10
2026-10-10,2026-10-10 00:09,2026-10-10,2026-10-10 16:00,Sweden,Division 2: Soedra Svealand,Raegsveds IF,Smedby AIS,O05,Over 0.5 goals,goals,,0.955,,,,,High,N/A,rejected,odds N/A (not priced by Sportybet),,0.455,hit,4-3,2026-10-10
2026-10-10,2026-10-10 00:09,2026-10-10,2026-10-10 16:00,Sweden,Division 2: Vaestra Goetaland,Onsala BK,Aastorps FF,O05,Over 0.5 goals,goals,,0.95,,,,,High,N/A,rejected,odds N/A (not priced by Sportybet),,0.473,hit,2-1,2026-10-10
2026-10-10,2026-10-10 00:09,2026-10-10,2026-10-10 16:00,Switzerland,Promotion League,Bavois,FC Amical Saint-Prex,A,FC Amical Saint-Prex to win,result,4.1,0.265,0.217,0.244,4.8,0.086,High,High,rejected,probability 26% below the 60% bar for result,,0.592,hit,0-2,2026-10-10
2026-10-10,2026-10-10 00:09,2026-10-10,2026-10-10 16:00,Switzerland,Promotion League,Luzern II,Schaffhausen,O05,Over 0.5 goals,goals,,0.965,,,,,High,N/A,rejected,odds N/A (not priced by Sportybet),,0.455,hit,0-8,2026-10-10
2026-10-10,2026-10-10 00:09,2026-10-10,2026-10-10 16:00,Switzerland,Promotion League,SC Bruehl,FC Grand-Saconnex,O05,Over 0.5 goals,goals,,0.963,,,,,High,N/A,rejected,odds N/A (not priced by Sportybet),,0.455,hit,1-0,2026-10-10
2026-10-10,2026-10-10 00:09,2026-10-10,2026-10-10 16:00,Switzerland,Promotion League,SC YF Juventus Zuerich,Bellinzona,O05,Over 0.5 goals,goals,,0.966,,,,,Medium,N/A,rejected,odds N/A (not priced by Sportybet),,0.407,hit,2-0,2026-10-10
2026-10-10,2026-10-10 00:09,2026-10-10,2026-10-10 16:00,Uruguay,Primera División: Clausura,Defensor Sporting,Cerro,AO05,Cerro over 0.5 goals,team,1.65,0.704,0.56,0.606,14.4,0.162,High,High,rejected,"model 14 pp above the market — data fault, not edge",,0.741,hit,2-3,2026-10-10
2026-10-10,2026-10-10 00:09,2026-10-10,2026-10-10 16:30,Bulgaria,Parva Liga,PFC Lokomotiv Sofia 1929,Lokomotiv Plovdiv,A,Lokomotiv Plovdiv to win,result,3.5,0.297,0.26,0.286,3.6,0.038,High,High,rejected,probability 30% below the 60% bar for result,,0.49,miss,1-1,2026-10-10
2026-10-10,2026-10-10 00:09,2026-10-10,2026-10-10 16:30,Gabon,Championnat: Division 1,AS Stade Mandji,Cercle Mberi Sportif,U55,Under 5.5 goals,goals,,0.947,,,,,Low,N/A,rejected,failed the pipeline's data checks | odds N/A (not priced by Sportybet),,0.291,pending,,
2026-10-10,2026-10-10 00:09,2026-10-10,2026-10-10 16:30,Gabon,Championnat: Division 1,CF Mounana,Mangasport,U55,Under 5.5 goals,goals,,0.952,,,,,Low,N/A,rejected,failed the pipeline's data checks | odds N/A (not priced by Sportybet),,0.317,pending,,
2026-10-10,2026-10-10 00:09,2026-10-10,2026-10-10 16:30,Gabon,Championnat: Division 1,Lozo,AS Pelican,U55,Under 5.5 goals,goals,,0.962,,,,,Low,N/A,rejected,failed the pipeline's data checks | odds N/A (not priced by Sportybet),,0.293,pending,,
2026-10-10,2026-10-10 00:09,2026-10-10,2026-10-10 16:30,Gabon,Championnat: Division 1,Ogooue,Oyem AC,U55,Under 5.5 goals,goals,,0.955,,,,,High,N/A,rejected,odds N/A (not priced by Sportybet),,0.428,pending,,
2026-10-10,2026-10-10 00:09,2026-10-10,2026-10-10 16:30,Gabon,Championnat: Division 1,Stade Migoveen de Lambarene,FC Libreville,U55,Under 5.5 goals,goals,,0.964,,,,,High,N/A,rejected,odds N/A (not priced by Sportybet),,0.431,pending,,
2026-10-10,2026-10-10 00:09,2026-10-10,2026-10-10 16:30,Gabon,Championnat: Division 1,Union Sportive d'Oyem,US Bitam,U55,Under 5.5 goals,goals,,0.953,,,,,Medium,N/A,rejected,odds N/A (not priced by Sportybet),,0.401,pending,,
2026-10-10,2026-10-10 00:09,2026-10-10,2026-10-10 16:30,Gibraltar,National League,Lincoln Red Imps FC,Europa FC,O05,Over 0.5 goals,goals,,0.957,,,,,High,N/A,rejected,odds N/A (not priced by Sportybet),,0.452,hit,2-0,2026-10-10
2026-10-10,2026-10-10 00:09,2026-10-10,2026-10-10 16:30,Portugal,Liga Portugal 2,Leixoes,FC Porto B,A,FC Porto B to win,result,5.5,0.252,0.159,0.182,9.3,0.384,High,High,rejected,probability 25% below the 60% bar for result,,0.776,hit,1-2,2026-10-10
2026-10-10,2026-10-10 00:09,2026-10-10,2026-10-10 16:30,Portugal,Primeira Liga,Casa Pia,Santa Clara,U55,Under 5.5 goals,goals,,0.952,,,,,High,N/A,rejected,odds N/A (not priced by Sportybet),,0.461,pending,,
2026-10-10,2026-10-10 00:09,2026-10-10,2026-10-10 16:30,Spain,Primera Division RFEF: Group 1,RC Deportivo Fabril,Racing de Ferrol,1X,RC Deportivo Fabril or draw,dc,1.51,0.86,0.59,0.662,27.0,0.298,High,High,rejected,"model 27 pp above the market — data fault, not edge",,0.892,miss,0-1,2026-10-10
2026-10-10,2026-10-10 00:09,2026-10-10,2026-10-10 16:30,Women's Euro U17,Qualification Round 1: Group A6,Scotland U17 W,Ukraine U17 W,O05,Over 0.5 goals,goals,,0.959,,,,,Low,N/A,rejected,failed the pipeline's data checks | odds N/A (not priced by Sportybet),,0.359,hit,3-1,2026-10-10
2026-10-10,2026-10-10 00:09,2026-10-10,2026-10-10 16:45,Qatar,Qatar Stars League,Al-Shahaniya,Lusail SC,AO05,Lusail SC over 0.5 goals,team,1.27,0.857,0.728,0.787,12.9,0.088,Low,Low,rejected,"failed the pipeline's data checks | model 13 pp above the market — data fault, not edge",,0.793,miss,1-0,2026-10-10
2026-10-10,2026-10-10 00:09,2026-10-10,2026-10-10 16:45,Spain,Segunda Division RFEF: Group 2,Ebro,CF Calamocha,O15,Over 1.5 goals,goals,1.34,0.81,0.68,0.746,13.0,0.085,Medium,Medium,rejected,"model 13 pp above the market — data fault, not edge",,0.772,hit,2-0,2026-10-10
2026-10-10,2026-10-10 00:09,2026-10-10,2026-10-10 16:50,Kuwait,Premier League,Al-Tadhamon,Al-Qadsia,H,Al-Tadhamon to win,result,9.0,0.149,0.086,0.111,6.3,0.343,High,High,rejected,probability 15% below the 60% bar for result,,0.685,miss,0-2,2026-10-10
2026-10-10,2026-10-10 00:09,2026-10-10,2026-10-10 16:55,Saudi Arabia,Saudi Professional League,Al Ettifaq,Al Khaleej,HO05,Al Ettifaq over 0.5 goals,team,1.18,0.835,0.792,0.847,4.2,-0.015,High,High,rejected,price too short for the probability (EV -1.5%),,0.459,hit,1-1,2026-10-10
2026-10-10,2026-10-10 00:09,2026-10-10,2026-10-10 17:00,Benin,Ligue 1,AS Cotonou,Ayema FC,U45,Under 4.5 goals,goals,,0.966,,,,,High,N/A,rejected,odds N/A (not priced by Sportybet),,0.473,pending,,
2026-10-10,2026-10-10 00:09,2026-10-10,2026-10-10 17:00,Benin,Ligue 1,ASVO,ASPAC,U45,Under 4.5 goals,goals,,0.956,,,,,High,N/A,rejected,odds N/A (not priced by Sportybet),,0.473,pending,,
2026-10-10,2026-10-10 00:09,2026-10-10,2026-10-10 17:00,Benin,Ligue 1,Bani Ganse,Loto FC,U45,Under 4.5 goals,goals,,0.953,,,,,High,N/A,rejected,odds N/A (not priced by Sportybet),,0.473,pending,,
2026-10-10,2026-10-10 00:09,2026-10-10,2026-10-10 17:00,Benin,Ligue 1,Cavaliers,US Krake,U55,Under 5.5 goals,goals,,0.978,,,,,High,N/A,rejected,odds N/A (not priced by Sportybet),,0.461,pending,,
2026-10-10,2026-10-10 00:09,2026-10-10,2026-10-10 17:00,Benin,Ligue 1,Dragons FC,Pantheres de Djougou,U55,Under 5.5 goals,goals,,0.977,,,,,Low,N/A,rejected,failed the pipeline's data checks | odds N/A (not priced by Sportybet),,0.386,pending,,
2026-10-10,2026-10-10 00:09,2026-10-10,2026-10-10 17:00,Bulgaria,Vtora Liga,Dobrudzha Dobrich,PFC Chernomorets Burgas,HU15,Dobrudzha Dobrich under 1.5 goals,team,1.3,0.738,0.698,0.769,4.0,-0.041,High,High,rejected,price too short for the probability (EV -4.1%),,0.413,hit,0-3,2026-10-10
2026-10-10,2026-10-10 00:09,2026-10-10,2026-10-10 17:00,Denmark,Ligaen U17,FC Copenhagen U17,Viborg U17,H,FC Copenhagen U17 to win,result,,0.918,,,,,Low,Low,rejected,failed the pipeline's data checks | odds N/A (not priced by Sportybet),,0.359,hit,3-1,2026-10-10
2026-10-10,2026-10-10 00:09,2026-10-10,2026-10-10 17:00,Hungary,NB II,Gyirmot,Nagykanizsa TE 1866 Mav,O05,Over 0.5 goals,goals,,0.935,,,,,Medium,N/A,rejected,odds N/A (not priced by Sportybet),,0.395,hit,1-0,2026-10-10
2026-10-10,2026-10-10 00:09,2026-10-10,2026-10-10 17:00,Hungary,NB II,Kozarmisleny,Diosgyori VTK,HO05,Kozarmisleny over 0.5 goals,team,1.38,0.809,0.674,0.725,13.5,0.117,Medium,Medium,rejected,"model 14 pp above the market — data fault, not edge",,0.764,miss,0-2,2026-10-10
2026-10-10,2026-10-10 00:09,2026-10-10,2026-10-10 17:00,Hungary,NB II,Mezokovesd SE,Szeged 2011,U55,Under 5.5 goals,goals,,0.935,,,,,Medium,N/A,rejected,odds N/A (not priced by Sportybet),,0.398,hit,1-1,2026-10-10
2026-10-10,2026-10-10 00:09,2026-10-10,2026-10-10 17:00,International Friendlies,Women's Friendlies,Indonesia Women,Armenia Women,O05,Over 0.5 goals,goals,,0.957,,,,,Low,N/A,rejected,failed the pipeline's data checks | odds N/A (not priced by Sportybet),,0.335,pending,,
2026-10-10,2026-10-10 00:09,2026-10-10,2026-10-10 17:00,Nigeria,NPFL,Ikorodu City,Kwara United,X2,Draw or Kwara United,dc,,0.37,0.293,,7.6,,High,High,rejected,odds N/A (not priced by Sportybet) | probability 37% below the 70% bar for dc,,0.561,miss,2-0,2026-10-10
2026-10-10,2026-10-10 00:09,2026-10-10,2026-10-10 17:00,Nigeria,NPFL,Ranchers Bees,Niger Tornadoes,HO15,Ranchers Bees over 1.5 goals,team,2.1,0.495,0.437,0.476,5.8,0.039,Medium,Medium,rejected,probability 49% below the 70% bar for team,,0.523,miss,0-0,2026-10-10
2026-10-10,2026-10-10 00:09,2026-10-10,2026-10-10 17:00,Serbia,Super Liga,Cukaricki,Macva Sabac,A,Macva Sabac to win,result,5.9,0.247,0.146,0.169,10.1,0.458,High,High,rejected,probability 25% below the 60% bar for result,,0.725,miss,2-2,2026-10-10
2026-10-10,2026-10-10 00:09,2026-10-10,2026-10-10 17:00,Spain,Segunda Division RFEF: Group 3,Elche Ilicitano,Valencia B,U55,Under 5.5 goals,goals,,0.947,,,,,High,N/A,rejected,odds N/A (not priced by Sportybet),,0.438,hit,4-1,2026-10-10
2026-10-10,2026-10-10 00:09,2026-10-10,2026-10-10 17:00,Sweden,2.Division Norrland: Relegation Group,Storfors AIK,Umeaa FC Akademi,O05,Over 0.5 goals,goals,,0.966,,,,,Medium,N/A,rejected,odds N/A (not priced by Sportybet),,0.392,hit,3-2,2026-10-10
2026-10-10,2026-10-10 00:09,2026-10-10,2026-10-10 17:00,Sweden,2.Division Norrland: Relegation Group,Team TG FF,Fraensta IK,O05,Over 0.5 goals,goals,,0.97,,,,,Medium,N/A,rejected,odds N/A (not priced by Sportybet),,0.392,hit,3-3,2026-10-10
2026-10-10,2026-10-10 00:09,2026-10-10,2026-10-10 17:00,Sweden,Division 2: Soedra Svealand,Syrianska,FOC Farsta,O05,Over 0.5 goals,goals,,0.957,,,,,High,N/A,rejected,odds N/A (not priced by Sportybet),,0.461,hit,1-2,2026-10-10
2026-10-10,2026-10-10 00:09,2026-10-10,2026-10-10 17:00,Sweden,Division 2: Vaestra Goetaland,IK Kongahaella,Qviding FIF,O05,Over 0.5 goals,goals,,0.961,,,,,High,N/A,rejected,odds N/A (not priced by Sportybet),,0.449,hit,1-2,2026-10-10
2026-10-10,2026-10-10 00:09,2026-10-10,2026-10-10 17:00,Switzerland,Promotion League,Bulle,Paradiso,O05,Over 0.5 goals,goals,,0.956,,,,,High,N/A,rejected,odds N/A (not priced by Sportybet),,0.467,hit,2-2,2026-10-10
2026-10-10,2026-10-10 00:09,2026-10-10,2026-10-10 17:00,Switzerland,Promotion League,FC Zurich II,Breitenrain,HO05,FC Zurich II over 0.5 goals,team,1.15,0.841,0.803,0.87,3.7,-0.033,High,High,rejected,price too short for the probability (EV -3.3%),,0.433,hit,2-2,2026-10-10
2026-10-10,2026-10-10 00:09,2026-10-10,2026-10-10 17:00,Switzerland,Promotion League,Young Boys II,Cham,O05,Over 0.5 goals,goals,,0.963,,,,,High,N/A,rejected,odds N/A (not priced by Sportybet),,0.461,hit,1-3,2026-10-10
2026-10-10,2026-10-10 00:09,2026-10-10,2026-10-10 17:00,UEFA Youth League,Domestic Champions Path,Dinamo Tbilisi U19,Dinamo Minsk U19,O05,Over 0.5 goals,goals,,0.952,,,,,Low,N/A,rejected,failed the pipeline's data checks | odds N/A (not priced by Sportybet),,0.251,hit,3-4,2026-10-10
2026-10-10,2026-10-10 00:09,2026-10-10,2026-10-10 17:30,Burkina Faso,Ligue 1,FocuSport,Rahimo FC,U55,Under 5.5 goals,goals,,0.971,,,,,Low,N/A,rejected,failed the pipeline's data checks | odds N/A (not priced by Sportybet),,0.38,pending,,
2026-10-10,2026-10-10 00:09,2026-10-10,2026-10-10 17:30,Burkina Faso,Ligue 1,Sporting Cascades,Sonabel,U55,Under 5.5 goals,goals,,0.978,,,,,High,N/A,rejected,odds N/A (not priced by Sportybet),,0.473,pending,,
2026-10-10,2026-10-10 00:09,2026-10-10,2026-10-10 17:30,Chile,Primera B,Deportes Recoleta,Magallanes,U45,Under 4.5 goals,goals,1.13,0.864,0.83,0.885,3.5,-0.023,High,N/A,rejected,odds 1.13 at or below 1.14 | price too short for the probability (EV -2.3%),,0.431,pending,,
2026-10-10,2026-10-10 00:09,2026-10-10,2026-10-10 17:30,Czech Republic,2nd league,SK Hanacka Slavia Kromeriz,Pribram,A,Pribram to win,result,2.45,0.426,0.381,0.408,4.5,0.043,High,High,rejected,probability 43% below the 60% bar for result,,0.51,pending,,
2026-10-10,2026-10-10 00:09,2026-10-10,2026-10-10 17:30,Germany,Oberliga: Niederrhein,SW Essen,Ratinger SV,O05,Over 0.5 goals,goals,,0.967,,,,,High,N/A,rejected,odds N/A (not priced by Sportybet),,0.467,pending,,
2026-10-10,2026-10-10 00:09,2026-10-10,2026-10-10 17:30,Italy,Serie C: Group A,Desenzano,Dolomiti Bellunesi,U55,Under 5.5 goals,goals,,0.964,,,,,High,N/A,rejected,odds N/A (not priced by Sportybet),,0.461,pending,,
2026-10-10,2026-10-10 00:09,2026-10-10,2026-10-10 17:30,Italy,Serie C: Group A,FC Arzignano Valchiampo,Juventus Next Gen,U55,Under 5.5 goals,goals,,0.951,,,,,Medium,N/A,rejected,odds N/A (not priced by Sportybet),,0.41,pending,,
2026-10-10,2026-10-10 00:09,2026-10-10,2026-10-10 17:30,Italy,Serie C: Group A,Lumezzane,AlbinoLeffe,CU115,Under 11.5 corners,corners,,0.787,,,,,High,N/A,rejected,odds N/A (not priced by Sportybet),,0.395,pending,,
2026-10-10,2026-10-10 00:09,2026-10-10,2026-10-10 17:30,Italy,Serie C: Group B,ASD Pineto,AC Reggiana,H,ASD Pineto to win,result,3.5,0.323,0.261,0.286,6.2,0.131,Medium,Medium,rejected,probability 32% below the 60% bar for result,,0.635,pending,,
2026-10-10,2026-10-10 00:09,2026-10-10,2026-10-10 17:30,Oman,Professional League,Dhofar,Al-Samail,U55,Under 5.5 goals,goals,,0.968,,,,,High,N/A,rejected,odds N/A (not priced by Sportybet),,0.458,pending,,
2026-10-10,2026-10-10 00:09,2026-10-10,2026-10-10 18:00,Bahrain,Premier League,Al-Hidd,Al Ittifaq BHR,A,Al Ittifaq BHR to win,result,3.1,0.343,0.296,0.323,4.7,0.062,Low,Low,rejected,failed the pipeline's data checks | probability 34% below the 60% bar for result,,0.481,pending,,
2026-10-10,2026-10-10 00:09,2026-10-10,2026-10-10 18:00,Bahrain,Premier League,Manama,Al Ahli,HU15,Manama under 1.5 goals,team,1.4,0.704,0.663,0.714,4.1,-0.015,Low,Low,rejected,failed the pipeline's data checks | price too short for the probability (EV -1.5%),,0.317,pending,,
2026-10-10,2026-10-10 00:09,2026-10-10,2026-10-10 18:00,Belarus,Premier League,Neman Grodno,FC Baranovichi,U55,Under 5.5 goals,goals,,0.952,,,,,High,N/A,rejected,odds N/A (not priced by Sportybet),,0.461,pending,,
2026-10-10,2026-10-10 00:09,2026-10-10,2026-10-10 18:00,Cyprus,1st Division,APOEL Nicosia,Nea Salamis,O05,Over 0.5 goals,goals,,0.942,,,,,High,N/A,rejected,odds N/A (not priced by Sportybet),,0.431,pending,,
2026-10-10,2026-10-10 00:09,2026-10-10,2026-10-10 18:00,Cyprus,2nd Division,PAEEK,Akritas Chlorakas,U45,Under 4.5 goals,goals,1.18,0.837,0.772,0.847,6.5,-0.012,Medium,N/A,rejected,price too short for the probability (EV -1.2%),,0.464,pending,,
2026-10-10,2026-10-10 00:09,2026-10-10,2026-10-10 18:00,Czech Republic,2nd league,Trinec,SK Kladno,A,SK Kladno to win,result,2.75,0.373,0.336,0.364,3.7,0.025,High,High,rejected,probability 37% below the 60% bar for result,,0.412,pending,,
2026-10-10,2026-10-10 00:09,2026-10-10,2026-10-10 18:00,Georgia,Erovnuli Liga,Spaeri,Torpedo Kutaisi,AO15,Torpedo Kutaisi over 1.5 goals,team,1.96,0.524,0.464,0.51,6.0,0.028,High,High,rejected,probability 52% below the 70% bar for team,,0.594,pending,,
2026-10-10,2026-10-10 00:09,2026-10-10,2026-10-10 18:00,Georgia,Erovnuli Liga 2,Shturmi,Kolkheti-1913 Poti,H,Shturmi to win,result,2.0,0.522,0.466,0.5,5.6,0.043,High,High,rejected,probability 52% below the 60% bar for result,,0.544,pending,,
2026-10-10,2026-10-10 00:09,2026-10-10,2026-10-10 18:00,Malta,Malta Premier: Opening Round,Marsaxlokk FC,Zabbar St. Patrick,A,Zabbar St. Patrick to win,result,4.3,0.248,0.2,0.233,4.8,0.068,High,High,rejected,probability 25% below the 60% bar for result,,0.547,pending,,
2026-10-10,2026-10-10 00:09,2026-10-10,2026-10-10 18:00,Netherlands,Tweede Divisie,De Treffers,Barendrecht,X2,Draw or Barendrecht,dc,2.6,0.338,0.293,0.385,4.5,-0.121,High,High,rejected,probability 34% below the 70% bar for dc | price too short for the probability (EV -12.1%),,0.432,pending,,
2026-10-10,2026-10-10 00:09,2026-10-10,2026-10-10 18:00,Poland,II Liga,Lechia Zielona Gora,Legia Warszawa II,HO05,Lechia Zielona Gora over 0.5 goals,team,1.14,0.833,0.808,0.877,2.5,-0.051,Medium,Medium,rejected,odds 1.14 at or below 1.14 | price too short for the probability (EV -5.1%),,0.335,pending,,
2026-10-10,2026-10-10 00:09,2026-10-10,2026-10-10 18:00,Slovakia,Super Liga,Zemplin Michalovce,DAC 1904 Dunajska Streda,H,Zemplin Michalovce to win,result,4.7,0.228,0.189,0.213,3.9,0.073,High,High,rejected,probability 23% below the 60% bar for result,,0.563,pending,,
2026-10-10,2026-10-10 00:09,2026-10-10,2026-10-10 18:00,Spain,Segunda Division RFEF: Group 1,SD Amorebieta,Portugalete,U55,Under 5.5 goals,goals,,0.958,,,,,Medium,N/A,rejected,odds N/A (not priced by Sportybet),,0.398,pending,,
2026-10-10,2026-10-10 00:09,2026-10-10,2026-10-10 18:00,Spain,Segunda Division RFEF: Group 1,UD Llanera,Marino Luanco,U55,Under 5.5 goals,goals,,0.954,,,,,Medium,N/A,rejected,odds N/A (not priced by Sportybet),,0.413,pending,,
2026-10-10,2026-10-10 00:09,2026-10-10,2026-10-10 18:00,Spain,Segunda Division RFEF: Group 2,CE Manresa,Osasuna B,1X,CE Manresa or draw,dc,1.37,0.826,0.66,0.73,16.6,0.132,Medium,Medium,rejected,"model 17 pp above the market — data fault, not edge",,0.793,pending,,
2026-10-10,2026-10-10 00:09,2026-10-10,2026-10-10 18:00,Spain,Segunda Division RFEF: Group 4,Betis Deportivo Balompie,Xerez,U35,Under 3.5 goals,goals,1.23,0.81,0.74,0.813,7.0,-0.004,High,High,rejected,price too short for the probability (EV -0.4%),,0.515,pending,,
2026-10-10,2026-10-10 00:09,2026-10-10,2026-10-10 18:00,Switzerland,Super League,Servette,Sion,A,Sion to win,result,2.4,0.454,0.395,0.417,5.9,0.09,High,High,rejected,probability 45% below the 60% bar for result,,0.668,pending,,
2026-10-10,2026-10-10 00:09,2026-10-10,2026-10-10 18:00,Turkiye,1st Lig,Istanbulspor,Esenler Erokspor,H,Istanbulspor to win,result,3.5,0.296,0.264,0.286,3.2,0.036,High,High,rejected,probability 30% below the 60% bar for result,,0.453,pending,,
2026-10-10,2026-10-10 00:09,2026-10-10,2026-10-10 18:00,Turkiye,2nd Lig: White Group,Aliaga,Menemen FK,A,Menemen FK to win,result,6.2,0.197,0.129,0.161,6.8,0.224,High,High,rejected,probability 20% below the 60% bar for result,,0.695,pending,,
2026-10-10,2026-10-10 00:09,2026-10-10,2026-10-10 18:00,Turkiye,2nd Lig: White Group,Mus Spor,Kastamonuspor 1966,O05,Over 0.5 goals,goals,,0.969,,,,,High,N/A,rejected,odds N/A (not priced by Sportybet),,0.437,pending,,
2026-10-10,2026-10-10 00:09,2026-10-10,2026-10-10 18:00,Uruguay,Segunda División,Uruguay Montevideo,Colon,H,Uruguay Montevideo to win,result,3.6,0.291,0.245,0.278,4.5,0.047,High,High,rejected,probability 29% below the 60% bar for result,,0.535,pending,,
2026-10-10,2026-10-10 00:09,2026-10-10,2026-10-10 18:30,Albania,Kategoria Superiore,Teuta Durres,Skenderbeu,A,Skenderbeu to win,result,6.0,0.223,0.141,0.167,8.2,0.337,Medium,Medium,rejected,probability 22% below the 60% bar for result,,0.71,pending,,
2026-10-10,2026-10-10 00:09,2026-10-10,2026-10-10 18:30,Bosnia and Herzegovina,Premier League,Borac Banja Luka,FK BSK Banja Luka,U45,Under 4.5 goals,goals,1.32,0.855,0.708,0.758,14.7,0.128,High,N/A,rejected,"model 15 pp above the market — data fault, not edge",,0.855,pending,,
2026-10-10,2026-10-10 00:09,2026-10-10,2026-10-10 18:30,Ecuador,Serie A: Championship Group,Independiente del Valle,Aucas,HO05,Independiente del Valle over 0.5 goals,team,1.12,0.867,0.826,0.893,4.1,-0.03,High,High,rejected,odds 1.12 at or below 1.14 | price too short for the probability (EV -3.0%),,0.465,pending,,
2026-10-10,2026-10-10 00:09,2026-10-10,2026-10-10 18:30,England,National League,Forest Green,Hartlepool,O05,Over 0.5 goals,goals,,0.946,,,,,High,N/A,rejected,odds N/A (not priced by Sportybet),,0.482,pending,,
2026-10-10,2026-10-10 00:09,2026-10-10,2026-10-10 18:30,Israel,Premier League,Maccabi Tel Aviv,Bnei Sakhnin,D,Draw,result,7.3,0.202,0.105,0.137,9.7,0.476,High,High,rejected,probability 20% below the 60% bar for result,,0.758,pending,,
2026-10-10,2026-10-10 00:09,2026-10-10,2026-10-10 18:30,Spain,Primera Division RFEF: Group 2,CD Teruel,Alcorcon,U35,Under 3.5 goals,goals,1.22,0.818,0.752,0.82,6.6,-0.002,High,High,rejected,price too short for the probability (EV -0.2%),,0.541,pending,,
2026-10-10,2026-10-10 00:09,2026-10-10,2026-10-10 18:30,Spain,Segunda Division RFEF: Group 1,Sestao,RS Gimnastica,U55,Under 5.5 goals,goals,,0.944,,,,,Medium,N/A,rejected,odds N/A (not priced by Sportybet),,0.39,pending,,
2026-10-10,2026-10-10 00:09,2026-10-10,2026-10-10 18:45,Iraq,Iraq Stars League,Al Kahrabaa,Karbalaa,HO05,Al Kahrabaa over 0.5 goals,team,1.18,0.799,0.768,0.847,3.1,-0.058,Medium,Medium,rejected,price too short for the probability (EV -5.8%),,0.322,pending,,
2026-10-10,2026-10-10 00:09,2026-10-10,2026-10-10 18:45,Netherlands,Eredivisie,Feyenoord,AZ Alkmaar,KU55,Under 5.5 cards,cards,,0.941,,,,,High,N/A,rejected,odds N/A (not priced by Sportybet),,0.458,pending,,
2026-10-10,2026-10-10 00:09,2026-10-10,2026-10-10 18:45,Spain,Primera Division RFEF: Group 1,Cacereno,Unionistas de Salamanca,CU115,Under 11.5 corners,corners,,0.762,,,,,High,N/A,rejected,odds N/A (not priced by Sportybet),,0.374,pending,,
2026-10-10,2026-10-10 00:09,2026-10-10,2026-10-10 18:45,Spain,Primera Division RFEF: Group 1,UD Ourense,Barakaldo,H,UD Ourense to win,result,3.5,0.355,0.254,0.286,10.1,0.243,High,High,rejected,probability 36% below the 60% bar for result,,0.77,pending,,
2026-10-10,2026-10-10 00:09,2026-10-10,2026-10-10 19:00,Botswana,Premier League,Galaxy,Nico United,U55,Under 5.5 goals,goals,,0.968,,,,,High,N/A,rejected,odds N/A (not priced by Sportybet),,0.434,pending,,
2026-10-10,2026-10-10 00:09,2026-10-10,2026-10-10 19:00,Georgia,Erovnuli Liga 2,Aragvi Dusheti,FC Telavi,H,Aragvi Dusheti to win,result,2.55,0.403,0.36,0.392,4.3,0.028,Low,Low,rejected,failed the pipeline's data checks | probability 40% below the 60% bar for result,,0.336,pending,,
2026-10-10,2026-10-10 00:09,2026-10-10,2026-10-10 19:00,Morocco,Botola Pro,KACM,Ittihad Tanger,U55,Under 5.5 goals,goals,,0.977,,,,,High,N/A,rejected,odds N/A (not priced by Sportybet),,0.473,pending,,
2026-10-10,2026-10-10 00:09,2026-10-10,2026-10-10 19:00,Norway,2. division: group 1,Jerv,Arendal Fotball,O15,Over 1.5 goals,goals,1.13,0.857,0.83,0.885,2.7,-0.032,High,High,rejected,odds 1.13 at or below 1.14 | price too short for the probability (EV -3.2%),,0.402,pending,,
2026-10-10,2026-10-10 00:09,2026-10-10,2026-10-10 19:00,Norway,2. division: group 1,Mjoendalen,Pors Football,O05,Over 0.5 goals,goals,,0.953,,,,,High,N/A,rejected,odds N/A (not priced by Sportybet),,0.461,pending,,
2026-10-10,2026-10-10 00:09,2026-10-10,2026-10-10 19:30,Faroe Islands,Premier League,07 Vestur Sorvagur,EB/Streymur,A,EB/Streymur to win,result,2.55,0.418,0.363,0.392,5.5,0.067,High,High,rejected,probability 42% below the 60% bar for result,,0.605,pending,,
2026-10-10,2026-10-10 00:09,2026-10-10,2026-10-10 19:30,Gibraltar,National League,St Joseph's,Lions Gibraltar,O05,Over 0.5 goals,goals,,0.977,,,,,High,N/A,rejected,odds N/A (not priced by Sportybet),,0.452,pending,,
2026-10-10,2026-10-10 00:09,2026-10-10,2026-10-10 19:30,Hungary,NB I,Paksi SE,MTK Budapest,U45,Under 4.5 goals,goals,1.46,0.766,0.645,0.685,12.1,0.119,High,N/A,rejected,"model 12 pp above the market — data fault, not edge",,0.829,pending,,
2026-10-10,2026-10-10 00:09,2026-10-10,2026-10-10 19:30,Iraq,Iraq Stars League,Al-Karma,Al Karkh,A,Al Karkh to win,result,7.25,0.155,0.109,0.138,4.7,0.125,High,High,rejected,probability 16% below the 60% bar for result,,0.638,pending,,
2026-10-10,2026-10-10 00:09,2026-10-10,2026-10-10 19:30,Italy,Serie B,Arezzo,Cremonese,HO05,Arezzo over 0.5 goals,team,1.38,0.8,0.678,0.725,12.2,0.104,Medium,Medium,rejected,"model 12 pp above the market — data fault, not edge",,0.787,pending,,
2026-10-10,2026-10-10 00:09,2026-10-10,2026-10-10 19:30,Women's Euro U17,Qualification Round 1: Group A1,Austria Women U17,Northern Ireland U17 W,O05,Over 0.5 goals,goals,,0.96,,,,,Low,N/A,rejected,failed the pipeline's data checks | odds N/A (not priced by Sportybet),,0.359,pending,,
2026-10-10,2026-10-10 00:09,2026-10-10,2026-10-10 20:00,Argentina,Primera B Metropolitana,Laferrere,Deportivo Merlo,X2,Draw or Deportivo Merlo,dc,1.83,0.503,0.471,0.546,3.2,-0.079,High,High,rejected,probability 50% below the 70% bar for dc | price too short for the probability (EV -7.9%),,0.39,pending,,
2026-10-10,2026-10-10 00:09,2026-10-10,2026-10-10 20:00,Belgium,Challenger Pro League,Beerschot,FC Liege,1X,Beerschot or draw,dc,1.13,0.844,0.856,0.885,-1.1,-0.046,Medium,Medium,rejected,odds 1.13 at or below 1.14 | price too short for the probability (EV -4.6%),,0.314,pending,,
2026-10-10,2026-10-10 00:09,2026-10-10,2026-10-10 20:00,Belgium,National Division 1 ACFF,RWD Molenbeek,Tubize,O05,Over 0.5 goals,goals,,0.936,,,,,Medium,N/A,rejected,odds N/A (not priced by Sportybet),,0.405,pending,,
2026-10-10,2026-10-10 00:09,2026-10-10,2026-10-10 20:00,Belgium,National Division 1 ACFF,Sporting Charleroi U21,Olympic Charleroi Chatelet Farciennes,O05,Over 0.5 goals,goals,,0.944,,,,,Medium,N/A,rejected,odds N/A (not priced by Sportybet),,0.405,pending,,
2026-10-10,2026-10-10 00:09,2026-10-10,2026-10-10 20:00,Belgium,National Division 1 VV,Houtvenne,Royal Knokke FC,O05,Over 0.5 goals,goals,,0.959,,,,,High,N/A,rejected,odds N/A (not priced by Sportybet),,0.458,pending,,
2026-10-10,2026-10-10 00:09,2026-10-10,2026-10-10 20:00,Belgium,National Division 1 VV,Roeselare,Dessel,HO15,Roeselare over 1.5 goals,team,1.62,0.647,0.559,0.617,8.8,0.048,High,High,rejected,probability 65% below the 70% bar for team,,0.666,pending,,
2026-10-10,2026-10-10 00:09,2026-10-10,2026-10-10 20:00,Mexico,Liga Premier: Serie A Clausura,Club Canoneros Marina,Calor de San Pedro,U45,Under 4.5 goals,goals,1.29,0.86,0.713,0.775,14.7,0.109,High,N/A,rejected,"model 15 pp above the market — data fault, not edge",,0.883,pending,,
2026-10-10,2026-10-10 00:09,2026-10-10,2026-10-10 20:00,Peru,Liga 1: Clausura,Asociacion Deportiva Tarma,FC Cajamarca,AO05,FC Cajamarca over 0.5 goals,team,1.44,0.793,0.644,0.694,14.9,0.141,High,High,rejected,"model 15 pp above the market — data fault, not edge",,0.811,pending,,
2026-10-10,2026-10-10 00:09,2026-10-10,2026-10-10 20:00,Spain,Primera Division RFEF: Group 1,CD Coria,CD Extremadura 1924,CU115,Under 11.5 corners,corners,,0.778,,,,,High,N/A,rejected,odds N/A (not priced by Sportybet),,0.367,pending,,
2026-10-10,2026-10-10 00:09,2026-10-10,2026-10-10 20:00,Spain,Segunda Division RFEF: Group 5,Salamanca CF Uds B,San Sebastian de los Reyes,U55,Under 5.5 goals,goals,,0.965,,,,,High,N/A,rejected,odds N/A (not priced by Sportybet),,0.449,pending,,
2026-10-10,2026-10-10 00:09,2026-10-10,2026-10-10 20:00,Uruguay,Primera División: Clausura,Montevideo Wanderers,Boston River,A,Boston River to win,result,3.1,0.342,0.3,0.323,4.2,0.06,High,High,rejected,probability 34% below the 60% bar for result,,0.516,pending,,
2026-10-10,2026-10-10 00:09,2026-10-10,2026-10-10 20:30,Argentina,Primera B Metropolitana,Deportivo Armenio,Comunicaciones,A,Comunicaciones to win,result,3.9,0.269,0.227,0.256,4.2,0.05,High,High,rejected,probability 27% below the 60% bar for result,,0.53,pending,,
2026-10-10,2026-10-10 00:09,2026-10-10,2026-10-10 20:30,International Friendlies,Women's Friendlies,USA W,Spain Women,O05,Over 0.5 goals,goals,,0.962,,,,,Low,N/A,rejected,failed the pipeline's data checks | odds N/A (not priced by Sportybet),,0.278,pending,,
2026-10-10,2026-10-10 00:09,2026-10-10,2026-10-10 20:30,Italy,Serie C: Group B,Spezia,Gubbio,D,Draw,result,5.7,0.23,0.141,0.175,8.9,0.31,Medium,Medium,rejected,probability 23% below the 60% bar for result,,0.707,pending,,
2026-10-10,2026-10-10 00:09,2026-10-10,2026-10-10 20:45,Belgium,Pro League,Waregem,Gent,H,Waregem to win,result,2.85,0.366,0.334,0.351,3.3,0.044,High,High,rejected,probability 37% below the 60% bar for result,,0.491,pending,,
2026-10-10,2026-10-10 00:09,2026-10-10,2026-10-10 20:45,France,Ligue 1,Lorient,Paris FC,H,Lorient to win,result,3.4,0.338,0.289,0.294,4.8,0.148,High,High,rejected,probability 34% below the 60% bar for result,,0.653,pending,,
2026-10-10,2026-10-10 00:09,2026-10-10,2026-10-10 20:45,France,Ligue 1,Monaco,Toulouse,KU55,Under 5.5 cards,cards,,0.841,,,,,High,N/A,rejected,odds N/A (not priced by Sportybet),,0.411,pending,,
2026-10-10,2026-10-10 00:09,2026-10-10,2026-10-10 20:45,France,Ligue 1,Paris SG,Le Mans,O05,Over 0.5 goals,goals,,0.941,,,,,High,N/A,rejected,odds N/A (not priced by Sportybet),,0.457,pending,,
2026-10-10,2026-10-10 00:09,2026-10-10,2026-10-10 20:45,Italy,Serie A,Napoli,Frosinone,U45,Under 4.5 goals,goals,1.3,0.88,0.74,0.769,14.0,0.145,High,N/A,rejected,"model 14 pp above the market — data fault, not edge",,0.914,pending,,
2026-10-10,2026-10-10 00:09,2026-10-10,2026-10-10 21:00,Argentina,Federal A: Promotion Play-off,Defensores de Vilelas,Gimnasia y Esgrima de Chivilcoy,HO05,Defensores de Vilelas over 0.5 goals,team,1.48,0.842,0.623,0.676,21.9,0.246,Low,Low,rejected,"failed the pipeline's data checks | model 22 pp above the market — data fault, not edge",,0.737,pending,,
2026-10-10,2026-10-10 00:09,2026-10-10,2026-10-10 21:00,Argentina,Federal A: Promotion Play-off,Deportivo Rincon,Kimberley,U55,Under 5.5 goals,goals,,0.948,,,,,Low,N/A,rejected,failed the pipeline's data checks | odds N/A (not priced by Sportybet),,0.336,pending,,
2026-10-10,2026-10-10 00:09,2026-10-10,2026-10-10 21:00,Bolivia,Nacional B: Play-off,Wilstermann Cooperativa,Virginia USC,O05,Over 0.5 goals,goals,,0.941,,,,,Medium,N/A,rejected,odds N/A (not priced by Sportybet),,0.382,pending,,
2026-10-10,2026-10-10 00:09,2026-10-10,2026-10-10 21:00,International Friendlies,Women's Friendlies,France Women,Latvia Women,O05,Over 0.5 goals,goals,,0.955,,,,,Low,N/A,rejected,failed the pipeline's data checks | odds N/A (not priced by Sportybet),,0.29,pending,,
2026-10-10,2026-10-10 00:09,2026-10-10,2026-10-10 21:00,Morocco,Botola Pro,US Amal Tiznit,Difaa El Jadida,O25,Over 2.5 goals,goals,2.65,0.435,0.354,0.377,8.2,0.153,Low,Low,rejected,failed the pipeline's data checks | probability 44% below the 70% bar for goals,,0.676,pending,,
2026-10-10,2026-10-10 00:09,2026-10-10,2026-10-10 21:00,Spain,LaLiga 2,Celta Vigo B,Real Sociedad B,O05,Over 0.5 goals,goals,,0.939,,,,,High,N/A,rejected,odds N/A (not priced by Sportybet),,0.455,pending,,
2026-10-10,2026-10-10 00:09,2026-10-10,2026-10-10 21:00,Spain,Segunda División,Celta B,Sociedad B,U45,Under 4.5 goals,goals,1.16,0.849,0.815,0.862,3.4,-0.015,High,N/A,rejected,price too short for the probability (EV -1.5%),,0.384,pending,,
2026-10-10,2026-10-10 00:09,2026-10-10,2026-10-10 21:00,Uruguay,Segunda División,Cerrito,Tacuarembo FC,AU15,Tacuarembo FC under 1.5 goals,team,1.27,0.772,0.716,0.787,5.6,-0.019,High,High,rejected,price too short for the probability (EV -1.9%),,0.478,pending,,
2026-10-10,2026-10-10 00:09,2026-10-10,2026-10-10 21:15,Iceland,Besta deildin: Championship Group,Fram Reykjavik,KR Reykjavik,U55,Under 5.5 goals,goals,1.4,0.885,0.674,0.714,21.0,0.238,Medium,N/A,rejected,"failed the pipeline's data checks | model 21 pp above the market — data fault, not edge",,0.819,pending,,
2026-10-10,2026-10-10 00:09,2026-10-10,2026-10-10 21:30,Argentina,Primera Nacional,CA Ferrocarril Midland,Atletico Rafaela,1X,CA Ferrocarril Midland or draw,dc,1.16,0.858,0.828,0.862,3.0,-0.005,High,High,rejected,price too short for the probability (EV -0.5%),,0.498,pending,,
2026-10-10,2026-10-10 00:09,2026-10-10,2026-10-10 21:30,Bolivia,Nacional B: Play-off,Fatic,26 de Febrero Colquiri,O05,Over 0.5 goals,goals,,0.938,,,,,Medium,N/A,rejected,odds N/A (not priced by Sportybet),,0.38,pending,,
2026-10-10,2026-10-10 00:09,2026-10-10,2026-10-10 21:30,International Friendlies,Women's Friendlies,Brazil W,Argentina W,O05,Over 0.5 goals,goals,,0.958,,,,,Low,N/A,rejected,failed the pipeline's data checks | odds N/A (not priced by Sportybet),,0.284,pending,,
2026-10-10,2026-10-10 00:09,2026-10-10,2026-10-10 21:30,Portugal,Liga Portugal 2,Vizela,Sporting CP B,HU15,Vizela under 1.5 goals,team,1.57,0.662,0.596,0.637,6.6,0.04,High,High,rejected,probability 66% below the 70% bar for team,,0.589,pending,,
2026-10-10,2026-10-10 00:09,2026-10-10,2026-10-10 21:30,Venezuela,Segunda División: Central-Oriental,Monagas SC B,Atletico Avila,O05,Over 0.5 goals,goals,,0.945,,,,,High,N/A,rejected,odds N/A (not priced by Sportybet),,0.463,pending,,
2026-10-10,2026-10-10 00:09,2026-10-10,2026-10-10 22:00,Argentina,Liga Profesional: Clausura,Central Cordoba de Santiago,Estudiantes de la Plata,U55,Under 5.5 goals,goals,,0.973,,,,,High,N/A,rejected,odds N/A (not priced by Sportybet),,0.452,pending,,
2026-10-10,2026-10-10 00:09,2026-10-10,2026-10-10 22:00,Brazil,Serie C: 2nd Stage: Group B,Ferroviaria,Inter de Limeira,O05,Over 0.5 goals,goals,,0.946,,,,,Medium,N/A,rejected,odds N/A (not priced by Sportybet),,0.394,pending,,
2026-10-10,2026-10-10 00:09,2026-10-10,2026-10-10 22:00,Brazil,Serie C: 2nd Stage: Group C,Maringa FC,Floresta,A,Floresta to win,result,5.75,0.217,0.149,0.174,6.8,0.249,Medium,Medium,rejected,probability 22% below the 60% bar for result,,0.656,pending,,
2026-10-10,2026-10-10 00:09,2026-10-10,2026-10-10 22:00,Canada,Premier League,Supra du Quebec,Vancouver FC,O15,Over 1.5 goals,goals,1.18,0.82,0.792,0.847,2.7,-0.033,High,High,rejected,price too short for the probability (EV -3.3%),,0.389,pending,,
2026-10-10,2026-10-10 00:09,2026-10-10,2026-10-10 22:00,Venezuela,Segunda División: Occidental,Yaracuyanos FC,Academia Rey,U55,Under 5.5 goals,goals,,0.939,,,,,High,N/A,rejected,odds N/A (not priced by Sportybet),,0.452,pending,,
2026-10-10,2026-10-10 00:09,2026-10-10,2026-10-10 22:30,Chile,Primera División,Huachipato,O'Higgins,O05,Over 0.5 goals,goals,,0.94,,,,,High,N/A,rejected,odds N/A (not priced by Sportybet),,0.477,pending,,
2026-10-10,2026-10-10 00:09,2026-10-10,2026-10-10 22:30,Peru,Liga 1: Clausura,Comerciantes Unidos,ADC Juan Pablo II,O05,Over 0.5 goals,goals,,0.942,,,,,High,N/A,rejected,odds N/A (not priced by Sportybet),,0.464,pending,,
2026-10-10,2026-10-10 00:09,2026-10-10,2026-10-10 23:00,El Salvador,Primera Division: Apertura,CD Fuerte San Francisco,CD Cacahuatique U20,H,CD Fuerte San Francisco to win,result,2.6,0.393,0.35,0.385,4.2,0.021,High,High,rejected,probability 39% below the 60% bar for result,,0.462,pending,,
2026-10-10,2026-10-10 00:09,2026-10-10,2026-10-10 23:00,International Friendlies,Women's Friendlies,Panama W,New Zealand Women,O05,Over 0.5 goals,goals,,0.97,,,,,Low,N/A,rejected,failed the pipeline's data checks | odds N/A (not priced by Sportybet),,0.329,pending,,
2026-10-10,2026-10-10 00:09,2026-10-10,2026-10-10 23:00,International Friendlies,Women's Friendlies,Venezuela W,Colombia W,O05,Over 0.5 goals,goals,,0.957,,,,,Low,N/A,rejected,failed the pipeline's data checks | odds N/A (not priced by Sportybet),,0.29,pending,,
2026-10-10,2026-10-10 00:09,2026-10-10,2026-10-10 23:00,USA,USL Championship,Sporting Jax,Birmingham Legion,O05,Over 0.5 goals,goals,,0.952,,,,,High,N/A,rejected,odds N/A (not priced by Sportybet),,0.479,pending,,
2026-10-10,2026-10-10 00:09,2026-10-10,2026-10-10 23:00,USA,USL League One,Union Omaha,Fort Wayne FC,U45,Under 4.5 goals,goals,1.23,0.804,0.76,0.813,4.3,-0.012,High,N/A,rejected,price too short for the probability (EV -1.2%),,0.429,pending,,
2026-10-10,2026-10-10 00:09,2026-10-10,2026-10-10 23:30,Mexico,Liga Premier: Serie A Clausura,Delfines de Coatzacoalcos,Artesanos Metepec FC,U45,Under 4.5 goals,goals,1.2,0.87,0.765,0.833,10.5,0.044,Low,N/A,rejected,failed the pipeline's data checks,,0.678,pending,,
2026-10-10,2026-10-10 00:09,2026-10-10,2026-10-10 23:30,Mexico,Primera Premier,Racing FC Porto Palmeiras,Celaya,O05,Over 0.5 goals,goals,,0.945,,,,,High,N/A,rejected,odds N/A (not priced by Sportybet),,0.436,pending,,
2026-10-10,2026-10-10 00:09,2026-10-10,2026-10-10 23:30,Uruguay,Primera División: Clausura,Club Atletico Penarol,Club Atletico Progreso,U55,Under 5.5 goals,goals,,0.946,,,,,High,N/A,rejected,odds N/A (not priced by Sportybet),,0.446,pending,,
2026-10-10,2026-10-10 00:09,2026-10-11,2026-10-11 00:00,Mexico,Liga Premier: Serie A Clausura,ACF Zapotlanejo,Mineros de Fresnillo,HO05,ACF Zapotlanejo over 0.5 goals,team,1.36,0.813,0.669,0.735,14.4,0.105,Medium,Medium,rejected,"model 14 pp above the market — data fault, not edge",,0.797,pending,,
2026-10-10,2026-10-10 00:09,2026-10-11,2026-10-11 00:00,Mexico,Liga Premier: Serie A Clausura,Real Refineros,Halcones Negros,H,Real Refineros to win,result,14.0,0.199,0.043,0.071,15.6,1.781,Low,Low,rejected,"failed the pipeline's data checks | probability 20% below the 60% bar for result | model 16 pp above the market — data fault, not edge",,0.689,pending,,
2026-10-10,2026-10-10 00:09,2026-10-11,2026-10-11 00:00,Mexico,Primera Premier,Deportiva Venados,Pioneros de Cancun,O05,Over 0.5 goals,goals,,0.949,,,,,High,N/A,rejected,odds N/A (not priced by Sportybet),,0.439,pending,,
2026-10-10,2026-10-10 00:09,2026-10-11,2026-10-11 00:00,Uruguay,Segunda División,Paysandu,Rentistas,H,Paysandu to win,result,3.4,0.342,0.259,0.294,8.3,0.163,High,High,rejected,probability 34% below the 60% bar for result,,0.77,pending,,
2026-10-10,2026-10-10 00:09,2026-10-11,2026-10-11 00:00,Venezuela,Primera Division: Clausura,Deportivo Tachira,Universidad Central,U55,Under 5.5 goals,goals,,0.941,,,,,High,N/A,rejected,odds N/A (not priced by Sportybet),,0.427,pending,,
2026-10-10,2026-10-10 00:42,2026-10-11,2026-10-11 00:15,Argentina,Liga Profesional: Clausura,Tigre,Banfield,A,Banfield to win,result,5.1,0.26,0.175,0.196,8.5,0.325,High,High,rejected,probability 26% below the 60% bar for result,,0.758,pending,,
2026-10-10,2026-10-10 00:42,2026-10-11,2026-10-11 00:20,Paraguay,Division Profesional: Clausura,Luqueno,Cerro Porteno,KU55,Under 5.5 cards,cards,,0.821,,,,,High,N/A,rejected,odds N/A (not priced by Sportybet),,0.428,pending,,
2026-10-10,2026-10-10 01:08,2026-10-11,2026-10-11 01:00,USA,USL Championship,Miami FC,Loudoun United,U45,Under 4.5 goals,goals,1.28,0.834,0.726,0.781,10.7,0.067,High,N/A,watchlist,"qualified, but outside the top 7 by overall ranking",,0.815,pending,,
2026-10-10,2026-10-10 01:08,2026-10-11,2026-10-11 01:00,Mexico,Liga MX: Apertura,FC Juarez,Tijuana,AO05,Tijuana over 0.5 goals,team,1.24,0.837,0.752,0.806,8.6,0.038,High,High,watchlist,"qualified, but outside the top 7 by overall ranking",,0.714,pending,,
2026-10-10,2026-10-10 01:08,2026-10-11,2026-10-11 01:00,USA,USL Championship,Detroit City FC,Rhode Island,AU15,Rhode Island under 1.5 goals,team,1.39,0.755,0.664,0.719,9.1,0.05,High,High,watchlist,"qualified, but outside the top 7 by overall ranking",,0.712,pending,,
2026-10-10,2026-10-10 01:08,2026-10-11,2026-10-11 01:00,USA,USL League One,Charlotte Independence,New York Cosmos,U55,Under 5.5 goals,goals,1.2,0.851,0.78,0.833,7.1,0.021,High,N/A,watchlist,"qualified, but outside the top 7 by overall ranking",,0.613,pending,,
2026-10-10,2026-10-10 01:08,2026-10-11,2026-10-11 01:00,USA,USL League One,Westchester SC,Forward Madison FC,U45,Under 4.5 goals,goals,1.22,0.84,0.766,0.82,7.4,0.025,High,N/A,watchlist,"qualified, but outside the top 7 by overall ranking",,0.608,pending,,
2026-10-10,2026-10-10 01:08,2026-10-11,2026-10-11 01:00,Guatemala,Liga Nacional: Apertura,CD Suchitepequez,Mixco,AO05,Mixco over 0.5 goals,team,1.35,0.741,0.686,0.741,5.5,0.0,High,High,watchlist,"qualified, but outside the top 7 by overall ranking",,0.439,pending,,
2026-10-10,2026-10-10 01:08,2026-10-11,2026-10-11 01:00,Chile,Primera División,Universidad Catolica,Audax Italiano,O05,Over 0.5 goals,goals,,0.942,,,,,High,N/A,rejected,odds N/A (not priced by Sportybet),,0.464,pending,,
2026-10-10,2026-10-10 01:08,2026-10-11,2026-10-11 01:00,Costa Rica,Primera División: Apertura,Puntarenas FC,LD Alajuelense,U55,Under 5.5 goals,goals,,0.95,,,,,High,N/A,rejected,odds N/A (not priced by Sportybet),,0.446,pending,,
2026-10-10,2026-10-10 01:08,2026-10-11,2026-10-11 01:00,Mexico,Liga MX: Apertura,Queretaro FC,Atlante,U45,Under 4.5 goals,goals,1.15,0.842,0.819,0.87,2.3,-0.032,High,N/A,rejected,price too short for the probability (EV -3.2%),,0.362,pending,,
2026-10-10,2026-10-10 01:08,2026-10-11,2026-10-11 01:00,Mexico,Liga de Expansion MX: Apertura,Venados FC,Leones Negros,HO05,Venados FC over 0.5 goals,team,1.12,0.852,0.826,0.893,2.7,-0.046,High,High,rejected,odds 1.12 at or below 1.14 | price too short for the probability (EV -4.6%),,0.419,pending,,
2026-10-10,2026-10-10 01:08,2026-10-11,2026-10-11 01:00,Mexico,Primera Premier,Jaguares Chiapas,Inter Playa del Carmen,U55,Under 5.5 goals,goals,,0.938,,,,,High,N/A,rejected,odds N/A (not priced by Sportybet),,0.436,pending,,
2026-10-10,2026-10-10 01:08,2026-10-11,2026-10-11 01:00,New Zealand,National League Championship,Auckland FC B,Auckland United FC,O05,Over 0.5 goals,goals,,0.959,,,,,Medium,N/A,rejected,failed the pipeline's data checks | odds N/A (not priced by Sportybet),,0.392,pending,,
2026-10-10,2026-10-10 01:08,2026-10-11,2026-10-11 01:00,USA,USL Championship,Indy Eleven,Tampa Bay Rowdies,H,Indy Eleven to win,result,3.5,0.324,0.258,0.286,6.6,0.135,High,High,rejected,probability 32% below the 60% bar for result,,0.722,pending,,
2026-10-10,2026-10-10 01:08,2026-10-11,2026-10-11 01:00,USA,USL Championship,Pittsburgh Riverhounds,Hartford Athletic,A,Hartford Athletic to win,result,3.8,0.312,0.237,0.263,7.4,0.184,High,High,rejected,probability 31% below the 60% bar for result,,0.761,pending,,
2026-10-10,2026-10-10 01:41,2026-10-11,2026-10-11 01:10,Colombia,Primera A: Clausura,Atletico Junior,Internacional de Bogota,U55,Under 5.5 goals,goals,,0.943,,,,,High,N/A,rejected,odds N/A (not priced by Sportybet),,0.485,pending,,
2026-10-10,2026-10-10 01:41,2026-10-11,2026-10-11 01:15,Honduras,Liga Nacional: Apertura,CD Motagua,CD Choloma,O05,Over 0.5 goals,goals,,0.939,,,,,High,N/A,rejected,odds N/A (not priced by Sportybet),,0.437,pending,,
2026-10-10,2026-10-10 01:41,2026-10-11,2026-10-11 01:30,Bolivia,Primera Division,Oriente Petrolero,ABB,O05,Over 0.5 goals,goals,,0.968,,,,,High,N/A,rejected,odds N/A (not priced by Sportybet),,0.461,pending,,
2026-10-10,2026-10-10 01:41,2026-10-11,2026-10-11 01:30,USA,MLS,Atlanta United,FC Cincinnati,O05,Over 0.5 goals,goals,,0.963,,,,,High,N/A,rejected,odds N/A (not priced by Sportybet),,0.473,pending,,
2026-10-10,2026-10-10 01:41,2026-10-11,2026-10-11 01:30,USA,MLS,Charlotte,FC Dallas,O05,Over 0.5 goals,goals,,0.956,,,,,High,N/A,rejected,odds N/A (not priced by Sportybet),,0.482,pending,,
2026-10-10,2026-10-10 01:41,2026-10-11,2026-10-11 01:30,USA,MLS,Inter Miami CF,DC United,O05,Over 0.5 goals,goals,,0.966,,,,,High,N/A,rejected,odds N/A (not priced by Sportybet),,0.485,pending,,
2026-10-10,2026-10-10 01:41,2026-10-11,2026-10-11 01:30,USA,MLS,New England Revolution,Seattle Sounders FC,O05,Over 0.5 goals,goals,,0.949,,,,,High,N/A,rejected,odds N/A (not priced by Sportybet),,0.481,pending,,
2026-10-10,2026-10-10 01:41,2026-10-11,2026-10-11 01:30,USA,MLS,New York Red Bulls,San Diego,O05,Over 0.5 goals,goals,,0.952,,,,,High,N/A,rejected,odds N/A (not priced by Sportybet),,0.476,pending,,
2026-10-10,2026-10-10 01:41,2026-10-11,2026-10-11 01:30,USA,MLS,Orlando City,Columbus Crew,O05,Over 0.5 goals,goals,,0.96,,,,,High,N/A,rejected,odds N/A (not priced by Sportybet),,0.485,pending,,
2026-10-10,2026-10-10 01:41,2026-10-11,2026-10-11 01:30,USA,MLS,Philadelphia Union,Real Salt Lake,O05,Over 0.5 goals,goals,,0.966,,,,,High,N/A,rejected,odds N/A (not priced by Sportybet),,0.47,pending,,
2026-10-10,2026-10-10 01:41,2026-10-11,2026-10-11 01:30,USA,USL League One,Sarasota Paradise,Richmond Kickers,O05,Over 0.5 goals,goals,,0.961,,,,,High,N/A,rejected,odds N/A (not priced by Sportybet),,0.473,pending,,
2026-10-10,2026-10-10 01:41,2026-10-11,2026-10-11 01:30,Venezuela,Primera Division: Clausura,Metropolitanos FC,Rayo Zuliano,O05,Over 0.5 goals,goals,,0.959,,,,,High,N/A,rejected,odds N/A (not priced by Sportybet),,0.449,pending,,
2026-10-10,2026-10-10 02:13,2026-10-11,2026-10-11 02:00,Mexico,Liga Premier: Serie A Clausura,La Tribu de Ciudad Juarez,Santiago FC,U45,Under 4.5 goals,goals,1.24,0.852,0.744,0.806,10.8,0.056,Medium,N/A,watchlist,warning: La Tribu de Ciudad Juarez: 100% rates in home matches come from only 3 matches — not meani,,0.741,pending,,
2026-10-10,2026-10-10 02:13,2026-10-11,2026-10-11 02:00,Peru,Liga 1: Clausura,Universitario de Deportes,FBC Melgar,O15,Over 1.5 goals,goals,1.32,0.784,0.714,0.758,7.0,0.035,High,High,watchlist,"qualified, but outside the top 7 by overall ranking",,0.584,pending,,
2026-10-10,2026-10-10 02:13,2026-10-11,2026-10-11 02:00,Brazil,Serie A,Sao Paulo,Vitoria,U35,Under 3.5 goals,goals,1.33,0.759,0.725,0.752,3.4,0.009,High,High,watchlist,"edge +3.4 pp is the model's usual gap on this market today (median +2.0 pp) — systematic, not specific to this match",,0.402,pending,,
2026-10-10,2026-10-10 02:13,2026-10-11,2026-10-11 02:00,Mexico,Liga Premier: Serie A Clausura,Vaqueros Reynosa,Atletico Saltillo Soccer,O05,Over 0.5 goals,goals,,0.958,,,,,Medium,N/A,rejected,odds N/A (not priced by Sportybet),,0.41,pending,,
2026-10-10,2026-10-10 02:13,2026-10-11,2026-10-11 02:00,Mexico,Primera Premier,Irapuato,Tritones Vallarta,O05,Over 0.5 goals,goals,,0.936,,,,,Medium,N/A,rejected,odds N/A (not priced by Sportybet),,0.414,pending,,
2026-10-10,2026-10-10 02:13,2026-10-11,2026-10-11 02:00,New Zealand,National League Championship,Napier City Rovers,Cashmere Technical,O05,Over 0.5 goals,goals,,0.977,,,,,Low,N/A,rejected,failed the pipeline's data checks | odds N/A (not priced by Sportybet),,0.374,pending,,
2026-10-10,2026-10-10 02:52,2026-10-11,2026-10-11 02:30,Argentina,Liga Profesional: Clausura,River Plate,Estudiantes de Rio Cuarto,U35,Under 3.5 goals,goals,1.41,0.765,0.669,0.709,9.6,0.078,High,High,watchlist,"qualified, but outside the top 7 by overall ranking",,0.732,pending,,
2026-10-10,2026-10-10 02:52,2026-10-11,2026-10-11 02:30,USA,MLS,Austin FC,Nashville SC,X2,Draw or Nashville SC,dc,1.28,0.79,0.747,0.781,4.3,0.011,High,High,watchlist,"qualified, but outside the top 7 by overall ranking",,0.53,pending,,
2026-10-10,2026-10-10 02:52,2026-10-11,2026-10-11 02:30,USA,MLS,Minnesota United,Houston Dynamo,O05,Over 0.5 goals,goals,,0.943,,,,,High,N/A,rejected,odds N/A (not priced by Sportybet),,0.47,pending,,
2026-10-10,2026-10-10 02:52,2026-10-11,2026-10-11 02:30,USA,MLS,Sporting Kansas City,Portland Timbers,O05,Over 0.5 goals,goals,,0.961,,,,,High,N/A,rejected,odds N/A (not priced by Sportybet),,0.473,pending,,
2026-10-10,2026-10-10 02:52,2026-10-11,2026-10-11 02:30,USA,USL League One,Corpus Christi,Naples,U45,Under 4.5 goals,goals,1.13,0.859,0.824,0.885,3.4,-0.03,High,N/A,rejected,odds 1.13 at or below 1.14 | price too short for the probability (EV -3.0%),,0.432,pending,,
2026-10-10,2026-10-10 03:27,2026-10-11,2026-10-11 03:00,USA,USL Championship,New Mexico United,Monterey Bay FC,AU15,Monterey Bay FC under 1.5 goals,team,1.43,0.749,0.645,0.699,10.4,0.071,High,High,watchlist,"qualified, but outside the top 7 by overall ranking",,0.76,pending,,
2026-10-10,2026-10-10 03:27,2026-10-11,2026-10-11 03:00,Mexico,Liga de Expansion MX: Apertura,Dorados,Cruz Azul Hidalgo,H,Dorados to win,result,1.71,0.634,0.559,0.585,7.5,0.085,High,High,watchlist,"qualified, but outside the top 7 by overall ranking",,0.736,pending,,
2026-10-10,2026-10-10 03:27,2026-10-11,2026-10-11 03:00,Mexico,Liga de Expansion MX: Apertura,Mineros de Zacatecas,Cancun FC,AO05,Cancun FC over 0.5 goals,team,1.38,0.74,0.674,0.725,6.7,0.022,High,High,watchlist,"qualified, but outside the top 7 by overall ranking",,0.55,pending,,
2026-10-10,2026-10-10 03:27,2026-10-11,2026-10-11 03:00,Guatemala,Liga Nacional: Apertura,Deportivo Malacateco,Guastatoya,O15,Over 1.5 goals,goals,1.41,0.727,0.661,0.709,6.6,0.025,High,High,watchlist,"qualified, but outside the top 7 by overall ranking",,0.511,pending,,
2026-10-10,2026-10-10 03:27,2026-10-11,2026-10-11 03:00,El Salvador,Primera Division: Apertura,Municipal Limeno,CD Luis Angel Firpo,H,Municipal Limeno to win,result,3.1,0.342,0.289,0.323,5.2,0.06,High,High,rejected,probability 34% below the 60% bar for result,,0.589,pending,,
2026-10-10,2026-10-10 03:27,2026-10-11,2026-10-11 03:00,Mexico,Liga MX: Apertura,Atlas,CD Guadalajara,A,CD Guadalajara to win,result,2.25,0.468,0.427,0.444,4.1,0.053,High,High,rejected,probability 47% below the 60% bar for result,,0.53,pending,,
2026-10-10,2026-10-10 03:27,2026-10-11,2026-10-11 03:00,Mexico,Liga de Expansion MX: Apertura,Jaibos Tampico Madero,Alacranes de Durango,O05,Over 0.5 goals,goals,,0.937,,,,,High,N/A,rejected,odds N/A (not priced by Sportybet),,0.432,pending,,
2026-10-10,2026-10-10 03:27,2026-10-11,2026-10-11 03:00,USA,USL Championship,El Paso Locomotive,Orange County SC,O15,Over 1.5 goals,goals,1.23,0.811,0.76,0.813,5.0,-0.003,High,High,rejected,price too short for the probability (EV -0.3%),,0.476,pending,,
2026-10-10,2026-10-10 03:27,2026-10-11,2026-10-11 03:15,Colombia,Primera B: Clausura,Bogota FC,Patriotas,A,Patriotas to win,result,2.25,0.455,0.416,0.444,3.9,0.025,High,High,rejected,probability 46% below the 60% bar for result,,0.437,pending,,
2026-10-10,2026-10-10 03:51,2026-10-11,2026-10-11 03:30,Costa Rica,Liga de Ascenso: Apertura: Group B,Cariari,FC Moravia FCM,U55,Under 5.5 goals,goals,,0.943,,,,,Medium,N/A,rejected,odds N/A (not priced by Sportybet),,0.413,pending,,
2026-10-10,2026-10-10 03:51,2026-10-11,2026-10-11 03:30,Honduras,Liga Nacional: Apertura,Lobos UPNFM,CD Marathon,AO05,CD Marathon over 0.5 goals,team,1.26,0.785,0.735,0.794,5.0,-0.011,High,High,rejected,price too short for the probability (EV -1.1%),,0.465,pending,,
2026-10-10,2026-10-10 03:51,2026-10-11,2026-10-11 03:30,USA,MLS,Colorado Rapids,San Jose Earthquakes,O05,Over 0.5 goals,goals,,0.945,,,,,High,N/A,rejected,odds N/A (not priced by Sportybet),,0.481,pending,,
2026-10-10,2026-10-10 04:16,2026-10-11,2026-10-11 04:00,USA,USL Championship,Phoenix Rising FC,Las Vegas Lights FC,U45,Under 4.5 goals,goals,1.23,0.859,0.76,0.813,9.9,0.057,High,N/A,watchlist,"qualified, but outside the top 7 by overall ranking",,0.8,pending,,
2026-10-10,2026-10-10 04:16,2026-10-11,2026-10-11 04:00,Costa Rica,Primera División: Apertura,Club Sport Herediano,Deportiva San Carlos,AO05,Deportiva San Carlos over 0.5 goals,team,1.66,0.767,0.559,0.602,20.8,0.272,High,High,rejected,"model 21 pp above the market — data fault, not edge",,0.811,pending,,
2026-10-10,2026-10-10 04:16,2026-10-11,2026-10-11 04:00,USA,USL Championship,Oakland Roots,San Antonio FC,HU15,Oakland Roots under 1.5 goals,team,1.55,0.638,0.597,0.645,4.1,-0.01,High,High,rejected,probability 64% below the 70% bar for team | price too short for the probability (EV -1.0%),,0.418,pending,,
2026-10-10,2026-10-10 04:16,2026-10-11,2026-10-11 04:00,USA,USL Championship,Sacramento Republic FC,Colorado Springs Switchbacks FC,U55,Under 5.5 goals,goals,,0.945,,,,,High,N/A,rejected,odds N/A (not priced by Sportybet),,0.475,pending,,
2026-10-10,2026-10-10 04:49,2026-10-11,2026-10-11 04:30,USA,USL League One,AV Alta,Greenville Triumph SC,U45,Under 4.5 goals,goals,1.21,0.839,0.772,0.826,6.6,0.015,High,N/A,watchlist,"qualified, but outside the top 7 by overall ranking",,0.559,pending,,
2026-10-10,2026-10-10 04:49,2026-10-11,2026-10-11 04:30,USA,MLS,Los Angeles FC,Vancouver Whitecaps,O05,Over 0.5 goals,goals,,0.943,,,,,High,N/A,rejected,odds N/A (not priced by Sportybet),,0.473,pending,,
2026-10-10,2026-10-10 05:54,2026-10-11,2026-10-11 05:10,Mexico,Liga MX: Apertura,CF America,Monterrey,O05,Over 0.5 goals,goals,,0.955,,,,,High,N/A,rejected,odds N/A (not priced by Sportybet),,0.446,pending,,
2026-10-10,2026-10-10 06:20,2026-10-11,2026-10-11 06:05,Japan,J2 League,Montedio Yamagata,Vegalta Sendai,HO05,Montedio Yamagata over 0.5 goals,team,1.42,0.75,0.651,0.704,9.9,0.065,High,High,watchlist,"qualified, but outside the top 7 by overall ranking",,0.746,pending,,
2026-10-10,2026-10-10 06:20,2026-10-11,2026-10-11 06:00,Japan,J3 League,Matsumoto Yamaga,Kagoshima United,AO05,Kagoshima United over 0.5 goals,team,1.24,0.824,0.749,0.806,7.5,0.022,High,High,watchlist,"qualified, but outside the top 7 by overall ranking",,0.646,pending,,
2026-10-10,2026-10-10 06:20,2026-10-11,2026-10-11 06:00,Japan,J3 League,Roasso Kumamoto,Ehime FC,U35,Under 3.5 goals,goals,1.37,0.747,0.683,0.73,6.4,0.024,High,High,watchlist,"qualified, but outside the top 7 by overall ranking",,0.52,pending,,
2026-10-10,2026-10-10 07:19,2026-10-11,2026-10-11 07:00,Japan,J3 League,Gainare Tottori,FC Gifu,HO05,Gainare Tottori over 0.5 goals,team,1.38,0.783,0.67,0.725,11.4,0.081,High,High,primary,,9,0.814,pending,,
2026-10-10,2026-10-10 07:19,2026-10-11,2026-10-11 07:00,Republic of Korea,K-League 1,Gwangju FC,Ulsan Hyundai,HU15,Gwangju FC under 1.5 goals,team,1.37,0.785,0.679,0.73,10.5,0.075,High,High,watchlist,"qualified, but outside the top 10 of its market by ranking",,0.793,pending,,
2026-10-10,2026-10-10 07:19,2026-10-11,2026-10-11 07:00,Japan,J1 League,JEF United Chiba,V-Varen Nagasaki,O15,Over 1.5 goals,goals,1.31,0.801,0.733,0.763,6.7,0.049,High,High,watchlist,"qualified, but outside the top 10 of its market by ranking",,0.605,pending,,
2026-10-10,2026-10-10 07:19,2026-10-11,2026-10-11 07:00,Republic of Korea,K League 2,Suwon Bluewings,Ansan Greeners,U45,Under 4.5 goals,goals,1.23,0.817,0.745,0.813,7.2,0.005,High,N/A,watchlist,"qualified, but outside the top 10 of its market by ranking",,0.549,pending,,
2026-10-10,2026-10-10 07:19,2026-10-11,2026-10-11 07:00,Japan,J2 League,Kataller Toyama,Tegevajaro Miyazaki,H,Kataller Toyama to win,result,2.1,0.49,0.449,0.476,4.1,0.028,High,High,rejected,odds 2.10 above the 1.90 ceiling (band 1.15–1.90) | probability 49% below the 60% bar for result,,0.478,pending,,
2026-10-10,2026-10-10 07:19,2026-10-11,2026-10-11 07:00,Japan,J3 League,Tochigi SC,Renofa Yamaguchi,KU55,Under 5.5 cards,cards,,0.923,,,,,High,N/A,rejected,odds N/A (not priced by Sportybet),,0.47,pending,,
2026-10-10,2026-10-10 07:19,2026-10-11,2026-10-11 07:00,Republic of Korea,K3 League,Gangneung City,Siheung Citizen FC,AO05,Siheung Citizen FC over 0.5 goals,team,1.2,0.806,0.758,0.833,4.9,-0.032,High,High,rejected,price too short for the probability (EV -3.2%),,0.471,pending,,
2026-10-10,2026-10-10 07:19,2026-10-11,2026-10-11 07:00,Republic of Korea,K3 League,Gyeongju H & N,Mokpo City,HO05,Gyeongju H & N over 0.5 goals,team,1.14,0.852,0.798,0.877,5.4,-0.028,High,High,rejected,odds 1.14 below the 1.15 floor | price too short for the probability (EV -2.8%),,0.514,pending,,
2026-10-10,2026-10-10 08:56,2026-10-11,2026-10-11 08:00,Japan,J1 League,Tokyo Verdy,Sanfrecce Hiroshima,A,Sanfrecce Hiroshima to win,result,1.51,0.763,0.653,0.662,10.9,0.152,High,High,primary,,1,0.885,pending,,
2026-10-10,2026-10-10 08:56,2026-10-11,2026-10-11 08:00,Japan,J1 League,Mito Hollyhock,Shimizu S-Pulse,1X,Mito Hollyhock or draw,dc,1.48,0.757,0.639,0.676,11.8,0.12,High,High,primary,,8,0.81,pending,,
2026-10-10,2026-10-10 08:56,2026-10-10,2026-10-10 17:15,Niger,Super Ligue,Sahel,As Police,U55,Under 5.5 goals,goals,,0.984,,,,,High,N/A,rejected,odds N/A (not priced by Sportybet),,0.44,pending,,
2026-10-10,2026-10-10 08:56,2026-10-10,2026-10-10 17:15,Niger,Super Ligue,Urana,Wombeye,U55,Under 5.5 goals,goals,,0.971,,,,,Low,N/A,rejected,failed the pipeline's data checks | odds N/A (not priced by Sportybet),,0.374,pending,,
2026-10-10,2026-10-10 08:56,2026-10-11,2026-10-11 08:00,Japan,J2 League,Iwaki FC,Blaublitz Akita,KU55,Under 5.5 cards,cards,,0.9,,,,,High,N/A,rejected,odds N/A (not priced by Sportybet),,0.473,pending,,
2026-10-10,2026-10-10 09:23,2026-10-11,2026-10-11 09:00,China,League One,Yanbian Longding,Nantong Zhiyun FC,HO05,Yanbian Longding over 0.5 goals,team,1.49,0.715,0.607,0.671,10.8,0.065,High,High,watchlist,"qualified, but outside the top 10 of its market by ranking",,0.721,pending,,
2026-10-10,2026-10-10 09:23,2026-10-11,2026-10-11 09:00,Japan,J1 League,Kawasaki Frontale,Nagoya Grampus Eight,12,Kawasaki Frontale or Nagoya Grampus Eight,dc,1.26,0.812,0.766,0.794,4.6,0.024,High,High,watchlist,"qualified, but outside the top 10 of its market by ranking",,0.588,pending,,
2026-10-10,2026-10-10 09:23,2026-10-10,2026-10-10 16:00,England,Isthmian League: South Central Division,Windsor & Eton,Hayes & Yeading United,O05,Over 0.5 goals,goals,,0.968,,,,,Medium,N/A,rejected,odds N/A (not priced by Sportybet),,0.389,miss,0-0,2026-10-10
2026-10-10,2026-10-10 09:23,2026-10-11,2026-10-11 09:00,Philippines,PFL,Tuloy,Stallion Laguna FC,O05,Over 0.5 goals,goals,,0.987,,,,,High,N/A,rejected,odds N/A (not priced by Sportybet),,0.455,pending,,
2026-10-10,2026-10-10 09:53,2026-10-11,2026-10-11 09:30,Taiwan,Premier League,Taipower,Taichung Futuro,O05,Over 0.5 goals,goals,,0.934,,,,,Medium,N/A,rejected,odds N/A (not priced by Sportybet),,0.388,pending,,
2026-10-10,2026-10-10 10:21,2026-10-11,2026-10-11 10:00,Hong Kong,Premier League,Rangers,Lee Man FC,AO15,Lee Man FC over 1.5 goals,team,1.27,0.762,0.728,0.787,3.4,-0.032,High,High,rejected,price too short for the probability (EV -3.2%),,0.494,pending,,
2026-10-10,2026-10-10 10:21,2026-10-11,2026-10-11 10:00,Hong Kong,Premier League,Southern District RSA,Eastern District,O15,Over 1.5 goals,goals,1.18,0.82,0.792,0.847,2.8,-0.032,High,High,rejected,price too short for the probability (EV -3.2%),,0.37,pending,,
2026-10-10,2026-10-10 10:21,2026-10-11,2026-10-11 10:00,Romania,Liga II,CS Afumati,CSL Stefanesti,X2,Draw or CSL Stefanesti,dc,2.45,0.351,0.3,0.408,5.1,-0.141,Medium,Medium,rejected,odds 2.45 above the 1.90 ceiling (band 1.15–1.90) | probability 35% below the 70% bar for dc | price too short for the probability (EV -14.1%),,0.405,pending,,
2026-10-10,2026-10-10 10:21,2026-10-11,2026-10-11 10:00,Taiwan,Premier League,AC Taipei,Taichung Rock,U55,Under 5.5 goals,goals,,0.936,,,,,Medium,N/A,rejected,odds N/A (not priced by Sportybet),,0.402,pending,,
2026-10-10,2026-10-10 10:21,2026-10-11,2026-10-11 10:00,Taiwan,Premier League,Taipei City Tatung,Tainan City,U55,Under 5.5 goals,goals,,0.935,,,,,Medium,N/A,rejected,odds N/A (not priced by Sportybet),,0.395,pending,,
2026-10-10,2026-10-10 10:49,2026-10-11,2026-10-11 10:30,Slovakia,2. Liga,Malzenice,Inter Bratislava,U45,Under 4.5 goals,goals,1.16,0.863,0.791,0.862,7.1,0.001,High,N/A,watchlist,"qualified, but outside the top 10 of its market by ranking",,0.568,pending,,
2026-10-10,2026-10-10 10:49,2026-10-11,2026-10-11 10:30,Slovakia,2. Liga,Slovan Bratislava B,Liptovsky Mikulas,U45,Under 4.5 goals,goals,1.2,0.836,0.765,0.833,7.1,0.003,High,N/A,watchlist,"qualified, but outside the top 10 of its market by ranking",,0.556,pending,,
2026-10-10,2026-10-10 10:49,2026-10-11,2026-10-11 10:30,Austria,2. Liga,FC Admira Wacker Modling,ASK Voitsberg,U45,Under 4.5 goals,goals,1.21,0.842,0.78,0.826,6.2,0.019,Medium,N/A,watchlist,"qualified, but outside the top 10 of its market by ranking",,0.492,pending,,
2026-10-10,2026-10-10 10:49,2026-10-11,2026-10-11 10:30,Indonesia,Super League,Malut United,Borneo FC Samarinda,A,Borneo FC Samarinda to win,result,2.65,0.432,0.348,0.377,8.4,0.146,High,High,rejected,odds 2.65 above the 1.90 ceiling (band 1.15–1.90) | probability 43% below the 60% bar for result,,0.749,pending,,
2026-10-10,2026-10-10 10:49,2026-10-11,2026-10-11 10:30,Indonesia,Super League,PSS Sleman,PSM Makassar,O25,Over 2.5 goals,goals,1.89,0.56,0.495,0.529,6.5,0.058,Low,Low,rejected,failed the pipeline's data checks | probability 56% below the 70% bar for goals,,0.531,pending,,
2026-10-10,2026-10-10 10:49,2026-10-11,2026-10-11 10:30,Slovakia,2. Liga,Zilina B,FK Slovan Galanta,U45,Under 4.5 goals,goals,1.18,0.836,0.777,0.847,6.0,-0.013,High,N/A,rejected,price too short for the probability (EV -1.3%),,0.472,pending,,
2026-10-10,2026-10-10 10:49,2026-10-11,2026-10-11 10:45,Germany,Oberliga: Hamburg,HEBC Hamburg,FC Suederelbe,O05,Over 0.5 goals,goals,,0.963,,,,,High,N/A,rejected,odds N/A (not priced by Sportybet),,0.461,pending,,
2026-10-10,2026-10-10 10:49,2026-10-11,2026-10-11 10:45,Italy,Campionato Primavera 1,Fiorentina U20,Parma U20,O05,Over 0.5 goals,goals,,0.935,,,,,High,N/A,rejected,odds N/A (not priced by Sportybet),,0.44,pending,,
2026-10-10,2026-10-10 10:49,2026-10-11,2026-10-11 10:45,Italy,Campionato Primavera 1,Hellas Verona U20,Lecce U20,O05,Over 0.5 goals,goals,,0.941,,,,,High,N/A,rejected,odds N/A (not priced by Sportybet),,0.451,pending,,
2026-10-10,2026-10-10 11:08,2026-10-11,2026-10-11 11:00,Andorra,1st Division,FC Rangers,CE Carroi,HO15,FC Rangers over 1.5 goals,team,1.28,0.787,0.714,0.781,7.3,0.007,High,High,watchlist,"qualified, but outside the top 10 of its market by ranking",,0.623,pending,,
2026-10-10,2026-10-10 11:08,2026-10-11,2026-10-11 11:00,Malta,Malta Premier: Opening Round,Floriana,Balzan FC,O15,Over 1.5 goals,goals,1.3,0.785,0.705,0.769,8.0,0.02,Medium,Medium,watchlist,warning: Balzan FC: 100% rates in away matches come from only 2 matches — not meaningful,,0.523,pending,,
2026-10-10,2026-10-10 11:08,2026-10-11,2026-10-11 11:00,Japan,J2 League,Shonan Bellmare,Albirex Niigata,HO05,Shonan Bellmare over 0.5 goals,team,1.28,0.787,0.722,0.781,6.5,0.007,High,High,watchlist,"qualified, but outside the top 10 of its market by ranking",,0.501,pending,,
2026-10-10,2026-10-10 11:08,2026-10-11,2026-10-11 11:00,Spain,Segunda Division RFEF: Group 3,Murcia B,Yeclano,U55,Under 5.5 goals,goals,,0.969,,,,,Medium,N/A,rejected,odds N/A (not priced by Sportybet),,0.389,pending,,
2026-10-10,2026-10-10 11:08,2026-10-11,2026-10-11 11:00,Spain,Segunda Division RFEF: Group 5,CF Talavera de la Reina,CD Atletico Paso,U55,Under 5.5 goals,goals,,0.958,,,,,Low,N/A,rejected,failed the pipeline's data checks | odds N/A (not priced by Sportybet),,0.368,pending,,
2026-10-10,2026-10-10 11:42,2026-10-11,2026-10-11 11:30,Norway,3. Division: Group 5,Stroemsgodset 2,Skjetten,O05,Over 0.5 goals,goals,,0.983,,,,,High,N/A,rejected,odds N/A (not priced by Sportybet),,0.455,pending,,
2026-10-10,2026-10-10 11:42,2026-10-11,2026-10-11 11:30,Spain,Segunda Division RFEF: Group 3,Deportiva Minera,Castellonense,U55,Under 5.5 goals,goals,,0.969,,,,,Medium,N/A,rejected,odds N/A (not priced by Sportybet),,0.389,pending,,
2026-10-10,2026-10-10 11:42,2026-10-11,2026-10-11 11:30,Spain,Segunda Division RFEF: Group 3,SCR Pena Deportiva,Orihuela,U55,Under 5.5 goals,goals,,0.958,,,,,Medium,N/A,rejected,odds N/A (not priced by Sportybet),,0.389,pending,,
2026-10-10,2026-10-10 12:11,2026-10-11,2026-10-11 12:00,China,Super League,Qingdao West Coast,Dalian Yingbo FC,1X,Qingdao West Coast or draw,dc,1.49,0.741,0.634,0.671,10.7,0.104,High,High,primary,,9,0.797,pending,,
2026-10-10,2026-10-10 12:11,2026-10-11,2026-10-11 12:00,Ukraine,Premier League,Dynamo Kyiv,Karpaty,U35,Under 3.5 goals,goals,1.43,0.756,0.658,0.699,9.8,0.081,High,High,watchlist,"qualified, but outside the top 10 of its market by ranking",,0.784,pending,,
2026-10-10,2026-10-10 12:11,2026-10-11,2026-10-11 12:00,Poland,II Liga,GKS Tychy 71,Gornik Leczna,AO05,Gornik Leczna over 0.5 goals,team,1.4,0.764,0.663,0.714,10.2,0.07,High,High,watchlist,"qualified, but outside the top 10 of its market by ranking",,0.729,pending,,
2026-10-10,2026-10-10 12:11,2026-10-11,2026-10-11 12:00,Portugal,Liga Portugal 2,Lusitania Lourosa,Chaves,1X,Lusitania Lourosa or draw,dc,1.33,0.777,0.7,0.752,7.6,0.033,High,High,watchlist,"qualified, but outside the top 10 of its market by ranking",,0.673,pending,,
2026-10-10,2026-10-10 12:11,2026-10-11,2026-10-11 12:00,Ukraine,Premier League,Cherkasy,Kudrivka,U35,Under 3.5 goals,goals,1.44,0.724,0.656,0.694,6.7,0.042,High,High,watchlist,"qualified, but outside the top 10 of its market by ranking",,0.564,pending,,
2026-10-10,2026-10-10 12:11,2026-10-11,2026-10-11 12:00,Spain,Primera Division RFEF: Group 2,Antequera CF,Cartagena,U35,Under 3.5 goals,goals,1.28,0.781,0.717,0.781,6.4,0.0,High,High,watchlist,"qualified, but outside the top 10 of its market by ranking",,0.529,pending,,
2026-10-10,2026-10-10 12:11,2026-10-11,2026-10-11 12:00,Kazakhstan,Premier League,Ulytau,Okzhetpes Kokshetau,U45,Under 4.5 goals,goals,1.16,0.866,0.809,0.862,5.8,0.005,High,N/A,watchlist,"qualified, but outside the top 10 of its market by ranking",,0.518,pending,,
2026-10-10,2026-10-10 12:11,2026-10-11,2026-10-11 11:45,Philippines,PFL,Azkals Development Team,Mendiola FC 1991,O05,Over 0.5 goals,goals,,0.98,,,,,Low,N/A,rejected,failed the pipeline's data checks | odds N/A (not priced by Sportybet),,0.353,pending,,
2026-10-10,2026-10-10 12:11,2026-10-11,2026-10-11 12:00,Greece,Super League 2,Hellas Syrou,Niki Volou,1X,Hellas Syrou or draw,dc,1.37,0.908,0.67,0.73,23.8,0.244,Medium,Medium,rejected,"model 24 pp above the market — data fault, not edge",,0.877,pending,,
2026-10-10,2026-10-10 12:11,2026-10-11,2026-10-11 12:00,Poland,I Liga,Stal Mielec,Warta Poznan,A,Warta Poznan to win,result,2.25,0.472,0.418,0.444,5.4,0.062,High,High,rejected,odds 2.25 above the 1.90 ceiling (band 1.15–1.90) | probability 47% below the 60% bar for result,,0.565,pending,,
2026-10-10,2026-10-10 12:11,2026-10-11,2026-10-11 12:00,Portugal,Liga 3: Group B,Mafra,CF Os Belenenses,AO05,CF Os Belenenses over 0.5 goals,team,1.28,0.745,0.714,0.781,3.1,-0.046,High,High,rejected,price too short for the probability (EV -4.6%),,0.35,pending,,
2026-10-10,2026-10-10 12:11,2026-10-11,2026-10-11 12:00,Spain,Primera Division RFEF: Group 1,Athletic Club B,Real Union,U55,Under 5.5 goals,goals,,0.939,,,,,High,N/A,rejected,odds N/A (not priced by Sportybet),,0.449,pending,,
2026-10-10,2026-10-10 12:11,2026-10-11,2026-10-11 12:00,Spain,Segunda Division RFEF: Group 1,Deportivo Alaves B,SD Gernika,U55,Under 5.5 goals,goals,,0.95,,,,,High,N/A,rejected,odds N/A (not priced by Sportybet),,0.452,pending,,
2026-10-10,2026-10-10 12:11,2026-10-11,2026-10-11 12:00,Spain,Segunda Division RFEF: Group 2,UD Logrones B,Barbastro,U55,Under 5.5 goals,goals,,0.962,,,,,Medium,N/A,rejected,odds N/A (not priced by Sportybet),,0.404,pending,,
2026-10-10,2026-10-10 12:11,2026-10-11,2026-10-11 12:00,Spain,Segunda Division RFEF: Group 3,Atletico Baleares,Mallorca B,U55,Under 5.5 goals,goals,,0.959,,,,,Medium,N/A,rejected,odds N/A (not priced by Sportybet),,0.413,pending,,
2026-10-10,2026-10-10 12:11,2026-10-11,2026-10-11 12:00,Spain,Segunda Division RFEF: Group 3,Poblense,Castellon B,U55,Under 5.5 goals,goals,,0.95,,,,,High,N/A,rejected,odds N/A (not priced by Sportybet),,0.467,pending,,
2026-10-10,2026-10-10 12:11,2026-10-11,2026-10-11 12:00,Spain,Segunda Division RFEF: Group 4,Puente Genil,UD Tamaraceite,U55,Under 5.5 goals,goals,,0.963,,,,,Medium,N/A,rejected,odds N/A (not priced by Sportybet),,0.404,pending,,
2026-10-10,2026-10-10 12:11,2026-10-11,2026-10-11 12:00,Spain,Segunda Division RFEF: Group 5,Real Madrid C,Atletico Tordesillas,U55,Under 5.5 goals,goals,,0.953,,,,,Medium,N/A,rejected,odds N/A (not priced by Sportybet),,0.41,pending,,
2026-10-10,2026-10-10 12:41,2026-10-11,2026-10-11 12:30,Italy,Serie A,Como,Roma,U45,Under 4.5 goals,goals,1.22,0.878,0.787,0.82,9.1,0.071,High,N/A,watchlist,"qualified, but outside the top 10 of its market by ranking",,0.807,pending,,
2026-10-10,2026-10-10 12:41,2026-10-11,2026-10-11 12:30,Italy,Serie C: Group B,Torres,Atalanta U23,AU15,Atalanta U23 under 1.5 goals,team,1.45,0.716,0.637,0.69,7.8,0.038,Medium,Medium,watchlist,"qualified, but outside the top 10 of its market by ranking",,0.532,pending,,
2026-10-10,2026-10-10 12:41,2026-10-11,2026-10-11 12:30,Turkey,Süper Lig,Konyaspor,Buyuksehyr,U35,Under 3.5 goals,goals,1.41,0.713,0.669,0.709,4.4,0.006,High,High,watchlist,"qualified, but outside the top 10 of its market by ranking",,0.398,pending,,
2026-10-10,2026-10-10 12:41,2026-10-11,2026-10-11 12:15,Netherlands,Eredivisie,Utrecht,Willem II,AO05,Willem II over 0.5 goals,team,1.43,0.789,0.654,0.699,13.5,0.128,High,High,rejected,"model 13 pp above the market — data fault, not edge",,0.823,pending,,
2026-10-10,2026-10-10 12:41,2026-10-11,2026-10-11 12:30,Italy,Serie C: Group C,Team Altamura,Catania,U55,Under 5.5 goals,goals,,0.945,,,,,High,N/A,rejected,odds N/A (not priced by Sportybet),,0.421,pending,,
2026-10-10,2026-10-10 12:41,2026-10-11,2026-10-11 12:30,Spain,Segunda Division RFEF: Group 1,Real Oviedo B,Rayo Cantabria,O05,Over 0.5 goals,goals,,0.943,,,,,High,N/A,rejected,odds N/A (not priced by Sportybet),,0.455,pending,,
2026-10-10,2026-10-10 12:41,2026-10-11,2026-10-11 12:30,Spain,Segunda Division RFEF: Group 4,Linares Deportivo,CA Antoniano,U55,Under 5.5 goals,goals,,0.96,,,,,High,N/A,rejected,odds N/A (not priced by Sportybet),,0.467,pending,,
2026-10-10,2026-10-10 13:07,2026-10-11,2026-10-11 13:00,Czech Republic,1st League,Slovan Liberec,Slovacko,H,Slovan Liberec to win,result,1.51,0.71,0.643,0.662,6.7,0.072,High,High,primary,,8,0.739,pending,,
2026-10-10,2026-10-10 13:07,2026-10-11,2026-10-11 13:00,Norway,2. Division: Group 2,Kjelsaas,Rana FK,AO05,Rana FK over 0.5 goals,team,1.44,0.744,0.644,0.694,10.0,0.071,High,High,watchlist,"qualified, but outside the top 10 of its market by ranking",,0.741,pending,,
2026-10-10,2026-10-10 13:07,2026-10-11,2026-10-11 13:00,Norway,2. division: group 1,Bjarg,Notodden,U45,Under 4.5 goals,goals,1.3,0.81,0.719,0.769,9.1,0.053,High,N/A,watchlist,"qualified, but outside the top 10 of its market by ranking",,0.692,pending,,
2026-10-10,2026-10-10 13:07,2026-10-11,2026-10-11 13:00,Norway,2. division: group 1,Vidar,Brattvaag,U45,Under 4.5 goals,goals,1.53,0.702,0.611,0.654,9.1,0.074,High,N/A,watchlist,"qualified, but outside the top 10 of its market by ranking",,0.641,pending,,
2026-10-10,2026-10-10 13:07,2026-10-11,2026-10-11 13:00,Latvia,Virsliga,Ogre United,BFC Daugavpils,U35,Under 3.5 goals,goals,1.48,0.709,0.619,0.676,9.0,0.049,High,High,watchlist,"qualified, but outside the top 10 of its market by ranking",,0.628,pending,,
2026-10-10,2026-10-10 13:07,2026-10-11,2026-10-11 13:00,Sweden,Superettan,Orebro SK,Ljungskile,U45,Under 4.5 goals,goals,1.19,0.846,0.794,0.84,5.2,0.007,High,N/A,watchlist,"qualified, but outside the top 10 of its market by ranking",,0.495,pending,,
2026-10-10,2026-10-10 13:07,2026-10-11,2026-10-11 13:00,Sweden,Division 1: South,Utsiktens BK,Aengelholms FF,U45,Under 4.5 goals,goals,1.23,0.815,0.755,0.813,5.9,0.002,High,N/A,watchlist,"qualified, but outside the top 10 of its market by ranking",,0.469,pending,,
2026-10-10,2026-10-10 13:07,2026-10-11,2026-10-11 13:00,Thailand,Thai League,Lamphun Warrior,Bangkok United,HO05,Lamphun Warrior over 0.5 goals,team,1.42,0.707,0.651,0.704,5.5,0.003,High,High,watchlist,"qualified, but outside the top 10 of its market by ranking",,0.419,pending,,
2026-10-10,2026-10-10 13:07,2026-10-11,2026-10-11 12:45,Croatia,Prva NL,NK Dugopolje,NK Croatia Zmijavci,HO05,NK Dugopolje over 0.5 goals,team,1.26,0.763,0.721,0.794,4.2,-0.039,High,High,rejected,price too short for the probability (EV -3.9%),,0.402,pending,,
2026-10-10,2026-10-10 13:07,2026-10-11,2026-10-11 13:00,Belarus,Premier League,FK Vitebsk,Isloch,H,FK Vitebsk to win,result,3.45,0.361,0.266,0.29,9.5,0.245,High,High,rejected,odds 3.45 above the 1.90 ceiling (band 1.15–1.90) | probability 36% below the 60% bar for result,,0.755,pending,,
2026-10-10,2026-10-10 13:07,2026-10-11,2026-10-11 13:00,Bosnia and Herzegovina,1st League: RS,Kozara,Rudar Prijedor,U55,Under 5.5 goals,goals,,0.965,,,,,High,N/A,rejected,odds N/A (not priced by Sportybet),,0.452,pending,,
2026-10-10,2026-10-10 13:07,2026-10-11,2026-10-11 13:00,China,League One,Guangxi Hengchen,Shenzhen Juniors,U45,Under 4.5 goals,goals,1.17,0.851,0.786,0.855,6.5,-0.004,High,N/A,rejected,price too short for the probability (EV -0.4%),,0.538,pending,,
2026-10-10,2026-10-10 13:07,2026-10-11,2026-10-11 13:00,China,League One,Ningbo Professional,Nanjing City,A,Nanjing City to win,result,4.0,0.24,0.216,0.25,2.3,-0.041,High,High,rejected,odds 4.00 above the 1.90 ceiling (band 1.15–1.90) | probability 24% below the 60% bar for result | price too short for the probability (EV -4.1%),,0.37,pending,,
2026-10-10,2026-10-10 13:07,2026-10-11,2026-10-11 13:00,China,League One,Shaanxi Union,Foshan Nanshi FC,O05,Over 0.5 goals,goals,,0.955,,,,,High,N/A,rejected,odds N/A (not priced by Sportybet),,0.485,pending,,
2026-10-10,2026-10-10 13:07,2026-10-11,2026-10-11 13:00,Denmark,Danmarksserien: Group 4,Vejgaard,Holstebro Boldklub II,O05,Over 0.5 goals,goals,,0.951,,,,,Medium,N/A,rejected,odds N/A (not priced by Sportybet),,0.392,pending,,
2026-10-10,2026-10-10 13:07,2026-10-11,2026-10-11 13:00,England,Championship,Southampton,Portsmouth,O05,Over 0.5 goals,goals,,0.955,,,,,High,N/A,rejected,odds N/A (not priced by Sportybet),,0.467,pending,,
2026-10-10,2026-10-10 13:07,2026-10-11,2026-10-11 13:00,Germany,Oberliga: Bremen,TuS Schwachhausen,SV Grohn,O05,Over 0.5 goals,goals,,0.98,,,,,Medium,N/A,rejected,odds N/A (not priced by Sportybet),,0.404,pending,,
2026-10-10,2026-10-10 13:07,2026-10-11,2026-10-11 13:00,Kazakhstan,Premier League,Kaspyi Aktau,Altai Semey,AU15,Altai Semey under 1.5 goals,team,1.45,0.69,0.637,0.69,5.2,0.0,High,High,rejected,probability 69% below the 70% bar for team,,0.398,pending,,
2026-10-10,2026-10-10 13:07,2026-10-11,2026-10-11 13:00,Kenya,Premier League,Ulinzi Stars,Tusker FC,AU15,Tusker FC under 1.5 goals,team,1.49,0.769,0.622,0.671,14.8,0.146,High,High,rejected,"model 15 pp above the market — data fault, not edge",,0.798,pending,,
2026-10-10,2026-10-10 13:07,2026-10-11,2026-10-11 13:00,North Macedonia,1st League,Shkendija Haracine,KF Shkendija,U55,Under 5.5 goals,goals,,0.935,,,,,Medium,N/A,rejected,odds N/A (not priced by Sportybet),,0.395,pending,,
2026-10-10,2026-10-10 13:07,2026-10-11,2026-10-11 13:00,Norway,2. Division: Group 2,Stjoerdals Blink,Tromsdalen,U55,Under 5.5 goals,goals,1.14,0.865,0.823,0.877,4.2,-0.014,High,N/A,rejected,odds 1.14 below the 1.15 floor | price too short for the probability (EV -1.4%),,0.411,pending,,
2026-10-10,2026-10-10 13:07,2026-10-11,2026-10-11 13:00,Norway,3. Division: Group 5,Kongsvinger 2,Bossekop,O05,Over 0.5 goals,goals,,0.988,,,,,High,N/A,rejected,odds N/A (not priced by Sportybet),,0.449,pending,,
2026-10-10,2026-10-10 13:07,2026-10-11,2026-10-11 13:00,Scotland,Premiership,Motherwell,Celtic,U45,Under 4.5 goals,goals,1.29,0.855,0.731,0.775,12.5,0.103,High,N/A,rejected,"model 12 pp above the market — data fault, not edge",,0.882,pending,,
2026-10-10,2026-10-10 13:07,2026-10-11,2026-10-11 13:00,Spain,Segunda Division RFEF: Group 4,Las Palmas B,Tenerife B,U55,Under 5.5 goals,goals,,0.96,,,,,High,N/A,rejected,odds N/A (not priced by Sportybet),,0.44,pending,,
2026-10-10,2026-10-10 13:07,2026-10-11,2026-10-11 13:00,Sweden,Division 2: Norra Goetaland,Husqvarna FF,Herrestads AIF,O05,Over 0.5 goals,goals,,0.962,,,,,High,N/A,rejected,odds N/A (not priced by Sportybet),,0.455,pending,,
2026-10-10,2026-10-10 13:07,2026-10-11,2026-10-11 13:00,Sweden,Division 2: Norra Svealand,Aengby IF,Viggbyholms IK FF,O05,Over 0.5 goals,goals,,0.978,,,,,High,N/A,rejected,odds N/A (not priced by Sportybet),,0.461,pending,,
2026-10-10,2026-10-10 13:07,2026-10-11,2026-10-11 13:00,Sweden,Division 2: Soedra Goetaland,Oesterlen FF,Torns IF,O05,Over 0.5 goals,goals,,0.971,,,,,High,N/A,rejected,odds N/A (not priced by Sportybet),,0.455,pending,,
2026-10-10,2026-10-10 13:07,2026-10-11,2026-10-11 13:00,Sweden,Division 2: Soedra Svealand,IF Eker Oerebro,BK Forward,O05,Over 0.5 goals,goals,,0.968,,,,,High,N/A,rejected,odds N/A (not priced by Sportybet),,0.461,pending,,
2026-10-10,2026-10-10 13:07,2026-10-11,2026-10-11 13:00,Sweden,Division 2: Soedra Svealand,Nykoepings BIS,Karlslunds IF HFK,O05,Over 0.5 goals,goals,,0.95,,,,,High,N/A,rejected,odds N/A (not priced by Sportybet),,0.473,pending,,
2026-10-10,2026-10-10 13:07,2026-10-11,2026-10-11 13:00,Sweden,Division 2: Vaestra Goetaland,Vaestra Froelunda,Torslanda IK,O05,Over 0.5 goals,goals,,0.966,,,,,High,N/A,rejected,odds N/A (not priced by Sportybet),,0.455,pending,,
2026-10-10,2026-10-10 13:07,2026-10-11,2026-10-11 13:00,Taiwan,Premier League,Kaohsiung Attackers,Hang Yuan,U55,Under 5.5 goals,goals,,0.94,,,,,Low,N/A,rejected,failed the pipeline's data checks | odds N/A (not priced by Sportybet),,0.291,pending,,
2026-10-10,2026-10-10 13:07,2026-10-11,2026-10-11 13:00,Thailand,Thai League,Prachuap FC,Chiangrai United,U55,Under 5.5 goals,goals,,0.954,,,,,High,N/A,rejected,odds N/A (not priced by Sportybet),,0.482,pending,,
2026-10-10,2026-10-10 13:07,2026-10-11,2026-10-11 13:00,Uzbekistan,Super League,AGMK,Navbahor Namangan,H,AGMK to win,result,3.75,0.337,0.234,0.267,10.3,0.264,High,High,rejected,odds 3.75 above the 1.90 ceiling (band 1.15–1.90) | probability 34% below the 60% bar for result,,0.761,pending,,
2026-10-10,2026-10-10 13:07,2026-10-11,2026-10-11 13:00,Uzbekistan,Super League,Sogdiyona Jizzax,Lokomotiv Tashkent,O05,Over 0.5 goals,goals,,0.944,,,,,High,N/A,rejected,odds N/A (not priced by Sportybet),,0.453,pending,,
2026-10-10,2026-10-10 13:07,2026-10-11,2026-10-11 13:00,Vietnam,V-League,Song Lam Nghe An,Ho Chi Minh City FC,U55,Under 5.5 goals,goals,,0.945,,,,,High,N/A,rejected,odds N/A (not priced by Sportybet),,0.46,pending,,
2026-10-10,2026-10-10 13:41,2026-10-11,2026-10-11 13:30,Germany,2. Bundesliga,St Pauli,Karlsruhe,U45,Under 4.5 goals,goals,1.29,0.829,0.731,0.775,9.8,0.069,High,N/A,watchlist,"qualified, but outside the top 10 of its market by ranking",,0.769,pending,,
2026-10-10,2026-10-10 13:41,2026-10-11,2026-10-11 13:30,Estonia,Meistriliiga,FCI Levadia,Paide Linnameeskond,AU15,Paide Linnameeskond under 1.5 goals,team,1.38,0.779,0.67,0.725,10.9,0.075,High,High,watchlist,"qualified, but outside the top 10 of its market by ranking",,0.769,pending,,
2026-10-10,2026-10-10 13:41,2026-10-11,2026-10-11 13:30,Germany,3. Liga,Ingolstadt,Wehen Wiesbaden,1X,Ingolstadt or draw,dc,1.41,0.739,0.663,0.709,7.6,0.041,High,High,watchlist,"qualified, but outside the top 10 of its market by ranking",,0.65,pending,,
2026-10-10,2026-10-10 13:41,2026-10-11,2026-10-11 13:30,Albania,Kategoria Superiore,Laci,KF Egnatia,HO05,Laci over 0.5 goals,team,1.49,0.716,0.622,0.671,9.4,0.066,Medium,Medium,watchlist,warning: Laci: 100% rates in away matches come from only 2 matches — not meaningful,,0.625,pending,,
2026-10-10,2026-10-10 13:41,2026-10-11,2026-10-11 13:30,Germany,2. Bundesliga,Bochum,Bielefeld,1X,Bochum or draw,dc,1.39,0.734,0.671,0.719,6.2,0.02,High,High,watchlist,"qualified, but outside the top 10 of its market by ranking",,0.568,pending,,
2026-10-10,2026-10-10 13:41,2026-10-11,2026-10-11 13:30,Norway,2. Division: Group 2,Loerenskog,Trygg/Lade,H,Loerenskog to win,result,1.55,0.66,0.62,0.645,4.0,0.024,High,High,watchlist,"qualified, but outside the top 10 of its market by ranking",,0.489,pending,,
2026-10-10,2026-10-10 13:41,2026-10-11,2026-10-11 13:30,China,League One,Guangdong GZ-Power,Jiangxi Dingnan United,U45,Under 4.5 goals,goals,1.32,0.762,0.694,0.758,6.8,0.006,High,N/A,watchlist,"qualified, but outside the top 10 of its market by ranking",,0.488,pending,,
2026-10-10,2026-10-10 13:41,2026-10-11,2026-10-11 13:15,Lithuania,Cup,FK Minija,FK Kauno Zalgiris,O05,Over 0.5 goals,goals,,0.94,,,,,Low,N/A,rejected,failed the pipeline's data checks | odds N/A (not priced by Sportybet),,0.285,pending,,
2026-10-10,2026-10-10 13:41,2026-10-11,2026-10-11 13:30,Belgium,Pro League,Standard,Charleroi,H,Standard to win,result,2.95,0.375,0.322,0.339,5.3,0.107,High,High,rejected,odds 2.95 above the 1.90 ceiling (band 1.15–1.90) | probability 38% below the 60% bar for result,,0.678,pending,,
2026-10-10,2026-10-10 13:41,2026-10-11,2026-10-11 13:30,Georgia,Erovnuli Liga,FC Samgurali Tskhaltubo,FC Gagra,O15,Over 1.5 goals,goals,1.26,0.792,0.73,0.794,6.3,-0.001,High,High,rejected,price too short for the probability (EV -0.1%),,0.48,pending,,
2026-10-10,2026-10-10 13:41,2026-10-11,2026-10-11 13:30,Germany,2. Bundesliga,Hertha,Greuther Furth,O05,Over 0.5 goals,goals,,0.956,,,,,High,N/A,rejected,odds N/A (not priced by Sportybet),,0.455,pending,,
2026-10-10,2026-10-10 13:41,2026-10-11,2026-10-11 13:30,Germany,Oberliga: Bremen,TV Eiche Horn Bremen,SG Aumund-Vegesack,O05,Over 0.5 goals,goals,,0.98,,,,,High,N/A,rejected,odds N/A (not priced by Sportybet),,0.461,pending,,
2026-10-10,2026-10-10 13:41,2026-10-11,2026-10-11 13:30,India,Super League,Inter Kashi,Kerala Blasters FC,HO05,Inter Kashi over 0.5 goals,team,1.85,0.721,0.5,0.541,22.1,0.335,High,High,rejected,"model 22 pp above the market — data fault, not edge",,0.742,pending,,
2026-10-10,2026-10-10 13:41,2026-10-11,2026-10-11 13:30,Singapore,Premier League,Lion City Sailors FC,Young Lions,O25,Over 2.5 goals,goals,1.16,0.834,0.809,0.862,2.5,-0.033,High,High,rejected,price too short for the probability (EV -3.3%),,0.446,pending,,
2026-10-10,2026-10-10 13:41,2026-10-11,2026-10-11 13:30,Singapore,Premier League,Tanjong Pagar United FC,Tampines Rovers FC,O05,Over 0.5 goals,goals,,0.977,,,,,High,N/A,rejected,odds N/A (not priced by Sportybet),,0.44,pending,,
2026-10-10,2026-10-10 13:41,2026-10-11,2026-10-11 13:30,Thailand,Thai League,Sisaket United,Chonburi,HO05,Sisaket United over 0.5 goals,team,1.39,0.778,0.668,0.719,11.0,0.082,Low,Low,rejected,failed the pipeline's data checks,,0.716,pending,,
2026-10-10,2026-10-10 13:41,2026-10-11,2026-10-11 13:35,China,Super League,Chongqing Tonglianglong FC,Shandong Taishan,KU55,Under 5.5 cards,cards,,0.839,,,,,High,N/A,rejected,odds N/A (not priced by Sportybet),,0.406,pending,,
2026-10-10,2026-10-10 13:41,2026-10-11,2026-10-11 13:35,China,Super League,Liaoning Tieren,Wuhan Three Towns,H,Liaoning Tieren to win,result,2.4,0.43,0.409,0.417,2.2,0.032,High,High,rejected,odds 2.40 above the 1.90 ceiling (band 1.15–1.90) | probability 43% below the 60% bar for result,,0.392,pending,,
2026-10-10,2026-10-10 14:15,2026-10-11,2026-10-11 14:00,Spain,Segunda División,Andorra,Castellon,HU15,Andorra under 1.5 goals,team,1.61,0.702,0.583,0.621,11.9,0.13,High,High,watchlist,"qualified, but outside the top 10 of its market by ranking",,0.775,pending,,
2026-10-10,2026-10-10 14:15,2026-10-11,2026-10-11 14:00,Denmark,Superliga,Silkeborg,AC Horsens,AO05,AC Horsens over 0.5 goals,team,1.34,0.801,0.698,0.746,10.3,0.074,High,High,watchlist,"qualified, but outside the top 10 of its market by ranking",,0.771,pending,,
2026-10-10,2026-10-10 14:15,2026-10-11,2026-10-11 13:45,Greece,Super League 2,Marko,AE Larissa,1X,Marko or draw,dc,1.33,0.804,0.697,0.752,10.7,0.07,Medium,Medium,watchlist,"qualified, but outside the top 10 of its market by ranking",,0.729,pending,,
2026-10-10,2026-10-10 14:15,2026-10-11,2026-10-11 14:00,Indonesia,Super League,Persib Bandung,Dewa United,U35,Under 3.5 goals,goals,1.46,0.731,0.64,0.685,9.1,0.068,High,High,watchlist,"qualified, but outside the top 10 of its market by ranking",,0.68,pending,,
2026-10-10,2026-10-10 14:15,2026-10-11,2026-10-11 14:00,Serbia,Prva Liga,Proleter 023,Napredak,12,Proleter 023 or Napredak,dc,1.31,0.795,0.706,0.763,9.0,0.042,Medium,Medium,watchlist,"qualified, but outside the top 10 of its market by ranking",,0.676,pending,,
2026-10-10,2026-10-10 14:15,2026-10-11,2026-10-11 14:00,Moldova,Super Liga,FC Milsami Orhei,Politehnica UTM,AO05,Politehnica UTM over 0.5 goals,team,1.5,0.709,0.605,0.667,10.3,0.063,High,High,watchlist,"qualified, but outside the top 10 of its market by ranking",,0.667,pending,,
2026-10-10,2026-10-10 14:15,2026-10-11,2026-10-11 14:00,Spain,La Liga,Elche,Celta,O15,Over 1.5 goals,goals,1.33,0.797,0.725,0.752,7.3,0.06,High,High,watchlist,"qualified, but outside the top 10 of its market by ranking",,0.658,pending,,
2026-10-10,2026-10-10 14:15,2026-10-11,2026-10-11 14:00,Denmark,1st Division,Vendsyssel FF,HB Koege,1X,Vendsyssel FF or draw,dc,1.34,0.774,0.699,0.746,7.5,0.037,High,High,watchlist,"qualified, but outside the top 10 of its market by ranking",,0.643,pending,,
2026-10-10,2026-10-10 14:15,2026-10-11,2026-10-11 14:00,Sweden,Allsvenskan,Hammarby IF,Djurgaarden,U45,Under 4.5 goals,goals,1.23,0.841,0.765,0.813,7.7,0.035,High,N/A,watchlist,"qualified, but outside the top 10 of its market by ranking",,0.629,pending,,
2026-10-10,2026-10-10 14:15,2026-10-11,2026-10-11 14:00,Denmark,2nd Division,Nykoebing FC,VSK Aarhus,U45,Under 4.5 goals,goals,1.19,0.851,0.771,0.84,8.0,0.013,High,N/A,watchlist,"qualified, but outside the top 10 of its market by ranking",,0.583,pending,,
2026-10-10,2026-10-10 14:15,2026-10-11,2026-10-11 14:00,Switzerland,Super League,Grasshopper,Young Boys,U55,Under 5.5 goals,goals,1.28,0.814,0.738,0.781,7.6,0.042,High,N/A,watchlist,"qualified, but outside the top 10 of its market by ranking",,0.549,pending,,
2026-10-10,2026-10-10 14:15,2026-10-11,2026-10-11 14:00,Germany,Regionalliga Nord,1. FC Phonix Lubeck,Eintracht Norderstedt,H,1. FC Phonix Lubeck to win,result,1.4,0.727,0.685,0.714,4.2,0.018,High,High,watchlist,"qualified, but outside the top 10 of its market by ranking",,0.538,pending,,
2026-10-10,2026-10-10 14:15,2026-10-11,2026-10-11 14:00,Azerbaijan,Premier League,Imisli FK,Qarabag FK,U45,Under 4.5 goals,goals,1.2,0.842,0.778,0.833,6.4,0.01,High,N/A,watchlist,"qualified, but outside the top 10 of its market by ranking",,0.522,pending,,
2026-10-10,2026-10-10 14:15,2026-10-11,2026-10-11 14:00,Bulgaria,Parva Liga,Septemvri Sofia,Dunav Ruse,O15,Over 1.5 goals,goals,1.4,0.733,0.667,0.714,6.7,0.027,High,High,watchlist,"qualified, but outside the top 10 of its market by ranking",,0.507,pending,,
2026-10-10,2026-10-10 14:15,2026-10-11,2026-10-11 14:00,Denmark,Superliga,Randers FC,Viborg,U45,Under 4.5 goals,goals,1.19,0.843,0.794,0.84,4.9,0.004,High,N/A,watchlist,"edge +4.9 pp is the model's usual gap on this market today (median +3.0 pp) — systematic, not specific to this match",,0.464,pending,,
2026-10-10,2026-10-10 14:15,2026-10-11,2026-10-11 14:00,Armenia,Premier League,Sardarapat,FC Noah,U45,Under 4.5 goals,goals,1.24,0.814,0.752,0.806,6.3,0.009,Medium,N/A,watchlist,warning: High model probability (87%) rests on 8 matches for one team,,0.438,pending,,
2026-10-10,2026-10-10 14:15,2026-10-11,2026-10-11 14:00,Andorra,1st Division,Penya Encarnada d'Andorra,Sporting Escaldes,A,Sporting Escaldes to win,result,5.1,0.301,0.163,0.196,13.8,0.534,Low,Low,rejected,"failed the pipeline's data checks | odds 5.10 above the 1.90 ceiling (band 1.15–1.90) | probability 30% below the 60% bar for result | model 14 pp above the market — data fault, not edge",,0.668,pending,,
2026-10-10,2026-10-10 14:15,2026-10-11,2026-10-11 14:00,Denmark,Danmarksserien: Group 4,Fuglebakken KFUM Aarhus,Vorup,O05,Over 0.5 goals,goals,,0.955,,,,,High,N/A,rejected,odds N/A (not priced by Sportybet),,0.464,pending,,
2026-10-10,2026-10-10 14:15,2026-10-11,2026-10-11 14:00,Finland,Veikkausliiga: Championship,FC Inter Turku,KuPS,U55,Under 5.5 goals,goals,,0.967,,,,,High,N/A,rejected,odds N/A (not priced by Sportybet),,0.464,pending,,
2026-10-10,2026-10-10 14:15,2026-10-11,2026-10-11 14:00,Germany,Oberliga NOFV Nord 25/26,Sparta Lichtenberg,Hertha Zehlendorf,O05,Over 0.5 goals,goals,,0.97,,,,,Medium,N/A,rejected,odds N/A (not priced by Sportybet),,0.422,pending,,
2026-10-10,2026-10-10 14:15,2026-10-11,2026-10-11 14:00,Germany,Oberliga: Baden-Wurttemberg,Turkischer SV Singen,TSG Backnang,O05,Over 0.5 goals,goals,,0.968,,,,,High,N/A,rejected,odds N/A (not priced by Sportybet),,0.461,pending,,
2026-10-10,2026-10-10 14:15,2026-10-11,2026-10-11 14:00,Germany,Oberliga: Baden-Wurttemberg,Turkspor Neckarsulm,FC 08 Villingen,O05,Over 0.5 goals,goals,,0.965,,,,,High,N/A,rejected,odds N/A (not priced by Sportybet),,0.455,pending,,
2026-10-10,2026-10-10 14:15,2026-10-11,2026-10-11 14:00,Germany,Oberliga: Bremen,SV Hemelingen,OSC Bremerhaven,O05,Over 0.5 goals,goals,,0.979,,,,,High,N/A,rejected,odds N/A (not priced by Sportybet),,0.452,pending,,
2026-10-10,2026-10-10 14:15,2026-10-11,2026-10-11 14:00,Germany,Oberliga: Flens,SV Eichede,Eckernfoerder SV,O05,Over 0.5 goals,goals,,0.974,,,,,High,N/A,rejected,odds N/A (not priced by Sportybet),,0.434,pending,,
2026-10-10,2026-10-10 14:15,2026-10-11,2026-10-11 14:00,Germany,Oberliga: Flens,TSB Flensburg,Holstein Kiel II,O05,Over 0.5 goals,goals,,0.974,,,,,High,N/A,rejected,odds N/A (not priced by Sportybet),,0.428,pending,,
2026-10-10,2026-10-10 14:15,2026-10-11,2026-10-11 14:00,Germany,Oberliga: Flens,VfR Neumunster,Oldenburger SV,O05,Over 0.5 goals,goals,,0.983,,,,,High,N/A,rejected,odds N/A (not priced by Sportybet),,0.461,pending,,
2026-10-10,2026-10-10 14:15,2026-10-11,2026-10-11 14:00,Germany,Oberliga: Hamburg,TSV Buchholz,Uhlenhorster SC Paloma,O05,Over 0.5 goals,goals,,0.984,,,,,High,N/A,rejected,odds N/A (not priced by Sportybet),,0.455,pending,,
2026-10-10,2026-10-10 14:15,2026-10-11,2026-10-11 14:00,Germany,Oberliga: NOFV-Sud,Budissa Bautzen,Weissenfels,O05,Over 0.5 goals,goals,,0.96,,,,,Medium,N/A,rejected,odds N/A (not priced by Sportybet),,0.404,pending,,
2026-10-10,2026-10-10 14:15,2026-10-11,2026-10-11 14:00,Germany,Oberliga: NOFV-Sud,Dynamo Dresden II,VfB Krieschow,O05,Over 0.5 goals,goals,,0.958,,,,,Medium,N/A,rejected,odds N/A (not priced by Sportybet),,0.404,pending,,
2026-10-10,2026-10-10 14:15,2026-10-11,2026-10-11 14:00,Germany,Oberliga: NOFV-Sud,Einheit Rudolstadt,VfB Auerbach,O05,Over 0.5 goals,goals,,0.957,,,,,High,N/A,rejected,odds N/A (not priced by Sportybet),,0.458,pending,,
2026-10-10,2026-10-10 14:15,2026-10-11,2026-10-11 14:00,Germany,Oberliga: NOFV-Sud,VfL Halle 96,ZFC Meuselwitz,O05,Over 0.5 goals,goals,,0.963,,,,,High,N/A,rejected,odds N/A (not priced by Sportybet),,0.428,pending,,
2026-10-10,2026-10-10 14:15,2026-10-11,2026-10-11 14:00,Germany,Oberliga: Niederrhein,Holzheimer SG,Blau-Weiss Dingden,O05,Over 0.5 goals,goals,,0.962,,,,,High,N/A,rejected,odds N/A (not priced by Sportybet),,0.461,pending,,
2026-10-10,2026-10-10 14:15,2026-10-11,2026-10-11 14:00,Germany,Regionalliga Nord,SV Todesfelde,SC Weiche Flensburg,O05,Over 0.5 goals,goals,,0.973,,,,,High,N/A,rejected,odds N/A (not priced by Sportybet),,0.434,pending,,
2026-10-10,2026-10-10 14:15,2026-10-11,2026-10-11 14:00,Germany,Regionalliga Nord,St.Pauli II,HSC Hannover,A,HSC Hannover to win,result,3.5,0.291,0.251,0.286,4.0,0.018,High,High,rejected,odds 3.50 above the 1.90 ceiling (band 1.15–1.90) | probability 29% below the 60% bar for result,,0.456,pending,,
2026-10-10,2026-10-10 14:15,2026-10-11,2026-10-11 14:00,Germany,Regionalliga Nordost,Greifswalder FC,Erzgebirge Aue,O05,Over 0.5 goals,goals,,0.953,,,,,High,N/A,rejected,odds N/A (not priced by Sportybet),,0.44,pending,,
2026-10-10,2026-10-10 14:15,2026-10-11,2026-10-11 14:00,Germany,Regionalliga Nordost,Hallescher FC,RSV Eintracht 1949,O05,Over 0.5 goals,goals,,0.954,,,,,High,N/A,rejected,odds N/A (not priced by Sportybet),,0.437,pending,,
2026-10-10,2026-10-10 14:15,2026-10-11,2026-10-11 14:00,Germany,Regionalliga Südwest,Freiburg II,Freiberg,O05,Over 0.5 goals,goals,,0.962,,,,,High,N/A,rejected,odds N/A (not priced by Sportybet),,0.461,pending,,
2026-10-10,2026-10-10 14:15,2026-10-11,2026-10-11 14:00,Germany,Regionalliga West,Bochum II,SV Roedinghausen,O05,Over 0.5 goals,goals,,0.955,,,,,High,N/A,rejected,odds N/A (not priced by Sportybet),,0.467,pending,,
2026-10-10,2026-10-10 14:15,2026-10-11,2026-10-11 14:00,Germany,Regionalliga West,SC Wiedenbrueck,Bonner SC,HU15,SC Wiedenbrueck under 1.5 goals,team,1.6,0.636,0.568,0.625,6.9,0.018,High,High,rejected,probability 64% below the 70% bar for team,,0.557,pending,,
2026-10-10,2026-10-10 14:15,2026-10-11,2026-10-11 14:00,Greece,Super League 2,Anagennisi Karditsas,Zakynthos APS,A,Zakynthos APS to win,result,4.25,0.329,0.203,0.235,12.7,0.4,Medium,Medium,rejected,"odds 4.25 above the 1.90 ceiling (band 1.15–1.90) | probability 33% below the 60% bar for result | model 13 pp above the market — data fault, not edge",,0.71,pending,,
2026-10-10,2026-10-10 14:15,2026-10-11,2026-10-11 14:00,Greece,Super League 2,Kalamaria,Pyrgos AFC,U55,Under 5.5 goals,goals,,0.961,,,,,Medium,N/A,rejected,odds N/A (not priced by Sportybet),,0.401,pending,,
2026-10-10,2026-10-10 14:15,2026-10-11,2026-10-11 14:00,Kenya,Premier League,3K FC,Mara Sugar,U55,Under 5.5 goals,goals,,0.978,,,,,Low,N/A,rejected,failed the pipeline's data checks | odds N/A (not priced by Sportybet),,0.299,pending,,
2026-10-10,2026-10-10 14:15,2026-10-11,2026-10-11 14:00,Kenya,Premier League,Migori Youth FC,Kenya Police,H,Migori Youth FC to win,result,4.1,0.301,0.217,0.244,8.4,0.235,Low,Low,rejected,failed the pipeline's data checks | odds 4.10 above the 1.90 ceiling (band 1.15–1.90) | probability 30% below the 60% bar for result,,0.601,pending,,
2026-10-10,2026-10-10 14:15,2026-10-11,2026-10-11 14:00,Serbia,Prva Liga,FK Graficar,Javor,H,FK Graficar to win,result,4.4,0.29,0.185,0.227,10.4,0.275,High,High,rejected,odds 4.40 above the 1.90 ceiling (band 1.15–1.90) | probability 29% below the 60% bar for result,,0.755,pending,,
2026-10-10,2026-10-10 14:15,2026-10-11,2026-10-11 14:00,Serbia,Prva Liga,OFK Bor,TSC Backa Topola,U55,Under 5.5 goals,goals,,0.946,,,,,Medium,N/A,rejected,odds N/A (not priced by Sportybet),,0.416,pending,,
2026-10-10,2026-10-10 14:15,2026-10-11,2026-10-11 14:00,Sweden,Division 2: Soedra Goetaland,IFK Karlshamn,Staffanstorp United FC,O05,Over 0.5 goals,goals,,0.957,,,,,High,N/A,rejected,odds N/A (not priced by Sportybet),,0.461,pending,,
2026-10-10,2026-10-10 14:15,2026-10-11,2026-10-11 14:00,Sweden,Division 2: Vaestra Goetaland,Galtabaecks BK,Hestrafors IF,O05,Over 0.5 goals,goals,,0.964,,,,,High,N/A,rejected,odds N/A (not priced by Sportybet),,0.461,pending,,
2026-10-10,2026-10-10 14:15,2026-10-11,2026-10-11 14:00,Thailand,Thai League,Port FC,Pattani FC,U45,Under 4.5 goals,goals,1.32,0.819,0.716,0.758,10.3,0.081,Low,N/A,rejected,failed the pipeline's data checks,,0.726,pending,,
2026-10-10,2026-10-10 14:15,2026-10-11,2026-10-11 14:00,Turkiye,2nd Lig: Red Group,Serik Belediyespor,Adana 1954,O05,Over 0.5 goals,goals,,0.954,,,,,High,N/A,rejected,odds N/A (not priced by Sportybet),,0.437,pending,,
2026-10-10,2026-10-10 14:15,2026-10-11,2026-10-11 14:00,Turkiye,2nd Lig: White Group,Hatayspor,Elazigspor,O05,Over 0.5 goals,goals,,0.967,,,,,High,N/A,rejected,odds N/A (not priced by Sportybet),,0.431,pending,,
2026-10-10,2026-10-10 14:15,2026-10-11,2026-10-11 14:15,Vietnam,V-League,Ha Noi FC,Bac Ninh,A,Bac Ninh to win,result,5.9,0.308,0.144,0.169,16.4,0.817,Medium,Medium,rejected,"failed the pipeline's data checks | odds 5.90 above the 1.90 ceiling (band 1.15–1.90) | probability 31% below the 60% bar for result | model 16 pp above the market — data fault, not edge",,0.659,pending,,
2026-10-10,2026-10-10 14:47,2026-10-11,2026-10-11 14:30,Italy,Serie C: Group B,Sambenedettese,Latina,HO05,Sambenedettese over 0.5 goals,team,1.41,0.777,0.657,0.709,12.0,0.095,High,Medium,watchlist,"qualified, but outside the top 10 of its market by ranking",,0.786,pending,,
2026-10-10,2026-10-10 14:47,2026-10-11,2026-10-11 14:30,Austria,Bundesliga,SCR Altach,Wolfsberger AC,AU15,Wolfsberger AC under 1.5 goals,team,1.52,0.716,0.617,0.658,9.9,0.088,High,High,watchlist,"qualified, but outside the top 10 of its market by ranking",,0.745,pending,,
2026-10-10,2026-10-10 14:47,2026-10-11,2026-10-11 14:30,Italy,Serie C: Group C,Scafatese,Sorrento,1X,Scafatese or draw,dc,1.36,0.793,0.683,0.735,11.0,0.079,Medium,Medium,watchlist,"qualified, but outside the top 10 of its market by ranking",,0.744,pending,,
2026-10-10,2026-10-10 14:47,2026-10-11,2026-10-11 14:30,Turkiye,2nd Lig: Red Group,Inegolspor,Fethiyespor,HO05,Inegolspor over 0.5 goals,team,1.26,0.826,0.724,0.794,10.3,0.041,High,High,watchlist,"qualified, but outside the top 10 of its market by ranking",,0.727,pending,,
2026-10-10,2026-10-10 14:47,2026-10-11,2026-10-11 14:45,Poland,Ekstraklasa,Piast Gliwice,Widzew Lodz,1X,Piast Gliwice or draw,dc,1.47,0.731,0.626,0.68,10.5,0.075,High,High,watchlist,"qualified, but outside the top 10 of its market by ranking",,0.713,pending,,
2026-10-10,2026-10-10 14:47,2026-10-11,2026-10-11 14:45,Hungary,NB I,Zalaegerszeg,Nyiregyhaza Spartacus FC,1X,Zalaegerszeg or draw,dc,1.5,0.702,0.608,0.667,9.3,0.052,High,High,watchlist,"qualified, but outside the top 10 of its market by ranking",,0.676,pending,,
2026-10-10,2026-10-10 14:47,2026-10-11,2026-10-11 14:30,Italy,Serie C: Group A,Renate,Giana Erminio,U35,Under 3.5 goals,goals,1.29,0.805,0.725,0.775,8.0,0.039,High,High,watchlist,"qualified, but outside the top 10 of its market by ranking",,0.673,pending,,
2026-10-10,2026-10-10 14:47,2026-10-11,2026-10-11 14:30,Poland,II Liga,Sokol Kleczew,Hutnik Krakow,U45,Under 4.5 goals,goals,1.24,0.837,0.754,0.806,8.3,0.038,High,N/A,watchlist,"qualified, but outside the top 10 of its market by ranking",,0.642,pending,,
2026-10-10,2026-10-10 14:47,2026-10-11,2026-10-11 14:45,Romania,Liga II,FC Bihor Oradea,FC Bacau,AO05,FC Bacau over 0.5 goals,team,1.38,0.734,0.658,0.725,7.6,0.013,High,High,watchlist,"qualified, but outside the top 10 of its market by ranking",,0.546,pending,,
2026-10-10,2026-10-10 14:47,2026-10-11,2026-10-11 14:30,Norway,Eliteserien,Fredrikstad,Tromsoe,O15,Over 1.5 goals,goals,1.28,0.804,0.748,0.781,5.6,0.03,High,High,watchlist,"qualified, but outside the top 10 of its market by ranking",,0.54,pending,,
2026-10-10,2026-10-10 14:47,2026-10-11,2026-10-11 14:30,Netherlands,Eredivisie,Zwolle,Cambuur,O15,Over 1.5 goals,goals,1.16,0.867,0.815,0.862,5.2,0.006,High,High,watchlist,"qualified, but outside the top 10 of its market by ranking",,0.507,pending,,
2026-10-10,2026-10-10 14:47,2026-10-11,2026-10-11 14:30,Italy,Serie C: Group B,Ravenna,Campobasso,AU15,Campobasso under 1.5 goals,team,1.25,0.808,0.742,0.8,6.5,0.009,High,Medium,watchlist,warning: High model probability (86%) rests on 8 matches for one team,,0.504,pending,,
2026-10-10,2026-10-10 14:47,2026-10-11,2026-10-11 14:30,Austria,Bundesliga,TSV Hartberg,Austria Lustenau,KU55,Under 5.5 cards,cards,,0.808,,,,,High,N/A,rejected,odds N/A (not priced by Sportybet),,0.369,pending,,
2026-10-10,2026-10-10 14:47,2026-10-11,2026-10-11 14:30,Germany,Oberliga: Hessen,Turabdin-Babylon Pohlheim,Eintracht Stadtallendorf,O05,Over 0.5 goals,goals,,0.969,,,,,High,N/A,rejected,odds N/A (not priced by Sportybet),,0.467,pending,,
2026-10-10,2026-10-10 14:47,2026-10-11,2026-10-11 14:30,Germany,Oberliga: Niedersachsen,FC Germania Egestorf-Langreder,Spelle-Venhaus,O05,Over 0.5 goals,goals,,0.962,,,,,High,N/A,rejected,odds N/A (not priced by Sportybet),,0.455,pending,,
2026-10-10,2026-10-10 14:47,2026-10-11,2026-10-11 14:30,Germany,Oberliga: Niedersachsen,Luneburger SK Hansa,VfV Hildesheim,O05,Over 0.5 goals,goals,,0.957,,,,,High,N/A,rejected,odds N/A (not priced by Sportybet),,0.455,pending,,
2026-10-10,2026-10-10 14:47,2026-10-11,2026-10-11 14:30,Germany,Oberliga: Niedersachsen,Meppen II,SSV Vorsfelde,O05,Over 0.5 goals,goals,,0.97,,,,,Medium,N/A,rejected,odds N/A (not priced by Sportybet),,0.407,pending,,
2026-10-10,2026-10-10 14:47,2026-10-11,2026-10-11 14:30,International Friendlies,Women's Friendlies,India W,Russia W,O05,Over 0.5 goals,goals,,0.964,,,,,Medium,N/A,rejected,failed the pipeline's data checks | odds N/A (not priced by Sportybet),,0.374,hit,0-4,2026-10-10
2026-10-10,2026-10-10 14:47,2026-10-11,2026-10-11 14:30,Iran,Azadegan League,FC Fard,Shahin Bandar Ameri,U45,Under 4.5 goals,goals,,0.97,,,,,Low,N/A,rejected,failed the pipeline's data checks | odds N/A (not priced by Sportybet),,0.392,pending,,
2026-10-10,2026-10-10 14:47,2026-10-11,2026-10-11 14:30,Italy,Serie C: Group C,Foggia,Potenza,A,Potenza to win,result,2.85,0.355,0.324,0.351,3.0,0.01,High,Medium,rejected,odds 2.85 above the 1.90 ceiling (band 1.15–1.90) | probability 35% below the 60% bar for result,,0.379,pending,,
2026-10-10,2026-10-10 14:47,2026-10-11,2026-10-11 14:30,Netherlands,Eredivisie,Telstar,Den Haag,KU55,Under 5.5 cards,cards,,0.88,,,,,Medium,N/A,rejected,odds N/A (not priced by Sportybet),,0.385,pending,,
2026-10-10,2026-10-10 14:47,2026-10-11,2026-10-11 14:30,Norway,2. division: group 1,Traeff,IL Sandviken,A,IL Sandviken to win,result,3.1,0.369,0.297,0.323,7.2,0.145,High,High,rejected,odds 3.10 above the 1.90 ceiling (band 1.15–1.90) | probability 37% below the 60% bar for result,,0.737,pending,,
2026-10-10,2026-10-10 14:47,2026-10-11,2026-10-11 14:30,Philippines,PFL,Kaya FC,Manila Digger,O05,Over 0.5 goals,goals,,0.972,,,,,High,N/A,rejected,odds N/A (not priced by Sportybet),,0.449,pending,,
2026-10-10,2026-10-10 14:47,2026-10-11,2026-10-11 14:30,Poland,I Liga,LKS Lodz,Ruch Chorzow,H,LKS Lodz to win,result,2.35,0.456,0.398,0.426,5.9,0.073,High,High,rejected,odds 2.35 above the 1.90 ceiling (band 1.15–1.90) | probability 46% below the 60% bar for result,,0.604,pending,,
2026-10-10,2026-10-10 14:47,2026-10-11,2026-10-11 14:30,Turkiye,2nd Lig: Red Group,Karacabey Belediye Spor,Hekimoglu Trabzon,O25,Over 2.5 goals,goals,1.72,0.592,0.534,0.581,5.8,0.018,High,High,rejected,probability 59% below the 70% bar for goals,,0.5,pending,,
2026-10-10,2026-10-10 14:47,2026-10-11,2026-10-11 14:30,Turkiye,2nd Lig: White Group,Güzide Gebzespor,Erbaaspor,O05,Over 0.5 goals,goals,,0.944,,,,,High,N/A,rejected,odds N/A (not priced by Sportybet),,0.435,pending,,
2026-10-10,2026-10-10 15:14,2026-10-11,2026-10-11 15:00,Sweden,Superettan,Vaernamo,Falkenbergs FF,AO05,Falkenbergs FF over 0.5 goals,team,1.28,0.841,0.732,0.781,10.9,0.077,High,High,primary,,3,0.843,pending,,
2026-10-10,2026-10-10 15:14,2026-10-11,2026-10-11 15:00,Finland,Ykkosliiga,SJK Akatemia,FC KTP,HU15,SJK Akatemia under 1.5 goals,team,1.3,0.836,0.717,0.769,11.9,0.087,High,High,primary,,5,0.832,pending,,
2026-10-10,2026-10-10 15:14,2026-10-11,2026-10-11 15:00,England,Premier League,Crystal Palace,Nott'm Forest,X2,Draw or Nott'm Forest,dc,1.45,0.761,0.65,0.69,11.1,0.103,High,High,primary,,5,0.819,pending,,
2026-10-10,2026-10-10 15:14,2026-10-11,2026-10-11 15:00,England,Premier League,Hull,Everton,HO05,Hull over 0.5 goals,team,1.44,0.765,0.66,0.694,10.5,0.102,High,High,primary,,7,0.819,pending,,
2026-10-10,2026-10-10 15:14,2026-10-11,2026-10-11 15:00,Switzerland,Promotion League,Biel/Bienne,Basel II,U45,Under 4.5 goals,goals,1.51,0.729,0.619,0.662,11.1,0.101,High,N/A,watchlist,"qualified, but outside the top 10 of its market by ranking",,0.794,pending,,
2026-10-10,2026-10-10 15:14,2026-10-11,2026-10-11 15:00,France,Ligue 1,Nice,Strasbourg,AO05,Strasbourg over 0.5 goals,team,1.28,0.83,0.743,0.781,8.7,0.062,High,High,watchlist,"qualified, but outside the top 10 of its market by ranking",,0.783,pending,,
2026-10-10,2026-10-10 15:14,2026-10-11,2026-10-11 15:00,San Marino,Campionato Sammarinese,Virtus Acquaviva,San Marino Academy U22,O15,Over 1.5 goals,goals,1.18,0.876,0.772,0.847,10.4,0.034,High,High,watchlist,"qualified, but outside the top 10 of its market by ranking",,0.77,pending,,
2026-10-10,2026-10-10 15:14,2026-10-11,2026-10-11 15:00,Belgium,National Division 1 VV,Harelbeke,Thes Sport,A,Thes Sport to win,result,1.65,0.655,0.564,0.606,9.1,0.081,Medium,Medium,watchlist,warning: High model probability (91%) rests on 6 matches for one team,,0.713,pending,,
2026-10-10,2026-10-10 15:14,2026-10-11,2026-10-11 15:00,Italy,Serie D: Group D,Lentigione,Pontedera,H,Lentigione to win,result,1.35,0.778,0.711,0.741,6.7,0.05,Medium,Medium,watchlist,warning: High model probability (91%) rests on 5 matches for one team,,0.695,pending,,
2026-10-10,2026-10-10 15:14,2026-10-11,2026-10-11 15:00,Serbia,Super Liga,Radnicki Nis,Vojvodina,U35,Under 3.5 goals,goals,1.47,0.731,0.643,0.68,8.8,0.074,High,High,watchlist,"qualified, but outside the top 10 of its market by ranking",,0.688,pending,,
2026-10-10,2026-10-10 15:14,2026-10-11,2026-10-11 15:00,Belgium,National Division 1 VV,Belisia Bilzen SV,Tienen,AO05,Tienen over 0.5 goals,team,1.32,0.779,0.691,0.758,8.8,0.028,High,High,watchlist,"qualified, but outside the top 10 of its market by ranking",,0.674,pending,,
2026-10-10,2026-10-10 15:14,2026-10-11,2026-10-11 15:00,San Marino,Campionato Sammarinese,Cosmos,Juvenes/Dogana,HO05,Cosmos over 0.5 goals,team,1.25,0.822,0.727,0.8,9.4,0.027,High,High,watchlist,"qualified, but outside the top 10 of its market by ranking",,0.672,pending,,
2026-10-10,2026-10-10 15:14,2026-10-11,2026-10-11 15:00,Turkiye,1st Lig,Fatih Karagumruk,Muglaspor,U35,Under 3.5 goals,goals,1.33,0.789,0.71,0.752,7.9,0.049,High,High,watchlist,"qualified, but outside the top 10 of its market by ranking",,0.645,pending,,
2026-10-10,2026-10-10 15:14,2026-10-11,2026-10-11 15:00,Paraguay,Division Intermedia,Club General Caballero JLM,Deportivo Santani,AO05,Deportivo Santani over 0.5 goals,team,1.31,0.775,0.696,0.763,7.9,0.016,High,High,watchlist,"qualified, but outside the top 10 of its market by ranking",,0.608,pending,,
2026-10-10,2026-10-10 15:14,2026-10-11,2026-10-11 15:00,North Macedonia,1st League,FK Skopje,FK Vardar Skopje,A,FK Vardar Skopje to win,result,1.34,0.764,0.717,0.746,4.7,0.024,Medium,Medium,watchlist,warning: High model probability (91%) rests on 8 matches for one team,,0.575,pending,,
2026-10-10,2026-10-10 15:14,2026-10-11,2026-10-11 15:00,Portugal,Liga Portugal 2,Farense,Feirense,AU15,Feirense under 1.5 goals,team,1.22,0.831,0.769,0.82,6.3,0.014,High,High,watchlist,"qualified, but outside the top 10 of its market by ranking",,0.563,pending,,
2026-10-10,2026-10-10 15:14,2026-10-11,2026-10-11 15:00,Norway,3. Division: Group 4,Mandalskameratene,Stabaek 2,O25,Over 2.5 goals,goals,1.32,0.759,0.694,0.758,6.4,0.001,High,High,watchlist,"qualified, but outside the top 10 of its market by ranking",,0.551,pending,,
2026-10-10,2026-10-10 15:14,2026-10-11,2026-10-11 15:00,Czech Republic,1st League,Teplice,SK Sigma Olomouc,HO05,Teplice over 0.5 goals,team,1.28,0.785,0.726,0.781,5.8,0.004,High,High,watchlist,"qualified, but outside the top 10 of its market by ranking",,0.487,pending,,
2026-10-10,2026-10-10 15:14,2026-10-11,2026-10-11 15:00,Turkey,Süper Lig,Gaziantep,Corum,O15,Over 1.5 goals,goals,1.29,0.79,0.731,0.775,5.9,0.019,High,Medium,watchlist,warning: Corum: 100% rates in away matches come from only 3 matches — not meaningful,,0.477,pending,,
2026-10-10,2026-10-10 15:14,2026-10-11,2026-10-11 15:00,Italy,Serie D: Group I,Reggina,Vibonese,H,Reggina to win,result,1.51,0.67,0.63,0.662,4.0,0.011,High,High,watchlist,"qualified, but outside the top 10 of its market by ranking",,0.474,pending,,
2026-10-10,2026-10-10 15:14,2026-10-11,2026-10-11 15:00,Slovenia,Prva Liga,Nafta,NK Bravo,1X,Nafta or draw,dc,1.42,0.708,0.647,0.704,6.1,0.005,High,High,watchlist,"qualified, but outside the top 10 of its market by ranking",,0.472,pending,,
2026-10-10,2026-10-10 15:14,2026-10-11,2026-10-11 15:00,Portugal,Liga 3: Group A,Vitoria de Guimaraes B,Pacos de Ferreira,AU15,Pacos de Ferreira under 1.5 goals,team,1.35,0.743,0.671,0.741,7.2,0.003,High,High,watchlist,"qualified, but outside the top 10 of its market by ranking",,0.466,pending,,
2026-10-10,2026-10-10 15:14,2026-10-11,2026-10-11 15:00,Germany,Regionalliga Nord,Bremer SV,SV Drochtersen/Assel,HO05,Bremer SV over 0.5 goals,team,1.39,0.72,0.652,0.719,6.8,0.0,High,High,watchlist,"qualified, but outside the top 10 of its market by ranking",,0.446,pending,,
2026-10-10,2026-10-10 15:14,2026-10-11,2026-10-11 15:00,Italy,Serie A,Lecce,Bologna,U35,Under 3.5 goals,goals,1.29,0.782,0.747,0.775,3.6,0.009,High,High,watchlist,"edge +3.6 pp is the model's usual gap on this market today (median +2.0 pp) — systematic, not specific to this match",,0.411,pending,,
2026-10-10,2026-10-10 15:14,2026-10-11,2026-10-11 15:00,Belarus,Premier League,Gomel,Maxline Vitebsk,O15,Over 1.5 goals,goals,1.42,0.713,0.659,0.704,5.4,0.013,High,High,watchlist,"qualified, but outside the top 10 of its market by ranking",,0.41,pending,,
2026-10-10,2026-10-10 15:14,2026-10-11,2026-10-11 15:00,Italy,Serie D: Group D,Castellanzese,Arconatese,H,Castellanzese to win,result,1.51,0.671,0.63,0.662,4.1,0.014,Medium,Medium,watchlist,warning: High model probability (87%) rests on 6 matches for one team,,0.407,pending,,
2026-10-10,2026-10-10 15:14,2026-10-11,2026-10-11 15:00,Italy,Serie C: Group C,Casarano,Salernitana,U35,Under 3.5 goals,goals,1.43,0.702,0.654,0.699,4.9,0.004,High,Medium,watchlist,warning: Salernitana: 100% rates in away matches come from only 3 matches — not meaningful,,0.346,pending,,
2026-10-10,2026-10-10 15:14,2026-10-11,2026-10-11 15:00,Italy,Serie D: Group G,Ossese,Venafro,H,Ossese to win,result,1.58,0.633,0.602,0.633,3.1,0.001,Medium,Medium,watchlist,warning: High model probability (86%) rests on 6 matches for one team,,0.343,pending,,
2026-10-10,2026-10-10 15:14,2026-10-11,2026-10-11 15:00,Belgium,National Division 1 ACFF,Flenu,Union St.Gilloise U23,O05,Over 0.5 goals,goals,,0.954,,,,,Medium,N/A,rejected,odds N/A (not priced by Sportybet),,0.404,pending,,
2026-10-10,2026-10-10 15:14,2026-10-11,2026-10-11 15:00,Belgium,National Division 1 ACFF,Habay La Neuve,Renaissance Mons,O05,Over 0.5 goals,goals,,0.944,,,,,High,N/A,rejected,odds N/A (not priced by Sportybet),,0.456,pending,,
2026-10-10,2026-10-10 15:14,2026-10-11,2026-10-11 15:00,Belgium,National Division 1 ACFF,Standard Liege U23,CS Onhaye,O05,Over 0.5 goals,goals,,0.938,,,,,Medium,N/A,rejected,odds N/A (not priced by Sportybet),,0.394,pending,,
2026-10-10,2026-10-10 15:14,2026-10-11,2026-10-11 15:00,Belgium,National Division 1 VV,Cercle Brugge 2,K. Lyra-Lierse,O05,Over 0.5 goals,goals,,0.962,,,,,High,N/A,rejected,odds N/A (not priced by Sportybet),,0.461,pending,,
2026-10-10,2026-10-10 15:14,2026-10-11,2026-10-11 15:00,Belgium,National Division 1 VV,KFC Merelbeke,KFC Mandel United,U55,Under 5.5 goals,goals,,0.912,,,,,Medium,N/A,rejected,odds N/A (not priced by Sportybet),,0.389,pending,,
2026-10-10,2026-10-10 15:14,2026-10-11,2026-10-11 15:00,Belgium,National Division 1 VV,Oud-Heverlee Leuven U23,KSK Heist,O05,Over 0.5 goals,goals,,0.969,,,,,Medium,N/A,rejected,odds N/A (not priced by Sportybet),,0.398,pending,,
2026-10-10,2026-10-10 15:14,2026-10-11,2026-10-11 15:00,Bosnia and Herzegovina,1st League: FBiH,Tosk Tesanj,Igman Konjic,U55,Under 5.5 goals,goals,,0.957,,,,,High,N/A,rejected,odds N/A (not priced by Sportybet),,0.461,pending,,
2026-10-10,2026-10-10 15:14,2026-10-11,2026-10-11 15:00,Bosnia and Herzegovina,Premier League,Radnik Bijeljina,Zeljeznicar,A,Zeljeznicar to win,result,3.2,0.355,0.289,0.312,6.6,0.137,High,High,rejected,odds 3.20 above the 1.90 ceiling (band 1.15–1.90) | probability 36% below the 60% bar for result,,0.712,pending,,
2026-10-10,2026-10-10 15:14,2026-10-11,2026-10-11 15:00,Croatia,HNL,NK Lokomotiva,NK Varazdin,H,NK Lokomotiva to win,result,3.2,0.329,0.288,0.312,4.1,0.054,High,High,rejected,odds 3.20 above the 1.90 ceiling (band 1.15–1.90) | probability 33% below the 60% bar for result,,0.528,pending,,
2026-10-10,2026-10-10 15:14,2026-10-11,2026-10-11 15:00,Germany,Oberliga: Baden-Wurttemberg,Karlsruher SC II,1. FC Muehlhausen,O05,Over 0.5 goals,goals,,0.968,,,,,High,N/A,rejected,odds N/A (not priced by Sportybet),,0.434,pending,,
2026-10-10,2026-10-10 15:14,2026-10-11,2026-10-11 15:00,Germany,Oberliga: Baden-Wurttemberg,Young Boys Reutlingen,FC Normannia Gmuend,O05,Over 0.5 goals,goals,,0.971,,,,,High,N/A,rejected,odds N/A (not priced by Sportybet),,0.434,pending,,
2026-10-10,2026-10-10 15:14,2026-10-11,2026-10-11 15:00,Germany,Oberliga: Hessen,CSC 03 Kassel,FSV Fernwald,O05,Over 0.5 goals,goals,,0.967,,,,,High,N/A,rejected,odds N/A (not priced by Sportybet),,0.455,pending,,
2026-10-10,2026-10-10 15:14,2026-10-11,2026-10-11 15:00,Germany,Oberliga: Mittelrhein,FC Hennef 05,1. FC Duren,O05,Over 0.5 goals,goals,,0.971,,,,,High,N/A,rejected,odds N/A (not priced by Sportybet),,0.461,pending,,
2026-10-10,2026-10-10 15:14,2026-10-11,2026-10-11 15:00,Germany,Oberliga: Mittelrhein,FC Wegberg-Beeck,SSV Merten,O05,Over 0.5 goals,goals,,0.969,,,,,High,N/A,rejected,odds N/A (not priced by Sportybet),,0.461,pending,,
2026-10-10,2026-10-10 15:14,2026-10-11,2026-10-11 15:00,Germany,Oberliga: Niederrhein,SV Sonsbeck,FC Monheim,O05,Over 0.5 goals,goals,,0.959,,,,,High,N/A,rejected,odds N/A (not priced by Sportybet),,0.467,pending,,
2026-10-10,2026-10-10 15:14,2026-10-11,2026-10-11 15:00,Germany,Oberliga: Niederrhein,Scherpenberg,Wuppertaler SV,O05,Over 0.5 goals,goals,,0.957,,,,,Medium,N/A,rejected,odds N/A (not priced by Sportybet),,0.377,pending,,
2026-10-10,2026-10-10 15:14,2026-10-11,2026-10-11 15:00,Germany,Oberliga: Niederrhein,Sportfreunde Baumberg,SpVg Schonnebeck,O05,Over 0.5 goals,goals,,0.975,,,,,High,N/A,rejected,odds N/A (not priced by Sportybet),,0.455,pending,,
2026-10-10,2026-10-10 15:14,2026-10-11,2026-10-11 15:00,Germany,Oberliga: Niederrhein,TSV Meerbusch,Viktoria Juechen-Garzweiler,O05,Over 0.5 goals,goals,,0.963,,,,,High,N/A,rejected,odds N/A (not priced by Sportybet),,0.455,pending,,
2026-10-10,2026-10-10 15:14,2026-10-11,2026-10-11 15:00,Germany,Oberliga: Niederrhein,Velbert,DJK Teutonia St. Toenis,O05,Over 0.5 goals,goals,,0.97,,,,,High,N/A,rejected,odds N/A (not priced by Sportybet),,0.434,pending,,
2026-10-10,2026-10-10 15:14,2026-10-11,2026-10-11 15:00,Germany,Oberliga: Westfalen,Arminia Bielefeld II,Preussen Munster II,O05,Over 0.5 goals,goals,,0.954,,,,,High,N/A,rejected,odds N/A (not priced by Sportybet),,0.473,pending,,
2026-10-10,2026-10-10 15:14,2026-10-11,2026-10-11 15:00,Germany,Oberliga: Westfalen,Eintracht Rheine,SV Schermbeck 2020,O05,Over 0.5 goals,goals,,0.963,,,,,High,N/A,rejected,odds N/A (not priced by Sportybet),,0.467,pending,,
2026-10-10,2026-10-10 15:14,2026-10-11,2026-10-11 15:00,Germany,Oberliga: Westfalen,SC Verl II,Westfalia Kinderhaus,O05,Over 0.5 goals,goals,,0.959,,,,,Medium,N/A,rejected,odds N/A (not priced by Sportybet),,0.404,pending,,
2026-10-10,2026-10-10 15:14,2026-10-11,2026-10-11 15:00,Germany,Oberliga: Westfalen,SpVgg Vreden,TuS Ennepetal,O05,Over 0.5 goals,goals,,0.971,,,,,High,N/A,rejected,odds N/A (not priced by Sportybet),,0.455,pending,,
2026-10-10,2026-10-10 15:14,2026-10-11,2026-10-11 15:00,Germany,Oberliga: Westfalen,TSG Sprockhoevel,Lippstadt,O05,Over 0.5 goals,goals,,0.957,,,,,High,N/A,rejected,odds N/A (not priced by Sportybet),,0.455,pending,,
2026-10-10,2026-10-10 15:14,2026-10-11,2026-10-11 15:00,Germany,Oberliga: Westfalen,TuS Hiltrup,SpVgg Erkenschwick,O05,Over 0.5 goals,goals,,0.943,,,,,High,N/A,rejected,odds N/A (not priced by Sportybet),,0.461,pending,,
2026-10-10,2026-10-10 15:14,2026-10-11,2026-10-11 15:00,Germany,Oberliga: Westfalen,Victoria Clarholz,Maaslingen,O05,Over 0.5 goals,goals,,0.966,,,,,Medium,N/A,rejected,odds N/A (not priced by Sportybet),,0.398,pending,,
2026-10-10,2026-10-10 15:14,2026-10-11,2026-10-11 15:00,Germany,Regionalliga Nord,Oldenburg,Kickers Emden,O05,Over 0.5 goals,goals,,0.981,,,,,High,N/A,rejected,odds N/A (not priced by Sportybet),,0.461,pending,,
2026-10-10,2026-10-10 15:14,2026-10-11,2026-10-11 15:00,Germany,Regionalliga West,FC Cologne II,Borussia M'gladbach II,O05,Over 0.5 goals,goals,,0.961,,,,,High,N/A,rejected,odds N/A (not priced by Sportybet),,0.461,pending,,
2026-10-10,2026-10-10 15:14,2026-10-11,2026-10-11 15:00,Hungary,NB II,Aqvital FC Csakvar,Kecskemeti TE,H,Aqvital FC Csakvar to win,result,5.2,0.211,0.166,0.192,4.5,0.097,Medium,Medium,rejected,odds 5.20 above the 1.90 ceiling (band 1.15–1.90) | probability 21% below the 60% bar for result,,0.551,pending,,
2026-10-10,2026-10-10 15:14,2026-10-11,2026-10-11 15:00,Italy,Campionato Primavera 1,Juventus U20,Genoa U20,U55,Under 5.5 goals,goals,,0.937,,,,,High,N/A,rejected,odds N/A (not priced by Sportybet),,0.448,pending,,
2026-10-10,2026-10-10 15:14,2026-10-11,2026-10-11 15:00,Italy,Serie A,Lazio,Monza,AO05,Monza over 0.5 goals,team,1.64,0.737,0.578,0.61,15.8,0.208,High,High,rejected,"model 16 pp above the market — data fault, not edge",,0.799,pending,,
2026-10-10,2026-10-10 15:14,2026-10-11,2026-10-11 15:00,Italy,Serie B,Catanzaro,Mantova,H,Catanzaro to win,result,2.35,0.455,0.406,0.426,4.9,0.069,High,High,rejected,odds 2.35 above the 1.90 ceiling (band 1.15–1.90) | probability 45% below the 60% bar for result,,0.581,pending,,
2026-10-10,2026-10-10 15:14,2026-10-11,2026-10-11 15:00,Italy,Serie D: Group A,ASD Imperia,Biellese,A,Biellese to win,result,2.45,0.464,0.377,0.408,8.8,0.138,High,High,rejected,odds 2.45 above the 1.90 ceiling (band 1.15–1.90) | probability 46% below the 60% bar for result,,0.776,pending,,
2026-10-10,2026-10-10 15:14,2026-10-11,2026-10-11 15:00,Italy,Serie D: Group A,ASDC Gozzano,SCD Ligorna,A,SCD Ligorna to win,result,2.4,0.448,0.384,0.417,6.4,0.076,High,High,rejected,odds 2.40 above the 1.90 ceiling (band 1.15–1.90) | probability 45% below the 60% bar for result,,0.67,pending,,
2026-10-10,2026-10-10 15:14,2026-10-11,2026-10-11 15:00,Italy,Serie D: Group A,Alessandria,US Fezzanese,A,US Fezzanese to win,result,7.75,0.233,0.1,0.129,13.3,0.805,Medium,Medium,rejected,"odds 7.75 above the 1.90 ceiling (band 1.15–1.90) | probability 23% below the 60% bar for result | model 13 pp above the market — data fault, not edge",,0.719,pending,,
2026-10-10,2026-10-10 15:14,2026-10-11,2026-10-11 15:00,Italy,Serie D: Group A,Asti,Lascaris,U55,Under 5.5 goals,goals,,0.97,,,,,Medium,N/A,rejected,odds N/A (not priced by Sportybet),,0.419,pending,,
2026-10-10,2026-10-10 15:14,2026-10-11,2026-10-11 15:00,Italy,Serie D: Group A,Bra,ACSD Saluzzo,U55,Under 5.5 goals,goals,,0.962,,,,,Medium,N/A,rejected,odds N/A (not priced by Sportybet),,0.419,pending,,
2026-10-10,2026-10-10 15:14,2026-10-11,2026-10-11 15:00,Italy,Serie D: Group A,Chisola,Derthona,U55,Under 5.5 goals,goals,,0.956,,,,,High,N/A,rejected,odds N/A (not priced by Sportybet),,0.47,pending,,
2026-10-10,2026-10-10 15:14,2026-10-11,2026-10-11 15:00,Italy,Serie D: Group A,Millesimo,Borgosesia,H,Millesimo to win,result,2.25,0.499,0.414,0.444,8.5,0.124,Medium,Medium,rejected,odds 2.25 above the 1.90 ceiling (band 1.15–1.90) | probability 50% below the 60% bar for result,,0.719,pending,,
2026-10-10,2026-10-10 15:14,2026-10-11,2026-10-11 15:00,Italy,Serie D: Group A,Sestri Levante,Celle Varazze,U55,Under 5.5 goals,goals,,0.95,,,,,High,N/A,rejected,odds N/A (not priced by Sportybet),,0.464,pending,,
2026-10-10,2026-10-10 15:14,2026-10-11,2026-10-11 15:00,Italy,Serie D: Group A,Valenzana,Sanremese,U55,Under 5.5 goals,goals,,0.959,,,,,High,N/A,rejected,odds N/A (not priced by Sportybet),,0.467,pending,,
2026-10-10,2026-10-10 15:14,2026-10-11,2026-10-11 15:00,Italy,Serie D: Group B,AC Leon,Pavonese,A,Pavonese to win,result,4.4,0.243,0.195,0.227,4.8,0.069,Medium,Medium,rejected,odds 4.40 above the 1.90 ceiling (band 1.15–1.90) | probability 24% below the 60% bar for result,,0.545,pending,,
2026-10-10,2026-10-10 15:14,2026-10-11,2026-10-11 15:00,Italy,Serie D: Group B,AC Milan U23,Rovato Vertovese,U55,Under 5.5 goals,goals,,0.939,,,,,Medium,N/A,rejected,odds N/A (not priced by Sportybet),,0.413,pending,,
2026-10-10,2026-10-10 15:14,2026-10-11,2026-10-11 15:00,Italy,Serie D: Group B,Nibbiano & Valtidone,Virtus Bergamo Alzanoseriate,U55,Under 5.5 goals,goals,,0.97,,,,,Medium,N/A,rejected,odds N/A (not priced by Sportybet),,0.41,pending,,
2026-10-10,2026-10-10 15:14,2026-10-11,2026-10-11 15:00,Italy,Serie D: Group B,Pro Palazzolo,Caldiero Terme,O25,Over 2.5 goals,goals,2.2,0.469,0.418,0.455,5.1,0.031,High,High,rejected,odds 2.20 above the 1.90 ceiling (band 1.15–1.90) | probability 47% below the 70% bar for goals,,0.489,pending,,
2026-10-10,2026-10-10 15:14,2026-10-11,2026-10-11 15:00,Italy,Serie D: Group B,Real Calepina,Villa D'Alme,U55,Under 5.5 goals,goals,,0.949,,,,,High,N/A,rejected,odds N/A (not priced by Sportybet),,0.47,pending,,
2026-10-10,2026-10-10 15:14,2026-10-11,2026-10-11 15:00,Italy,Serie D: Group B,Scanzorosciate,Brusaporto,H,Scanzorosciate to win,result,3.1,0.41,0.291,0.323,11.9,0.271,High,High,rejected,odds 3.10 above the 1.90 ceiling (band 1.15–1.90) | probability 41% below the 60% bar for result,,0.764,pending,,
2026-10-10,2026-10-10 15:14,2026-10-11,2026-10-11 15:00,Italy,Serie D: Group B,Tritium,Club Milano,A,Club Milano to win,result,2.8,0.389,0.326,0.357,6.3,0.089,Medium,Medium,rejected,odds 2.80 above the 1.90 ceiling (band 1.15–1.90) | probability 39% below the 60% bar for result,,0.611,pending,,
2026-10-10,2026-10-10 15:14,2026-10-11,2026-10-11 15:00,Italy,Serie D: Group C,Bassano,Brian Lignano,U55,Under 5.5 goals,goals,,0.963,,,,,High,N/A,rejected,odds N/A (not priced by Sportybet),,0.461,pending,,
2026-10-10,2026-10-10 15:14,2026-10-11,2026-10-11 15:00,Italy,Serie D: Group C,Calvi Noale,Sandona,U55,Under 5.5 goals,goals,,0.973,,,,,Medium,N/A,rejected,odds N/A (not priced by Sportybet),,0.416,pending,,
2026-10-10,2026-10-10 15:14,2026-10-11,2026-10-11 15:00,Italy,Serie D: Group C,Campodarsego,Virtus Bolzano,H,Campodarsego to win,result,1.68,0.686,0.563,0.595,12.3,0.152,Medium,Medium,rejected,"model 12 pp above the market — data fault, not edge",,0.776,pending,,
2026-10-10,2026-10-10 15:14,2026-10-11,2026-10-11 15:00,Italy,Serie D: Group C,Cjarlins Muzane,Legnago Salus,A,Legnago Salus to win,result,7.2,0.286,0.11,0.139,17.6,1.063,High,High,rejected,"odds 7.20 above the 1.90 ceiling (band 1.15–1.90) | probability 29% below the 60% bar for result | model 18 pp above the market — data fault, not edge",,0.764,pending,,
2026-10-10,2026-10-10 15:14,2026-10-11,2026-10-11 15:00,Italy,Serie D: Group C,Conegliano Calcio,Mestre,U55,Under 5.5 goals,goals,,0.977,,,,,High,N/A,rejected,odds N/A (not priced by Sportybet),,0.467,pending,,
2026-10-10,2026-10-10 15:14,2026-10-11,2026-10-11 15:00,Italy,Serie D: Group C,FC Obermais,Schio,U55,Under 5.5 goals,goals,,0.969,,,,,Medium,N/A,rejected,odds N/A (not priced by Sportybet),,0.413,pending,,
2026-10-10,2026-10-10 15:14,2026-10-11,2026-10-11 15:00,Italy,Serie D: Group C,LME,Triestina,U55,Under 5.5 goals,goals,,0.959,,,,,Medium,N/A,rejected,odds N/A (not priced by Sportybet),,0.389,pending,,
2026-10-10,2026-10-10 15:14,2026-10-11,2026-10-11 15:00,Italy,Serie D: Group C,Luparense,Este,X2,Draw or Este,dc,,0.53,0.462,,6.8,,High,High,rejected,odds N/A (not priced by Sportybet) | probability 53% below the 70% bar for dc,,0.541,pending,,
2026-10-10,2026-10-10 15:14,2026-10-11,2026-10-11 15:00,Italy,Serie D: Group C,Unione La Rocca Altavilla,Union Clodiense Chioggia,U55,Under 5.5 goals,goals,,0.961,,,,,High,N/A,rejected,odds N/A (not priced by Sportybet),,0.455,pending,,
2026-10-10,2026-10-10 15:14,2026-10-11,2026-10-11 15:00,Italy,Serie D: Group D,Citta di Varese,FBC Oltrepo,A,FBC Oltrepo to win,result,3.8,0.273,0.231,0.263,4.2,0.037,High,High,rejected,odds 3.80 above the 1.90 ceiling (band 1.15–1.90) | probability 27% below the 60% bar for result,,0.489,pending,,
2026-10-10,2026-10-10 15:14,2026-10-11,2026-10-11 15:00,Italy,Serie D: Group D,Cittadella Vis Modena,Union ASD Casatese,U25,Under 2.5 goals,goals,1.72,0.611,0.534,0.581,7.7,0.051,High,High,rejected,probability 61% below the 70% bar for goals,,0.632,pending,,
2026-10-10,2026-10-10 15:14,2026-10-11,2026-10-11 15:00,Italy,Serie D: Group D,Pavia,ASD Varesina,A,ASD Varesina to win,result,3.4,0.313,0.26,0.294,5.3,0.065,High,High,rejected,odds 3.40 above the 1.90 ceiling (band 1.15–1.90) | probability 31% below the 60% bar for result,,0.592,pending,,
2026-10-10,2026-10-10 15:14,2026-10-11,2026-10-11 15:00,Italy,Serie D: Group D,Pistoiese,Correggese,D,Draw,result,5.6,0.189,0.132,0.179,5.7,0.058,High,High,rejected,odds 5.60 above the 1.90 ceiling (band 1.15–1.90) | probability 19% below the 60% bar for result,,0.595,pending,,
2026-10-10,2026-10-10 15:14,2026-10-11,2026-10-11 15:00,Italy,Serie D: Group D,Pro Patria,Sant'Angelo,A,Sant'Angelo to win,result,9.1,0.31,0.081,0.11,22.9,1.821,High,High,rejected,"odds 9.10 above the 1.90 ceiling (band 1.15–1.90) | probability 31% below the 60% bar for result | model 23 pp above the market — data fault, not edge",,0.746,pending,,
2026-10-10,2026-10-10 15:14,2026-10-11,2026-10-11 15:00,Italy,Serie D: Group D,Pro Sesto,Solbiatese,A,Solbiatese to win,result,10.0,0.108,0.072,0.1,3.5,0.078,Medium,Medium,rejected,odds 10.00 above the 1.90 ceiling (band 1.15–1.90) | probability 11% below the 60% bar for result,,0.504,pending,,
2026-10-10,2026-10-10 15:14,2026-10-11,2026-10-11 15:00,Italy,Serie D: Group E,Aquila Montevarchi,ASD Rondinella Marzocco,U55,Under 5.5 goals,goals,,0.959,,,,,Medium,N/A,rejected,odds N/A (not priced by Sportybet),,0.419,pending,,
2026-10-10,2026-10-10 15:14,2026-10-11,2026-10-11 15:00,Italy,Serie D: Group E,Lucchese,Ternana,H,Lucchese to win,result,2.5,0.443,0.365,0.4,7.9,0.109,Medium,Medium,rejected,odds 2.50 above the 1.90 ceiling (band 1.15–1.90) | probability 44% below the 60% bar for result,,0.691,pending,,
2026-10-10,2026-10-10 15:14,2026-10-11,2026-10-11 15:00,Italy,Serie D: Group E,Mezzolara,Sasso Marconi,U55,Under 5.5 goals,goals,,0.961,,,,,Medium,N/A,rejected,odds N/A (not priced by Sportybet),,0.398,pending,,
2026-10-10,2026-10-10 15:14,2026-10-11,2026-10-11 15:00,Italy,Serie D: Group E,Prato,San Donato,U55,Under 5.5 goals,goals,,0.96,,,,,High,N/A,rejected,odds N/A (not priced by Sportybet),,0.476,pending,,
2026-10-10,2026-10-10 15:14,2026-10-11,2026-10-11 15:00,Italy,Serie D: Group E,Progresso,Siena FC,H,Progresso to win,result,5.7,0.229,0.144,0.175,8.5,0.307,High,High,rejected,odds 5.70 above the 1.90 ceiling (band 1.15–1.90) | probability 23% below the 60% bar for result,,0.734,pending,,
2026-10-10,2026-10-10 15:14,2026-10-11,2026-10-11 15:00,Italy,Serie D: Group E,Scandicci,Ghivizzano Borgoamozzano,U55,Under 5.5 goals,goals,,0.948,,,,,High,N/A,rejected,odds N/A (not priced by Sportybet),,0.471,pending,,
2026-10-10,2026-10-10 15:14,2026-10-11,2026-10-11 15:00,Italy,Serie D: Group E,Seravezza,Flaminia,U55,Under 5.5 goals,goals,,0.952,,,,,High,N/A,rejected,odds N/A (not priced by Sportybet),,0.437,pending,,
2026-10-10,2026-10-10 15:14,2026-10-11,2026-10-11 15:00,Italy,Serie D: Group E,Tau Calcio Altopascio,Grassina,O05,Over 0.5 goals,goals,,0.942,,,,,Medium,N/A,rejected,odds N/A (not priced by Sportybet),,0.401,pending,,
2026-10-10,2026-10-10 15:14,2026-10-11,2026-10-11 15:00,Italy,Serie D: Group E,US Gavorrano,Terranuova Traiana,A,Terranuova Traiana to win,result,4.8,0.266,0.176,0.208,9.0,0.278,High,High,rejected,odds 4.80 above the 1.90 ceiling (band 1.15–1.90) | probability 27% below the 60% bar for result,,0.77,pending,,
2026-10-10,2026-10-10 15:14,2026-10-11,2026-10-11 15:00,Italy,Serie D: Group F,Angelana,Pietralunga,U55,Under 5.5 goals,goals,,0.965,,,,,Medium,N/A,rejected,odds N/A (not priced by Sportybet),,0.416,pending,,
2026-10-10,2026-10-10 15:14,2026-10-11,2026-10-11 15:00,Italy,Serie D: Group F,Fossombrone,Termoli Calcio,U55,Under 5.5 goals,goals,,0.98,,,,,High,N/A,rejected,odds N/A (not priced by Sportybet),,0.467,pending,,
2026-10-10,2026-10-10 15:14,2026-10-11,2026-10-11 15:00,Italy,Serie D: Group F,L'Aquila,Santegidiese,U55,Under 5.5 goals,goals,,0.951,,,,,Medium,N/A,rejected,odds N/A (not priced by Sportybet),,0.413,pending,,
2026-10-10,2026-10-10 15:14,2026-10-11,2026-10-11 15:00,Italy,Serie D: Group F,Maceratese,Foligno,U55,Under 5.5 goals,goals,,0.959,,,,,High,N/A,rejected,odds N/A (not priced by Sportybet),,0.452,pending,,
2026-10-10,2026-10-10 15:14,2026-10-11,2026-10-11 15:00,Italy,Serie D: Group F,Real Giulianova,U.S. Ancona,U55,Under 5.5 goals,goals,,0.962,,,,,High,N/A,rejected,odds N/A (not priced by Sportybet),,0.467,pending,,
2026-10-10,2026-10-10 15:14,2026-10-11,2026-10-11 15:00,Italy,Serie D: Group F,Senigallia,Atletico Ascoli,A,Atletico Ascoli to win,result,3.5,0.3,0.254,0.286,4.6,0.051,High,High,rejected,odds 3.50 above the 1.90 ceiling (band 1.15–1.90) | probability 30% below the 60% bar for result,,0.555,pending,,
2026-10-10,2026-10-10 15:14,2026-10-11,2026-10-11 15:00,Italy,Serie D: Group F,Trestina,Teramo,H,Trestina to win,result,5.1,0.22,0.164,0.196,5.5,0.12,High,High,rejected,odds 5.10 above the 1.90 ceiling (band 1.15–1.90) | probability 22% below the 60% bar for result,,0.626,pending,,
2026-10-10,2026-10-10 15:14,2026-10-11,2026-10-11 15:00,Italy,Serie D: Group F,Virtus Lanciano,Montecchio Gallo,U55,Under 5.5 goals,goals,,0.957,,,,,Medium,N/A,rejected,odds N/A (not priced by Sportybet),,0.419,pending,,
2026-10-10,2026-10-10 15:14,2026-10-11,2026-10-11 15:00,Italy,Serie D: Group G,ASD Monastir,Latte Dolce,O05,Over 0.5 goals,goals,,0.945,,,,,High,N/A,rejected,odds N/A (not priced by Sportybet),,0.454,pending,,
2026-10-10,2026-10-10 15:14,2026-10-11,2026-10-11 15:00,Italy,Serie D: Group G,Anzio Calcio 1924,Unipomezia,U55,Under 5.5 goals,goals,,0.952,,,,,High,N/A,rejected,odds N/A (not priced by Sportybet),,0.452,pending,,
2026-10-10,2026-10-10 15:14,2026-10-11,2026-10-11 15:00,Italy,Serie D: Group G,Aranova,ASD Trastevere,O25,Over 2.5 goals,goals,1.94,0.523,0.473,0.515,5.0,0.014,Medium,Medium,rejected,odds 1.94 above the 1.90 ceiling (band 1.15–1.90) | probability 52% below the 70% bar for goals,,0.426,pending,,
2026-10-10,2026-10-10 15:14,2026-10-11,2026-10-11 15:00,Italy,Serie D: Group G,Atletico Lodigiani,Sarnese 1926,H,Atletico Lodigiani to win,result,6.25,0.264,0.129,0.16,13.6,0.65,High,High,rejected,"odds 6.25 above the 1.90 ceiling (band 1.15–1.90) | probability 26% below the 60% bar for result | model 14 pp above the market — data fault, not edge",,0.743,pending,,
2026-10-10,2026-10-10 15:14,2026-10-11,2026-10-11 15:00,Italy,Serie D: Group G,Citta di Anagni,Gelbison Cilento,U55,Under 5.5 goals,goals,,0.94,,,,,Medium,N/A,rejected,odds N/A (not priced by Sportybet),,0.381,pending,,
2026-10-10,2026-10-10 15:14,2026-10-11,2026-10-11 15:00,Italy,Serie D: Group G,Cynthialbalonga,Viterbese,O05,Over 0.5 goals,goals,,0.936,,,,,Medium,N/A,rejected,odds N/A (not priced by Sportybet),,0.398,pending,,
2026-10-10,2026-10-10 15:14,2026-10-11,2026-10-11 15:00,Italy,Serie D: Group G,Paganese,Budoni,A,Budoni to win,result,7.9,0.265,0.097,0.127,16.7,1.091,High,High,rejected,"odds 7.90 above the 1.90 ceiling (band 1.15–1.90) | probability 26% below the 60% bar for result | model 17 pp above the market — data fault, not edge",,0.734,pending,,
2026-10-10,2026-10-10 15:14,2026-10-11,2026-10-11 15:00,Italy,Serie D: Group G,Sarrabus Ogliastra,Afragolese,H,Sarrabus Ogliastra to win,result,2.55,0.421,0.36,0.392,6.0,0.073,High,High,rejected,odds 2.55 above the 1.90 ceiling (band 1.15–1.90) | probability 42% below the 60% bar for result,,0.6,pending,,
2026-10-10,2026-10-10 15:14,2026-10-11,2026-10-11 15:00,Italy,Serie D: Group H,ACD Nardo,Gravina,U55,Under 5.5 goals,goals,,0.96,,,,,High,N/A,rejected,odds N/A (not priced by Sportybet),,0.47,pending,,
2026-10-10,2026-10-10 15:14,2026-10-11,2026-10-11 15:00,Italy,Serie D: Group H,Aversa Normanna,Fidelis Andria,H,Aversa Normanna to win,result,2.25,0.507,0.411,0.444,9.6,0.14,High,High,rejected,odds 2.25 above the 1.90 ceiling (band 1.15–1.90) | probability 51% below the 60% bar for result,,0.764,pending,,
2026-10-10,2026-10-10 15:14,2026-10-11,2026-10-11 15:00,Italy,Serie D: Group H,Bisceglie,USD Palmese 1914,O05,Over 0.5 goals,goals,,0.938,,,,,Medium,N/A,rejected,odds N/A (not priced by Sportybet),,0.4,pending,,
2026-10-10,2026-10-10 15:14,2026-10-11,2026-10-11 15:00,Italy,Serie D: Group H,Ebolitana,Martina,U55,Under 5.5 goals,goals,,0.953,,,,,Medium,N/A,rejected,odds N/A (not priced by Sportybet),,0.413,pending,,
2026-10-10,2026-10-10 15:14,2026-10-11,2026-10-11 15:00,Italy,Serie D: Group H,Ischia Isolaverde,Melfi,U55,Under 5.5 goals,goals,,0.963,,,,,Medium,N/A,rejected,odds N/A (not priced by Sportybet),,0.395,pending,,
2026-10-10,2026-10-10 15:14,2026-10-11,2026-10-11 15:00,Italy,Serie D: Group H,Virtus Francavilla,Real Forio,A,Real Forio to win,result,5.3,0.2,0.156,0.189,4.4,0.062,Low,Low,rejected,failed the pipeline's data checks | odds 5.30 above the 1.90 ceiling (band 1.15–1.90) | probability 20% below the 60% bar for result,,0.488,pending,,
2026-10-10,2026-10-10 15:14,2026-10-11,2026-10-11 15:00,Italy,Serie D: Group I,Castrumfavara,Igea Virtus,H,Castrumfavara to win,result,3.5,0.384,0.251,0.286,13.3,0.345,High,High,rejected,"odds 3.50 above the 1.90 ceiling (band 1.15–1.90) | probability 38% below the 60% bar for result | model 13 pp above the market — data fault, not edge",,0.77,pending,,
2026-10-10,2026-10-10 15:14,2026-10-11,2026-10-11 15:00,Italy,Serie D: Group I,Digiesse PraiaTortora,Modica,U55,Under 5.5 goals,goals,,0.964,,,,,Medium,N/A,rejected,odds N/A (not priced by Sportybet),,0.413,pending,,
2026-10-10,2026-10-10 15:14,2026-10-11,2026-10-11 15:00,Italy,Serie D: Group I,Enna Calcio,Calcio Avola,U55,Under 5.5 goals,goals,,0.95,,,,,Medium,N/A,rejected,odds N/A (not priced by Sportybet),,0.398,pending,,
2026-10-10,2026-10-10 15:14,2026-10-11,2026-10-11 15:00,Italy,Serie D: Group I,Ragusa Calcio,Nissa,H,Ragusa Calcio to win,result,5.9,0.232,0.138,0.169,9.4,0.371,High,High,rejected,odds 5.90 above the 1.90 ceiling (band 1.15–1.90) | probability 23% below the 60% bar for result,,0.776,pending,,
2026-10-10,2026-10-10 15:14,2026-10-11,2026-10-11 15:00,Italy,Serie D: Group I,Sambiase,Trapani,H,Sambiase to win,result,1.91,0.725,0.49,0.524,23.5,0.385,Medium,Medium,rejected,"odds 1.91 above the 1.90 ceiling (band 1.15–1.90) | model 24 pp above the market — data fault, not edge",,0.813,pending,,
2026-10-10,2026-10-10 15:14,2026-10-11,2026-10-11 15:00,Italy,Serie D: Group I,Siracusa Calcio,Vigor Lamezia,U55,Under 5.5 goals,goals,,0.952,,,,,Medium,N/A,rejected,odds N/A (not priced by Sportybet),,0.419,pending,,
2026-10-10,2026-10-10 15:14,2026-10-11,2026-10-11 15:00,Kenya,Premier League,Nairobi United,KCB,U55,Under 5.5 goals,goals,,0.972,,,,,High,N/A,rejected,odds N/A (not priced by Sportybet),,0.44,pending,,
2026-10-10,2026-10-10 15:14,2026-10-11,2026-10-11 15:00,Latvia,Virsliga,RFS,FK Jelgava,O05,Over 0.5 goals,goals,,0.962,,,,,High,N/A,rejected,odds N/A (not priced by Sportybet),,0.476,pending,,
2026-10-10,2026-10-10 15:14,2026-10-11,2026-10-11 15:00,Norway,3. Division: Group 5,Fauske/Sprint,Harstad,O05,Over 0.5 goals,goals,,0.988,,,,,High,N/A,rejected,odds N/A (not priced by Sportybet),,0.449,pending,,
2026-10-10,2026-10-10 15:14,2026-10-11,2026-10-11 15:00,Paraguay,Division Intermedia,Resistencia,12 de Junio,HU15,Resistencia under 1.5 goals,team,1.37,0.696,0.659,0.73,3.7,-0.046,High,High,rejected,probability 70% below the 70% bar for team | price too short for the probability (EV -4.6%),,0.396,pending,,
2026-10-10,2026-10-10 15:14,2026-10-11,2026-10-11 15:00,San Marino,Campionato Sammarinese,Domagnano,Tre Penne Galazzano,O15,Over 1.5 goals,goals,1.21,0.822,0.754,0.826,6.8,-0.006,High,High,rejected,price too short for the probability (EV -0.6%),,0.518,pending,,
2026-10-10,2026-10-10 15:14,2026-10-11,2026-10-11 15:00,Scotland,Premiership,Aberdeen,St Johnstone,AO05,St Johnstone over 0.5 goals,team,1.39,0.801,0.672,0.719,12.9,0.114,High,High,rejected,"model 13 pp above the market — data fault, not edge",,0.833,pending,,
2026-10-10,2026-10-10 15:14,2026-10-11,2026-10-11 15:00,Slovakia,2. Liga,FC STK 1914 Samorin,FC Petrzalka 1898,U45,Under 4.5 goals,goals,1.12,0.868,0.817,0.893,5.1,-0.028,High,N/A,rejected,odds 1.12 below the 1.15 floor | price too short for the probability (EV -2.8%),,0.487,pending,,
2026-10-10,2026-10-10 15:14,2026-10-11,2026-10-11 15:00,Sweden,Division 1: North,FC Jaerfaella,Umeaa,AO05,Umeaa over 0.5 goals,team,1.16,0.837,0.795,0.862,4.2,-0.029,High,High,rejected,price too short for the probability (EV -2.9%),,0.48,pending,,
2026-10-10,2026-10-10 15:14,2026-10-11,2026-10-11 15:00,Sweden,Division 2: Norra Goetaland,IF Karlstad Fotboll,Vaenersborgs IF,O05,Over 0.5 goals,goals,,0.951,,,,,High,N/A,rejected,odds N/A (not priced by Sportybet),,0.467,pending,,
2026-10-10,2026-10-10 15:14,2026-10-11,2026-10-11 15:00,Sweden,Division 2: Soedra Goetaland,IFK Trelleborg FK,FK Karlskrona,O05,Over 0.5 goals,goals,,0.953,,,,,High,N/A,rejected,odds N/A (not priced by Sportybet),,0.461,pending,,
2026-10-10,2026-10-10 15:14,2026-10-11,2026-10-11 15:00,Turkiye,2nd Lig: Red Group,24 Erzincanspor,Beyoglu Yeni Carsi FK,O05,Over 0.5 goals,goals,,0.935,,,,,High,N/A,rejected,odds N/A (not priced by Sportybet),,0.422,pending,,
2026-10-10,2026-10-10 16:26,2026-10-11,2026-10-11 16:15,Spain,Segunda División,Almeria,Leganes,1X,Almeria or draw,dc,1.18,0.906,0.816,0.847,8.9,0.069,High,High,primary,,2,0.876,pending,,
2026-10-10,2026-10-10 16:26,2026-10-11,2026-10-11 15:30,Slovakia,Super Liga,Ruzomberok,Zilina,X2,Draw or Zilina,dc,1.35,0.8,0.693,0.741,10.7,0.08,High,High,primary,,6,0.804,pending,,
2026-10-10,2026-10-10 16:26,2026-10-11,2026-10-11 16:00,Luxembourg,National Division,FC Differdange 03,Walferdange,U45,Under 4.5 goals,goals,1.34,0.808,0.698,0.746,11.0,0.083,Medium,N/A,watchlist,warning: High model probability (87%) rests on 8 matches for one team,,0.756,pending,,
2026-10-10,2026-10-10 16:26,2026-10-11,2026-10-11 16:00,Uruguay,Primera División: Clausura,Juventud de las Piedras,Racing,1X,Juventud de las Piedras or draw,dc,1.4,0.759,0.663,0.714,9.6,0.062,High,High,watchlist,"qualified, but outside the top 10 of its market by ranking",,0.738,pending,,
2026-10-10,2026-10-10 16:26,2026-10-11,2026-10-11 16:00,Denmark,Superliga,Broendby IF,Lyngby,AO05,Lyngby over 0.5 goals,team,1.38,0.77,0.678,0.725,9.3,0.063,High,High,watchlist,"qualified, but outside the top 10 of its market by ranking",,0.73,pending,,
2026-10-10,2026-10-10 16:26,2026-10-11,2026-10-11 16:00,Portugal,Liga 3: Group A,Sao Joao Ver,Varzim,AO05,Varzim over 0.5 goals,team,1.34,0.783,0.676,0.746,10.7,0.049,High,High,watchlist,"qualified, but outside the top 10 of its market by ranking",,0.726,pending,,
2026-10-10,2026-10-10 16:26,2026-10-11,2026-10-11 16:00,Moldova,Super Liga,CS Petrocub,Zimbru,HO05,CS Petrocub over 0.5 goals,team,1.35,0.765,0.675,0.741,9.0,0.032,High,High,watchlist,"qualified, but outside the top 10 of its market by ranking",,0.62,pending,,
2026-10-10,2026-10-10 16:26,2026-10-11,2026-10-11 16:00,Slovenia,2. SNL,Primorje,Dravinja,AO05,Dravinja over 0.5 goals,team,1.44,0.716,0.63,0.694,8.6,0.031,High,High,watchlist,"qualified, but outside the top 10 of its market by ranking",,0.586,pending,,
2026-10-10,2026-10-10 16:26,2026-10-11,2026-10-11 16:00,Greece,Super League,Iraklis,Levadeiakos,O15,Over 1.5 goals,goals,1.45,0.73,0.651,0.69,7.9,0.058,Medium,Medium,watchlist,warning: Iraklis: 100% rates in home matches come from only 2 matches — not meaningful,,0.584,pending,,
2026-10-10,2026-10-10 16:26,2026-10-11,2026-10-11 15:40,Saudi Arabia,Saudi Professional League,Al Feiha,Al Riyadh,O15,Over 1.5 goals,goals,1.3,0.789,0.723,0.769,6.6,0.026,High,High,watchlist,"qualified, but outside the top 10 of its market by ranking",,0.57,pending,,
2026-10-10,2026-10-10 16:26,2026-10-11,2026-10-11 16:00,Slovenia,2. SNL,ND Slovan Ljubljana,NK Bistrica,HO05,ND Slovan Ljubljana over 0.5 goals,team,1.27,0.791,0.716,0.787,7.6,0.005,High,High,watchlist,"qualified, but outside the top 10 of its market by ranking",,0.563,pending,,
2026-10-10,2026-10-10 16:26,2026-10-11,2026-10-11 15:30,Tunisia,Ligue I,Etoile Metlaoui,Stade Tunisien,AU15,Stade Tunisien under 1.5 goals,team,1.4,0.733,0.663,0.714,7.0,0.026,High,High,watchlist,"qualified, but outside the top 10 of its market by ranking",,0.545,pending,,
2026-10-10,2026-10-10 16:26,2026-10-11,2026-10-11 16:00,Luxembourg,National Division,FC Wiltz 71,Una Strassen,U45,Under 4.5 goals,goals,1.33,0.775,0.693,0.752,8.2,0.03,Medium,N/A,watchlist,warning: High model probability (90%) rests on 8 matches for one team,,0.517,pending,,
2026-10-10,2026-10-10 16:26,2026-10-11,2026-10-11 16:00,Kazakhstan,Premier League,Kaisar Kyzylorda,Ordabasy Shymkent,U45,Under 4.5 goals,goals,1.15,0.87,0.816,0.87,5.4,0.001,High,N/A,watchlist,"qualified, but outside the top 10 of its market by ranking",,0.493,pending,,
2026-10-10,2026-10-10 16:26,2026-10-11,2026-10-11 16:00,Sweden,Division 1: North,Gefle,Piteaa,O15,Over 1.5 goals,goals,1.26,0.799,0.741,0.794,5.9,0.007,High,High,watchlist,"qualified, but outside the top 10 of its market by ranking",,0.493,pending,,
2026-10-10,2026-10-10 16:26,2026-10-11,2026-10-11 16:00,Luxembourg,National Division,US Rumelange,US Mondorf les Bains,HU15,US Rumelange under 1.5 goals,team,1.33,0.759,0.7,0.752,6.0,0.01,Medium,Medium,watchlist,warning: High model probability (91%) rests on 8 matches for one team,,0.453,pending,,
2026-10-10,2026-10-10 16:26,2026-10-11,2026-10-11 15:15,Germany,Oberliga: Mittelrhein,FC Huerth,SpVg Frechen 20,O05,Over 0.5 goals,goals,,0.969,,,,,Medium,N/A,rejected,odds N/A (not priced by Sportybet),,0.413,pending,,
2026-10-10,2026-10-10 16:26,2026-10-11,2026-10-11 15:15,Germany,Oberliga: Westfalen,SpVgg Herne Horsthausen,Hordel,O05,Over 0.5 goals,goals,,0.967,,,,,Medium,N/A,rejected,odds N/A (not priced by Sportybet),,0.41,pending,,
2026-10-10,2026-10-10 16:26,2026-10-11,2026-10-11 15:30,Croatia,Prva NL,Segesta,Dinamo Zagreb B,U55,Under 5.5 goals,goals,,0.952,,,,,Medium,N/A,rejected,odds N/A (not priced by Sportybet),,0.401,pending,,
2026-10-10,2026-10-10 16:26,2026-10-11,2026-10-11 15:30,Estonia,Meistriliiga,FC Kuressaare,Flora Tallinn,O05,Over 0.5 goals,goals,,0.951,,,,,High,N/A,rejected,odds N/A (not priced by Sportybet),,0.458,pending,,
2026-10-10,2026-10-10 16:26,2026-10-11,2026-10-11 15:30,Germany,Bundesliga,FC Koln,M'gladbach,O05,Over 0.5 goals,goals,,0.961,,,,,High,N/A,rejected,odds N/A (not priced by Sportybet),,0.47,pending,,
2026-10-10,2026-10-10 16:26,2026-10-11,2026-10-11 15:30,Germany,Bundesliga,FC Cologne,Borussia M'gladbach,H,FC Cologne to win,result,2.15,0.509,0.459,0.465,5.0,0.094,High,High,rejected,odds 2.15 above the 1.90 ceiling (band 1.15–1.90) | probability 51% below the 60% bar for result,,0.641,pending,,
2026-10-10,2026-10-10 16:26,2026-10-11,2026-10-11 15:30,Germany,Oberliga: Hessen,RW Walldorf,FC 1931 Eddersheim,O05,Over 0.5 goals,goals,,0.974,,,,,High,N/A,rejected,odds N/A (not priced by Sportybet),,0.467,pending,,
2026-10-10,2026-10-10 16:26,2026-10-11,2026-10-11 15:30,Germany,Oberliga: Mittelrhein,Eintracht Hohkeppel,Chlodwig Zuelpich,O05,Over 0.5 goals,goals,,0.986,,,,,Medium,N/A,rejected,odds N/A (not priced by Sportybet),,0.404,pending,,
2026-10-10,2026-10-10 16:26,2026-10-11,2026-10-11 15:30,Germany,Oberliga: Mittelrhein,Fortuna Cologne II,SC Borussia Lindenthal-Hohenlind,O05,Over 0.5 goals,goals,,0.975,,,,,Medium,N/A,rejected,odds N/A (not priced by Sportybet),,0.404,pending,,
2026-10-10,2026-10-10 16:26,2026-10-11,2026-10-11 15:30,Germany,Oberliga: Mittelrhein,Koenigsdorf,SpVg Porz 1919,O05,Over 0.5 goals,goals,,0.983,,,,,High,N/A,rejected,odds N/A (not priced by Sportybet),,0.455,pending,,
2026-10-10,2026-10-10 16:26,2026-10-11,2026-10-11 15:30,Italy,Serie D: Group H,Francavilla,Gladiator,U55,Under 5.5 goals,goals,,0.956,,,,,Medium,N/A,rejected,odds N/A (not priced by Sportybet),,0.416,pending,,
2026-10-10,2026-10-10 16:26,2026-10-11,2026-10-11 15:30,Malta,Malta Premier: Opening Round,Hamrun Spartans,Hibernians,X2,Draw or Hibernians,dc,1.98,0.468,0.41,0.505,5.7,-0.074,High,High,rejected,odds 1.98 above the 1.90 ceiling (band 1.15–1.90) | probability 47% below the 70% bar for dc | price too short for the probability (EV -7.4%),,0.435,pending,,
2026-10-10,2026-10-10 16:26,2026-10-11,2026-10-11 15:30,Norway,2. Division: Group 2,Levanger,Hoenefoss,U55,Under 5.5 goals,goals,1.16,0.844,0.809,0.862,3.6,-0.021,High,N/A,rejected,price too short for the probability (EV -2.1%),,0.373,pending,,
2026-10-10,2026-10-10 16:26,2026-10-11,2026-10-11 15:30,Norway,3. Division: Group 5,Tromsoe 2,Lillestroem 2,O05,Over 0.5 goals,goals,,0.986,,,,,High,N/A,rejected,odds N/A (not priced by Sportybet),,0.449,pending,,
2026-10-10,2026-10-10 16:26,2026-10-11,2026-10-11 15:30,Switzerland,Promotion League,Lugano II,FC Kreuzlingen,O05,Over 0.5 goals,goals,,0.954,,,,,High,N/A,rejected,odds N/A (not priced by Sportybet),,0.461,pending,,
2026-10-10,2026-10-10 16:26,2026-10-11,2026-10-11 15:30,Tunisia,Ligue I,Etoile du Sahel,CS Hammam-Lif,U55,Under 5.5 goals,goals,,0.968,,,,,Low,N/A,rejected,failed the pipeline's data checks | odds N/A (not priced by Sportybet),,0.383,pending,,
2026-10-10,2026-10-10 16:26,2026-10-11,2026-10-11 15:30,Tunisia,Ligue I,Js Omrane,Avenir de La Marsa,H,Js Omrane to win,result,2.3,0.463,0.413,0.435,5.0,0.066,High,High,rejected,odds 2.30 above the 1.90 ceiling (band 1.15–1.90) | probability 46% below the 60% bar for result,,0.591,pending,,
2026-10-10,2026-10-10 16:26,2026-10-11,2026-10-11 15:30,Tunisia,Ligue I,Zarzis,ES Hamam Sousse,H,Zarzis to win,result,1.78,0.618,0.537,0.562,8.0,0.099,Low,Low,rejected,failed the pipeline's data checks,,0.699,pending,,
2026-10-10,2026-10-10 16:26,2026-10-11,2026-10-11 15:45,Germany,Oberliga: Mittelrhein,VfL Vichttal,Siegburger SV 04,O05,Over 0.5 goals,goals,,0.98,,,,,High,N/A,rejected,odds N/A (not priced by Sportybet),,0.455,pending,,
2026-10-10,2026-10-10 16:26,2026-10-11,2026-10-11 16:00,Argentina,Federal A: Promotion Play-off,Fundacion Amigos,Sportivo Atenas,U55,Under 5.5 goals,goals,,0.948,,,,,Low,N/A,rejected,failed the pipeline's data checks | odds N/A (not priced by Sportybet),,0.313,pending,,
2026-10-10,2026-10-10 16:26,2026-10-11,2026-10-11 16:00,Belgium,Challenger Pro League,Patro Eisden,Jong Genk,A,Jong Genk to win,result,4.4,0.441,0.197,0.227,24.3,0.938,Medium,Medium,rejected,"odds 4.40 above the 1.90 ceiling (band 1.15–1.90) | probability 44% below the 60% bar for result | model 24 pp above the market — data fault, not edge",,0.692,pending,,
2026-10-10,2026-10-10 16:26,2026-10-11,2026-10-11 16:00,Belgium,Pro League,St. Gilloise,Oud-Heverlee Leuven,1X,St. Gilloise or draw,dc,,0.959,,,,,High,High,rejected,odds N/A (not priced by Sportybet),,0.476,pending,,
2026-10-10,2026-10-10 16:26,2026-10-11,2026-10-11 16:00,Bosnia and Herzegovina,Premier League,Sloga Doboj,Zrinjski Mostar,HU15,Sloga Doboj under 1.5 goals,team,1.14,0.848,0.811,0.877,3.7,-0.033,High,High,rejected,odds 1.14 below the 1.15 floor | price too short for the probability (EV -3.3%),,0.482,pending,,
2026-10-10,2026-10-10 16:26,2026-10-11,2026-10-11 16:00,Botswana,Premier League,Police XI,Extension Gunners,AU15,Extension Gunners under 1.5 goals,team,1.16,0.837,0.786,0.862,5.1,-0.029,High,High,rejected,price too short for the probability (EV -2.9%),,0.505,pending,,
2026-10-10,2026-10-10 16:26,2026-10-11,2026-10-11 16:00,Egypt,Premier League,Olympic El Qanah FC,Al Masry,AU15,Al Masry under 1.5 goals,team,1.58,0.782,0.587,0.633,19.4,0.236,High,High,rejected,"model 19 pp above the market — data fault, not edge",,0.836,pending,,
2026-10-10,2026-10-10 16:26,2026-10-11,2026-10-11 16:00,Faroe Islands,Premier League,HB Torshavn,Klaksvik,H,HB Torshavn to win,result,2.85,0.396,0.319,0.351,7.7,0.128,High,High,rejected,odds 2.85 above the 1.90 ceiling (band 1.15–1.90) | probability 40% below the 60% bar for result,,0.753,pending,,
2026-10-10,2026-10-10 16:26,2026-10-11,2026-10-11 16:00,Faroe Islands,Premier League,Skala,NSI Runavik,H,Skala to win,result,5.3,0.225,0.163,0.189,6.3,0.193,High,High,rejected,odds 5.30 above the 1.90 ceiling (band 1.15–1.90) | probability 23% below the 60% bar for result,,0.693,pending,,
2026-10-10,2026-10-10 16:26,2026-10-11,2026-10-11 16:00,Germany,Oberliga: Hessen,Darmstadt II,Hessen Kassel II,O05,Over 0.5 goals,goals,,0.97,,,,,High,N/A,rejected,odds N/A (not priced by Sportybet),,0.434,pending,,
2026-10-10,2026-10-10 16:26,2026-10-11,2026-10-11 16:00,Germany,Regionalliga Nordost,Babelsberg,Lokomotive Leipzig,O15,Over 1.5 goals,goals,1.13,0.857,0.813,0.885,4.4,-0.032,High,High,rejected,odds 1.13 below the 1.15 floor | price too short for the probability (EV -3.2%),,0.475,pending,,
2026-10-10,2026-10-10 16:26,2026-10-11,2026-10-11 16:00,Germany,Regionalliga Nordost,Chemnitzer FC,RW Erfurt,U45,Under 4.5 goals,goals,1.24,0.783,0.738,0.806,4.5,-0.029,High,N/A,rejected,price too short for the probability (EV -2.9%),,0.391,pending,,
2026-10-10,2026-10-10 16:26,2026-10-11,2026-10-11 16:00,Greece,Super League,Kifisia,Panetolikos,U55,Under 5.5 goals,goals,,0.963,,,,,High,N/A,rejected,odds N/A (not priced by Sportybet),,0.467,pending,,
2026-10-10,2026-10-10 16:26,2026-10-11,2026-10-11 16:00,India,Super League,Churchill Brothers,Mumbai City FC,H,Churchill Brothers to win,result,3.7,0.302,0.248,0.27,5.4,0.119,Low,Low,rejected,failed the pipeline's data checks | odds 3.70 above the 1.90 ceiling (band 1.15–1.90) | probability 30% below the 60% bar for result,,0.503,pending,,
2026-10-10,2026-10-10 16:26,2026-10-11,2026-10-11 16:00,Italy,Serie D: Group D,Tropical Coriano,Crema,U55,Under 5.5 goals,goals,,0.964,,,,,High,N/A,rejected,odds N/A (not priced by Sportybet),,0.455,pending,,
2026-10-10,2026-10-10 16:26,2026-10-11,2026-10-11 16:00,Italy,Serie D: Group H,Turris,Manfredonia,X2,Draw or Manfredonia,dc,,0.491,0.413,,7.8,,Medium,Medium,rejected,odds N/A (not priced by Sportybet) | probability 49% below the 70% bar for dc,,0.495,pending,,
2026-10-10,2026-10-10 16:26,2026-10-11,2026-10-11 16:00,Italy,Serie D: Group I,Athletic Club Palermo,Licata,H,Athletic Club Palermo to win,result,2.5,0.488,0.368,0.4,12.0,0.22,Medium,Medium,rejected,"odds 2.50 above the 1.90 ceiling (band 1.15–1.90) | probability 49% below the 60% bar for result | model 12 pp above the market — data fault, not edge",,0.713,pending,,
2026-10-10,2026-10-10 16:26,2026-10-11,2026-10-11 16:00,Italy,Serie D: Group I,Gela,Milazzo,H,Gela to win,result,3.1,0.494,0.289,0.323,20.4,0.53,High,High,rejected,"odds 3.10 above the 1.90 ceiling (band 1.15–1.90) | probability 49% below the 60% bar for result | model 20 pp above the market — data fault, not edge",,0.776,pending,,
2026-10-10,2026-10-10 16:26,2026-10-11,2026-10-11 16:00,Luxembourg,National Division,FC Etzella Ettelbruck,F91 Dudelange,H,FC Etzella Ettelbruck to win,result,4.7,0.253,0.187,0.213,6.5,0.188,Medium,Medium,rejected,odds 4.70 above the 1.90 ceiling (band 1.15–1.90) | probability 25% below the 60% bar for result,,0.653,pending,,
2026-10-10,2026-10-10 16:26,2026-10-11,2026-10-11 16:00,Luxembourg,National Division,Racing FC Union Luxembourg,Atert Bissen,O05,Over 0.5 goals,goals,,0.956,,,,,High,N/A,rejected,odds N/A (not priced by Sportybet),,0.452,pending,,
2026-10-10,2026-10-10 16:26,2026-10-11,2026-10-11 16:00,Luxembourg,National Division,Swift Hesperange,FC Victoria Rosport,O05,Over 0.5 goals,goals,,0.945,,,,,High,N/A,rejected,odds N/A (not priced by Sportybet),,0.442,pending,,
2026-10-10,2026-10-10 16:26,2026-10-11,2026-10-11 16:00,Luxembourg,National Division,US Hostert,FC Progres Niederkorn,H,US Hostert to win,result,4.1,0.323,0.219,0.244,10.4,0.323,High,High,rejected,odds 4.10 above the 1.90 ceiling (band 1.15–1.90) | probability 32% below the 60% bar for result,,0.749,pending,,
2026-10-10,2026-10-10 16:26,2026-10-11,2026-10-11 16:00,Luxembourg,National Division,Un Kaerjeng 97,AS Jeunesse Esch,O05,Over 0.5 goals,goals,,0.958,,,,,High,N/A,rejected,odds N/A (not priced by Sportybet),,0.446,pending,,
2026-10-10,2026-10-10 16:26,2026-10-11,2026-10-11 16:00,Norway,2. division: group 1,Eik-Toensberg,Lysekloster,A,Lysekloster to win,result,3.9,0.309,0.228,0.256,8.2,0.206,High,High,rejected,odds 3.90 above the 1.90 ceiling (band 1.15–1.90) | probability 31% below the 60% bar for result,,0.762,pending,,
2026-10-10,2026-10-10 16:26,2026-10-11,2026-10-11 16:00,Portugal,Liga 3: Group B,Atletico Clube de Portugal,Caldas,HO15,Atletico Clube de Portugal over 1.5 goals,team,1.91,0.539,0.477,0.524,6.2,0.029,High,High,rejected,odds 1.91 above the 1.90 ceiling (band 1.15–1.90) | probability 54% below the 70% bar for team,,0.583,pending,,
2026-10-10,2026-10-10 16:26,2026-10-11,2026-10-11 16:00,Slovenia,2. SNL,NK Krsko,NK Triglav,HU15,NK Krsko under 1.5 goals,team,1.17,0.829,0.774,0.855,5.6,-0.03,High,High,rejected,price too short for the probability (EV -3.0%),,0.541,pending,,
2026-10-10,2026-10-10 16:26,2026-10-11,2026-10-11 16:00,Spain,Segunda Division RFEF: Group 2,Girona B,Espanyol B,U55,Under 5.5 goals,goals,,0.938,,,,,High,N/A,rejected,odds N/A (not priced by Sportybet),,0.424,pending,,
2026-10-10,2026-10-10 16:26,2026-10-11,2026-10-11 16:00,Sweden,2.Division Norrland: Promotion Group,Lucksta,Skellefteaa,H,Lucksta to win,result,3.2,0.362,0.277,0.312,8.5,0.158,Medium,Medium,rejected,odds 3.20 above the 1.90 ceiling (band 1.15–1.90) | probability 36% below the 60% bar for result,,0.725,pending,,
2026-10-10,2026-10-10 16:26,2026-10-11,2026-10-11 16:00,Sweden,Division 1: North,Assyriska FF,FBK Karlstad,A,FBK Karlstad to win,result,2.45,0.448,0.384,0.408,6.3,0.097,High,High,rejected,odds 2.45 above the 1.90 ceiling (band 1.15–1.90) | probability 45% below the 60% bar for result,,0.667,pending,,
2026-10-10,2026-10-10 16:26,2026-10-11,2026-10-11 16:00,Sweden,Division 1: North,Hammarby TFF,Enkoeping,A,Enkoeping to win,result,6.6,0.215,0.125,0.152,9.0,0.42,High,High,rejected,odds 6.60 above the 1.90 ceiling (band 1.15–1.90) | probability 22% below the 60% bar for result,,0.776,pending,,
2026-10-10,2026-10-10 16:26,2026-10-11,2026-10-11 16:00,Sweden,Division 2: Norra Svealand,Sunnersta AIF,Korsnaes IF FK,AU15,Korsnaes IF FK under 1.5 goals,team,1.23,0.802,0.74,0.813,6.2,-0.014,High,High,rejected,price too short for the probability (EV -1.4%),,0.515,pending,,
2026-10-10,2026-10-10 16:26,2026-10-11,2026-10-11 16:00,Sweden,Division 2: Soedra Svealand,IK Sleipner,Fittja IF,O05,Over 0.5 goals,goals,,0.957,,,,,High,N/A,rejected,odds N/A (not priced by Sportybet),,0.461,pending,,
2026-10-10,2026-10-10 16:26,2026-10-11,2026-10-11 16:00,Turkiye,2nd Lig: Red Group,Yeni Orduspor,Kirklarelispor,O05,Over 0.5 goals,goals,,0.956,,,,,Medium,N/A,rejected,odds N/A (not priced by Sportybet),,0.41,pending,,
2026-10-10,2026-10-10 16:26,2026-10-11,2026-10-11 16:15,Spain,La Liga,Sociedad,La Coruna,O05,Over 0.5 goals,goals,,0.939,,,,,High,N/A,rejected,odds N/A (not priced by Sportybet),,0.449,pending,,
2026-10-10,2026-10-10 16:26,2026-10-11,2026-10-11 16:15,Spain,LaLiga,Real Sociedad,Deportivo A Coruna,AO05,Deportivo A Coruna over 0.5 goals,team,1.58,0.786,0.603,0.633,18.3,0.243,High,High,rejected,"model 18 pp above the market — data fault, not edge",,0.824,pending,,
2026-10-10,2026-10-10 16:44,2026-10-11,2026-10-11 16:30,Bulgaria,Parva Liga,Cherno More Varna,Levski Sofia,A,Levski Sofia to win,result,1.62,0.672,0.592,0.617,8.0,0.089,High,High,primary,,6,0.792,pending,,
2026-10-10,2026-10-10 16:44,2026-10-11,2026-10-11 16:30,Spain,Primera Division RFEF: Group 1,Pontevedra,Merida,1X,Pontevedra or draw,dc,1.29,0.81,0.721,0.775,8.9,0.044,High,High,primary,,9,0.755,pending,,
2026-10-10,2026-10-10 16:44,2026-10-11,2026-10-11 16:30,Sweden,Allsvenskan,BK Haecken,Oergryte,U45,Under 4.5 goals,goals,1.37,0.784,0.686,0.73,9.8,0.075,High,N/A,watchlist,"qualified, but outside the top 10 of its market by ranking",,0.737,pending,,
2026-10-10,2026-10-10 16:44,2026-10-11,2026-10-11 16:30,Portugal,Primeira Liga,Rio Ave,Nacional,AO05,Nacional over 0.5 goals,team,1.44,0.74,0.66,0.694,8.0,0.066,High,High,watchlist,"qualified, but outside the top 10 of its market by ranking",,0.675,pending,,
2026-10-10,2026-10-10 16:44,2026-10-11,2026-10-11 16:30,Switzerland,Super League,St. Gallen,Lausanne,U45,Under 4.5 goals,goals,1.34,0.776,0.705,0.746,7.1,0.04,High,N/A,watchlist,"qualified, but outside the top 10 of its market by ranking",,0.569,pending,,
2026-10-10,2026-10-10 16:44,2026-10-11,2026-10-11 16:30,Azerbaijan,Premier League,Shafa,Turan Tovuz,HU15,Shafa under 1.5 goals,team,1.17,0.841,0.79,0.855,5.1,-0.016,Medium,Medium,rejected,price too short for the probability (EV -1.6%),,0.477,pending,,
2026-10-10,2026-10-10 16:44,2026-10-11,2026-10-11 16:30,Germany,3. Liga,Alemannia Aachen,Viktoria Cologne,H,Alemannia Aachen to win,result,2.2,0.469,0.434,0.455,3.5,0.033,High,High,rejected,odds 2.20 above the 1.90 ceiling (band 1.15–1.90) | probability 47% below the 60% bar for result,,0.474,pending,,
2026-10-10,2026-10-10 16:44,2026-10-11,2026-10-11 16:30,Gibraltar,National League,Europa Point,College 1975,O05,Over 0.5 goals,goals,,0.956,,,,,High,N/A,rejected,odds N/A (not priced by Sportybet),,0.452,pending,,
2026-10-10,2026-10-10 16:44,2026-10-11,2026-10-11 16:30,Spain,Primera Division RFEF: Group 1,Ponferradina,Real Aviles Industrial,HO05,Ponferradina over 0.5 goals,team,1.2,0.818,0.758,0.833,6.0,-0.019,High,High,rejected,price too short for the probability (EV -1.9%),,0.544,pending,,
2026-10-10,2026-10-10 16:44,2026-10-11,2026-10-11 16:30,Switzerland,Super League,FC Vaduz,Basel,H,FC Vaduz to win,result,2.6,0.459,0.364,0.385,9.5,0.193,High,High,rejected,odds 2.60 above the 1.90 ceiling (band 1.15–1.90) | probability 46% below the 60% bar for result,,0.743,pending,,
2026-10-10,2026-10-10 17:07,2026-10-11,2026-10-11 17:00,Norway,1. Division,Stabaek,Stroemmen,H,Stabaek to win,result,1.42,0.755,0.687,0.704,6.9,0.072,High,High,primary,,6,0.806,pending,,
2026-10-10,2026-10-10 17:07,2026-10-11,2026-10-11 17:00,Ukraine,Premier League,Bukovyna Chernivtsi,Polissya Zhytomyr,X2,Draw or Polissya Zhytomyr,dc,1.22,0.868,0.778,0.82,9.0,0.059,Medium,Medium,primary,,8,0.77,pending,,
2026-10-10,2026-10-10 17:07,2026-10-11,2026-10-11 17:00,Austria,Bundesliga,LASK,Rapid Wien,AU15,Rapid Wien under 1.5 goals,team,1.56,0.709,0.601,0.641,10.8,0.106,High,High,watchlist,"qualified, but outside the top 10 of its market by ranking",,0.765,pending,,
2026-10-10,2026-10-10 17:07,2026-10-11,2026-10-11 17:00,Norway,1. Division,Egersund,Hoedd,AO05,Hoedd over 0.5 goals,team,1.32,0.801,0.711,0.758,9.0,0.057,High,High,watchlist,"qualified, but outside the top 10 of its market by ranking",,0.763,pending,,
2026-10-10,2026-10-10 17:07,2026-10-11,2026-10-11 17:00,Norway,2. Division: Group 2,Junkeren,Grorud,U55,Under 5.5 goals,goals,1.15,0.908,0.803,0.87,10.4,0.044,High,N/A,watchlist,"qualified, but outside the top 10 of its market by ranking",,0.762,pending,,
2026-10-10,2026-10-10 17:07,2026-10-11,2026-10-11 17:00,Serbia,Super Liga,Partizan Beograd,Novi Pazar,U35,Under 3.5 goals,goals,1.61,0.701,0.588,0.621,11.3,0.129,High,High,watchlist,"qualified, but outside the top 10 of its market by ranking",,0.762,pending,,
2026-10-10,2026-10-10 17:07,2026-10-11,2026-10-11 17:00,Norway,1. Division,Raufoss,Moss,HO05,Raufoss over 0.5 goals,team,1.3,0.807,0.719,0.769,8.8,0.05,High,High,watchlist,"qualified, but outside the top 10 of its market by ranking",,0.729,pending,,
2026-10-10,2026-10-10 17:07,2026-10-11,2026-10-11 17:00,Romania,Liga 1,Miercurea Ciuc,CS Universitatea Craiova,U35,Under 3.5 goals,goals,1.52,0.708,0.622,0.658,8.6,0.076,High,High,watchlist,"qualified, but outside the top 10 of its market by ranking",,0.666,pending,,
2026-10-10,2026-10-10 17:07,2026-10-11,2026-10-11 17:00,Poland,I Liga,Puszcza Niepolomice,Polonia Bytom,1X,Puszcza Niepolomice or draw,dc,1.43,0.717,0.642,0.699,7.5,0.025,High,High,watchlist,"qualified, but outside the top 10 of its market by ranking",,0.617,pending,,
2026-10-10,2026-10-10 17:07,2026-10-11,2026-10-11 17:00,Norway,Eliteserien,Aalesund,Sarpsborg 08,U45,Under 4.5 goals,goals,1.33,0.792,0.725,0.752,6.7,0.053,High,N/A,watchlist,"qualified, but outside the top 10 of its market by ranking",,0.59,pending,,
2026-10-10,2026-10-10 17:07,2026-10-11,2026-10-11 17:00,Norway,1. Division,Sandnes,FK Haugesund,HO05,Sandnes over 0.5 goals,team,1.31,0.779,0.713,0.763,6.6,0.02,High,High,watchlist,"qualified, but outside the top 10 of its market by ranking",,0.546,pending,,
2026-10-10,2026-10-10 17:07,2026-10-11,2026-10-11 17:00,Sweden,Superettan,IK Brage,Helsingborgs IF,AO05,Helsingborgs IF over 0.5 goals,team,1.26,0.797,0.741,0.794,5.6,0.004,High,High,watchlist,"qualified, but outside the top 10 of its market by ranking",,0.519,pending,,
2026-10-10,2026-10-10 17:07,2026-10-11,2026-10-11 17:00,Nigeria,NPFL,Abia Warriors,Rivers United FC,HU15,Abia Warriors under 1.5 goals,team,1.43,0.704,0.641,0.699,6.3,0.006,High,High,watchlist,"qualified, but outside the top 10 of its market by ranking",,0.493,pending,,
2026-10-10,2026-10-10 17:07,2026-10-11,2026-10-11 17:00,Norway,1. Division,Lyn,Stroemsgodset,HO05,Lyn over 0.5 goals,team,1.27,0.79,0.734,0.787,5.7,0.004,High,High,watchlist,"qualified, but outside the top 10 of its market by ranking",,0.488,pending,,
2026-10-10,2026-10-10 17:07,2026-10-11,2026-10-11 17:00,Norway,Eliteserien,IK Start,HamKam,O15,Over 1.5 goals,goals,1.2,0.84,0.8,0.833,4.0,0.008,High,High,watchlist,"qualified, but outside the top 10 of its market by ranking",,0.462,pending,,
2026-10-10,2026-10-10 17:07,2026-10-11,2026-10-11 17:00,Norway,1. Division,Kongsvinger,Ranheim,U55,Under 5.5 goals,goals,1.38,0.735,0.685,0.725,5.0,0.014,High,N/A,watchlist,"edge +5.0 pp is the model's usual gap on this market today (median +3.9 pp) — systematic, not specific to this match",,0.372,pending,,
2026-10-10,2026-10-10 17:07,2026-10-11,2026-10-11 16:45,Hungary,NB I,Budapest Honved,Ujpest,O05,Over 0.5 goals,goals,,0.953,,,,,Medium,N/A,rejected,odds N/A (not priced by Sportybet),,0.419,pending,,
2026-10-10,2026-10-10 17:07,2026-10-11,2026-10-11 16:45,Kuwait,Premier League,Al Sahel SC,Al Fahaheel,1X,Al Sahel SC or draw,dc,1.56,0.736,0.573,0.641,16.3,0.148,Low,Low,rejected,"failed the pipeline's data checks | model 16 pp above the market — data fault, not edge",,0.688,pending,,
2026-10-10,2026-10-10 17:07,2026-10-11,2026-10-11 16:45,Netherlands,Eredivisie,Excelsior,Groningen,H,Excelsior to win,result,2.6,0.427,0.371,0.385,5.6,0.111,High,High,rejected,odds 2.60 above the 1.90 ceiling (band 1.15–1.90) | probability 43% below the 60% bar for result,,0.687,pending,,
2026-10-10,2026-10-10 17:07,2026-10-11,2026-10-11 17:00,Andorra,1st Division,FC Santa Coloma,Casa de Portugal,AU15,Casa de Portugal under 1.5 goals,team,1.28,0.8,0.708,0.781,9.3,0.025,Low,Low,rejected,failed the pipeline's data checks,,0.525,pending,,
2026-10-10,2026-10-10 17:07,2026-10-11,2026-10-11 17:00,Benin,Ligue 1,Buffles du Borgou,Djeffa,U55,Under 5.5 goals,goals,,0.975,,,,,Low,N/A,rejected,failed the pipeline's data checks | odds N/A (not priced by Sportybet),,0.386,pending,,
2026-10-10,2026-10-10 17:07,2026-10-11,2026-10-11 17:00,Benin,Ligue 1,Dynamo d'Abomey,Coton Sport,U55,Under 5.5 goals,goals,,0.984,,,,,High,N/A,rejected,odds N/A (not priced by Sportybet),,0.467,pending,,
2026-10-10,2026-10-10 17:07,2026-10-11,2026-10-11 17:00,Benin,Ligue 1,Espoir de Savalou,AS Sobemap,U45,Under 4.5 goals,goals,,0.954,,,,,High,N/A,rejected,odds N/A (not priced by Sportybet),,0.473,pending,,
2026-10-10,2026-10-10 17:07,2026-10-11,2026-10-11 17:00,Benin,Ligue 1,Hodio,Damissa,U55,Under 5.5 goals,goals,,0.974,,,,,High,N/A,rejected,odds N/A (not priced by Sportybet),,0.461,pending,,
2026-10-10,2026-10-10 17:07,2026-10-11,2026-10-11 17:00,Cyprus,1st Division,Anorthosis,Pafos FC,1X,Anorthosis or draw,dc,2.2,0.417,0.365,0.455,5.3,-0.082,High,High,rejected,odds 2.20 above the 1.90 ceiling (band 1.15–1.90) | probability 42% below the 70% bar for dc | price too short for the probability (EV -8.2%),,0.478,pending,,
2026-10-10,2026-10-10 17:07,2026-10-11,2026-10-11 17:00,Georgia,Erovnuli Liga,Dinamo Batumi,Dinamo Tbilisi,A,Dinamo Tbilisi to win,result,2.75,0.394,0.328,0.364,6.6,0.084,High,High,rejected,odds 2.75 above the 1.90 ceiling (band 1.15–1.90) | probability 39% below the 60% bar for result,,0.662,pending,,
2026-10-10,2026-10-10 17:07,2026-10-11,2026-10-11 17:00,Ghana,Premier League,Ashanti Gold,Samartex,U55,Under 5.5 goals,goals,,0.976,,,,,Medium,N/A,rejected,odds N/A (not priced by Sportybet),,0.416,pending,,
2026-10-10,2026-10-10 17:07,2026-10-11,2026-10-11 17:00,Ghana,Premier League,Bechem United,Vision FC,U55,Under 5.5 goals,goals,,0.975,,,,,High,N/A,rejected,odds N/A (not priced by Sportybet),,0.473,pending,,
2026-10-10,2026-10-10 17:07,2026-10-11,2026-10-11 17:00,Ghana,Premier League,Berekum Chelsea,Debibi,U55,Under 5.5 goals,goals,,0.97,,,,,Medium,N/A,rejected,odds N/A (not priced by Sportybet),,0.41,pending,,
2026-10-10,2026-10-10 17:07,2026-10-11,2026-10-11 17:00,Ghana,Premier League,Bibiani Gold Stars,Holy Stars,U55,Under 5.5 goals,goals,,0.968,,,,,High,N/A,rejected,odds N/A (not priced by Sportybet),,0.467,pending,,
2026-10-10,2026-10-10 17:07,2026-10-11,2026-10-11 17:00,Ghana,Premier League,Hearts of Oak,Port City,U55,Under 5.5 goals,goals,,0.981,,,,,Medium,N/A,rejected,odds N/A (not priced by Sportybet),,0.41,pending,,
2026-10-10,2026-10-10 17:07,2026-10-11,2026-10-11 17:00,Ghana,Premier League,Karela United,Dreams FC,U55,Under 5.5 goals,goals,,0.973,,,,,High,N/A,rejected,odds N/A (not priced by Sportybet),,0.473,pending,,
2026-10-10,2026-10-10 17:07,2026-10-11,2026-10-11 17:00,Ghana,Premier League,Medeama SC,Heart of Lions,U55,Under 5.5 goals,goals,,0.961,,,,,High,N/A,rejected,odds N/A (not priced by Sportybet),,0.461,pending,,
2026-10-10,2026-10-10 17:07,2026-10-11,2026-10-11 17:00,Ghana,Premier League,Young Apostles,Aduana Stars,U45,Under 4.5 goals,goals,,0.95,,,,,High,N/A,rejected,odds N/A (not priced by Sportybet),,0.473,pending,,
2026-10-10,2026-10-10 17:07,2026-10-11,2026-10-11 17:00,Greece,Super League 2,Olympiacos B,Asteras Tripolis B,H,Olympiacos B to win,result,2.45,0.489,0.374,0.408,11.5,0.198,Low,Low,rejected,failed the pipeline's data checks | odds 2.45 above the 1.90 ceiling (band 1.15–1.90) | probability 49% below the 60% bar for result,,0.689,pending,,
2026-10-10,2026-10-10 17:07,2026-10-11,2026-10-11 17:00,Iran,Azadegan League,Foolad Novin,Naft Masjed Soleyman FC,U55,Under 5.5 goals,goals,,0.984,,,,,Low,N/A,rejected,failed the pipeline's data checks | odds N/A (not priced by Sportybet),,0.392,pending,,
2026-10-10,2026-10-10 17:07,2026-10-11,2026-10-11 17:00,Nigeria,NPFL,Barau,Enugu Rangers,X2,Draw or Enugu Rangers,dc,1.72,0.521,0.448,0.581,7.2,-0.105,High,High,rejected,probability 52% below the 70% bar for dc | price too short for the probability (EV -10.5%),,0.538,pending,,
2026-10-10,2026-10-10 17:07,2026-10-11,2026-10-11 17:00,Nigeria,NPFL,Kun Khalifat,Shooting Stars,U55,Under 5.5 goals,goals,,0.97,,,,,High,N/A,rejected,odds N/A (not priced by Sportybet),,0.461,pending,,
2026-10-10,2026-10-10 17:07,2026-10-11,2026-10-11 17:00,Nigeria,NPFL,Nasarawa United,Doma United,X2,Draw or Doma United,dc,1.96,0.425,0.364,0.51,6.2,-0.166,Medium,Medium,rejected,odds 1.96 above the 1.90 ceiling (band 1.15–1.90) | probability 43% below the 70% bar for dc | price too short for the probability (EV -16.6%),,0.44,pending,,
2026-10-10,2026-10-10 17:07,2026-10-11,2026-10-11 17:00,Nigeria,NPFL,Plateau United,Kano Pillars,U55,Under 5.5 goals,goals,,0.972,,,,,High,N/A,rejected,odds N/A (not priced by Sportybet),,0.476,pending,,
2026-10-10,2026-10-10 17:07,2026-10-11,2026-10-11 17:00,Nigeria,NPFL,Sporting Lagos,Bendel Insurance,U55,Under 5.5 goals,goals,,0.965,,,,,Medium,N/A,rejected,odds N/A (not priced by Sportybet),,0.419,pending,,
2026-10-10,2026-10-10 17:07,2026-10-11,2026-10-11 17:00,Nigeria,NPFL,Warri Wolves FC,Inter Lagos,U55,Under 5.5 goals,goals,,0.974,,,,,Low,N/A,rejected,failed the pipeline's data checks | odds N/A (not priced by Sportybet),,0.386,pending,,
2026-10-10,2026-10-10 17:07,2026-10-11,2026-10-11 17:00,Norway,1. Division,Aasane,Sogndal,H,Aasane to win,result,2.5,0.425,0.379,0.4,4.6,0.061,High,High,rejected,odds 2.50 above the 1.90 ceiling (band 1.15–1.90) | probability 42% below the 60% bar for result,,0.572,pending,,
2026-10-10,2026-10-10 17:07,2026-10-11,2026-10-11 17:00,Norway,1. Division,Odds Ballklubb,Bryne,AO15,Bryne over 1.5 goals,team,2.2,0.456,0.427,0.455,2.9,0.003,High,High,rejected,odds 2.20 above the 1.90 ceiling (band 1.15–1.90) | probability 46% below the 70% bar for team,,0.463,pending,,
2026-10-10,2026-10-10 17:07,2026-10-11,2026-10-11 17:00,Spain,Segunda Division RFEF: Group 1,Arosa SC,Bergantinos CF,O05,Over 0.5 goals,goals,,0.941,,,,,Medium,N/A,rejected,odds N/A (not priced by Sportybet),,0.397,pending,,
2026-10-10,2026-10-10 17:07,2026-10-11,2026-10-11 17:00,Spain,Segunda Division RFEF: Group 1,Coruxo FC,Compostela,U55,Under 5.5 goals,goals,,0.944,,,,,Medium,N/A,rejected,odds N/A (not priced by Sportybet),,0.399,pending,,
2026-10-10,2026-10-10 17:07,2026-10-11,2026-10-11 17:00,Spain,Segunda Division RFEF: Group 3,CD Cieza,CF Intercity,U55,Under 5.5 goals,goals,,0.956,,,,,Medium,N/A,rejected,odds N/A (not priced by Sportybet),,0.389,pending,,
2026-10-10,2026-10-10 17:07,2026-10-11,2026-10-11 17:00,Spain,Segunda Division RFEF: Group 3,UCAM Murcia,Alcoyano,U55,Under 5.5 goals,goals,,0.973,,,,,High,N/A,rejected,odds N/A (not priced by Sportybet),,0.443,pending,,
2026-10-10,2026-10-10 17:07,2026-10-11,2026-10-11 17:00,Spain,Segunda Division RFEF: Group 4,CD Badajoz,Marbella FC,U55,Under 5.5 goals,goals,,0.947,,,,,Medium,N/A,rejected,odds N/A (not priced by Sportybet),,0.386,pending,,
2026-10-10,2026-10-10 17:07,2026-10-11,2026-10-11 17:00,Spain,Segunda Division RFEF: Group 5,Navalcarnero,Atletico Madrid C,U55,Under 5.5 goals,goals,,0.943,,,,,Low,N/A,rejected,failed the pipeline's data checks | odds N/A (not priced by Sportybet),,0.372,pending,,
2026-10-10,2026-10-10 17:07,2026-10-11,2026-10-11 17:00,Spain,Segunda Division RFEF: Group 5,Real Avila,Numancia,U55,Under 5.5 goals,goals,,0.963,,,,,High,N/A,rejected,odds N/A (not priced by Sportybet),,0.446,pending,,
2026-10-10,2026-10-10 17:42,2026-10-11,2026-10-11 17:30,England,Premier League,Liverpool,Man City,U35,Under 3.5 goals,goals,1.58,0.701,0.608,0.633,9.3,0.107,High,High,watchlist,"qualified, but outside the top 10 of its market by ranking",,0.726,pending,,
2026-10-10,2026-10-10 17:42,2026-10-11,2026-10-11 17:30,Italy,Serie C: Group A,Lecco,Alcione,U35,Under 3.5 goals,goals,1.29,0.812,0.725,0.775,8.7,0.047,High,High,watchlist,"qualified, but outside the top 10 of its market by ranking",,0.708,pending,,
2026-10-10,2026-10-10 17:42,2026-10-11,2026-10-11 17:15,Italy,Serie B,Padova,Carrarese,U35,Under 3.5 goals,goals,1.36,0.775,0.695,0.735,8.0,0.055,High,High,watchlist,"qualified, but outside the top 10 of its market by ranking",,0.654,pending,,
2026-10-10,2026-10-10 17:42,2026-10-11,2026-10-11 17:30,Italy,Serie C: Group A,Trento,Folgore Caratese,U35,Under 3.5 goals,goals,1.32,0.774,0.708,0.758,6.6,0.022,High,High,watchlist,"qualified, but outside the top 10 of its market by ranking",,0.527,pending,,
2026-10-10,2026-10-10 17:42,2026-10-11,2026-10-11 17:30,Italy,Serie C: Group B,Forli,US Livorno 1915,1X,Forli or draw,dc,1.42,0.713,0.649,0.704,6.4,0.012,High,Medium,watchlist,warning: Forli: 100% rates in home matches come from only 3 matches — not meaningful,,0.516,pending,,
2026-10-10,2026-10-10 17:42,2026-10-11,2026-10-11 17:25,Saudi Arabia,Saudi Professional League,Abha,Al Faisaly,AO05,Al Faisaly over 0.5 goals,team,1.43,0.721,0.654,0.699,6.7,0.031,Medium,Medium,watchlist,"qualified, but outside the top 10 of its market by ranking",,0.487,pending,,
2026-10-10,2026-10-10 17:42,2026-10-11,2026-10-11 17:30,Portugal,Liga 3: Group A,AD Fafe,Trofense,O15,Over 1.5 goals,goals,1.34,0.747,0.688,0.746,5.9,0.001,High,High,watchlist,"qualified, but outside the top 10 of its market by ranking",,0.422,pending,,
2026-10-10,2026-10-10 17:42,2026-10-11,2026-10-11 17:30,Italy,Serie C: Group B,Perugia,Vado,O15,Over 1.5 goals,goals,1.37,0.738,0.683,0.73,5.5,0.012,Medium,Medium,watchlist,"qualified, but outside the top 10 of its market by ranking",,0.388,pending,,
2026-10-10,2026-10-10 17:42,2026-10-11,2026-10-11 17:15,France,Ligue 1,Rennes,Auxerre,O05,Over 0.5 goals,goals,,0.95,,,,,High,N/A,rejected,odds N/A (not priced by Sportybet),,0.455,pending,,
2026-10-10,2026-10-10 17:42,2026-10-11,2026-10-11 17:15,Niger,Super Ligue,Espoir,Douanes Niamey,U55,Under 5.5 goals,goals,,0.982,,,,,High,N/A,rejected,odds N/A (not priced by Sportybet),,0.461,pending,,
2026-10-10,2026-10-10 17:42,2026-10-11,2026-10-11 17:15,Niger,Super Ligue,Liberte,AS GNN,U55,Under 5.5 goals,goals,,0.974,,,,,High,N/A,rejected,odds N/A (not priced by Sportybet),,0.467,pending,,
2026-10-10,2026-10-10 17:42,2026-10-11,2026-10-11 17:15,Niger,Super Ligue,Niima,AS ZAM,U55,Under 5.5 goals,goals,,0.969,,,,,Low,N/A,rejected,failed the pipeline's data checks | odds N/A (not priced by Sportybet),,0.386,pending,,
2026-10-10,2026-10-10 17:42,2026-10-11,2026-10-11 17:15,Niger,Super Ligue,Tagour Provincial Club,Tahoua,U55,Under 5.5 goals,goals,,0.969,,,,,High,N/A,rejected,odds N/A (not priced by Sportybet),,0.473,pending,,
2026-10-10,2026-10-10 17:42,2026-10-11,2026-10-11 17:15,Niger,Super Ligue,US Gendarmerie,AS FAN,U55,Under 5.5 goals,goals,,0.971,,,,,High,N/A,rejected,odds N/A (not priced by Sportybet),,0.467,pending,,
2026-10-10,2026-10-10 17:42,2026-10-11,2026-10-11 17:30,Bosnia and Herzegovina,1st League: FBiH,GOSK Gabela,Jedinstvo Bihac,A,Jedinstvo Bihac to win,result,6.4,0.175,0.124,0.156,5.1,0.117,High,High,rejected,odds 6.40 above the 1.90 ceiling (band 1.15–1.90) | probability 17% below the 60% bar for result,,0.646,pending,,
2026-10-10,2026-10-10 17:42,2026-10-11,2026-10-11 17:30,Burkina Faso,Ligue 1,Vitesse FC,US Comoe,U55,Under 5.5 goals,goals,,0.972,,,,,Low,N/A,rejected,failed the pipeline's data checks | odds N/A (not priced by Sportybet),,0.395,pending,,
2026-10-10,2026-10-10 17:42,2026-10-11,2026-10-11 17:30,Chile,Primera B,Antofagasta,San Marcos,1X,Antofagasta or draw,dc,1.23,0.805,0.775,0.813,3.0,-0.01,High,High,rejected,price too short for the probability (EV -1.0%),,0.481,pending,,
2026-10-10,2026-10-10 17:42,2026-10-11,2026-10-11 17:30,Chile,Primera División,Everton CD,La Serena,O05,Over 0.5 goals,goals,,0.941,,,,,High,N/A,rejected,odds N/A (not priced by Sportybet),,0.469,pending,,
2026-10-10,2026-10-10 17:42,2026-10-11,2026-10-11 17:30,Germany,Bundesliga,Freiburg,Schalke 04,A,Schalke 04 to win,result,5.2,0.241,0.185,0.192,5.6,0.254,High,High,rejected,odds 5.20 above the 1.90 ceiling (band 1.15–1.90) | probability 24% below the 60% bar for result,,0.655,pending,,
2026-10-10,2026-10-10 17:42,2026-10-11,2026-10-11 17:30,Italy,Serie C: Group A,Treviso,Ospitaletto,U35,Under 3.5 goals,goals,1.22,0.816,0.762,0.82,5.4,-0.004,High,High,rejected,price too short for the probability (EV -0.4%),,0.486,pending,,
2026-10-10,2026-10-10 17:42,2026-10-11,2026-10-11 17:30,Poland,Ekstraklasa,Pogon Szczecin,Korona Kielce,U45,Under 4.5 goals,goals,1.15,0.858,0.819,0.87,3.9,-0.013,High,N/A,rejected,price too short for the probability (EV -1.3%),,0.42,pending,,
2026-10-10,2026-10-10 17:42,2026-10-11,2026-10-11 17:30,Slovenia,Prva Liga,Nk Brinje Grosuplje,Maribor,HO05,Nk Brinje Grosuplje over 0.5 goals,team,1.49,0.766,0.622,0.671,14.4,0.141,High,High,rejected,"model 14 pp above the market — data fault, not edge",,0.792,pending,,
2026-10-10,2026-10-10 17:42,2026-10-11,2026-10-11 17:30,Spain,Segunda Division RFEF: Group 4,CD Ciudad de Lucena,Don Benito,U55,Under 5.5 goals,goals,,0.964,,,,,Medium,N/A,rejected,odds N/A (not priced by Sportybet),,0.416,pending,,
2026-10-10,2026-10-10 18:13,2026-10-11,2026-10-11 18:00,Turkey,Süper Lig,Besiktas,Kocaelispor,U35,Under 3.5 goals,goals,1.53,0.714,0.616,0.654,9.8,0.092,High,High,watchlist,"qualified, but outside the top 10 of its market by ranking",,0.774,pending,,
2026-10-10,2026-10-10 18:13,2026-10-11,2026-10-11 18:00,Czech Republic,1st League,Sparta Prague,Pardubice,U45,Under 4.5 goals,goals,1.28,0.833,0.738,0.781,9.5,0.066,High,N/A,watchlist,"qualified, but outside the top 10 of its market by ranking",,0.762,pending,,
2026-10-10,2026-10-10 18:13,2026-10-11,2026-10-11 18:00,Serbia,Prva Liga,FK Dubocica,FK Spartak Subotica,HO05,FK Dubocica over 0.5 goals,team,1.34,0.798,0.68,0.746,11.8,0.07,High,High,watchlist,"qualified, but outside the top 10 of its market by ranking",,0.752,pending,,
2026-10-10,2026-10-10 18:13,2026-10-11,2026-10-11 18:00,Denmark,Superliga,FC Midtjylland,FC Copenhagen,HO05,FC Midtjylland over 0.5 goals,team,1.22,0.846,0.766,0.82,8.0,0.032,High,High,watchlist,"qualified, but outside the top 10 of its market by ranking",,0.668,pending,,
2026-10-10,2026-10-10 18:13,2026-10-11,2026-10-11 18:00,Uruguay,Segunda División,Atenas,Miramar Misiones,1X,Atenas or draw,dc,1.24,0.821,0.755,0.806,6.5,0.018,High,High,watchlist,"qualified, but outside the top 10 of its market by ranking",,0.66,pending,,
2026-10-10,2026-10-10 18:13,2026-10-11,2026-10-11 18:00,Malta,Malta Premier: Opening Round,Sliema Wanderers,Gzira United,O15,Over 1.5 goals,goals,1.29,0.785,0.713,0.775,7.2,0.013,High,High,watchlist,"qualified, but outside the top 10 of its market by ranking",,0.525,pending,,
2026-10-10,2026-10-10 18:13,2026-10-11,2026-10-11 18:00,Croatia,HNL,Slaven,Rijeka,U35,Under 3.5 goals,goals,1.42,0.725,0.664,0.704,6.2,0.03,High,High,watchlist,"qualified, but outside the top 10 of its market by ranking",,0.512,pending,,
2026-10-10,2026-10-10 18:13,2026-10-11,2026-10-11 18:00,Turkiye,2nd Lig: Red Group,Sakaryaspor,Iskenderun FK,U45,Under 4.5 goals,goals,1.29,0.786,0.713,0.775,7.3,0.013,High,N/A,watchlist,"qualified, but outside the top 10 of its market by ranking",,0.502,pending,,
2026-10-10,2026-10-10 18:13,2026-10-11,2026-10-11 18:00,Bahrain,Premier League,Sitra,Al-Najma,HO05,Sitra over 0.5 goals,team,1.27,0.788,0.728,0.787,6.0,0.001,High,High,watchlist,"qualified, but outside the top 10 of its market by ranking",,0.481,pending,,
2026-10-10,2026-10-10 18:13,2026-10-11,2026-10-11 18:00,Italy,Serie A,Sassuolo,Milan,U35,Under 3.5 goals,goals,1.45,0.713,0.663,0.69,5.1,0.035,High,High,watchlist,"qualified, but outside the top 10 of its market by ranking",,0.469,pending,,
2026-10-10,2026-10-10 18:13,2026-10-11,2026-10-11 18:00,Greece,Super League,Aris,Volos NFC,U35,Under 3.5 goals,goals,1.34,0.751,0.705,0.746,4.7,0.007,High,High,watchlist,"qualified, but outside the top 10 of its market by ranking",,0.416,pending,,
2026-10-10,2026-10-10 18:13,2026-10-11,2026-10-11 18:00,Armenia,Premier League,Urartu FC,Ararat Yerevan,O15,Over 1.5 goals,goals,1.21,0.808,0.772,0.826,3.6,-0.022,High,High,rejected,price too short for the probability (EV -2.2%),,0.402,pending,,
2026-10-10,2026-10-10 18:13,2026-10-11,2026-10-11 18:00,Bahrain,Premier League,East Riffa,Ali CSC,U55,Under 5.5 goals,goals,,0.962,,,,,Low,N/A,rejected,failed the pipeline's data checks | odds N/A (not priced by Sportybet),,0.386,pending,,
2026-10-10,2026-10-10 18:13,2026-10-11,2026-10-11 18:00,Cyprus,1st Division,AEL Limassol,Omonia 29 Maiou,O05,Over 0.5 goals,goals,,0.941,,,,,High,N/A,rejected,odds N/A (not priced by Sportybet),,0.436,pending,,
2026-10-10,2026-10-10 18:13,2026-10-11,2026-10-11 18:00,Cyprus,1st Division,Olympiakos Nicosia,Aris Limassol,H,Olympiakos Nicosia to win,result,3.4,0.314,0.267,0.294,4.7,0.068,High,High,rejected,odds 3.40 above the 1.90 ceiling (band 1.15–1.90) | probability 31% below the 60% bar for result,,0.582,pending,,
2026-10-10,2026-10-10 18:13,2026-10-11,2026-10-11 18:00,Italy,Serie D: Group H,Nocerina,Brindisi,A,Brindisi to win,result,5.0,0.306,0.169,0.2,13.7,0.528,Medium,Medium,rejected,"odds 5.00 above the 1.90 ceiling (band 1.15–1.90) | probability 31% below the 60% bar for result | model 14 pp above the market — data fault, not edge",,0.698,pending,,
2026-10-10,2026-10-10 18:13,2026-10-11,2026-10-11 18:00,Kosovo,Superleague,FC Prishtina,Dukagjini,A,Dukagjini to win,result,3.9,0.275,0.224,0.256,5.1,0.073,High,High,rejected,odds 3.90 above the 1.90 ceiling (band 1.15–1.90) | probability 28% below the 60% bar for result,,0.58,pending,,
2026-10-10,2026-10-10 18:13,2026-10-11,2026-10-11 18:00,Mexico,Primera Premier,H2O Purepechas,Lobos ULMX,U55,Under 5.5 goals,goals,,0.947,,,,,Medium,N/A,rejected,odds N/A (not priced by Sportybet),,0.393,pending,,
2026-10-10,2026-10-10 18:13,2026-10-11,2026-10-11 18:00,Peru,Liga 2 Promotion Group C,Universidad San Martin,EGB Tacna Heroica,O05,Over 0.5 goals,goals,,0.942,,,,,Low,N/A,rejected,failed the pipeline's data checks | odds N/A (not priced by Sportybet),,0.359,pending,,
2026-10-10,2026-10-10 18:13,2026-10-11,2026-10-11 18:00,Serbia,Prva Liga,Vozdovac,OFK Vrsac,X2,Draw or OFK Vrsac,dc,1.61,0.597,0.535,0.621,6.1,-0.04,High,High,rejected,probability 60% below the 70% bar for dc | price too short for the probability (EV -4.0%),,0.498,pending,,
2026-10-10,2026-10-10 18:13,2026-10-11,2026-10-11 18:00,Slovakia,Super Liga,Zeleziarne Podbrezova,Spartak Trnava,O05,Over 0.5 goals,goals,,0.951,,,,,High,N/A,rejected,odds N/A (not priced by Sportybet),,0.464,pending,,
2026-10-10,2026-10-10 18:13,2026-10-11,2026-10-11 18:00,Spain,Segunda Division RFEF: Group 2,Tudelano,Reus FC Reddis,U55,Under 5.5 goals,goals,,0.948,,,,,High,N/A,rejected,odds N/A (not priced by Sportybet),,0.448,pending,,
2026-10-10,2026-10-10 18:13,2026-10-11,2026-10-11 18:00,Spain,Segunda Division RFEF: Group 2,UE Olot,Terrassa FC,U55,Under 5.5 goals,goals,,0.958,,,,,High,N/A,rejected,odds N/A (not priced by Sportybet),,0.44,pending,,
2026-10-10,2026-10-10 18:13,2026-10-11,2026-10-11 18:00,Spain,Segunda Division RFEF: Group 3,La Nucia,Lorca Deportiva,U55,Under 5.5 goals,goals,,0.959,,,,,Medium,N/A,rejected,odds N/A (not priced by Sportybet),,0.389,pending,,
2026-10-10,2026-10-10 18:13,2026-10-11,2026-10-11 18:00,Spain,Segunda Division RFEF: Group 4,Atletico Sanluqueno CF,Recreativo Huelva,U55,Under 5.5 goals,goals,,0.969,,,,,High,N/A,rejected,odds N/A (not priced by Sportybet),,0.44,pending,,
2026-10-10,2026-10-10 18:13,2026-10-11,2026-10-11 18:00,Spain,Segunda Division RFEF: Group 4,Mijas-Las Lagunas,Sevilla Atletico,U55,Under 5.5 goals,goals,,0.953,,,,,Medium,N/A,rejected,odds N/A (not priced by Sportybet),,0.389,pending,,
2026-10-10,2026-10-10 18:13,2026-10-11,2026-10-11 18:00,Spain,Segunda Division RFEF: Group 5,Calvo Sotelo Puertollano,RSD Alcala,U55,Under 5.5 goals,goals,,0.952,,,,,Medium,N/A,rejected,odds N/A (not priced by Sportybet),,0.41,pending,,
2026-10-10,2026-10-10 18:13,2026-10-11,2026-10-11 18:00,Spain,Segunda Division RFEF: Group 5,Conquense,Albacete B,O05,Over 0.5 goals,goals,,0.95,,,,,Medium,N/A,rejected,odds N/A (not priced by Sportybet),,0.41,pending,,
2026-10-10,2026-10-10 18:13,2026-10-11,2026-10-11 18:00,Spain,Segunda Division RFEF: Group 5,Gimnastica Segoviana,Real Valladolid Promesas,U55,Under 5.5 goals,goals,,0.935,,,,,High,N/A,rejected,odds N/A (not priced by Sportybet),,0.422,pending,,
2026-10-10,2026-10-10 18:13,2026-10-11,2026-10-11 18:00,Spain,Segunda Division RFEF: Group 5,Guadalajara,Getafe B,U55,Under 5.5 goals,goals,,0.949,,,,,High,N/A,rejected,odds N/A (not priced by Sportybet),,0.451,pending,,
2026-10-10,2026-10-10 18:13,2026-10-11,2026-10-11 18:00,Turkiye,1st Lig,Bursaspor,Mardin Buyuksehir Basakspor,U55,Under 5.5 goals,goals,,0.956,,,,,High,N/A,rejected,odds N/A (not priced by Sportybet),,0.431,pending,,
2026-10-10,2026-10-10 18:13,2026-10-11,2026-10-11 18:00,Turkiye,2nd Lig: White Group,Adana Demirspor,Soma Spor Dernegi,O05,Over 0.5 goals,goals,,0.967,,,,,High,N/A,rejected,odds N/A (not priced by Sportybet),,0.431,pending,,
2026-10-10,2026-10-10 18:42,2026-10-11,2026-10-11 18:30,Albania,Kategoria Superiore,Partizani,KF Tirana,O15,Over 1.5 goals,goals,1.39,0.75,0.672,0.719,7.8,0.043,High,High,watchlist,"qualified, but outside the top 10 of its market by ranking",,0.602,pending,,
2026-10-10,2026-10-10 18:42,2026-10-11,2026-10-11 18:30,Ecuador,Serie A: Championship Group,Universidad Catolica,CSD Macara,O15,Over 1.5 goals,goals,1.26,0.807,0.741,0.794,6.6,0.016,High,High,watchlist,"qualified, but outside the top 10 of its market by ranking",,0.536,pending,,
2026-10-10,2026-10-10 18:42,2026-10-11,2026-10-11 18:30,Belgium,Pro League,Westerlo,Antwerp,U45,Under 4.5 goals,goals,1.27,0.802,0.744,0.787,5.8,0.019,High,N/A,watchlist,"qualified, but outside the top 10 of its market by ranking",,0.513,pending,,
2026-10-10,2026-10-10 18:42,2026-10-11,2026-10-11 18:30,Spain,Segunda División,Mallorca,Las Palmas,U35,Under 3.5 goals,goals,1.38,0.74,0.681,0.725,5.9,0.021,High,High,watchlist,"qualified, but outside the top 10 of its market by ranking",,0.488,pending,,
2026-10-10,2026-10-10 18:42,2026-10-11,2026-10-11 18:15,Faroe Islands,Premier League,AB Argir,B36 Torshavn,HO05,AB Argir over 0.5 goals,team,1.37,0.739,0.675,0.73,6.3,0.012,High,High,watchlist,"qualified, but outside the top 10 of its market by ranking",,0.476,pending,,
2026-10-10,2026-10-10 18:42,2026-10-11,2026-10-11 18:30,Spain,La Liga,Betis,Osasuna,H,Betis to win,result,1.57,0.654,0.631,0.637,2.3,0.027,High,High,watchlist,"qualified, but outside the top 10 of its market by ranking",,0.451,pending,,
2026-10-10,2026-10-10 18:42,2026-10-11,2026-10-11 18:15,Faroe Islands,Premier League,B68 Toftir,Vikingur,O05,Over 0.5 goals,goals,,0.942,,,,,High,N/A,rejected,odds N/A (not priced by Sportybet),,0.458,pending,,
2026-10-10,2026-10-10 18:42,2026-10-11,2026-10-11 18:15,Spain,Primera Division RFEF: Group 2,CE Europa,Algeciras,H,CE Europa to win,result,2.5,0.415,0.369,0.4,4.6,0.038,High,High,rejected,odds 2.50 above the 1.90 ceiling (band 1.15–1.90) | probability 42% below the 60% bar for result,,0.544,pending,,
2026-10-10,2026-10-10 18:42,2026-10-11,2026-10-11 18:30,Albania,Kategoria Superiore,Vllaznia,FC Dinamo City,H,Vllaznia to win,result,3.25,0.326,0.282,0.308,4.4,0.061,High,High,rejected,odds 3.25 above the 1.90 ceiling (band 1.15–1.90) | probability 33% below the 60% bar for result,,0.55,pending,,
2026-10-10,2026-10-10 18:42,2026-10-11,2026-10-11 18:30,Belarus,Premier League,Dnepr Mogilev,Dinamo Minsk,1X,Dnepr Mogilev or draw,dc,2.65,0.409,0.328,0.377,8.1,0.083,High,High,rejected,odds 2.65 above the 1.90 ceiling (band 1.15–1.90) | probability 41% below the 70% bar for dc,,0.727,pending,,
2026-10-10,2026-10-10 18:42,2026-10-11,2026-10-11 18:30,Bosnia and Herzegovina,Premier League,Celik Zenica,FK Sarajevo,HO05,Celik Zenica over 0.5 goals,team,1.52,0.746,0.607,0.658,13.9,0.134,High,High,rejected,"model 14 pp above the market — data fault, not edge",,0.774,pending,,
2026-10-10,2026-10-10 18:42,2026-10-11,2026-10-11 18:30,Italy,Serie D: Group B,Virtus Verona,Chievo Verona,U55,Under 5.5 goals,goals,,0.944,,,,,High,N/A,rejected,odds N/A (not priced by Sportybet),,0.441,pending,,
2026-10-10,2026-10-10 19:07,2026-10-11,2026-10-11 19:00,Egypt,Premier League,El Zamalek,Al Ahly,U35,Under 3.5 goals,goals,1.33,0.809,0.71,0.752,9.9,0.076,High,High,primary,,5,0.81,pending,,
2026-10-10,2026-10-10 19:07,2026-10-11,2026-10-11 18:45,Spain,Primera Division RFEF: Group 2,Rayo Majadahonda,Real Murcia,1X,Rayo Majadahonda or draw,dc,1.37,0.775,0.672,0.73,10.4,0.062,High,High,watchlist,"qualified, but outside the top 10 of its market by ranking",,0.749,pending,,
2026-10-10,2026-10-10 19:07,2026-10-11,2026-10-11 19:00,Portugal,Liga Portugal 2,Uniao de Leiria,Academica,AO05,Academica over 0.5 goals,team,1.44,0.726,0.648,0.694,7.8,0.045,High,High,watchlist,"qualified, but outside the top 10 of its market by ranking",,0.608,pending,,
2026-10-10,2026-10-10 19:07,2026-10-11,2026-10-11 19:00,Serbia,Super Liga,FK Zemun,Zeleznicar Pancevo,U35,Under 3.5 goals,goals,1.39,0.749,0.68,0.719,6.9,0.041,High,High,watchlist,"qualified, but outside the top 10 of its market by ranking",,0.535,pending,,
2026-10-10,2026-10-10 19:07,2026-10-11,2026-10-11 19:00,Bulgaria,Parva Liga,CSKA 1948 Sofia,PFC CSKA Sofia,U35,Under 3.5 goals,goals,1.33,0.758,0.706,0.752,5.2,0.008,High,High,watchlist,"qualified, but outside the top 10 of its market by ranking",,0.456,pending,,
2026-10-10,2026-10-10 19:07,2026-10-11,2026-10-11 19:00,Hungary,NB I,Gyori ETO,Puskas FC Academy,O05,Over 0.5 goals,goals,,0.941,,,,,High,N/A,rejected,odds N/A (not priced by Sportybet),,0.469,pending,,
2026-10-10,2026-10-10 19:07,2026-10-11,2026-10-11 19:00,Mexico,Primera Premier,Montaneses,Tapachula Soconusco FC,O05,Over 0.5 goals,goals,,0.948,,,,,High,N/A,rejected,odds N/A (not priced by Sportybet),,0.432,pending,,
2026-10-10,2026-10-10 19:07,2026-10-11,2026-10-11 19:00,Portugal,Primeira Liga,Benfica,Guimaraes,D,Draw,result,7.2,0.156,0.127,0.139,3.0,0.126,High,High,rejected,odds 7.20 above the 1.90 ceiling (band 1.15–1.90) | probability 16% below the 60% bar for result,,0.575,pending,,
2026-10-10,2026-10-10 19:07,2026-10-11,2026-10-11 19:00,Spain,Segunda Division RFEF: Group 4,CD Estepona,Atletico Central,U55,Under 5.5 goals,goals,,0.952,,,,,Medium,N/A,rejected,odds N/A (not priced by Sportybet),,0.416,pending,,
2026-10-10,2026-10-10 19:07,2026-10-11,2026-10-11 19:05,Kuwait,Premier League,Al-Salibikhaet,Al-Jahra,1X,Al-Salibikhaet or draw,dc,1.36,0.808,0.683,0.735,12.5,0.099,Low,Low,rejected,"failed the pipeline's data checks | model 12 pp above the market — data fault, not edge",,0.749,pending,,
